frame,player_id,landmark_index,x_norm,y_norm,visibility
1,1,0,0.34131481970605754,-1.3447803896418666,0.9996019005775452
1,1,1,0.3003570413413306,-1.4198696499771992,0.9994320273399352
1,1,2,0.2935307449472095,-1.4198696499771992,0.999412477016449
1,1,3,0.2867044485530883,-1.4198696499771992,0.9994862675666808
1,1,4,0.2935307449472095,-1.4198696499771992,0.9994702935218812
1,1,5,0.27987815215896716,-1.4198696499771992,0.9994115829467772
1,1,6,0.26622555937072484,-1.4198696499771992,0.9994508624076844
1,1,7,0.19796259542951336,-1.3857381680065934,0.9989174008369446
1,1,8,0.1638311134589076,-1.3857381680065934,0.9994255900382996
1,1,9,0.3140096341295729,-1.2628648329124128,0.9994019865989684
1,1,10,0.3003570413413306,-1.2628648329124128,0.9995416402816772
1,1,11,0.13652592788242301,-0.9898129771475668,0.9996306896209716
1,1,12,0.027305185576484602,-1.003465569935809,0.9996392130851746
1,1,13,0.10922074230593841,-0.5802351935002977,0.7352379560470581
1,1,14,-0.12969963148830185,-0.587061489894419,0.6400215029716492
1,1,15,0.43688296922375364,-0.3890988944649056,0.8264720439910889
1,1,16,0.26622555937072484,-0.2457466701883614,0.7066326141357422
1,1,17,0.5187985259532074,-0.3208359305236941,0.8114460110664368
1,1,18,0.3959251908590267,-0.13652592788242301,0.6919528841972351
1,1,19,0.5119722295590863,-0.3549674124942998,0.812612771987915
1,1,20,0.43688296922375364,-0.22526778100599795,0.6958345770835876
1,1,21,0.4914933403767228,-0.3890988944649056,0.7950109839439392
1,1,22,0.3959251908590267,-0.2593992629766037,0.6877761483192444
1,1,23,0.054610371152969205,0.0,0.9974614977836608
1,1,24,-0.054610371152969205,0.0,0.9961690306663512
1,1,25,0.2047888918236345,0.6894559358062362,0.8320776224136353
1,1,26,0.1501785206706653,0.7918503817180534,0.7299646735191345
1,1,27,0.26622555937072484,1.4471748355536838,0.8974835872650146
1,1,28,-0.12969963148830185,1.5837007634361069,0.8105803728103638
1,1,29,0.2457466701883614,1.5768744670419856,0.8613399267196655
1,1,30,-0.25257296658248257,1.7134003949244088,0.7894383072853088
1,1,31,0.5938877862885401,1.5427429850713799,0.904936134815216
1,1,32,0.13652592788242301,1.7202266913185298,0.8280004262924194
1,2,0,-0.020979345512001073,-1.2527666320023496,0.999218225479126
1,2,1,0.01498524679428648,-1.3187017178972102,0.9990976452827454
1,2,2,0.026973444229715662,-1.3187017178972102,0.9991253018379213
1,2,3,0.03896164166514485,-1.3246958166149247,0.9992712140083312
1,2,4,-0.020979345512001073,-1.3187017178972102,0.9986697435379028
1,2,5,-0.026973444229715662,-1.3187017178972102,0.9981924891471864
1,2,6,-0.03896164166514485,-1.3187017178972102,0.9979704022407532
1,2,7,0.056943937818288624,-1.2947253230263518,0.9987748265266418
1,2,8,-0.026973444229715662,-1.2887312243086373,0.9965498447418212
1,2,9,0.008991148076571889,-1.1928256448252037,0.9990456700325012
1,2,10,-0.03896164166514485,-1.1988197435429184,0.9981217980384828
1,2,11,0.1408613198662929,-1.03098497944691,0.999660849571228
1,2,12,-0.01498524679428648,-0.9650498935520493,0.998130738735199
1,2,13,0.24276099806744098,-0.5394688845943133,0.7614008188247681
1,2,14,0.01498524679428648,-0.515492489723455,0.5795379281044006
1,2,15,-0.1468554185840075,-0.41359281152230687,0.8432294130325317
1,2,16,0.0029970493588572958,-0.34166362690973173,0.6452863812446594
1,2,17,-0.27273149165601396,-0.36564002178059013,0.8288770318031311
1,2,18,0.12287902371314914,-0.293710837168015,0.6342134475708008
1,2,19,-0.2967078865268723,-0.4195869102400214,0.829915463924408
1,2,20,0.24875509678515556,-0.3596459230628755,0.6377864480018616
1,2,21,-0.26074329422058473,-0.4375692063931652,0.8134301900863647
1,2,22,0.13486722114857833,-0.36564002178059013,0.6313484311103821
1,2,23,0.11089082627771996,0.0,0.9972708821296692
1,2,24,-0.11089082627771996,0.0,0.9950003623962402
1,2,25,0.5664423288240289,0.6353744640777468,0.8467705249786377
1,2,26,0.05094983910057403,0.6893213525371781,0.7365584969520569
1,2,27,0.830182672403471,1.3007194217440665,0.9046308398246764
1,2,28,0.020979345512001073,1.2827371255909228,0.8143502473831177
1,2,29,0.9141000544514752,1.366654507638927,0.8660314083099365
1,2,30,-0.020979345512001073,1.4265954948160728,0.7955015897750854
1,2,31,0.6863243031783208,1.4026190999452146,0.908873438835144
1,2,32,-0.12287902371314914,1.438583692251502,0.8283865451812744
2,1,0,0.31588486303707364,-1.2759270938360228,0.9990032315254213
2,1,1,0.2725281171300243,-1.3440591231185288,0.9987462162971495
2,1,2,0.2663342962861601,-1.3502529439623931,0.998789370059967
2,1,3,0.2601404754422959,-1.3502529439623931,0.9988774061203004
2,1,4,0.2601404754422959,-1.3440591231185288,0.9984365701675416
2,1,5,0.24775283375456755,-1.3440591231185288,0.9980092644691468
2,1,6,0.22917137122297498,-1.3502529439623931,0.9978289008140564
2,1,7,0.1672331627843331,-1.3254776605869363,0.9980627298355104
2,1,8,0.13626405856501214,-1.3192838397430722,0.9966396689414978
2,1,9,0.29730340050548104,-1.213988885397381,0.9983842372894288
2,1,10,0.2787219379738885,-1.2201827062412451,0.9979873895645142
2,1,11,0.1672331627843331,-1.0095927975498626,0.9991723299026488
2,1,12,0.04955056675091351,-0.9786236933305418,0.9983009099960328
2,1,13,0.030969104219320944,-0.5388624134161845,0.6902309656143188
2,1,14,-0.1672331627843331,-0.5388624134161845,0.6198760271072388
2,1,15,0.04955056675091351,-0.2787219379738885,0.7632665038108826
2,1,16,0.13007023772114795,-0.2167837295352466,0.6696605086326599
2,1,17,0.09290731265796283,-0.1672331627843331,0.7515020966529846
2,1,18,0.2167837295352466,-0.1114887751895554,0.654722273349762
2,1,19,0.1114887751895554,-0.17342698362819728,0.7527039647102356
2,1,20,0.2787219379738885,-0.1672331627843331,0.6571358442306519
2,1,21,0.06813202928250607,-0.19820226700365404,0.738148033618927
2,1,22,0.24775283375456755,-0.20439608784751823,0.647394061088562
2,1,23,0.09290731265796283,0.0,0.9968597292900084
2,1,24,-0.09290731265796283,0.0,0.9952877759933472
2,1,25,0.3220786838809378,0.6193820843864188,0.8162295818328857
2,1,26,0.08051967097023445,0.7246770387321101,0.7595930695533752
2,1,27,0.3530477881002588,1.282120914679887,0.8869113922119141
2,1,28,-0.13626405856501214,1.3440591231185288,0.8284807801246643
2,1,29,0.3220786838809378,1.3936096898694423,0.8485432267189026
2,1,30,-0.2229775503791108,1.4803231816835412,0.800972044467926
2,1,31,0.5636376967916411,1.3812220481817141,0.899354100227356
2,1,32,0.06813202928250607,1.4989046442151337,0.8398805260658264
2,2,0,0.04775778971975047,-1.2566268420009343,0.9984346628189088
2,2,1,0.05969723714968809,-1.3103543554356536,0.998288094997406
2,2,2,0.0716366845796257,-1.3163240791506223,0.9983997941017152
2,2,3,0.08357613200956332,-1.3163240791506223,0.9986348748207092
2,2,4,0.0,-1.3103543554356536,0.99705970287323
2,2,5,-0.023878894859875235,-1.3103543554356536,0.9957712888717652
2,2,6,-0.04775778971975047,-1.3043846317206846,0.9951611161231996
2,2,7,0.04775778971975047,-1.2924451842907472,0.997871458530426
2,2,8,-0.09551557943950094,-1.2805057368608095,0.9909769296646118
2,2,9,0.0656669608646569,-1.196929604851246,0.9979816675186156
2,2,10,-0.011939447429937617,-1.196929604851246,0.9959737658500672
2,2,11,0.1373036454442826,-1.0596259594069637,0.9992507100105286
2,2,12,-0.11342475058440737,-0.9402314851075874,0.995981514453888
2,2,13,0.23878894859875235,-0.5641388910645524,0.720474898815155
2,2,14,-0.1970008825939707,-0.5044416539148644,0.5604714751243591
2,2,15,-0.16118254030415785,-0.3611682847556129,0.7860928773880005
2,2,16,-0.22087977745384593,-0.32534994246580007,0.6106300354003906
2,2,17,-0.25072839602868996,-0.30744077132089365,0.7743847370147705
2,2,18,-0.10745502686943856,-0.295501323890956,0.599795401096344
2,2,19,-0.2746072908885652,-0.3611682847556129,0.7754482626914978
2,2,20,-0.03581834228981285,-0.3372893898957377,0.6017197370529175
2,2,21,-0.24475867231372117,-0.37310773218555054,0.7614246010780334
2,2,22,0.03581834228981285,-0.3432591136107065,0.5933611989021301
2,2,23,0.11342475058440737,-0.014924309287422022,0.99703848361969
2,2,24,-0.11342475058440737,0.014924309287422022,0.995002031326294
2,2,25,0.5074265157723488,0.6477150230741158,0.8320146799087524
2,2,26,-0.03581834228981285,0.7074122602238039,0.7531298995018005
2,2,27,0.7999429778058204,1.2267782234260902,0.8932049870491028
2,2,28,0.04178806600478166,1.262596565715903,0.8220211863517761
2,2,29,0.8477007675255709,1.262596565715903,0.8544098138809204
2,2,30,0.09551557943950094,1.3640818688703729,0.8010287284851074
2,2,31,0.7700943592309764,1.4178093823050921,0.9014570713043212
2,2,32,-0.1432733691592514,1.4178093823050921,0.8330069780349731
3,1,0,0.3404754098788472,-1.318170852925445,0.998092532157898
3,1,1,0.29049736806176873,-1.3806434051967933,0.9977861046791076
3,1,2,0.2842501128346339,-1.3806434051967933,0.997933030128479
3,1,3,0.2717556023803643,-1.3806434051967933,0.997976005077362
3,1,4,0.2717556023803643,-1.3806434051967933,0.996806025505066
3,1,5,0.25926109192609464,-1.3743961499696584,0.9956575632095336
3,1,6,0.24051932624469022,-1.3743961499696584,0.9951083064079284
3,1,7,0.16555226351907248,-1.3369126186068496,0.9967927932739258
3,1,8,0.12806873215626363,-1.3244181081525799,0.991461455821991
3,1,9,0.3279808994245776,-1.2307092797455577,0.9966153502464294
3,1,10,0.3029918785160383,-1.2369565349726925,0.9956985712051392
3,1,11,0.16555226351907248,-0.9995608363415698,0.9981568455696106
3,1,12,0.0031236276135674056,-0.9933135811144349,0.99635112285614
3,1,13,0.02186539329497184,-0.5560057152149982,0.6554954051971436
3,1,14,-0.25926109192609464,-0.6122310122592115,0.6019780039787292
3,1,15,0.009370882840702217,-0.25613746431252726,0.7110975980758667
3,1,16,0.009370882840702217,-0.24364295385825763,0.6318167448043823
3,1,17,0.0593489246577807,-0.14993412545123547,0.7011352181434631
3,1,18,0.07809069033918514,-0.12494510454269622,0.6146690845489502
3,1,19,0.11557422170199401,-0.18741765681404432,0.7023463845252991
3,1,20,0.14056324261053324,-0.16242863590550508,0.6156548857688904
3,1,21,0.09683245602058957,-0.20615942249544877,0.6901929378509521
3,1,22,0.13431598738339842,-0.19366491204117914,0.6056103706359863
3,1,23,0.09058520079345476,-0.006247255227134811,0.9965617656707764
3,1,24,-0.09058520079345476,0.006247255227134811,0.9953796863555908
3,1,25,0.26550834715322946,0.6247255227134811,0.8119731545448303
3,1,26,-0.0031236276135674056,0.7309288615747729,0.7759754657745361
3,1,27,0.2217775605632858,1.2744400663355013,0.8865618705749512
3,1,28,-0.13431598738339842,1.418126936559602,0.8377710580825806
3,1,29,0.14056324261053324,1.3743961499696584,0.8493365049362183
3,1,30,-0.20928305010901616,1.5118357649666243,0.8129962086677551
3,1,31,0.6091073846456441,1.4493632126952762,0.8988885283470154
3,1,32,0.05310166943064589,1.5430720411022982,0.8464553952217102
3,2,0,0.25768690667986993,-1.2912354780371744,0.9974833130836488
3,2,1,0.27449257450681797,-1.336050592242369,0.997307538986206
3,2,2,0.2688906852311686,-1.3304487029667198,0.9974504709243774
3,2,3,0.2408812388529219,-1.3304487029667198,0.9976877570152284
3,2,4,0.21287179247467516,-1.336050592242369,0.9957579374313354
3,2,5,0.1568528997181817,-1.336050592242369,0.9941392540931702
3,2,6,0.10083400696168823,-1.3304487029667198,0.9935858249664308
3,2,7,0.0840283391347402,-1.2912354780371744,0.9965700507164
3,2,8,-0.044815114205194774,-1.2800316994858756,0.9886689186096193
3,2,9,0.22407557102597386,-1.2184109174537328,0.9961695671081544
3,2,10,0.1568528997181817,-1.2184109174537328,0.9939592480659484
3,2,11,0.11763967478863627,-0.9887334571521096,0.9983043670654296
3,2,12,-0.09523211768603888,-1.011141014254707,0.9954689741134644
3,2,13,0.291298242333766,-0.6190087649592527,0.6844767332077026
3,2,14,-0.1792604568207791,-0.5685917614784086,0.549964427947998
3,2,15,-0.033611335653896075,-0.3725256368306815,0.7311843037605286
3,2,16,-0.2296774603016232,-0.3501180797280842,0.5775547623634338
3,2,17,-0.06722267130779215,-0.2940991869715907,0.7157724499702454
3,2,18,-0.21287179247467516,-0.3053029655228894,0.5630452036857605
3,2,19,-0.09523211768603888,-0.36132185827938285,0.7167897820472717
3,2,20,-0.06722267130779215,-0.36132185827938285,0.5640049576759338
3,2,21,-0.06722267130779215,-0.3781275261063309,0.7029692530632019
3,2,22,-0.028009446378246733,-0.3725256368306815,0.555873453617096
3,2,23,0.11203778551298693,-0.0420141695673701,0.9967612624168396
3,2,24,-0.11203778551298693,0.0420141695673701,0.9954211115837096
3,2,25,0.40333602784675293,0.5349804258245126,0.8233599662780762
3,2,26,-0.005601889275649347,0.6134068756836034,0.7628699541091919
3,2,27,0.5713927061162334,0.9999372357034083,0.879170298576355
3,2,28,0.06162078203214281,0.9719277893251616,0.8144283294677734
3,2,29,0.5209757026353892,1.0503542391842524,0.8409814834594727
3,2,30,0.12884345333993497,0.9887334571521096,0.793755292892456
3,2,31,0.7226437165587657,1.173595803248538,0.8899340629577637
3,2,32,0.06162078203214281,1.1511882461459406,0.8259372711181641
4,1,0,0.3229314158209754,-1.2947437138990507,0.9953429102897644
4,1,1,0.28067870720888516,-1.3611408274323356,0.99337500333786
4,1,2,0.27464260597858653,-1.3611408274323356,0.99425607919693
4,1,3,0.2625704035179893,-1.3551047262020368,0.993613600730896
4,1,4,0.2625704035179893,-1.367176928662634,0.9925756454467772
4,1,5,0.2384259985967949,-1.3732130298929326,0.9916563630104064
4,1,6,0.21428159367560048,-1.367176928662634,0.9909153580665588
4,1,7,0.14788448014231584,-1.306815916359648,0.9913358092308044
4,1,8,0.10563177153022558,-1.3128520175899465,0.9866716265678406
4,1,9,0.30482311213007957,-1.2042021954445716,0.9913595914840698
4,1,10,0.28067870720888516,-1.2223104991354676,0.9917107224464417
4,1,11,0.1237400752211214,-0.938613741311433,0.996210515499115
4,1,12,-0.03319855676664233,-1.0593357659174052,0.9958502650260924
4,1,13,0.009054151845447908,-0.558339363802621,0.6278519630432129
4,1,14,-0.3410397195118712,-0.6911335908691902,0.5937078595161438
4,1,15,0.06941516414843396,-0.2203176949058991,0.6656226515769958
4,1,16,-0.06941516414843396,-0.29878701089978094,0.6124404072761536
4,1,17,0.1177039739908228,-0.09355956906962838,0.652924120426178
4,1,18,-0.015090253075746513,-0.17806498629380885,0.5938555598258972
4,1,19,0.1418483789120172,-0.09959567029992698,0.6541796326637268
4,1,20,0.05734296168783675,-0.19617328998470468,0.593953549861908
4,1,21,0.1177039739908228,-0.1177039739908228,0.6425026655197144
4,1,22,0.05130686045753814,-0.2323898973664963,0.5848349332809448
4,1,23,0.09355956906962838,-0.03319855676664233,0.9949847459793092
4,1,24,-0.09355956906962838,0.03319855676664233,0.9953781366348268
4,1,25,0.17806498629380885,0.5221227564208294,0.7776272296905518
4,1,26,-0.02716245553634372,0.6669891859479958,0.7821391224861145
4,1,27,0.04527075922723954,1.0955523732991967,0.8465315103530884
4,1,28,-0.1177039739908228,1.3249242200505438,0.8280172348022461
4,1,29,-0.03923465799694093,1.1740216892930786,0.8194627165794373
4,1,30,-0.20220939121500328,1.4396101434262174,0.8054531216621399
4,1,31,0.359148023202767,1.3188881188202453,0.8674597144126892
4,1,32,0.14788448014231584,1.4033935360444256,0.834607720375061
4,2,0,0.21968005124215753,-1.2692625182880213,0.9862282276153564
4,2,1,0.25222524401877344,-1.2746867170841238,0.9878236055374146
4,2,2,0.2739220392031841,-1.2746867170841238,0.9888368844985962
4,2,3,0.2956188343875947,-1.2746867170841238,0.9893943071365356
4,2,4,0.21425585244605486,-1.2855351146763292,0.9834877848625184
4,2,5,0.20340745485384956,-1.2855351146763292,0.9806292057037354
4,2,6,0.1979832560577469,-1.2963835122685345,0.9784921407699584
4,2,7,0.21425585244605486,-1.2367173255114052,0.9884664416313172
4,2,8,0.19255905726164424,-1.2529899218997131,0.9732922315597534
4,2,9,0.30104303318369735,-1.14450594597766,0.9856067299842834
4,2,10,0.2468010452226708,-1.1553543435698654,0.9794905781745912
4,2,11,0.2684978404070814,-0.9438105905218619,0.9960233569145204
4,2,12,-0.14374126809672036,-1.052294566443915,0.9933447241783142
4,2,13,0.38240601512523714,-0.6075102651634974,0.6463747024536133
4,2,14,-0.11119607532010442,-0.8624476085803221,0.5523017048835754
4,2,15,0.25222524401877344,-0.8895686025608354,0.6788079142570496
4,2,16,-0.024408894582461947,-1.0794155604244282,0.5731561183929443
4,2,17,0.21968005124215753,-0.9655073857062726,0.6623733043670654
4,2,18,0.0027120993980513275,-1.1878995363464815,0.5581892728805542
4,2,19,0.1979832560577469,-0.927537994133554,0.6628049612045288
4,2,20,-0.06237828615518053,-1.193323735142584,0.558447003364563
4,2,21,0.20340745485384956,-0.9166895965413486,0.6510008573532104
4,2,22,-0.024408894582461947,-1.1824753375503787,0.5514065027236938
4,2,23,0.1871348584655416,-0.027120993980513274,0.9952660202980042
4,2,24,-0.1871348584655416,0.027120993980513274,0.9954366087913512
4,2,25,0.5288593826200089,0.6888732471050372,0.793702244758606
4,2,26,-0.11119607532010442,0.770236229046577,0.7743198871612549
4,2,27,0.4854657922511876,0.9383863917257593,0.8147702813148499
4,2,28,0.17086226207723362,1.1065365544049415,0.7994858026504517
4,2,29,0.46919319586287966,0.9221137953374513,0.8028008341789246
4,2,30,0.17086226207723362,1.1119607532010443,0.7862901091575623
4,2,31,0.5125867862317008,1.1119607532010443,0.8330446481704712
4,2,32,0.2956188343875947,1.350625500229561,0.8046162724494934
5,1,0,0.29017394252424095,-1.2254667394104104,0.9871922731399536
5,1,1,0.269447232343938,-1.2824651924062433,0.9887235760688782
5,1,2,0.26426555479886227,-1.2824651924062433,0.9897090196609496
5,1,3,0.26426555479886227,-1.2824651924062433,0.9901795983314514
5,1,4,0.2539021997087108,-1.2876468699513193,0.9847837090492249
5,1,5,0.23835716707348364,-1.292828547496395,0.9822282195091248
5,1,6,0.22281213443825643,-1.2980102250414707,0.9802858233451844
5,1,7,0.18135871407765058,-1.2617384822259405,0.9893319010734558
5,1,8,0.1658136814424234,-1.2669201597710162,0.9756532907485962
5,1,9,0.2849922649791652,-1.1425598986891987,0.9862319231033324
5,1,10,0.26426555479886227,-1.1529232537793501,0.9808368682861328
5,1,11,0.13990529371704474,-0.9145660867058666,0.9962502717971802
5,1,12,0.062180130540908776,-1.0751980906032141,0.9939799308776855
5,1,13,-0.031090065270454388,-0.5881204013660954,0.5926554203033447
5,1,14,-0.19690374671287778,-0.9352927968861695,0.5854156613349915
5,1,15,0.10363355090151462,-0.34976323429261186,0.6181973814964294
5,1,16,0.04663509790568158,-0.40158000974336916,0.5799061059951782
5,1,17,0.10881522844659035,-0.2720380711164759,0.6052496433258057
5,1,18,0.0829068407212117,-0.2720380711164759,0.5588124394416809
5,1,19,0.14508697126212047,-0.32903652411230894,0.605923056602478
5,1,20,0.134723616171969,-0.2875831037517031,0.5587995648384094
5,1,21,0.12954193862689328,-0.32903652411230894,0.5955588221549988
5,1,22,0.12954193862689328,-0.3134914914770817,0.5511802434921265
5,1,23,0.07772516317613597,0.03368090404299225,0.9947676658630372
5,1,24,-0.07772516317613597,-0.03368090404299225,0.995454967021942
5,1,25,0.18135871407765058,0.29794645884185456,0.7540929317474365
5,1,26,-0.03627174281553012,0.01813587140776506,0.7920873761177063
5,1,27,0.04663509790568158,0.7280256950831402,0.7797783017158508
5,1,28,0.020726710180302924,0.8575676337100335,0.8038437366485596
5,1,29,-0.0673618080859845,0.7746607929888218,0.7797433137893677
5,1,30,-0.04663509790568158,0.8938393765255637,0.7917260527610779
5,1,31,0.11917858353674182,0.9508378295213966,0.8074754476547241
5,1,32,0.134723616171969,1.11665151096382,0.8088623285293579
5,2,0,0.04810249903837601,-1.2380064226192562,0.9829946756362916
5,2,1,0.08860986664964002,-1.2734503692791121,0.9819936156272888
5,2,2,0.10380012950386401,-1.2734503692791121,0.9844682216644288
5,2,3,0.11899039235808802,-1.2734503692791121,0.98423832654953
5,2,4,0.04303907808696801,-1.2835772111819281,0.976918876171112
5,2,5,0.027848815232744004,-1.2886406321333361,0.9758897423744202
5,2,6,0.017721973329928004,-1.2886406321333361,0.9726099371910096
5,2,7,0.12405381330949602,-1.2531966854734802,0.9828631281852722
5,2,8,0.022785394281336004,-1.2531966854734802,0.967095673084259
5,2,9,0.06835618284400802,-1.1569916873967283,0.9772699475288392
5,2,10,0.017721973329928004,-1.1671185292995443,0.9657259583473206
5,2,11,0.28608328375455205,-0.9747085331460401,0.9959107041358948
5,2,12,-0.0025317104757040004,-1.005089058854488,0.9929990172386168
5,2,13,0.25063933709469605,-0.7620448531869042,0.6099479794502258
5,2,14,-0.24051249519188003,-0.6202690665474802,0.541536271572113
5,2,15,0.08354644569823201,-0.7772351160411282,0.6345497965812683
5,2,16,-0.11392697140668002,-0.33671749326863204,0.5414434671401978
5,2,17,0.05316591998978401,-0.4987469637136881,0.6168560981750488
5,2,18,0.04303907808696801,-0.25570275804610404,0.5270373821258545
5,2,19,0.05316591998978401,-0.7164740646242321,0.6164430975914001
5,2,20,-0.12405381330949602,-0.27595644185173607,0.5270727872848511
5,2,21,0.06835618284400802,-0.6810301179643761,0.6057409048080444
5,2,22,0.05316591998978401,-0.29114670470596005,0.522144615650177
5,2,23,0.134180655212312,0.017721973329928004,0.9944917559623718
5,2,24,-0.134180655212312,-0.017721973329928004,0.9947498440742492
5,2,25,0.33165407231722405,0.3114003885115921,0.770760178565979
5,2,26,-0.41266880753975205,0.23544907424047204,0.7967953085899353
5,2,27,0.22025881138624803,0.7063472227214161,0.7648736238479614
5,2,28,-0.10380012950386401,0.8582498512636562,0.7888389229774475
5,2,29,0.20506854853202403,0.7266009065270481,0.7723967432975769
5,2,30,-0.05316591998978401,0.9088840607777362,0.7853304743766785
5,2,31,0.20506854853202403,0.8936937979235121,0.7808963060379028
5,2,32,-0.017721973329928004,1.2025624759594002,0.7826395034790039
6,1,0,0.2513294274431047,-1.1785642083011612,0.983081877231598
6,1,1,0.22204832910021874,-1.2322462219297854,0.9822863340377808
6,1,2,0.21228796298592342,-1.2322462219297854,0.9847177863121032
6,1,3,0.20252759687162808,-1.2322462219297854,0.9842812418937684
6,1,4,0.21716814604307108,-1.237126404986933,0.9774195551872252
6,1,5,0.20740777992877577,-1.2420065880440807,0.9765313863754272
6,1,6,0.19276723075733276,-1.2420065880440807,0.9733543992042542
6,1,7,0.1439654001858561,-1.2176056727583424,0.9828299880027772
6,1,8,0.13420503407156079,-1.2176056727583424,0.9679633378982544
6,1,9,0.23180869521451408,-1.1151218285582414,0.9749281406402588
6,1,10,0.22204832910021874,-1.120002011615389,0.9633343815803528
6,1,11,0.12932485101441313,-0.9589559707295161,0.9958947896957396
6,1,12,0.1049239357286748,-1.0272785335295835,0.9935011267662048
6,1,13,-0.0024400915285738324,-0.5831818753291459,0.5525904893875122
6,1,14,-0.18300686464303742,-0.5929422414434413,0.5510328412055969
6,1,15,0.09516356961437947,-0.34893308858605804,0.5764236450195312
6,1,16,0.09516356961437947,-0.3391727224717627,0.5326847434043884
6,1,17,0.1049239357286748,-0.3001312580145814,0.5628764033317566
6,1,18,0.1439654001858561,-0.2610897935574001,0.5180613398551941
6,1,19,0.15372576630015145,-0.3245321733003197,0.5628933310508728
6,1,20,0.1732464985287421,-0.2854907088431384,0.5178714990615845
6,1,21,0.12932485101441313,-0.3440529055289104,0.5534429550170898
6,1,22,0.1586059493572991,-0.31965199024317204,0.51131671667099
6,1,23,0.03172118987145982,0.012200457642869162,0.9942100644111632
6,1,24,-0.03172118987145982,-0.012200457642869162,0.99458247423172
6,1,25,-0.04636173904290281,-0.13420503407156079,0.711674153804779
6,1,26,0.04636173904290281,-0.1049239357286748,0.8012574315071106
6,1,27,-0.0902833865572318,0.5002187633576356,0.7186264395713806
6,1,28,-0.012200457642869162,0.6368638889577702,0.7891347408294678
6,1,29,-0.1439654001858561,0.5783016922719982,0.7377269268035889
6,1,30,-0.05124192210005048,0.6905459025863946,0.7869091629981995
6,1,31,0.07076265432864114,0.7491080992721666,0.7414749264717102
6,1,32,0.017080640700016827,0.9735965199009591,0.7812487483024597
6,2,0,0.05429273310968057,-1.1382083691208036,0.982783317565918
6,2,1,0.09307325675945241,-1.1769888927705754,0.9819338321685792
6,2,2,0.10470741385438397,-1.1769888927705754,0.9844650626182556
6,2,3,0.11634157094931552,-1.1769888927705754,0.9839096069335938
6,2,4,0.05429273310968057,-1.1847449975005298,0.9760931134223938
6,2,5,0.046536628379726205,-1.1847449975005298,0.975352108478546
6,2,6,0.042658576014749025,-1.1886230498655068,0.971541941165924
6,2,7,0.10082936148940679,-1.1886230498655068,0.9825615286827089
6,2,8,0.042658576014749025,-1.1537205785807123,0.9671763777732848
6,2,9,0.06980494256958931,-1.0800375836461458,0.975247323513031
6,2,10,0.027146366554840286,-1.0722814789161914,0.9632962942123412
6,2,11,0.294731979738266,-0.9830862745217162,0.9961329102516174
6,2,12,0.027146366554840286,-0.9908423792516705,0.9932595491409302
6,2,13,0.22880508953365386,-0.7542811849880623,0.5833585858345032
6,2,14,-0.15512209459908735,-0.5875249332940434,0.5277172923088074
6,2,15,0.0969513091244296,-0.6107932474839065,0.6096614003181458
6,2,16,0.03878052364977184,-0.2889149011908002,0.522586464881897
6,2,17,0.06980494256958931,-0.6534518234986555,0.5943496823310852
6,2,18,0.10858546621936115,-0.20747580152627934,0.5131192207336426
6,2,19,0.08143909966452087,-0.5409883049143172,0.5941944122314453
6,2,20,-0.11246351858433834,-0.20359774916130216,0.5140684247016907
6,2,21,0.0969513091244296,-0.6340615616737696,0.5841221809387207
6,2,22,-0.0736829949345665,-0.2229880109861881,0.5118963122367859
6,2,23,0.07756104729954368,-0.00969513091244296,0.9943761229515076
6,2,24,-0.07756104729954368,0.00969513091244296,0.9943790435791016
6,2,25,0.23656119426360822,0.09501228294194101,0.7280286550521851
6,2,26,-0.1434879375041558,0.06010981165714635,0.788518488407135
6,2,27,0.19002456588388203,0.2889149011908002,0.7024840116500854
6,2,28,-0.03878052364977184,0.494451676534591,0.7648178935050964
6,2,29,0.15124404223411017,0.5060858336295225,0.7260156273841858
6,2,30,-0.011634157094931551,0.5177199907244541,0.7734270095825195
6,2,31,0.13960988513917863,0.5215980430894313,0.7206127047538757
6,2,32,0.007756104729954368,0.5720127238341346,0.757961094379425
7,1,0,0.23548695453391558,-1.1596621723273957,0.9831364750862122
7,1,1,0.2132712041061877,-1.2040936731828513,0.9825109839439392
7,1,2,0.2132712041061877,-1.1996505230973058,0.9849398136138916
7,1,3,0.2088280540206421,-1.1996505230973058,0.9844282865524292
7,1,4,0.19994175384955096,-1.2129799733539426,0.9771267771720886
7,1,5,0.1910554536784598,-1.2129799733539426,0.97652930021286
7,1,6,0.17772600342182307,-1.2129799733539426,0.9730345010757446
7,1,7,0.1555102529940952,-1.2129799733539426,0.9831802248954772
7,1,8,0.11996505230973058,-1.177434772669578,0.9687653183937072
7,1,9,0.2132712041061877,-1.0974580711297575,0.9742391705513
7,1,10,0.19549860376400538,-1.0885717709586664,0.96306973695755
7,1,11,0.13329450256636732,-0.9774930188200269,0.9962109327316284
7,1,12,0.10219245196754827,-1.008595069418846,0.9938527345657348
7,1,13,0.0577609511120925,-0.6175978618908352,0.530070424079895
7,1,14,-0.048874650941001345,-0.5242917100943781,0.5553162097930908
7,1,15,0.1377376526519129,-0.4576444588111944,0.5533056259155273
7,1,16,0.26658900513273465,-0.346565706672555,0.5325818657875061
7,1,17,0.1732828533362775,-0.43098555829792096,0.5414064526557922
7,1,18,0.3110205059881904,-0.2932479056460081,0.519465982913971
7,1,19,0.18661230359291422,-0.4265424082123754,0.5416267514228821
7,1,20,0.32434995624482715,-0.3199068061592816,0.5194610357284546
7,1,21,0.17772600342182307,-0.44875815864010327,0.532796323299408
7,1,22,0.2932479056460081,-0.33323625641591825,0.515219509601593
7,1,23,0.01332945025663673,0.03554520068436462,0.9938538074493408
7,1,24,-0.01332945025663673,-0.03554520068436462,0.9940054416656494
7,1,25,0.2488164047905523,-0.18661230359291422,0.6711912751197815
7,1,26,0.32434995624482715,-0.04443150085545577,0.793727695941925
7,1,27,0.0044431500855455774,0.4265424082123754,0.6507245898246765
7,1,28,-0.022215750427727884,0.5287348601799237,0.7576367259025574
7,1,29,-0.09330615179645711,0.5420643104365604,0.6842709183692932
7,1,30,-0.05331780102654692,0.6575862126607455,0.7683062553405762
7,1,31,0.10219245196754827,0.6220410119763808,0.6735047698020935
7,1,32,0.07109040136872924,0.7597786646282937,0.7468408942222595
7,2,0,0.0619583920398908,-1.1772094487579252,0.9836753010749816
7,2,1,0.09867447621167794,-1.2276940644941325,0.9828120470046996
7,2,2,0.11703251829757151,-1.2276940644941325,0.9852752685546876
7,2,3,0.1353905603834651,-1.2276940644941325,0.984569013118744
7,2,4,0.04818986047547062,-1.2368730855370793,0.9770877361297609
7,2,5,0.034421328911050444,-1.2368730855370793,0.976682186126709
7,2,6,0.025242307868103657,-1.2368730855370793,0.9727515578269958
7,2,7,0.08031643412578436,-1.2322835750156058,0.9832543134689332
7,2,8,0.006884265782210089,-1.209336022408239,0.9688437581062316
7,2,9,0.0619583920398908,-1.1175458119787711,0.9747726917266846
7,2,10,0.016063286825156873,-1.1129563014572976,0.9633185863494872
7,2,11,0.15374860246935865,-0.9706814752916225,0.9964736700057985
7,2,12,-0.034421328911050444,-1.0257556015493032,0.9940693974494934
7,2,13,0.16751713403377883,-0.8513542017333143,0.5683158040046692
7,2,14,-0.09867447621167794,-0.6126996546166978,0.5259879231452942
7,2,15,0.043600349953997225,-0.8100486070400538,0.5920786261558533
7,2,16,-0.1262115393405183,-0.4245297232362888,0.5107031464576721
7,2,17,0.04818986047547062,-0.9110178385124684,0.5790241360664368
7,2,18,-0.1262115393405183,-0.39240314958597505,0.5008668899536133
7,2,19,0.09408496569020454,-0.846764691211841,0.5788092613220215
7,2,20,-0.17669615507672562,-0.4015821706289218,0.5004322528839111
7,2,21,0.09408496569020454,-0.5163199336657567,0.569612443447113
7,2,22,-0.15833811299083203,-0.41076119167186864,0.4980361759662628
7,2,23,0.0573688815184174,0.02983181838957705,0.9941466450691224
7,2,24,-0.0573688815184174,-0.02983181838957705,0.994063675403595
7,2,25,0.25930734446324666,0.13998007090493847,0.6991989612579346
7,2,26,0.039010839432523835,0.23177028133440633,0.7991020679473877
7,2,27,0.15374860246935865,0.5392674862731236,0.6745153069496155
7,2,28,0.020652797346630267,0.5851625914878575,0.7584758996963501
7,2,29,0.15374860246935865,0.6218786756596447,0.7063645124435425
7,2,30,0.016063286825156873,0.672363291395852,0.7728872299194336
7,2,31,0.05277937099694401,0.8972493069480483,0.696216881275177
7,2,32,-0.002294755260736696,0.8192276280830005,0.7528097033500671
8,1,0,0.2678289645904309,-1.1935290752136678,0.976516842842102
8,1,1,0.23142502765580922,-1.2559358242444478,0.9747286438941956
8,1,2,0.22102390281734588,-1.2559358242444478,0.9792485237121582
8,1,3,0.2158233403981142,-1.2559358242444478,0.9772211909294128
8,1,4,0.22622446523657755,-1.266336949082911,0.9686845541000366
8,1,5,0.2158233403981142,-1.2715375115021428,0.969877064228058
8,1,6,0.2002216531404192,-1.2715375115021428,0.9646157026290894
8,1,7,0.12741377927117586,-1.2559358242444478,0.9739161729812622
8,1,8,0.12741377927117586,-1.2351335745675212,0.9571430683135986
8,1,9,0.23142502765580922,-1.1363228886021195,0.9569225907325744
8,1,10,0.22102390281734588,-1.1519245758598144,0.9435487985610962
8,1,11,0.028603093305774173,-0.9647043287674744,0.9952909350395204
8,1,12,0.08060871749809086,-1.0323116402174861,0.9943638443946838
8,1,13,-0.028603093305774173,-0.611066084259721,0.5167819261550903
8,1,14,0.07540815507885919,-0.5538598976481727,0.5671687126159668
8,1,15,0.11701265443271253,-0.39264246265199093,0.5363299250602722
8,1,16,0.42384583716738095,-0.3666396505558326,0.5389934778213501
8,1,17,0.09100984233655418,-0.3666396505558326,0.5261802077293396
8,1,18,0.4706508989404659,-0.33543627604044257,0.5264480113983154
8,1,19,0.11181209201348086,-0.37184021297506425,0.5262585878372192
8,1,20,0.4758514613596976,-0.3510379632981376,0.5256928205490112
8,1,21,0.11181209201348086,-0.3510379632981376,0.5183507204055786
8,1,22,0.4342469620058443,-0.35623852571736925,0.5195497274398804
8,1,23,-0.04420478056346917,-0.007800843628847502,0.9905192852020264
8,1,24,0.04420478056346917,0.007800843628847502,0.990967333316803
8,1,25,0.002600281209615834,0.07540815507885919,0.6481950879096985
8,1,26,0.12741377927117586,0.2678289645904309,0.8047022223472595
8,1,27,-0.14821602894810254,0.720277895063586,0.638883650302887
8,1,28,-0.002600281209615834,0.7878852065135977,0.7618270516395569
8,1,29,-0.11181209201348086,0.6994756453866593,0.6837330460548401
8,1,30,-0.08580927991732253,0.8814953300597677,0.7781547904014587
8,1,31,0.002600281209615834,0.8970970173174627,0.6692414283752441
8,1,32,0.04420478056346917,1.0271110777982544,0.7521529197692871
8,2,0,0.15170327954051574,-1.1464788830848813,0.9787232279777528
8,2,1,0.08704286531013199,-1.2061654192975433,0.9771010279655457
8,2,2,0.07709510927468834,-1.2061654192975433,0.98118394613266
8,2,3,0.07212123125696651,-1.211139297315265,0.9793704748153688
8,2,4,0.13678164548735028,-1.211139297315265,0.9715593457221984
8,2,5,0.10196449936329748,-1.211139297315265,0.9725876450538636
8,2,6,0.07212123125696651,-1.211139297315265,0.9677928686141968
8,2,7,0.05719959720380102,-1.1713482731734906,0.9763356447219848
8,2,8,0.01243469504430457,-1.1713482731734906,0.9607123732566832
8,2,9,0.13678164548735028,-1.1066878589431066,0.9608981609344482
8,2,10,0.07709510927468834,-1.1066878589431066,0.948392689228058
8,2,11,0.05222571918607919,-1.017158054624114,0.9957541823387146
8,2,12,-0.007460817026582742,-0.9823409085000611,0.9943455457687378
8,2,13,0.027356329097470055,-0.519770252851931,0.5638256669044495
8,2,14,0.08704286531013199,-0.48992698474560004,0.5135177969932556
8,2,15,-0.03730408513291371,-0.3058934980898924,0.5803717970848083
8,2,16,-0.01243469504430457,-0.231285327824065,0.491322785615921
8,2,17,-0.1069383773810193,-0.2113898157531777,0.5693442821502686
8,2,18,-0.017408573062026398,-0.15170327954051574,0.4831225872039795
8,2,19,-0.15170327954051574,-0.26112859593039595,0.5690881013870239
8,2,20,-0.05719959720380102,-0.18652042566456856,0.4822072088718414
8,2,21,-0.13678164548735028,-0.2859979860190051,0.5604788064956665
8,2,22,-0.03730408513291371,-0.1964681817000122,0.4771568775177002
8,2,23,-0.017408573062026398,0.002486939008860914,0.9914032816886902
8,2,24,0.017408573062026398,-0.002486939008860914,0.9915982484817504
8,2,25,0.017408573062026398,0.40537105844432897,0.6784794926643372
8,2,26,0.03730408513291371,0.4949008627633219,0.7652164101600647
8,2,27,0.022382451079748227,0.8231768119329625,0.6658164858818054
8,2,28,0.032330207115191884,0.9077327382342336,0.7309385538101196
8,2,29,-0.01243469504430457,0.8182029339152407,0.7113538980484009
8,2,30,0.13678164548735028,0.9475237623760082,0.7688349485397339
8,2,31,0.017408573062026398,1.0470013227304449,0.6937696933746338
8,2,32,-0.032330207115191884,1.0668968348013321,0.7306784391403198
9,1,0,0.24206231523356422,-1.1922856590759598,0.9797181487083436
9,1,1,0.20601048104984188,-1.2798401135221427,0.9780870676040648
9,1,2,0.20086021902359583,-1.2798401135221427,0.9819141030311584
9,1,3,0.19055969497110375,-1.2746898514958966,0.98024719953537
9,1,4,0.21631100510233398,-1.2643893274434046,0.9729661345481871
9,1,5,0.20601048104984188,-1.2643893274434046,0.9740199446678162
9,1,6,0.1957099569973498,-1.2643893274434046,0.9695324301719666
9,1,7,0.1442073367348893,-1.2489385413646665,0.9774250984191896
9,1,8,0.1442073367348893,-1.2283374932596822,0.962452232837677
9,1,9,0.22661152915482607,-1.1768348729972218,0.9626827836036682
9,1,10,0.21116074307608793,-1.1665343489447297,0.9509952664375304
9,1,11,-0.05150262026246047,-1.0326275362623325,0.9958412051200868
9,1,12,0.13390681268239724,-0.9656741299211339,0.994749128818512
9,1,13,0.030901572157476284,-0.5845547399789264,0.5285292267799377
9,1,14,0.21631100510233398,-0.4815494994540054,0.5485513806343079
9,1,15,0.19055969497110375,-0.5279018576902198,0.5340225100517273
9,1,16,0.46867384438839027,-0.43004687919154494,0.4976307153701782
9,1,17,0.24206231523356422,-0.5176013336377278,0.5271756052970886
9,1,18,0.5253267266770968,-0.4145960931128068,0.487856775522232
9,1,19,0.26781362536479447,-0.5588034298476962,0.5270518660545349
9,1,20,0.46867384438839027,-0.45579818932277516,0.4863456487655639
9,1,21,0.2575131013123024,-0.548502905795204,0.5187801718711853
9,1,22,0.45322305830965215,-0.46609871337526726,0.4791702330112457
9,1,23,-0.08240419241993675,-0.018025917091861163,0.9914034605026244
9,1,24,0.08240419241993675,0.018025917091861163,0.991457223892212
9,1,25,-0.0772539303936907,0.3424924247453621,0.6461772322654724
9,1,26,0.1442073367348893,0.44549766527028306,0.7797734141349792
9,1,27,-0.13905707470864329,0.8163165311599985,0.6683434844017029
9,1,28,0.025751310131230234,0.8729694134487049,0.7477284669876099
9,1,29,-0.19055969497110375,0.8678191514224589,0.7206541299819946
9,1,30,-0.05150262026246047,0.9399228197899036,0.7837885618209839
9,1,31,-0.025751310131230234,1.0120264881573482,0.702826201915741
9,1,32,0.06180314431495257,1.0686793704460549,0.7437795400619507
9,2,0,-0.012660662434836455,-1.2103593287703651,0.9816676378250122
9,2,1,-0.017724927408771036,-1.2660662434836454,0.980191707611084
9,2,2,-0.017724927408771036,-1.2610019785097109,0.983637273311615
9,2,3,-0.012660662434836455,-1.2610019785097109,0.9821511507034302
9,2,4,-0.027853457356640198,-1.2610019785097109,0.9755342602729796
9,2,5,-0.037981987304509364,-1.2660662434836454,0.9764389395713806
9,2,6,-0.048110517252378526,-1.2660662434836454,0.9723963737487792
9,2,7,-0.012660662434836455,-1.2255521236921687,0.9795604348182678
9,2,8,-0.06836757714811685,-1.2204878587182342,0.9659115076065063
9,2,9,-0.017724927408771036,-1.174909473952823,0.9662855863571168
9,2,10,-0.04304625227844394,-1.174909473952823,0.95565003156662
9,2,11,-0.06836757714811685,-1.0381743196565891,0.9962474703788756
9,2,12,-0.06836757714811685,-0.9571460800736359,0.9949951171875
9,2,13,-0.007596397460901873,-0.5823904720024768,0.573496401309967
9,2,14,-0.027853457356640198,-0.5064264973934581,0.5064902305603027
9,2,15,-0.22535979134008888,-0.49123370247165443,0.5770002007484436
9,2,16,0.22535979134008888,-0.36462707812328987,0.4649239778518677
9,2,17,-0.28613097102730384,-0.4608481126280469,0.5685182213783264
9,2,18,-0.08862463704385518,-0.21269912890525242,0.4574618935585022
9,2,19,-0.2911952360012384,-0.5064264973934581,0.5682171583175659
9,2,20,-0.09368890201778976,-0.22789192382705617,0.4559300541877746
9,2,21,-0.2506811162097618,-0.5064264973934581,0.5589755773544312
9,2,22,-0.08356037206992059,-0.25321324869672907,0.4498690664768219
9,2,23,0.007596397460901873,0.0,0.9921725392341614
9,2,24,-0.007596397460901873,0.0,0.9920007586479188
9,2,25,-0.24561685123582722,0.4203339928365703,0.6771526336669922
9,2,26,0.04304625227844394,0.4760409075498507,0.7605085968971252
9,2,27,0.05823904720024769,0.9368890201778977,0.6881810426712036
9,2,28,0.1088816969395935,0.7950896009077293,0.721660852432251
9,2,29,0.12407449186139725,1.0128529947869163,0.7371952533721924
9,2,30,0.12913875683533182,0.871053575516748,0.7704423069953918
9,2,31,-0.1899099365225468,1.0229815247347855,0.7165783047676086
9,2,32,-0.03291772233057478,0.9622103450475705,0.725204586982727
10,1,0,0.2074468085106383,-1.2393617021276595,0.982845425605774
10,1,1,0.17553191489361702,-1.303191489361702,0.9813829064369202
10,1,2,0.16489361702127658,-1.297872340425532,0.9845506548881532
10,1,3,0.15425531914893617,-1.2925531914893618,0.9832409024238586
10,1,4,0.17553191489361702,-1.2925531914893618,0.9771077632904052
10,1,5,0.1702127659574468,-1.2925531914893618,0.9779260158538818
10,1,6,0.1595744680851064,-1.2925531914893618,0.9742166996002196
10,1,7,0.12234042553191489,-1.2659574468085106,0.9806793928146362
10,1,8,0.10638297872340426,-1.2553191489361701,0.967915654182434
10,1,9,0.18085106382978725,-1.2074468085106382,0.9675870537757874
10,1,10,0.17553191489361702,-1.2127659574468086,0.9580001831054688
10,1,11,-0.06914893617021277,-1.0212765957446808,0.9961411356925964
10,1,12,0.06914893617021277,-0.9787234042553191,0.995381772518158
10,1,13,-0.026595744680851064,-0.574468085106383,0.526310384273529
10,1,14,0.12234042553191489,-0.5053191489361702,0.5502510070800781
10,1,15,0.10106382978723404,-0.5,0.5242415070533752
10,1,16,0.44148936170212766,-0.4787234042553192,0.4931599795818329
10,1,17,0.16489361702127658,-0.4946808510638298,0.5183230638504028
10,1,18,0.4787234042553192,-0.43617021276595747,0.481953889131546
10,1,19,0.19680851063829788,-0.526595744680851,0.5182240009307861
10,1,20,0.4734042553191489,-0.48404255319148937,0.4798082113265991
10,1,21,0.18617021276595744,-0.5159574468085106,0.5100327730178833
10,1,22,0.4521276595744681,-0.4946808510638298,0.47145476937294
10,1,23,-0.09574468085106383,-0.031914893617021274,0.991985559463501
10,1,24,0.09574468085106383,0.031914893617021274,0.992070734500885
10,1,25,-0.05851063829787234,0.40425531914893614,0.6350095868110657
10,1,26,0.18085106382978725,0.4627659574468085,0.7762567400932312
10,1,27,-0.13297872340425532,0.8563829787234043,0.6697489619255066
10,1,28,-0.03723404255319149,0.8776595744680851,0.7396277785301208
10,1,29,-0.20212765957446807,0.9308510638297872,0.7287834882736206
10,1,30,-0.15425531914893617,1.0106382978723405,0.784184455871582
10,1,31,-0.05319148936170213,1.0106382978723405,0.7032045125961304
10,1,32,0.09574468085106383,1.074468085106383,0.7351428270339966
10,2,0,-0.03332510592772033,-1.238583103646939,0.9840742349624634
10,2,1,-0.005554184321286721,-1.3052333155023796,0.9827868938446044
10,2,2,0.0,-1.299679131181093,0.9856772422790528
10,2,3,0.011108368642573443,-1.299679131181093,0.9845852851867676
10,2,4,-0.005554184321286721,-1.299679131181093,0.9784403443336488
10,2,5,-0.005554184321286721,-1.299679131181093,0.9788161516189576
10,2,6,0.0,-1.299679131181093,0.975308120250702
10,2,7,-0.011108368642573443,-1.2607998409320857,0.9821900129318236
10,2,8,-0.05554184321286722,-1.255245656610799,0.9684295058250428
10,2,9,-0.016662552963860166,-1.1941496290766451,0.9702598452568054
10,2,10,-0.03332510592772033,-1.1997038133979319,0.960740864276886
10,2,11,0.02777092160643361,-1.0275240994380435,0.9965201020240784
10,2,12,-0.07220439617672739,-0.9719822562251763,0.994770348072052
10,2,13,0.09997531778316099,-0.5276475105222386,0.5730342268943787
10,2,14,-0.038879290249007055,-0.4887682202732315,0.5027987957000732
10,2,15,-0.24438411013661576,-0.43322637706036426,0.5706434845924377
10,2,16,-0.16662552963860164,-0.4054554554539307,0.4558864831924438
10,2,17,-0.32214269063462986,-0.4165638240965041,0.564109742641449
10,2,18,-0.19995063556632198,-0.3610219808836369,0.447800874710083
10,2,19,-0.33880524359849,-0.47210566730937137,0.5638664364814758
10,2,20,-0.17773389828117508,-0.39990127113264395,0.4455865323543548
10,2,21,-0.3054801376707697,-0.47210566730937137,0.5554146766662598
10,2,22,-0.16107134531731493,-0.41100963977521743,0.4389143288135528
10,2,23,0.04443347457029377,0.005554184321286721,0.9926072359085084
10,2,24,-0.04443347457029377,-0.005554184321286721,0.9920860528945924
10,2,25,0.04443347457029377,0.6276228283053995,0.6677054762840271
10,2,26,0.005554184321286721,0.5942977223776792,0.7520756721496582
10,2,27,0.20550481988760871,1.2330289193256523,0.6935502290725708
10,2,28,0.09997531778316099,0.9941989935103231,0.7184257507324219
10,2,29,0.29437176902819623,1.3607751587152468,0.7452736496925354
10,2,30,0.17217971395988838,1.1663787074702114,0.7717917561531067
10,2,31,-0.14996297667474148,1.3163416841449531,0.7214224934577942
10,2,32,-0.06109602753415394,1.2052579977192186,0.7224717736244202
11,1,0,0.24743905019440432,-1.3167292313916517,0.9852409362792968
11,1,1,0.2238734263663658,-1.387426102875767,0.984028160572052
11,1,2,0.2179820204093562,-1.387426102875767,0.9866207838058472
11,1,3,0.21209061445234656,-1.387426102875767,0.9856573343276978
11,1,4,0.2179820204093562,-1.3815346969187574,0.9800966382026672
11,1,5,0.21209061445234656,-1.3815346969187574,0.980396807193756
11,1,6,0.20619920849533693,-1.3815346969187574,0.9772202968597412
11,1,7,0.16495936679626955,-1.3344034492626804,0.9833862781524658
11,1,8,0.1296109310542118,-1.3285120433056707,0.97091805934906
11,1,9,0.22976483232337544,-1.2519237658645457,0.972169041633606
11,1,10,0.2238734263663658,-1.2519237658645457,0.9638561606407166
11,1,11,0.011782811914019253,-1.0221589335411703,0.9965287446975708
11,1,12,0.09426249531215403,-0.9750276858850933,0.9952146410942078
11,1,13,0.07069687148411552,-0.521389427195352,0.5230733752250671
11,1,14,0.16495936679626955,-0.47425817953927496,0.5436927676200867
11,1,15,0.18263358466729843,-0.3564300603990824,0.5186643600463867
11,1,16,0.506660912302828,-0.6686745761205927,0.4885207414627075
11,1,17,0.23565623828038507,-0.3387558425280535,0.514788806438446
11,1,18,0.5950320016579723,-0.70991441781966,0.4795935153961181
11,1,19,0.22976483232337544,-0.5154980212383423,0.5146658420562744
11,1,20,0.5655749718729242,-0.7511542595187274,0.4772643446922302
11,1,21,0.1767421787102888,-0.5154980212383423,0.5074413418769836
11,1,22,0.5302265361308665,-0.7393714476047082,0.4678608179092407
11,1,23,-0.0883710893551444,-0.02651132680654332,0.9926989078521729
11,1,24,0.0883710893551444,0.02651132680654332,0.992644190788269
11,1,25,0.023565623828038507,0.362321466356092,0.6185328364372253
11,1,26,0.20619920849533693,0.5920862986794675,0.7696120738983154
11,1,27,-0.2592218621084236,0.6922401999486312,0.664261519908905
11,1,28,-0.0648054655271059,1.1164214288533243,0.7404313683509827
11,1,29,-0.3534843574205776,0.7393714476047082,0.7246609926223755
11,1,30,-0.1531765548822503,1.2342495479935167,0.7882513999938965
11,1,31,-0.10604530722617328,0.6568917642065734,0.6997976303100586
11,1,32,0.11782811914019253,1.2813807956495937,0.7405975461006165
11,2,0,-0.12038966984776112,-1.3453545605487305,0.9866301417350768
11,2,1,-0.09631173587820889,-1.4115688789649992,0.9855162501335144
11,2,2,-0.08427276889343278,-1.405549395472611,0.9878592491149902
11,2,3,-0.06621431841626861,-1.405549395472611,0.9870054125785828
11,2,4,-0.12640915334014918,-1.4115688789649992,0.9819256663322448
11,2,5,-0.1384481203249253,-1.405549395472611,0.9821533560752868
11,2,6,-0.1504870873097014,-1.405549395472611,0.9792675971984864
11,2,7,-0.03009741746194028,-1.3393350770563424,0.984925091266632
11,2,8,-0.1504870873097014,-1.3453545605487305,0.9734565019607544
11,2,9,-0.11437018635537306,-1.2671012751476858,0.9748368263244628
11,2,10,-0.1504870873097014,-1.2731207586400737,0.9672424793243408
11,2,11,0.06621431841626861,-1.0323414189445514,0.9968512654304504
11,2,12,-0.14446760381731333,-0.966127100528283,0.9953489899635316
11,2,13,-0.006019483492388056,-0.532724289076343,0.5700387358665466
11,2,14,-0.1384481203249253,-0.48456842113723847,0.496073842048645
11,2,15,-0.3671884930356714,-0.5989386074926115,0.5651320815086365
11,2,16,-0.07825328540104473,-0.38223720176664155,0.4498302042484283
11,2,17,-0.45748074542149225,-0.6410749919393279,0.5601829886436462
11,2,18,-0.11437018635537306,-0.25582804842649237,0.4429117143154144
11,2,19,-0.4514612619291042,-0.7012698268632085,0.5600230097770691
11,2,20,-0.06621431841626861,-0.2377695979493282,0.4406917691230774
11,2,21,-0.4213638444671639,-0.6892308598784324,0.552701473236084
11,2,22,-0.07223380190865666,-0.2678670154112685,0.4331233501434326
11,2,23,0.08427276889343278,-0.009029225238582083,0.9931919574737548
11,2,24,-0.08427276889343278,0.009029225238582083,0.9929262399673462
11,2,25,0.06621431841626861,0.6531139589241041,0.6542052030563354
11,2,26,0.04213638444671639,0.6711724094012682,0.7610159516334534
11,2,27,0.16854553778686557,1.297198692609626,0.6909207105636597
11,2,28,0.09029225238582084,1.188847989746641,0.7449996471405029
11,2,29,0.25281830668029837,1.4356468129345512,0.7430492639541626
11,2,30,0.15650657080208946,1.3393350770563424,0.7903735637664795
11,2,31,-0.09631173587820889,1.3814714615030588,0.7201462388038635
11,2,32,-0.1504870873097014,1.3333155935639542,0.7455375790596008
12,1,0,0.27589589961067884,-1.3001990671307853,0.9877448678016664
12,1,1,0.250526161715444,-1.3889931497641073,0.9867913722991944
12,1,2,0.250526161715444,-1.3889931497641073,0.9888851046562196
12,1,3,0.25686859618925273,-1.395335584237916,0.9881329536437988
12,1,4,0.2378412927678266,-1.3826507152902985,0.9835611581802368
12,1,5,0.23149885829401787,-1.3826507152902985,0.9837385416030884
12,1,6,0.21881398934640045,-1.3826507152902985,0.9811434149742126
12,1,7,0.21247155487259176,-1.3636234118688724,0.9861943125724792
12,1,8,0.1617320790821221,-1.350938542921255,0.9758814573287964
12,1,9,0.2632110306630614,-1.2240898534450808,0.9768040776252748
12,1,10,0.25686859618925273,-1.2304322879188896,0.9701289534568788
12,1,11,0.02219852065833048,-1.0211319502832021,0.9967905879020692
12,1,12,0.1617320790821221,-0.9703924744927325,0.9957247972488404
12,1,13,0.06025312750118274,-0.5391069302737402,0.5214153528213501
12,1,14,0.22515642382020917,-0.4756825855356532,0.540187656879425
12,1,15,0.21247155487259176,-0.7293799644880016,0.5198900103569031
12,1,16,0.5169084096154097,-0.7991467436998974,0.4940212368965149
12,1,17,0.3266353754011485,-0.849886219490367,0.5205361247062683
12,1,18,0.5866751888273056,-0.8879408263332192,0.4867150783538818
12,1,19,0.3456626788225746,-0.9069681297546454,0.5205180048942566
12,1,20,0.5549630164582621,-0.9196529987022628,0.4846831858158111
12,1,21,0.29492320303210495,-0.8562286539641757,0.5145602226257324
12,1,22,0.5169084096154097,-0.8879408263332192,0.4748081862926483
12,1,23,-0.08562286539641757,-0.019027303421426126,0.993063986301422
12,1,24,0.08562286539641757,0.019027303421426126,0.9933066964149476
12,1,25,0.06025312750118274,0.4249431097451835,0.6086034178733826
12,1,26,0.27589589961067884,0.6786404886975319,0.7751360535621643
12,1,27,-0.2378412927678266,0.805489178173706,0.6571187973022461
12,1,28,-0.06659556197499145,1.331911239499829,0.76297926902771
12,1,29,-0.33932024434876595,0.8625710884379845,0.7212634682655334
12,1,30,-0.18710181697735692,1.4587599289760032,0.8037479519844055
12,1,31,-0.16807451355593078,0.9450227365974976,0.6940822005271912
12,1,32,0.1617320790821221,1.4651023634498117,0.7599901556968689
12,2,0,-0.1277800752447522,-1.3192429390133877,0.9889097809791564
12,2,1,-0.10705898196181943,-1.3952202810508079,0.9880534410476683
12,2,2,-0.11396601305613036,-1.3952202810508079,0.9899380803108216
12,2,3,-0.11396601305613036,-1.4021273121451188,0.9892728924751282
12,2,4,-0.11396601305613036,-1.3952202810508079,0.9851124286651612
12,2,5,-0.13468710633906314,-1.3952202810508079,0.9852433800697328
12,2,6,-0.15540819962199592,-1.4021273121451188,0.9829163551330566
12,2,7,-0.09324491977319756,-1.3675921566735643,0.9875166416168212
12,2,8,-0.18303632399923966,-1.3675921566735643,0.9780612587928772
12,2,9,-0.08633788867888663,-1.2501726280702783,0.9789777398109436
12,2,10,-0.10705898196181943,-1.2570796591645894,0.9728589057922364
12,2,11,0.051802733207331975,-1.0291476330523286,0.997093915939331
12,2,12,-0.17612929290492874,-0.9669843532035303,0.9957423210144044
12,2,13,-0.16231523071630685,-0.4627710833188323,0.5685084462165833
12,2,14,-0.148501168527685,-0.44895702113021047,0.4972632527351379
12,2,15,-0.45931756777167687,-0.794308575845757,0.5663977265357971
12,2,16,-0.2866417904139036,-0.5663765497334963,0.4672029614448547
12,2,17,-0.5629230341863408,-0.9186351355433537,0.5655167698860168
12,2,18,-0.38334022573425663,-0.690703109431093,0.4624910950660705
12,2,19,-0.5283878787147862,-0.9600773221092194,0.5653157234191895
12,2,20,-0.3902472568285676,-0.6492609228652274,0.460301786661148
12,2,21,-0.49385272324323154,-0.9186351355433537,0.5588096976280212
12,2,22,-0.3695261635456348,-0.6285398295822947,0.4523750245571136
12,2,23,0.06561679539595384,-0.013814062188621861,0.9935646057128906
12,2,24,-0.06561679539595384,0.013814062188621861,0.9936215281486512
12,2,25,-0.010360546641466396,0.6285398295822947,0.6449661254882812
12,2,26,-0.0034535155471554654,0.8771929489774881,0.7647883892059326
12,2,27,0.10705898196181943,1.5609890273142704,0.6869931817054749
12,2,28,0.09324491977319756,1.5748030895028922,0.7641385793685913
12,2,29,0.2382925727537271,1.7405718357663544,0.7401056885719299
12,2,30,0.1899433550935506,1.7474788668606653,0.7964431643486023
12,2,31,-0.2382925727537271,1.7612929290492874,0.7201096415519714
12,2,32,-0.16231523071630685,1.7612929290492874,0.7663000226020813
13,1,0,0.2568190751057078,-1.2771543194446007,0.9898638129234314
13,1,1,0.21517273860207947,-1.3604469924518574,0.9891290664672852
13,1,2,0.20823168251814142,-1.3673880485357954,0.990821123123169
13,1,3,0.20129062643420337,-1.3743291046197335,0.9902361035346984
13,1,4,0.20823168251814142,-1.3604469924518574,0.986462414264679
13,1,5,0.19434957035026534,-1.3604469924518574,0.9865585565567015
13,1,6,0.18046745818238924,-1.3673880485357954,0.9844739437103271
13,1,7,0.15964428993057508,-1.3604469924518574,0.98855859041214
13,1,8,0.11105689734300876,-1.3465648802839811,0.9801406264305116
13,1,9,0.2498780190217697,-1.2077437586052202,0.9806951880455016
13,1,10,0.24293696293783165,-1.2146848146891582,0.9752404093742372
13,1,11,0.013882112167876095,-1.0203352443388929,0.997161030769348
13,1,12,0.048587392587566336,-0.9786889078352647,0.9960834980010986
13,1,13,0.09717478517513267,-0.5275202623792916,0.5203102231025696
13,1,14,0.15964428993057508,-0.4650507576238492,0.5450910329818726
13,1,15,0.30540646769327406,-0.8537498983243799,0.5416473150253296
13,1,16,0.41646336503628284,-0.7982214496528754,0.5152704119682312
13,1,17,0.4234044211202209,-0.9370425713316364,0.5464540123939514
13,1,18,0.4858739258756633,-0.9023372909119461,0.5090671181678772
13,1,19,0.40258125286840674,-0.9717478517513266,0.5469884276390076
13,1,20,0.44422758937203505,-0.9439836274155745,0.5070052742958069
13,1,21,0.3470528041969024,-0.9439836274155745,0.5423810482025146
13,1,22,0.41646336503628284,-0.9162194030798223,0.4980008900165558
13,1,23,-0.006941056083938048,-0.006941056083938048,0.994024693965912
13,1,24,0.006941056083938048,0.006941056083938048,0.9939706325531006
13,1,25,0.06941056083938048,0.721869832729557,0.6164013743400574
13,1,26,0.07635161692331852,0.8190446179046896,0.773875892162323
13,1,27,-0.145762177762699,1.617266067557565,0.666851282119751
13,1,28,-0.15964428993057508,1.6380892358093793,0.767913281917572
13,1,29,-0.24293696293783165,1.7699693014042022,0.7202914953231812
13,1,30,-0.27070118727358383,1.7907924696560162,0.78962641954422
13,1,31,0.05552844867150438,1.8602030304953967,0.7080237865447998
13,1,32,0.09717478517513267,1.8602030304953967,0.7682616114616394
13,2,0,-0.18259585507563197,-1.3126230336569014,0.9908271431922911
13,2,1,-0.14125339732265868,-1.3884175395373524,0.9901753664016724
13,2,2,-0.1274725780716676,-1.3884175395373524,0.991698443889618
13,2,3,-0.1136917588206765,-1.395307949162848,0.9911807179450988
13,2,4,-0.16881503582464086,-1.3884175395373524,0.98775452375412
13,2,5,-0.16881503582464086,-1.395307949162848,0.9878199100494384
13,2,6,-0.17570544545013642,-1.395307949162848,0.98594868183136
13,2,7,-0.10680134919518096,-1.3539654914098747,0.9896717667579652
13,2,8,-0.2032670839521186,-1.3539654914098747,0.9819411635398864
13,2,9,-0.13436298769716315,-1.2368285277764504,0.9825090169906616
13,2,10,-0.16192462619914533,-1.243718937401946,0.9774870276451112
13,2,11,0.0378972529402255,-1.0232258293860885,0.9974156022071838
13,2,12,-0.22393831282860524,-0.9681025523821242,0.9959704279899596
13,2,13,-0.21704790320310968,-0.5271163363504092,0.5674664974212646
13,2,14,-0.2032670839521186,-0.49955469784842704,0.5050325989723206
13,2,15,-0.46510264972094933,-0.9060888657526642,0.5846673250198364
13,2,16,-0.409979372716985,-0.8302943598722132,0.4918790459632873
13,2,17,-0.5546779748523915,-1.0232258293860885,0.5863787531852722
13,2,18,-0.49955469784842704,-0.9887737812586108,0.48664391040802
13,2,19,-0.5202259267249137,-1.0714586967645574,0.5864297151565552
13,2,20,-0.46510264972094933,-1.016335419760593,0.4838947057723999
13,2,21,-0.47888346897194045,-1.0370066486370797,0.5805230140686035
13,2,22,-0.409979372716985,-0.9749929620076198,0.4764801859855652
13,2,23,0.08613012031869433,-0.010335614438243318,0.9944077730178832
13,2,24,-0.08613012031869433,0.010335614438243318,0.994285523891449
13,2,25,0.05856848181671214,0.7613902636172578,0.652938961982727
13,2,26,-0.044787662565721045,0.8371847694977088,0.7800917625427246
13,2,27,0.044787662565721045,1.7122667919356431,0.6968659162521362
13,2,28,0.05167807219121659,1.6640339245571742,0.7811459898948669
13,2,29,0.14125339732265868,1.8638558036965451,0.7380517721176147
13,2,30,0.14125339732265868,1.8294037555690674,0.7933672666549683
13,2,31,-0.18259585507563197,1.9534311288279873,0.7334098815917969
13,2,32,-0.16192462619914533,1.8983078518240228,0.7830355167388916
14,1,0,0.27993337915625044,-1.297872939724434,0.9916866421699524
14,1,1,0.2435783948502439,-1.3851249020588496,0.9911027550697328
14,1,2,0.2435783948502439,-1.3851249020588496,0.9924684762954712
14,1,3,0.2435783948502439,-1.392395898920051,0.9920133352279664
14,1,4,0.22903640112784127,-1.3851249020588496,0.9889241456985474
14,1,5,0.22176540426663996,-1.3851249020588496,0.9889674186706544
14,1,6,0.20722341054423735,-1.392395898920051,0.9872901439666748
14,1,7,0.19268141682183473,-1.3778539051976484,0.9906105995178224
14,1,8,0.15632643251582817,-1.370582908336447,0.9836902022361756
14,1,9,0.27993337915625044,-1.232433967973622,0.9841448664665222
14,1,10,0.2653913854338478,-1.232433967973622,0.9796331524848938
14,1,11,0.05453247645900983,-1.0215750589987842,0.9975842237472534
14,1,12,-0.010906495291801965,-0.9779490778315763,0.9963214993476868
14,1,13,0.16359742937702948,-0.5416892661594976,0.5345638394355774
14,1,14,0.15632643251582817,-0.49079228813108844,0.5522755980491638
14,1,15,0.4253533163802767,-0.8834261186359592,0.5888364315032959
14,1,16,0.4180823195190753,-0.8470711343299526,0.539505124092102
14,1,17,0.5489602630206989,-1.0143040621375827,0.5910459160804749
14,1,18,0.49806328499228975,-0.927052099803167,0.5334635972976685
14,1,19,0.48352129126988713,-1.0215750589987842,0.5908533334732056
14,1,20,0.4398953101026793,-0.9852200746927775,0.5308111906051636
14,1,21,0.4471663069638806,-0.9924910715539789,0.5842775702476501
14,1,22,0.4180823195190753,-0.9561360872479723,0.5223211050033569
14,1,23,0.018177492153003277,-0.003635498430600655,0.994775414466858
14,1,24,-0.018177492153003277,0.003635498430600655,0.9945448637008668
14,1,25,0.010906495291801965,0.8470711343299526,0.6268561482429504
14,1,26,0.04726147959780852,0.8834261186359592,0.7841525673866272
14,1,27,-0.13451344193222425,1.792300726286123,0.6748213768005371
14,1,28,-0.13451344193222425,1.7777587325637203,0.7773910164833069
14,1,29,-0.2508493917114452,1.930449666648948,0.714568018913269
14,1,30,-0.27266238229504913,1.930449666648948,0.7841626405715942
14,1,31,0.105429454487419,2.0322436227057663,0.7188485860824585
14,1,32,0.06180347332021114,2.017701628983364,0.7787813544273376
14,2,0,-0.25343654731151904,-1.2363593726953834,0.9923572540283204
14,2,1,-0.22603800165621968,-1.3117053732474566,0.991854965686798
14,2,2,-0.21233872882857,-1.3185550096612815,0.9930848479270936
14,2,3,-0.19863945600092034,-1.3254046460751063,0.9927077293395996
14,2,4,-0.25343654731151904,-1.3117053732474566,0.9898183941841124
14,2,5,-0.25343654731151904,-1.3185550096612815,0.989774763584137
14,2,6,-0.2602861837253439,-1.3254046460751063,0.9882966876029968
14,2,7,-0.18494018317327066,-1.3185550096612815,0.9913743138313292
14,2,8,-0.27398545655299356,-1.3117053732474566,0.9847590327262878
14,2,9,-0.19863945600092034,-1.1884119177986097,0.9853068590164183
14,2,10,-0.22603800165621968,-1.1884119177986097,0.9808382391929626
14,2,11,0.020548909241474518,-1.044569553108288,0.9977784156799316
14,2,12,-0.25343654731151904,-0.9418250069009153,0.9957847595214844
14,2,13,-0.21233872882857,-0.5582453677267244,0.5803011655807495
14,2,14,-0.27398545655299356,-0.489749003588476,0.5070964097976685
14,2,15,-0.47262491255391387,-0.8938775520041414,0.6276487112045288
14,2,16,-0.3904292755880158,-0.7842833693829441,0.5006567239761353
14,2,17,-0.5753694587612864,-1.003471734625339,0.6277034282684326
14,2,18,-0.4589256397262642,-0.8596293699350173,0.4966516494750976
14,2,19,-0.5616701859336368,-1.044569553108288,0.6272048354148865
14,2,20,-0.4383767304847897,-0.8938775520041414,0.4938705563545227
14,2,21,-0.513722731036863,-1.0171710074529885,0.6195247173309326
14,2,22,-0.41097818482949033,-0.873328642762667,0.4871466755867004
14,2,23,0.09589490979354774,-0.017124091034562097,0.9950234293937684
14,2,24,-0.09589490979354774,0.017124091034562097,0.9945796132087708
14,2,25,0.013699272827649678,0.8048322786244185,0.6616881489753723
14,2,26,-0.13699272827649678,0.8459300971073677,0.7866104245185852
14,2,27,0.06164672772442355,1.7021346488354725,0.7037444114685059
14,2,28,0.020548909241474518,1.7089842852492974,0.7848260998725891
14,2,29,0.1780905467594458,1.8528266499396189,0.7354720234870911
14,2,30,0.1232934554488471,1.8528266499396189,0.7848179936408997
14,2,31,-0.13014309186267195,1.9555711961469915,0.7430154085159302
14,2,32,-0.23288763807004453,1.9487215597331666,0.7884159684181213
15,1,0,0.28622436933910866,-1.2934443019501491,0.9929547905921936
15,1,1,0.24999343651137337,-1.3731523541711668,0.992520034313202
15,1,2,0.24274724994582633,-1.3803985407367139,0.9936031699180604
15,1,3,0.24999343651137337,-1.387644727302261,0.993299961090088
15,1,4,0.23550106338027926,-1.3731523541711668,0.9906903505325316
15,1,5,0.22100869024918515,-1.3803985407367139,0.9905964732170104
15,1,6,0.2137625036836381,-1.387644727302261,0.9892998933792114
15,1,7,0.1847777574214499,-1.3803985407367139,0.9919408559799194
15,1,8,0.14854682459371463,-1.3731523541711668,0.9861206412315368
15,1,9,0.27897818277356157,-1.2282286228602257,0.986486554145813
15,1,10,0.2644858096424675,-1.2282286228602257,0.9825065732002258
15,1,11,0.06883877237269702,-1.0253353990249081,0.9978295564651488
15,1,12,-0.05434639924160291,-0.9746120930660788,0.9961327314376832
15,1,13,0.20651631711809104,-0.5760718319609908,0.5374725461006165
15,1,14,0.1630391977248087,-0.5108561528710673,0.5531308054924011
15,1,15,0.3876709812567674,-0.9093964139761553,0.6120047569274902
15,1,16,0.4311481006500497,-0.858673108017326,0.5471864938735962
15,1,17,0.4818714066088791,-1.0108430258938141,0.6153355240821838
15,1,18,0.5108561528710673,-0.9456273468038906,0.5422350764274597
15,1,19,0.46013284691223794,-1.0615663318526434,0.6146913766860962
15,1,20,0.46013284691223794,-0.99635065276272,0.5395347476005554
15,1,21,0.4239019140845027,-1.0325815855904552,0.6064067482948303
15,1,22,0.4383942872155968,-0.9673659065005318,0.5312219858169556
15,1,23,0.06883877237269702,-0.010869279848320581,0.9952368140220642
15,1,24,-0.06883877237269702,0.010869279848320581,0.9947328567504884
15,1,25,0.05434639924160291,0.8441807348862318,0.6315858364105225
15,1,26,0.010869279848320581,0.8731654811484201,0.7828370928764343
15,1,27,-0.14130063802816756,1.7644464287107078,0.6802070140838623
15,1,28,-0.14130063802816756,1.7789388018418018,0.7766738533973694
15,1,29,-0.24999343651137337,1.916616346587196,0.7093111276626587
15,1,30,-0.2644858096424675,1.93110871971829,0.7717621326446533
15,1,31,0.07608495893824407,2.0108167719393077,0.7266804575920105
15,1,32,0.02536165297941469,2.032555331635949,0.7825325131416321
15,2,0,-0.23741639024048344,-1.2524574789497966,0.9933795928955078
15,2,1,-0.20300821774186265,-1.3350370929464865,0.9930119514465332
15,2,2,-0.1961265832421385,-1.3350370929464865,0.99399995803833
15,2,3,-0.18924494874241435,-1.3350370929464865,0.9937665462493896
15,2,4,-0.23741639024048344,-1.3350370929464865,0.991220235824585
15,2,5,-0.23741639024048344,-1.3419187274462108,0.9910366535186768
15,2,6,-0.2442980247402076,-1.348800361945935,0.9899102449417114
15,2,7,-0.18236331424269017,-1.3212738239470383,0.9924615025520324
15,2,8,-0.2718245627391042,-1.3281554584467625,0.9864632487297058
15,2,9,-0.18924494874241435,-1.1836411339525552,0.9870696663856506
15,2,10,-0.22365312124103512,-1.1905227684522792,0.9826411604881288
15,2,11,0.037848989748482866,-1.046008443958072,0.997965395450592
15,2,12,-0.30623273523772504,-0.9359022919624854,0.995245635509491
15,2,13,-0.18236331424269017,-0.5780572979768293,0.5822861194610596
15,2,14,-0.2787061972388284,-0.5505307599779327,0.5150480270385742
15,2,15,-0.46451032873138065,-0.915257388463313,0.6471971869468689
15,2,16,-0.46451032873138065,-0.8808492159646922,0.5235267877578735
15,2,17,-0.5746164807269671,-1.0184819059591754,0.6471253633499146
15,2,18,-0.5264450392288981,-1.004718636959727,0.5182931423187256
15,2,19,-0.5402083082283464,-1.0666533474572444,0.6459779143333435
15,2,20,-0.5126817702294497,-1.0528900784577961,0.51475989818573
15,2,21,-0.4989185012300014,-1.0322451749586237,0.636022686958313
15,2,22,-0.4713919632311048,-1.0184819059591754,0.5072593092918396
15,2,23,0.13419187274462108,-0.013763268999448316,0.9953518509864808
15,2,24,-0.13419187274462108,0.013763268999448316,0.9947212338447572
15,2,25,0.05849389324765534,0.8257961399668989,0.665865421295166
15,2,26,-0.1617184107435177,0.8395594089663473,0.7861963510513306
15,2,27,0.08602043124655197,1.699763721431867,0.7087923288345337
15,2,28,-0.003440817249862079,1.6860004524324186,0.7864398956298828
15,2,29,0.20300821774186265,1.8442780459260744,0.727613627910614
15,2,30,0.10666533474572444,1.8167515079271777,0.7729001641273499
15,2,31,-0.12042860374517277,1.9750291014208332,0.7497166991233826
15,2,32,-0.25117965923993174,1.9543841979216607,0.7935253977775574
16,1,0,0.29513062593902806,-1.3317769495498641,0.993859052658081
16,1,1,0.26561756334512526,-1.412937871683097,0.9935640692710876
16,1,2,0.25823929769664955,-1.4203161373315727,0.9944308400154114
16,1,3,0.2508610320481739,-1.4203161373315727,0.9942575097084044
16,1,4,0.2508610320481739,-1.4203161373315727,0.9919351935386658
16,1,5,0.23610450075122247,-1.4203161373315727,0.991701602935791
16,1,6,0.22134796945427107,-1.4276944029800485,0.9907090663909912
16,1,7,0.19183490686036825,-1.4055596060346212,0.9929715394973756
16,1,8,0.14018704732103834,-1.3981813403861456,0.9876211285591124
16,1,9,0.29513062593902806,-1.2579942930651071,0.9881755113601683
16,1,10,0.272995828993601,-1.265372558713583,0.984178900718689
16,1,11,0.14018704732103834,-1.0292680579623605,0.998114824295044
16,1,12,-0.09591745343018412,-0.9702419327745548,0.995671570301056
16,1,13,0.24348276639969818,-0.5718155877568669,0.5611769556999207
16,1,14,0.14018704732103834,-0.47589813432668276,0.5608498454093933
16,1,15,0.494343798447872,-0.8374331511019922,0.6536208391189575
16,1,16,0.43531767326006643,-0.8890810106413221,0.5689128637313843
16,1,17,0.6345308457689104,-0.8964592762897978,0.6519779562950134
16,1,18,0.5238568610417749,-0.9849984640715063,0.5629452466964722
16,1,19,0.5902612518780561,-0.9481071358291278,0.6510766744613647
16,1,20,0.47220900150244494,-1.0440245892593119,0.5595827102661133
16,1,21,0.5312351266902505,-0.9333506045321763,0.6402774453163147
16,1,22,0.44269593890854214,-1.014511526665409,0.5507212281227112
16,1,23,0.08116092213323273,-0.011067398472713553,0.995577871799469
16,1,24,-0.08116092213323273,0.011067398472713553,0.9948554039001464
16,1,25,0.05902612518780562,0.8595679480474193,0.6292515993118286
16,1,26,0.06640439083628132,0.9038375419382735,0.7859131693840027
16,1,27,-0.14756531296951403,1.7966076854038335,0.6833873391151428
16,1,28,-0.12543051602408695,1.7966076854038335,0.7884457111358643
16,1,29,-0.26561756334512526,1.907281670130969,0.7037856578826904
16,1,30,-0.2508610320481739,1.9441729983733476,0.7727207541465759
16,1,31,0.05902612518780562,2.0031991235611533,0.7336065173149109
16,1,32,0.04426959389085421,2.032712186155056,0.7972397804260254
16,2,0,-0.21793046563240773,-1.2591538014316892,0.9944027662277222
16,2,1,-0.23868574807358942,-1.335256503716022,0.9941436648368835
16,2,2,-0.23868574807358942,-1.335256503716022,0.9949241876602172
16,2,3,-0.23868574807358942,-1.335256503716022,0.9947704076766968
16,2,4,-0.25944103051477113,-1.335256503716022,0.9926297664642334
16,2,5,-0.2732778854755589,-1.342174931196416,0.9923882484436036
16,2,6,-0.2801963129559528,-1.342174931196416,0.9914969801902772
16,2,7,-0.19025675571083214,-1.328338076235628,0.9936208128929138
16,2,8,-0.266359457995165,-1.321419648755234,0.988663136959076
16,2,9,-0.22484889311280162,-1.1830510991473562,0.9892590045928956
16,2,10,-0.25252260303437724,-1.1899695266277501,0.985507309436798
16,2,11,0.05880663358334812,-1.0308456945786906,0.998271942138672
16,2,12,-0.23176732059319552,-0.9616614197747516,0.995833158493042
16,2,13,-0.12107248090689318,-0.53271891599033,0.6042148470878601
16,2,14,-0.266359457995165,-0.5119636335491483,0.5180994868278503
16,2,15,-0.3147884503579223,-0.7887007327649042,0.6851932406425476
16,2,16,-0.39089115264225516,-0.8509665800884493,0.5380760431289673
16,2,17,-0.466993854926588,-0.8578850075688431,0.6803284287452698
16,2,18,-0.4946675648481636,-0.9547429922943577,0.5337579250335693
16,2,19,-0.42548329004422464,-0.9063139999316004,0.679263710975647
16,2,20,-0.466993854926588,-1.003171984657115,0.5290759205818176
16,2,21,-0.37013587020107347,-0.8924771449708127,0.6675701141357422
16,2,22,-0.39089115264225516,-0.9685798472551455,0.5206273794174194
16,2,23,0.12799090838728708,-0.006918427480393896,0.9956682920455932
16,2,24,-0.12799090838728708,0.006918427480393896,0.9950295686721802
16,2,25,0.11415405342649929,0.8855587174904187,0.661094605922699
16,2,26,-0.14874619082846877,0.8578850075688431,0.7748652100563049
16,2,27,0.16258304578925656,1.6950147326965046,0.7062646150588989
16,2,28,0.12107248090689318,1.7019331601768986,0.7828143835067749
16,2,29,0.2732778854755589,1.812627999863201,0.722032368183136
16,2,30,0.23868574807358942,1.8264648548239886,0.7660683989524841
16,2,31,-0.003459213740196948,1.9717518319122604,0.7502535581588745
16,2,32,-0.0795619160245298,1.9786702593926544,0.7925617098808289
17,1,0,0.3378327383602892,-1.343906058092579,0.9948883056640624
17,1,1,0.3007082616174003,-1.4255799069269346,0.9946811199188232
17,1,2,0.2932833662688225,-1.4330048022755124,0.9953776001930236
17,1,3,0.2858584709202447,-1.4330048022755124,0.995242953300476
17,1,4,0.2858584709202447,-1.4255799069269346,0.9933112859725952
17,1,5,0.27100868022308916,-1.4255799069269346,0.9930806756019592
17,1,6,0.2561588895259336,-1.4255799069269346,0.9922834038734436
17,1,7,0.22645930813162243,-1.418155011578357,0.9941773414611816
17,1,8,0.17448504069157794,-1.3958803255326235,0.9897568225860596
17,1,9,0.3007082616174003,-1.2622322092582234,0.990273118019104
17,1,10,0.2858584709202447,-1.2622322092582234,0.986902952194214
17,1,11,0.1522103546458446,-1.0172106627551565,0.9983803033828736
17,1,12,-0.0482618197657556,-0.9800861860122676,0.9962326884269714
17,1,13,0.26358378487451134,-0.5123177790518672,0.5616100430488586
17,1,14,0.15963524999442238,-0.4306439302175115,0.5633482933044434
17,1,15,0.5160302267261561,-0.7127899534634673,0.6526350378990173
17,1,16,0.5011804360290005,-0.7053650581148896,0.5800527334213257
17,1,17,0.657103238349134,-0.7350646395092006,0.6516046524047852
17,1,18,0.6274036569548228,-0.7573393255549341,0.5737861394882202
17,1,19,0.6496783430005562,-0.8093135929949785,0.6511088013648987
17,1,20,0.6051289709090895,-0.8464380697378675,0.5692688226699829
17,1,21,0.5680044941662006,-0.8093135929949785,0.6399040818214417
17,1,22,0.5531547034690449,-0.8390131743892897,0.5586119890213013
17,1,23,0.10766098255437788,-0.007424895348577785,0.9957185983657836
17,1,24,-0.10766098255437788,0.007424895348577785,0.9951059222221376
17,1,25,0.1522103546458446,0.9281119185722231,0.643414318561554
17,1,26,0.07796140116006674,0.9355368139208009,0.7813721299171448
17,1,27,-0.11508587790295567,1.7671250929615128,0.700897753238678
17,1,28,-0.05568671511433339,1.826524255750135,0.7928905487060547
17,1,29,-0.23388420348020023,1.8562238371444462,0.7125775814056396
17,1,30,-0.1522103546458446,1.9453225813273796,0.7728288173675537
17,1,31,0.12251077325153345,1.9750221627216908,0.7494959831237793
17,1,32,0.3378327383602892,2.0863955929503577,0.8025729656219482
17,2,0,-0.18546212322910072,-1.2667412945081973,0.9953705072402954
17,2,1,-0.17146498185331954,-1.3507241427628844,0.9951888918876648
17,2,2,-0.15746784047753834,-1.3507241427628844,0.9958180785179138
17,2,3,-0.14347069910175717,-1.3507241427628844,0.9956979751586914
17,2,4,-0.18546212322910072,-1.3437255720749939,0.9939350485801696
17,2,5,-0.1924606939169913,-1.3437255720749939,0.9937205910682678
17,2,6,-0.1924606939169913,-1.3507241427628844,0.9930060505867004
17,2,7,-0.12247498703808538,-1.3297284306992128,0.9947443008422852
17,2,8,-0.1924606939169913,-1.3227298600113222,0.9907220602035522
17,2,9,-0.13647212841386658,-1.1967555876292915,0.9912149906158448
17,2,10,-0.15746784047753834,-1.1967555876292915,0.9881155490875244
17,2,11,0.1014792749744136,-1.0567841738714796,0.9985389113426208
17,2,12,-0.24844925942011606,-0.9378084721773395,0.9964980483055116
17,2,13,-0.038492138783398265,-0.4898999481523415,0.6046163439750671
17,2,14,-0.19945926460488192,-0.45490709471288854,0.522022545337677
17,2,15,-0.26244640079589726,-0.7138542101648405,0.6850799322128296
17,2,16,-0.38142210249003733,-0.6788613567253875,0.550126850605011
17,2,17,-0.4164149559294903,-0.7698427756679652,0.6818348169326782
17,2,18,-0.4794020921205056,-0.70685563947695,0.5461151003837585
17,2,19,-0.38842067317792794,-0.8328299118589806,0.6811832189559937
17,2,20,-0.44440923868105264,-0.790838487731637,0.5407265424728394
17,2,21,-0.33943067836269375,-0.8188327704831994,0.6690163016319275
17,2,22,-0.4024178145537091,-0.7978370584195277,0.5308400392532349
17,2,23,0.12947355772597596,-0.006998570687890593,0.9960327744483948
17,2,24,-0.12947355772597596,0.006998570687890593,0.9953556656837464
17,2,25,0.1084778456623042,0.895817048049996,0.6730597019195557
17,2,26,-0.08048356291074182,0.8748213359863242,0.7494978904724121
17,2,27,0.2694449714837878,1.6796569650937423,0.721907377243042
17,2,28,0.1924606939169913,1.5956741168390554,0.7641312479972839
17,2,29,0.36042639042636554,1.77063838403632,0.7227840423583984
17,2,30,0.28344211285956905,1.7216483892210859,0.7420021295547485
17,2,31,0.05248928015917945,1.9665983632972568,0.7641619443893433
17,2,32,0.07348499222285122,1.945602651233585,0.7817607522010803
18,1,0,0.36316644062630654,-1.3138080057951678,0.9958124160766602
18,1,1,0.32756188762372745,-1.3992589330013576,0.9956541061401368
18,1,2,0.32756188762372745,-1.3992589330013576,0.9962188601493835
18,1,3,0.32044097702321167,-1.4063798436018735,0.996110200881958
18,1,4,0.32044097702321167,-1.3921380224008417,0.9945242404937744
18,1,5,0.30619915582218005,-1.3921380224008417,0.994329273700714
18,1,6,0.2919573346211484,-1.3992589330013576,0.9936866164207458
18,1,7,0.25635278161856934,-1.385017111800326,0.9952389001846312
18,1,8,0.21362731801547444,-1.3707752905992943,0.9916409850120544
18,1,9,0.34180370882475913,-1.2354779891894938,0.9920748472213744
18,1,10,0.32756188762372745,-1.2425988997900097,0.9892903566360474
18,1,11,0.1424182120103163,-1.0147297605735035,0.9986454248428344
18,1,12,0.014241821201031629,-0.9791252075709246,0.9968417882919312
18,1,13,0.192264586213927,-0.4735405549343017,0.5543296337127686
18,1,14,0.13529730140980048,-0.41657327013017514,0.5680513381958008
18,1,15,0.3916500830283698,-0.6230796775451338,0.6372483968734741
18,1,16,0.4842219208350754,-0.5945960351430706,0.5904245376586914
18,1,17,0.4913428314355912,-0.6658051411482286,0.6377246379852295
18,1,18,0.6052774010438443,-0.6302005881456496,0.5833457708358765
18,1,19,0.5127055632371387,-0.7227724259523552,0.6376069784164429
18,1,20,0.5981564904433284,-0.694288783550292,0.5780030488967896
18,1,21,0.4414964572319805,-0.7085306047513236,0.6270387768745422
18,1,22,0.5554310268402336,-0.694288783550292,0.5659893751144409
18,1,23,0.04272546360309489,-0.010681365900773723,0.9960760474205016
18,1,24,-0.04272546360309489,0.010681365900773723,0.9953710436820984
18,1,25,0.04272546360309489,0.8723115485631873,0.6542543172836304
18,1,26,0.1424182120103163,0.8936742803647347,0.7655915021896362
18,1,27,-0.12817639080928467,1.655611714619927,0.719751238822937
18,1,28,0.007120910600515814,1.7054580888235376,0.7792116403579712
18,1,29,-0.2421109604175377,1.7553044630271484,0.7220208644866943
18,1,30,-0.06408819540464233,1.7909090160297274,0.7561958432197571
18,1,31,0.04272546360309489,1.8621181220348855,0.7647470235824585
18,1,32,0.34180370882475913,1.9333272280400438,0.7951020002365112
18,2,0,-0.046941821965685464,-1.2171343838245587,0.996211588382721
18,2,1,-0.02682389826610598,-1.2976060786228767,0.9960715174674988
18,2,2,-0.01341194913305299,-1.2976060786228767,0.9965795278549194
18,2,3,0.0,-1.2976060786228767,0.9964836239814758
18,2,4,-0.04023584739915897,-1.2909001040563501,0.9950376749038696
18,2,5,-0.04023584739915897,-1.2909001040563501,0.9948543906211852
18,2,6,-0.04023584739915897,-1.2909001040563501,0.994279444217682
18,2,7,0.08047169479831794,-1.2976060786228767,0.9957043528556824
18,2,8,0.02682389826610598,-1.2774881549232973,0.9924319982528688
18,2,9,0.0,-1.1366626890262408,0.9928513765335084
18,2,10,-0.01341194913305299,-1.1433686635927673,0.990310549736023
18,2,11,0.10058961849789742,-1.0293670959618169,0.998779833316803
18,2,12,-0.020117923699579484,-0.9690133248630785,0.9971200823783876
18,2,13,0.11400156763095042,-0.4258293849744324,0.5982753038406372
18,2,14,0.01341194913305299,-0.49959510520622386,0.5280748605728149
18,2,15,-0.06705974566526494,-0.6135966728371742,0.6719827055931091
18,2,16,-0.16764936416316237,-0.6068906982706478,0.5585013031959534
18,2,17,-0.18106131329621536,-0.6471265456698068,0.6707766652107239
18,2,18,-0.2615330080945333,-0.6538325202363332,0.5534676909446716
18,2,19,-0.15423741503010938,-0.7141862913350717,0.6705631017684937
18,2,20,-0.23470910982842733,-0.7074803167685452,0.5480880737304688
18,2,21,-0.11400156763095042,-0.7074803167685452,0.6595614552497864
18,2,22,-0.18776728786274186,-0.6940683676354922,0.5388477444648743
18,2,23,0.06705974566526494,0.0033529872832632475,0.9963399171829224
18,2,24,-0.06705974566526494,-0.0033529872832632475,0.9955369234085084
18,2,25,0.08717766936484443,0.8550117572321281,0.6775473952293396
18,2,26,0.060353771098738455,0.7812460370003367,0.7216084599494934
18,2,27,0.3621226265924307,1.639610781515728,0.7262540459632874
18,2,28,0.33529872832632474,1.545727137584357,0.7317879796028137
18,2,29,0.44259432139074867,1.7267884508805724,0.7214499711990356
18,2,30,0.3956524994250632,1.6329048069492014,0.7166413068771362
18,2,31,0.11400156763095042,1.8542019676445758,0.7633293867111206
18,2,32,0.2548270335280068,1.840790018511523,0.752596914768219
19,1,0,0.3658270115925696,-1.2925887742937459,0.9962552189826964
19,1,1,0.33098634382184866,-1.376206376943476,0.9961913228034972
19,1,2,0.3240182102677045,-1.3831745104976203,0.996589183807373
19,1,3,0.3100819431594161,-1.3831745104976203,0.9965347051620485
19,1,4,0.3170500767135603,-1.376206376943476,0.9952622056007384
19,1,5,0.30311380960527196,-1.376206376943476,0.9950217604637146
19,1,6,0.2891775424969836,-1.376206376943476,0.994573712348938
19,1,7,0.26130500828040687,-1.376206376943476,0.9955910444259644
19,1,8,0.19162367273896502,-1.3622701098351877,0.9929881691932678
19,1,9,0.3379544773759929,-1.2089711716440157,0.9932912588119508
19,1,10,0.3240182102677045,-1.21593930519816,0.9911161065101624
19,1,11,0.1985918062931092,-0.992959031465546,0.9986923933029176
19,1,12,0.038324734547793005,-0.992959031465546,0.997388243675232
19,1,13,0.20555993984725338,-0.4842852820130207,0.5456460118293762
19,1,14,0.05226100165608137,-0.456412747796444,0.572052001953125
19,1,15,0.4703490149047323,-0.5818391517710393,0.6175107359886169
19,1,16,0.46338088135058814,-0.5609347511086067,0.5963169932365417
19,1,17,0.5679028846627509,-0.5539666175544625,0.6213215589523315
19,1,18,0.5957754188793276,-0.5609347511086067,0.5886946320533752
19,1,19,0.6027435524334718,-0.6375842202041927,0.6215130686759949
19,1,20,0.6027435524334718,-0.6375842202041927,0.5832072496414185
19,1,21,0.5330622168920299,-0.6584886208666253,0.612125039100647
19,1,22,0.5609347511086067,-0.6445523537583369,0.570877194404602
19,1,23,0.06619726876436974,0.003484066777072091,0.9950328469276428
19,1,24,-0.06619726876436974,-0.003484066777072091,0.9947214126586914
19,1,25,0.14284673785995575,0.7560424906246438,0.6271622776985168
19,1,26,0.14981487141409994,0.7699787577329321,0.7148755192756653
19,1,27,-0.003484066777072091,1.5504097157970806,0.67750483751297
19,1,28,-0.003484066777072091,1.6340273184468108,0.7184361219406128
19,1,29,-0.10800607008923482,1.6618998526633875,0.6802591681480408
19,1,30,-0.10800607008923482,1.717644921096541,0.7076870203018188
19,1,31,0.1637511385223883,1.5713141164595132,0.7227500677108765
19,1,32,0.2822094089428394,1.870943859287713,0.7426661849021912
19,2,0,0.055039532200244976,-1.1979192302406259,0.996608316898346
19,2,1,0.07446524944739026,-1.275622099229207,0.996552586555481
19,2,2,0.08741572761215378,-1.275622099229207,0.9969107508659364
19,2,3,0.09389096669453555,-1.275622099229207,0.9968637228012084
19,2,4,0.06151477128262674,-1.275622099229207,0.9956937432289124
19,2,5,0.06151477128262674,-1.275622099229207,0.9954668283462524
19,2,6,0.06151477128262674,-1.275622099229207,0.9950653314590454
19,2,7,0.1651185966007349,-1.2885725773939705,0.9960209727287292
19,2,8,0.10684144485929907,-1.2626716210644435,0.9936347603797911
19,2,9,0.09389096669453555,-1.1202163612520448,0.9939514398574828
19,2,10,0.08094048852977202,-1.113741122169663,0.9919680953025818
19,2,11,0.2557719437540796,-1.003662057769173,0.998822808265686
19,2,12,0.016188097705954405,-0.977761101439646,0.99762761592865
19,2,13,0.2687224219188431,-0.45974197484910506,0.5906327962875366
19,2,14,0.029138575870717928,-0.6021972346615038,0.5403226613998413
19,2,15,0.029138575870717928,-0.5892467564967403,0.6549415588378906
19,2,16,-0.11331668394168083,-0.5633458001672133,0.5796411633491516
19,2,17,-0.08094048852977202,-0.5827715174143585,0.6575546860694885
19,2,18,-0.19101955293026196,-0.6086724737438856,0.5725030303001404
19,2,19,-0.07446524944739026,-0.6604743864029397,0.6576389074325562
19,2,20,-0.14569287935358963,-0.6475239082381762,0.5671915411949158
19,2,21,-0.04208905403548145,-0.6669496254853214,0.648000955581665
19,2,22,-0.11331668394168083,-0.6216229519086491,0.5577336549758911
19,2,23,0.06151477128262674,0.012950478164763524,0.9954327344894408
19,2,24,-0.06151477128262674,-0.012950478164763524,0.994938850402832
19,2,25,0.2363462265069343,0.757602972638666,0.649479329586029
19,2,26,0.13921764027120787,0.7122762990619937,0.6705144643783569
19,2,27,0.352900529989806,1.5605326188540045,0.6870473623275757
19,2,28,0.3205243345778972,1.463404032618278,0.6705734729766846
19,2,29,0.49535578980220474,1.6770869223368763,0.6797862648963928
19,2,30,0.41117768173124186,1.5605326188540045,0.6709058880805969
19,2,31,0.19101955293026196,1.7806907476549845,0.7249505519866943
19,2,32,0.27519766100122484,1.735364074078312,0.7034292817115784
20,1,0,0.38063283193039243,-1.29277997871854,0.9968501329421996
20,1,1,0.34634158581053726,-1.3750789694061925,0.996825397014618
20,1,2,0.3394833365865662,-1.3750789694061925,0.9971332550048828
20,1,3,0.33262508736259516,-1.3819372186301635,0.9970980882644652
20,1,4,0.3394833365865662,-1.3682207201822214,0.9960466027259828
20,1,5,0.3257668381386241,-1.3750789694061925,0.995830535888672
20,1,6,0.3120503396906821,-1.3750789694061925,0.9954853057861328
20,1,7,0.22975134900302965,-1.3819372186301635,0.9962887167930604
20,1,8,0.20231835210714552,-1.3682207201822214,0.994231939315796
20,1,9,0.3394833365865662,-1.2104809880308876,0.994490921497345
20,1,10,0.3257668381386241,-1.2104809880308876,0.992729425430298
20,1,11,0.2366095982270007,-0.9910170128638145,0.9988547563552856
20,1,12,0.030862121507869655,-0.9910170128638145,0.9978536367416382
20,1,13,0.22975134900302965,-0.49036481951392896,0.5412556529045105
20,1,14,0.06515336762772483,-0.46293182261804483,0.5842203497886658
20,1,15,0.4766483210659869,-0.6000968070974655,0.6058574914932251
20,1,16,0.4697900718420159,-0.5726638102015814,0.6173502206802368
20,1,17,0.5863803086495234,-0.5863803086495234,0.6118378639221191
20,1,18,0.6138133055454076,-0.5863803086495234,0.6079571843147278
20,1,19,0.5726638102015814,-0.6686792993371758,0.6122350096702576
20,1,20,0.6000968070974655,-0.6549628008892338,0.6024750471115112
20,1,21,0.5177978164098131,-0.6823957977851179,0.6045514345169067
20,1,22,0.5520890625296683,-0.6618210501132048,0.5905978083610535
20,1,23,0.07201161685169587,0.0034291246119855174,0.99506938457489
20,1,24,-0.07201161685169587,-0.0034291246119855174,0.994300127029419
20,1,25,0.16116885676331932,0.7509782900248283,0.6028571724891663
20,1,26,0.1748853552112614,0.7509782900248283,0.676048755645752
20,1,27,-0.010287373835956551,1.5876846953492945,0.6419288516044617
20,1,28,0.0034291246119855174,1.5876846953492945,0.6601824164390564
20,1,29,-0.09258636452360897,1.704274932156802,0.6413358449935913
20,1,30,-0.08572811529963793,1.6699836860369468,0.6608777642250061
20,1,31,0.22289309977905863,1.7865739228444544,0.6888803839683533
20,1,32,0.291475592018769,1.8140069197403386,0.6957714557647705
20,2,0,-0.03529686325609054,-1.2065109622081858,0.9971509575843812
20,2,1,-0.009626417251661057,-1.277104688720367,0.9971290826797484
20,2,2,0.0032088057505536855,-1.2835223002214742,0.9974069595336914
20,2,3,0.01604402875276843,-1.296357523223689,0.997376263141632
20,2,4,-0.0224616402538758,-1.2706870772192596,0.99641215801239
20,2,5,-0.02887925175498317,-1.277104688720367,0.9962113499641418
20,2,6,-0.02887925175498317,-1.277104688720367,0.9958991408348083
20,2,7,0.0673849207616274,-1.3027751347247964,0.9966534376144408
20,2,8,0.009626417251661057,-1.2835223002214742,0.9947667121887208
20,2,9,0.0032088057505536855,-1.1615876817004342,0.99503493309021
20,2,10,-0.01604402875276843,-1.1487524586982194,0.993428647518158
20,2,11,0.21498998528709692,-1.020400228676072,0.9989689588546752
20,2,12,-0.08663775526494952,-0.9754769481683204,0.9980420470237732
20,2,13,0.2021547622848822,-0.449232805077516,0.5866640210151672
20,2,14,-0.07380253226273477,-0.5647498120974487,0.5515009164810181
20,2,15,-0.08663775526494952,-0.5904202581018781,0.6443732976913452
20,2,16,-0.19573715078377482,-0.5904202581018781,0.5965028405189514
20,2,17,-0.18931953928266745,-0.5904202581018781,0.6487811207771301
20,2,18,-0.2599132657948485,-0.5647498120974487,0.5885959267616272
20,2,19,-0.19573715078377482,-0.6674315961151666,0.6490524411201477
20,2,20,-0.21498998528709692,-0.6610139846140592,0.5831048488616943
20,2,21,-0.1572314817771306,-0.673849207616274,0.6409347057342529
20,2,22,-0.19573715078377482,-0.6866844306184887,0.5734070539474487
20,2,23,0.10589058976827162,0.019252834503322113,0.9955033659934998
20,2,24,-0.10589058976827162,-0.019252834503322113,0.9946332573890686
20,2,25,0.21498998528709692,0.7636957686317771,0.6332842111587524
20,2,26,0.0673849207616274,0.6481787616118445,0.6434602737426758
20,2,27,0.2984189348014928,1.5594795947690911,0.6599893569946289
20,2,28,0.23424281979041905,1.3027751347247964,0.6212999820709229
20,2,29,0.3754302728147812,1.6814142132901313,0.6462022066116333
20,2,30,0.336924603808137,1.3797864727380849,0.6283579468727112
20,2,31,0.08022014376384214,1.7840959973078492,0.6989353895187378
20,2,32,0.1829019277815601,1.5594795947690911,0.6643673181533813
21,1,0,0.3537742413452243,-1.2926366510690888,0.9971038699150084
21,1,1,0.319757487369722,-1.3742768606102944,0.997007429599762
21,1,2,0.3129541365746215,-1.3810802114053948,0.9971591234207152
21,1,3,0.30615078577952104,-1.3878835622004952,0.997231125831604
21,1,4,0.3129541365746215,-1.3742768606102944,0.9964591264724731
21,1,5,0.30615078577952104,-1.3742768606102944,0.9962108731269836
21,1,6,0.2925440841893201,-1.3810802114053948,0.9960232377052308
21,1,7,0.2109038746481145,-1.3878835622004952,0.9959810376167296
21,1,8,0.1836904714677126,-1.3742768606102944,0.995120406150818
21,1,9,0.319757487369722,-1.2246031431180842,0.9952694773674012
21,1,10,0.30615078577952104,-1.2246031431180842,0.9939473271369934
21,1,11,0.24492062862361683,-0.9728791636993669,0.9988653659820556
21,1,12,-0.013606701590200936,-1.0136992684699697,0.9982191324234008
21,1,13,0.30615078577952104,-0.4558245032717313,0.5382208228111267
21,1,14,-0.006803350795100468,-0.48984125724723365,0.5957935452461243
21,1,15,0.4558245032717313,-0.5986948699688411,0.6020206212997437
21,1,16,0.43541445088642994,-0.6191049223541425,0.6352608799934387
21,1,17,0.5714814667884393,-0.5986948699688411,0.6095455288887024
21,1,18,0.5782848175835398,-0.6054982207639416,0.6264986991882324
21,1,19,0.5714814667884393,-0.6667283779198458,0.6101850867271423
21,1,20,0.5782848175835398,-0.6803350795100468,0.6211550235748291
21,1,21,0.523858011222736,-0.6803350795100468,0.6027764678001404
21,1,22,0.5306613620178364,-0.7007451318953482,0.6100139617919922
21,1,23,0.10885361272160748,0.020410052385301403,0.9954429268836976
21,1,24,-0.10885361272160748,-0.020410052385301403,0.9939355850219728
21,1,25,0.16328041908241123,0.7687786398463529,0.6037710309028625
21,1,26,0.12926366510690887,0.6531216763296449,0.6568955183029175
21,1,27,-0.06803350795100467,1.6055907876437103,0.6311949491500854
21,1,28,-0.06123015715590421,1.4150969653808971,0.5929662585258484
21,1,29,-0.14967371749221028,1.687230997184916,0.6254205107688904
21,1,30,-0.14967371749221028,1.4287036669710982,0.6016520261764526
21,1,31,0.16328041908241123,1.7824779083163225,0.6812604069709778
21,1,32,0.1700837698775117,1.6123941384388107,0.6435601115226746
21,2,0,-0.14278521075648107,-1.208914784404873,0.9972703456878662
21,2,1,-0.12374718265561693,-1.2850668968083296,0.997222363948822
21,2,2,-0.11740117328866222,-1.2850668968083296,0.9973635673522948
21,2,3,-0.10470915455475278,-1.2914129061752844,0.997429370880127
21,2,4,-0.13643920138952637,-1.278720887441375,0.9966322779655457
21,2,5,-0.13009319202257164,-1.2850668968083296,0.9963769912719728
21,2,6,-0.13009319202257164,-1.2850668968083296,0.9961881041526794
21,2,7,-0.034903051518250926,-1.2850668968083296,0.9963507652282716
21,2,8,-0.07297910771997922,-1.278720887441375,0.9954177141189576
21,2,9,-0.10470915455475278,-1.1391086813683713,0.99571031332016
21,2,10,-0.11740117328866222,-1.1391086813683713,0.99443256855011
21,2,11,0.11740117328866222,-1.0058424846623222,0.998978078365326
21,2,12,-0.05394107961911507,-0.9931504659284128,0.998344659805298
21,2,13,0.17451525759125464,-0.4347016416363979,0.5834853649139404
21,2,14,-0.1998992950590735,-0.5425838008746281,0.5464553236961365
21,2,15,-0.17451525759125464,-0.5870058664433111,0.6399376392364502
21,2,16,-0.3204734730312131,-0.5870058664433111,0.592047929763794
21,2,17,-0.3014354449303489,-0.5933518758102658,0.6451930403709412
21,2,18,-0.3458575104990319,-0.5870058664433111,0.5889388918876648
21,2,19,-0.30778145429730364,-0.6631579788467676,0.6455764174461365
21,2,20,-0.3331654917651225,-0.6568119694798129,0.5841603875160217
21,2,21,-0.26335938872862064,-0.6695039882137224,0.6363523006439209
21,2,22,-0.30778145429730364,-0.6504659601128582,0.5756436586380005
21,2,23,0.0666330983530245,0.0222110327843415,0.9957841634750366
21,2,24,-0.0666330983530245,-0.0222110327843415,0.9940909147262572
21,2,25,0.11740117328866222,0.7646941287180431,0.6203944683074951
21,2,26,-0.0222110327843415,0.5743138477094016,0.6080275774002075
21,2,27,0.26970539809557537,1.5071772246517445,0.6207814812660217
21,2,28,0.18720727632516407,1.1708387282031447,0.545626699924469
21,2,29,0.3458575104990319,1.60871337452302,0.6167875528335571
21,2,30,0.2760514074625301,1.2406448312396465,0.5653087496757507
21,2,31,0.015865023417386787,1.6721734681925673,0.6631154417991638
21,2,32,0.07297910771997922,1.386603046679605,0.5986340045928955
22,1,0,0.34201154283451163,-1.2783926601095823,0.99725741147995
22,1,1,0.31544753950755927,-1.3514436692587013,0.9970869421958924
22,1,2,0.30880653867582114,-1.3580846700904394,0.99711412191391
22,1,3,0.30216553784408307,-1.3647256709221773,0.9972766637802124
22,1,4,0.30216553784408307,-1.3514436692587013,0.9966497421264648
22,1,5,0.295524537012345,-1.3580846700904394,0.996383011341095
22,1,6,0.2822425353488688,-1.3580846700904394,0.9963074922561646
22,1,7,0.20919152619974982,-1.3514436692587013,0.995762050151825
22,1,8,0.18926852370453556,-1.3514436692587013,0.9956602454185486
22,1,9,0.31544753950755927,-1.2053416509604633,0.9957709312438964
22,1,10,0.30216553784408307,-1.2053416509604633,0.9948292970657348
22,1,11,0.23575552952670217,-0.9795476226813682,0.9988515377044678
22,1,12,0.0033205004158690446,-1.0061116260083205,0.99849134683609
22,1,13,0.3287295411710354,-0.48811356113274956,0.5344780087471008
22,1,14,-0.04316650540629758,-0.52131856529144,0.591100811958313
22,1,15,0.441626555310583,-0.6408565802627256,0.597198486328125
22,1,16,0.4150625519836306,-0.6474975810944638,0.6313624978065491
22,1,17,0.5678055711136066,-0.6342155794309876,0.6063588261604309
22,1,18,0.5545235694501305,-0.6342155794309876,0.6270061731338501
22,1,19,0.5877285736088209,-0.6873435860848923,0.6068301200866699
22,1,20,0.5678055711136066,-0.7072665885801065,0.622215211391449
22,1,21,0.5279595661231781,-0.7006255877483685,0.59822016954422
22,1,22,0.5080365636279639,-0.7139075894118446,0.6119566559791565
22,1,23,0.08301251039672612,0.009961501247607134,0.9952928423881532
22,1,24,-0.08301251039672612,-0.009961501247607134,0.993413746356964
22,1,25,0.1627045203775832,0.7338305919070589,0.572906494140625
22,1,26,0.13614051705063085,0.6873435860848923,0.6281337141990662
22,1,27,-0.08301251039672612,1.484263685893463,0.5815621614456177
22,1,28,-0.0962945120602023,1.4244946784078203,0.5525261759757996
22,1,29,-0.16934552120932128,1.5971607000330106,0.5850982069969177
22,1,30,-0.18926852370453556,1.4975456875569393,0.5665650367736816
22,1,31,0.14942251871410703,1.5971607000330106,0.632774293422699
22,1,32,0.1627045203775832,1.4709816842299868,0.6051679849624634
22,2,0,-0.16448532301159227,-1.25460373826489,0.9974215626716614
22,2,1,-0.13223329889167224,-1.3255581913287142,0.9972974061965942
22,2,2,-0.1193324892437042,-1.3320085961526982,0.9973284006118774
22,2,3,-0.10643167959573618,-1.3320085961526982,0.997481882572174
22,2,4,-0.15158451336362425,-1.3191077865047303,0.9968245029449464
22,2,5,-0.15158451336362425,-1.3191077865047303,0.9965468645095824
22,2,6,-0.15803491818760826,-1.3255581913287142,0.9964556694030762
22,2,7,-0.08708046512378415,-1.3255581913287142,0.9961436986923218
22,2,8,-0.1193324892437042,-1.3126573816807463,0.9959062933921814
22,2,9,-0.1193324892437042,-1.196550094849034,0.9961579442024232
22,2,10,-0.15158451336362425,-1.196550094849034,0.995184600353241
22,2,11,0.14513410853964023,-1.0159387597774818,0.9989650845527648
22,2,12,-0.1838365374835443,-0.9836867356575617,0.9985479712486268
22,2,13,0.19028694230752832,-0.48700556421079283,0.5800646543502808
22,2,14,-0.2483405857233844,-0.5257079931546969,0.542945146560669
22,2,15,-0.19673734713151234,-0.6353648751624251,0.6359597444534302
22,2,16,-0.32574544361119256,-0.6482656848103932,0.5945701599121094
22,2,17,-0.3321958484351766,-0.6224640655144571,0.643287181854248
22,2,18,-0.4225015159709527,-0.6482656848103932,0.5954580903053284
22,2,19,-0.3386462532591606,-0.6934185185782812,0.6435448527336121
22,2,20,-0.4160511111469687,-0.7127697330502332,0.5912584066390991
22,2,21,-0.2999438243152565,-0.6998689234022651,0.6338452100753784
22,2,22,-0.37089827737908065,-0.7192201378742172,0.5828595757484436
22,2,23,0.07417965547581612,0.0032252024119920055,0.995716154575348
22,2,24,-0.07417965547581612,-0.0032252024119920055,0.9937615394592284
22,2,25,0.08708046512378415,0.7708233764660893,0.6014307141304016
22,2,26,-0.03547722653191206,0.6095632558664891,0.5892096161842346
22,2,27,0.2289893712514324,1.4481158829844105,0.6058083772659302
22,2,28,0.1773861326595603,1.1449468562571619,0.5158126354217529
22,2,29,0.32574544361119256,1.5577727649921387,0.6064938902854919
22,2,30,0.26124139537135244,1.22235171414497,0.5444278120994568
22,2,31,-0.07417965547581612,1.6029255987600266,0.6502905488014221
22,2,32,0.029026821707928047,1.3191077865047303,0.5773152709007263
23,1,0,0.37679110772469426,-1.320466134278433,0.997629940509796
23,1,1,0.3360569339166192,-1.3951454529265706,0.9975021481513976
23,1,2,0.3292679049486067,-1.3951454529265706,0.9975188374519348
23,1,3,0.3224788759805942,-1.4019344818945831,0.9976734519004822
23,1,4,0.3292679049486067,-1.3951454529265706,0.9970875978469848
23,1,5,0.3156898470125817,-1.3951454529265706,0.9968282580375672
23,1,6,0.30211178907655667,-1.3951454529265706,0.9967594146728516
23,1,7,0.22743247042841905,-1.3883564239585582,0.9964263439178468
23,1,8,0.20706538352438153,-1.3815673949905456,0.9962681531906128
23,1,9,0.3428459628846317,-1.2457868156302954,0.9964734315872192
23,1,10,0.3292679049486067,-1.2457868156302954,0.9956347346305848
23,1,11,0.2545885863004691,-0.9878037148458201,0.9989801645278932
23,1,12,0.010183543452018764,-0.9945927438138326,0.9986795783042908
23,1,13,0.29532276010854414,-0.5397278029569945,0.5405458211898804
23,1,14,-0.010183543452018764,-0.5125716870849445,0.5878608822822571
23,1,15,0.5125716870849445,-0.6687193533492322,0.6146363019943237
23,1,16,0.4446813974048194,-0.6755083823172446,0.6337459087371826
23,1,17,0.6415632374771821,-0.6619303243812197,0.6261401772499084
23,1,18,0.5872510057330821,-0.6755083823172446,0.6332012414932251
23,1,19,0.6347742085091697,-0.7298206140613448,0.6262273788452148
23,1,20,0.5872510057330821,-0.7569767299333948,0.6290149092674255
23,1,21,0.5804619767650695,-0.7366096430293573,0.6158943772315979
23,1,22,0.5261497450209695,-0.7637657589014073,0.61956787109375
23,1,23,0.07807383313214386,0.0033945144840062547,0.9956270456314088
23,1,24,-0.07807383313214386,-0.0033945144840062547,0.9937843680381776
23,1,25,0.3156898470125817,0.6822974112852572,0.577745795249939
23,1,26,0.2477995573324566,0.7162425561253197,0.6230635046958923
23,1,27,-0.05091771726009382,1.3408332211824705,0.588789165019989
23,1,28,-0.05091771726009382,1.361200308086508,0.5522501468658447
23,1,29,-0.16633120971630647,1.4562467136386832,0.593155562877655
23,1,30,-0.15954218074829396,1.4698247715747084,0.5737001299858093
23,1,31,0.12559703590823143,1.4766138005427207,0.6425768733024597
23,1,32,0.20027635455636902,1.3747783660225332,0.6081145405769348
23,2,0,-0.1816165182378787,-1.315038122796492,0.9976984262466432
23,2,1,-0.13453075425028052,-1.3890300376341465,0.997621774673462
23,2,2,-0.11435114111273845,-1.3890300376341465,0.9976290464401244
23,2,3,-0.09417152797519636,-1.3890300376341465,0.9977728724479676
23,2,4,-0.16143690510033662,-1.3890300376341465,0.9971866011619568
23,2,5,-0.16143690510033662,-1.3890300376341465,0.9969331622123718
23,2,6,-0.16143690510033662,-1.3890300376341465,0.9968901872634888
23,2,7,-0.11435114111273845,-1.3823034999216324,0.9967055916786194
23,2,8,-0.16143690510033662,-1.3755769622091183,0.9964660406112672
23,2,9,-0.14125729196279455,-1.2410462079588378,0.9967378973960876
23,2,10,-0.17488998052536467,-1.2410462079588378,0.995820701122284
23,2,11,0.11435114111273845,-0.9921643125958188,0.999078631401062
23,2,12,-0.20852266908793482,-1.005617388020847,0.9987648129463196
23,2,13,0.12107767882525247,-0.5414862858573791,0.585514485836029
23,2,14,-0.2825145839255891,-0.5414862858573791,0.5450147390365601
23,2,15,-0.2825145839255891,-0.6625639646826316,0.651176929473877
23,2,16,-0.34977996105072934,-0.6827435778201737,0.6054207682609558
23,2,17,-0.41704533817586964,-0.6491108892576035,0.6599410176277161
23,2,18,-0.4574045644509538,-0.6692905023951456,0.6086825132369995
23,2,19,-0.42377187588838366,-0.7298293418077718,0.6597514748573303
23,2,20,-0.44395148902592574,-0.7500089549453139,0.6043272614479065
23,2,21,-0.3699595741882714,-0.7365558795202859,0.6475626826286316
23,2,22,-0.4035922627508416,-0.7567354926578279,0.596365749835968
23,2,23,0.08071845255016831,0.003363268856257013,0.995850682258606
23,2,24,-0.08071845255016831,-0.003363268856257013,0.9940845966339112
23,2,25,-0.040359226275084155,0.7365558795202859,0.5864954590797424
23,2,26,-0.07399191483765429,0.7231028040952578,0.5695219039916992
23,2,27,0.06726537712514026,1.3553973490715763,0.5779944062232971
23,2,28,0.06726537712514026,1.3621238867840904,0.5070611834526062
23,2,29,0.2287022822254769,1.4899281033218568,0.5975162982940674
23,2,30,0.2287022822254769,1.4697484901843147,0.5431017875671387
23,2,31,-0.1008980656877104,1.563920018159511,0.6317412853240967
23,2,32,-0.12107767882525247,1.3823034999216324,0.565581202507019
24,1,0,0.3711427863905558,-1.3368013324622798,0.9978026747703552
24,1,1,0.33677771357661546,-1.4124044926529487,0.9977350234985352
24,1,2,0.3299046990138274,-1.4124044926529487,0.9977373480796814
24,1,3,0.32303168445103936,-1.4192775072157366,0.99788635969162
24,1,4,0.32303168445103936,-1.4124044926529487,0.9973405599594116
24,1,5,0.3092856553254632,-1.4124044926529487,0.9970793128013612
24,1,6,0.29553962619988705,-1.4124044926529487,0.9970494508743286
24,1,7,0.23368249513479442,-1.3986584635273724,0.9968871474266052
24,1,8,0.19931742232085406,-1.3917854489645844,0.9967101812362672
24,1,9,0.34365072813940356,-1.261198172271611,0.9969529509544371
24,1,10,0.3299046990138274,-1.268071186834399,0.996162474155426
24,1,11,0.23368249513479442,-1.0068966334484524,0.9990948438644408
24,1,12,0.0,-0.9794045751973001,0.9988653063774108
24,1,13,0.26804756794873474,-0.5464046577416516,0.5424118041992188
24,1,14,0.048111101939516496,-0.47767451211377093,0.5888720750808716
24,1,15,0.5017300630835292,-0.6701189198718369,0.622176468372345
24,1,16,0.4948570485207411,-0.6976109781229892,0.6428428888320923
24,1,17,0.6323173397765025,-0.6563728907462608,0.6365835070610046
24,1,18,0.6185713106509264,-0.6976109781229892,0.6445618271827698
24,1,19,0.6185713106509264,-0.7457220800625057,0.6367809772491455
24,1,20,0.6048252815253502,-0.7732141383136579,0.640404999256134
24,1,21,0.5567141795858338,-0.7525950946252937,0.6251927018165588
24,1,22,0.5567141795858338,-0.780087152876446,0.631165623664856
24,1,23,0.09622220387903299,0.0034365072813940353,0.9959046244621276
24,1,24,-0.09622220387903299,-0.0034365072813940353,0.9940853118896484
24,1,25,0.40550785920449617,0.5738967159928039,0.5906069874763489
24,1,26,0.23368249513479442,0.7251030363741415,0.6071076393127441
24,1,27,0.09622220387903299,1.1855950120809422,0.5722625851631165
24,1,28,-0.06873014562788071,1.3849124344017962,0.5281974673271179
24,1,29,-0.061857131065092635,1.2337061140204588,0.5856609344482422
24,1,30,-0.17182536406970178,1.5017536819691935,0.5557726621627808
24,1,31,0.22680948057200634,1.4192775072157366,0.6325638890266418
24,1,32,0.17182536406970178,1.453642580029677,0.5860190391540527
24,2,0,-0.20030520741614966,-1.3376313851180164,0.9979235529899596
24,2,1,-0.1459851511677023,-1.4123214624596316,0.9978536367416382
24,2,2,-0.12561513007453454,-1.4123214624596316,0.9978557229042052
24,2,3,-0.10524510898136677,-1.4123214624596316,0.9979941248893738
24,2,4,-0.15956516522981415,-1.4123214624596316,0.997462034225464
24,2,5,-0.15956516522981415,-1.4123214624596316,0.9972187876701356
24,2,6,-0.15277515819875823,-1.4123214624596316,0.9972065091133118
24,2,7,-0.13919514413664638,-1.3919514413664638,0.9971216320991516
24,2,8,-0.18672519335403784,-1.385161434335408,0.996865451335907
24,2,9,-0.16635517226087007,-1.2629413077764013,0.9971662759780884
24,2,10,-0.18672519335403784,-1.2629413077764013,0.9962724447250366
24,2,11,0.06450506679503125,-1.0185010546583881,0.9991814494132996
24,2,12,-0.18672519335403784,-0.9777610124720526,0.9988920092582704
24,2,13,0.06450506679503125,-0.5364105554534178,0.5874910950660706
24,2,14,-0.29536530585093257,-0.5024605202981381,0.5442306399345398
24,2,15,-0.342895355068324,-0.6382606609192566,0.6583245992660522
24,2,16,-0.2817852917888207,-0.6722106960745362,0.6053624749183655
24,2,17,-0.48548550272049834,-0.6314706538882007,0.6696139574050903
24,2,18,-0.4379554535031069,-0.6790007031055921,0.6086085438728333
24,2,19,-0.4786954956894424,-0.7197407452919277,0.6696029305458069
24,2,20,-0.45153546756521873,-0.7469007734161514,0.6036904454231262
24,2,21,-0.42437543944099504,-0.7265307523229836,0.6568801403045654
24,2,22,-0.3768453902236036,-0.7469007734161514,0.5954418778419495
24,2,23,0.0780850808571431,0.0,0.9961315393447876
24,2,24,-0.0780850808571431,0.0,0.9944221377372742
24,2,25,-0.20030520741614966,0.6518406749813684,0.6233986616134644
24,2,26,-0.1459851511677023,0.7197407452919277,0.5664877891540527
24,2,27,0.05771505976397533,1.3036813499627369,0.6013026237487793
24,2,28,-0.09166509491925494,1.36479141324224,0.5052378177642822
24,2,29,0.13919514413664638,1.3919514413664638,0.6129891872406006
24,2,30,0.010185010546583882,1.4802215327701909,0.5438348650932312
24,2,31,-0.15956516522981415,1.5141715679254704,0.6561636328697205
24,2,32,-0.2478352566335411,1.4802215327701909,0.5709481239318848
25,1,0,0.37713166403357046,-1.3374206233783101,0.9979494214057922
25,1,1,0.34221206551194355,-1.4142437401258892,0.9978638291358948
25,1,2,0.33522814580761817,-1.4212276598302145,0.997850239276886
25,1,3,0.33522814580761817,-1.4212276598302145,0.9980170726776124
25,1,4,0.33522814580761817,-1.4142437401258892,0.9975256323814392
25,1,5,0.3212603063989674,-1.4142437401258892,0.997257649898529
25,1,6,0.30729246699031665,-1.4212276598302145,0.9972751140594482
25,1,7,0.24443718965138825,-1.4002759007172385,0.9971346259117126
25,1,8,0.202533671425436,-1.393291981012913,0.9970110654830932
25,1,9,0.34221206551194355,-1.2675814263350562,0.9972261190414428
25,1,10,0.3282442261032928,-1.2675814263350562,0.996515691280365
25,1,11,0.18856583201678523,-1.0161603169793427,0.9991684556007384
25,1,12,0.006983919704325379,-0.9742567987533903,0.9989781975746156
25,1,13,0.23745326994706287,-0.5342698573808915,0.54140305519104
25,1,14,0.06285527733892841,-0.4644306603376377,0.5882601737976074
25,1,15,0.5028422187114273,-0.6390286529457722,0.6274930238723755
25,1,16,0.4958582990071019,-0.673948251467399,0.6432116031646729
25,1,17,0.6425206127979348,-0.6320447332414468,0.6451732516288757
25,1,18,0.6215688536849587,-0.6879160908760498,0.6451880931854248
25,1,19,0.6425206127979348,-0.7228356893976767,0.6456046104431152
25,1,20,0.6145849339806333,-0.7577552879193036,0.6405856013298035
25,1,21,0.5796653354590064,-0.7368035288063275,0.6332945823669434
25,1,22,0.5656974960503557,-0.7507713682149783,0.6311816573143005
25,1,23,0.09079095615622992,-0.0034919598521626896,0.9959504008293152
25,1,24,-0.09079095615622992,0.0034919598521626896,0.99416321516037
25,1,25,0.34221206551194355,0.5901412150154945,0.6102085709571838
25,1,26,0.24443718965138825,0.7577552879193036,0.6032978892326355
25,1,27,0.06285527733892841,1.260597506630731,0.5885893702507019
25,1,28,-0.06285527733892841,1.4212276598302145,0.5354198813438416
25,1,29,-0.03491959852162689,1.372340221899937,0.5987883806228638
25,1,30,-0.18158191231245985,1.5399542948037461,0.5638813972473145
25,1,31,0.22348543053841213,1.4910668568734684,0.6501114964485168
25,1,32,0.13967839408650756,1.5399542948037461,0.5960848927497864
25,2,0,-0.21428304515965546,-1.2856982709579328,0.9979822635650636
25,2,1,-0.18080131935345928,-1.3660544128928036,0.9978918433189392
25,2,2,-0.16740862903098083,-1.3660544128928036,0.9978823065757751
25,2,3,-0.15401593870850236,-1.3660544128928036,0.9980430603027344
25,2,4,-0.18749766451469851,-1.3660544128928036,0.9975237250328064
25,2,5,-0.18749766451469851,-1.3660544128928036,0.9972694516181946
25,2,6,-0.18080131935345928,-1.3660544128928036,0.9973114728927612
25,2,7,-0.14062324838602389,-1.3459653774090858,0.9972897171974182
25,2,8,-0.18080131935345928,-1.3459653774090858,0.9970291256904602
25,2,9,-0.18080131935345928,-1.2187348193455403,0.9973572492599488
25,2,10,-0.200890354837177,-1.2187348193455403,0.9964378476142884
25,2,11,0.03348172580619616,-1.0178444645083633,0.9992475509643556
25,2,12,-0.16740862903098083,-0.977666393540928,0.9989789128303528
25,2,13,0.06696345161239232,-0.5089222322541817,0.5864748954772949
25,2,14,-0.2544611161270908,-0.4486551258030286,0.542356014251709
25,2,15,-0.32812091290072243,-0.5959747193502917,0.6629887223243713
25,2,16,-0.33481725806196166,-0.6428491354789664,0.6038781404495239
25,2,17,-0.4754405064479855,-0.575885683866574,0.6772949695587158
25,2,18,-0.4754405064479855,-0.6495454806402056,0.6077396273612976
25,2,19,-0.4754405064479855,-0.662938170962684,0.6774753928184509
25,2,20,-0.4687441612867463,-0.7098125870913586,0.6026439666748047
25,2,21,-0.41517339999683245,-0.6830272064464018,0.6638217568397522
25,2,22,-0.4285660903193109,-0.7098125870913586,0.5943020582199097
25,2,23,0.060267106451153095,-0.006696345161239233,0.9961435794830322
25,2,24,-0.060267106451153095,0.006696345161239233,0.9943817853927612
25,2,25,-0.24776477096585162,0.6361527903177271,0.6411176323890686
25,2,26,-0.14062324838602389,0.7232052774138371,0.5642430186271667
25,2,27,0.006696345161239233,1.2589128903129758,0.617040753364563
25,2,28,-0.0803561419348708,1.3392690322478467,0.5121645331382751
25,2,29,0.14062324838602389,1.406232483860239,0.6249071359634399
25,2,30,0.0200890354837177,1.4798922806338703,0.551864504814148
25,2,31,-0.19419400967593775,1.5066776612788273,0.6720918416976929
25,2,32,-0.23437208064337314,1.493284970956349,0.5801461935043335
26,1,0,0.40616748858710716,-1.3550897628083132,0.9981659650802612
26,1,1,0.3774122681561615,-1.4413554241011501,0.9980885982513428
26,1,2,0.3702234630484251,-1.4413554241011501,0.9980806708335876
26,1,3,0.3630346579406887,-1.4413554241011501,0.99822598695755
26,1,4,0.3630346579406887,-1.4341666189934137,0.9977496266365052
26,1,5,0.3558458528329523,-1.4413554241011501,0.997516930103302
26,1,6,0.3414682426174795,-1.4413554241011501,0.9975523352622986
26,1,7,0.2911466068633246,-1.419789008777941,0.9975437521934508
26,1,8,0.2552025813246426,-1.4126002036702046,0.9973090887069702
26,1,9,0.3846010732638979,-1.2760129066232129,0.9976038336753844
26,1,10,0.3702234630484251,-1.2760129066232129,0.9967809915542604
26,1,11,0.17612572513954206,-1.0100271176369655,0.9993053674697876
26,1,12,0.07548245363123231,-0.9740830920982836,0.9990713596343994
26,1,13,0.2552025813246426,-0.4924331498799441,0.5445269346237183
26,1,14,0.16893692003180563,-0.40616748858710716,0.585708498954773
26,1,15,0.5571323958495717,-0.6218316418191995,0.6351436972618103
26,1,16,0.5715100060650445,-0.6577756673578815,0.6393110752105713
26,1,17,0.7009084980043,-0.6074540316037267,0.6525766253471375
26,1,18,0.6937196928965635,-0.6721532775733543,0.6410065293312073
26,1,19,0.6937196928965635,-0.6937196928965635,0.6540848016738892
26,1,20,0.6865308877888272,-0.7440413286507185,0.6361896991729736
26,1,21,0.6362092520346723,-0.7080973031120363,0.6412187218666077
26,1,22,0.6290204469269359,-0.7440413286507185,0.6253788471221924
26,1,23,0.06110484341575948,-0.017972012769341024,0.9963019490242004
26,1,24,-0.06110484341575948,0.017972012769341024,0.9946417808532716
26,1,25,0.45648912434126204,0.5499435907418354,0.645168662071228
26,1,26,0.298335411971061,0.7512301337584548,0.6051855683326721
26,1,27,0.298335411971061,1.26163529640774,0.6371318697929382
26,1,28,-0.03234962298481384,1.470110644532096,0.5575955510139465
26,1,29,0.24082497110916973,1.3766561781315225,0.637590765953064
26,1,30,-0.1545593098163328,1.6066979415790876,0.5877751708030701
26,1,31,0.5283771754186262,1.4485442292088866,0.6919189095497131
26,1,32,0.2048809455704877,1.613886746686824,0.6185609102249146
26,2,0,-0.23544307243077545,-1.3318346933024463,0.9982661604881288
26,2,1,-0.20733046676739927,-1.4161725102925748,0.99820077419281
26,2,2,-0.20030231535155524,-1.4161725102925748,0.998192012310028
26,2,3,-0.18624601251986717,-1.4161725102925748,0.998329758644104
26,2,4,-0.20733046676739927,-1.4161725102925748,0.9978711009025574
26,2,5,-0.1932741639357112,-1.4161725102925748,0.9976507425308228
26,2,6,-0.1792178611040231,-1.4232006617084187,0.9976986646652222
26,2,7,-0.18624601251986717,-1.3950880560450427,0.9977263808250428
26,2,8,-0.21435861818324334,-1.4021162074608866,0.997489869594574
26,2,9,-0.20030231535155524,-1.2545250277281619,0.9977932572364808
26,2,10,-0.20030231535155524,-1.2545250277281619,0.9969752430915833
26,2,11,-0.017570378539610108,-0.9944834253419321,0.9993717670440674
26,2,12,-0.10893634694558267,-1.0015115767577762,0.9990959167480468
26,2,13,-0.003514075707922022,-0.488456523401161,0.5892617702484131
26,2,14,-0.20733046676739927,-0.488456523401161,0.5400682091712952
26,2,15,-0.3830342521635004,-0.6149632488863538,0.6703166365623474
26,2,16,-0.3549216465001242,-0.6571321573814181,0.5982033014297485
26,2,17,-0.5306254318962252,-0.6079350974705098,0.6849109530448914
26,2,18,-0.5306254318962252,-0.6641603087972621,0.6008304953575134
26,2,19,-0.5235972804803812,-0.6922729144606383,0.6860430240631104
26,2,20,-0.5376535833120694,-0.7344418229557026,0.5957871079444885
26,2,21,-0.47440022056947295,-0.6993010658764823,0.6723029017448425
26,2,22,-0.488456523401161,-0.7344418229557026,0.5871498584747314
26,2,23,0.017570378539610108,-0.010542227123766065,0.9965157508850098
26,2,24,-0.017570378539610108,0.010542227123766065,0.9947506189346312
26,2,25,-0.22138676959908737,0.6360477031338859,0.675407350063324
26,2,26,-0.1440771040248029,0.7344418229557026,0.5764159560203552
26,2,27,-0.26355567809415165,1.3318346933024463,0.667112410068512
26,2,28,-0.04568298420298628,1.4583414187876391,0.5464578866958618
26,2,29,-0.20030231535155524,1.5286229329460794,0.6665982604026794
26,2,30,0.017570378539610108,1.5848481442728317,0.5862029194831848
26,2,31,-0.6009069460546658,1.4934821758668593,0.7150446176528931
26,2,32,-0.2424712238466195,1.5848481442728317,0.6103576421737671
27,1,0,0.3913628537957898,-1.3536128062478234,0.9984345436096193
27,1,1,0.36263897461811717,-1.4326034739864233,0.9983770847320556
27,1,2,0.36263897461811717,-1.4397844437808414,0.9983695149421692
27,1,3,0.355458004823699,-1.4397844437808414,0.9984931349754332
27,1,4,0.355458004823699,-1.4326034739864233,0.998077392578125
27,1,5,0.3482770350292808,-1.4397844437808414,0.9978787302970886
27,1,6,0.3410960652348627,-1.4397844437808414,0.9979201555252076
27,1,7,0.27646733708509924,-1.418241534397587,0.9979488253593444
27,1,8,0.2621053974962629,-1.4110605646031686,0.9977371096611024
27,1,9,0.3698199444125353,-1.2746221385092236,0.9980086088180542
27,1,10,0.36263897461811717,-1.2746221385092236,0.9972732067108154
27,1,11,0.09694309222464519,-1.0089262561157517,0.9994291067123412
27,1,12,0.1113050318134815,-0.9802023769380791,0.9991833567619324
27,1,13,0.18311472975766313,-0.4631725517399714,0.5443487167358398
27,1,14,0.19747666934649943,-0.4129057631790443,0.5836709141731262
27,1,15,0.4847154611232259,-0.5996109778339165,0.6325170397758484
27,1,16,0.5637061288618257,-0.6139729174227528,0.6332449316978455
27,1,17,0.6355158268060073,-0.6067919476283347,0.6479371786117554
27,1,18,0.7001445549557708,-0.621153887217171,0.6326965093612671
27,1,19,0.621153887217171,-0.6857826153669344,0.6506907343864441
27,1,20,0.6786016455725162,-0.7001445549557708,0.6279085874557495
27,1,21,0.5708870986562439,-0.6929635851613526,0.63819819688797
27,1,22,0.6283348570115891,-0.707325524750189,0.6163631677627563
27,1,23,0.017952424486045403,-0.017952424486045403,0.9967857003211976
27,1,24,-0.017952424486045403,0.017952424486045403,0.9951385259628296
27,1,25,0.39854382359020796,0.5852490382450801,0.6722260117530823
27,1,26,0.3195531558516082,0.714506494544607,0.6162254214286804
27,1,27,0.4129057631790443,1.3536128062478234,0.6846616268157959
27,1,28,-0.08258115263580885,1.4972322021361866,0.5889652967453003
27,1,29,0.3913628537957898,1.5044131719306049,0.6798245906829834
27,1,30,-0.2046576391409176,1.6264896584357136,0.6189477443695068
27,1,31,0.7647732831055342,1.4900512323417685,0.7313086986541748
27,1,32,0.2262005485241721,1.6193086886412955,0.6455470323562622
27,2,0,-0.20614129127009628,-1.3451592735421538,0.9985527992248536
27,2,1,-0.17818992974194764,-1.4220255177445627,0.9985076189041138
27,2,2,-0.16421424897787332,-1.4220255177445627,0.9984984993934632
27,2,3,-0.15722640859583617,-1.4220255177445627,0.9986151456832886
27,2,4,-0.18517777012398481,-1.4220255177445627,0.998229682445526
27,2,5,-0.17818992974194764,-1.4220255177445627,0.998044490814209
27,2,6,-0.1712020893599105,-1.4290133581265998,0.9980903267860411
27,2,7,-0.14325072783176182,-1.401061996598451,0.9981274008750916
27,2,8,-0.15722640859583617,-1.401061996598451,0.9979257583618164
27,2,9,-0.16421424897787332,-1.2613051889577078,0.998180627822876
27,2,10,-0.17818992974194764,-1.2613051889577078,0.9974793195724488
27,2,11,-0.05939664324731588,-0.9957672544402957,0.999483585357666
27,2,12,-0.017469600955092906,-1.0027550948223327,0.9991989731788636
27,2,13,-0.03144528171916723,-0.47866706616954563,0.5887477993965149
27,2,14,-0.08036016439342737,-0.44372786425935984,0.5308573246002197
27,2,15,-0.30397105661861656,-0.6044481930462146,0.6667129993438721
27,2,16,-0.16421424897787332,-0.625411714192326,0.5784366130828857
27,2,17,-0.43674002387732264,-0.6184238738102888,0.6789222359657288
27,2,18,-0.32493457776472806,-0.625411714192326,0.5794169902801514
27,2,19,-0.42276434311324834,-0.6813144372486234,0.681003749370575
27,2,20,-0.3738494604389882,-0.7022779583947348,0.5747907757759094
27,2,21,-0.3738494604389882,-0.6883022776306605,0.6665353775024414
27,2,22,-0.2690318547084308,-0.709265798776772,0.5650466084480286
27,2,23,-0.05939664324731588,-0.0034939201910185813,0.9970452189445496
27,2,24,0.05939664324731588,0.0034939201910185813,0.9953787922859192
27,2,25,-0.2550561739443564,0.6323995545743633,0.7000683546066284
27,2,26,-0.07337232401139021,0.709265798776772,0.5799537301063538
27,2,27,-0.2550561739443564,1.52684312347512,0.7110351324081421
27,2,28,0.12228720668565034,1.4779282408008598,0.5763394236564636
27,2,29,-0.21312913165213346,1.652624250351789,0.7062816023826599
27,2,30,0.22710481241620778,1.5967215272954915,0.6192561984062195
27,2,31,-0.6114360334282517,1.6037093676775287,0.7520399689674377
27,2,32,-0.12228720668565034,1.5897336869134544,0.636680543422699
28,1,0,0.3937071041094801,-1.3581089095886654,0.9986914992332458
28,1,1,0.35758718630127095,-1.4375727287667257,0.9986525177955629
28,1,2,0.3503632027396291,-1.4375727287667257,0.9986445307731628
28,1,3,0.3431392191779873,-1.4375727287667257,0.9987492561340332
28,1,4,0.3503632027396291,-1.4375727287667257,0.9983997941017152
28,1,5,0.33591523561634545,-1.4375727287667257,0.9982330203056335
28,1,6,0.3286912520547036,-1.4375727287667257,0.9982732534408568
28,1,7,0.2492274328766434,-1.4159007780818,0.9983084201812744
28,1,8,0.22755548219171787,-1.4159007780818,0.9981298446655272
28,1,9,0.3648111698629128,-1.2786450904106053,0.9983577132225036
28,1,10,0.3503632027396291,-1.2786450904106053,0.9977275729179382
28,1,11,0.10474776164380664,-1.0041337150682155,0.9995304942131042
28,1,12,0.12641971232873214,-0.9824617643832899,0.999277412891388
28,1,13,0.1914355643835087,-0.44066299726015207,0.5429407358169556
28,1,14,0.25645141643828523,-0.3756471452053755,0.5759208798408508
28,1,15,0.5237388082190332,-0.5706947013697051,0.6283058524131775
28,1,16,0.5887546602738097,-0.5562467342464215,0.6179386973381042
28,1,17,0.6537705123285863,-0.5490227506847797,0.6404871344566345
28,1,18,0.7187863643833629,-0.5345747835614959,0.6170237064361572
28,1,19,0.6393225452053026,-0.621262586301198,0.6438650488853455
28,1,20,0.6971144136984373,-0.621262586301198,0.6127514243125916
28,1,21,0.5743066931505261,-0.6429345369861235,0.6308900713920593
28,1,22,0.6537705123285863,-0.6429345369861235,0.6021139621734619
28,1,23,0.018059958904104594,-0.014447967123283674,0.9972356557846068
28,1,24,-0.018059958904104594,0.014447967123283674,0.9956994652748108
28,1,25,0.3720351534245546,0.6573825041094072,0.6889949440956116
28,1,26,0.3286912520547036,0.7585182739723929,0.6184214949607849
28,1,27,0.4153790547944056,1.4375727287667257,0.7202192544937134
28,1,28,-0.06140386027395562,1.5459324821913532,0.6160080432891846
28,1,29,0.33591523561634545,1.5676044328762786,0.7127419114112854
28,1,30,-0.16253963013694134,1.6687402027392644,0.650741696357727
28,1,31,0.754906282191572,1.5387084986297113,0.7614739537239075
28,1,32,0.22755548219171787,1.6687402027392644,0.6694883704185486
28,2,0,-0.15405178349178505,-1.3179985920963833,0.9988139867782592
28,2,1,-0.12666479975991216,-1.3864660514260654,0.9987804889678956
28,2,2,-0.11981805382694392,-1.3864660514260654,0.9987729787826538
28,2,3,-0.1129713078939757,-1.3933127973590336,0.9988674521446228
28,2,4,-0.13351154569288037,-1.3864660514260654,0.9985514879226683
28,2,5,-0.13351154569288037,-1.3933127973590336,0.9984006881713868
28,2,6,-0.12666479975991216,-1.3933127973590336,0.9984380602836608
28,2,7,-0.05819734043022991,-1.3659258136271608,0.9984734058380128
28,2,8,-0.07873757822913457,-1.3590790676941924,0.998306930065155
28,2,9,-0.11981805382694392,-1.2358376409007645,0.9985159635543824
28,2,10,-0.13351154569288037,-1.2358376409007645,0.9979394674301147
28,2,11,-0.003423372966484112,-1.0030482791798447,0.9995761513710022
28,2,12,-0.05135059449726168,-0.9962015332468767,0.9993215203285216
28,2,13,-0.030810356698357008,-0.4210748748775458,0.5878060460090637
28,2,14,-0.04450384856429346,-0.4484618586094187,0.532078742980957
28,2,15,-0.20882575095553083,-0.5717032854028468,0.6627673506736755
28,2,16,-0.2293659887544355,-0.5990902691347196,0.5757653713226318
28,2,17,-0.3320671777489589,-0.5648565394698785,0.671230137348175
28,2,18,-0.3320671777489589,-0.578550031335815,0.5762835741043091
28,2,19,-0.3115269399500542,-0.6196305069336243,0.6739345788955688
28,2,20,-0.31837368588302245,-0.6333239987995607,0.5714094042778015
28,2,21,-0.27044646435224484,-0.640170744732529,0.6588783264160156
28,2,22,-0.27044646435224484,-0.6538642365984654,0.562271237373352
28,2,23,0.023963610765388783,-0.010270118899452335,0.9974103569984436
28,2,24,-0.023963610765388783,0.010270118899452335,0.9958863258361816
28,2,25,-0.12666479975991216,0.6607109825314337,0.7136824131011963
28,2,26,0.010270118899452335,0.7360251877940841,0.5865696668624878
28,2,27,-0.21567249688849907,1.5097074782194935,0.7417272329330444
28,2,28,0.18143876722365795,1.468627002621684,0.605964183807373
28,2,29,-0.1745920212906897,1.6397956509458897,0.7331812381744385
28,2,30,0.29783344808411777,1.5987151753480804,0.650429904460907
28,2,31,-0.5237760638720691,1.5987151753480804,0.7782308459281921
28,2,32,-0.023963610765388783,1.5918684294151122,0.6628370881080627
29,1,0,0.4023746856448996,-1.3521239436535815,0.9989097714424132
29,1,1,0.3588747196292348,-1.431873881348967,0.9988836646080016
29,1,2,0.35162472529329064,-1.4391238756849112,0.998875617980957
29,1,3,0.3443747309573465,-1.4391238756849112,0.998963177204132
29,1,4,0.35162472529329064,-1.431873881348967,0.9986746907234192
29,1,5,0.3443747309573465,-1.431873881348967,0.99853515625
29,1,6,0.3298747422854582,-1.4391238756849112,0.998570680618286
29,1,7,0.2428748102541286,-1.4173738926770787,0.9985971450805664
29,1,8,0.22837482158224032,-1.4028739040051905,0.9984614849090576
29,1,9,0.3661247139651789,-1.272374005958196,0.9986412525177002
29,1,10,0.3588747196292348,-1.272374005958196,0.998130977153778
29,1,11,0.14137488955091068,-1.0113742098642071,0.9995965957641602
29,1,12,0.09062492919930171,-0.9751242381844865,0.999384343624115
29,1,13,0.18487485556657549,-0.4386246573246203,0.540958821773529
29,1,14,0.17762486123063137,-0.38787469697301136,0.5772110223770142
29,1,15,0.5256245893559499,-0.4966246120121734,0.61788010597229
29,1,16,0.5908745383794471,-0.4603746403324527,0.6146108508110046
29,1,17,0.634374504395112,-0.44587465166056445,0.6277908682823181
29,1,18,0.7286244307623858,-0.40962467998084373,0.6133366227149963
29,1,19,0.6488744930670003,-0.5183745950200058,0.6317400336265564
29,1,20,0.7431244194342741,-0.47487462900434096,0.6088178157806396
29,1,21,0.6053745270513354,-0.5473745723637824,0.6187161803245544
29,1,22,0.6996244534186092,-0.5038746063481175,0.5977079272270203
29,1,23,0.04712496318363689,-0.018124985839860344,0.9974343180656432
29,1,24,-0.04712496318363689,0.018124985839860344,0.9960908889770508
29,1,25,0.3806247026370672,0.6706244760748327,0.7070292234420776
29,1,26,0.30812475927762584,0.7576244081061623,0.625458836555481
29,1,27,0.424124668652732,1.4681238530286878,0.7539364695549011
29,1,28,-0.06162495185552516,1.5768737680678497,0.6435264945030212
29,1,29,0.3588747196292348,1.6131237397475704,0.7410802841186523
29,1,30,-0.17037486689468723,1.7073736661148442,0.6787974238395691
29,1,31,0.7576244081061623,1.5913737567397381,0.7904834151268005
29,1,32,0.23562481591818446,1.7073736661148442,0.6941927075386047
29,2,0,-0.13999300052495625,-1.3232671716287532,0.998969316482544
29,2,1,-0.11332766709163127,-1.3899305052120658,0.9989423155784608
29,2,2,-0.10666133373330001,-1.3899305052120658,0.998935341835022
29,2,3,-0.09999500037496876,-1.3899305052120658,0.9990152716636658
29,2,4,-0.11332766709163127,-1.3899305052120658,0.9987437129020692
29,2,5,-0.11332766709163127,-1.3899305052120658,0.9986153841018676
29,2,6,-0.10666133373330001,-1.396596838570397,0.998649537563324
29,2,7,-0.0666633335833125,-1.3565988384204095,0.9986977577209472
29,2,8,-0.079996000299975,-1.3565988384204095,0.998565435409546
29,2,9,-0.11332766709163127,-1.236604837970447,0.9987515807151794
29,2,10,-0.11999400044996252,-1.2432711713287783,0.9982566833496094
29,2,11,-0.01999900007499375,-1.0032831704288532,0.9996333718299866
29,2,12,0.0,-0.996616837070522,0.9993747472763062
29,2,13,0.026665333433325004,-0.45664383504569067,0.5860267877578735
29,2,14,-0.0399980001499875,-0.46997650176235317,0.5254812240600586
29,2,15,-0.20665633410826878,-0.5233071686290032,0.6545097231864929
29,2,16,-0.133326667166625,-0.543306168703997,0.5622747540473938
29,2,17,-0.346649334633225,-0.48330916847901567,0.6621346473693848
29,2,18,-0.293318667766575,-0.5366398353456656,0.5625601410865784
29,2,19,-0.3399830012748938,-0.543306168703997,0.6654052734375
29,2,20,-0.2733196676915813,-0.5233071686290032,0.5581660866737366
29,2,21,-0.2866523344082438,-0.5766378354956532,0.6513131856918335
29,2,22,-0.23332166754159378,-0.5366398353456656,0.5489514470100403
29,2,23,-0.05999700022498126,-0.0033331666791656255,0.99747633934021
29,2,24,0.05999700022498126,0.0033331666791656255,0.9959242343902588
29,2,25,-0.07332966694164375,0.7166308360206094,0.7317495942115784
29,2,26,0.05333066686665001,0.729963502737272,0.5957537293434143
29,2,27,-0.1466593338832875,1.503258172303697,0.7718828916549683
29,2,28,0.20665633410826878,1.4699265055120407,0.6363204717636108
29,2,29,-0.11999400044996252,1.6232521727536595,0.7623497247695923
29,2,30,0.2999850011249063,1.5965868393203344,0.6842270493507385
29,2,31,-0.4599770017248563,1.5699215058870095,0.803291916847229
29,2,32,-0.01999900007499375,1.5765878392453407,0.6902591586112976
30,1,0,0.40507777056462624,-1.3371151187664212,0.9990281462669371
30,1,1,0.3692301802491726,-1.4231493355235099,0.9990105628967284
30,1,2,0.36206066218608185,-1.4231493355235099,0.9990012049674988
30,1,3,0.3548911441229911,-1.4303188535866007,0.9990799427032472
30,1,4,0.36206066218608185,-1.4231493355235099,0.9988279938697816
30,1,5,0.3477216260599004,-1.4231493355235099,0.998704195022583
30,1,6,0.3405521079968097,-1.4231493355235099,0.9987404942512512
30,1,7,0.2473483731766302,-1.4088102993973284,0.9987715482711792
30,1,8,0.2330093370504487,-1.4016407813342378,0.998679518699646
30,1,9,0.3692301802491726,-1.2654199381355138,0.998828113079071
30,1,10,0.3548911441229911,-1.2654199381355138,0.9984009861946106
30,1,11,0.1326360841671785,-1.0144868059273382,0.999639332294464
30,1,12,0.10395801191481559,-0.9714696975487939,0.9994294047355652
30,1,13,0.1828227106088136,-0.45526439700626137,0.5396395921707153
30,1,14,0.16131415641954142,-0.3979082525015355,0.5713067054748535
30,1,15,0.5269595776371686,-0.491111987321715,0.6146156191825867
30,1,16,0.5914852402049852,-0.45526439700626137,0.6028389930725098
30,1,17,0.6201633124573481,-0.43375584281698915,0.6245143413543701
30,1,18,0.7133670472775276,-0.412247288627717,0.6014988422393799
30,1,19,0.6416718666466203,-0.5054510234478965,0.6292635798454285
30,1,20,0.7277060834037091,-0.46243391506935205,0.5974428057670593
30,1,21,0.5986547582680759,-0.5341290957002593,0.6168978214263916
30,1,22,0.6846889750251647,-0.4839424692586243,0.5866907238960266
30,1,23,0.032262831283908285,-0.017923795157726824,0.9973867535591124
30,1,24,-0.032262831283908285,0.017923795157726824,0.9960028529167176
30,1,25,0.40507777056462624,0.6703499388989832,0.720633327960968
30,1,26,0.31904355380753746,0.7707231917822535,0.6325281858444214
30,1,27,0.45526439700626137,1.4589969258389635,0.7784000039100647
30,1,28,-0.05377138547318047,1.5952177690376874,0.6700918078422546
30,1,29,0.39073873443844476,1.5952177690376874,0.7643221020698547
30,1,30,-0.1541446383564507,1.6955910219209576,0.7078738808631897
30,1,31,0.7492146375929812,1.5665396967853245,0.8109597563743591
30,1,32,0.2473483731766302,1.7314386122364112,0.7180626392364502
30,2,0,-0.17210902078429507,-1.3073666001883952,0.999070167541504
30,2,1,-0.13901113217193062,-1.373562377413124,0.999050796031952
30,2,2,-0.13239155444945774,-1.373562377413124,0.9990425705909728
30,2,3,-0.12577197672698484,-1.373562377413124,0.999113917350769
30,2,4,-0.14563070989440352,-1.373562377413124,0.9988741278648376
30,2,5,-0.13901113217193062,-1.373562377413124,0.9987602829933168
30,2,6,-0.13239155444945774,-1.380181955135597,0.9987958073616028
30,2,7,-0.09267408811462043,-1.3470840665232324,0.998849093914032
30,2,8,-0.10591324355956619,-1.3470840665232324,0.9987555742263794
30,2,9,-0.13901113217193062,-1.2279316675187206,0.9989152550697328
30,2,10,-0.14563070989440352,-1.2279316675187206,0.998492419719696
30,2,11,-0.039717466334837324,-1.0094856026771153,0.999671459197998
30,2,12,-0.019858733167418662,-0.9896268695096966,0.9994109869003296
30,2,13,0.006619577722472887,-0.4666802294343385,0.5847743153572083
30,2,14,-0.05957619950225598,-0.4666802294343385,0.5195642709732056
30,2,15,-0.23830479800902393,-0.5063976957691758,0.6513463854789734
30,2,16,-0.1588698653393493,-0.5394955843815403,0.5502763390541077
30,2,17,-0.3706963524584817,-0.49315854032423007,0.6588411927223206
30,2,18,-0.2714026866213884,-0.5461151621040132,0.5505481362342834
30,2,19,-0.3574571970135359,-0.5461151621040132,0.6628221273422241
30,2,20,-0.29788099751127994,-0.5593543175489589,0.5466340780258179
30,2,21,-0.3045005752337528,-0.5593543175489589,0.6491255164146423
30,2,22,-0.2581635311764426,-0.5593543175489589,0.5377407073974609
30,2,23,-0.05957619950225598,-0.0033097888612364434,0.9974377751350404
30,2,24,0.05957619950225598,0.0033097888612364434,0.9958430528640748
30,2,25,-0.09267408811462043,0.7049850274433624,0.7440834045410156
30,2,26,0.033097888612364436,0.731463338333254,0.6022912859916687
30,2,27,-0.16548944306182217,1.4860951986951632,0.7944660186767578
30,2,28,0.16548944306182217,1.4662364655277444,0.6622962355613708
30,2,29,-0.13901113217193062,1.5986280199772023,0.7835271954536438
30,2,30,0.2581635311764426,1.5787692868097836,0.7118035554885864
30,2,31,-0.48322917374052077,1.552290975919892,0.822654664516449
30,2,32,-0.052956621779783095,1.5853888645322565,0.7138853669166565
31,1,0,0.3773006601019507,-1.36326559263252,0.9991323351860046
31,1,1,0.34882513858482234,-1.4344543964253407,0.999111533164978
31,1,2,0.34170625820554024,-1.4344543964253407,0.999104142189026
31,1,3,0.33458737782625814,-1.4415732768046228,0.9991745948791504
31,1,4,0.33458737782625814,-1.4344543964253407,0.9989506602287292
31,1,5,0.32034961706769394,-1.4344543964253407,0.9988450407981871
31,1,6,0.3132307366884119,-1.4344543964253407,0.9988784193992616
31,1,7,0.27051745441271935,-1.4130977552874944,0.998901665210724
31,1,8,0.24916081327487308,-1.4059788749082125,0.9988484978675842
31,1,9,0.34882513858482234,-1.2778390280811347,0.998978555202484
31,1,10,0.33458737782625814,-1.2849579084604168,0.9986189007759094
31,1,11,0.09966432530994923,-1.0144404540476974,0.9996594190597534
31,1,12,0.06406992341353879,-0.9788460521512871,0.99946266412735
31,1,13,0.10678320568923132,-0.45916778446369466,0.5362232327461243
31,1,14,0.08542656455138506,-0.4164545021880022,0.5663199424743652
31,1,15,0.405776181619079,-0.3452656983951813,0.6060765981674194
31,1,16,0.562391549963285,-0.3452656983951813,0.5920103192329407
31,1,17,0.5481537892047208,-0.2811957749816425,0.6159000992774963
31,1,18,0.6976502771696447,-0.29543353574020664,0.5906926393508911
31,1,19,0.5837481911011312,-0.3381468180158992,0.6206777691841125
31,1,20,0.726125798686773,-0.3452656983951813,0.5868878364562988
31,1,21,0.5481537892047208,-0.36662233953302753,0.6076667308807373
31,1,22,0.6976502771696447,-0.36662233953302753,0.5751898884773254
31,1,23,0.035594401896410444,-0.010678320568923132,0.9972455501556396
31,1,24,-0.035594401896410444,0.010678320568923132,0.9958979487419128
31,1,25,0.3630628993433865,0.6798530762214394,0.730841338634491
31,1,26,0.2918740955505656,0.7795174015313886,0.6395222544670105
31,1,27,0.405776181619079,1.4486921571839049,0.8002249002456665
31,1,28,-0.06406992341353879,1.5981886451488287,0.6941150426864624
31,1,29,0.3559440189641044,1.5768320040109824,0.786315381526947
31,1,30,-0.1850908898613343,1.70497185083806,0.7333238124847412
31,1,31,0.7047691575489267,1.5768320040109824,0.8288975954055786
31,1,32,0.21356641137846263,1.70497185083806,0.7393258810043335
31,2,0,-0.11580265665118432,-1.3433108171537382,0.9992037415504456
31,2,1,-0.14888912998009413,-1.4161010584773397,0.999182939529419
31,2,2,-0.14888912998009413,-1.4161010584773397,0.9991759061813354
31,2,3,-0.14888912998009413,-1.4227183531431218,0.9992401599884032
31,2,4,-0.15550642464587608,-1.4161010584773397,0.9990357756614684
31,2,5,-0.16212371931165806,-1.4227183531431218,0.9989399909973145
31,2,6,-0.16874101397744,-1.4227183531431218,0.998971462249756
31,2,7,-0.10918536198540237,-1.3962491744799939,0.9989967942237854
31,2,8,-0.14888912998009413,-1.3962491744799939,0.9989436864852904
31,2,9,-0.14227183531431217,-1.2572859864985726,0.999070405960083
31,2,10,-0.15550642464587608,-1.2572859864985726,0.9987340569496156
31,2,11,0.06948159399071059,-1.025680673196204,0.999689280986786
31,2,12,-0.14888912998009413,-0.9727423158699483,0.99946391582489
31,2,13,0.06286429932492864,-0.48306251060208316,0.581855833530426
31,2,14,-0.19521019264056785,-0.45659333193895535,0.5176743865013123
31,2,15,-0.16874101397744,-0.4168895639442636,0.6437450051307678
31,2,16,-0.21506207663791374,-0.4632106266047373,0.5460893511772156
31,2,17,-0.31432149662464315,-0.4168895639442636,0.6511198878288269
31,2,18,-0.3275560859562071,-0.42350685861004556,0.5465241074562073
31,2,19,-0.32093879129042513,-0.48306251060208316,0.6551278233528137
31,2,20,-0.3540252646193349,-0.5029143945994291,0.5430795550346375
31,2,21,-0.28123502329573336,-0.4962970999336471,0.640943169593811
31,2,22,-0.3275560859562071,-0.516148983930993,0.5333927273750305
31,2,23,0.029777825996018827,0.0,0.997231900691986
31,2,24,-0.029777825996018827,0.0,0.995717704296112
31,2,25,-0.11580265665118432,0.7345197079017978,0.7544642090797424
31,2,26,0.03639512066180079,0.7212851185702338,0.625089704990387
31,2,27,-0.10918536198540237,1.4955085944667232,0.8163073062896729
31,2,28,0.09595077265383845,1.4955085944667232,0.6945019364356995
31,2,29,-0.09595077265383845,1.5947680144534526,0.8036076426506042
31,2,30,0.24153125530104158,1.6013853091192347,0.7374911904335022
31,2,31,-0.23491396063525963,1.5815334251218889,0.8408244848251343
31,2,32,-0.08933347798805648,1.5881507197876708,0.7413923740386963
32,1,0,0.36946874072720065,-1.3582374659114234,0.9992406964302064
32,1,1,0.3342812416103244,-1.4426874637919263,0.9991902112960817
32,1,2,0.32724374178694915,-1.4426874637919263,0.9991793632507324
32,1,3,0.3202062419635739,-1.4497249636153016,0.9992506504058838
32,1,4,0.32724374178694915,-1.4426874637919263,0.9990659952163696
32,1,5,0.31316874214019863,-1.4426874637919263,0.9989761710166932
32,1,6,0.2990937424934481,-1.4426874637919263,0.9990074038505554
32,1,7,0.26390624337657187,-1.4215749643218005,0.9989413619041444
32,1,8,0.2357562440830709,-1.4145374644984252,0.9989867806434632
32,1,9,0.3413187414336996,-1.2808249678542956,0.9990898370742798
32,1,10,0.32724374178694915,-1.2808249678542956,0.9988265633583068
32,1,11,0.14426874637919263,-0.9993249749192855,0.9996576309204102
32,1,12,0.03870624902856388,-0.9922874750959103,0.999512493610382
32,1,13,0.15130624620256788,-0.47854998798951703,0.5353450179100037
32,1,14,0.010556249735062875,-0.44336248887264074,0.5649811029434204
32,1,15,0.4679937382544541,-0.2955749925817605,0.6072048544883728
32,1,16,0.4891062377245799,-0.2674249932882595,0.5897544026374817
32,1,17,0.5735562356050828,-0.21816249452463277,0.6161900758743286
32,1,18,0.6157812345453344,-0.1829749954077565,0.5889652967453003
32,1,19,0.6228187343687096,-0.26038749346488427,0.6215039491653442
32,1,20,0.6368937340154601,-0.253349993641509,0.585638165473938
32,1,21,0.5735562356050828,-0.2955749925817605,0.6078048348426819
32,1,22,0.6017062348985839,-0.28149999293501,0.5742066502571106
32,1,23,0.05278124867531438,-0.00703749982337525,0.997069776058197
32,1,24,-0.05278124867531438,0.00703749982337525,0.9958292245864868
32,1,25,0.3342812416103244,0.6967124825141497,0.7403456568717957
32,1,26,0.2779812430233224,0.7741249805712775,0.6601052284240723
32,1,27,0.4187312394908274,1.435649963968551,0.8190589547157288
32,1,28,-0.07389374814544013,1.5763999604360561,0.7230896353721619
32,1,29,0.3835437403739511,1.5552874609659304,0.8039663434028625
32,1,30,-0.17945624549606887,1.68899995761006,0.7565466165542603
32,1,31,0.7002312324258374,1.5623249607893055,0.8449221253395081
32,1,32,0.22168124443632037,1.68899995761006,0.764090359210968
32,2,0,-0.019669488287161283,-1.363751187909849,0.9991753697395324
32,2,1,-0.08523444924436556,-1.4293161488670532,0.9991251826286316
32,2,2,-0.09179094534008599,-1.4293161488670532,0.999117076396942
32,2,3,-0.09179094534008599,-1.4293161488670532,0.999179482460022
32,2,4,-0.09179094534008599,-1.4293161488670532,0.9990034103393556
32,2,5,-0.09834744143580641,-1.4293161488670532,0.998920440673828
32,2,6,-0.11146043362724727,-1.4358726449627737,0.9989529252052308
32,2,7,-0.06556496095720428,-1.396533668388451,0.9989362359046936
32,2,8,-0.10490393753152684,-1.396533668388451,0.9989739060401917
32,2,9,-0.05245196876576342,-1.271960242569763,0.9990898966789246
32,2,10,-0.05245196876576342,-1.271960242569763,0.9987529516220092
32,2,11,0.08523444924436556,-1.0097003987409459,0.9996798038482666
32,2,12,-0.1180169297229677,-0.9900309104537846,0.99942946434021
32,2,13,0.1442429141058494,-0.4917372071790321,0.5811926126480103
32,2,14,-0.1442429141058494,-0.5114066954661933,0.5137409567832947
32,2,15,-0.17702539458445155,-0.41961575012610736,0.6453583240509033
32,2,16,-0.05900846486148385,-0.31471181259458053,0.5412500500679016
32,2,17,-0.3015988204031397,-0.38683326964750525,0.6524192690849304
32,2,18,-0.13112992191440856,-0.31471181259458053,0.5425571203231812
32,2,19,-0.30815531649886013,-0.4261722462218278,0.6569798588752747
32,2,20,-0.22292086725449453,-0.34093779697746224,0.5393691658973694
32,2,21,-0.25570334773309666,-0.44584173450898906,0.6427814364433289
32,2,22,-0.11146043362724727,-0.36060728526462354,0.5298944115638733
32,2,23,-0.019669488287161283,0.0,0.9968157410621644
32,2,24,0.019669488287161283,0.0,0.9954132437705994
32,2,25,-0.05245196876576342,0.7605535471035696,0.7622802257537842
32,2,26,0.11146043362724727,0.7474405549121288,0.6313827633857727
32,2,27,0.04589547267004299,1.4817681176328166,0.8284168243408203
32,2,28,0.02622598438288171,1.4948811098242576,0.7045611143112183
32,2,29,0.1901383867758924,1.4424291410584942,0.8180050253868103
32,2,30,0.09834744143580641,1.6063415434515047,0.7484100461006165
32,2,31,-0.13112992191440856,1.5604460707814618,0.8492709398269653
32,2,32,-0.1180169297229677,1.5866720551643436,0.7479339838027954
33,1,0,0.39099409754633513,-1.342528405734319,0.9992257356643676
33,1,1,0.3494726004617686,-1.425571399903452,0.9991583228111268
33,1,2,0.34255235094767417,-1.425571399903452,0.9991471767425536
33,1,3,0.33563210143357974,-1.425571399903452,0.9992120265960692
33,1,4,0.33563210143357974,-1.425571399903452,0.9990580677986144
33,1,5,0.32179160240539084,-1.425571399903452,0.9989790320396424
33,1,6,0.307951103377202,-1.425571399903452,0.9990132451057434
33,1,7,0.26642960629263546,-1.4048106513611687,0.9989320039749146
33,1,8,0.2318283587221633,-1.3978904018470744,0.9990419149398804
33,1,9,0.356392849975863,-1.2664056610792802,0.9991360306739808
33,1,10,0.34255235094767417,-1.2664056610792802,0.9988590478897096
33,1,11,0.1764663626094079,-0.9895956805155031,0.999668538570404
33,1,12,0.05882212086980263,-0.9965159300295975,0.9994839429855348
33,1,13,0.1280246160107469,-0.4844174659866099,0.5351352095603943
33,1,14,-0.05882212086980263,-0.4774972164725155,0.5617713928222656
33,1,15,0.36331309948995744,-0.31833147764834363,0.6140152812004089
33,1,16,0.37023334900405186,-0.21452773493692726,0.5858511328697205
33,1,17,0.4809573412295627,-0.24912898250739937,0.6237189173698425
33,1,18,0.4878775907436571,-0.1038037427114164,0.5859570503234863
33,1,19,0.5155585888000348,-0.2768099805637771,0.6295064687728882
33,1,20,0.5155585888000348,-0.19376698639464396,0.5828834772109985
33,1,21,0.46711684220137384,-0.3114112281342492,0.6148505210876465
33,1,22,0.47403709171546826,-0.23528848347921053,0.5723414421081543
33,1,23,0.04498162184161378,-0.0069202495140944275,0.9967116117477416
33,1,24,-0.04498162184161378,0.0069202495140944275,0.995607852935791
33,1,25,0.3010308538631076,0.7197059494658204,0.7420827746391296
33,1,26,0.2525891072644466,0.7958286941208591,0.6651445031166077
33,1,27,0.42559534511680724,1.425571399903452,0.8234147429466248
33,1,28,-0.07266261989799148,1.584737138727624,0.7312707901000977
33,1,29,0.44635609365909057,1.5155346435866794,0.8097754120826721
33,1,30,-0.18338661212350232,1.6954611309531347,0.7652541399002075
33,1,31,0.6954850761664899,1.5155346435866794,0.8493724465370178
33,1,32,0.2249081092080689,1.6816206319249458,0.7692585587501526
33,2,0,0.035365204697049575,-1.3213726482261252,0.99913889169693
33,2,1,0.0868055024382126,-1.385673020402579,0.9990828633308412
33,2,2,0.09966557687350336,-1.385673020402579,0.9990753531455994
33,2,3,0.10609561409114873,-1.385673020402579,0.9991295337677002
33,2,4,0.06108535356763109,-1.3921030576202242,0.9989773631095886
33,2,5,0.05465531634998571,-1.3921030576202242,0.9989155530929564
33,2,6,0.041795241914694956,-1.3921030576202242,0.9989474415779114
33,2,7,0.06751539078527646,-1.353522834314352,0.9989199042320251
33,2,8,0.035365204697049575,-1.353522834314352,0.9990312457084656
33,2,9,0.041795241914694956,-1.23135212717909,0.9991310238838196
33,2,10,0.02250513026175882,-1.2442122016143806,0.9987860918045044
33,2,11,0.08037546522056722,-1.012730861779147,0.9996894598007202
33,2,12,-0.048225279132340336,-0.9870107129085655,0.999414324760437
33,2,13,0.2732765817499286,-0.5111879588028075,0.5807289481163025
33,2,14,-0.18325606070289327,-0.4918978471498714,0.5110803246498108
33,2,15,0.016075093044113444,-0.42759747497341766,0.6508418917655945
33,2,16,-0.09323553965585799,-0.3440069911440277,0.5379889011383057
33,2,17,-0.09323553965585799,-0.44688758662635375,0.6581240892410278
33,2,18,-0.16396594904995715,-0.38901725166754536,0.5403140187263489
33,2,19,-0.07394542800292185,-0.4983278843675168,0.6630059480667114
33,2,20,-0.2025461723558294,-0.4597476610616445,0.5374674201011658
33,2,21,-0.009645055826468067,-0.48546780993222605,0.6475130915641785
33,2,22,-0.13824580017937563,-0.4404575494087084,0.5286445617675781
33,2,23,-0.003215018608822689,0.003215018608822689,0.9964553713798524
33,2,24,0.003215018608822689,-0.003215018608822689,0.9948973655700684
33,2,25,0.144675837397021,0.7683894475086227,0.762641191482544
33,2,26,0.24755643287934706,0.7362392614203958,0.6284608840942383
33,2,27,0.2732765817499286,1.4371133181437419,0.8267655968666077
33,2,28,0.22183628400876554,1.4564034297966781,0.6993585228919983
33,2,29,0.32471687949109157,1.5657140624966495,0.8205586075782776
33,2,30,0.2025461723558294,1.5592840252790041,0.7500937581062317
33,2,31,0.06751539078527646,1.5721440997142948,0.8464111089706421
33,2,32,0.10609561409114873,1.5528539880613588,0.7450863718986511
34,1,0,0.37246296617371344,-1.3531682073833993,0.999196231365204
34,1,1,0.34512623471142256,-1.4215100360391266,0.9991353154182434
34,1,2,0.3382920518458498,-1.4215100360391266,0.9991260766983032
34,1,3,0.3314578689802771,-1.4215100360391266,0.9991788864135742
34,1,4,0.3314578689802771,-1.4215100360391266,0.9990430474281312
34,1,5,0.3177895032491317,-1.4215100360391266,0.9989818930625916
34,1,6,0.2972869546524135,-1.4215100360391266,0.9990150332450868
34,1,7,0.25628185745897714,-1.387339121711263,0.9989562034606934
34,1,8,0.22211094313111351,-1.3805049388456903,0.9991040825843812
34,1,9,0.358794600442568,-1.2643238301309538,0.9991855025291444
34,1,10,0.3382920518458498,-1.2643238301309538,0.9988946914672852
34,1,11,0.14010074874424083,-0.9841223326424723,0.999658465385437
34,1,12,0.0717589200885136,-1.0046248812391905,0.9994690418243408
34,1,13,0.03758800576064998,-0.5125637149179543,0.5291486382484436
34,1,14,-0.16743748020653174,-0.519397897783527,0.558262050151825
34,1,15,0.2699502231901226,-0.273367314622909,0.6010972261428833
34,1,16,0.2152767602655408,-0.1708545716393181,0.5771974325180054
34,1,17,0.3382920518458498,-0.20502548596718173,0.6105812788009644
34,1,18,0.2972869546524135,-0.05467346292458179,0.5752591490745544
34,1,19,0.37246296617371344,-0.26653313175733623,0.6159659624099731
34,1,20,0.35196041757699525,-0.1435178401770272,0.5716507434844971
34,1,21,0.34512623471142256,-0.28020149748848167,0.6013265252113342
34,1,22,0.3314578689802771,-0.19135712023603627,0.5584789514541626
34,1,23,0.04442218862622271,0.0,0.9963899254798888
34,1,24,-0.04442218862622271,0.0,0.9952111840248108
34,1,25,0.3177895032491317,0.7039208351539905,0.7459670305252075
34,1,26,0.18794002880324992,0.7790968466752906,0.6635967493057251
34,1,27,0.4134680633671498,1.3736707559801176,0.8237818479537964
34,1,28,-0.05125637149179543,1.5445253276194355,0.7271178960800171
34,1,29,0.37246296617371344,1.4966860475604264,0.813082218170166
34,1,30,-0.17427166307210445,1.6538722534685992,0.7671256065368652
34,1,31,0.6389960979310497,1.4966860475604264,0.8485318422317505
34,1,32,0.2426134917278317,1.6538722534685992,0.7673195600509644
34,2,0,-0.11205006619085207,-1.3221907810520546,0.9991344809532166
34,2,1,-0.060827178789319696,-1.38621939030397,0.999078631401062
34,2,2,-0.048021456938936606,-1.38621939030397,0.9990865588188172
34,2,3,-0.041618596013745054,-1.38621939030397,0.9991462230682372
34,2,4,-0.06723003971451125,-1.38621939030397,0.9989559650421144
34,2,5,-0.060827178789319696,-1.38621939030397,0.9988945722579956
34,2,6,-0.060827178789319696,-1.38621939030397,0.9989144206047058
34,2,7,0.00960429138778732,-1.3478022247528207,0.9989712238311768
34,2,8,-0.02881287416336196,-1.3478022247528207,0.9990115165710448
34,2,9,-0.07363290063970279,-1.2325507280993728,0.9991574287414552
34,2,10,-0.08643862249008588,-1.2325507280993728,0.998680293560028
34,2,11,0.10564720526566053,-1.0084505957176686,0.9996879696846008
34,2,12,-0.00960429138778732,-0.989242012942094,0.999250829219818
34,2,13,0.05442431786412815,-0.5474446091038773,0.5755375027656555
34,2,14,-0.13125864896642672,-0.5154303044779196,0.5063229203224182
34,2,15,-0.11845292711604362,-0.4834159998519618,0.6393043994903564
34,2,16,-0.22730156284429992,-0.48981886077715336,0.5258506536483765
34,2,17,-0.20169011914353374,-0.5474446091038773,0.6462128162384033
34,2,18,-0.240107284694683,-0.5154303044779196,0.5258393883705139
34,2,19,-0.20169011914353374,-0.5858617746550265,0.6508054137229919
34,2,20,-0.25931586747025764,-0.5602503309542604,0.5224128365516663
34,2,21,-0.17607867544276753,-0.5602503309542604,0.6354819536209106
34,2,22,-0.25931586747025764,-0.5410417481786858,0.5108920931816101
34,2,23,-0.00960429138778732,0.0032014304625957737,0.9963597655296326
34,2,24,0.00960429138778732,-0.0032014304625957737,0.9946408867836
34,2,25,0.13125864896642672,0.7395304368596237,0.7551150918006897
34,2,26,0.10564720526566053,0.7523361587100068,0.621452271938324
34,2,27,0.240107284694683,1.4246365558551193,0.8235436081886292
34,2,28,-0.02881287416336196,1.46945658233146,0.691015362739563
34,2,29,0.2529130065450661,1.5783052180597164,0.8174629211425781
34,2,30,0.1568700926671929,1.5590966352841418,0.7438181638717651
34,2,31,0.31053875487179006,1.5783052180597164,0.843333899974823
34,2,32,0.06723003971451125,1.5783052180597164,0.740027666091919
35,1,0,0.3819679106232884,-1.347118970501776,0.9991852641105652
35,1,1,0.3478636328890662,-1.4221483815170648,0.999115824699402
35,1,2,0.34104277734222177,-1.4221483815170648,0.999122679233551
35,1,3,0.33422192179537735,-1.4221483815170648,0.9991806745529176
35,1,4,0.33422192179537735,-1.4153275259702203,0.9990102648735046
35,1,5,0.32058021070168846,-1.4153275259702203,0.9989486336708068
35,1,6,0.30693849960799957,-1.4153275259702203,0.9989716410636902
35,1,7,0.22508823304586636,-1.3880441037828426,0.9989768862724304
35,1,8,0.19780481085848864,-1.381223248235998,0.9990738034248352
35,1,9,0.35468448843591066,-1.2584478483927983,0.999197006225586
35,1,10,0.34104277734222177,-1.2584478483927983,0.9987959861755372
35,1,11,0.16370053312426644,-0.9787927709721764,0.9996392726898192
35,1,12,0.08185026656213322,-1.0060761931595543,0.999321460723877
35,1,13,0.020462566640533305,-0.5149745937867549,0.5246955752372742
35,1,14,-0.15687967757742202,-0.5286163048804438,0.5543816089630127
35,1,15,0.25919251078008854,-0.2557820830066663,0.5902084112167358
35,1,16,0.20462566640533306,-0.18075267199137754,0.568056046962738
35,1,17,0.32058021070168846,-0.1739318164445331,0.599084734916687
35,1,18,0.29329678851431074,-0.0579772721481777,0.5645816922187805
35,1,19,0.3683261995295995,-0.23531951636613302,0.604210615158081
35,1,20,0.35468448843591066,-0.14664839425715537,0.5606284141540527
35,1,21,0.3274010662485329,-0.2557820830066663,0.5897468328475952
35,1,22,0.3274010662485329,-0.18757352753822198,0.5453740954399109
35,1,23,0.06138769992159992,0.0034104277734222175,0.9961950778961182
35,1,24,-0.06138769992159992,-0.0034104277734222175,0.9949570298194884
35,1,25,0.34104277734222177,0.6786751269110213,0.7421594262123108
35,1,26,0.19780481085848864,0.7809879601136879,0.6572229266166687
35,1,27,0.4297138994511994,1.381223248235998,0.8236622214317322
35,1,28,-0.03410427773422218,1.5312820702665757,0.7196518182754517
35,1,29,0.3478636328890662,1.4971777925323535,0.8126553893089294
35,1,30,-0.16370053312426644,1.6472366145629311,0.7616097331047058
35,1,31,0.6548021324970658,1.4835360814386647,0.84708571434021
35,1,32,0.22508823304586636,1.66087832565662,0.7628687024116516
35,2,0,-0.051838875979470414,-1.3283711969739294,0.9991092085838318
35,2,1,-0.006479859497433802,-1.3931697919482675,0.9990456104278564
35,2,2,0.0,-1.3931697919482675,0.9990640878677368
35,2,3,0.006479859497433802,-1.3931697919482675,0.9991283416748048
35,2,4,-0.019439578492301407,-1.3931697919482675,0.9989110231399536
35,2,5,-0.019439578492301407,-1.3931697919482675,0.9988483786582948
35,2,6,-0.019439578492301407,-1.3931697919482675,0.998864471912384
35,2,7,0.038879156984602814,-1.3542906349636645,0.9989661574363708
35,2,8,0.006479859497433802,-1.3542906349636645,0.9989765286445618
35,2,9,-0.025919437989735207,-1.2376531640098563,0.9991545081138612
35,2,10,-0.038879156984602814,-1.2376531640098563,0.998573362827301
35,2,11,0.11663747095380843,-0.9978983626048055,0.999667227268219
35,2,12,0.012959718994867604,-0.9978983626048055,0.9991270899772644
35,2,13,0.058318735476904214,-0.5378283382870056,0.5712432265281677
35,2,14,-0.12311733045124224,-0.5313484787895717,0.5031720399856567
35,2,15,-0.07775831396920563,-0.4665498838152337,0.6288231015205383
35,2,16,-0.20735550391788166,-0.5183887597947041,0.5185295343399048
35,2,17,-0.17495620643071266,-0.5443081977844394,0.6347835659980774
35,2,18,-0.21383536341531545,-0.557267916779307,0.5170512199401855
35,2,19,-0.15551662793841126,-0.5831873547690422,0.6390658617019653
35,2,20,-0.23327494190761686,-0.6026269332613435,0.5132763981819153
35,2,21,-0.13607704944610985,-0.557267916779307,0.6234275698661804
35,2,22,-0.23327494190761686,-0.5831873547690422,0.4998689889907837
35,2,23,0.0,0.006479859497433802,0.9961563348770142
35,2,24,0.0,-0.006479859497433802,0.9944579601287842
35,2,25,0.17495620643071266,0.7581435611997548,0.7501946091651917
35,2,26,0.12959718994867603,0.751663701702321,0.6169042587280273
35,2,27,0.26567423939478585,1.4774079654149068,0.8246650099754333
35,2,28,0.12311733045124224,1.4514885274251716,0.6885097026824951
35,2,29,0.24623466090248447,1.607005155363583,0.8184470534324646
35,2,30,0.17495620643071266,1.5616461388815464,0.7430621385574341
35,2,31,0.2721540988922197,1.5940454363687153,0.8441453576087952
35,2,32,0.08423817346663942,1.5875655768712815,0.7415655255317688
36,1,0,0.3068627805550942,-1.3408569324255202,0.9991139769554138
36,1,1,0.27350813049475786,-1.4075662325461928,0.9990309476852416
36,1,2,0.2668372004826906,-1.4075662325461928,0.999035656452179
36,1,3,0.26016627047062335,-1.4075662325461928,0.99909770488739
36,1,4,0.2668372004826906,-1.4008953025341255,0.9989330172538756
36,1,5,0.25349534045855604,-1.4008953025341255,0.9988738298416138
36,1,6,0.24015348043442153,-1.4075662325461928,0.9989001154899596
36,1,7,0.16010232028961435,-1.3742115824858565,0.9988629817962646
36,1,8,0.14676046026547984,-1.3742115824858565,0.9990412592887878
36,1,9,0.2935209205309597,-1.2541348422686458,0.9991653561592102
36,1,10,0.2801790605068251,-1.2541348422686458,0.9986909627914428
36,1,11,0.11340581020514351,-0.9806267117738879,0.9995229840278624
36,1,12,0.033354650060336326,-1.0139813618342242,0.9992104172706604
36,1,13,-0.020012790036201794,-0.5470162609895157,0.5177143812179565
36,1,14,-0.2935209205309597,-0.6270674211343229,0.5516420602798462
36,1,15,0.04669651008447086,-0.2468244104464888,0.5711658000946045
36,1,16,-0.05336744009653812,-0.24015348043442153,0.5594649314880371
36,1,17,0.08005116014480718,-0.14008953025341256,0.577779233455658
36,1,18,0.01334186002413453,-0.10006395018100897,0.553019642829895
36,1,19,0.10673488019307624,-0.1534313902775471,0.5819129943847656
36,1,20,0.07338023013273992,-0.14676046026547984,0.5482634902000427
36,1,21,0.09339302016894171,-0.18678604033788343,0.5681847333908081
36,1,22,0.06003837010860538,-0.19345697034995069,0.5312736630439758
36,1,23,0.06003837010860538,0.006670930012067265,0.9959134459495544
36,1,24,-0.06003837010860538,-0.006670930012067265,0.9947696328163148
36,1,25,0.2801790605068251,0.6737639312187937,0.7351950407028198
36,1,26,0.08005116014480718,0.7604860213756682,0.652472734451294
36,1,27,0.22681162041028702,1.334186002413453,0.818194568157196
36,1,28,-0.08005116014480718,1.4876173926910001,0.716097891330719
36,1,29,0.1334186002413453,1.460933672642731,0.8112419247627258
36,1,30,-0.19345697034995069,1.6143650629202781,0.7580997943878174
36,1,31,0.4869778908809103,1.4809464626789328,0.8448596000671387
36,1,32,0.16010232028961435,1.6277069229444125,0.7630245089530945
36,2,0,-0.21379842540628777,-1.314231497350416,0.9990921020507812
36,2,1,-0.16349291354598477,-1.3771133871757948,0.99901682138443
36,2,2,-0.150916535580909,-1.3771133871757948,0.9990359544754028
36,2,3,-0.13834015761583326,-1.3771133871757948,0.9991146326065063
36,2,4,-0.17606929151106052,-1.3771133871757948,0.9988611936569214
36,2,5,-0.16978110252852263,-1.3708251981932569,0.9987923502922058
36,2,6,-0.16978110252852263,-1.3708251981932569,0.9988107085227966
36,2,7,-0.08803464575553026,-1.3330960642980296,0.998887300491333
36,2,8,-0.11318740168568175,-1.3330960642980296,0.9988045692443848
36,2,9,-0.20122204744121203,-1.2450614185424993,0.999154567718506
36,2,10,-0.21379842540628777,-1.2450614185424993,0.998428761959076
36,2,11,0.04401732287776513,-1.0375511821187495,0.9995691776275636
36,2,12,-0.08174645677299239,-0.9620929143282949,0.9984759092330932
36,2,13,-0.05030551186030301,-0.6225307092712496,0.5657084584236145
36,2,14,-0.1823574804935984,-0.5848015753760224,0.4988267123699188
36,2,15,-0.16978110252852263,-0.5533606304633331,0.6133893132209778
36,2,16,-0.24523937031897713,-0.39615590589988614,0.5076661705970764
36,2,17,-0.23895118133643928,-0.5407842524982573,0.6184327602386475
36,2,18,-0.2829685042142044,-0.3458503940395832,0.5036965012550354
36,2,19,-0.25152755930151505,-0.5722251974109467,0.6220340132713318
36,2,20,-0.2578157482840529,-0.49047874063795427,0.4992696046829223
36,2,21,-0.23895118133643928,-0.5785133863934846,0.6087495684623718
36,2,22,-0.23895118133643928,-0.49047874063795427,0.4839415848255157
36,2,23,0.03144094491268938,0.006288188982537876,0.9962144494056702
36,2,24,-0.03144094491268938,-0.006288188982537876,0.9942767024040222
36,2,25,-0.018864566947613626,0.7671590558696209,0.7570990920066833
36,2,26,0.03772913389522725,0.7168535440093178,0.6411314010620117
36,2,27,0.08803464575553026,1.4903007888614765,0.834855318069458
36,2,28,0.1572047245634469,1.3205196863329538,0.718095064163208
36,2,29,0.10061102372060601,1.6349291354598476,0.8270624876022339
36,2,30,0.09432283473806813,1.4022661431059462,0.7609977722167969
36,2,31,-0.1572047245634469,1.6097763795296962,0.8581119775772095
36,2,32,0.16978110252852263,1.5343181117392417,0.770470380783081
37,1,0,0.29742519813338447,-1.3417181160239344,0.9991183876991272
37,1,1,0.2511590562015247,-1.4144220533454284,0.9990323781967164
37,1,2,0.24454960735411613,-1.4144220533454284,0.9990403652191162
37,1,3,0.23133070965929906,-1.4144220533454284,0.99910569190979
37,1,4,0.24454960735411613,-1.40781260449802,0.9989156126976012
37,1,5,0.23133070965929906,-1.40781260449802,0.9988539814949036
37,1,6,0.21811181196448196,-1.40781260449802,0.9988774657249452
37,1,7,0.13879842579557944,-1.3681559114135686,0.9988453388214112
37,1,8,0.12557952810076234,-1.3681559114135686,0.9989035725593568
37,1,9,0.28420630043856737,-1.2690141787024405,0.9991726875305176
37,1,10,0.2775968515911589,-1.2690141787024405,0.9985634088516236
37,1,11,0.11897007925335379,-0.9848078782638731,0.999487578868866
37,1,12,0.006609448847408544,-1.0112456736535071,0.9986265301704408
37,1,13,-0.05287559077926835,-0.6477259870460373,0.5199723839759827
37,1,14,-0.39656693084451267,-0.7468677197571655,0.5485184788703918
37,1,15,0.039656693084451265,-0.29742519813338447,0.5612131953239441
37,1,16,-0.19167401657484778,-0.29742519813338447,0.554084300994873
37,1,17,0.04626614193185981,-0.15862677233780506,0.5664555430412292
37,1,18,-0.14540787464298796,-0.1652362211852136,0.5472684502601624
37,1,19,0.04626614193185981,-0.15862677233780506,0.5700650811195374
37,1,20,-0.07270393732149398,-0.21811181196448196,0.5426837801933289
37,1,21,0.059485039626676894,-0.21811181196448196,0.5587341785430908
37,1,22,-0.07270393732149398,-0.2511590562015247,0.5260040760040283
37,1,23,0.08592283501631107,0.0,0.9963430166244508
37,1,24,-0.08592283501631107,0.0,0.9947783946990968
37,1,25,0.20489291426966486,0.6873826801304885,0.762103796005249
37,1,26,-0.026437795389634176,0.753477168604574,0.6763625144958496
37,1,27,0.07931338616890253,1.3020614229394831,0.8406857252120972
37,1,28,-0.13879842579557944,1.3879842579557942,0.7456254959106445
37,1,29,0.006609448847408544,1.40781260449802,0.8317448496818542
37,1,30,-0.2115023631170734,1.5003448883617394,0.7817740440368652
37,1,31,0.2511590562015247,1.5135637860565565,0.8664852380752563
37,1,32,0.1520173234903965,1.6060960699202762,0.7925811409950256
37,2,0,-0.2667193728439997,-1.296807985207033,0.9990350604057312
37,2,1,-0.21766753416004575,-1.3581227835619756,0.998990833759308
37,2,2,-0.20540457448905725,-1.3581227835619756,0.9990205764770508
37,2,3,-0.19314161481806877,-1.36425426339747,0.9991026520729064
37,2,4,-0.22379901399554,-1.3581227835619756,0.9988165497779846
37,2,5,-0.22379901399554,-1.3581227835619756,0.9987488389015198
37,2,6,-0.21766753416004575,-1.3581227835619756,0.9987794160842896
37,2,7,-0.12569533662763205,-1.315202424713516,0.998859167098999
37,2,8,-0.15022125596960903,-1.32133390454901,0.9987202286720276
37,2,9,-0.24219345350202273,-1.2293617070165963,0.9991523027420044
37,2,10,-0.2605878930085055,-1.2293617070165963,0.9982921481132508
37,2,11,0.021460179424229862,-1.0331543522807805,0.9995372891426086
37,2,12,-0.08890645761466658,-0.9657080740903438,0.997897446155548
37,2,13,0.18701013498257452,-0.7265803605060682,0.5678439140319824
37,2,14,-0.18087865514708026,-0.6346081629736545,0.4964809417724609
37,2,15,-0.1073008971211493,-0.6039507637961833,0.6047320365905762
37,2,16,-0.2789823325149882,-0.548767445276735,0.5087255239486694
37,2,17,-0.199273094653563,-0.5978192839606891,0.6089162230491638
37,2,18,-0.3402971308699307,-0.573293364618712,0.505845308303833
37,2,19,-0.2115360543245515,-0.6346081629736545,0.6121234893798828
37,2,20,-0.3157712115279537,-0.6039507637961833,0.5015133023262024
37,2,21,-0.19314161481806877,-0.6407396428091487,0.6013882756233215
37,2,22,-0.2912452921859767,-0.5794248444542063,0.4856281876564026
37,2,23,0.003065739917747123,-0.003065739917747123,0.9965794682502748
37,2,24,-0.003065739917747123,0.003065739917747123,0.9942142963409424
37,2,25,-0.05824905843719534,0.7511062798480451,0.7779756188392639
37,2,26,0.05824905843719534,0.7020544411640912,0.6471050381660461
37,2,27,0.05824905843719534,1.4500949810943893,0.8546777367591858
37,2,28,0.2115360543245515,1.2661505860295619,0.7359209060668945
37,2,29,0.08890645761466658,1.5788560576397683,0.8459094762802124
37,2,30,0.2912452921859767,1.3335968642199987,0.7810734510421753
37,2,31,-0.22379901399554,1.542067178626803,0.8770988583564758
37,2,32,0.19314161481806877,1.4623579407653777,0.7932179570198059
38,1,0,0.29868713041607997,-1.3213658921667886,0.9990403056144714
38,1,1,0.24674154251763128,-1.3927910755271555,0.9989703297615052
38,1,2,0.2402483440303252,-1.3927910755271555,0.9989822506904602
38,1,3,0.23375514554301913,-1.3992842740144618,0.9990500211715698
38,1,4,0.2402483440303252,-1.3927910755271555,0.9988453388214112
38,1,5,0.22726194705571304,-1.3927910755271555,0.9987836480140686
38,1,6,0.21427555008110086,-1.3927910755271555,0.9988186955451964
38,1,7,0.1428503667207339,-1.360325083090625,0.9987385272979736
38,1,8,0.12986396974612174,-1.360325083090625,0.9988104701042176
38,1,9,0.27920753495416173,-1.2499407088064216,0.9991326928138732
38,1,10,0.26622113797954955,-1.2499407088064216,0.9984223246574402
38,1,11,0.07791838184767304,-0.9837195708268721,0.9994619488716124
38,1,12,-0.05843878638575478,-1.0161855632634025,0.9981053471565248
38,1,13,-0.025972793949224346,-0.6720460434361799,0.5261296629905701
38,1,14,-0.3830987107510591,-0.749964425283853,0.5462425351142883
38,1,15,0.03895919092383652,-0.3149201266343452,0.5592595934867859
38,1,16,-0.21427555008110086,-0.3149201266343452,0.5550782680511475
38,1,17,0.05843878638575478,-0.17856295840091738,0.5633620619773865
38,1,18,-0.16232996218265217,-0.17856295840091738,0.5495302677154541
38,1,19,0.07791838184767304,-0.17856295840091738,0.5667939782142639
38,1,20,-0.09090477882228522,-0.23050854629936607,0.5451045036315918
38,1,21,0.04545238941114261,-0.21102895083744783,0.5575649738311768
38,1,22,-0.09090477882228522,-0.2629745387358965,0.5278523564338684
38,1,23,0.06493198487306087,-0.00973979773095913,0.9967018365859984
38,1,24,-0.06493198487306087,0.00973979773095913,0.9947265982627868
38,1,25,0.18180955764457044,0.678539241923486,0.7834121584892273
38,1,26,-0.032465992436530436,0.7304848298219347,0.6817933320999146
38,1,27,0.05194558789844869,1.2629271057810338,0.8601760268211365
38,1,28,-0.14934356520803999,1.3927910755271555,0.7617944478988647
38,1,29,-0.0064931984873060865,1.353831884603319,0.8511391878128052
38,1,30,-0.20778235159379477,1.490189052836747,0.8002743124961853
38,1,31,0.22726194705571304,1.4577230604002165,0.8844841122627258
38,1,32,0.1428503667207339,1.5551210377098077,0.8132333755493164
38,2,0,-0.2570839733468758,-1.3496908600710982,0.998973548412323
38,2,1,-0.20811559747128044,-1.3986592359466934,0.9989306330680848
38,2,2,-0.19587350350238159,-1.3986592359466934,0.9989591240882874
38,2,3,-0.18363140953348273,-1.3986592359466934,0.9990487694740297
38,2,4,-0.21423664445572985,-1.3986592359466934,0.9987831115722656
38,2,5,-0.20811559747128044,-1.3986592359466934,0.9987059831619264
38,2,6,-0.20199455048683101,-1.3986592359466934,0.998734712600708
38,2,7,-0.12242093968898848,-1.3374487661021992,0.9987661242485046
38,2,8,-0.14078408064233677,-1.3435698130866487,0.9986155033111572
38,2,9,-0.2509629263624264,-1.276238296257705,0.9991216063499452
38,2,10,-0.2570839733468758,-1.2701172492732555,0.9982236623764038
38,2,11,0.0061210469844494245,-1.031396416879728,0.9995131492614746
38,2,12,-0.14078408064233677,-0.9640649000507844,0.9978327751159668
38,2,13,0.18975245651793216,-0.7314651146417063,0.5733779668807983
38,2,14,-0.22035769144017928,-0.670254644797212,0.495849072933197
38,2,15,-0.13466303365788734,-0.627407315906066,0.6029295325279236
38,2,16,-0.3060523492224712,-0.5723178930460212,0.514005184173584
38,2,17,-0.2264787384246287,-0.6212862689216165,0.6060400605201721
38,2,18,-0.35502072509806665,-0.6029231279682683,0.5128440856933594
38,2,19,-0.23259978540907814,-0.6641335978127626,0.6090492010116577
38,2,20,-0.33665758414471836,-0.6090441749527178,0.5087559223175049
38,2,21,-0.22035769144017928,-0.6580125508283131,0.6000621318817139
38,2,22,-0.31217339620692064,-0.6090441749527178,0.4918180406093597
38,2,23,0.036726281906696544,-0.009181570476674136,0.9968355894088744
38,2,24,-0.036726281906696544,0.009181570476674136,0.9941044449806212
38,2,25,0.0,0.670254644797212,0.7957385182380676
38,2,26,0.03060523492224712,0.6947388327350097,0.6544219851493835
38,2,27,0.036726281906696544,1.4170223769000418,0.8706913590431213
38,2,28,0.2264787384246287,1.276238296257705,0.7519607543945312
38,2,29,0.06733151682894367,1.521080175635682,0.8627822995185852
38,2,30,0.2754471143002241,1.3496908600710982,0.8003174662590027
38,2,31,-0.18975245651793216,1.5272012226201315,0.8913410902023315
38,2,32,0.1530261746112356,1.465990752775637,0.809475839138031
