frame,player_id,landmark_index,x_norm,y_norm,visibility
1,1,0,0.09343034245154175,-1.3973929479708853,0.9976214170455932
1,1,1,0.04468407682465041,-1.4623879688067405,0.9976167678833008
1,1,2,0.04468407682465041,-1.4623879688067405,0.997537076473236
1,1,3,0.04468407682465041,-1.4623879688067405,0.9977609515190125
1,1,4,0.02843532161568662,-1.4623879688067405,0.9976284503936768
1,1,5,0.012186566406722837,-1.4623879688067405,0.9975152015686036
1,1,6,-0.012186566406722837,-1.4705123464112224,0.9975837469100952
1,1,7,-0.02843532161568662,-1.421766080784331,0.9968575835227966
1,1,8,-0.10967909766050554,-1.421766080784331,0.9969831705093384
1,1,9,0.09343034245154175,-1.3161491719260665,0.99668687582016
1,1,10,0.0528084544291323,-1.3161491719260665,0.9964624643325806
1,1,11,0.07718158724257797,-0.9992984453512727,0.9992528557777404
1,1,12,-0.2721666497501434,-0.9911740677467907,0.9989349842071532
1,1,13,0.22342038412325202,-0.4793382786644316,0.5970615744590759
1,1,14,-0.02031094401120473,-0.4549651458509859,0.5535991191864014
1,1,15,0.3209129153770347,-0.8205621380526711,0.7162300944328308
1,1,16,0.09343034245154175,-0.9911740677467907,0.5730280876159668
1,1,17,0.1340522304739512,-0.8936815364930081,0.7006012797355652
1,1,18,0.08530596484705986,-1.121164109418501,0.5706118941307068
1,1,19,0.2721666497501434,-0.9424278021198994,0.6986905336380005
1,1,20,0.06905720963809608,-1.1536616198364287,0.5696296691894531
1,1,21,0.29653978256358904,-0.9343034245154176,0.6781637668609619
1,1,22,0.06905720963809608,-1.121164109418501,0.5612257122993469
1,1,23,0.1259278528694693,0.0,0.9974746704101562
1,1,24,-0.1259278528694693,0.0,0.9963939189910888
1,1,25,0.10155472005602365,0.7961890052392254,0.69402015209198
1,1,26,-0.10155472005602365,0.7799402500302616,0.6425554156303406
1,1,27,-0.19904725130980636,1.5436317448515595,0.8254715800285339
1,1,28,-0.2559178945411796,1.576129255269487,0.7115944623947144
1,1,29,-0.28029102735462524,1.649248653709824,0.8328250646591187
1,1,30,-0.36153480339944416,1.7061192969411973,0.7208994626998901
1,1,31,-0.09343034245154175,1.7386168073591248,0.849111020565033
1,1,32,0.004062188802240946,1.714243674545679,0.7243914008140564
1,2,0,-0.13681884672601147,-1.3871910848609494,0.997812569141388
1,2,1,-0.11401570560500955,-1.4479994611836213,0.9978145956993104
1,2,2,-0.10641465856467558,-1.4479994611836213,0.9977375268936156
1,2,3,-0.09881361152434161,-1.4479994611836213,0.997950553894043
1,2,4,-0.12921779968567748,-1.4479994611836213,0.9978095293045044
1,2,5,-0.12921779968567748,-1.4479994611836213,0.9976928234100342
1,2,6,-0.12921779968567748,-1.4556005082239554,0.9977715611457824
1,2,7,-0.23563245825035306,-1.4099942259819513,0.9971196055412292
1,2,8,-0.3268450227343607,-1.4099942259819513,0.9971593618392944
1,2,9,-0.10641465856467558,-1.3035795674172759,0.9969245195388794
1,2,10,-0.12921779968567748,-1.31118061445761,0.9966573119163512
1,2,11,0.09881361152434161,-0.9995376858039171,0.999282956123352
1,2,12,-0.15962198784701337,-0.9995376858039171,0.9983811378479004
1,2,13,0.01520209408066794,-0.46746439298053916,0.6362655162811279
1,2,14,-0.10641465856467558,-0.49026753410154106,0.5058140158653259
1,2,15,-0.3572492108956966,-0.8095115097955679,0.7428422570228577
1,2,16,-0.3344460697746947,-0.9083251213199094,0.53412264585495
1,2,17,-0.4864670105813741,-0.8779209331585736,0.7270234823226929
1,2,18,-0.4408607283393703,-0.9767345446829152,0.533553421497345
1,2,19,-0.4408607283393703,-0.9387293094812453,0.7251688838005066
1,2,20,-0.4104565401780344,-1.014739779884585,0.5326755046844482
1,2,21,-0.39525444609736643,-0.9235272154005774,0.7053925395011902
1,2,22,-0.36485025793603054,-0.9995376858039171,0.5252450108528137
1,2,23,0.06840942336300573,0.003800523520166985,0.9972034692764282
1,2,24,-0.06840942336300573,-0.003800523520166985,0.9958462715148926
1,2,25,0.08361151744367368,0.9007240742795755,0.7062949538230896
1,2,26,0.03800523520166985,0.8627188390779056,0.5995274186134338
1,2,27,0.2052282700890172,1.782445530958316,0.8222841024398804
1,2,28,0.14441989376634543,1.6608287783129725,0.6713598966598511
1,2,29,0.31924397569402674,1.9420675188053294,0.8295024037361145
1,2,30,0.25083455233102103,1.8356528602406539,0.6890214681625366
1,2,31,-0.1748240819276813,1.9496685658456634,0.8431827425956726
1,2,32,-0.03800523520166985,1.782445530958316,0.6972607374191284
2,1,0,0.07271425620765305,-1.3853979340616003,0.9980137348175048
2,1,1,0.04975185951049946,-1.454285124153061,0.9980193972587584
2,1,2,0.04975185951049946,-1.454285124153061,0.9979461431503296
2,1,3,0.04975185951049946,-1.4619392563854456,0.9981397986412048
2,1,4,0.01913533058096133,-1.454285124153061,0.998005747795105
2,1,5,0.003827066116192266,-1.454285124153061,0.997891902923584
2,1,6,-0.01913533058096133,-1.454285124153061,0.9979605674743652
2,1,7,-0.026789462813345863,-1.423668595223523,0.9973812103271484
2,1,8,-0.1339473140667293,-1.408360330758754,0.997422218322754
2,1,9,0.08036838844003759,-1.3165107439701396,0.9972171783447266
2,1,10,0.04209772727811493,-1.308856611737755,0.9969675540924072
2,1,11,0.06506012397526852,-1.0026913224423737,0.9993470311164856
2,1,12,-0.26406756201726633,-0.9873830579776046,0.9985111355781556
2,1,13,0.1798721074610365,-0.5357892562669172,0.6353508830070496
2,1,14,-0.01913533058096133,-0.47455619840784097,0.5535761713981628
2,1,15,0.21814276862295917,-0.8955334711889903,0.7634435296058655
2,1,16,0.08802252067242212,-1.0026913224423737,0.5798478126525879
2,1,17,0.30999235541157355,-0.964420661280451,0.7464158535003662
2,1,18,0.06506012397526852,-1.1098491736957572,0.5781933665275574
2,1,19,0.302338223179189,-0.9950371902099892,0.7446057796478271
2,1,20,0.06506012397526852,-1.1557739670900644,0.5770493149757385
2,1,21,0.2564134297848818,-0.9873830579776046,0.7253348231315613
2,1,22,0.06506012397526852,-1.1251574381605263,0.5690038204193115
2,1,23,0.10333078513719118,0.0,0.9972802996635436
2,1,24,-0.10333078513719118,0.0,0.9958637952804564
2,1,25,0.09567665290480665,0.7654132232384532,0.6652538180351257
2,1,26,-0.04975185951049946,0.7577590910060686,0.6103593111038208
2,1,27,-0.1262931818343448,1.4466309919206766,0.7800902724266052
2,1,28,-0.19518037192580556,1.4849016530825991,0.6728845834732056
2,1,29,-0.21814276862295917,1.5614429754064445,0.7942529916763306
2,1,30,-0.30999235541157355,1.6073677688007517,0.6823179721832275
2,1,31,0.07271425620765305,1.6150219010331364,0.8170353770256042
2,1,32,-0.03444359504573039,1.5997136365683673,0.7052210569381714
2,2,0,-0.113200293556413,-1.3848169245067858,0.9981866478919984
2,2,1,-0.09056023484513041,-1.4527371006406335,0.9981957674026488
2,2,2,-0.09056023484513041,-1.4527371006406335,0.9981266856193542
2,2,3,-0.09056023484513041,-1.4527371006406335,0.9983062148094176
2,2,4,-0.113200293556413,-1.4527371006406335,0.99817556142807
2,2,5,-0.12074697979350721,-1.4527371006406335,0.9980647563934326
2,2,6,-0.1282936660306014,-1.4527371006406335,0.998135507106781
2,2,7,-0.12074697979350721,-1.4150036694551626,0.997608482837677
2,2,8,-0.29432076324667383,-1.4074569832180683,0.997617483139038
2,2,9,-0.08301354860803621,-1.3093500621358438,0.9974346160888672
2,2,10,-0.113200293556413,-1.3093500621358438,0.9971736669540404
2,2,11,0.1358403522676956,-1.0074826126520757,0.9993711709976196
2,2,12,-0.15848041097897822,-0.9923892401778874,0.9982470870018004
2,2,13,0.0075466862370942005,-0.49430794852967014,0.6708449125289917
2,2,14,-0.1056536073193188,-0.49430794852967014,0.5137835144996643
2,2,15,-0.28677407700957963,-0.8339088291989092,0.7850859761238098
2,2,16,-0.31696082195795644,-0.9697491814666048,0.5533566474914551
2,2,17,-0.3999743705659926,-0.901829005332757,0.7676666975021362
2,2,18,-0.4452544879885578,-1.0225759851262641,0.5515406727790833
2,2,19,-0.36224093938052165,-0.9471091227553222,0.7658794522285461
2,2,20,-0.415067743040181,-1.0754027887859237,0.5505759716033936
2,2,21,-0.31696082195795644,-0.9320157502811338,0.7471515536308289
2,2,22,-0.36224093938052165,-1.0603094163117353,0.5428960919380188
2,2,23,0.08301354860803621,-0.0037733431185471003,0.9972834587097168
2,2,24,-0.08301354860803621,0.0037733431185471003,0.995746612548828
2,2,25,0.15093372474188402,0.8791889466214744,0.6831523180007935
2,2,26,0.08301354860803621,0.8565488879101918,0.5768164396286011
2,2,27,0.23394727334992022,1.7847912950727784,0.7889227271080017
2,2,28,0.1358403522676956,1.6640443152792712,0.645930290222168
2,2,29,0.33205419443214484,1.9432717060517566,0.8008535504341125
2,2,30,0.24149395958701442,1.837618098732438,0.6582564115524292
2,2,31,-0.12074697979350721,1.9357250198146625,0.8225958347320557
2,2,32,-0.04528011742256521,1.8225247262582496,0.6904774308204651
3,1,0,0.08603601681148768,-1.3883084530944603,0.9983389973640442
3,1,1,0.06257164859017285,-1.4587015577584046,0.998351752758026
3,1,2,0.06257164859017285,-1.4587015577584046,0.9982821345329284
3,1,3,0.06257164859017285,-1.4665230138321763,0.9984482526779176
3,1,4,0.039107280368858036,-1.450880101684633,0.9983198642730712
3,1,5,0.015642912147543212,-1.450880101684633,0.9982056617736816
3,1,6,0.0,-1.450880101684633,0.9982696771621704
3,1,7,-0.015642912147543212,-1.4274157334633182,0.9977844953536988
3,1,8,-0.1173218411065741,-1.411772821315775,0.9978135824203492
3,1,9,0.09385747288525928,-1.3179153484305157,0.9976593852043152
3,1,10,0.054750192516401244,-1.3100938923567442,0.9974092841148376
3,1,11,0.09385747288525928,-1.0207000176271948,0.9994139075279236
3,1,12,-0.24246513828691982,-0.973771281184565,0.9983776211738586
3,1,13,0.19553640184429016,-0.5592341092746699,0.6514279246330261
3,1,14,0.031285824295086424,-0.457555180315639,0.5594220757484436
3,1,15,0.3050367868770927,-0.895556720446849,0.7967069745063782
3,1,16,0.04692873644262964,-0.9894141933321082,0.5966854095458984
3,1,17,0.41453717190989514,-0.9581283690370218,0.7770151495933533
3,1,18,-0.14078620932788893,-1.0989145783649108,0.5936632752418518
3,1,19,0.42235862798366675,-0.9894141933321082,0.7753593921661377
3,1,20,-0.015642912147543212,-1.1380218587337687,0.5923930406570435
3,1,21,0.3676084354672655,-0.9815927372583366,0.756405234336853
3,1,22,0.02346436822131482,-1.114557490512454,0.583713173866272
3,1,23,0.1173218411065741,-0.01173218411065741,0.9973169565200806
3,1,24,-0.1173218411065741,0.01173218411065741,0.9957846999168396
3,1,25,0.1329647532541173,0.7625919671927317,0.6444961428642273
3,1,26,-0.07821456073771607,0.7782348793402749,0.5869234800338745
3,1,27,-0.07821456073771607,1.5056302942010342,0.7551249861717224
3,1,28,-0.18771494577051856,1.5838448549387503,0.6558292508125305
3,1,29,-0.14860766540166054,1.6229521353076084,0.7705116868019104
3,1,30,-0.28939387472954947,1.6855237838977812,0.6575396656990051
3,1,31,0.14078620932788893,1.693345239971553,0.8035240173339844
3,1,32,0.04692873644262964,1.7011666960453244,0.7041828036308289
3,2,0,-0.011577490029112104,-1.3815804768073778,0.9985012412071228
3,2,1,0.003859163343037368,-1.4510454169820506,0.9985136985778807
3,2,2,0.003859163343037368,-1.4510454169820506,0.998450756072998
3,2,3,-0.003859163343037368,-1.4587637436681253,0.9986009001731871
3,2,4,-0.01929581671518684,-1.4510454169820506,0.9984832406044006
3,2,5,-0.027014143401261577,-1.4510454169820506,0.9983789324760436
3,2,6,-0.04245079677341105,-1.4510454169820506,0.9984378218650818
3,2,7,-0.01929581671518684,-1.4201721102377516,0.9980026483535768
3,2,8,-0.18909900380883105,-1.4124537835516768,0.9980214238166808
3,2,9,0.011577490029112104,-1.3121155366327053,0.9978848695755004
3,2,10,-0.011577490029112104,-1.3121155366327053,0.9976534843444824
3,2,11,0.21997231055313,-1.0188191225618652,0.9994610548019408
3,2,12,-0.1582256970645321,-0.9802274891314916,0.9984173774719238
3,2,13,0.11191573694808368,-0.5634378480834558,0.6858245134353638
3,2,14,-0.04245079677341105,-0.5325645413391569,0.528919517993927
3,2,15,-0.20453565718098052,-0.8412976087821463,0.8153659105300903
3,2,16,-0.2431272906113542,-0.8953258955846695,0.5827516913414001
3,2,17,-0.28943725072780263,-0.910762548956819,0.7956507802009583
3,2,18,-0.335747210844251,-0.9802274891314916,0.5786017775535583
3,2,19,-0.2431272906113542,-0.9647908357593421,0.7940888404846191
3,2,20,-0.28943725072780263,-1.02653744924794,0.577163815498352
3,2,21,-0.20453565718098052,-0.9493541823871926,0.7759262919425964
3,2,22,-0.25084561729742894,-1.0033824691897157,0.5684869289398193
3,2,23,0.15050737037845738,-0.015436653372149473,0.9974743127822876
3,2,24,-0.15050737037845738,0.015436653372149473,0.9960129857063292
3,2,25,0.22769063723920474,0.8721709155264452,0.6654307246208191
3,2,26,0.1582256970645321,0.8567342621542958,0.5577417016029358
3,2,27,0.3125922307860268,1.8369617512857874,0.7665308713912964
3,2,28,0.26628227066957844,1.6980318709364421,0.6332077383995056
3,2,29,0.4129304777049984,1.968173304949058,0.7789332270622253
3,2,30,0.34346553753032577,1.8678350580300862,0.6407155394554138
3,2,31,-0.003859163343037368,1.9990466116933567,0.8109497427940369
3,2,32,0.01929581671518684,1.821525097913638,0.6939142942428589
4,1,0,0.0864208280724504,-1.3788050297013676,0.9985132217407228
4,1,1,0.05499507240974116,-1.4495129799424633,0.9985174536705016
4,1,2,0.05499507240974116,-1.4495129799424633,0.998427391052246
4,1,3,0.05499507240974116,-1.4573694188581408,0.9985905885696412
4,1,4,0.031425755662709234,-1.441656541026786,0.9984462261199952
4,1,5,0.007856438915677309,-1.441656541026786,0.9982947707176208
4,1,6,-0.015712877831354617,-1.441656541026786,0.9983766078948976
4,1,7,-0.023569316747031926,-1.4180872242797542,0.9978400468826294
4,1,8,-0.13355946156651424,-1.3945179075327223,0.9980245232582092
4,1,9,0.0864208280724504,-1.3080970794602718,0.9979571104049684
4,1,10,0.05499507240974116,-1.3002406405445945,0.9977298974990844
4,1,11,0.12570302265083694,-1.033121717411566,0.99945729970932
4,1,12,-0.25926248421735115,-0.9624137671704702,0.9985273480415344
4,1,13,0.1964109728919327,-0.5695918213866049,0.6567276120185852
4,1,14,0.015712877831354617,-0.4831709933141545,0.5737375617027283
4,1,15,0.3142575566270923,-0.8995622558450518,0.8178327679634094
4,1,16,0.14141590048219155,-0.9388444504234383,0.6233013868331909
4,1,17,0.45567345710928386,-0.9467008893391157,0.7962616682052612
4,1,18,0.1806980950605781,-1.033121717411566,0.6182517409324646
4,1,19,0.432104140362252,-0.9781266450018249,0.7945387363433838
4,1,20,0.0942772669881277,-1.0959732287369846,0.6165651679039001
4,1,21,0.3613961901211562,-0.9781266450018249,0.7761595845222473
4,1,22,0.0864208280724504,-1.0802603509056299,0.6069628596305847
4,1,23,0.12570302265083694,-0.011784658373515963,0.9972485899925232
4,1,24,-0.12570302265083694,0.011784658373515963,0.9958489537239076
4,1,25,0.14141590048219155,0.7660027942785376,0.6285480856895447
4,1,26,-0.10999014481948231,0.7895721110255695,0.5686067342758179
4,1,27,-0.10999014481948231,1.4730822966894954,0.7303103804588318
4,1,28,-0.22783672855464193,1.614498197171687,0.6385563015937805
4,1,29,-0.1806980950605781,1.5987853193403323,0.7445664405822754
4,1,30,-0.32211399554276965,1.716631903075492,0.6340251564979553
4,1,31,0.11784658373515963,1.7087754641598145,0.7889930605888367
4,1,32,0.03928219457838654,1.748057658738201,0.7025055289268494
4,2,0,0.048324132449319886,-1.3828136362420766,0.9986591935157776
4,2,1,0.03345516861875992,-1.4497239734795966,0.998663365840912
4,2,2,0.011151722872919973,-1.4497239734795966,0.9985820651054382
4,2,3,0.0037172409576399913,-1.4497239734795966,0.998729407787323
4,2,4,0.018586204788199955,-1.4422894915643165,0.9985983967781068
4,2,5,0.0037172409576399913,-1.4422894915643165,0.9984608292579652
4,2,6,-0.011151722872919973,-1.4422894915643165,0.9985352754592896
4,2,7,0.10779998777155975,-1.4125515639031967,0.9980533123016356
4,2,8,-0.018586204788199955,-1.3976826000726368,0.9982146620750428
4,2,9,0.06319309627987985,-1.315903299004557,0.9981546998023988
4,2,10,0.0408896505340399,-1.3084688170892769,0.9979470372200012
4,2,11,0.24162066224659942,-1.0110895404780775,0.9995015859603882
4,2,12,-0.2193172165007595,-0.9887860947322377,0.9985758662223816
4,2,13,0.15240687926323965,-0.5575861436459987,0.690578818321228
4,2,14,0.011151722872919973,-0.5501516617307187,0.5516682863235474
4,2,15,-0.07062757819515983,-0.8698343840877579,0.8347899317741394
4,2,16,-0.15240687926323965,-0.9070067936641579,0.6157267093658447
4,2,17,-0.13753791543267968,-0.9293102394099978,0.8138893246650696
4,2,18,-0.21188273458547952,-0.9887860947322377,0.6071712970733643
4,2,19,-0.0854965420257198,-0.9739171309016778,0.8122897744178772
4,2,20,-0.1747103250090796,-1.0408274681391976,0.6046428680419922
4,2,21,-0.06319309627987985,-0.9664826489863977,0.7948936223983765
4,2,22,-0.1301034335173997,-1.0185240223933576,0.5954017639160156
4,2,23,0.1301034335173997,-0.007434481915279983,0.9974281191825868
4,2,24,-0.1301034335173997,0.007434481915279983,0.9961063861846924
4,2,25,0.18957928883963956,0.840096456426638,0.6544739007949829
4,2,26,0.011151722872919973,0.8177930106807981,0.5450364947319031
4,2,27,0.32339996331467924,1.702496358599116,0.7447620630264282
4,2,28,0.16727584309379961,1.6281515394463162,0.6169111728668213
4,2,29,0.43491719204387896,1.8511859969047157,0.7550100684165955
4,2,30,0.2936620356535593,1.7396687681755159,0.6203112006187439
4,2,31,0.048324132449319886,1.8660549607352757,0.7983027100563049
4,2,32,0.10036550585627976,1.754537732006076,0.6917051076889038
5,1,0,0.08187150057867444,-1.403511438491562,0.9987844824790956
5,1,1,0.058479643270481746,-1.4580924388773449,0.9987894892692566
5,1,2,0.0662769290398793,-1.4658897246467424,0.998712718486786
5,1,3,0.0662769290398793,-1.4658897246467424,0.9988449215888976
5,1,4,0.019493214423493915,-1.4580924388773449,0.9987294673919678
5,1,5,-0.0038986428846987833,-1.4580924388773449,0.9986031651496888
5,1,6,-0.03508778596228905,-1.4580924388773449,0.9986716508865356
5,1,7,0.03508778596228905,-1.4347005815691523,0.9982163906097412
5,1,8,-0.12085792942566227,-1.4113087242609594,0.9983866810798644
5,1,9,0.09746607211746958,-1.3255385807975864,0.9983253479003906
5,1,10,0.05068235750108418,-1.3177412950281886,0.9981401562690736
5,1,11,0.09746607211746958,-1.0136471500216837,0.9994957447052002
5,1,12,-0.22222264442783063,-0.9824580069440934,0.9986976981163024
5,1,13,0.19883078711963795,-0.5614045753966248,0.6607617139816284
5,1,14,0.027290500192891483,-0.4834317177026491,0.594217836856842
5,1,15,0.3079927878912039,-0.9044851492501177,0.8294047713279724
5,1,16,0.22222264442783063,-0.881093291941925,0.6520252823829651
5,1,17,0.40935750289337225,-0.9590661496359006,0.8054187893867493
5,1,18,0.323587359429999,-0.9590661496359006,0.6415743231773376
5,1,19,0.3703710740463844,-1.0136471500216837,0.8032943606376648
5,1,20,0.29239821635240876,-1.0214444357910812,0.638627290725708
5,1,21,0.3313846451993966,-1.005849864252286,0.7854944467544556
5,1,22,0.2534117875054209,-1.005849864252286,0.6278135776519775
5,1,23,0.10526335788686715,-0.007797285769397567,0.9973674416542052
5,1,24,-0.10526335788686715,0.007797285769397567,0.9960901737213136
5,1,25,0.12085792942566227,0.7563367196315639,0.6189303398132324
5,1,26,-0.07407421480927688,0.7875258627091541,0.5677570104598999
5,1,27,-0.08966878634807202,1.4580924388773449,0.7175261378288269
5,1,28,-0.1910335013502404,1.5750517254183083,0.6304755210876465
5,1,29,-0.17543892981144524,1.5750517254183083,0.7294147610664368
5,1,30,-0.29239821635240876,1.6686191546510791,0.6197771430015564
5,1,31,0.12865521519505985,1.6764164404204767,0.7842757701873779
5,1,32,0.07407421480927688,1.707605583498067,0.7045339345932007
5,2,0,-0.1275615389074712,-1.3915804244451404,0.9988994002342224
5,2,1,-0.08890652711732841,-1.4611594456673975,0.9989054799079896
5,2,2,-0.07344452240127129,-1.4611594456673975,0.9988359212875366
5,2,3,-0.05798251768521418,-1.4611594456673975,0.9989561438560486
5,2,4,-0.11983053654944265,-1.453428443309369,0.998850405216217
5,2,5,-0.1275615389074712,-1.453428443309369,0.9987338781356812
5,2,6,-0.13529254126549975,-1.453428443309369,0.9987969398498536
5,2,7,-0.011596503537042837,-1.4302354362352832,0.9983901381492616
5,2,8,-0.10436853183338553,-1.4070424291611976,0.9985339641571044
5,2,9,-0.09663752947535698,-1.3220014032228833,0.9984794855117798
5,2,10,-0.13529254126549975,-1.314270400864855,0.9983066320419312
5,2,11,0.06571352004324274,-1.012761308901741,0.9995266199111938
5,2,12,-0.21260256484578535,-0.9818372994696268,0.9986587762832642
5,2,13,-0.07344452240127129,-0.5489011674200276,0.6935762166976929
5,2,14,-0.10436853183338553,-0.47159114383974204,0.5420992970466614
5,2,15,-0.32083659785818514,-0.8813342688152556,0.8418703675270081
5,2,16,-0.18167855541367112,-0.7731002358028558,0.6002573370933533
5,2,17,-0.39814662143847074,-0.9277202829634269,0.8168841600418091
5,2,18,-0.24352657427789956,-0.8504102593831414,0.592983067035675
5,2,19,-0.3672226120063565,-0.9895683018276554,0.8149412870407104
5,2,20,-0.2203335672038139,-0.9354512853214555,0.5901297330856323
5,2,21,-0.33629860257424227,-0.9818372994696268,0.7973799705505371
5,2,22,-0.16621655069761399,-0.8426792570251128,0.580756664276123
5,2,23,0.06571352004324274,-0.015462004716057116,0.9974934458732604
5,2,24,-0.06571352004324274,0.015462004716057116,0.9962033033370972
5,2,25,0.05025151532718562,0.8349482546670842,0.6408297419548035
5,2,26,-0.003865501179014279,0.8349482546670842,0.5382300019264221
5,2,27,-0.11983053654944265,1.7781305423465683,0.7302392721176147
5,2,28,-0.027058508253099953,1.6853585140502256,0.6035889983177185
5,2,29,0.05025151532718562,1.940481591865168,0.7362199425697327
5,2,30,-0.21260256484578535,1.8245165564947396,0.5975319147109985
5,2,31,-0.16621655069761399,1.9868676060133394,0.7897847890853882
5,2,32,-0.08890652711732841,1.8631715682848824,0.6818485856056213
6,1,0,0.05518058255405724,-1.3873975042162965,0.9989936351776124
6,1,1,0.04729764218919193,-1.450461027135219,0.9989993572235109
6,1,2,0.05518058255405724,-1.450461027135219,0.9989281892776488
6,1,3,0.06306352291892256,-1.450461027135219,0.999036192893982
6,1,4,0.0,-1.4425780867703537,0.9989485144615172
6,1,5,-0.023648821094595963,-1.4425780867703537,0.9988391399383544
6,1,6,-0.04729764218919193,-1.4425780867703537,0.9989007115364076
6,1,7,0.03153176145946128,-1.426812206040623,0.9984859228134156
6,1,8,-0.12612704583784512,-1.3952804445811617,0.998667299747467
6,1,9,0.07094646328378788,-1.3164510409325085,0.9985990524291992
6,1,10,0.023648821094595963,-1.3085681005676433,0.9984534978866576
6,1,11,0.04729764218919193,-1.0168993070676264,0.9994349479675292
6,1,12,-0.19707350912163302,-0.9774846052432997,0.9987656474113464
6,1,13,0.13400998620271046,-0.5439228851757071,0.646048903465271
6,1,14,0.023648821094595963,-0.44144466043245795,0.5856121778488159
6,1,15,0.29166879350001684,-0.8592404997703199,0.8224462270736694
6,1,16,0.24437115131082493,-0.8277087383108587,0.6383959650993347
6,1,17,0.42567877970272733,-0.8986552015946465,0.7993062734603882
6,1,18,0.35473231641893943,-0.8907722612297813,0.6299760341644287
6,1,19,0.40991289897299665,-0.9538357841487038,0.7971964478492737
6,1,20,0.3389664356892088,-0.9617187245135691,0.6270462870597839
6,1,21,0.35473231641893943,-0.9538357841487038,0.7781649827957153
6,1,22,0.2995517338648822,-0.9301869630541079,0.616630494594574
6,1,23,0.0788294036486532,-0.00788294036486532,0.9973980188369752
6,1,24,-0.0788294036486532,0.00788294036486532,0.9960901141166688
6,1,25,0.10247822474324916,0.7488793346622055,0.5988320708274841
6,1,26,-0.03153176145946128,0.7725281557568014,0.560843288898468
6,1,27,-0.18130762839190237,1.497758669324411,0.7047224640846252
6,1,28,-0.17342468802703706,1.545056311513603,0.6217290759086609
6,1,29,-0.2601370320405556,1.6160027747973909,0.7145869731903076
6,1,30,-0.2759029127702862,1.6554174766217173,0.611780047416687
6,1,31,0.00788294036486532,1.694832178446044,0.7761381268501282
6,1,32,0.08671234401351853,1.7184809995406398,0.6973430514335632
6,2,0,-0.019351375505954053,-1.3778179360239287,0.9990873336791992
6,2,1,0.011610825303572433,-1.4474828878453634,0.9990938305854796
6,2,2,0.0348324759107173,-1.4474828878453634,0.9990291595458984
6,2,3,0.04257302611309892,-1.4474828878453634,0.9991274476051332
6,2,4,-0.019351375505954053,-1.4397423376429817,0.9990471601486206
6,2,5,-0.0348324759107173,-1.4397423376429817,0.9989450573921204
6,2,6,-0.04257302611309892,-1.4320017874406001,0.9990013241767884
6,2,7,0.0348324759107173,-1.416520687035837,0.9986330270767212
6,2,8,-0.0348324759107173,-1.393299036428692,0.998778522014618
6,2,9,0.011610825303572433,-1.3081529842024942,0.9987232685089112
6,2,10,-0.027091925708335678,-1.3004124340001124,0.9985844492912292
6,2,11,0.11997852813691515,-1.0140120765119924,0.999460518360138
6,2,12,-0.22834623097025786,-0.983049875702466,0.9986166954040528
6,2,13,0.0348324759107173,-0.5418385141667136,0.6798012852668762
6,2,14,-0.003870275101190811,-0.4876546627500422,0.5346548557281494
6,2,15,-0.1741623795535865,-0.8282388716548336,0.8334959745407104
6,2,16,-0.08127577712500703,-0.8282388716548336,0.5940629839897156
6,2,17,-0.25930843177978435,-0.8669416226667417,0.8083163499832153
6,2,18,-0.1354596285416784,-0.8901632732738866,0.5899289846420288
6,2,19,-0.22060568076787623,-0.921125474083413,0.806485116481781
6,2,20,-0.07353522692262542,-0.9520876748929396,0.5870171189308167
6,2,21,-0.18964347995834974,-0.921125474083413,0.7873310446739197
6,2,22,-0.08127577712500703,-0.9288660242857947,0.577499270439148
6,2,23,0.14320017874406002,-0.007740550202381622,0.9974767565727234
6,2,24,-0.14320017874406002,0.007740550202381622,0.9961986541748048
6,2,25,0.1354596285416784,0.8359794218572152,0.6224750280380249
6,2,26,-0.04257302611309892,0.8359794218572152,0.5352935791015625
6,2,27,-0.11223797793453352,1.7880670967501546,0.7188242077827454
6,2,28,-0.16642182935120486,1.679699393916812,0.6022627353668213
6,2,29,0.07353522692262542,1.9506186510001688,0.7275434136390686
6,2,30,-0.0348324759107173,1.8654725987739709,0.6025456190109253
6,2,31,-0.1044974277321519,1.9815808518096953,0.7814621925354004
6,2,32,0.027091925708335678,1.8809536991787341,0.6787863969802856
7,1,0,0.04381496577228264,-1.3781798324736174,0.9991678595542908
7,1,1,0.04381496577228264,-1.4419106917787559,0.9991747736930848
7,1,2,0.051781323185424936,-1.4498770491918982,0.9991105198860168
7,1,3,0.06771403801170953,-1.4498770491918982,0.99919855594635
7,1,4,-0.003983178706571149,-1.4419106917787559,0.9991318583488464
7,1,5,-0.03584860835914034,-1.4419106917787559,0.9990371465682985
7,1,6,-0.06771403801170953,-1.4339443343656135,0.9990907311439514
7,1,7,0.02788225094599804,-1.418011619539329,0.9987245202064514
7,1,8,-0.13941125472999022,-1.394112547299902,0.9988927245140076
7,1,9,0.059747680598567235,-1.3064826157553369,0.9988254308700562
7,1,10,0.003983178706571149,-1.2985162583421945,0.9987080693244934
7,1,11,0.02788225094599804,-1.0117273914690719,0.999419629573822
7,1,12,-0.21110847144827088,-0.9798619618165026,0.9987341165542604
7,1,13,0.12347853990370561,-0.5417123040936762,0.631712019443512
7,1,14,0.03584860835914034,-0.454082372549111,0.5793511867523193
7,1,15,0.28280568816655155,-0.8205348135536567,0.8161965608596802
7,1,16,0.2509402585139824,-0.8524002432062259,0.633175790309906
7,1,17,0.42620012160311294,-0.8762993154456528,0.7926470041275024
7,1,18,0.36246926229797455,-0.908164745098222,0.6278133988380432
7,1,19,0.4102674067768283,-0.9240974599245065,0.7906830906867981
7,1,20,0.33857019005854766,-0.9718956044033603,0.6248790621757507
7,1,21,0.34653654747168994,-0.9240974599245065,0.7704164385795593
7,1,22,0.29873840299283616,-0.963929246990218,0.614628255367279
7,1,23,0.08364675283799412,-0.007966357413142298,0.9974621534347534
7,1,24,-0.08364675283799412,0.007966357413142298,0.9961549043655396
7,1,25,0.12347853990370561,0.7727366690748029,0.5874671339988708
7,1,26,-0.07568039542485183,0.7966357413142298,0.5631694197654724
7,1,27,-0.1633103269694171,1.529540623323321,0.6981827020645142
7,1,28,-0.21110847144827088,1.5932714826284595,0.6234579086303711
7,1,29,-0.2270411862745555,1.6490359845204556,0.7101495265960693
7,1,30,-0.31467111781912077,1.7048004864124517,0.6154660582542419
7,1,31,0.051781323185424936,1.7207332012387364,0.7731808423995972
7,1,32,0.07568039542485183,1.7525986308913055,0.6971530318260193
7,2,0,-0.03787878787878788,-1.3598484848484849,0.999242901802063
7,2,1,-0.015151515151515152,-1.428030303030303,0.9992505311965942
7,2,2,0.0,-1.428030303030303,0.9991918206214904
7,2,3,0.015151515151515152,-1.428030303030303,0.9992722272872924
7,2,4,-0.05303030303030303,-1.4204545454545454,0.9992106556892396
7,2,5,-0.06818181818181818,-1.4204545454545454,0.9991204738616944
7,2,6,-0.08333333333333333,-1.4204545454545454,0.9991697072982788
7,2,7,-0.030303030303030304,-1.4053030303030303,0.9988468885421752
7,2,8,-0.13636363636363635,-1.3825757575757576,0.9989749193191528
7,2,9,-0.015151515151515152,-1.2916666666666667,0.99892395734787
7,2,10,-0.05303030303030303,-1.2840909090909092,0.9988086819648744
7,2,11,0.06818181818181818,-1.0113636363636365,0.999436855316162
7,2,12,-0.06818181818181818,-0.9886363636363636,0.998515248298645
7,2,13,0.0,-0.5265151515151515,0.6669925451278687
7,2,14,-0.030303030303030304,-0.4962121212121212,0.5274585485458374
7,2,15,-0.17424242424242425,-0.7992424242424242,0.8277644515037537
7,2,16,-0.08333333333333333,-0.8446969696969697,0.5847117900848389
7,2,17,-0.25757575757575757,-0.8598484848484849,0.8018341660499573
7,2,18,-0.10606060606060606,-0.9128787878787878,0.582934558391571
7,2,19,-0.22727272727272727,-0.9053030303030303,0.8001846671104431
7,2,20,-0.09848484848484848,-0.9431818181818182,0.5799795389175415
7,2,21,-0.19696969696969696,-0.8977272727272727,0.780062735080719
7,2,22,-0.09090909090909091,-0.9431818181818182,0.5707532167434692
7,2,23,0.09848484848484848,0.003787878787878788,0.9974706172943116
7,2,24,-0.09848484848484848,-0.003787878787878788,0.9961514472961426
7,2,25,0.045454545454545456,0.7916666666666666,0.6023075580596924
7,2,26,-0.15151515151515152,0.7992424242424242,0.5326074957847595
7,2,27,0.022727272727272728,1.746212121212121,0.7062129974365234
7,2,28,-0.09090909090909091,1.6477272727272727,0.5987050533294678
7,2,29,0.13636363636363635,1.8825757575757576,0.7191488146781921
7,2,30,0.015151515151515152,1.821969696969697,0.6019183397293091
7,2,31,-0.08333333333333333,1.8825757575757576,0.774594247341156
7,2,32,0.007575757575757576,1.7916666666666667,0.675753116607666
8,1,0,0.02421994701623275,-1.372463664253189,0.9993078112602234
8,1,1,0.032293262688310335,-1.4451235053018874,0.999315619468689
8,1,2,0.040366578360387914,-1.4451235053018874,0.999257266521454
8,1,3,0.056513209704543085,-1.4451235053018874,0.9993297457695008
8,1,4,-0.040366578360387914,-1.4370501896298098,0.9992793202400208
8,1,5,-0.07265984104869824,-1.4370501896298098,0.9991961121559144
8,1,6,-0.096879788064931,-1.4289768739577322,0.999243974685669
8,1,7,0.040366578360387914,-1.4209035582856546,0.9989218711853028
8,1,8,-0.16146631344155166,-1.3966836112694219,0.9990711212158204
8,1,9,0.0484398940324655,-1.2998038232044908,0.9990098476409912
8,1,10,-0.02421994701623275,-1.2917305075324133,0.998914361000061
8,1,11,0.056513209704543085,-1.0010911433376204,0.999415934085846
8,1,12,-0.20990620747401717,-0.9930178276655427,0.9986511468887328
8,1,13,0.12109973508116374,-0.5570587813733532,0.6238341331481934
8,1,14,-0.008073315672077584,-0.4521056776363447,0.5734784603118896
8,1,15,0.29871267986687056,-0.775038304519448,0.8112555742263794
8,1,16,0.26641941717856027,-0.8073315672077583,0.624863862991333
8,1,17,0.41173909927595675,-0.8315515142239911,0.787885308265686
8,1,18,0.3794458365876464,-0.8880647239285342,0.6216115951538086
8,1,19,0.3955924679318016,-0.8799914082564566,0.7860258221626282
8,1,20,0.3713725209155688,-0.9203579866168445,0.618650496006012
8,1,21,0.34715257389933607,-0.871918092584379,0.7644157409667969
8,1,22,0.3229326268831033,-0.9203579866168445,0.608823299407959
8,1,23,0.08073315672077583,0.0,0.997463047504425
8,1,24,-0.08073315672077583,0.0,0.9962105751037598
8,1,25,0.096879788064931,0.8073315672077583,0.5778317451477051
8,1,26,-0.07265984104869824,0.8315515142239911,0.5665502548217773
8,1,27,-0.16953962911362924,1.5177833463505856,0.693814218044281
8,1,28,-0.20183289180193958,1.6227364500875943,0.624239444732666
8,1,29,-0.2502727858344051,1.6550297127759046,0.708454966545105
8,1,30,-0.29871267986687056,1.743836185168758,0.6176800727844238
8,1,31,0.016146631344155168,1.7196162381525253,0.7702765464782715
8,1,32,0.08073315672077583,1.8084227105453787,0.6951826810836792
8,2,0,0.027553717091818853,-1.365877118694449,0.9993749260902404
8,2,1,0.043298698287143916,-1.4367295340734116,0.9993823766708374
8,2,2,0.05117118888480644,-1.4367295340734116,0.9993295669555664
8,2,3,0.05117118888480644,-1.4446020246710742,0.999395191669464
8,2,4,-0.003936245298831265,-1.428857043475749,0.9993494749069214
8,2,5,-0.027553717091818853,-1.428857043475749,0.9992733597755432
8,2,6,-0.043298698287143916,-1.428857043475749,0.9993165731430054
8,2,7,0.09840613247078162,-1.413112062280424,0.9990283250808716
8,2,8,-0.12989609486143175,-1.397367081085099,0.999157190322876
8,2,9,0.05904367948246897,-1.295024703315486,0.9991036653518676
8,2,10,0.003936245298831265,-1.2871522127178237,0.9990150332450868
8,2,11,0.07478866067779404,-1.0037425512019724,0.999459743499756
8,2,12,-0.11415111366610668,-0.99587006060431,0.9985789060592652
8,2,13,0.10627862306844416,-0.5077756435492332,0.659933865070343
8,2,14,-0.019681226494156323,-0.44479571876793295,0.5196446776390076
8,2,15,-0.07478866067779404,-0.7754403238697591,0.8265536427497864
8,2,16,0.21649349143571955,-0.5707555683305334,0.5708850622177124
8,2,17,-0.1456410760567568,-0.8226752674557344,0.8030844330787659
8,2,18,0.12202360426376921,-0.44479571876793295,0.571408748626709
8,2,19,-0.12202360426376921,-0.8777827016393721,0.8015486001968384
8,2,20,0.21649349143571955,-0.6967154178931338,0.5687468647956848
8,2,21,-0.09840613247078162,-0.8699102110417095,0.7806020975112915
8,2,22,0.16138605725208185,-0.7045879084907964,0.5604696869850159
8,2,23,0.09053364187311909,-0.003936245298831265,0.9975981712341307
8,2,24,-0.09053364187311909,0.003936245298831265,0.9963585734367372
8,2,25,0.15351356665441931,0.862037720444047,0.6022393703460693
8,2,26,0.11415111366610668,0.8777827016393721,0.5352519154548645
8,2,27,0.08266115127545656,1.830354063956538,0.7044252157211304
8,2,28,0.16138605725208185,1.7516291579799128,0.5972813367843628
8,2,29,0.18500352904506945,1.9720588947144637,0.7176654934883118
8,2,30,0.23223847263104463,1.9484414229214762,0.6002682447433472
8,2,31,-0.05904367948246897,1.9720588947144637,0.7694230675697327
8,2,32,0.09053364187311909,1.8854614981401758,0.6654406189918518
9,1,0,0.012265348742467205,-1.3696306095755044,0.9994198083877563
9,1,1,0.020442247904112008,-1.4432227020303077,0.9994250535964966
9,1,2,0.03679604622740161,-1.4432227020303077,0.999366581439972
9,1,3,0.04497294538904641,-1.4432227020303077,0.9994215965270996
9,1,4,-0.053149844550691216,-1.4350458028686628,0.9993957281112672
9,1,5,-0.07768054203562562,-1.4350458028686628,0.9993233680725098
9,1,6,-0.11038813868220483,-1.4350458028686628,0.9993668794631958
9,1,7,0.053149844550691216,-1.4186920045453733,0.999048352241516
9,1,8,-0.17580333197536324,-1.3941613070604388,0.9992267489433287
9,1,9,0.053149844550691216,-1.2960385171207012,0.9991434812545776
9,1,10,-0.028619147065756807,-1.2878616179590565,0.9990847110748292
9,1,11,0.06132674371233602,-0.9934932481398435,0.9993559122085572
9,1,12,-0.20033402946029766,-1.0016701473014884,0.9987011551856996
9,1,13,0.12674193700549444,-0.5274099959260897,0.6137894988059998
9,1,14,-0.028619147065756807,-0.4292872059863521,0.5659109950065613
9,1,15,0.3556951135315489,-0.7481862732904995,0.8094515800476074
9,1,16,0.3066337185616801,-0.7318324749672098,0.6122524738311768
9,1,17,0.47834860095622095,-0.7890707690987234,0.7894802689552307
9,1,18,0.4292872059863521,-0.7073017774822754,0.6111725568771362
9,1,19,0.47834860095622095,-0.8544859623918819,0.7880128026008606
9,1,20,0.4292872059863521,-0.8381321640685923,0.6085394024848938
9,1,21,0.4292872059863521,-0.8544859623918819,0.7653700113296509
9,1,22,0.38022581101648334,-0.8544859623918819,0.5994837880134583
9,1,23,0.09403434035891522,0.0040884495808224015,0.9973257780075072
9,1,24,-0.09403434035891522,-0.0040884495808224015,0.9963042736053468
9,1,25,0.13491883616713923,0.7890707690987234,0.5737378001213074
9,1,26,-0.020442247904112008,0.8381321640685923,0.5691285729408264
9,1,27,-0.14309573532878406,1.5331685928084005,0.687127947807312
9,1,28,-0.20851092862194245,1.6558220802330725,0.6236009001731873
9,1,29,-0.23304162610687687,1.6885296768796518,0.7030952572822571
9,1,30,-0.29845681940003527,1.7866524668193893,0.6185746192932129
9,1,31,0.06132674371233602,1.7621217693344549,0.7590694427490234
9,1,32,0.08585744119727043,1.835713861789258,0.6842045187950134
9,2,0,-0.10714686657909579,-1.3584692012706787,0.9994749426841736
9,2,1,-0.053573433289547896,-1.4273493297858117,0.999479591846466
9,2,2,-0.030613390451170223,-1.4273493297858117,0.9994266033172609
9,2,3,0.0,-1.4273493297858117,0.9994765520095824
9,2,4,-0.13010690941747347,-1.4273493297858117,0.9994527101516724
9,2,5,-0.15306695225585112,-1.4273493297858117,0.9993854761123656
9,2,6,-0.17602699509422878,-1.4196959821730193,0.999424695968628
9,2,7,0.053573433289547896,-1.3967359393346415,0.9991410374641418
9,2,8,-0.17602699509422878,-1.389082591721849,0.9992911219596864
9,2,9,-0.068880128515133,-1.2895890727555457,0.9992223978042604
9,2,10,-0.14541360464305858,-1.2895890727555457,0.9991649389266968
9,2,11,0.08418682374071812,-0.9911085158566361,0.99940288066864
9,2,12,-0.18368034270702135,-1.006415211082221,0.9985975623130798
9,2,13,0.02296004283837767,-0.508947616250705,0.651530921459198
9,2,14,-0.11480021419188835,-0.48598757341232734,0.5190936326980591
9,2,15,-0.07653347612792556,-0.7538547398600668,0.8268678784370422
9,2,16,-0.16837364748143624,-0.7615080874728594,0.572722852230072
9,2,17,-0.17602699509422878,-0.7921214779240295,0.8074871897697449
9,2,18,-0.23725377599656924,-0.7691614350856519,0.5750099420547485
9,2,19,-0.16072029986864367,-0.8610016064391626,0.8061894178390503
9,2,20,-0.19898703793260647,-0.8610016064391626,0.5721369385719299
9,2,21,-0.13010690941747347,-0.85334825882637,0.7847673296928406
9,2,22,-0.17602699509422878,-0.8686549540519551,0.5643910765647888
9,2,23,0.053573433289547896,0.003826673806396278,0.9973788261413574
9,2,24,-0.053573433289547896,-0.003826673806396278,0.996260941028595
9,2,25,0.09184017135351068,0.85334825882637,0.5993087887763977
9,2,26,0.06122678090234045,0.8610016064391626,0.5409305691719055
9,2,27,0.137760257030266,1.7181765390719288,0.6976420283317566
9,2,28,0.15306695225585112,1.6569497581695884,0.5978094339370728
9,2,29,0.21429373315819158,1.87124349132778,0.7115229964256287
9,2,30,0.21429373315819158,1.8100167104254397,0.6026655435562134
9,2,31,-0.1224535618046809,1.8942035341661576,0.7629339098930359
9,2,32,-0.068880128515133,1.802363362812647,0.6620732545852661
10,1,0,-0.012257974661493217,-1.3810651451949025,0.9995129704475404
10,1,1,0.004085991553831073,-1.4464410100561997,0.9995167255401612
10,1,2,0.02860194087681751,-1.4546129931638618,0.9994619488716124
10,1,3,0.053117890199803945,-1.4546129931638618,0.999506652355194
10,1,4,-0.06946185641512824,-1.4464410100561997,0.9994912147521972
10,1,5,-0.10214978884577681,-1.4464410100561997,0.9994275569915771
10,1,6,-0.1348377212764254,-1.4464410100561997,0.9994655847549438
10,1,7,0.053117890199803945,-1.4219250607332132,0.9991780519485474
10,1,8,-0.19204160303006043,-1.397409111410227,0.9993470311164856
10,1,9,0.02860194087681751,-1.2993453141182811,0.9992656111717224
10,1,10,-0.06946185641512824,-1.2993453141182811,0.9992215633392334
10,1,11,0.10214978884577681,-0.9806379729194574,0.9993777275085448
10,1,12,-0.25741746789135755,-1.013325905350106,0.9987180829048156
10,1,13,0.18386961992239828,-0.4903189864597287,0.6239670515060425
10,1,14,-0.020429957769155363,-0.449459070921418,0.5658724904060364
10,1,15,0.3554812651833033,-0.7518224459049174,0.8284162282943726
10,1,16,0.281933417214344,-0.8662302094121874,0.6145907044410706
10,1,17,0.46988902869057336,-0.7763383952279038,0.8096829056739807
10,1,18,0.37999721450628976,-0.9152621080581603,0.6156989336013794
10,1,19,0.4617170455829112,-0.841714260089201,0.8084763884544373
10,1,20,0.3554812651833033,-0.9888099560271196,0.612984299659729
10,1,21,0.4045131638292762,-0.841714260089201,0.7864888906478882
10,1,22,0.32279333275265476,-0.9806379729194574,0.6049389839172363
10,1,23,0.11032177195343897,0.008171983107662146,0.9973694682121276
10,1,24,-0.11032177195343897,-0.008171983107662146,0.9963998198509216
10,1,25,0.15935367059941183,0.8253702938738767,0.5769137144088745
10,1,26,-0.09397780573811468,0.8580582263045252,0.5764391422271729
10,1,27,-0.14300970438408755,1.5281608411328211,0.6858395934104919
10,1,28,-0.24924548478369543,1.634396621532429,0.6251431107521057
10,1,29,-0.23290151856837116,1.6589125708554155,0.7009549736976624
10,1,30,-0.3554812651833033,1.7569763681473614,0.6154415607452393
10,1,31,0.06128987330746609,1.7733203343626855,0.7560508847236633
10,1,32,-0.012257974661493217,1.8223522330086583,0.6819655895233154
10,2,0,-0.17332709462124496,-1.3712099041147379,0.9995567202568054
10,2,1,-0.10399625677274697,-1.440540741963236,0.9995591640472412
10,2,2,-0.07318255106230342,-1.440540741963236,0.9995093941688538
10,2,3,-0.04236884535185988,-1.440540741963236,0.9995507001876832
10,2,4,-0.17332709462124496,-1.440540741963236,0.9995349645614624
10,2,5,-0.18873394747646674,-1.432837315535625,0.9994741678237916
10,2,6,-0.20414080033168852,-1.432837315535625,0.9995086193084716
10,2,7,0.01155513964141633,-1.4020236098251815,0.999255120754242
10,2,8,-0.15792024176602318,-1.3943201833975707,0.999385952949524
10,2,9,-0.11940310962796875,-1.3018790662662398,0.999328076839447
10,2,10,-0.19643737390407762,-1.3018790662662398,0.9992812871932985
10,2,11,0.07318255106230342,-0.9860385827341935,0.9994248747825624
10,2,12,-0.2118442267592994,-1.0091488620170261,0.998599112033844
10,2,13,0.0038517132138054435,-0.49301929136709677,0.6609961986541748
10,2,14,-0.18103052104885584,-0.49301929136709677,0.5237433910369873
10,2,15,-0.01925856606902722,-0.7626392163334779,0.8445236682891846
10,2,16,-0.20414080033168852,-0.885894039175252,0.5818015336990356
10,2,17,-0.19643737390407762,-0.8011563484715323,0.8266268968582153
10,2,18,-0.3273956231734627,-0.9013008920304738,0.5848705768585205
10,2,19,-0.14251338891080143,-0.8627837598924194,0.8255074620246887
10,2,20,-0.2734716381801865,-0.95522487702375,0.5813708305358887
10,2,21,-0.08088597748991432,-0.8627837598924194,0.80487060546875
10,2,22,-0.22725107961452118,-0.9783351563065826,0.5741158127784729
10,2,23,0.08088597748991432,0.0,0.9974523186683656
10,2,24,-0.08088597748991432,0.0,0.9964057207107544
10,2,25,0.07318255106230342,0.8396734806095867,0.6101745963096619
10,2,26,0.01925856606902722,0.8550803334648085,0.5596683025360107
10,2,27,0.11940310962796875,1.6562366819363408,0.7043718099594116
10,2,28,0.10399625677274697,1.6716435347915626,0.6137811541557312
10,2,29,0.20414080033168852,1.8026017840609476,0.7134358286857605
10,2,30,0.17332709462124496,1.8026017840609476,0.609288215637207
10,2,31,-0.18103052104885584,1.8719326219094456,0.7671407461166382
10,2,32,-0.18103052104885584,1.7948983576333366,0.673665463924408
11,1,0,-0.008210385398583457,-1.3834499396613127,0.9995943307876588
11,1,1,0.024631156195750372,-1.4491330228499804,0.999595582485199
11,1,2,0.049262312391500744,-1.4491330228499804,0.9995462894439696
11,1,3,0.07389346858725111,-1.4491330228499804,0.9995838403701782
11,1,4,-0.0574726977900842,-1.4491330228499804,0.9995725750923156
11,1,5,-0.09031423938441803,-1.4491330228499804,0.999515175819397
11,1,6,-0.12315578097875186,-1.4409226374513968,0.9995466470718384
11,1,7,0.08210385398583457,-1.4162914812556464,0.999300181865692
11,1,8,-0.1724180933702526,-1.3998707104584796,0.9994333386421204
11,1,9,0.03284154159433383,-1.301346085675478,0.999374270439148
11,1,10,-0.07389346858725111,-1.301346085675478,0.9993305802345276
11,1,11,0.10673501018158495,-0.9811410551307231,0.9994434714317322
11,1,12,-0.24631156195750373,-1.013982596725057,0.998712718486786
11,1,13,0.27915310355183753,-0.5459906290058,0.6530796885490417
11,1,14,-0.008210385398583457,-0.4556763896213819,0.5700756907463074
11,1,15,0.48441273851642397,-0.8005125763618871,0.8558290004730225
11,1,16,0.24631156195750373,-0.9482995135363893,0.623167097568512
11,1,17,0.6239892902923427,-0.8169333471590541,0.838322639465332
11,1,18,0.27915310355183753,-1.0714552945151412,0.6254276037216187
11,1,19,0.6157789048937593,-0.8661956595505548,0.8373498916625977
11,1,20,0.2627323327546706,-1.120717606906642,0.622200608253479
11,1,21,0.5583062071036751,-0.8661956595505548,0.8174765706062317
11,1,22,0.24631156195750373,-1.0960864507108916,0.6150773763656616
11,1,23,0.09852462478300149,0.012315578097875186,0.9974533915519714
11,1,24,-0.09852462478300149,-0.012315578097875186,0.9964980483055116
11,1,25,0.09852462478300149,0.8497748887533878,0.574754536151886
11,1,26,-0.049262312391500744,0.8579852741519713,0.5869797468185425
11,1,27,-0.13957655177591877,1.5722888038287322,0.6855759620666504
11,1,28,-0.2298907911603368,1.6626030432131502,0.6366015076637268
11,1,29,-0.2298907911603368,1.6872341994089006,0.7025090456008911
11,1,30,-0.3448361867405052,1.7939692095904856,0.6219141483306885
11,1,31,0.09852462478300149,1.7939692095904856,0.7552558779716492
11,1,32,0.024631156195750372,1.8432315219819861,0.6907746195793152
11,2,0,-0.19248275343409404,-1.3905896880748836,0.9995930194854736
11,2,1,-0.12177480319299828,-1.4455847604846248,0.9995827078819276
11,2,2,-0.09820548644596636,-1.4455847604846248,0.9995346665382384
11,2,3,-0.07463616969893443,-1.4455847604846248,0.999579668045044
11,2,4,-0.17676987560273943,-1.4455847604846248,0.9995514750480652
11,2,5,-0.19248275343409404,-1.4455847604846248,0.9994730949401855
11,2,6,-0.20033919234977135,-1.4455847604846248,0.9995117783546448
11,2,7,-0.011784658373515963,-1.4063025659062383,0.9993078112602234
11,2,8,-0.15320055885570752,-1.4063025659062383,0.9992862939834596
11,2,9,-0.15320055885570752,-1.3041688600024333,0.9993545413017272
11,2,10,-0.216052070181126,-1.3120252989181105,0.9992671012878418
11,2,11,0.06677973078325712,-0.9820548644596635,0.9994601011276244
11,2,12,-0.20033919234977135,-1.0134806201223727,0.998386800289154
11,2,13,-0.01964109728919327,-0.48709921277199314,0.6866801381111145
11,2,14,-0.20819563126544868,-0.48709921277199314,0.5309004187583923
11,2,15,-0.01964109728919327,-0.7777874526520535,0.8685659170150757
11,2,16,-0.47531455439847714,-0.8170696472304401,0.5971484184265137
11,2,17,-0.25533426475951254,-0.8092132083147627,0.8515253067016602
11,2,18,-0.6088740159649914,-0.8170696472304401,0.6005220413208008
11,2,19,-0.15320055885570752,-0.8799211585558585,0.8505831360816956
11,2,20,-0.5774482603022821,-0.8563518418088266,0.5974034667015076
11,2,21,-0.06677973078325712,-0.8720647196401813,0.8313819169998169
11,2,22,-0.5145967489768637,-0.8563518418088266,0.5909380912780762
11,2,23,0.09034904753028905,0.0,0.9973614811897278
11,2,24,-0.09034904753028905,0.0,0.99610698223114
11,2,25,0.12963124210867558,0.840638963977472,0.6032053232192993
11,2,26,-0.003928219457838654,0.8170696472304401,0.5657227635383606
11,2,27,0.12963124210867558,1.7519858781960398,0.7048934698104858
11,2,28,0.11391836427732097,1.657708611207912,0.6193317174911499
11,2,29,0.216052070181126,1.9012582175939086,0.7094735503196716
11,2,30,0.18462631451841674,1.7991245116901036,0.6088494062423706
11,2,31,-0.20033919234977135,1.9562532900036498,0.7671924829483032
11,2,32,-0.15320055885570752,1.8226938284371355,0.6800531148910522
12,1,0,0.0,-1.3897235947627988,0.9996296763420104
12,1,1,0.016206689151752756,-1.45455035136981,0.99962055683136
12,1,2,0.04051672287938189,-1.45455035136981,0.9995753169059752
12,1,3,0.056723412031134644,-1.45455035136981,0.9996163845062256
12,1,4,-0.06482675660701102,-1.45455035136981,0.9995908141136168
12,1,5,-0.09724013491051654,-1.45455035136981,0.999518096446991
12,1,6,-0.12965351321402205,-1.4464470067939335,0.9995529055595398
12,1,7,0.04862006745525827,-1.4221369730663043,0.9993655681610109
12,1,8,-0.19448026982103309,-1.4059302839145515,0.9993491768836976
12,1,9,0.024310033727629136,-1.308690149004035,0.999408483505249
12,1,10,-0.06482675660701102,-1.308690149004035,0.9993262887001038
12,1,11,0.08103344575876378,-0.9845563659689799,0.9995025396347046
12,1,12,-0.24310033727629135,-1.008866399696609,0.9985255002975464
12,1,13,0.24310033727629135,-0.5307690697199028,0.6773899793624878
12,1,14,0.0,-0.46594231311289175,0.5764127373695374
12,1,15,0.46189064082495357,-0.7900760961479468,0.8782947063446045
12,1,16,0.20258361439690944,-0.9359362985137216,0.6369442343711853
12,1,17,0.5915441540389756,-0.8224894744514524,0.8617390990257263
12,1,18,0.25120368185216774,-1.0574864671518673,0.6394222974777222
12,1,19,0.6077508431907284,-0.8711095419067106,0.8609818816184998
12,1,20,0.21879030354866222,-1.1061065346071257,0.6364999413490295
12,1,21,0.5429240865837174,-0.8630061973308343,0.8424365520477295
12,1,22,0.21068695897278583,-1.0817965008794965,0.6298599243164062
12,1,23,0.10534347948639292,-0.004051672287938189,0.9974772930145264
12,1,24,-0.10534347948639292,0.004051672287938189,0.996240735054016
12,1,25,0.16206689151752757,0.8062827852996997,0.5788066387176514
12,1,26,-0.06482675660701102,0.8062827852996997,0.595679759979248
12,1,27,-0.17017023609340393,1.4950670742491918,0.691702663898468
12,1,28,-0.25120368185216774,1.6247205874632138,0.6445464491844177
12,1,29,-0.24310033727629135,1.649030621190843,0.7035790085792542
12,1,30,-0.3565471613385606,1.7219607223737303,0.6259023547172546
12,1,31,0.13775685778989843,1.7300640669496068,0.7631909847259521
12,1,32,0.056723412031134644,1.7705807898289887,0.7009352445602417
12,2,0,-0.1842220164078547,-1.3701512470334194,0.99965101480484
12,2,1,-0.12281467760523647,-1.4315585858360376,0.9996389746665956
12,2,2,-0.09211100820392736,-1.4315585858360376,0.9995970129966736
12,2,3,-0.06908325615294551,-1.4315585858360376,0.9996374249458312
12,2,4,-0.1842220164078547,-1.439234503186365,0.9996100664138794
12,2,5,-0.19957385110850925,-1.439234503186365,0.9995362162590028
12,2,6,-0.21492568580916382,-1.439234503186365,0.9995697140693665
12,2,7,0.0,-1.4008549164347284,0.9994083642959596
12,2,8,-0.16887018170720014,-1.4008549164347284,0.9993427395820618
12,2,9,-0.13816651230589103,-1.2933920735301465,0.9994344711303712
12,2,10,-0.20724976845883653,-1.3010679908804739,0.9993380308151244
12,2,11,0.053731421452290956,-0.9863553795170553,0.999521791934967
12,2,12,-0.1842220164078547,-1.0093831315680373,0.9982923865318298
12,2,13,-0.007675917350327279,-0.4950966690961095,0.708954393863678
12,2,14,-0.19189793375818198,-0.4874207517457822,0.5383405089378357
12,2,15,-0.13816651230589103,-0.7714296937078916,0.8892360925674438
12,2,16,-0.38379586751636396,-0.8328370325105098,0.6081250309944153
12,2,17,-0.3454162807647276,-0.8021333631092007,0.8730729818344116
12,2,18,-0.521962379822255,-0.840512949860837,0.6106733679771423
12,2,19,-0.26865710726145475,-0.8712166192621462,0.8723416328430176
12,2,20,-0.4912587104209459,-0.8942443713131281,0.6069836020469666
12,2,21,-0.23027752050981837,-0.8635407019118189,0.8546176552772522
12,2,22,-0.4068236195673458,-0.9172721233641099,0.6008399128913879
12,2,23,0.07675917350327278,-0.0038379586751636397,0.9974007606506348
12,2,24,-0.07675917350327278,0.0038379586751636397,0.9959163069725036
12,2,25,0.08443509085360007,0.8098092804595279,0.6066862344741821
12,2,26,0.015351834700654559,0.8098092804595279,0.5639076828956604
12,2,27,0.12281467760523647,1.6771879410465105,0.7047649621963501
12,2,28,0.13816651230589103,1.6234565195942194,0.6156423687934875
12,2,29,0.20724976845883653,1.8460581227537107,0.7117769718170166
12,2,30,0.19957385110850925,1.746271197199456,0.6065937280654907
12,2,31,-0.19189793375818198,1.884437709505347,0.7688724398612976
12,2,32,-0.12281467760523647,1.7616230319001105,0.6770066618919373
13,1,0,-0.012358662123653821,-1.371811495725574,0.999677836894989
13,1,1,0.004119554041217941,-1.4377243603850611,0.999668538570404
13,1,2,0.02883687828852558,-1.4377243603850611,0.9996274709701538
13,1,3,0.04531509445339734,-1.4377243603850611,0.999664545059204
13,1,4,-0.07003241870070498,-1.4377243603850611,0.9996393918991088
13,1,5,-0.10298885103044851,-1.4377243603850611,0.9995691180229188
13,1,6,-0.1441843914426279,-1.4294852523026254,0.9995996952056884
13,1,7,0.03707598637096146,-1.4130070361377536,0.9994470477104188
13,1,8,-0.20185814801967908,-1.3965288199728818,0.9993972182273864
13,1,9,0.020597770206089702,-1.2894204149012154,0.9994729161262512
13,1,10,-0.07003241870070498,-1.2894204149012154,0.999381422996521
13,1,11,0.08651063486557674,-0.9928125239335236,0.9995532631874084
13,1,12,-0.24305368843185848,-1.0010516320159595,0.998441517353058
13,1,13,0.21833636418455082,-0.5067051470698066,0.688836932182312
13,1,14,0.020597770206089702,-0.45727049857519136,0.5829634070396423
13,1,15,0.46550960665762725,-0.7868348218726265,0.8951869606971741
13,1,16,0.25953190459673026,-0.902182335026729,0.6464709043502808
13,1,17,0.6055744440590373,-0.8115521461199342,0.8794128894805908
13,1,18,0.4407922824103196,-0.9763343077686518,0.6477543711662292
13,1,19,0.6220526602239089,-0.8527476865321136,0.8789708018302917
13,1,20,0.28424922884403786,-1.0587253885930106,0.6442890167236328
13,1,21,0.5479006874819861,-0.8609867946145495,0.8614970445632935
13,1,22,0.25129279651429437,-1.0422471724281388,0.6375167369842529
13,1,23,0.11122795911288438,0.004119554041217941,0.997515082359314
13,1,24,-0.11122795911288438,-0.004119554041217941,0.996086061000824
13,1,25,0.10298885103044851,0.8445085784496777,0.5847964882850647
13,1,26,-0.07003241870070498,0.8445085784496777,0.5940490365028381
13,1,27,-0.1936190399372432,1.5530718735391635,0.6983587741851807
13,1,28,-0.24305368843185848,1.651941170528394,0.6416806578636169
13,1,29,-0.3089665530913455,1.7013758190230093,0.7077041864395142
13,1,30,-0.3501620935035249,1.7755277917649321,0.6233931183815002
13,1,31,0.03707598637096146,1.7755277917649321,0.7675110101699829
13,1,32,0.012358662123653821,1.8249624402595475,0.6984803676605225
13,2,0,-0.22055778171747942,-1.3659104727415832,0.999669313430786
13,2,1,-0.1663856949798529,-1.4278214290131563,0.999653458595276
13,2,2,-0.1354302168440663,-1.4278214290131563,0.9996119141578674
13,2,3,-0.11221360824222637,-1.4278214290131563,0.999656081199646
13,2,4,-0.22055778171747942,-1.4278214290131563,0.9996203780174256
13,2,5,-0.22829665125142606,-1.4278214290131563,0.9995333552360536
13,2,6,-0.24377439031931936,-1.4278214290131563,0.9995706677436828
13,2,7,-0.03482491290275991,-1.4046048204113164,0.9994413256645204
13,2,8,-0.17412456451379954,-1.3968659508773698,0.999269962310791
13,2,9,-0.17412456451379954,-1.2885217774021167,0.999436855316162
13,2,10,-0.2360355207853727,-1.2885217774021167,0.999284565448761
13,2,11,0.042563782436706554,-1.0099224741800374,0.9995514750480652
13,2,12,-0.15864682544590625,-0.9867058655781974,0.9978835582733154
13,2,13,-0.019347173834866616,-0.4836793458716654,0.7187740206718445
13,2,14,-0.17412456451379954,-0.46046273726982545,0.5424269437789917
13,2,15,-0.3134242161248392,-0.7622786490937447,0.903784453868866
13,2,16,-0.44498499820193216,-0.8087118662974245,0.612580418586731
13,2,17,-0.4217683896000922,-0.8009729967634779,0.8879446387290955
13,2,18,-0.514634824007452,-0.8164507358313712,0.6132439374923706
13,2,19,-0.3521185637945724,-0.862883953035051,0.8874548673629761
13,2,20,-0.5455903021432386,-0.8551450835011044,0.6095036864280701
13,2,21,-0.32890195519273246,-0.862883953035051,0.8702303767204285
13,2,22,-0.4836793458716654,-0.8706228225689977,0.603244960308075
13,2,23,0.05804152150459985,-0.003869434766973323,0.9973645210266112
13,2,24,-0.05804152150459985,0.003869434766973323,0.9954525828361512
13,2,25,0.027086043368813262,0.8396673444332111,0.6073314547538757
13,2,26,0.019347173834866616,0.8474062139671578,0.5601012110710144
13,2,27,0.0503026519706532,1.7064207322352356,0.7124961614608765
13,2,28,0.08125813010643979,1.652248645497609,0.6105622053146362
13,2,29,0.1354302168440663,1.8766758619820618,0.7156038284301758
13,2,30,0.15864682544590625,1.8379815143123286,0.5997335314750671
13,2,31,-0.251513259853266,1.8766758619820618,0.7749121189117432
13,2,32,-0.20508004264958613,1.7760705580407554,0.6738461256027222
14,1,0,-0.024523524916021264,-1.3692301411445205,0.999693751335144
14,1,1,0.0,-1.4346262075872438,0.999680757522583
14,1,2,0.01634901661068084,-1.4346262075872438,0.9996396899223328
14,1,3,0.040872541526702104,-1.4346262075872438,0.9996801018714904
14,1,4,-0.07357057474806379,-1.4346262075872438,0.999647855758667
14,1,5,-0.10626860796942547,-1.4346262075872438,0.9995661973953248
14,1,6,-0.13896664119078717,-1.4264516992819034,0.9995997548103333
14,1,7,0.040872541526702104,-1.4019281743658822,0.999474287033081
14,1,8,-0.1961881993281701,-1.3937536660605419,0.9993289709091188
14,1,9,0.024523524916021264,-1.2874850580911164,0.9994714260101318
14,1,10,-0.06539606644272336,-1.2874850580911164,0.9993286728858948
14,1,11,0.08991959135874462,-0.9932027590988611,0.9995720982551576
14,1,12,-0.23706074085487222,-1.0013772674042016,0.998066246509552
14,1,13,0.20436270763351053,-0.47820873586241464,0.6962293982505798
14,1,14,0.01634901661068084,-0.45368521094639336,0.5859209299087524
14,1,15,0.44959795679372316,-0.8051890680760314,0.9082322120666504
14,1,16,0.1880136910228297,-0.9278066926561378,0.6504417657852173
14,1,17,0.6049136145951911,-0.8378871012973932,0.8927183747291565
14,1,18,0.1961881993281701,-1.0422498089309036,0.6501950025558472
14,1,19,0.621262631205872,-0.8787596428240952,0.892498791217804
14,1,20,0.13079213288544672,-1.0912968587629461,0.6467090249061584
14,1,21,0.5476920564578082,-0.8787596428240952,0.8754163384437561
14,1,22,0.12261762458010632,-1.066773333846925,0.6400045156478882
14,1,23,0.10626860796942547,0.012261762458010632,0.9974605441093444
14,1,24,-0.10626860796942547,-0.012261762458010632,0.9957040548324584
14,1,25,0.08174508305340421,0.8297125929920527,0.5885838866233826
14,1,26,-0.08991959135874462,0.8215380846867123,0.5937595963478088
14,1,27,-0.17983918271748925,1.5490693238620097,0.7087600231170654
14,1,28,-0.2861077906869147,1.6471634235260948,0.6401777267456055
14,1,29,-0.2861077906869147,1.6798614567474566,0.7124722003936768
14,1,30,-0.3842018903509998,1.7779555564115415,0.6191321015357971
14,1,31,0.040872541526702104,1.7943045730222225,0.775139570236206
14,1,32,0.0,1.8106535896329032,0.6975483894348145
14,2,0,-0.21162987420517515,-1.3604777627475546,0.999704360961914
14,2,1,-0.15872240565388138,-1.4209434410918902,0.9996879696846008
14,2,2,-0.12848956648171347,-1.4209434410918902,0.9996472597122192
14,2,3,-0.10581493710258758,-1.4209434410918902,0.9996872544288636
14,2,4,-0.21162987420517515,-1.4209434410918902,0.9996567368507384
14,2,5,-0.2267462937912591,-1.4209434410918902,0.9995726346969604
14,2,6,-0.23430450358430105,-1.4209434410918902,0.9996071457862854
14,2,7,-0.030232839172167878,-1.3907106019197224,0.9994917511940002
14,2,8,-0.18139703503300728,-1.3907106019197224,0.9993128180503844
14,2,9,-0.15872240565388138,-1.2848956648171348,0.9994747042655944
14,2,10,-0.2267462937912591,-1.2848956648171348,0.9993191361427308
14,2,11,0.04534925875825182,-0.990125482888498,0.9995660185813904
14,2,12,-0.18139703503300728,-1.005241902474582,0.9978719353675842
14,2,13,-0.04534925875825182,-0.4686090071686021,0.7256361842155457
14,2,14,-0.24186271337734302,-0.506400056133812,0.551634669303894
14,2,15,-0.2947701819286368,-0.7860538184763648,0.9159968495368958
14,2,16,-0.46105079737556015,-0.8389612870276586,0.6271531581878662
14,2,17,-0.38546869944514045,-0.8162866576485327,0.9006906747817993
14,2,18,-0.5744239442711897,-0.8238448674415747,0.6254982948303223
14,2,19,-0.33256123089384665,-0.8843105457859104,0.9004318118095398
14,2,20,-0.5441911050990218,-0.8691941261998265,0.6213902235031128
14,2,21,-0.30988660151472075,-0.8691941261998265,0.8839252591133118
14,2,22,-0.49884184634077,-0.8843105457859104,0.6151254177093506
14,2,23,0.060465678344335756,0.0,0.997348129749298
14,2,24,-0.060465678344335756,0.0,0.9953551292419434
14,2,25,-0.02267462937912591,0.8011702380624488,0.6167312264442444
14,2,26,-0.0075582097930419695,0.7936120282694068,0.5617837905883789
14,2,27,0.05290746855129379,1.6401315250901074,0.7246240377426147
14,2,28,0.08314030772346166,1.5418747977805618,0.612006664276123
14,2,29,0.14360598606779743,1.7912957209509468,0.7261841893196106
14,2,30,0.15872240565388138,1.723271832813569,0.6015280485153198
14,2,31,-0.2267462937912591,1.8593196090883246,0.7846124172210693
14,2,32,-0.08314030772346166,1.7912957209509468,0.6765671968460083
15,1,0,0.0,-1.3915525163133105,0.9997288584709167
15,1,1,0.02507301831195154,-1.4500562257078642,0.9997146725654602
15,1,2,0.04178836385325257,-1.4500562257078642,0.9996750354766846
15,1,3,0.06686138216520411,-1.4500562257078642,0.999710977077484
15,1,4,-0.05850370939455359,-1.4500562257078642,0.999685764312744
15,1,5,-0.08357672770650514,-1.4416985529372135,0.9996084570884703
15,1,6,-0.11700741878910718,-1.4416985529372135,0.9996403455734252
15,1,7,0.06686138216520411,-1.4249832073959126,0.9995267391204834
15,1,8,-0.16715345541301027,-1.4082678618546116,0.9993765354156494
15,1,9,0.04178836385325257,-1.3079757886068053,0.9995151162147522
15,1,10,-0.05850370939455359,-1.3079757886068053,0.9993752837181092
15,1,11,0.11700741878910718,-1.0154572416340375,0.999563217163086
15,1,12,-0.21729949203691334,-0.9820265505514354,0.9980589151382446
15,1,13,0.2507301831195154,-0.5808582575602107,0.7060401439666748
15,1,14,0.04178836385325257,-0.44713549322980245,0.5946436524391174
15,1,15,0.5014603662390308,-0.9151651683862312,0.9104636311531068
15,1,16,0.3008762197434185,-0.8984498228449302,0.6633750796318054
15,1,17,0.601752439486837,-0.9402381866981828,0.8933092355728149
15,1,18,0.38445294744992364,-0.9820265505514354,0.6607171893119812
15,1,19,0.5850370939455359,-0.9820265505514354,0.8928959369659424
15,1,20,0.33430691082602054,-1.040530259945989,0.6568930745124817
15,1,21,0.5181757117803318,-0.9736688777807848,0.8762045502662659
15,1,22,0.309233892514069,-1.0154572416340375,0.6500299572944641
15,1,23,0.10029207324780616,0.004178836385325257,0.9974068999290466
15,1,24,-0.10029207324780616,-0.004178836385325257,0.9954903721809388
15,1,25,0.10864974601845667,0.8148730951384251,0.5854396820068359
15,1,26,-0.04178836385325257,0.8733768045329786,0.5896832346916199
15,1,27,-0.20058414649561232,1.5921366628089229,0.703421950340271
15,1,28,-0.23401483757821437,1.6589980449741268,0.6342312693595886
15,1,29,-0.3175915652847195,1.725859427139331,0.7095219492912292
15,1,30,-0.35937992913797207,1.7843631365338846,0.6151835322380066
15,1,31,0.04178836385325257,1.8261515003871371,0.7696153521537781
15,1,32,0.04178836385325257,1.8512245186990888,0.6930651068687439
15,2,0,-0.21343596214341126,-1.3644656151310934,0.9997511506080629
15,2,1,-0.17532239747494496,-1.4254473186006393,0.999737560749054
15,2,2,-0.14483154574017193,-1.4254473186006393,0.9997009038925172
15,2,3,-0.11434069400539888,-1.4254473186006393,0.99973326921463
15,2,4,-0.22868138801079776,-1.4254473186006393,0.9997110962867736
15,2,5,-0.2439268138781843,-1.4178246056669461,0.9996387958526612
15,2,6,-0.25154952681187753,-1.4178246056669461,0.9996679425239564
15,2,7,-0.030490851734773037,-1.4025791797995597,0.999567687511444
15,2,8,-0.205813249209718,-1.387333753932173,0.9994167685508728
15,2,9,-0.17532239747494496,-1.295861198727854,0.9995517134666444
15,2,10,-0.23630410094449103,-1.295861198727854,0.9994197487831116
15,2,11,0.053358990535852815,-1.0061981072475101,0.9995720982551576
15,2,12,-0.16007697160755843,-0.9909526813801236,0.9980196952819824
15,2,13,-0.022868138801079775,-0.5183444794911416,0.7345916032791138
15,2,14,-0.23630410094449103,-0.5259671924248349,0.5649690628051758
15,2,15,-0.19819053627602473,-0.8918574132421113,0.9180799722671508
15,2,16,-0.411626498419436,-0.884234700308418,0.6494013071060181
15,2,17,-0.29728580441403707,-0.9375936908442708,0.9011566042900084
15,2,18,-0.5030990536237551,-0.8994801261758045,0.6446830630302429
15,2,19,-0.27441766561295733,-0.9757072555127372,0.900736391544342
15,2,20,-0.4649854889552888,-0.9147255520431911,0.6399121880531311
15,2,21,-0.25154952681187753,-0.9604618296453507,0.8845906257629395
15,2,22,-0.411626498419436,-0.9299709779105776,0.6335981488227844
15,2,23,0.07622712933693258,-0.007622712933693259,0.9973060488700868
15,2,24,-0.07622712933693258,0.007622712933693259,0.995442032814026
15,2,25,0.06860441640323933,0.7775167192367124,0.6179805994033813
15,2,26,0.015245425867386518,0.823252996838872,0.5624772310256958
15,2,27,0.0914725552043191,1.6693741324788236,0.7215423583984375
15,2,28,0.11434069400539888,1.6312605678103573,0.6166029572486877
15,2,29,0.15245425867386517,1.821828391152689,0.7225065231323242
15,2,30,0.1676996845412517,1.798960252351609,0.608165442943573
15,2,31,-0.205813249209718,1.8904328075559282,0.7807561159133911
15,2,32,-0.17532239747494496,1.8065829652853023,0.6809163689613342
16,1,0,0.03598158214370722,-1.3792939821754433,0.999774158000946
16,1,1,0.05197339642979931,-1.4352653321767657,0.9997623562812804
16,1,2,0.06796521071589141,-1.4352653321767657,0.9997283220291138
16,1,3,0.09195293214502956,-1.4352653321767657,0.9997572898864746
16,1,4,-0.01998976785761512,-1.4272694250337197,0.9997382760047911
16,1,5,-0.05197339642979931,-1.4272694250337197,0.9996725916862488
16,1,6,-0.07596111785893746,-1.4192735178906737,0.9996992945671082
16,1,7,0.09195293214502956,-1.4192735178906737,0.9996042847633362
16,1,8,-0.12393656071721375,-1.3792939821754433,0.9994741082191468
16,1,9,0.07596111785893746,-1.299334910744983,0.9995926022529602
16,1,10,-0.011993860714569073,-1.2913390036019368,0.9994747638702391
16,1,11,0.0999488392880756,-1.0034863464522792,0.999591827392578
16,1,12,-0.163916096432444,-0.9954904393092331,0.9982125759124756
16,1,13,0.20389563214767423,-0.5397237321556083,0.6924342513084412
16,1,14,0.04397748928675327,-0.45976466072514777,0.6071448922157288
16,1,15,0.37980558929468733,-0.8355722964483121,0.895488977432251
16,1,16,0.33982605357945705,-0.8355722964483121,0.6828731298446655
16,1,17,0.5237319178695162,-0.8755518321635423,0.8788604736328125
16,1,18,0.45976466072514777,-0.8755518321635423,0.6765059232711792
16,1,19,0.49974419644037804,-0.9235272750218186,0.8782467842102051
16,1,20,0.4517687535821017,-0.9395190893079107,0.6718563437461853
16,1,21,0.4517687535821017,-0.9235272750218186,0.8614991903305054
16,1,22,0.40379331072382546,-0.9395190893079107,0.6643683314323425
16,1,23,0.07596111785893746,-0.0039979535715230245,0.997395396232605
16,1,24,-0.07596111785893746,0.0039979535715230245,0.9956456422805786
16,1,25,0.09195293214502956,0.8035886678761279,0.5885224938392639
16,1,26,-0.0039979535715230245,0.81958048216222,0.5947118997573853
16,1,27,-0.19589972500462818,1.5312162178933184,0.706365704536438
16,1,28,-0.2118915392907203,1.5791916607515946,0.6427215337753296
16,1,29,-0.28385470357813475,1.627167103609871,0.7114296555519104
16,1,30,-0.331830146436411,1.675142546468147,0.629489004611969
16,1,31,0.05197339642979931,1.675142546468147,0.7736907601356506
16,1,32,0.03598158214370722,1.7151220821833775,0.7031862735748291
16,2,0,-0.11174195057137272,-1.3728296784482934,0.99978369474411
16,2,1,-0.06385254318364154,-1.4446637895298902,0.99977445602417
16,2,2,-0.03990783948977597,-1.4446637895298902,0.999742031097412
16,2,3,-0.015963135795910386,-1.4446637895298902,0.9997702836990356
16,2,4,-0.11972351846932791,-1.4366822216319348,0.9997515678405762
16,2,5,-0.1356866542652383,-1.4287006537339797,0.999686062335968
16,2,6,-0.1436682221631935,-1.4287006537339797,0.9997124075889589
16,2,7,0.06385254318364154,-1.4207190858360246,0.9996339678764344
16,2,8,-0.10376038267341751,-1.396774382142159,0.9994845986366272
16,2,9,-0.05587097528568636,-1.2930139994687413,0.9996061325073242
16,2,10,-0.11972351846932791,-1.2850324315707862,0.9994856715202332
16,2,11,0.11174195057137272,-0.9976959872443992,0.9995962381362916
16,2,12,-0.247428604836611,-0.9976959872443992,0.9980828166007996
16,2,13,0.02394470369386558,-0.5507281849589084,0.7214307188987732
16,2,14,-0.05587097528568636,-0.4709125059793564,0.5552462935447693
16,2,15,-0.21550233324479023,-0.7502673824077882,0.8968643546104431
16,2,16,-0.007981567897955193,-0.7502673824077882,0.6324028372764587
16,2,17,-0.3112811480202526,-0.7981567897955194,0.8761067986488342
16,2,18,0.10376038267341751,-0.8779724687750713,0.6290984153747559
16,2,19,-0.2713733085304766,-0.8460461971832506,0.8756512999534607
16,2,20,0.20752076534683503,-0.9258618761628025,0.6244171857833862
16,2,21,-0.23944703693865582,-0.8380646292852953,0.8588315844535828
16,2,22,0.07183411108159675,-0.9019171724689369,0.6181524991989136
16,2,23,0.11972351846932791,-0.007981567897955193,0.997355580329895
16,2,24,-0.11972351846932791,0.007981567897955193,0.9955844879150392
16,2,25,0.11972351846932791,0.8779724687750713,0.6032319068908691
16,2,26,-0.07981567897955194,0.822101493489385,0.5530855655670166
16,2,27,-0.03192627159182077,1.8676868881215154,0.7106582522392273
16,2,28,-0.17559449375501426,1.6362214190808146,0.6046162843704224
16,2,29,-0.3112811480202526,2.011355110284709,0.7162315249443054
16,2,30,-0.03990783948977597,1.8437421844276498,0.603789746761322
16,2,31,-0.15164979006114868,1.9874104065908433,0.7722771167755127
16,2,32,-0.02394470369386558,1.8437421844276498,0.6714434623718262
17,1,0,0.02876544998496135,-1.3766322492802932,0.9997972846031188
17,1,1,0.053421549972071075,-1.442381849245919,0.9997879266738892
17,1,2,0.06985894996347757,-1.442381849245919,0.9997529983520508
17,1,3,0.0945150499505873,-1.442381849245919,0.9997767806053162
17,1,4,-0.012328049993554864,-1.4341631492502158,0.9997673034667968
17,1,5,-0.03698414998066459,-1.4341631492502158,0.9997056722640992
17,1,6,-0.06164024996777432,-1.4259444492545126,0.9997315406799316
17,1,7,0.0945150499505873,-1.409507049263106,0.9996194243431092
17,1,8,-0.11095244994199378,-1.3848509492759964,0.9995277523994446
17,1,9,0.06985894996347757,-1.2944452493232608,0.9996065497398376
17,1,10,-0.004109349997851622,-1.2944452493232608,0.9995123147964478
17,1,11,0.053421549972071075,-0.998572049477944,0.9995160698890686
17,1,12,-0.16026464991621323,-0.998572049477944,0.9982569217681884
17,1,13,0.16026464991621323,-0.5054500497357495,0.6646516919136047
17,1,14,0.06164024996777432,-0.4397004497701235,0.5980653762817383
17,1,15,0.3821695498002008,-0.7766671495939564,0.866150975227356
17,1,16,0.37395084980449755,-0.8013232495810662,0.6670669913291931
17,1,17,0.5301061497228592,-0.8095419495767694,0.8500568270683289
17,1,18,0.5054500497357495,-0.8588541495509889,0.6621315479278564
17,1,19,0.5054500497357495,-0.8588541495509889,0.8497055768966675
17,1,20,0.48901264974434294,-0.9246037495166148,0.6577163338661194
17,1,21,0.4314817497744203,-0.8588541495509889,0.8316412568092346
17,1,22,0.4314817497744203,-0.9163850495209116,0.6502701640129089
17,1,23,0.0780776499591808,-0.004109349997851622,0.997310221195221
17,1,24,-0.0780776499591808,0.004109349997851622,0.995747208595276
17,1,25,0.11095244994199378,0.8177606495724726,0.5764816403388977
17,1,26,-0.004109349997851622,0.8341980495638791,0.5894052386283875
17,1,27,-0.1931394498990262,1.6149745491556873,0.7052615880966187
17,1,28,-0.24245164987324566,1.6149745491556873,0.6354681253433228
17,1,29,-0.29998254984316836,1.7218176490998294,0.7090986967086792
17,1,30,-0.3575134498130911,1.7382550490912358,0.6259164214134216
17,1,31,0.020546749989258106,1.8286607490439715,0.7722712159156799
17,1,32,0.020546749989258106,1.8040046490568618,0.695772111415863
17,2,0,-0.11538319470799305,-1.3726621439399174,0.9997963309288024
17,2,1,-0.06763842448399593,-1.4363218375719136,0.9997904896736144
17,2,2,-0.04376603937199736,-1.4363218375719136,0.9997574687004088
17,2,3,-0.019893654259998804,-1.4363218375719136,0.9997826814651488
17,2,4,-0.12334065641199257,-1.428364375867914,0.999769389629364
17,2,5,-0.1312981181159921,-1.428364375867914,0.999704122543335
17,2,6,-0.14721304152399114,-1.4204069141639144,0.9997308254241944
17,2,7,0.04376603937199736,-1.412449452459915,0.9996423125267028
17,2,8,-0.1312981181159921,-1.3885770673479163,0.9995089173316956
17,2,9,-0.059680962779996405,-1.3010449886039217,0.9996046423912048
17,2,10,-0.12334065641199257,-1.2930875268999222,0.99949312210083
17,2,11,0.059680962779996405,-0.9986614438519399,0.9995223879814148
17,2,12,-0.1631279649319902,-0.9986614438519399,0.9980209469795228
17,2,13,0.019893654259998804,-0.5212137416119687,0.6966375708580017
17,2,14,-0.059680962779996405,-0.4416391245719734,0.5456579923629761
17,2,15,-0.2108727351559873,-0.7201502842119566,0.8702369332313538
17,2,16,-0.0039787308519997604,-0.7042353608039577,0.6125328540802002
17,2,17,-0.298404813899982,-0.7838099778439528,0.8494866490364075
17,2,18,-0.06763842448399593,-0.8315547480679499,0.6102594137191772
17,2,19,-0.2665749670839839,-0.8235972863639505,0.8492043614387512
17,2,20,-0.019893654259998804,-0.847469671475949,0.6057933568954468
17,2,21,-0.22678765856398636,-0.8076823629559514,0.8310065269470215
17,2,22,0.0039787308519997604,-0.8235972863639505,0.5994617342948914
17,2,23,0.07559588618799545,-0.011936192555999281,0.9972322583198548
17,2,24,-0.07559588618799545,0.011936192555999281,0.9955801963806152
17,2,25,0.09151080959599449,0.8872569799959465,0.5888686776161194
17,2,26,0.019893654259998804,0.863384594883948,0.5482675433158875
17,2,27,-0.14721304152399114,1.858067307883888,0.7053589820861816
17,2,28,0.059680962779996405,1.730747920619896,0.5982652306556702
17,2,29,0.019893654259998804,2.0013016185558796,0.7125157713890076
17,2,30,0.14721304152399114,1.8978546164038856,0.5995621681213379
17,2,31,-0.1312981181159921,2.0172165419638786,0.7676063776016235
17,2,32,-0.05172350107599689,1.9376419249238834,0.6634514927864075
18,1,0,0.012388130149773389,-1.3957293302078018,0.9998019933700562
18,1,1,0.03716439044932017,-1.46179935767326,0.9997929334640504
18,1,2,0.06194065074886695,-1.46179935767326,0.999753713607788
18,1,3,0.07845815761523146,-1.46179935767326,0.9997719526290894
18,1,4,-0.02890563701613791,-1.4535406042400776,0.9997745156288148
18,1,5,-0.053681897315684686,-1.4535406042400776,0.9997121691703796
18,1,6,-0.07845815761523146,-1.4452818508068954,0.9997395873069764
18,1,7,0.09497566448159599,-1.4287643439405309,0.9995951056480408
18,1,8,-0.11975192478114276,-1.4039880836409842,0.9995424151420592
18,1,9,0.0701994041820492,-1.3131417958759792,0.9995834231376648
18,1,10,-0.02064688358295565,-1.3131417958759792,0.9995036721229552
18,1,11,0.09497566448159599,-0.9993091654150534,0.999422013759613
18,1,12,-0.1693044453802363,-0.9993091654150534,0.99820476770401
18,1,13,0.1527869385138718,-0.4872664525577533,0.6396908760070801
18,1,14,0.02890563701613791,-0.4294551785254775,0.5901729464530945
18,1,15,0.4005495415093396,-0.7185115486868566,0.8261008262634277
18,1,16,0.3922907880761573,-0.7185115486868566,0.6495480537414551
18,1,17,0.5739833636061671,-0.7598053158527679,0.8119190335273743
18,1,18,0.5161720895738913,-0.8176165898850437,0.6454499959945679
18,1,19,0.540948349873438,-0.8093578364518614,0.8125352263450623
18,1,20,0.5244308430070734,-0.8423928501845904,0.6411901116371155
18,1,21,0.48313707584116217,-0.8010990830186792,0.7940275073051453
18,1,22,0.47487832240797995,-0.8176165898850437,0.6337397694587708
18,1,23,0.09497566448159599,-0.00825875343318226,0.99693363904953
18,1,24,-0.09497566448159599,0.00825875343318226,0.995544135570526
18,1,25,0.12801067821432502,0.8010990830186792,0.5509270429611206
18,1,26,0.02064688358295565,0.8341340967514083,0.579584538936615
18,1,27,-0.1940807056797831,1.5856806591709938,0.6771364808082581
18,1,28,-0.21885696597932988,1.626974426336905,0.6199473142623901
18,1,29,-0.3097032537443347,1.7260794675350923,0.6914077997207642
18,1,30,-0.3592557743434283,1.7756319881341858,0.6137109994888306
18,1,31,0.03716439044932017,1.7673732347010036,0.7468467950820923
18,1,32,0.06194065074886695,1.8334432621664616,0.6781121492385864
18,2,0,-0.13730460445574305,-1.3616039941861187,0.999809980392456
18,2,1,-0.09153640297049537,-1.4226282628331155,0.9998026490211488
18,2,2,-0.06865230222787153,-1.4226282628331155,0.9997650980949402
18,2,3,-0.045768201485247684,-1.4226282628331155,0.999783456325531
18,2,4,-0.14493263803661766,-1.4150002292522408,0.9997854828834534
18,2,5,-0.1601887051983669,-1.4150002292522408,0.9997234344482422
18,2,6,-0.17544477236011613,-1.4150002292522408,0.9997498393058776
18,2,7,0.0,-1.3997441620904916,0.9996227025985718
18,2,8,-0.23646904100711302,-1.3844880949287424,0.9995582103729248
18,2,9,-0.08390836938962075,-1.3005797255391216,0.9995972514152528
18,2,10,-0.14493263803661766,-1.292951691958247,0.9995158314704896
18,2,11,0.015256067161749228,-1.0030864158850117,0.9994370341300964
18,2,12,-0.09153640297049537,-0.9954583823041371,0.9981327652931212
18,2,13,-0.007628033580874614,-0.522520300289911,0.674005925655365
18,2,14,-0.03814016790437307,-0.45386799806203953,0.5350798964500427
18,2,15,-0.24409707458798766,-0.7284772069735256,0.8394362926483154
18,2,16,0.20595690668361458,-0.5301483338707856,0.5934028029441833
18,2,17,-0.35088954472023226,-0.7666173748778987,0.8242533206939697
18,2,18,0.1601887051983669,-0.5606604681942842,0.5927042365074158
18,2,19,-0.3203774103967338,-0.8123855763631463,0.8247959017753601
18,2,20,0.19070083952186534,-0.5377763674516602,0.5890408754348755
18,2,21,-0.2822372424923607,-0.8047575427822717,0.8067384362220764
18,2,22,0.2593531417497369,-0.5454044010325348,0.5828908681869507
18,2,23,-0.045768201485247684,-0.003814016790437307,0.9969470500946044
18,2,24,0.045768201485247684,0.003814016790437307,0.9955282211303712
18,2,25,0.045768201485247684,0.8428977106866449,0.5864002108573914
18,2,26,0.10679247013224459,0.8428977106866449,0.5497504472732544
18,2,27,0.03814016790437307,1.7506337068107238,0.6937242746353149
18,2,28,0.1601887051983669,1.666725337421103,0.6011516451835632
18,2,29,0.13730460445574305,1.887938311266467,0.7091332674026489
18,2,30,0.22121297384536381,1.8421701097812193,0.607221782207489
18,2,31,-0.1525606716174923,1.9108224120090909,0.7556378841400146
18,2,32,-0.07628033580874614,1.765889773972473,0.6636697053909302
19,1,0,0.06557321979185331,-1.389332594339892,0.9998128414154052
19,1,1,0.08196652473981664,-1.4467091616577636,0.999797224998474
19,1,2,0.09835982968777997,-1.4467091616577636,0.9997501969337464
19,1,3,0.11475313463574328,-1.4467091616577636,0.9997614622116088
19,1,4,0.016393304947963327,-1.438512509183782,0.9997864365577698
19,1,5,-0.008196652473981663,-1.438512509183782,0.9997271299362184
19,1,6,-0.032786609895926654,-1.4303158567098002,0.9997543096542358
19,1,7,0.10655648216176163,-1.413922551761837,0.9995373487472534
19,1,8,-0.0901631772137983,-1.389332594339892,0.9995769262313844
19,1,9,0.10655648216176163,-1.3073660696000753,0.999519407749176
19,1,10,0.032786609895926654,-1.3073660696000753,0.9994887709617616
19,1,11,0.11475313463574328,-0.995893275588772,0.9992363452911376
19,1,12,-0.10655648216176163,-1.0040899280627538,0.9982895851135254
19,1,13,0.15573639700565162,-0.47130751725394565,0.6158036589622498
19,1,14,0.016393304947963327,-0.39753764498811067,0.5807721614837646
19,1,15,0.41802927617306485,-0.5122907796238539,0.7793185114860535
19,1,16,0.47540584349093645,-0.5286840845718173,0.6319566965103149
19,1,17,0.5655690207047348,-0.5040941271498723,0.7697457075119019
19,1,18,0.5901589781266797,-0.5450773895197806,0.6293205618858337
19,1,19,0.5983556306006614,-0.536880737045799,0.7717726230621338
19,1,20,0.6229455880226065,-0.5614706944677439,0.6259111166000366
19,1,21,0.5245857583348265,-0.5450773895197806,0.7542943358421326
19,1,22,0.5819623256526981,-0.5696673469417256,0.6185994148254395
19,1,23,0.05737656731787164,-0.004098326236990832,0.9959217309951782
19,1,24,-0.05737656731787164,0.004098326236990832,0.9948768019676208
19,1,25,0.10655648216176163,0.7663870063172855,0.5472069978713989
19,1,26,0.024589957421944992,0.8237635736351572,0.5740575194358826
19,1,27,-0.13934309205768827,1.512282381449617,0.6600283980369568
19,1,28,-0.15573639700565162,1.6270355160853602,0.6194372177124023
19,1,29,-0.26229287916741323,1.6516254735073053,0.6823556423187256
19,1,30,-0.2868828365893582,1.7663786081430484,0.6203620433807373
19,1,31,0.07376987226583497,1.67621543092925,0.725440502166748
19,1,32,0.14753974453166993,1.8073618705129568,0.6751238107681274
19,2,0,-0.18303342548156804,-1.355941498975698,0.9998232126235962
19,2,1,-0.15315041723967937,-1.400766011338531,0.9998087882995604
19,2,2,-0.13820891311873504,-1.408236763399003,0.9997641444206238
19,2,3,-0.11579665693731855,-1.408236763399003,0.999775528907776
19,2,4,-0.20544568166298452,-1.400766011338531,0.9997988939285278
19,2,5,-0.22785793784440103,-1.400766011338531,0.9997413754463196
19,2,6,-0.2502701940258175,-1.400766011338531,0.9997668862342834
19,2,7,-0.12326740899779072,-1.3783537551571143,0.999572455883026
19,2,8,-0.3025654584491227,-1.3634122510361701,0.9995967149734496
19,2,9,-0.13820891311873504,-1.2887047304314485,0.9995498061180116
19,2,10,-0.20544568166298452,-1.2887047304314485,0.9995160102844238
19,2,11,-0.08591364869542989,-0.9824038959520897,0.9992648363113404
19,2,12,-0.19797492960251237,-0.997345400073034,0.9982367157936096
19,2,13,-0.07844289663495772,-0.46692200377951026,0.6528347730636597
19,2,14,-0.10085515281637422,-0.4445097475980938,0.5275734663009644
19,2,15,-0.3025654584491227,-0.6013955408680093,0.7980759739875793
19,2,16,-0.11579665693731855,-0.47439275583998247,0.5781959891319275
19,2,17,-0.3847437311143165,-0.6088662929284814,0.7873194217681885
19,2,18,-0.19797492960251237,-0.4893342599609268,0.5788929462432861
19,2,19,-0.3698022269933722,-0.6611615573517866,0.7891126275062561
19,2,20,-0.14567966517920722,-0.4818635079004546,0.5758829116821289
19,2,21,-0.3399192187514835,-0.6611615573517866,0.7719302177429199
19,2,22,-0.19797492960251237,-0.5715125326261206,0.5700167417526245
19,2,23,0.018676880151180412,0.003735376030236082,0.9959768056869508
19,2,24,-0.018676880151180412,-0.003735376030236082,0.9948453307151794
19,2,25,-0.05603064045354123,0.7582813341379248,0.5861440300941467
19,2,26,0.05603064045354123,0.7582813341379248,0.5486883521080017
19,2,27,0.04855988839306907,1.6771838375760009,0.6786949634552002
19,2,28,0.1307381610582629,1.63983007727364,0.605502188205719
19,2,29,0.13820891311873504,1.8191281267249721,0.700323224067688
19,2,30,0.1905041775420402,1.8041866226040277,0.6173003315925598
19,2,31,-0.17556267342109588,1.8340696308459163,0.7372941374778748
19,2,32,-0.03361838427212474,1.8191281267249721,0.6663151383399963
20,1,0,0.10324938395406354,-1.4496213507150522,0.9998229146003724
20,1,1,0.11150933467038862,-1.4991810550130027,0.9997960329055786
20,1,2,0.1280292361030388,-1.4991810550130027,0.9997425675392152
20,1,3,0.14454913753568896,-1.4991810550130027,0.9997480511665344
20,1,4,0.05368967965611304,-1.4909211042966775,0.9997925758361816
20,1,5,0.028909827507137793,-1.4826611535803524,0.9997361302375792
20,1,6,0.004129975358162541,-1.4744012028640274,0.999761700630188
20,1,7,0.1280292361030388,-1.4496213507150522,0.9994596242904664
20,1,8,-0.05368967965611304,-1.4165815478497519,0.9996033906936646
20,1,9,0.15280908825201403,-1.3670218435518013,0.9994768500328064
20,1,10,0.0784695318050883,-1.350501942119151,0.9994985461235046
20,1,11,0.15280908825201403,-0.9870641106008474,0.9990968108177184
20,1,12,-0.08672948252141337,-1.0118439627498228,0.9983780980110168
20,1,13,0.20236879254996454,-0.4584272647560421,0.5994681715965271
20,1,14,-0.012389926074487625,-0.40886756045809164,0.5736750960350037
20,1,15,0.49972701833766753,-0.3758277575927913,0.7517464756965637
20,1,16,0.45016731403971705,-0.39234765902544144,0.6165866851806641
20,1,17,0.6153663283662187,-0.2932282504295404,0.7450591921806335
20,1,18,0.5740665747845933,-0.30148820114586555,0.6138821840286255
20,1,19,0.6731859833804943,-0.34278795472749096,0.7483888864517212
20,1,20,0.6566660819478441,-0.34278795472749096,0.6108112335205078
20,1,21,0.6153663283662187,-0.3758277575927913,0.7313805222511292
20,1,22,0.5988464269335685,-0.4006076097417665,0.6025571823120117
20,1,23,0.07020958108876321,-0.004129975358162541,0.9951686263084412
20,1,24,-0.07020958108876321,0.004129975358162541,0.9943125247955322
20,1,25,0.10324938395406354,0.7144857369621197,0.5402225255966187
20,1,26,0.06194963037243812,0.7970852441253705,0.5664005875587463
20,1,27,-0.08672948252141337,1.4496213507150522,0.6397099494934082
20,1,28,-0.11150933467038862,1.5983004636089035,0.6191248297691345
20,1,29,-0.18584889111731437,1.6230803157578788,0.6697733998298645
20,1,30,-0.2188886939826147,1.73871962578643,0.6254469752311707
20,1,31,0.11150933467038862,1.656120118623179,0.7014478445053101
20,1,32,0.20236879254996454,1.821319132949681,0.6731357574462891
20,2,0,-0.23690237980349857,-1.4026125026461105,0.999826431274414
20,2,1,-0.2218609588635939,-1.4477367654658246,0.999800443649292
20,2,2,-0.20681953792368923,-1.4477367654658246,0.9997469186782836
20,2,3,-0.19177811698378455,-1.4477367654658246,0.9997540712356568
20,2,4,-0.2820266426232126,-1.4477367654658246,0.9997959136962892
20,2,5,-0.3045887740330696,-1.4477367654658246,0.999736487865448
20,2,6,-0.31963019497297424,-1.4402160549958722,0.9997618198394777
20,2,7,-0.16169527510397522,-1.4101332131160629,0.9994884133338928
20,2,8,-0.2820266426232126,-1.4026125026461105,0.9995945692062378
20,2,9,-0.19177811698378455,-1.3274053979465872,0.9994983673095704
20,2,10,-0.25946451121335556,-1.3274053979465872,0.9995020627975464
20,2,11,-0.04136390758473785,-0.9889734267987321,0.9991603493690492
20,2,12,-0.1992988274537369,-0.9964941372686844,0.9983254075050354
20,2,13,-0.018801776174880838,-0.46252369390206866,0.6383519172668457
20,2,14,-0.2444230902734509,-0.46252369390206866,0.5258544683456421
20,2,15,-0.2895473530931649,-0.5226893776616873,0.7740449905395508
20,2,16,-0.2895473530931649,-0.4550029834321163,0.5738366842269897
20,2,17,-0.3873165892025453,-0.49260653578187796,0.7662204504013062
20,2,18,-0.42492014155230695,-0.4173994310823546,0.5746932029724121
20,2,19,-0.3948372996724976,-0.5527722195414967,0.7691740393638611
20,2,20,-0.40235801014244993,-0.4775651148419733,0.5724294185638428
20,2,21,-0.3647544577926883,-0.5678136404814014,0.752480685710907
20,2,22,-0.3647544577926883,-0.5076479567217826,0.565994143486023
20,2,23,0.04888461805469018,0.003760355234976168,0.995292067527771
20,2,24,-0.04888461805469018,-0.003760355234976168,0.9941871166229248
20,2,25,-0.03384319711478551,0.7107071394104957,0.5783090591430664
20,2,26,0.03384319711478551,0.740789981290305,0.5411003232002258
20,2,27,0.08648817040445186,1.5680681329850619,0.6619307398796082
20,2,28,0.1165710122842612,1.5831095539249667,0.6026590466499329
20,2,29,0.1842574065138322,1.748565184263918,0.6895697116851807
20,2,30,0.20681953792368923,1.7636066052038226,0.6205560564994812
20,2,31,-0.16921598557392756,1.7560858947338704,0.7171472311019897
20,2,32,-0.13161243322416588,1.7184823423841087,0.6623058915138245
21,1,0,0.07723513422222919,-1.4634025431580269,0.999838888645172
21,1,1,0.07723513422222919,-1.512182627929961,0.9998115301132202
21,1,2,0.09349516247954061,-1.512182627929961,0.9997584223747252
21,1,3,0.10975519073685201,-1.512182627929961,0.9997634291648864
21,1,4,0.020325035321639262,-1.5040526138013053,0.9998099207878112
21,1,5,0.004065007064327852,-1.4959225996726497,0.9997556209564208
21,1,6,-0.020325035321639262,-1.487792585543994,0.9997795820236206
21,1,7,0.09349516247954061,-1.4634025431580269,0.9994867444038392
21,1,8,-0.060975105964917786,-1.4390125007720598,0.9996289610862732
21,1,9,0.10162517660819631,-1.3902324160001256,0.9995193481445312
21,1,10,0.044715077707606375,-1.373972387742814,0.9995393753051758
21,1,11,0.10162517660819631,-0.991861723695996,0.9990416169166564
21,1,12,-0.09349516247954061,-1.0081217519533074,0.9984801411628724
21,1,13,0.12601521899416343,-0.43089074881875233,0.5825613737106323
21,1,14,-0.10162517660819631,-0.4227607346900966,0.572192370891571
21,1,15,0.34552560046786746,-0.21951038147370402,0.7200453281402588
21,1,16,0.329265572210556,-0.20325035321639262,0.6118317246437073
21,1,17,0.4430857700117359,-0.12195021192983557,0.7159806489944458
21,1,18,0.4349557558830802,-0.09756016954386845,0.6083383560180664
21,1,19,0.5081258830409815,-0.15447026844445838,0.7196797132492065
21,1,20,0.5081258830409815,-0.13821024018714698,0.6058129668235779
21,1,21,0.4512157841403916,-0.20325035321639262,0.7037829160690308
21,1,22,0.467475812397703,-0.1788603108304255,0.5967934131622314
21,1,23,0.05284509183626208,-0.008130014128655704,0.9950296878814696
21,1,24,-0.05284509183626208,0.008130014128655704,0.9942724108695984
21,1,25,0.10975519073685201,0.7073112291930463,0.5373049378395081
21,1,26,0.028455049450294968,0.7560913139649805,0.5602075457572937
21,1,27,-0.11788520486550771,1.406492444257437,0.6232935786247253
21,1,28,-0.14227524725147483,1.5609627127018952,0.6169652938842773
21,1,29,-0.21544537440937617,1.5284426561872724,0.6566007733345032
21,1,30,-0.2723554733099661,1.707302967017698,0.6266471147537231
21,1,31,0.08536514835088489,1.5365726703159281,0.6837526559829712
21,1,32,0.14227524725147483,1.707302967017698,0.6711880564689636
21,2,0,-0.23728159347805178,-1.4090876166542767,0.9998449683189392
21,2,1,-0.22998062137103478,-1.4601944214033955,0.9998181462287904
21,2,2,-0.21537867715700085,-1.4528934492963785,0.9997676014900208
21,2,3,-0.20077673294296688,-1.4528934492963785,0.9997739195823668
21,2,4,-0.28108742612015364,-1.4601944214033955,0.9998171329498292
21,2,5,-0.2883883982271706,-1.4528934492963785,0.9997625946998596
21,2,6,-0.30299034244120454,-1.4455924771893616,0.9997833371162416
21,2,7,-0.17157284451489896,-1.4017866445472598,0.9995235800743104
21,2,8,-0.28108742612015364,-1.3944856724402428,0.9996305108070374
21,2,9,-0.20807770504998385,-1.321475951370073,0.9995496273040771
21,2,10,-0.2664854819061197,-1.321475951370073,0.9995485544204712
21,2,11,-0.06935923501666129,-0.9929322065543089,0.9991294741630554
21,2,12,-0.22267964926401781,-0.985631234447292,0.9984246492385864
21,2,13,0.05475729080262733,-0.4526602706350526,0.6239692568778992
21,2,14,-0.0985631234447292,-0.44535929852803563,0.5193514227867126
21,2,15,-0.2591845097991027,-0.4307573543140017,0.7473607063293457
21,2,16,-0.1350679839798141,-0.24093207953156026,0.5618187189102173
21,2,17,-0.3760000635113743,-0.37234957745786584,0.7429533004760742
21,2,18,0.032854374481576396,-0.16792235846139048,0.5616380572319031
21,2,19,-0.40520395193944225,-0.40885443799295074,0.7462397813796997
21,2,20,-0.11316506765876315,-0.2263301353175263,0.5597105026245117
21,2,21,-0.36869909140435736,-0.43805832642101866,0.7312373518943787
21,2,22,-0.08396117923069524,-0.24823305163857723,0.5519567728042603
21,2,23,0.032854374481576396,0.0,0.995345413684845
21,2,24,-0.032854374481576396,0.0,0.9943097233772278
21,2,25,-0.12046603976578013,0.6862913780595958,0.5791724324226379
21,2,26,0.003650486053508489,0.6351845733104771,0.5347743034362793
21,2,27,0.003650486053508489,1.5186021982595312,0.6473368406295776
21,2,28,0.09126215133771222,1.3652817840121747,0.5991050004959106
21,2,29,0.12046603976578013,1.6573206682928538,0.6799636483192444
21,2,30,0.17157284451489896,1.5332041424735652,0.6252524852752686
21,2,31,-0.21537867715700085,1.5697090030086502,0.7007427215576172
21,2,32,-0.15697090030086502,1.5040002540454973,0.6579471826553345
22,1,0,0.10482507566869048,-1.4836779940799267,0.9998555183410645
22,1,1,0.0886981409504304,-1.532058798234707,0.9998287558555604
22,1,2,0.10482507566869048,-1.532058798234707,0.9997785687446594
22,1,3,0.11288854302782052,-1.532058798234707,0.9997833967208862
22,1,4,0.04031733679565018,-1.523995330875577,0.9998299479484558
22,1,5,0.02419040207739011,-1.515931863516447,0.9997798800468444
22,1,6,0.008063467359130036,-1.507868396157317,0.9997999668121338
22,1,7,0.0886981409504304,-1.4836779940799267,0.9995242357254028
22,1,8,-0.04838080415478022,-1.4514241246434065,0.9996631145477296
22,1,9,0.12901547774608058,-1.4111067878477563,0.999566614627838
22,1,10,0.07257120623217032,-1.3949798531294963,0.9995825290679932
22,1,11,0.12095201038695055,-0.9998699525321245,0.9990029335021972
22,1,12,-0.0886981409504304,-0.9998699525321245,0.9985710978507996
22,1,13,0.11288854302782052,-0.443490704752152,0.5664823651313782
22,1,14,-0.07257120623217032,-0.4112368353156319,0.5664031505584717
22,1,15,0.32253869436520144,-0.23384055341477106,0.6867482662200928
22,1,16,0.3547925638017216,-0.2015866839782509,0.6005889773368835
22,1,17,0.4273637700338919,-0.14514241246434065,0.6859614849090576
22,1,18,0.4838080415478022,-0.12095201038695055,0.5958341956138611
22,1,19,0.49993497626606226,-0.1935232166191209,0.6896650791168213
22,1,20,0.5321888457025824,-0.16933281454173077,0.5936604738235474
22,1,21,0.443490704752152,-0.23384055341477106,0.6758229732513428
22,1,22,0.4918715089069322,-0.2015866839782509,0.5834532380104065
22,1,23,0.05644427151391026,0.0,0.995019555091858
22,1,24,-0.05644427151391026,0.0,0.99433434009552
22,1,25,0.02419040207739011,0.7015216602443132,0.5411389470100403
22,1,26,0.02419040207739011,0.7579659317582235,0.5599411129951477
22,1,27,-0.13707894510521063,1.4191702552068863,0.6151651740074158
22,1,28,-0.12901547774608058,1.523995330875577,0.6170876622200012
22,1,29,-0.23384055341477106,1.532058798234707,0.6505300402641296
22,1,30,-0.2660944228512912,1.6691377433399175,0.6338120102882385
22,1,31,0.07257120623217032,1.523995330875577,0.6738153100013733
22,1,32,0.13707894510521063,1.6691377433399175,0.671321451663971
22,2,0,-0.16786254328377037,-1.451078429719704,0.999861478805542
22,2,1,-0.16786254328377037,-1.4883812171160973,0.9998357892036438
22,2,2,-0.1454808708459343,-1.4883812171160973,0.9997889995574952
22,2,3,-0.13055975588737695,-1.4809206596368185,0.9997955560684204
22,2,4,-0.21262588815944247,-1.4809206596368185,0.999835729598999
22,2,5,-0.22754700311799983,-1.47346010215754,0.9997843503952026
22,2,6,-0.2424681180765572,-1.4659995446782612,0.9998016953468324
22,2,7,-0.10071752597026222,-1.4286967572818678,0.9995599389076232
22,2,8,-0.27231034799367193,-1.4137756423233103,0.999651312828064
22,2,9,-0.1454808708459343,-1.3615517399683597,0.999592661857605
22,2,10,-0.1977047732008851,-1.3615517399683597,0.9995799660682678
22,2,11,0.011190836218918025,-1.0034449809629828,0.9990972876548768
22,2,12,-0.1902442157216064,-0.9885238660044255,0.998410165309906
22,2,13,0.08579641101170485,-0.45136372749636033,0.6092855930328369
22,2,14,-0.12309919840809827,-0.42898205505852427,0.5146029591560364
22,2,15,-0.2051653306801638,-0.4140609400999669,0.7168392539024353
22,2,16,-0.09325696849098354,-0.22754700311799983,0.5505772233009338
22,2,17,-0.3245342503486227,-0.3543764802657374,0.7149460911750793
22,2,18,-0.07087529605314749,-0.1902442157216064,0.5490365624427795
22,2,19,-0.3543764802657374,-0.39913982514140955,0.7182354927062988
22,2,20,-0.2424681180765572,-0.2648497905143932,0.5474048852920532
22,2,21,-0.317073692869344,-0.42152149757924556,0.7046193480491638
22,2,22,-0.1081780834495409,-0.27977090547295064,0.5386295318603516
22,2,23,0.08579641101170485,-0.0037302787396393416,0.9954176545143129
22,2,24,-0.08579641101170485,0.0037302787396393416,0.9944678544998168
22,2,25,-0.152941428325213,0.7050226817918356,0.5757679343223572
22,2,26,-0.06341473857386881,0.645338221957606,0.534492015838623
22,2,27,0.055954181094590126,1.5480656769503267,0.641567051410675
22,2,28,0.13055975588737695,1.3690122974476384,0.5991688370704651
22,2,29,0.16786254328377037,1.7196584989737365,0.6712873578071594
22,2,30,0.21262588815944247,1.518223447033212,0.6263978481292725
22,2,31,-0.16786254328377037,1.682355711577343,0.6946389079093933
22,2,32,-0.07833585353242617,1.5480656769503267,0.6591593027114868
23,1,0,0.18051899220779855,-1.5426168425030058,0.9998707175254822
23,1,1,0.1476973572609261,-1.5754384774498784,0.9998452067375184
23,1,2,0.16410817473436232,-1.5754384774498784,0.9997984170913696
23,1,3,0.17231358347108044,-1.5754384774498784,0.9998042583465576
23,1,4,0.0984649048406174,-1.5672330687131601,0.999846875667572
23,1,5,0.08205408736718116,-1.559027659976442,0.9997997283935548
23,1,6,0.06564326989374493,-1.5426168425030058,0.9998170137405396
23,1,7,0.13128653978748986,-1.5097952075561334,0.9995590448379515
23,1,8,0.016410817473436232,-1.4687681638725427,0.9996820092201232
23,1,9,0.1969298096812348,-1.4605627551358247,0.9996171593666076
23,1,10,0.15590276599764422,-1.4441519376623884,0.99961656332016
23,1,11,0.17231358347108044,-1.0010598658796102,0.9990753531455994
23,1,12,-0.016410817473436232,-0.9928544571428921,0.9985632300376892
23,1,13,0.1476973572609261,-0.44309207178277826,0.5540299415588379
23,1,14,-0.12308113105077174,-0.38565421062575145,0.5619065165519714
23,1,15,0.36924339315231525,-0.1969298096812348,0.6665560603141785
23,1,16,0.22154603589138913,-0.04102704368359058,0.5903043746948242
23,1,17,0.4759137067296507,-0.1476973572609261,0.6684542894363403
23,1,18,0.278983897048416,0.08205408736718116,0.5832439661026001
23,1,19,0.5251461591499594,-0.17231358347108044,0.6722530722618103
23,1,20,0.31180553199528843,0.032821634946872465,0.5808550119400024
23,1,21,0.4677082979929326,-0.18051899220779855,0.6591581702232361
23,1,22,0.31180553199528843,-0.016410817473436232,0.5699034333229065
23,1,23,0.06564326989374493,-0.008205408736718116,0.9955183267593384
23,1,24,-0.06564326989374493,0.008205408736718116,0.994796633720398
23,1,25,0.10667031357733552,0.6974597426210398,0.532524049282074
23,1,26,0.016410817473436232,0.7713084212515029,0.5544936060905457
23,1,27,-0.0984649048406174,1.3620978502952072,0.6020747423171997
23,1,28,-0.09025949610389927,1.4687681638725427,0.6089852452278137
23,1,29,-0.1969298096812348,1.476973572609261,0.6368943452835083
23,1,30,-0.2051352184179529,1.6082601123967508,0.6258050799369812
23,1,31,0.0984649048406174,1.4605627551358247,0.6642626523971558
23,1,32,0.15590276599764422,1.6164655211334689,0.6655645966529846
23,2,0,-0.14454101775844475,-1.4935905168372625,0.9998720288276672
23,2,1,-0.1284809046741731,-1.5417708560900774,0.999847412109375
23,2,2,-0.11242079158990148,-1.5417708560900774,0.999803364276886
23,2,3,-0.09636067850562983,-1.5417708560900774,0.9998112320899964
23,2,4,-0.16863118738485222,-1.5257107430058057,0.9998473525047302
23,2,5,-0.18469130046912385,-1.5257107430058057,0.9997991919517516
23,2,6,-0.20075141355339549,-1.51768068646367,0.9998138546943665
23,2,7,-0.0803005654213582,-1.4855604602951267,0.9995898008346558
23,2,8,-0.2087814700955313,-1.4534402341265833,0.9996774196624756
23,2,9,-0.11242079158990148,-1.4213200079580401,0.9996427297592164
23,2,10,-0.14454101775844475,-1.4132899514159043,0.999626398086548
23,2,11,-0.0401502827106791,-0.9957270112248416,0.9991633892059326
23,2,12,-0.14454101775844475,-0.9957270112248416,0.9985228776931764
23,2,13,0.1606011308427164,-0.4175629401910626,0.5984869003295898
23,2,14,0.02409016962640746,-0.3934727705646552,0.509116530418396
23,2,15,-0.08833062196349402,-0.2810519789747537,0.6996206045150757
23,2,16,-0.05621039579495074,-0.0803005654213582,0.5422337651252747
23,2,17,-0.2409016962640746,-0.2087814700955313,0.7009108662605286
23,2,18,-0.11242079158990148,-0.01606011308427164,0.5386226177215576
23,2,19,-0.2890820355168895,-0.2489317528062104,0.7042855620384216
23,2,20,-0.10439073504776565,-0.04818033925281492,0.5366876721382141
23,2,21,-0.2489317528062104,-0.27302192243261786,0.6921100616455078
23,2,22,-0.08833062196349402,-0.07227050887922237,0.5273371934890747
23,2,23,-0.04818033925281492,-0.01606011308427164,0.9957948327064514
23,2,24,0.04818033925281492,0.01606011308427164,0.9946951270103456
23,2,25,-0.07227050887922237,0.7628553715029028,0.5767897963523865
23,2,26,-0.1606011308427164,0.8030056542135819,0.5344145894050598
23,2,27,0.02409016962640746,1.557830969174349,0.6333580017089844
23,2,28,0.0401502827106791,1.5899511953428924,0.5952885150909424
23,2,29,0.1525710743005806,1.6622217042221148,0.6663784384727478
23,2,30,0.16863118738485222,1.7585823827277445,0.6308656930923462
23,2,31,-0.1606011308427164,1.5819211388007566,0.6877015233039856
23,2,32,-0.09636067850562983,1.7425222696434728,0.6574572324752808
24,1,0,0.19055012509167307,-1.5285433947571165,0.9998773336410522
24,1,1,0.14912618485435283,-1.5699673349944367,0.999853014945984
24,1,2,0.16569576094928093,-1.5782521230419009,0.999805986881256
24,1,3,0.17398054899674498,-1.5782521230419009,0.999810516834259
24,1,4,0.1077022446170326,-1.5616825469469726,0.999856412410736
24,1,5,0.09113266852210451,-1.5451129708520446,0.9998121857643129
24,1,6,0.07456309242717642,-1.5368281828045807,0.9998276233673096
24,1,7,0.13255660875942474,-1.5119738186621885,0.9995717406272888
24,1,8,0.033139152189856184,-1.4622650903774042,0.999706506729126
24,1,9,0.2154044892340652,-1.4456955142824761,0.999658465385437
24,1,10,0.18226533704420902,-1.429125938187548,0.999658465385437
24,1,11,0.14912618485435283,-0.9983169597194176,0.9991008043289183
24,1,12,-0.033139152189856184,-0.9983169597194176,0.9986670017242432
24,1,13,0.09113266852210451,-0.4846601007766467,0.5420467853546143
24,1,14,-0.25682842947138546,-0.42666658444439837,0.557562530040741
24,1,15,0.24025885337645733,-0.22783167130526127,0.6431671380996704
24,1,16,0.008284788047464046,-0.045566334261052256,0.5842424631118774
24,1,17,0.31482194580363376,-0.12841421473569273,0.6471176743507385
24,1,18,0.08284788047464046,0.07870548645090844,0.5760652422904968
24,1,19,0.31482194580363376,-0.1615533669255489,0.6507493853569031
24,1,20,0.11598703266449664,0.0538511223085163,0.5737345814704895
24,1,21,0.2651132175188495,-0.178122943020477,0.6391159892082214
24,1,22,0.17398054899674498,-0.004142394023732023,0.562955379486084
24,1,23,0.06627830437971237,-0.004142394023732023,0.9960281848907472
24,1,24,-0.06627830437971237,0.004142394023732023,0.9951174259185792
24,1,25,0.13255660875942474,0.71663416610564,0.5467284917831421
24,1,26,-0.033139152189856184,0.7580581063429602,0.559985339641571
24,1,27,-0.04970872828478428,1.3462780577129074,0.6110809445381165
24,1,28,-0.12427182071196069,1.4788346664723322,0.6075423955917358
24,1,29,-0.20711970118660114,1.5202586067096524,0.6502931714057922
24,1,30,-0.23197406532899328,1.619676063279221,0.621233344078064
24,1,31,0.11598703266449664,1.5036890306147244,0.6777594089508057
24,1,32,0.12427182071196069,1.6031064871842928,0.6673495173454285
24,2,0,-0.06799129767081157,-1.4798105963647223,0.9997462034225464
24,2,1,-0.0599923214742455,-1.551801382133817,0.9997096061706544
24,2,2,-0.0359953928845473,-1.551801382133817,0.999668538570404
24,2,3,-0.019997440491415167,-1.551801382133817,0.9997210502624512
24,2,4,-0.09198822626050977,-1.5358034297406848,0.9996474385261536
24,2,5,-0.09998720245707583,-1.5278044535441189,0.999515950679779
24,2,6,-0.1079861786536419,-1.5198054773475527,0.999530792236328
24,2,7,0.0119984642948491,-1.4958085487578545,0.9994947910308838
24,2,8,-0.1079861786536419,-1.447814691578458,0.9988524317741394
24,2,9,-0.0359953928845473,-1.3838228820059295,0.9995452165603638
24,2,10,-0.06799129767081157,-1.3838228820059295,0.99927419424057
24,2,11,0.06799129767081157,-0.9998720245707583,0.9991855621337892
24,2,12,-0.09998720245707583,-0.9998720245707583,0.9978263974189758
24,2,13,0.24396877399526504,-0.479938571793964,0.587652325630188
24,2,14,-0.05199334527767943,-0.44794266700769975,0.5041121244430542
24,2,15,-0.0359953928845473,-0.23197030970041593,0.6783614754676819
24,2,16,-0.0359953928845473,-0.08798873816222673,0.5304517149925232
24,2,17,0.0599923214742455,-0.12798361914505707,0.6811925768852234
24,2,18,-0.06799129767081157,0.007998976196566067,0.5250780582427979
24,2,19,-0.0599923214742455,-0.15997952393132134,0.6843692660331726
24,2,20,-0.06799129767081157,0.007998976196566067,0.5229191780090332
24,2,21,-0.043994369081113364,-0.18397645252101955,0.6731842160224915
24,2,22,-0.0359953928845473,-0.0479938571793964,0.5137038826942444
24,2,23,0.07599027386737764,0.0,0.9961578845977784
24,2,24,-0.07599027386737764,0.0,0.994373083114624
24,2,25,-0.027996416687981234,0.6719140005115496,0.5823279023170471
24,2,26,0.043994369081113364,0.7679017148703424,0.5346044301986694
24,2,27,0.0599923214742455,1.5997952393132133,0.6370329856872559
24,2,28,0.09198822626050977,1.559800358330383,0.5833227634429932
24,2,29,0.09998720245707583,1.7757727156376668,0.670386016368866
24,2,30,0.09198822626050977,1.7277788584582705,0.6068058609962463
24,2,31,-0.09998720245707583,1.7597747632445346,0.6955118179321289
24,2,32,-0.027996416687981234,1.6957829536720062,0.6441320180892944
25,1,0,0.18325384338587805,-1.477982084699147,0.9997124075889589
25,1,1,0.11951337612122481,-1.5417225519638003,0.9996692538261414
25,1,2,0.11154581771314316,-1.5337549935557184,0.9996002316474916
25,1,3,0.11154581771314316,-1.5337549935557184,0.9996594786643982
25,1,4,0.09561070089697986,-1.5257874351476368,0.9996436834335328
25,1,5,0.07967558408081654,-1.5178198767395552,0.9995214939117432
25,1,6,0.06374046726465324,-1.5098523183314736,0.999549388885498
25,1,7,0.05577290885657158,-1.477982084699147,0.9993543028831482
25,1,8,-0.03983779204040827,-1.4461118510668203,0.9989505410194396
25,1,9,0.19122140179395972,-1.406274059026412,0.999523937702179
25,1,10,0.16731872656971475,-1.3983065006183304,0.9993302226066588
25,1,11,0.09561070089697986,-0.9999285802142477,0.9990803599357604
25,1,12,-0.11951337612122481,-0.9999285802142477,0.9980403780937196
25,1,13,0.03187023363232662,-0.52984263413743,0.5321187376976013
25,1,14,-0.5099237381172259,-0.5617128677697566,0.553350031375885
25,1,15,0.11951337612122481,-0.25894564826265376,0.6178620457649231
25,1,16,-0.27089698587477623,-0.115529596917184,0.5748282670974731
25,1,17,0.16731872656971475,-0.17130250577375558,0.6224151849746704
25,1,18,-0.231059193834368,0.003983779204040827,0.5661723017692566
25,1,19,0.18325384338587805,-0.19520518099800055,0.6257026791572571
25,1,20,-0.15935116816163308,-0.019918896020204135,0.5635735392570496
25,1,21,0.15935116816163308,-0.2191078562222455,0.6157893538475037
25,1,22,-0.15935116816163308,-0.059756688060612406,0.5525488257408142
25,1,23,0.07967558408081654,-0.003983779204040827,0.9961772561073304
25,1,24,-0.07967558408081654,0.003983779204040827,0.9947277307510376
25,1,25,0.04780535044848993,0.6732586854828998,0.5576614141464233
25,1,26,-0.07170802567273489,0.7290315943394714,0.5657511353492737
25,1,27,-0.16731872656971475,1.3505011501698405,0.6175949573516846
25,1,28,-0.15138360975355145,1.3823713838021672,0.6030766367912292
25,1,29,-0.2788645442828579,1.5098523183314736,0.6525771021842957
25,1,30,-0.2629294274666946,1.5257874351476368,0.6081309914588928
25,1,31,0.03187023363232662,1.5496901103718819,0.6867470145225525
25,1,32,0.01593511681616331,1.565625227188045,0.659827709197998
25,2,0,-0.25338936575861337,-1.4271783394933664,0.99968421459198
25,2,1,-0.21612622373528786,-1.4942519951353523,0.9996233582496644
25,2,2,-0.20122096692595767,-1.4867993667306871,0.999567985534668
25,2,3,-0.18631571011662748,-1.4867993667306871,0.9996403455734252
25,2,4,-0.23848410894928318,-1.4793467383260221,0.9995861053466796
25,2,5,-0.24593673735394828,-1.471894109921357,0.9994516968727112
25,2,6,-0.24593673735394828,-1.464441481516692,0.9994659423828124
25,2,7,-0.10433679766531138,-1.4346309678980316,0.9993870854377748
25,2,8,-0.19376833852129258,-1.4048204542793712,0.9988606572151184
25,2,9,-0.21612622373528786,-1.3451994270420504,0.9995290040969848
25,2,10,-0.24593673735394828,-1.3377467986373852,0.9992557764053344
25,2,11,-0.03726314202332549,-1.0023785204274558,0.999171793460846
25,2,12,-0.16395782490263217,-0.9874732636181256,0.9979644417762756
25,2,13,0.20122096692595767,-0.5552208161475499,0.5788564085960388
25,2,14,-0.31301039299593414,-0.5328629309335545,0.5001232624053955
25,2,15,-0.05216839883265569,-0.2794735651749412,0.6559574604034424
25,2,16,-0.23848410894928318,-0.18258939591429493,0.5220818519592285
25,2,17,-0.08943154085598119,-0.1676841391049647,0.6597910523414612
25,2,18,-0.27574725097260866,-0.08570522665364864,0.5163112282752991
25,2,19,-0.05216839883265569,-0.19004202431896003,0.6626967787742615
25,2,20,-0.27574725097260866,-0.10061048346297884,0.5140717029571533
25,2,21,-0.05216839883265569,-0.2198525379376204,0.65343177318573
25,2,22,-0.26084199416327847,-0.13042099708163923,0.5046388506889343
25,2,23,0.022357885213995298,0.0037263142023325497,0.9964403510093688
25,2,24,-0.022357885213995298,-0.0037263142023325497,0.9946656823158264
25,2,25,-0.06707365564198589,0.7340838978595122,0.5885084867477417
25,2,26,-0.03726314202332549,0.6968207558361867,0.5259057283401489
25,2,27,-0.007452628404665099,1.4346309678980316,0.6345565319061279
25,2,28,0.03726314202332549,1.2706731429953995,0.5663400292396545
25,2,29,0.014905256809330199,1.5762309075866685,0.6697949171066284
25,2,30,0.05216839883265569,1.4569888531120267,0.5892424583435059
25,2,31,-0.18631571011662748,1.5911361643959987,0.696518063545227
25,2,32,-0.14905256809330197,1.4197257110887014,0.6281840205192566
26,1,0,0.19145436726509216,-1.4379445030761178,0.999616801738739
26,1,1,0.13442540680314982,-1.5031204578897661,0.9995567202568054
26,1,2,0.12627841245144375,-1.5031204578897661,0.9994785785675048
26,1,3,0.1181314180997377,-1.5031204578897661,0.9995534420013428
26,1,4,0.1181314180997377,-1.49497346353806,0.9995623230934144
26,1,5,0.10183742939632562,-1.49497346353806,0.999439775943756
26,1,6,0.08554344069291352,-1.486826469186354,0.999469518661499
26,1,7,0.012220491527559075,-1.4460914974278238,0.9992342591285706
26,1,8,-0.020367485879265124,-1.4216505143727056,0.9989513158798218
26,1,9,0.1833073729133861,-1.3564745595590573,0.9994475841522216
26,1,10,0.167013384209974,-1.3483275652073512,0.9992903470993042
26,1,11,-0.02851448023097117,-0.981712819380579,0.9990707039833068
26,1,12,-0.19145436726509216,-1.006153802435697,0.998166024684906
26,1,13,-0.10998442374803166,-0.5499221187401583,0.5254645943641663
26,1,14,-0.6476860509606309,-0.663980039664043,0.54986172914505
26,1,15,-0.07739644634120747,-0.167013384209974,0.5939232110977173
26,1,16,-0.48474616392650993,-0.10183742939632562,0.5683839917182922
26,1,17,-0.06924945198950141,-0.06110245763779537,0.5983558297157288
26,1,18,-0.49289315827821595,-0.0040734971758530246,0.5610715746879578
26,1,19,-0.04480846893438327,-0.06110245763779537,0.6011126041412354
26,1,20,-0.4358641978162736,-0.02851448023097117,0.5587705969810486
26,1,21,-0.06110245763779537,-0.09369043504461956,0.593316912651062
26,1,22,-0.4195702091128615,-0.06110245763779537,0.5488016605377197
26,1,23,0.05295546328608932,0.0040734971758530246,0.9964157938957214
26,1,24,-0.05295546328608932,-0.0040734971758530246,0.9950690269470216
26,1,25,0.06110245763779537,0.7861849549396337,0.557266354560852
26,1,26,-0.07739644634120747,0.8269199266981639,0.5536203384399414
26,1,27,-0.15886638985826795,1.4460914974278238,0.603390097618103
26,1,28,-0.1833073729133861,1.5357084352965902,0.591560959815979
26,1,29,-0.2810713051338587,1.6171783788136507,0.6440042853355408
26,1,30,-0.31365928254068287,1.6986483223307112,0.602163553237915
26,1,31,0.020367485879265124,1.7230893053858294,0.6759798526763916
26,1,32,0.020367485879265124,1.7556772827926537,0.6497393250465393
26,2,0,-0.2283845836008069,-1.3703075016048414,0.9994759559631348
26,2,1,-0.18418111580710234,-1.4439799479276825,0.9993965029716492
26,2,2,-0.16944662654253417,-1.4439799479276825,0.9993617534637452
26,2,3,-0.15471213727796598,-1.4439799479276825,0.999472200870514
26,2,4,-0.21365009433623872,-1.4439799479276825,0.9993028044700624
26,2,5,-0.21365009433623872,-1.4366127032953984,0.9991437196731568
26,2,6,-0.21365009433623872,-1.4366127032953984,0.999134123325348
26,2,7,-0.08103969095512503,-1.3997764801339778,0.999242901802063
26,2,8,-0.15471213727796598,-1.3850419908694096,0.9985374808311462
26,2,9,-0.18418111580710234,-1.2966350552820005,0.9994003772735596
26,2,10,-0.21365009433623872,-1.2892678106497164,0.998972713947296
26,2,11,0.022101733896852282,-1.016679759255205,0.9991631507873536
26,2,12,-0.1399776480133978,-0.9798435360937845,0.9978652000427246
26,2,13,0.18418111580710234,-0.6188485491118639,0.572860062122345
26,2,14,-0.11050866948426141,-0.633583038376432,0.4967532455921173
26,2,15,0.0,-0.28732254065907964,0.6343892216682434
26,2,16,-0.19891560507167053,-0.20628284970395463,0.5166388154029846
26,2,17,-0.007367244632284094,-0.15471213727796598,0.6380576491355896
26,2,18,-0.2504863174976592,-0.10314142485197732,0.5121481418609619
26,2,19,-0.11050866948426141,-0.16944662654253417,0.6404682397842407
26,2,20,-0.2799552960267956,-0.11050866948426141,0.5102353096008301
26,2,21,-0.11787591411654551,-0.21365009433623872,0.6329944729804993
26,2,22,-0.26522080676222737,-0.15471213727796598,0.5015791654586792
26,2,23,0.014734489264568188,0.0,0.9966427087783812
26,2,24,-0.014734489264568188,0.0,0.9947406053543092
26,2,25,-0.029468978529136377,0.7956624202866821,0.5872726440429688
26,2,26,0.007367244632284094,0.6704192615378526,0.5167844891548157
26,2,27,0.06630520169055684,1.5250196388828074,0.6257447600364685
26,2,28,0.11787591411654551,1.3113695445465687,0.5611966848373413
26,2,29,0.1399776480133978,1.5986920852056483,0.6667841076850891
26,2,30,0.17681387117481825,1.4439799479276825,0.5923693776130676
26,2,31,-0.19154836043938644,1.7092007546899097,0.6883144378662109
26,2,32,-0.058937957058272754,1.5176523942505233,0.6253651976585388
27,1,0,0.23244520074909303,-1.3905203973383244,0.9993717670440674
27,1,1,0.17433390056181977,-1.4652349261505329,0.999268114566803
27,1,2,0.17433390056181977,-1.4652349261505329,0.9992523789405824
27,1,3,0.16603228624935218,-1.4652349261505329,0.9993252754211426
27,1,4,0.15773067193688456,-1.4652349261505329,0.9992206692695618
27,1,5,0.14112744331194935,-1.4652349261505329,0.9990975260734558
27,1,6,0.11622260037454651,-1.4569333118380652,0.9990850687026978
27,1,7,0.06641291449974086,-1.4154252402757272,0.9990258812904358
27,1,8,0.008301614312467608,-1.4071236259632596,0.9986074566841124
27,1,9,0.22414358643662544,-1.3075042542136484,0.9991183280944824
27,1,10,0.1992387434992226,-1.3075042542136484,0.9989234209060668
27,1,11,0.03320645724987043,-0.975439681714944,0.9989545941352844
27,1,12,-0.20754035781169022,-1.016947753277282,0.9980698227882384
27,1,13,-0.06641291449974086,-0.5105492802167579,0.523894190788269
27,1,14,-0.5313033159979269,-0.6599783378411749,0.546690046787262
27,1,15,-0.008301614312467608,-0.11207179321831272,0.5793454051017761
27,1,16,-0.43168394424831563,-0.11207179321831272,0.5624616146087646
27,1,17,-0.008301614312467608,0.02905565009363663,0.584359884262085
27,1,18,-0.43998555856078325,0.02905565009363663,0.5557065010070801
27,1,19,-0.008301614312467608,-0.004150807156233804,0.5868856906890869
27,1,20,-0.3984774869984452,0.020754035781169022,0.5537073612213135
27,1,21,-0.024904842937402825,-0.02905565009363663,0.5808030366897583
27,1,22,-0.38187425837350997,-0.02905565009363663,0.5446498394012451
27,1,23,0.03320645724987043,0.020754035781169022,0.9964795708656312
27,1,24,-0.03320645724987043,-0.020754035781169022,0.9950382113456726
27,1,25,0.07471452881220847,0.8924235385902679,0.5485455393791199
27,1,26,-0.05811130018727326,0.8592170813403974,0.5527028441429138
27,1,27,-0.08301614312467609,1.6229655980874174,0.5953418016433716
27,1,28,-0.05811130018727326,1.5731559122126118,0.5868073105812073
27,1,29,-0.1992387434992226,1.7474898127744316,0.6427914500236511
27,1,30,-0.1826355148742874,1.7225849698370288,0.6069263815879822
27,1,31,0.11622260037454651,1.8720140274614456,0.6656273007392883
27,1,32,0.0996193717496113,1.8554107988365105,0.6428963541984558
27,2,0,-0.21209026979871276,-1.3017954491093404,0.9992517232894896
27,2,1,-0.168209524323117,-1.374930024902,0.9991192817687988
27,2,2,-0.16089606674385107,-1.374930024902,0.9991441965103148
27,2,3,-0.14626915158531914,-1.374930024902,0.999252200126648
27,2,4,-0.1901498970609149,-1.374930024902,0.9989700317382812
27,2,5,-0.1901498970609149,-1.382243482481266,0.9988216161727904
27,2,6,-0.1901498970609149,-1.382243482481266,0.9987754225730896
27,2,7,-0.08044803337192553,-1.345676194584936,0.9990484118461608
27,2,8,-0.14626915158531914,-1.345676194584936,0.9982117414474488
27,2,9,-0.17552298190238297,-1.2359743308959468,0.999123513698578
27,2,10,-0.2047768122194468,-1.2359743308959468,0.9987220168113708
27,2,11,0.014626915158531914,-0.9946302307801702,0.9990588426589966
27,2,12,-0.13164223642678724,-1.0019436883594361,0.997921586036682
27,2,13,0.27791138801210635,-0.5850766063412766,0.5714558959007263
27,2,14,-0.13895569400605318,-0.6143304366583404,0.4949804246425628
27,2,15,-0.007313457579265957,-0.23403064253651062,0.6213210225105286
27,2,16,-0.18283643948164893,-0.21209026979871276,0.5166702270507812
27,2,17,-0.058507660634127656,-0.11701532126825531,0.6256222724914551
27,2,18,-0.22671718495724466,-0.09507494853045745,0.5142234563827515
27,2,19,-0.13895569400605318,-0.13895569400605318,0.6278486847877502
27,2,20,-0.24865755769504255,-0.1023884061097234,0.512762188911438
27,2,21,-0.13895569400605318,-0.168209524323117,0.6220582723617554
27,2,22,-0.21940372737797872,-0.13164223642678724,0.5051097869873047
27,2,23,0.014626915158531914,0.007313457579265957,0.9966992735862732
27,2,24,-0.014626915158531914,-0.007313457579265957,0.9945794939994812
27,2,25,-0.036567287896329785,0.7020919276095319,0.5696960091590881
27,2,26,0.029253830317063828,0.6582111821339361,0.5097610354423523
27,2,27,0.08776149095119148,1.6162741250177766,0.6057445406913757
27,2,28,0.16089606674385107,1.382243482481266,0.5410541296005249
27,2,29,0.12432877884752128,1.696722158389702,0.6527354717254639
27,2,30,0.14626915158531914,1.5138857189080532,0.5764762759208679
27,2,31,-0.21209026979871276,1.7625432766030957,0.6641191840171814
27,2,32,-0.014626915158531914,1.550453006804383,0.6014071106910706
28,1,0,0.1844476442938155,-1.3352405554313165,0.9991921782493592
28,1,1,0.14435033031689906,-1.3993962577943826,0.9990590810775756
28,1,2,0.14435033031689906,-1.3993962577943826,0.9990717768669128
28,1,3,0.14435033031689906,-1.3993962577943826,0.9991483688354492
28,1,4,0.11227247913536595,-1.407415720589766,0.9989526867866516
28,1,5,0.09623355354459938,-1.407415720589766,0.9988250732421876
28,1,6,0.07217516515844953,-1.407415720589766,0.9987916946411132
28,1,7,0.056136239567682975,-1.3673184066128496,0.998829424381256
28,1,8,-0.008019462795383282,-1.3673184066128496,0.9983205199241638
28,1,9,0.1764281814984322,-1.263065390272867,0.9987882971763612
28,1,10,0.14435033031689906,-1.263065390272867,0.9986576437950134
28,1,11,0.08019462795383282,-0.9743647296390687,0.998827874660492
28,1,12,-0.19246710708919876,-1.0224815064113684,0.998117983341217
28,1,13,-0.016038925590766563,-0.5493332014837549,0.5242380499839783
28,1,14,-0.6014597096537462,-0.7818976225498699,0.5450819730758667
28,1,15,0.024058388386149845,-0.156379524509974,0.5731165409088135
28,1,16,-0.5292845444952966,-0.22855468966842354,0.5635403990745544
28,1,17,0.06415570236306625,-0.036087582579224765,0.5784733891487122
28,1,18,-0.5533429328814464,-0.1082627477376743,0.5594918727874756
28,1,19,0.056136239567682975,-0.052126508169991335,0.5808457136154175
28,1,20,-0.51324561890453,-0.09222382214690775,0.5580305457115173
28,1,21,0.032077851181533126,-0.08420435935152445,0.5767862796783447
28,1,22,-0.4811677677229969,-0.13232113612382415,0.5504563450813293
28,1,23,0.0882140907492161,0.028068119783841487,0.9966964721679688
28,1,24,-0.0882140907492161,-0.028068119783841487,0.9949532747268676
28,1,25,0.056136239567682975,0.8219949365267863,0.536933422088623
28,1,26,-0.06415570236306625,0.8059560109360199,0.540475606918335
28,1,27,-0.1363308675215158,1.5838439020881983,0.5779834389686584
28,1,28,-0.11227247913536595,1.6159217532697314,0.5621071457862854
28,1,29,-0.24860334665688175,1.7281942324050972,0.63521808385849
28,1,30,-0.2325644210661152,1.7602720835866303,0.5892881155014038
28,1,31,0.04811677677229969,1.8484861743358465,0.6418735980987549
28,1,32,0.11227247913536595,1.8164083231543133,0.6139001250267029
28,2,0,-0.23836021682092018,-1.2842990786918236,0.9988624453544616
28,2,1,-0.18143837399801385,-1.3483361518675931,0.9986487030982972
28,2,2,-0.1672079132922873,-1.3483361518675931,0.9987258315086364
28,2,3,-0.1458622222336974,-1.3483361518675931,0.9989193677902222
28,2,4,-0.20278406505660374,-1.3554513822204566,0.9983567595481871
28,2,5,-0.20278406505660374,-1.3554513822204566,0.9981290698051452
28,2,6,-0.20278406505660374,-1.3554513822204566,0.9980953335762024
28,2,7,-0.07470991870506453,-1.3127600001032769,0.9987355470657348
28,2,8,-0.1458622222336974,-1.31987523045614,0.9968674182891846
28,2,9,-0.19566883470374044,-1.220262005516054,0.9985992908477784
28,2,10,-0.2241297561151936,-1.220262005516054,0.997686505317688
28,2,11,0.06047945799933795,-0.999689864577292,0.9989435076713562
28,2,12,-0.11028607046938098,-0.999689864577292,0.996859610080719
28,2,13,0.3522039024667328,-0.6296978862284011,0.5717115998268127
28,2,14,-0.23124498646805688,-0.7079654201098973,0.4918910264968872
28,2,15,0.02490330623502151,-0.2952820596438265,0.6155712008476257
28,2,16,-0.18143837399801385,-0.30951252034955307,0.5105555653572083
28,2,17,-0.053364227646474666,-0.13874699188083414,0.6198973059654236
28,2,18,-0.20989929540946703,-0.19566883470374044,0.5087890028953552
28,2,19,-0.11740130082224426,-0.160092682939424,0.6219346523284912
28,2,20,-0.23124498646805688,-0.13163176152797085,0.5076188445091248
28,2,21,-0.11028607046938098,-0.20989929540946703,0.6176548600196838
28,2,22,-0.2170145257623303,-0.1672079132922873,0.5011038184165955
28,2,23,0.02490330623502151,-0.0035576151764316446,0.9966955184936525
28,2,24,-0.02490330623502151,0.0035576151764316446,0.993414580821991
28,2,25,-0.017788075882158222,0.7720024932856668,0.5682279467582703
28,2,26,0.017788075882158222,0.7435415718742137,0.50630784034729
28,2,27,0.08182514905792782,1.6187149052763983,0.6000895500183105
28,2,28,0.13874699188083414,1.5191016803363122,0.5288119912147522
28,2,29,0.11740130082224426,1.7396738212750742,0.654994785785675
28,2,30,0.13874699188083414,1.661406287393578,0.5650796890258789
28,2,31,-0.19566883470374044,1.8748631979794765,0.6535966992378235
28,2,32,-0.08894037941079111,1.7254433605693476,0.5838524103164673
29,1,0,0.17801167724577446,-1.3212422266686372,0.998902440071106
29,1,1,0.13845352674671346,-1.3924468975669468,0.9986870288848876
29,1,2,0.13054189664690127,-1.3924468975669468,0.9987586140632628
29,1,3,0.13054189664690127,-1.3845352674671347,0.9989119172096252
29,1,4,0.12263026654708908,-1.3924468975669468,0.998437762260437
29,1,5,0.10680700634746468,-1.4003585276667592,0.9982445240020752
29,1,6,0.09098374614784029,-1.4003585276667592,0.9982141852378844
29,1,7,0.04351396554896709,-1.3528887470678859,0.9986949563026428
29,1,8,-0.003955815049906099,-1.3608003771676982,0.9971335530281068
29,1,9,0.16218841704615006,-1.2500375557703274,0.9984156489372252
29,1,10,0.14636515684652568,-1.2579491858701395,0.9977536201477052
29,1,11,0.03560233544915489,-0.9414839818776516,0.9987367987632751
29,1,12,-0.19383493744539887,-1.0522468032750225,0.9971646666526794
29,1,13,-0.08307211604802808,-0.5696373671864783,0.524355411529541
29,1,14,-0.5894164424360088,-0.8544560507797174,0.5423927903175354
29,1,15,0.04351396554896709,-0.19779075249530495,0.5673457384109497
29,1,16,-0.5023885113380746,-0.3481117243917367,0.5585939884185791
29,1,17,-0.019779075249530497,-0.055381410698685386,0.5726510286331177
29,1,18,-0.5340350317373234,-0.20570238259511717,0.5558820962905884
29,1,19,0.04351396554896709,-0.06329304079849758,0.5747861266136169
29,1,20,-0.5340350317373234,-0.17405586219586835,0.554754376411438
29,1,21,0.027690705349342693,-0.10285119129755858,0.5722663402557373
29,1,22,-0.5261234016375113,-0.22152564279474155,0.5484076738357544
29,1,23,0.09098374614784029,0.023734890299436595,0.9965587258338928
29,1,24,-0.09098374614784029,-0.023734890299436595,0.993865728378296
29,1,25,0.05142559564877929,0.8623676808795296,0.5337761640548706
29,1,26,-0.12263026654708908,0.9019258313785906,0.5399622917175293
29,1,27,-0.17801167724577446,1.5744143898626275,0.565005362033844
29,1,28,-0.13054189664690127,1.677265581160186,0.5489271879196167
29,1,29,-0.22548145784464765,1.7326469918588714,0.6339385509490967
29,1,30,-0.24921634814408425,1.8117632928569936,0.5817705392837524
29,1,31,0.05933722574859149,1.914614484154552,0.6259731650352478
29,1,32,0.07516048594821588,2.0095540453522984,0.5944082140922546
29,2,0,-0.23099274874049566,-1.2632415946745856,0.9987239241600036
29,2,1,-0.17324456155537174,-1.3354268286559905,0.998464286327362
29,2,2,-0.15880751475909077,-1.3354268286559905,0.998553991317749
29,2,3,-0.14437046796280978,-1.3354268286559905,0.998786449432373
29,2,4,-0.1949001317497932,-1.342645352054131,0.9980881810188292
29,2,5,-0.1949001317497932,-1.342645352054131,0.9978167414665222
29,2,6,-0.1949001317497932,-1.342645352054131,0.9977982640266418
29,2,7,-0.07940375737954539,-1.313771258461569,0.9986671805381776
29,2,8,-0.14437046796280978,-1.313771258461569,0.9963175654411316
29,2,9,-0.1876816083516527,-1.1910563606931808,0.9983770847320556
29,2,10,-0.21655570194421467,-1.1982748840913213,0.997243106365204
29,2,11,0.0649667105832644,-0.9889377055452471,0.9988619685173036
29,2,12,-0.10827785097210733,-1.0105932757396685,0.996545910835266
29,2,13,0.3970187868977269,-0.6713226760270655,0.5718271136283875
29,2,14,-0.08662228077768587,-0.7796005269991728,0.4899303317070007
29,2,15,0.08662228077768587,-0.3320520763144625,0.6103649735450745
29,2,16,-0.17324456155537174,-0.353707646508884,0.5075035691261292
29,2,17,-0.021655570194421467,-0.17324456155537174,0.6145776510238647
29,2,18,-0.2093371785460742,-0.24542979553677663,0.5076047778129578
29,2,19,-0.08662228077768587,-0.1876816083516527,0.6164068579673767
29,2,20,-0.21655570194421467,-0.21655570194421467,0.506708562374115
29,2,21,-0.07218523398140489,-0.23099274874049566,0.6136080026626587
29,2,22,-0.2021186551479337,-0.2598668423330576,0.5013964772224426
29,2,23,0.036092616990702445,0.0,0.9966805577278136
29,2,24,-0.036092616990702445,0.0,0.9928997159004213
29,2,25,0.028874093592561958,0.8517857609805777,0.566157877445221
29,2,26,0.036092616990702445,0.7940375737954538,0.5049024820327759
29,2,27,0.08662228077768587,1.681915951766734,0.5892283320426941
29,2,28,0.1371519445646693,1.5592010539983456,0.5146573185920715
29,2,29,0.10105932757396685,1.7901938027388413,0.6531635522842407
29,2,30,0.057748187185123916,1.7035715219611554,0.5559825897216797
29,2,31,-0.16602603815723124,2.021186551479337,0.6409759521484375
29,2,32,-0.043311140388842935,1.8407234665258247,0.5662325620651245
30,1,0,0.15996161381847274,-1.279692910547782,0.9986937642097472
30,1,1,0.12796929105477817,-1.3596737174570181,0.998376727104187
30,1,2,0.1359673717457018,-1.3596737174570181,0.998445451259613
30,1,3,0.1359673717457018,-1.3596737174570181,0.998621940612793
30,1,4,0.10397504898200727,-1.3676717981479418,0.998101532459259
30,1,5,0.08797888760016,-1.3676717981479418,0.9978699684143066
30,1,6,0.07198272621831273,-1.3756698788388655,0.997857630252838
30,1,7,0.06398464552738908,-1.3356794753842474,0.9983029961586
30,1,8,-0.01599616138184727,-1.3436775560751708,0.99655282497406
30,1,9,0.1519635331275491,-1.207710184329469,0.9978005290031432
30,1,10,0.11997121036385454,-1.2157082650203928,0.9971577525138856
30,1,11,0.06398464552738908,-0.9437735215289891,0.9985369443893432
30,1,12,-0.24794050141863272,-1.0477485705109963,0.9968727827072144
30,1,13,0.12796929105477817,-0.61585221320112,0.5247273445129395
30,1,14,-0.591857971128349,-0.7998080690923637,0.5404847264289856
30,1,15,0.17595777520032,-0.17595777520032,0.5663670897483826
30,1,16,-0.47188676076449454,-0.2879309048732509,0.555215060710907
30,1,17,0.19195393658216728,-0.06398464552738908,0.5717462301254272
30,1,18,-0.5118771642191127,-0.15996161381847274,0.5535876750946045
30,1,19,0.22394625934586182,-0.06398464552738908,0.5739471316337585
30,1,20,-0.4638886800735709,-0.1519635331275491,0.5526750087738037
30,1,21,0.16795969450939635,-0.09597696829108364,0.5729719400405884
30,1,22,-0.43989443800079997,-0.19195393658216728,0.5471209287643433
30,1,23,0.08797888760016,0.03199232276369454,0.9962221384048462
30,1,24,-0.08797888760016,-0.03199232276369454,0.9932236671447754
30,1,25,0.03199232276369454,0.8877869566925236,0.5329076051712036
30,1,26,-0.08797888760016,0.9197792794562182,0.5286803841590881
30,1,27,-0.17595777520032,1.6795969450939636,0.5506435036659241
30,1,28,-0.11997121036385454,1.695593106475811,0.5269193053245544
30,1,29,-0.25593858210955633,1.823562397530589,0.6264305114746094
30,1,30,-0.23194434003678546,1.8315604782215127,0.5654047727584839
30,1,31,0.039990403454618184,1.9835240113490618,0.6079702973365784
30,1,32,0.06398464552738908,2.0475086568764507,0.5673414468765259
30,2,0,-0.2538292574904856,-1.2537626960893682,0.9987557530403136
30,2,1,-0.19998668771977654,-1.3383724485861968,0.9984647631645204
30,2,2,-0.1846030963567168,-1.3383724485861968,0.9985288381576538
30,2,3,-0.16921950499365707,-1.3460642442677266,0.998710870742798
30,2,4,-0.22306207476436613,-1.3383724485861968,0.9981964826583862
30,2,5,-0.22306207476436613,-1.3383724485861968,0.997949481010437
30,2,6,-0.22306207476436613,-1.3383724485861968,0.997946321964264
30,2,7,-0.08460975249682853,-1.3306806529046669,0.9984357357025146
30,2,8,-0.15383591363059734,-1.322988857223137,0.9966444969177246
30,2,9,-0.2076784834013064,-1.1845365349555994,0.9979641437530518
30,2,10,-0.23075387044589601,-1.1845365349555994,0.9972339272499084
30,2,11,0.07691795681529867,-1.0153170299619425,0.9986824989318848
30,2,12,-0.09999334385988827,-0.984549847235823,0.9965150356292723
30,2,13,0.46919953657332186,-0.7076452027007477,0.5721955299377441
30,2,14,-0.030767182726119467,-0.630727245885449,0.4879296422004699
30,2,15,0.07691795681529867,-0.2769046445350752,0.6095378994941711
30,2,16,-0.17691130067518693,-0.2999800315796648,0.5039951205253601
30,2,17,0.007691795681529867,-0.12306873090447787,0.6139279007911682
30,2,18,-0.19229489203824668,-0.13076052658600773,0.5046929717063904
30,2,19,-0.0692261611337688,-0.11537693522294801,0.615851640701294
30,2,20,-0.1846030963567168,-0.14614411794906748,0.5037902593612671
30,2,21,-0.0692261611337688,-0.15383591363059734,0.6145567893981934
30,2,22,-0.16921950499365707,-0.21537027908283626,0.4991155862808227
30,2,23,0.030767182726119467,0.0,0.9964809417724608
30,2,24,-0.030767182726119467,0.0,0.9931471347808838
30,2,25,0.0230753870445896,0.8691729120128749,0.5747064352035522
30,2,26,-0.0230753870445896,0.9076318904205243,0.5181195735931396
30,2,27,0.11537693522294801,1.792188393796459,0.5889316201210022
30,2,28,0.13076052658600773,1.792188393796459,0.5181265473365784
30,2,29,0.15383591363059734,1.9460243074270562,0.6553317904472351
30,2,30,0.1384523222675376,1.9460243074270562,0.5604841709136963
30,2,31,-0.13076052658600773,2.2229289519621314,0.6393718719482422
30,2,32,-0.14614411794906748,2.192161769236012,0.5642163753509521
31,1,0,0.059561923047105614,-1.1949610811325564,0.998723328113556
31,1,1,0.04467144228532921,-1.2619682445605502,0.998270571231842
31,1,2,0.05211668266621741,-1.2694134849414385,0.9983477592468262
31,1,3,0.05211668266621741,-1.2694134849414385,0.9984590411186218
31,1,4,0.007445240380888202,-1.2694134849414385,0.9981412887573242
31,1,5,-0.007445240380888202,-1.2768587253223265,0.9979493618011476
31,1,6,-0.029780961523552807,-1.2768587253223265,0.9979340434074402
31,1,7,0.014890480761776403,-1.254523004179662,0.997896373271942
31,1,8,-0.08934288457065842,-1.254523004179662,0.9967763423919678
31,1,9,0.05211668266621741,-1.1353991580854508,0.9972880482673644
31,1,10,0.014890480761776403,-1.1353991580854508,0.9971089363098145
31,1,11,0.03722620190444101,-0.9343776678014692,0.9983399510383606
31,1,12,-0.36481677866352186,-1.038611033133904,0.9968390464782716
31,1,13,0.15635004799865224,-0.5397799276143946,0.529391348361969
31,1,14,-0.6328454323754972,-0.6812394948512704,0.538489580154419
31,1,15,0.20846673066486965,-0.15262742780820812,0.570054829120636
31,1,16,-0.4169334613297393,-0.2717512739024194,0.5504407286643982
31,1,17,0.25313817295019886,-0.04094882209488511,0.5753756761550903
31,1,18,-0.37970725942529826,-0.11540122590376713,0.5477398037910461
31,1,19,0.25313817295019886,-0.026058341333108706,0.5779109597206116
31,1,20,-0.3275905767590809,-0.12284646628465533,0.546705961227417
31,1,21,0.22335721142664605,-0.05583930285666151,0.5784553289413452
31,1,22,-0.33503581713996905,-0.18985362971264913,0.5417388081550598
31,1,23,0.12656908647509943,0.011167860571332303,0.9961117506027222
31,1,24,-0.12656908647509943,-0.011167860571332303,0.993553102016449
31,1,25,0.09678812495154662,0.8748157447543636,0.5569501519203186
31,1,26,-0.014890480761776403,0.8971514658970283,0.5560299754142761
31,1,27,-0.17124052876042864,1.4480992540827553,0.5745949149131775
31,1,28,-0.15635004799865224,1.6118945424622957,0.5537667274475098
31,1,29,-0.23824769218842246,1.5970040617005192,0.6461618542671204
31,1,30,-0.26058341333108703,1.7384636289373951,0.5874534845352173
31,1,31,0.007445240380888202,1.7161279077947305,0.6310022473335266
31,1,32,0.022335721142664605,1.9320398788404882,0.5883052349090576
31,2,0,-0.27157450450428183,-1.293972639108637,0.998803973197937
31,2,1,-0.21566210651810616,-1.3818349788011988,0.998384952545166
31,2,2,-0.1996871356649131,-1.3898224642277952,0.9984580278396606
31,2,3,-0.18371216481172006,-1.3898224642277952,0.9985749125480652
31,2,4,-0.23962456279789573,-1.3818349788011988,0.9982548356056212
31,2,5,-0.24761204822449226,-1.3818349788011988,0.998054027557373
31,2,6,-0.24761204822449226,-1.3818349788011988,0.9980419278144836
31,2,7,-0.11182479597235134,-1.3738474933746023,0.9980727434158324
31,2,8,-0.20767462109150964,-1.3658600079480057,0.996890902519226
31,2,9,-0.22364959194470269,-1.2220852702692682,0.9975177645683287
31,2,10,-0.2555995336510888,-1.2220852702692682,0.9972439408302308
31,2,11,0.05591239798617567,-1.0623355617373378,0.9985048174858092
31,2,12,-0.16773719395852701,-0.9345357949117934,0.9963745474815368
31,2,13,0.503211581875581,-0.7667986009532664,0.5763950943946838
31,2,14,-0.0319499417063861,-0.6150363778479324,0.4872607588768005
31,2,15,0.05591239798617567,-0.319499417063861,0.6128354072570801
31,2,16,-0.1597497085319305,-0.27157450450428183,0.5026686191558838
31,2,17,0.0,-0.15176222310533397,0.6171197891235352
31,2,18,-0.14377473767873744,-0.13578725225214092,0.5031288266181946
31,2,19,-0.08786233969256177,-0.13578725225214092,0.6193656325340271
31,2,20,-0.17572467938512354,-0.1597497085319305,0.502162516117096
31,2,21,-0.08786233969256177,-0.18371216481172006,0.6195364594459534
31,2,22,-0.18371216481172006,-0.21566210651810616,0.4977217018604278
31,2,23,0.07987485426596524,-0.023962456279789573,0.9963057041168212
31,2,24,-0.07987485426596524,0.023962456279789573,0.9932498335838318
31,2,25,0.03993742713298262,0.9265483094851968,0.5977727174758911
31,2,26,-0.08786233969256177,0.974473222044776,0.5595107078552246
31,2,27,0.11182479597235134,1.7971842209842182,0.6126938462257385
31,2,28,0.10383731054575482,1.8930340461033763,0.5623074173927307
31,2,29,0.1916996502383166,1.948946444089552,0.6736971735954285
31,2,30,0.1277997668255444,2.0368087837821136,0.5914566516876221
31,2,31,-0.08786233969256177,2.2764333465800095,0.6624842882156372
31,2,32,-0.1597497085319305,2.3083832882863957,0.5977718234062195
32,1,0,0.05187564749039544,-1.2849198839928717,0.9985832571983336
32,1,1,0.035913909801043,-1.3727094412843102,0.9978688955307008
32,1,2,0.04389477864571922,-1.3727094412843102,0.9979779720306396
32,1,3,0.04389477864571922,-1.3727094412843102,0.9979392290115356
32,1,4,0.003990434422338111,-1.3647285724396339,0.9979764223098756
32,1,5,-0.019952172111690553,-1.3647285724396339,0.997844099998474
32,1,6,-0.035913909801043,-1.3727094412843102,0.9978181719779968
32,1,7,-0.003990434422338111,-1.3487668347502815,0.9966259002685548
32,1,8,-0.12370346709248144,-1.3487668347502815,0.9966800808906556
32,1,9,0.04389477864571922,-1.221072933235462,0.9957230687141418
32,1,10,0.003990434422338111,-1.229053802080138,0.996553897857666
32,1,11,0.05985651633507166,-0.9816468678951753,0.9975529909133912
32,1,12,-0.34716779474341564,-0.9976086055845277,0.9966965317726136
32,1,13,0.15562694247118633,-0.5347182125933069,0.5329099893569946
32,1,14,-0.6983260239091694,-0.7502016713995648,0.5375471115112305
32,1,15,0.2593782374519772,-0.1516365080488482,0.5698639154434204
32,1,16,-0.4509190897242065,-0.2952921472530202,0.5477330684661865
32,1,17,0.26735910629665344,-0.03192347537870489,0.5751152634620667
32,1,18,-0.4030338766561492,-0.12769390151481955,0.543738067150116
32,1,19,0.2833208439860059,-0.023942606534028663,0.5778008103370667
32,1,20,-0.34716779474341564,-0.1516365080488482,0.542594313621521
32,1,21,0.24341649976262475,-0.08778955729143843,0.5796154141426086
32,1,22,-0.3551486635880919,-0.20750258996158177,0.5374647378921509
32,1,23,0.11572259824780522,-0.03192347537870489,0.9951360821723938
32,1,24,-0.11572259824780522,0.03192347537870489,0.9934850335121156
32,1,25,0.06783738517974788,0.7422208025548886,0.5836769938468933
32,1,26,-0.0758182540244241,0.8539529663803557,0.5924712419509888
32,1,27,-0.05985651633507166,1.2849198839928717,0.5942146182060242
32,1,28,-0.2274547620732723,1.6680015885373303,0.5897608995437622
32,1,29,-0.1396652047818339,1.476460736265101,0.6610431671142578
32,1,30,-0.26735910629665344,1.803676358896826,0.6072766184806824
32,1,31,0.107741729403129,1.4924224739544534,0.6507510542869568
32,1,32,0.04389477864571922,2.0431024242371127,0.6112833023071289
32,2,0,-0.2577106917496754,-1.3006336474241431,0.9986830353736876
32,2,1,-0.20938993704661127,-1.3972751568302715,0.9980226755142212
32,2,2,-0.1852295596950792,-1.3972751568302715,0.9981275200843812
32,2,3,-0.1691226414607245,-1.4053286159474487,0.9981088638305664
32,2,4,-0.23355031439814336,-1.389221697713094,0.998102843761444
32,2,5,-0.2416037735153207,-1.389221697713094,0.997954487800598
32,2,6,-0.2416037735153207,-1.3972751568302715,0.9979264140129088
32,2,7,-0.08858805028895092,-1.3811682385959168,0.9969279170036316
32,2,8,-0.20133647792943393,-1.3731147794787393,0.9967304468154908
32,2,9,-0.20938993704661127,-1.2362059744867242,0.9961042404174804
32,2,10,-0.24965723263249806,-1.2362059744867242,0.9967228770256042
32,2,11,0.0724811320545962,-1.0509764147916452,0.9977964162826538
32,2,12,-0.17717610057790184,-0.9462814462683394,0.9963356256484984
32,2,13,0.49126100614781876,-0.7529984274560829,0.5795521140098572
32,2,14,-0.12080188675766035,-0.575822326878181,0.4875706434249878
32,2,15,0.008053459117177357,-0.28589779865979614,0.612680971622467
32,2,16,-0.17717610057790184,-0.2617374213082641,0.503415048122406
32,2,17,-0.06442767293741886,-0.0926147798475396,0.6169152855873108
32,2,18,-0.17717610057790184,-0.08456132073036225,0.5032585263252258
32,2,19,-0.1449622641091924,-0.06845440249600754,0.6192857027053833
32,2,20,-0.225496855280966,-0.10066823896471697,0.5021872520446777
32,2,21,-0.1288553458748377,-0.14093553455060376,0.620567262172699
32,2,22,-0.225496855280966,-0.1489889936677811,0.4978783130645752
32,2,23,0.0724811320545962,-0.04429402514447546,0.995483934879303
32,2,24,-0.0724811320545962,0.04429402514447546,0.9934896230697632
32,2,25,0.040267295585886785,0.8415864777450338,0.621887743473053
32,2,26,-0.08858805028895092,0.9543349053855168,0.604160726070404
32,2,27,0.1852295596950792,1.7838411944547845,0.6299517154693604
32,2,28,0.08053459117177357,1.8885361629780901,0.6016485095024109
32,2,29,0.20938993704661127,1.9368569176811543,0.6840832829475403
32,2,30,0.15301572322636978,2.04155188620446,0.6102545857429504
32,2,31,-0.15301572322636978,2.242888364133894,0.6793111562728882
32,2,32,-0.19328301881225657,2.2992625779541354,0.6218222379684448
33,1,0,0.13405665478599157,-1.3243172563707046,0.9978660941123962
33,1,1,0.14218130053059713,-1.389314422327549,0.9969330430030824
33,1,2,0.15030594627520266,-1.389314422327549,0.9971988201141356
33,1,3,0.15843059201980822,-1.389314422327549,0.9969252943992616
33,1,4,0.09343342606296381,-1.3974390680721545,0.9972467422485352
33,1,5,0.06905948882914717,-1.3974390680721545,0.9972256422042848
33,1,6,0.044685551595330525,-1.3974390680721545,0.9970793128013612
33,1,7,0.10968271755217492,-1.3649404850937323,0.9954796433448792
33,1,8,-0.012186968616908324,-1.3649404850937323,0.9958056211471558
33,1,9,0.11780736329678047,-1.2511954446692546,0.9922318458557128
33,1,10,0.06905948882914717,-1.2593200904138602,0.9938170909881592
33,1,11,0.08530878031835827,-0.9993314265864826,0.9972497820854188
33,1,12,-0.15843059201980822,-0.9993314265864826,0.9966030120849608
33,1,13,0.2396770494658637,-0.6743455968022606,0.5346490144729614
33,1,14,-0.4671671303148191,-0.6743455968022606,0.5370834469795227
33,1,15,0.3696713813795525,-0.31686118403961644,0.5669031739234924
33,1,16,-0.21530311223204707,-0.3006118925504053,0.5481923222541809
33,1,17,0.37779602712415805,-0.21936543510434983,0.5721389651298523
33,1,18,-0.14218130053059713,-0.1137450404244777,0.5444915890693665
33,1,19,0.39404531861336917,-0.25998866382737756,0.5751696228981018
33,1,20,-0.07718413457375273,-0.16249291489211098,0.5432010889053345
33,1,21,0.36154673563494694,-0.2762379553165887,0.5773943066596985
33,1,22,-0.09343342606296381,-0.21936543510434983,0.5372207760810852
33,1,23,0.028436260106119424,-0.016249291489211098,0.994598150253296
33,1,24,-0.028436260106119424,0.016249291489211098,0.9934024810791016
33,1,25,0.036560905850724974,0.6255977223346273,0.6070048213005066
33,1,26,-0.044685551595330525,0.828713865949766,0.6352326273918152
33,1,27,0.036560905850724974,1.3811897765829435,0.6029476523399353
33,1,28,-0.052810197339936076,1.7061756063671654,0.626760721206665
33,1,29,-0.020311614361513873,1.494934817007421,0.6656147837638855
33,1,30,-0.11780736329678047,1.8361699382808543,0.6318901777267456
33,1,31,0.12593200904138602,1.5843059201980823,0.6612489223480225
33,1,32,0.15843059201980822,2.039286081895993,0.6395893692970276
33,2,0,-0.2182610803185996,-1.2980790566316713,0.9977169632911682
33,2,1,-0.17996966271884526,-1.37466189183118,0.9967418313026428
33,2,2,-0.16465309567894354,-1.37466189183118,0.9970200061798096
33,2,3,-0.14167824511909097,-1.37466189183118,0.9969135522842408
33,2,4,-0.21060279679864874,-1.37466189183118,0.9968813061714172
33,2,5,-0.2182610803185996,-1.37466189183118,0.9965993165969848
33,2,6,-0.22591936383855046,-1.37466189183118,0.996445655822754
33,2,7,-0.0727536934395332,-1.3593453247912781,0.9956464767456056
33,2,8,-0.18762794623879614,-1.3516870412713273,0.9939005970954896
33,2,9,-0.17996966271884526,-1.2291545049521135,0.9926721453666688
33,2,10,-0.22591936383855046,-1.2291545049521135,0.993267059326172
33,2,11,0.08041197695948406,-1.0453557004732927,0.9975199699401855
33,2,12,-0.14933652863904182,-0.9534562982338824,0.9953803420066832
33,2,13,0.4633261529570272,-0.7466826431952092,0.5810756683349609
33,2,14,-0.1110451110392875,-0.532250704636585,0.4868685007095337
33,2,15,0.011487425279926295,-0.35611018367771513,0.6099554300308228
33,2,16,-0.17231137919889442,-0.22591936383855046,0.5032620429992676
33,2,17,-0.0727536934395332,-0.20294451327869786,0.6140564680099487
33,2,18,-0.21060279679864874,-0.04977884287968061,0.5032019019126892
33,2,19,-0.16465309567894354,-0.2182610803185996,0.6167099475860596
33,2,20,-0.2642107814383048,-0.10338682751933664,0.5019691586494446
33,2,21,-0.14933652863904182,-0.2642107814383048,0.6182428598403931
33,2,22,-0.24889421439840304,-0.1569948121589927,0.4969192445278168
33,2,23,0.08041197695948406,-0.04212055935972975,0.9947882890701294
33,2,24,-0.08041197695948406,0.04212055935972975,0.9929178357124328
33,2,25,-0.0038291417599754314,0.8538986124745213,0.6421509385108948
33,2,26,-0.1340199615991401,0.861556895994472,0.6373767256736755
33,2,27,0.14167824511909097,1.7346012172688705,0.6363855600357056
33,2,28,0.06509540991958233,1.7269429337489195,0.6338189840316772
33,2,29,0.2412359308784522,1.8494754700681333,0.6846878528594971
33,2,30,0.19528622975874702,1.8571337535880843,0.6307125687599182
33,2,31,-0.09572854399938578,2.1021988262265117,0.6869848370552063
33,2,32,-0.12636167807918924,2.1328319603063153,0.6448279023170471
34,1,0,0.16164552139176114,-1.313369861308059,0.9973737597465516
34,1,1,0.13739869318299697,-1.3941926220039398,0.9960383772850036
34,1,2,0.13739869318299697,-1.3941926220039398,0.9962761998176576
34,1,3,0.14548096925258502,-1.3941926220039398,0.9959909915924072
34,1,4,0.11315186497423278,-1.3941926220039398,0.9965707063674928
34,1,5,0.09698731283505667,-1.3941926220039398,0.9963919520378112
34,1,6,0.08082276069588057,-1.3941926220039398,0.9962429404258728
34,1,7,0.08890503676546863,-1.3699457937951756,0.9939395189285278
34,1,8,0.008082276069588057,-1.3699457937951756,0.9940033555030824
34,1,9,0.14548096925258502,-1.2487116527513547,0.9905585646629332
34,1,10,0.11315186497423278,-1.2567939288209427,0.9928849339485168
34,1,11,0.06465820855670446,-0.9981610945941249,0.9966050386428832
34,1,12,-0.1858923496005253,-0.9981610945941249,0.9957833886146544
34,1,13,0.1697277974613492,-0.6263763953930743,0.535454273223877
34,1,14,-0.46877201203610724,-0.5213068064884296,0.5375787615776062
34,1,15,0.34753787099228645,-0.33541445688790433,0.5698971748352051
34,1,16,-0.19397462567011334,-0.29500307653996405,0.5509651899337769
34,1,17,0.39603152740981473,-0.29500307653996405,0.5747242569923401
34,1,18,-0.09698731283505667,-0.18185121156573128,0.54889976978302
34,1,19,0.4041138034794028,-0.31116762867914016,0.578556478023529
34,1,20,-0.048493656417528334,-0.25459169619202376,0.5476282238960266
34,1,21,0.3556201470618745,-0.3273321808183163,0.5809786319732666
34,1,22,-0.08890503676546863,-0.3030853526095521,0.542047917842865
34,1,23,0.10506958890464473,-0.012123414104382084,0.9938572645187378
34,1,24,-0.10506958890464473,0.012123414104382084,0.992937445640564
34,1,25,0.08082276069588057,0.7880219167848355,0.6162081956863403
34,1,26,-0.05657593248711639,0.8930915056894803,0.6661219596862793
34,1,27,-0.07274048462629251,1.572002695534877,0.6207346320152283
34,1,28,-0.13739869318299697,1.717483664787462,0.659544050693512
34,1,29,-0.17781007353093725,1.717483664787462,0.6764190793037415
34,1,30,-0.25055055815722976,1.8387178058312827,0.6515836715698242
34,1,31,0.05657593248711639,1.9114582904575752,0.6751848459243774
34,1,32,0.040411380347940284,2.01652787936222,0.6651878356933594
34,2,0,-0.2311027928283266,-1.2787687869834072,0.9973974227905272
34,2,1,-0.1925856606902722,-1.363506477687127,0.9961456656455994
34,2,2,-0.1771788078350504,-1.3712099041147379,0.9963912963867188
34,2,3,-0.16177195497982863,-1.3712099041147379,0.9962038397789
34,2,4,-0.21569593997310485,-1.363506477687127,0.9964820742607116
34,2,5,-0.22339936640071573,-1.3712099041147379,0.9961782693862916
34,2,6,-0.22339936640071573,-1.3712099041147379,0.9959926605224608
34,2,7,-0.09244111713133064,-1.355803051259516,0.9944024682044984
34,2,8,-0.1848822342626613,-1.3480996248319053,0.9933093786239624
34,2,9,-0.1848822342626613,-1.2171413755625202,0.9913361668586732
34,2,10,-0.22339936640071573,-1.2171413755625202,0.9930326342582704
34,2,11,0.030813705710443548,-1.024555714872248,0.9969422817230223
34,2,12,-0.1694753814074395,-0.9706317298789718,0.9951556921005248
34,2,13,0.3697644685253226,-0.6470878199193145,0.5818306803703308
34,2,14,-0.12325482284177419,-0.5238329970775403,0.4880944788455963
34,2,15,-0.04622055856566532,-0.3543576156701008,0.6127094626426697
34,2,16,-0.1848822342626613,-0.2542130721111593,0.5060316324234009
34,2,17,-0.13095824926938507,-0.20028908711788307,0.6165416240692139
34,2,18,-0.14636510212460685,-0.06933083784849799,0.5076428055763245
34,2,19,-0.20799251354549395,-0.21569593997310485,0.6199181079864502
34,2,20,-0.16177195497982863,-0.12325482284177419,0.5063512325286865
34,2,21,-0.1925856606902722,-0.26961992496638104,0.6216560006141663
34,2,22,-0.22339936640071573,-0.1925856606902722,0.5017810463905334
34,2,23,0.08473769070371975,-0.02311027928283266,0.9941868185997008
34,2,24,-0.08473769070371975,0.02311027928283266,0.9922829270362854
34,2,25,0.0,0.9321145977409173,0.649062991142273
34,2,26,-0.09244111713133064,0.885894039175252,0.6463042497634888
34,2,27,0.07703426427610888,1.7948983576333366,0.6479061245918274
34,2,28,0.04622055856566532,1.7255675197848388,0.6391267776489258
34,2,29,0.1925856606902722,1.9335600333303327,0.6960965394973755
34,2,30,0.16177195497982863,1.8719326219094456,0.6348887085914612
34,2,31,-0.1155513964141633,2.1030354147377723,0.6921875476837158
34,2,32,-0.10784796998655242,2.0568148561721067,0.6447158455848694
35,1,0,0.07278864276649392,-1.302107942822836,0.9955464601516724
35,1,1,0.05661338881838417,-1.3991594665114944,0.9919002056121826
35,1,2,0.05661338881838417,-1.3991594665114944,0.992302656173706
35,1,3,0.05661338881838417,-1.3991594665114944,0.9918203353881836
35,1,4,0.03235050789621952,-1.3991594665114944,0.9937075972557068
35,1,5,0.01617525394810976,-1.3991594665114944,0.99362450838089
35,1,6,0.0,-1.3991594665114944,0.9934062361717224
35,1,7,0.00808762697405488,-1.3829842125633847,0.9844900369644164
35,1,8,-0.04852576184432929,-1.3829842125633847,0.990139365196228
35,1,9,0.06470101579243905,-1.237406927030397,0.9823102951049804
35,1,10,0.03235050789621952,-1.2454945540044517,0.9889187216758728
35,1,11,0.06470101579243905,-0.9947781178087504,0.9956207275390624
35,1,12,-0.1617525394810976,-1.0028657447828053,0.9954574704170228
35,1,13,0.0808762697405488,-0.5256957533135672,0.5376114845275879
35,1,14,-0.3235050789621952,-0.5256957533135672,0.5375998020172119
35,1,15,0.2911545710659757,-0.3235050789621952,0.5751199722290039
35,1,16,0.04852576184432929,-0.2911545710659757,0.551490843296051
35,1,17,0.3882060947546343,-0.24262880922164642,0.5804860591888428
35,1,18,0.19410304737731715,-0.1698401664551525,0.5504646301269531
35,1,19,0.4205566026508538,-0.28306694409192085,0.5851671695709229
35,1,20,0.22645355527353667,-0.27497931711786594,0.5490033030509949
35,1,21,0.37203084080652454,-0.30732982501408546,0.5868234634399414
35,1,22,0.1698401664551525,-0.3235050789621952,0.5424922108650208
35,1,23,0.07278864276649392,-0.00808762697405488,0.9932697415351868
35,1,24,-0.07278864276649392,0.00808762697405488,0.9919168949127196
35,1,25,0.06470101579243905,0.881551340171982,0.6167777180671692
35,1,26,-0.00808762697405488,0.889638967146037,0.6690685153007507
35,1,27,-0.14557728553298785,1.5204738711223176,0.6228755712509155
35,1,28,-0.1779277934292074,1.6741387836293604,0.6592969298362732
35,1,29,-0.2911545710659757,1.7064892915255798,0.6742169260978699
35,1,30,-0.2992421980400306,1.8116284421882933,0.6483083963394165
35,1,31,0.0,1.7550150533699092,0.6733219027519226
35,1,32,0.05661338881838417,1.8601542040326227,0.6605486273765564
35,2,0,-0.1829098284755657,-1.2767106027594484,0.9958428144454956
35,2,1,-0.15364425591947517,-1.36450732042772,0.9925498962402344
35,2,2,-0.1390114696414299,-1.36450732042772,0.9929192662239076
35,2,3,-0.12437868336338466,-1.3718237135667426,0.992514967918396
35,2,4,-0.16827704219752043,-1.36450732042772,0.9940769076347352
35,2,5,-0.16827704219752043,-1.3718237135667426,0.9939335584640504
35,2,6,-0.16827704219752043,-1.3718237135667426,0.9937151074409484
35,2,7,-0.06584753825120365,-1.3498745341496747,0.985936164855957
35,2,8,-0.1316950765024073,-1.3498745341496747,0.990525722503662
35,2,9,-0.14632786278045254,-1.2181794576472675,0.9839782118797302
35,2,10,-0.17559343533654306,-1.2181794576472675,0.9897372126579284
35,2,11,0.05121475197315839,-1.0060040566156112,0.996054470539093
35,2,12,-0.15364425591947517,-0.991371270337566,0.9953533411026
35,2,13,0.314604904977973,-0.5816532545522989,0.5837451815605164
35,2,14,-0.10242950394631678,-0.5450712888571857,0.4915680885314941
35,2,15,-0.05121475197315839,-0.3402122809645522,0.6173880100250244
35,2,16,-0.16827704219752043,-0.2963139221304164,0.5183334350585938
35,2,17,-0.15364425591947517,-0.22314999074019012,0.6217795610427856
35,2,18,-0.2414409735877467,-0.2377827770182354,0.5218005776405334
35,2,19,-0.21949179417067882,-0.2889975289913938,0.6259160041809082
35,2,20,-0.2853393324218825,-0.303630315269439,0.5205867886543274
35,2,21,-0.19754261475361093,-0.32557949468650693,0.6269778609275818
35,2,22,-0.23412458044872408,-0.31094670840846167,0.5153696537017822
35,2,23,0.06584753825120365,0.003658196569511314,0.993710160255432
35,2,24,-0.06584753825120365,-0.003658196569511314,0.9919241666793824
35,2,25,0.02926557255609051,0.8596761938351587,0.6516548991203308
35,2,26,-0.043898358834135766,0.7865122624449324,0.6460931897163391
35,2,27,0.11706229022436204,1.6352138665715572,0.6513644456863403
35,2,28,0.08779671766827153,1.50351879006915,0.6469203233718872
35,2,29,0.22680818730970145,1.7595925499349419,0.6984665393829346
35,2,30,0.20485900789263356,1.6498466528496025,0.6455512046813965
35,2,31,-0.02926557255609051,1.8693384470202812,0.6935250163078308
35,2,32,-0.007316393139022628,1.7522761567959193,0.6523863077163696
36,1,0,0.06574889691651989,-1.3072427739872778,0.9917604327201844
36,1,1,0.050278568230279916,-1.3845944174184777,0.9855552911758424
36,1,2,0.050278568230279916,-1.3845944174184777,0.985558032989502
36,1,3,0.050278568230279916,-1.3923295817615977,0.9850335717201232
36,1,4,0.019337910857799966,-1.3845944174184777,0.9888595938682556
36,1,5,0.0038675821715599937,-1.3845944174184777,0.9885467290878296
36,1,6,-0.011602746514679982,-1.3923295817615977,0.9887909293174744
36,1,7,0.019337910857799966,-1.3845944174184777,0.9725072979927064
36,1,8,-0.0580137325733999,-1.3691240887322378,0.983322024345398
36,1,9,0.0580137325733999,-1.253096623585438,0.9675588607788086
36,1,10,0.019337910857799966,-1.253096623585438,0.980711817741394
36,1,11,0.019337910857799966,-1.0055713646055984,0.993815004825592
36,1,12,-0.15083570469083976,-0.9901010359193584,0.995411217212677
36,1,13,0.07348406125963988,-0.549196668361519,0.5374739170074463
36,1,14,-0.15857086903395973,-0.4718450249303192,0.5387174487113953
36,1,15,0.2591280054945196,-0.4331692032147193,0.5706113576889038
36,1,16,0.2436576768082796,-0.4950505179596792,0.5588744282722473
36,1,17,0.3751554706413194,-0.38675821715599934,0.5767412781715393
36,1,18,0.3751554706413194,-0.4950505179596792,0.5587466359138489
36,1,19,0.39062579932755936,-0.4641098605871992,0.5814113020896912
36,1,20,0.38289063498443937,-0.5724021613908791,0.5575000643730164
36,1,21,0.3442148132688394,-0.4873153536165592,0.583208441734314
36,1,22,0.33647964892571947,-0.580137325733999,0.5498737692832947
36,1,23,0.06574889691651989,-0.015470328686239975,0.9898927211761476
36,1,24,-0.06574889691651989,0.015470328686239975,0.9896798133850098
36,1,25,0.12763021166147978,0.6652241335083189,0.6103357076644897
36,1,26,0.03480823954403994,0.8044570916844787,0.657170295715332
36,1,27,-0.050278568230279916,1.214420801869838,0.6150428056716919
36,1,28,-0.15857086903395973,1.4619460608496775,0.6518121957778931
36,1,29,-0.1817763620633197,1.4000647461047178,0.6653848886489868
36,1,30,-0.2745983341807595,1.5857086903395974,0.6481528878211975
36,1,31,0.1198950473183598,1.4155350747909576,0.660800576210022
36,1,32,0.1198950473183598,1.6089141833689573,0.6517614722251892
36,2,0,-0.16173738177834393,-1.3269817004995945,0.992079257965088
36,2,1,-0.13968228426311521,-1.4004986922170235,0.9864807724952698
36,2,2,-0.1249788859196294,-1.4078503913887663,0.9864721298217772
36,2,3,-0.11027548757614358,-1.4078503913887663,0.9860880970954896
36,2,4,-0.16173738177834393,-1.4078503913887663,0.9892836213111876
36,2,5,-0.16908908095008682,-1.4078503913887663,0.9887709617614746
36,2,6,-0.17644078012182973,-1.4078503913887663,0.9890402555465698
36,2,7,-0.11027548757614358,-1.4004986922170235,0.9747673273086548
36,2,8,-0.18379247929357265,-1.3931469930452807,0.9830941557884216
36,2,9,-0.11762718674788648,-1.2681681071256512,0.9701743721961976
36,2,10,-0.16173738177834393,-1.2681681071256512,0.9814420342445374
36,2,11,0.11027548757614358,-1.0182103352863925,0.9944062232971193
36,2,12,-0.1470339834348581,-0.9814518394276779,0.995255410671234
36,2,13,0.04411019503045743,-0.5403498891231036,0.5833026170730591
36,2,14,-0.22055097515228717,-0.5109430924361319,0.4982396960258484
36,2,15,-0.19114417846531553,-0.4815362957491603,0.6127210855484009
36,2,16,-0.15438568260660102,-0.3271506131425593,0.526852548122406
36,2,17,-0.27936456852623043,-0.40066760485998837,0.6173099279403687
36,2,18,-0.17644078012182973,-0.2977438164555877,0.5289073586463928
36,2,19,-0.3161230643849449,-0.4447777998904458,0.6213682889938354
36,2,20,-0.15438568260660102,-0.28304041811210184,0.5277109742164612
36,2,21,-0.2867162676979733,-0.4741845965774174,0.621772050857544
36,2,22,-0.15438568260660102,-0.349205710657788,0.5209128260612488
36,2,23,0.09557208923265777,-0.018379247929357263,0.9904938340187072
36,2,24,-0.09557208923265777,0.018379247929357263,0.9899377822875975
36,2,25,0.04411019503045743,0.738845766760162,0.6434546709060669
36,2,26,-0.08822039006091487,0.7609008642753907,0.6370419263839722
36,2,27,0.19114417846531553,1.4078503913887663,0.6450804471969604
36,2,28,0.16173738177834393,1.4593122855909668,0.6458431482315063
36,2,29,0.2720128693544875,1.5916428706823391,0.6895968317985535
36,2,30,0.2499577718392588,1.6504564640562822,0.6493082642555237
36,2,31,-0.01470339834348581,1.6578081632280253,0.686141848564148
36,2,32,-0.022055097515228717,1.6210496673693107,0.6509944796562195
37,1,0,0.10759605545818218,-1.3411079769609136,0.9832157492637634
37,1,1,0.08453975786000029,-1.4102768697554593,0.973415732383728
37,1,2,0.08453975786000029,-1.4102768697554593,0.9728977084159852
37,1,3,0.09222519039272759,-1.4179623022881866,0.9741743803024292
37,1,4,0.06148346026181839,-1.4102768697554593,0.979800581932068
37,1,5,0.04611259519636379,-1.4179623022881866,0.9789021611213684
37,1,6,0.030741730130909195,-1.4179623022881866,0.980731725692749
37,1,7,0.038427162663636494,-1.402591437222732,0.9532874226570128
37,1,8,-0.04611259519636379,-1.402591437222732,0.9715638160705566
37,1,9,0.09991062292545488,-1.271939084166368,0.9475868940353394
37,1,10,0.06148346026181839,-1.2796245166990952,0.9681243300437928
37,1,11,0.038427162663636494,-1.0106343780536398,0.9913612604141236
37,1,12,-0.12296692052363678,-0.9875780804554579,0.9953219294548036
37,1,13,0.030741730130909195,-0.4880249658281835,0.5321834683418274
37,1,14,-0.16139408318727327,-0.4803395332954562,0.5447704792022705
37,1,15,0.27667557117818276,-0.4957103983609108,0.5582940578460693
37,1,16,0.26130470611272816,-0.4957103983609108,0.5649954676628113
37,1,17,0.36121532903818304,-0.4572832356972743,0.5643224716186523
37,1,18,0.39964249170181954,-0.503395830893638,0.5635861158370972
37,1,19,0.39964249170181954,-0.52645212849182,0.5685086846351624
37,1,20,0.40732792423454683,-0.5725647236881838,0.5622986555099487
37,1,21,0.35352989650545574,-0.5418229935572746,0.5693785548210144
37,1,22,0.35352989650545574,-0.580250156220911,0.5523560643196106
37,1,23,0.05379802772909109,-0.026899013864545546,0.9862354397773744
37,1,24,-0.05379802772909109,0.026899013864545546,0.987753450870514
37,1,25,0.09991062292545488,0.6647899140809114,0.6034553050994873
37,1,26,0.04611259519636379,0.7954422671372754,0.6512596607208252
37,1,27,-0.08453975786000029,1.2104556239045496,0.6121540665626526
37,1,28,-0.16907951572000057,1.4333331673536411,0.6536758542060852
37,1,29,-0.21519211091636437,1.37953513962455,0.6597197651863098
37,1,30,-0.29204643624363735,1.556300087877278,0.6544734239578247
37,1,31,0.12296692052363678,1.4102768697554593,0.6572115421295166
37,1,32,0.11528148799090948,1.5639855204100053,0.6547064185142517
37,2,0,-0.13961156167734592,-1.333657812865173,0.9846689105033876
37,2,1,-0.11756763088618605,-1.4144855590994259,0.9758285284042358
37,2,2,-0.10287167702541279,-1.4144855590994259,0.9753603339195251
37,2,3,-0.08082774623425291,-1.4144855590994259,0.9765576124191284
37,2,4,-0.14695953860773256,-1.4144855590994259,0.9815014600753784
37,2,5,-0.1543075155381192,-1.4144855590994259,0.9805839657783508
37,2,6,-0.16900346939889244,-1.4144855590994259,0.9822397828102112
37,2,7,-0.08817572316463954,-1.3997896052386527,0.9577294588088988
37,2,8,-0.1836994232596657,-1.3997896052386527,0.9734408855438232
37,2,9,-0.10287167702541279,-1.2675260204916934,0.9525638818740844
37,2,10,-0.14695953860773256,-1.27487399742208,0.9707846641540528
37,2,11,0.10287167702541279,-1.0250427817889347,0.9922105073928832
37,2,12,-0.17635144632927907,-0.9736069432762282,0.9952424168586732
37,2,13,0.13961156167734592,-0.5180323735922573,0.5787533521652222
37,2,14,-0.2277872848419855,-0.4886404658707108,0.5042825937271118
37,2,15,-0.19104740019005234,-0.4886404658707108,0.6020702719688416
37,2,16,-0.16165549246850583,-0.3049410426110451,0.5338864922523499
37,2,17,-0.2865711002850785,-0.503336419731484,0.6069231629371643
37,2,18,-0.1836994232596657,-0.24615722716795205,0.5344097018241882
37,2,19,-0.3086150310762384,-0.4959884428010974,0.610611617565155
37,2,20,-0.1543075155381192,-0.1800254347944724,0.5329933166503906
37,2,21,-0.27922312335469185,-0.5253803505226439,0.610669732093811
37,2,22,-0.12491560781657268,-0.2094173425160189,0.5240390300750732
37,2,23,0.08817572316463954,-0.01836994232596657,0.9872504472732544
37,2,24,-0.08817572316463954,0.01836994232596657,0.9882004857063292
37,2,25,0.029391907721546512,0.7605156122950161,0.6387652158737183
37,2,26,-0.08082774623425291,0.7752115661557892,0.6359370350837708
37,2,27,0.1836994232596657,1.4585734206817458,0.6435534954071045
37,2,28,0.1543075155381192,1.5026612822640655,0.6510905027389526
37,2,29,0.2865711002850785,1.649620820871798,0.6845247745513916
37,2,30,0.257179192563532,1.686360705523731,0.6555603742599487
37,2,31,-0.029391907721546512,1.7157526132452776,0.6833847761154175
37,2,32,-0.03673988465193314,1.6937086824541179,0.6565812826156616
38,1,0,0.06826316029635536,-1.3387164213674136,0.984127402305603
38,1,1,0.04550877353090357,-1.406979581663769,0.9755321741104126
38,1,2,0.04550877353090357,-1.406979581663769,0.975260853767395
38,1,3,0.04550877353090357,-1.414564377252253,0.9765960574150084
38,1,4,0.015169591176967858,-1.406979581663769,0.9810556769371032
38,1,5,0.0,-1.406979581663769,0.9801633358001708
38,1,6,-0.015169591176967858,-1.414564377252253,0.9814885258674622
38,1,7,0.007584795588483929,-1.391809990486801,0.9589174389839172
38,1,8,-0.09101754706180715,-1.384225194898317,0.9716179966926576
38,1,9,0.06826316029635536,-1.2704532610710582,0.9515604972839355
38,1,10,0.030339182353935717,-1.2704532610710582,0.9674039483070374
38,1,11,-0.007584795588483929,-0.9898158242971528,0.9915868043899536
38,1,12,-0.13652632059271072,-1.0049854154741207,0.9953181147575378
38,1,13,0.12135672941574287,-0.4816345198687295,0.532659649848938
38,1,14,-0.13652632059271072,-0.5043889066341813,0.5431996583938599
38,1,15,0.48542691766297147,-0.5954064536959884,0.5523099899291992
38,1,16,0.3033918235393572,-0.6940087963462795,0.5600202679634094
38,1,17,0.5764444647247786,-0.6257456360499242,0.5589066743850708
38,1,18,0.42474855295510006,-0.7395175698771831,0.5590469837188721
38,1,19,0.6143684426671983,-0.6788392051693117,0.5629307627677917
38,1,20,0.4171637573666161,-0.8077807301735385,0.5570045709609985
38,1,21,0.5916140559017465,-0.6636696139923438,0.563443124294281
38,1,22,0.37165498383571255,-0.7850263434080867,0.5441144108772278
38,1,23,0.030339182353935717,-0.0037923977942419646,0.985952079296112
38,1,24,-0.030339182353935717,0.0037923977942419646,0.988048255443573
38,1,25,0.12894152500422681,0.5271432933996331,0.5974395275115967
38,1,26,0.060678364707871434,0.7319327742886992,0.6603976488113403
38,1,27,-0.007584795588483929,1.0429093934165403,0.6100800037384033
38,1,28,-0.12894152500422681,1.3538860125443815,0.6750911474227905
38,1,29,-0.09860234265029108,1.171850918420767,0.6588987112045288
38,1,30,-0.26546784559693754,1.4904123331370922,0.6776946783065796
38,1,31,0.10618713823877501,1.2249444875401545,0.655964195728302
38,1,32,0.09101754706180715,1.5359211066679956,0.676151692867279
38,2,0,-0.20647822003430696,-1.3777728500471027,0.9856780767440796
38,2,1,-0.22149481785498382,-1.452855839150487,0.9779483079910278
38,2,2,-0.20647822003430696,-1.4453475402401488,0.9776960611343384
38,2,3,-0.19146162221363008,-1.4453475402401488,0.978904902935028
38,2,4,-0.24401971458599914,-1.452855839150487,0.9829133152961732
38,2,5,-0.259036312406676,-1.452855839150487,0.9821000099182128
38,2,6,-0.259036312406676,-1.452855839150487,0.9833058714866638
38,2,7,-0.13139523093092262,-1.4078060456884565,0.9629823565483092
38,2,8,-0.2139865189446454,-1.4228226435091333,0.97439044713974
38,2,9,-0.20647822003430696,-1.29518156203338,0.9563294053077698
38,2,10,-0.24401971458599914,-1.3026898609437185,0.9705833792686462
38,2,11,-0.0037541494551692174,-1.0023579045301811,0.9923633933067322
38,2,12,-0.19896992112396852,-0.9873413067095042,0.9956201314926147
38,2,13,-0.09385373637923043,-0.43172718734446003,0.5785447359085083
38,2,14,-0.2740529102273529,-0.4767769808064906,0.5112338066101074
38,2,15,-0.43172718734446003,-0.5969097633719056,0.5932525396347046
38,2,16,-0.2365114156756607,-0.41671058952378315,0.5397945642471313
38,2,17,-0.5068101764478443,-0.604418062282244,0.5954409837722778
38,2,18,-0.2740529102273529,-0.46176038298581373,0.5390910506248474
38,2,19,-0.48428527971682905,-0.6644844535649514,0.598583459854126
38,2,20,-0.2515280134963376,-0.5068101764478443,0.5373035073280334
38,2,21,-0.4542520840754753,-0.656976154654613,0.5968024730682373
38,2,22,-0.22149481785498382,-0.4917935786271675,0.5263773798942566
38,2,23,0.05631224182753826,-0.0037541494551692174,0.9867181777954102
38,2,24,-0.05631224182753826,0.0037541494551692174,0.988624095916748
38,2,25,-0.011262448365507651,0.7545840404890127,0.6331090927124023
38,2,26,-0.04129564400686139,0.7620923393993512,0.6424965262413025
38,2,27,0.19146162221363008,1.5054139315228563,0.639432966709137
38,2,28,0.14641182875159947,1.4228226435091333,0.668434202671051
38,2,29,0.3040861058687066,1.6705965075503018,0.682914137840271
38,2,30,0.24401971458599914,1.6330550129986097,0.6768157482147217
38,2,31,-0.11637863311024574,1.6180384151779328,0.680203914642334
38,2,32,-0.10887033419990731,1.4753807358815025,0.67646324634552
39,1,0,0.13629909578701604,-1.354973364000336,0.9862220287322998
39,1,1,0.11224631417754263,-1.4351493026985807,0.9789157509803772
39,1,2,0.1202639080473671,-1.4351493026985807,0.978526771068573
39,1,3,0.12828150191719156,-1.4351493026985807,0.9800410866737366
39,1,4,0.08819353256806921,-1.4351493026985807,0.9835160374641418
39,1,5,0.07215834482842026,-1.4351493026985807,0.9826418161392212
39,1,6,0.06414075095859578,-1.4351493026985807,0.9839407205581664
39,1,7,0.11224631417754263,-1.3950613333494584,0.964230477809906
39,1,8,0.024052781609473422,-1.4110965210891073,0.9749279618263244
39,1,9,0.12828150191719156,-1.2747974253020913,0.9579631686210632
39,1,10,0.08819353256806921,-1.2828150191719159,0.9713666439056396
39,1,11,0.024052781609473422,-0.9621112643789368,0.992437183856964
39,1,12,-0.14431668965684052,-1.034269609207357,0.9959362149238586
39,1,13,0.08819353256806921,-0.3928620996213992,0.5281679630279541
39,1,14,0.04008796934912237,-0.5211436015385907,0.5586093664169312
39,1,15,0.19242225287578738,-0.3688093180119258,0.5510804057121277
39,1,16,0.38484450575157475,-0.8979705134203411,0.5837247371673584
39,1,17,0.28061578544385657,-0.3126861609231545,0.5568695664405823
39,1,18,0.4730380383196439,-0.9941816398582347,0.5819640159606934
39,1,19,0.28863337931368105,-0.35277413027227683,0.5603065490722656
39,1,20,0.44898525671017053,-1.034269609207357,0.580194354057312
39,1,21,0.25656300383438313,-0.3688093180119258,0.5579718947410583
39,1,22,0.4169148812308726,-1.0102168275978836,0.5682418346405029
39,1,23,0.06414075095859578,0.016035187739648946,0.9872010350227356
39,1,24,-0.06414075095859578,-0.016035187739648946,0.988925576210022
39,1,25,0.2645805977042076,0.7456362298936761,0.5935909748077393
39,1,26,0.08819353256806921,0.7937417931126228,0.6453325748443604
39,1,27,-0.13629909578701604,1.4752372720477032,0.5982413291931152
39,1,28,-0.16836947126631394,1.555413210745948,0.663898766040802
39,1,29,-0.2725981915740321,1.6115363678347192,0.6431456208229065
39,1,30,-0.30466856705333,1.6836947126631394,0.6664708256721497
39,1,31,0.11224631417754263,1.659641931053666,0.6488756537437439
39,1,32,0.14431668965684052,1.6997299004027884,0.6769709587097168
39,2,0,-0.21400902750342377,-1.3283318948488372,0.9875754117965698
39,2,1,-0.1992497842273256,-1.4021281112293282,0.981006383895874
39,2,2,-0.19187016258927647,-1.4021281112293282,0.9806545972824096
39,2,3,-0.1771109193131783,-1.394748489591279,0.9820201992988586
39,2,4,-0.22876827077952197,-1.4021281112293282,0.9851384162902832
39,2,5,-0.23614789241757106,-1.4021281112293282,0.9843488931655884
39,2,6,-0.24352751405562015,-1.4095077328673773,0.9855238795280457
39,2,7,-0.12545356784683462,-1.3652300030390827,0.9677900075912476
39,2,8,-0.19187016258927647,-1.3799892463151808,0.9773935079574584
39,2,9,-0.19187016258927647,-1.247156056830297,0.9621337056159972
39,2,10,-0.22138864914147285,-1.2619153001063954,0.9741801023483276
39,2,11,-0.059036973104392765,-0.9741100562224806,0.9931469559669496
39,2,12,-0.18449054095122738,-1.011008164412726,0.9961965084075928
39,2,13,-0.1475924327609819,-0.4427772982829457,0.5739180445671082
39,2,14,-0.22876827077952197,-0.5313327579395348,0.5180566906929016
39,2,15,-0.45753654155904394,-0.6789251907005168,0.586159348487854
39,2,16,-0.45753654155904394,-0.7305825421668605,0.5511073470115662
39,2,17,-0.5460920012156331,-0.7379621638049095,0.584998369216919
39,2,18,-0.5534716228536821,-0.7601010287190568,0.5506002306938171
39,2,19,-0.5239531363014858,-0.7748602719951551,0.5874335765838623
39,2,20,-0.5313327579395348,-0.8043787585473514,0.549407422542572
39,2,21,-0.4870550281112403,-0.7601010287190568,0.5826730728149414
39,2,22,-0.4722957848351421,-0.7969991369093024,0.5389388203620911
39,2,23,0.044277729828294574,0.007379621638049096,0.9881607294082642
39,2,24,-0.044277729828294574,-0.007379621638049096,0.9896636009216307
39,2,25,0.03689810819024548,0.7969991369093024,0.6322003602981567
39,2,26,0.029518486552196382,0.7896195152712532,0.6420707702636719
39,2,27,0.11069432457073643,1.5939982738186047,0.6345146894454956
39,2,28,0.14021281112293282,1.3578503814010336,0.6754604578018188
39,2,29,0.20662940586537468,1.7194518416654392,0.6733869314193726
39,2,30,0.22138864914147285,1.4833039492478681,0.6787974238395691
39,2,31,-0.18449054095122738,1.7415907065795866,0.6790555119514465
39,2,32,-0.059036973104392765,1.5497205439903101,0.6937493085861206
40,1,0,0.08700002651344187,-1.2970913043822243,0.9886627793312072
40,1,1,0.09490911983284568,-1.3682731442568585,0.982741355895996
40,1,2,0.10281821315224948,-1.3682731442568585,0.9823641777038574
40,1,3,0.11072730647165328,-1.3682731442568585,0.9836613535881042
40,1,4,0.06327274655523045,-1.3840913308956662,0.9864731431007384
40,1,5,0.05536365323582664,-1.3840913308956662,0.9857252240180968
40,1,6,0.04745455991642284,-1.3840913308956662,0.9868401885032654
40,1,7,0.11072730647165328,-1.344545864298647,0.97066330909729
40,1,8,-0.007909093319403806,-1.3761822375762622,0.979500651359558
40,1,9,0.09490911983284568,-1.2259094645075899,0.9656583070755004
40,1,10,0.06327274655523045,-1.2417276511463975,0.9766001105308532
40,1,11,0.04745455991642284,-0.9649093849672644,0.9934818744659424
40,1,12,-0.21354551962390278,-1.0281821315224948,0.9965294003486632
40,1,13,0.13445458642986471,-0.4982728791224398,0.5364038348197937
40,1,14,0.02372727995821142,-0.5457274390388627,0.564308226108551
40,1,15,0.30054554613734463,-0.9490911983284568,0.5873852372169495
40,1,16,0.18981823966569136,-1.0440003181613025,0.5944322347640991
40,1,17,0.3875455726507865,-1.0360912248418985,0.5851987600326538
40,1,18,0.24518189290151798,-1.138909437994148,0.5927498936653137
40,1,19,0.34800010605376747,-1.0677275981195138,0.5863425135612488
40,1,20,0.21354551962390278,-1.1784549045911672,0.5913801789283752
40,1,21,0.30054554613734463,-1.0360912248418985,0.580233097076416
40,1,22,0.18981823966569136,-1.146818531313552,0.5803273916244507
40,1,23,0.09490911983284568,0.007909093319403806,0.9887849688529968
40,1,24,-0.09490911983284568,-0.007909093319403806,0.990118145942688
40,1,25,0.13445458642986471,0.7513638653433616,0.5990124940872192
40,1,26,0.007909093319403806,0.7671820519821692,0.6486324667930603
40,1,27,-0.15818186638807613,1.510636824006127,0.6005285978317261
40,1,28,-0.15027277306867232,1.550182290603146,0.6696164011955261
40,1,29,-0.27681826617913324,1.6371823171165878,0.6441925764083862
40,1,30,-0.27681826617913324,1.676727783713607,0.6689314246177673
40,1,31,0.06327274655523045,1.7637278102270488,0.6551110744476318
40,1,32,0.11072730647165328,1.8032732768240678,0.6890551447868347
40,2,0,-0.25100675896101465,-1.2775120120254626,0.9897775650024414
40,2,1,-0.21354306359369904,-1.3449466636866307,0.9844518303871156
40,2,2,-0.21354306359369904,-1.3374539246131676,0.9841105341911316
40,2,3,-0.1985575854467728,-1.3374539246131676,0.9852812886238098
40,2,4,-0.25100675896101465,-1.352439402760094,0.9878041744232178
40,2,5,-0.2584994980344778,-1.352439402760094,0.9871221780776978
40,2,6,-0.2659922371079409,-1.359932141833557,0.9881317019462584
40,2,7,-0.15360115100599406,-1.3224684464662415,0.973580837249756
40,2,8,-0.22852854174062529,-1.352439402760094,0.9815086126327516
40,2,9,-0.22103580266716216,-1.2100773603642945,0.9690520763397216
40,2,10,-0.25100675896101465,-1.2250628385112208,0.978882908821106
40,2,11,-0.04121006490404718,-0.9628169709400115,0.994078516960144
40,2,12,-0.1985575854467728,-1.0227588835277164,0.9966769814491272
40,2,13,-0.1685866291529203,-0.43832523579759275,0.581764817237854
40,2,14,-0.22852854174062529,-0.5282381046791502,0.5191916823387146
40,2,15,-0.3858760622833509,-0.8129621894707489,0.6240677833557129
40,2,16,-0.31094867154871964,-0.7305420596626546,0.5549414753913879
40,2,17,-0.453310713944519,-0.8803968411319171,0.6182975769042969
40,2,18,-0.3633978450629615,-0.753020276883044,0.5547179579734802
40,2,19,-0.40835427950374026,-0.9253532755726959,0.6190403699874878
40,2,20,-0.3708905841364247,-0.8279476676176752,0.553482174873352
40,2,21,-0.3858760622833509,-0.9028750583523064,0.6119590401649475
40,2,22,-0.3484123669160353,-0.8204549285442121,0.5441228151321411
40,2,23,0.06368828212443656,-0.011239108610194686,0.9895405769348145
40,2,24,-0.06368828212443656,0.011239108610194686,0.9907948970794678
40,2,25,0.07118102119789968,0.8354404066911384,0.6346697211265564
40,2,26,-0.011239108610194686,0.8654113629849909,0.6437682509422302
40,2,27,0.17607936822638343,1.659641704772082,0.6342266201972961
40,2,28,0.13112293378560466,1.5922070531109138,0.6774377822875977
40,2,29,0.2659922371079409,1.7945110080944182,0.6693316102027893
40,2,30,0.22852854174062529,1.7345690955067132,0.6738372445106506
40,2,31,-0.07118102119789968,1.9143948332698282,0.6830040216445923
40,2,32,-0.09365923841828905,1.8769311379025126,0.7006195187568665
41,1,0,0.1432887603121266,-1.2418359227050972,0.990530014038086
41,1,1,0.1432887603121266,-1.3055198161771535,0.985764980316162
41,1,2,0.1432887603121266,-1.3055198161771535,0.9854005575180054
41,1,3,0.1432887603121266,-1.3055198161771535,0.9865328073501588
41,1,4,0.1194073002601055,-1.3214407895451674,0.9887197613716124
41,1,5,0.0955258402080844,-1.3294012762291745,0.9880101084709167
41,1,6,0.07960486684007033,-1.3294012762291745,0.9889886975288392
41,1,7,0.12736778694411252,-1.3055198161771535,0.9757107496261596
41,1,8,0.0477629201040422,-1.3373617629131815,0.983026385307312
41,1,9,0.12736778694411252,-1.178152029233041,0.9718295335769652
41,1,10,0.0955258402080844,-1.202033489285062,0.9806965589523317
41,1,11,0.11144681357609847,-0.9632188887648511,0.994521975517273
41,1,12,-0.19901216710017583,-1.0348632689209143,0.9969398975372314
41,1,13,0.15124924699613362,-0.5094711477764501,0.5544523000717163
41,1,14,0.06368389347205626,-0.5253921211444642,0.5652990937232971
41,1,15,0.35026141409630945,-0.9074954819768017,0.642532229423523
41,1,16,0.1432887603121266,-1.0746657023409496,0.5983806848526001
41,1,17,0.45374774098840087,-1.0030213221848863,0.6358096599578857
41,1,18,0.15124924699613362,-1.202033489285062,0.5973842740058899
41,1,19,0.46170822767240793,-1.0189422955529002,0.6363831758499146
41,1,20,0.10348632689209143,-1.2338754360210902,0.5960710644721985
41,1,21,0.4059848208843587,-0.9950608355008792,0.6286694407463074
41,1,22,0.10348632689209143,-1.194073002601055,0.5863624215126038
41,1,23,0.10348632689209143,0.007960486684007033,0.989891767501831
41,1,24,-0.10348632689209143,-0.007960486684007033,0.9908909797668456
41,1,25,0.1194073002601055,0.8199301284527244,0.6022655367851257
41,1,26,-0.0716443801560633,0.8358511018207385,0.6543359756469727
41,1,27,-0.0955258402080844,1.5522949033813715,0.6095874309539795
41,1,28,-0.15124924699613362,1.6398602569054488,0.683293342590332
41,1,29,-0.18309119373216176,1.6478207435894558,0.6532639861106873
41,1,30,-0.2706565472562391,1.7672280438495613,0.674815833568573
41,1,31,0.13532827362811956,1.8627538840576459,0.6694566011428833
41,1,32,0.1194073002601055,1.9264377775297021,0.7065818309783936
41,2,0,-0.22022680432881217,-1.2427083958554401,0.9913919568061828
41,2,1,-0.23595729035229873,-1.3134955829611297,0.9871129393577576
41,2,2,-0.22809204734055546,-1.3134955829611297,0.986786961555481
41,2,3,-0.22809204734055546,-1.3134955829611297,0.9878165125846864
41,2,4,-0.2674182623992719,-1.321360825972873,0.9897187948226928
41,2,5,-0.2752835054110152,-1.3292260689846163,0.9890485405921936
41,2,6,-0.2831487484227585,-1.3370913119963594,0.98996239900589
41,2,7,-0.188765832281839,-1.3056303399493865,0.9780296683311462
41,2,8,-0.23595729035229873,-1.3370913119963594,0.9845057725906372
41,2,9,-0.24382253336404203,-1.1797864517614938,0.9744402170181274
41,2,10,-0.2831487484227585,-1.1955169377849804,0.9823095202445984
41,2,11,-0.06292194409394633,-0.9674248904444248,0.9950066804885864
41,2,12,-0.20449631830532558,-1.0146163485148847,0.996654212474823
41,2,13,-0.19663107529358229,-0.4640493376928542,0.5973050594329834
41,2,14,-0.2752835054110152,-0.5269712817868005,0.5229256749153137
41,2,15,-0.3618011785401914,-0.8022547871978157,0.6726163029670715
41,2,16,-0.3539359355284481,-0.8573114882800188,0.5628779530525208
41,2,17,-0.41685787962239446,-0.888772460326992,0.6627112627029419
41,2,18,-0.41685787962239446,-0.9516944044209382,0.5623610019683838
41,2,19,-0.3539359355284481,-0.9359639183974516,0.662939190864563
41,2,20,-0.39326215058716457,-0.9674248904444248,0.5613465309143066
41,2,21,-0.3460706925167048,-0.9123681893622219,0.6542791128158569
41,2,22,-0.3853969075754213,-0.9516944044209382,0.55289226770401
41,2,23,0.05505670108220304,-0.007865243011743291,0.9905852675437928
41,2,24,-0.05505670108220304,0.007865243011743291,0.991216003894806
41,2,25,0.07865243011743292,0.9280986753857084,0.6307373046875
41,2,26,-0.015730486023486583,0.8494462452682755,0.6258361339569092
41,2,27,0.13370913119963596,1.8955235658301333,0.6370105743408203
41,2,28,0.11797864517614937,1.7618144346304974,0.6611852645874023
41,2,29,0.24382253336404203,2.0292326970297694,0.6697587370872498
41,2,30,0.20449631830532558,1.9112540518536199,0.6572086215019226
41,2,31,-0.11797864517614937,2.233729015335095,0.6906773447990417
41,2,32,-0.07078718710568963,2.0685589120884855,0.6950267553329468
42,1,0,0.1885362053189447,-1.2234796302612367,0.9919149875640868
42,1,1,0.18051338807133002,-1.2956849854897687,0.988012194633484
42,1,2,0.18051338807133002,-1.2956849854897687,0.9876351356506348
42,1,3,0.17249057082371536,-1.2956849854897687,0.988702952861786
42,1,4,0.15644493632848602,-1.3037078027373834,0.990257978439331
42,1,5,0.1403993018332567,-1.311730619984998,0.989483118057251
42,1,6,0.12435366733802734,-1.3197534372326127,0.990385115146637
42,1,7,0.1403993018332567,-1.3037078027373834,0.9794011116027832
42,1,8,0.08423958109995401,-1.335799071727842,0.9854413270950316
42,1,9,0.15644493632848602,-1.167319909527934,0.976598858833313
42,1,10,0.12435366733802734,-1.1833655440231634,0.983628273010254
42,1,11,0.11633085009041268,-0.9747722955851821,0.9953935742378236
42,1,12,-0.2126046570617887,-1.02290919907087,0.9969052076339722
42,1,13,0.18051338807133002,-0.5335173469663753,0.5777946710586548
42,1,14,0.04412549486188067,-0.517471712471146,0.5687010884284973
42,1,15,0.37306100201408204,-0.9266353920994941,0.690623939037323
42,1,16,0.14842211908087136,-1.071046102556558,0.6055589318275452
42,1,17,0.4853804434806874,-1.0068635645756407,0.6787274479866028
42,1,18,0.14842211908087136,-1.2074339957660074,0.6041716933250427
42,1,19,0.4853804434806874,-1.0309320163184847,0.6788811087608337
42,1,20,0.11633085009041268,-1.2315024475088514,0.6030145883560181
42,1,21,0.4292207227473847,-1.0068635645756407,0.6695727705955505
42,1,22,0.11633085009041268,-1.191388361270778,0.5939173102378845
42,1,23,0.10028521559518334,0.004011408623807333,0.9908355474472046
42,1,24,-0.10028521559518334,-0.004011408623807333,0.99113267660141
42,1,25,0.10830803284279801,0.8464072196233474,0.5943186283111572
42,1,26,-0.05214831210949534,0.8464072196233474,0.6342161893844604
42,1,27,-0.11633085009041268,1.5443923201658234,0.6112667322158813
42,1,28,-0.1403993018332567,1.6807802133752727,0.6683102250099182
42,1,29,-0.20458183981417402,1.672757396127658,0.6521009206771851
42,1,30,-0.252718743299862,1.7770540203466487,0.6611701250076294
42,1,31,0.10028521559518334,1.8492593755751807,0.6767067313194275
42,1,32,0.11633085009041268,1.9214647308037127,0.7022197246551514
42,2,0,-0.18988357952982216,-1.2342432669438441,0.99266517162323
42,2,1,-0.16614813208859439,-1.3054496092675274,0.9891602993011476
42,2,2,-0.16614813208859439,-1.3054496092675274,0.9888188242912292
42,2,3,-0.16614813208859439,-1.3054496092675274,0.989788293838501
42,2,4,-0.19779539534356474,-1.31336142508127,0.9911584854125975
42,2,5,-0.21361902697104992,-1.3212732408950125,0.9904420971870422
42,2,6,-0.2294426585985351,-1.329185056708755,0.9912764430046082
42,2,7,-0.16614813208859439,-1.31336142508127,0.9813782572746276
42,2,8,-0.19779539534356474,-1.3370968725224976,0.9867737293243408
42,2,9,-0.18197176371607957,-1.178860556247646,0.9787785410881042
42,2,10,-0.2294426585985351,-1.1867723720613885,0.9850484728813172
42,2,11,-0.07120634232368331,-0.9810651609040811,0.9957693815231324
42,2,12,-0.16614813208859439,-1.004800608345309,0.9965725541114808
42,2,13,-0.14241268464736662,-0.5142680278932683,0.6182227730751038
42,2,14,-0.20570721115730733,-0.5063562120795257,0.5218626260757446
42,2,15,-0.29273718510847585,-0.7990933971880015,0.7156363725662231
42,2,16,-0.20570721115730733,-0.8465642920704571,0.5646800398826599
42,2,17,-0.36394352743215913,-0.8782115553254275,0.7007169723510742
42,2,18,-0.33229626417718877,-0.9494178976491108,0.5654401183128357
42,2,19,-0.3006490009222184,-0.925682450207883,0.7006996273994446
42,2,20,-0.30856081673596103,-0.9731533450903386,0.5647567510604858
42,2,21,-0.28482536929473323,-0.9019470027666553,0.6906288862228394
42,2,22,-0.28482536929473323,-0.9494178976491108,0.5566815733909607
42,2,23,0.05538271069619813,-0.00791181581374259,0.9913737177848816
42,2,24,-0.05538271069619813,0.00791181581374259,0.9913983345031738
42,2,25,0.0791181581374259,0.8782115553254275,0.6250277757644653
42,2,26,-0.00791181581374259,0.8623879236979423,0.6075412631034851
42,2,27,0.1503245004611092,1.8671885320432513,0.6388090252876282
42,2,28,0.14241268464736662,1.8276294529745383,0.6479521989822388
42,2,29,0.2610899218535055,2.0333366641318458,0.673467755317688
42,2,30,0.2373544744122777,1.9700421376219048,0.6426523327827454
42,2,31,-0.09494178976491108,2.19948479622044,0.6979874968528748
42,2,32,-0.06329452650994072,2.104543006455529,0.6907302141189575
43,1,0,0.19342071776220512,-1.227629453551955,0.9929852485656738
43,1,1,0.19342071776220512,-1.2907872389436954,0.9897513389587402
43,1,2,0.19342071776220512,-1.2907872389436954,0.9893293976783752
43,1,3,0.19342071776220512,-1.2907872389436954,0.9903814196586608
43,1,4,0.16973654824030246,-1.2986819621176628,0.9914695024490356
43,1,5,0.1460523787183998,-1.3065766852916305,0.9906402230262756
43,1,6,0.13026293237046468,-1.314471408465598,0.9914652109146118
43,1,7,0.13026293237046468,-1.3065766852916305,0.9821035861968994
43,1,8,0.05921042380475667,-1.330260854813533,0.9872649312019348
43,1,9,0.1618418250663349,-1.172366391334182,0.9804176092147828
43,1,10,0.13026293237046468,-1.1802611145081496,0.9859758019447328
43,1,11,0.0907893165006269,-0.9671035888110256,0.9960718750953674
43,1,12,-0.19342071776220512,-1.030261374202766,0.9968209266662598
43,1,13,0.19342071776220512,-0.5407885374167776,0.5979333519935608
43,1,14,0.051315700630789114,-0.5249990910688425,0.5674967169761658
43,1,15,0.45394658250313447,-0.8723669107234149,0.7281439304351807
43,1,16,0.18552599458823757,-1.030261374202766,0.6070055365562439
43,1,17,0.5723674301126478,-0.9749983119849932,0.7101518511772156
43,1,18,0.17763127141427001,-1.172366391334182,0.6066576838493347
43,1,19,0.5723674301126478,-1.0065772046808634,0.7101629972457886
43,1,20,0.1460523787183998,-1.2039452840300522,0.6057618260383606
43,1,21,0.5407885374167776,-0.9749983119849932,0.6996543407440186
43,1,22,0.13815765554443224,-1.1644716681602145,0.5966168642044067
43,1,23,0.106578762848562,0.003947361586983778,0.9914478659629822
43,1,24,-0.106578762848562,-0.003947361586983778,0.9913276433944702
43,1,25,0.106578762848562,0.8013144021577069,0.6016886234283447
43,1,26,-0.08289459332665934,0.8092091253316744,0.6284826397895813
43,1,27,-0.08289459332665934,1.511839487814787,0.6272035837173462
43,1,28,-0.16973654824030246,1.6460497817722355,0.6663839817047119
43,1,29,-0.1618418250663349,1.6381550585982678,0.6661294102668762
43,1,30,-0.26447322632791315,1.7486811830338136,0.6543061137199402
43,1,31,0.15394710189236735,1.851312584295392,0.693985104560852
43,1,32,0.09868403967459445,1.8986809233391972,0.7059070467948914
43,2,0,-0.27090358469749665,-1.2095272725226258,0.9935798645019532
43,2,1,-0.25564141091172216,-1.2782070545586108,0.990682065486908
43,2,2,-0.24801032401883494,-1.2782070545586108,0.9902984499931335
43,2,3,-0.24037923712594772,-1.2782070545586108,0.9912606477737428
43,2,4,-0.27853467159038386,-1.285838141451498,0.9921677708625792
43,2,5,-0.2861657584832711,-1.2934692283443854,0.9913737773895264
43,2,6,-0.2937968453761583,-1.2934692283443854,0.9921600818634032
43,2,7,-0.2098548895543988,-1.285838141451498,0.983743131160736
43,2,8,-0.24801032401883494,-1.3087314021301597,0.9882760643959044
43,2,9,-0.2632724978046094,-1.1408474904866408,0.9821089506149292
43,2,10,-0.2861657584832711,-1.1484785773795279,0.986953854560852
43,2,11,-0.09538858616109036,-0.9577014050573472,0.9964145421981812
43,2,12,-0.15643728130418819,-1.0263811870933324,0.9965636134147644
43,2,13,-0.20222380266151158,-0.515098365269888,0.6367809176445007
43,2,14,-0.23274815023306047,-0.49220510459122624,0.5214157700538635
43,2,15,-0.35484554051925615,-0.8127107540924898,0.7526675462722778
43,2,16,-0.33958336673348166,-0.8661283623427005,0.5669722557067871
43,2,17,-0.4693118439125646,-0.8966527099142494,0.7343359589576721
43,2,18,-0.46168075701967737,-0.95007031816446,0.5676337480545044
43,2,19,-0.4006320618765795,-0.95007031816446,0.7341731190681458
43,2,20,-0.4769429308054518,-0.980594665736009,0.5666009187698364
43,2,21,-0.34721445362636894,-0.9271770574857983,0.7232415080070496
43,2,22,-0.3777388011979178,-0.9653324919502344,0.5582829117774963
43,2,23,0.0267088041251053,0.0038155434464436145,0.9920011162757874
43,2,24,-0.0267088041251053,-0.0038155434464436145,0.9916231632232666
43,2,25,0.019077717232218072,0.881390536128475,0.6323966383934021
43,2,26,-0.0267088041251053,0.8279729278782644,0.5976355671882629
43,2,27,0.17933054198284987,1.781858789489168,0.6544924378395081
43,2,28,0.16406836819707543,1.7437033550247318,0.6428073048591614
43,2,29,0.3014279322690455,1.9115872666682507,0.6878382563591003
43,2,30,0.2632724978046094,1.8658007453109275,0.6351580023765564
43,2,31,-0.049602064803766985,2.1176266127762062,0.7150078415870667
43,2,32,-0.049602064803766985,2.0260535700615594,0.691016435623169
44,1,0,0.18207579441354685,-1.2191161886820094,0.9941701889038086
44,1,1,0.18207579441354685,-1.290363238669919,0.9915621876716614
44,1,2,0.18207579441354685,-1.290363238669919,0.991197407245636
44,1,3,0.18207579441354685,-1.290363238669919,0.992089569568634
44,1,4,0.1662431166384558,-1.2982795775574645,0.9928926229476928
44,1,5,0.1583267777509103,-1.30619591644501,0.9921591877937316
44,1,6,0.14249409997581927,-1.30619591644501,0.9928815960884094
44,1,7,0.13457776108827377,-1.30619591644501,0.985249400138855
44,1,8,0.08707972776300067,-1.3299449331076465,0.9893943071365356
44,1,9,0.1504104388633648,-1.1557854775816452,0.9838457703590392
44,1,10,0.12666142220072824,-1.1716181553567362,0.9882014393806458
44,1,11,0.03166535555018206,-0.9737096831680984,0.9967361092567444
44,1,12,-0.17415945552600134,-1.0212077164933715,0.9968929290771484
44,1,13,0.18999213330109238,-0.5699763999032771,0.6200886964797974
44,1,14,0.11082874442563721,-0.5066456888029129,0.568169116973877
44,1,15,0.5066456888029129,-0.9499606665054618,0.759948194026947
44,1,16,0.3245698943893661,-0.9578770053930074,0.6090013980865479
44,1,17,0.5699763999032771,-1.0053750387182805,0.7377394437789917
44,1,18,0.4037332832648213,-1.0449567331560081,0.6079238653182983
44,1,19,0.5541437221281861,-1.0449567331560081,0.7374535799026489
44,1,20,0.3562352499395482,-1.0924547664812811,0.6065861582756042
44,1,21,0.5145620276904586,-1.0132913776058259,0.7261710166931152
44,1,22,0.3404025721644572,-1.0766220887061901,0.5967674255371094
44,1,23,0.09499606665054619,0.0,0.9924953579902648
44,1,24,-0.09499606665054619,0.0,0.9920377731323242
44,1,25,0.1583267777509103,0.799550227642097,0.6141096949577332
44,1,26,-0.03958169443772758,0.799550227642097,0.6255278587341309
44,1,27,-0.07124704998790964,1.567435099734012,0.6430333256721497
44,1,28,-0.1662431166384558,1.6228494719468307,0.6659197211265564
44,1,29,-0.11874508331318273,1.6545148274970127,0.6746374368667603
44,1,30,-0.26915552217654753,1.7415945552600134,0.6492799520492554
44,1,31,0.17415945552600134,1.8682559774607417,0.7117897868156433
44,1,32,0.07916338887545515,1.8682559774607417,0.710882306098938
44,2,0,-0.2411369535859587,-1.2363053334645187,0.9947006106376648
44,2,1,-0.2411369535859587,-1.3052016059176497,0.9923607110977172
44,2,2,-0.2411369535859587,-1.3052016059176497,0.9920287728309632
44,2,3,-0.23348181220227748,-1.3052016059176497,0.9928408265113832
44,2,4,-0.2641023777370024,-1.3128567473013308,0.993531048297882
44,2,5,-0.27175751912068363,-1.320511888685012,0.992848575115204
44,2,6,-0.27175751912068363,-1.320511888685012,0.9935213327407836
44,2,7,-0.22582667081859628,-1.3128567473013308,0.9866459965705872
44,2,8,-0.2564472363533212,-1.3358221714523746,0.990324079990387
44,2,9,-0.2641023777370024,-1.1674090610113874,0.98533433675766
44,2,10,-0.2870678018880461,-1.18271934377875,0.9891725182533264
44,2,11,-0.11099955006337783,-0.983685667803038,0.9970388412475586
44,2,12,-0.24879209496963994,-0.983685667803038,0.9969356060028076
44,2,13,-0.2028612466675526,-0.5932734572352952,0.6568673849105835
44,2,14,-0.24879209496963994,-0.4401706295616707,0.5336712598800659
44,2,15,-0.4401706295616707,-0.8688585470478195,0.7823699712753296
44,2,16,-0.5243771847821642,-0.8918239711988633,0.5871245861053467
44,2,17,-0.5320323261658454,-0.9300996781172693,0.7610093355178833
44,2,18,-0.616238881386339,-0.8918239711988633,0.5835012793540955
44,2,19,-0.5090669020148018,-0.983685667803038,0.7606469392776489
44,2,20,-0.616238881386339,-0.9607202436519943,0.5816664695739746
44,2,21,-0.47844633648007684,-0.9607202436519943,0.7491819262504578
44,2,22,-0.5626528917005703,-0.9683753850356756,0.5717328190803528
44,2,23,0.06506870176129045,-0.019137853459203075,0.9930408596992492
44,2,24,-0.06506870176129045,0.019137853459203075,0.992502510547638
44,2,25,0.0038275706918406145,0.8994791125825444,0.6439652442932129
44,2,26,-0.08803412591233414,0.8688585470478195,0.5908048152923584
44,2,27,0.19520610528387136,1.756854947554842,0.6700536608695984
44,2,28,0.16458553974914644,1.718579240636436,0.6424195766448975
44,2,29,0.3406537915738147,1.8793372096937417,0.6967606544494629
44,2,30,0.2870678018880461,1.8257512200079733,0.6306834816932678
44,2,31,-0.034448136226565534,2.093681168436816,0.7326018214225769
44,2,32,-0.07272384314497168,2.0400951787510477,0.6977574229240417
45,1,0,0.21555898633249487,-1.2414600879519613,0.9952017068862916
45,1,1,0.21555898633249487,-1.3133130833961262,0.9930970668792723
45,1,2,0.21555898633249487,-1.3133130833961262,0.9927880764007568
45,1,3,0.2075753201720321,-1.3133130833961262,0.9935303926467896
45,1,4,0.2075753201720321,-1.3212967495565888,0.9941478967666626
45,1,5,0.19160798785110655,-1.3212967495565888,0.9935237765312196
45,1,6,0.18362432169064377,-1.3292804157170517,0.9941377639770508
45,1,7,0.1516896570487927,-1.3212967495565888,0.9879106283187866
45,1,8,0.11177132624647883,-1.3452477480379772,0.99126797914505
45,1,9,0.16765698936971823,-1.1696070925077962,0.9867721796035768
45,1,10,0.1516896570487927,-1.1855744248287219,0.9902289509773254
45,1,11,0.02395099848138832,-0.9859827708171525,0.9972780346870422
45,1,12,-0.1516896570487927,-1.0099337692985408,0.9972358345985411
45,1,13,0.1516896570487927,-0.5309137996707743,0.6136254668235779
45,1,14,0.09580399392555328,-0.4670444703870722,0.5789507627487183
45,1,15,0.37523230954175035,-0.8502604460892853,0.7537105083465576
45,1,16,0.3432976448998992,-0.8821951107311364,0.6262598037719727
45,1,17,0.5189383004300803,-0.9300971076939131,0.731721043586731
45,1,18,0.4710363034673036,-0.9460644400148386,0.6206928491592407
45,1,19,0.5189383004300803,-0.9859827708171525,0.7317121028900146
45,1,20,0.4470853049859153,-1.001950103138078,0.6185310482978821
45,1,21,0.4630526373068408,-0.970015438496227,0.7215763330459595
45,1,22,0.4071669741836014,-0.9939664369776152,0.606703519821167
45,1,23,0.08782032776509051,-0.003991833080231387,0.9933652877807616
45,1,24,-0.08782032776509051,0.003991833080231387,0.9928576946258544
45,1,25,0.1516896570487927,0.8342931137683598,0.6255339980125427
45,1,26,-0.04790199696277664,0.826309447607897,0.6231089234352112
45,1,27,-0.08782032776509051,1.5847577328518605,0.6616377830505371
45,1,28,-0.17564065553018102,1.6566107282960254,0.668185293674469
45,1,29,-0.16765698936971823,1.672578060616951,0.6842710971832275
45,1,30,-0.25547731713480876,1.7524147222215787,0.6493757963180542
45,1,31,0.1516896570487927,1.840235049986669,0.7313310503959656
45,1,32,0.055885663123239414,1.848218716147132,0.7195299863815308
45,2,0,-0.2442167146943114,-1.2065034711017473,0.9956123232841492
45,2,1,-0.22963661232450175,-1.264823880580986,0.993728756904602
45,2,2,-0.22234656113959694,-1.264823880580986,0.9934459328651428
45,2,3,-0.2150565099546921,-1.2721139317658907,0.9941242337226868
45,2,4,-0.22963661232450175,-1.2721139317658907,0.9946476817131042
45,2,5,-0.22963661232450175,-1.2794039829507955,0.9940669536590576
45,2,6,-0.22234656113959694,-1.2866940341357003,0.9946459531784058
45,2,7,-0.1640261516603584,-1.2721139317658907,0.9890296459197998
45,2,8,-0.19318635639997767,-1.3012741365055098,0.9920122623443604
45,2,9,-0.23692666350940655,-1.1481830616225088,0.9879475235939026
45,2,10,-0.2442167146943114,-1.1554731128074136,0.990983545780182
45,2,11,-0.22234656113959694,-0.9659317819998883,0.9975214004516602
45,2,12,-0.2952470729886451,-0.9659317819998883,0.9973164796829224
45,2,13,-0.14215599810564394,-0.49207845498107516,0.6497380137443542
45,2,14,-0.20047640758488247,-0.4629182502414559,0.5422516465187073
45,2,15,-0.34627743128297883,-0.8274208094866968,0.7747926115989685
45,2,16,-0.4556281990565511,-0.7836805023772678,0.5957223773002625
45,2,17,-0.3900177383924077,-0.8857412189659353,0.7526444792747498
45,2,18,-0.5139486085357896,-0.8055506559319824,0.5881386399269104
45,2,19,-0.34627743128297883,-0.9513516796300787,0.7523823380470276
45,2,20,-0.5066585573508848,-0.8347108606716016,0.5854321122169495
45,2,21,-0.338987380098074,-0.936771577260269,0.7408478260040283
45,2,22,-0.4847884037961704,-0.8420009118565064,0.5741131901741028
45,2,23,0.02551517914716686,-0.010935076777357226,0.993733525276184
45,2,24,-0.02551517914716686,0.010935076777357226,0.9931122064590454
45,2,25,-0.09841569099621504,0.8055506559319824,0.6459736824035645
45,2,26,-0.018225127962262045,0.7326501440829342,0.5808362364768982
45,2,27,0.11299579336602467,1.6511965933809412,0.6809126138687134
45,2,28,0.12028584455092949,1.5491358767922736,0.6336787939071655
45,2,29,0.2150565099546921,1.7459672587847037,0.7009770274162292
45,2,30,0.22234656113959694,1.6876468493054653,0.6235707402229309
45,2,31,-0.1275758957358343,1.8917682824828002,0.7457494735717773
45,2,32,-0.06196543507169095,1.8042876682639424,0.695820152759552
46,1,0,0.2489252398288133,-1.2216484846983298,0.9960197806358336
46,1,1,0.2489252398288133,-1.2829223898869608,0.9943294525146484
46,1,2,0.2412660016802344,-1.2905816280355396,0.9940690398216248
46,1,3,0.23360676353165555,-1.2905816280355396,0.994686245918274
46,1,4,0.2412660016802344,-1.2905816280355396,0.9951506853103638
46,1,5,0.23360676353165555,-1.2982408661841185,0.9946191906929016
46,1,6,0.22594752538307666,-1.3059001043326974,0.9951441884040833
46,1,7,0.17999209649160344,-1.2982408661841185,0.9900788068771362
46,1,8,0.15701438204586685,-1.321218580629855,0.992792308330536
46,1,9,0.20296981093734007,-1.160374579509699,0.989129900932312
46,1,10,0.19531057278876118,-1.1680338176582776,0.9918650388717652
46,1,11,0.019148095371447175,-0.9842121020923849,0.997740626335144
46,1,12,-0.08042200056007814,-1.0148490546867004,0.9975795745849608
46,1,13,0.11105895315439362,-0.49402086058333716,0.5994692444801331
46,1,14,0.057444286114341526,-0.4633839079890217,0.587073802947998
46,1,15,0.2872214305717076,-0.7850719102293342,0.737167477607727
46,1,16,0.35615457390891747,-0.8233681009722286,0.6342005729675293
46,1,17,0.41742847909754843,-0.8463458154179652,0.7195969820022583
46,1,18,0.4787023842861794,-0.8616642917151229,0.6254559755325317
46,1,19,0.40211000280039066,-0.9459159113494905,0.7199146747589111
46,1,20,0.4557246698404428,-0.915278958755175,0.6226584911346436
46,1,21,0.36381381205749636,-0.915278958755175,0.709717333316803
46,1,22,0.40976924094896955,-0.915278958755175,0.6099845170974731
46,1,23,0.042125809817183786,-0.003829619074289435,0.994081735610962
46,1,24,-0.042125809817183786,0.003829619074289435,0.993336260318756
46,1,25,0.14935514389728796,0.7467757194864398,0.6372133493423462
46,1,26,0.003829619074289435,0.7697534339321764,0.6181491017341614
46,1,27,-0.003829619074289435,1.4284479147099594,0.687868058681488
46,1,28,-0.15701438204586685,1.4973810580471691,0.6649318933486938
46,1,29,-0.1187181913029725,1.5816326776815368,0.7051379680633545
46,1,30,-0.20296981093734007,1.619928868424431,0.6511093378067017
46,1,31,0.14935514389728796,1.6812027736130621,0.7543805837631226
46,1,32,0.026807333520026046,1.6812027736130621,0.7213467359542847
46,2,0,-0.17089401705118273,-1.2342345675918753,0.9963961243629456
46,2,1,-0.14810814811102502,-1.3025921744123483,0.994880735874176
46,2,2,-0.1405128584643058,-1.3025921744123483,0.9946460723876952
46,2,3,-0.13291756881758657,-1.3025921744123483,0.9952029585838318
46,2,4,-0.14810814811102502,-1.3025921744123483,0.9956154823303224
46,2,5,-0.14810814811102502,-1.3101874640590676,0.9951339960098268
46,2,6,-0.1405128584643058,-1.3177827537057867,0.9956114292144777
46,2,7,-0.0721552516438327,-1.3101874640590676,0.9910555481910706
46,2,8,-0.08734583093727118,-1.3329733329992253,0.9934872984886168
46,2,9,-0.14810814811102502,-1.1734722504181214,0.9901756048202516
46,2,10,-0.14810814811102502,-1.1810675400648405,0.9926239848136902
46,2,11,0.011392934470078848,-0.998780588543579,0.9979520440101624
46,2,12,-0.11013169987742887,-0.998780588543579,0.997745394706726
46,2,13,-0.05696467235039424,-0.4898961822133905,0.6365552544593811
46,2,14,-0.07975054129055194,-0.474705602919952,0.5432319045066833
46,2,15,-0.19367988599134042,-0.7557313198485636,0.7499867081642151
46,2,16,-0.08734583093727118,-0.7177548716149674,0.5875235795974731
46,2,17,-0.20127517563805966,-0.7861124784354405,0.729533314704895
46,2,18,-0.02658351376351731,-0.7557313198485636,0.5810670256614685
46,2,19,-0.1632987274044635,-0.8544700852559136,0.7295470833778381
46,2,20,0.03417880341023655,-0.801303057728879,0.5783547759056091
46,2,21,-0.15570343775774426,-0.8468747956091944,0.7175596356391907
46,2,22,-0.03417880341023655,-0.7937077680821598,0.5668243765830994
46,2,23,0.1177269895241481,-0.01898822411679808,0.994562327861786
46,2,24,-0.1177269895241481,0.01898822411679808,0.9938066005706788
46,2,25,0.13291756881758657,0.7481360302018444,0.6646395921707153
46,2,26,-0.01898822411679808,0.7861124784354405,0.5892105102539062
46,2,27,0.14810814811102502,1.651975498161433,0.7105942964553833
46,2,28,-0.03417880341023655,1.5684273120475214,0.6422657370567322
46,2,29,0.1405128584643058,1.8114765807425368,0.7259678840637207
46,2,30,-0.003797644823359616,1.6899519463950292,0.635715901851654
46,2,31,0.02658351376351731,1.7659048428622215,0.7708595991134644
46,2,32,0.02658351376351731,1.819071870389256,0.7047852873802185
47,1,0,0.2499926038785245,-1.2115026187959264,0.9966917634010316
47,1,1,0.2499926038785245,-1.2807313398699793,0.995337188243866
47,1,2,0.2423005237591853,-1.2884234199893185,0.9951105117797852
47,1,3,0.23460844363984606,-1.2884234199893185,0.9956289529800416
47,1,4,0.2423005237591853,-1.2884234199893185,0.9959869980812072
47,1,5,0.23460844363984606,-1.2961155001086577,0.9955340027809144
47,1,6,0.22691636352050687,-1.303807580227997,0.9959798455238342
47,1,7,0.11922724184975785,-1.2961155001086577,0.991822361946106
47,1,8,0.11153516173041862,-1.3191917404666755,0.9940935373306274
47,1,9,0.19614804304315,-1.157658057960552,0.9910946488380432
47,1,10,0.19614804304315,-1.1653501380798912,0.9933134317398072
47,1,11,0.03461436053702647,-0.9961243754544284,0.9980937242507936
47,1,12,-0.0499985207757049,-1.0038164555737676,0.9979602098464966
47,1,13,0.08845892137240098,-0.5038312478167186,0.5822931528091431
47,1,14,0.06538268101438333,-0.45767876710068334,0.5872825384140015
47,1,15,0.31922132495257743,-0.7653619718742519,0.7072041630744934
47,1,16,0.38845004602663036,-0.7961302923516088,0.6263797283172607
47,1,17,0.4422946068620049,-0.8115144525902872,0.6919466257095337
47,1,18,0.519215408055397,-0.8422827730676441,0.6184986233711243
47,1,19,0.4499866869813441,-0.873051093545001,0.6919950246810913
47,1,20,0.4961391676973794,-0.9038194140223578,0.6155775785446167
47,1,21,0.38075796590729116,-0.8653590134256617,0.682209312915802
47,1,22,0.4499866869813441,-0.8961273339030186,0.6024581789970398
47,1,23,0.042306440656365685,-0.011538120179008822,0.9947071075439452
47,1,24,-0.042306440656365685,0.011538120179008822,0.993730366230011
47,1,25,0.11153516173041862,0.7269015712775558,0.6332173943519592
47,1,26,0.03461436053702647,0.7807461321129303,0.6155490279197693
47,1,27,-0.0499985207757049,1.4884175030921383,0.6929287910461426
47,1,28,-0.09615100149174019,1.5653383042855304,0.6621716618537903
47,1,29,-0.11153516173041862,1.6114907850015656,0.7125004529953003
47,1,30,-0.19614804304315,1.6499511855982618,0.6522071957588196
47,1,31,0.14230348220777547,1.696103666314297,0.7613041400909424
47,1,32,0.12691932196909705,1.7268719867916538,0.7213330864906311
47,2,0,-0.09951173555084651,-1.2324145710527914,0.9969516396522522
47,2,1,-0.07654748888526655,-1.2936525621610047,0.9957452416419984
47,2,2,-0.0688927399967399,-1.3013073110495312,0.9955375790596008
47,2,3,-0.0688927399967399,-1.3013073110495312,0.9960087537765504
47,2,4,-0.07654748888526655,-1.3013073110495312,0.9963144659996032
47,2,5,-0.07654748888526655,-1.308962059938058,0.995895504951477
47,2,6,-0.0688927399967399,-1.3166168088265846,0.996320366859436
47,2,7,-0.03061899555410662,-1.308962059938058,0.9925662279129028
47,2,8,-0.038273744442633276,-1.331926306603638,0.9946042895317078
47,2,9,-0.07654748888526655,-1.1711765799445781,0.991828203201294
47,2,10,-0.08420223777379321,-1.178831328833105,0.9938073754310608
47,2,11,0.04592849333115993,-1.0027721043969917,0.9982552528381348
47,2,12,-0.1377854799934798,-0.9951173555084651,0.9980716705322266
47,2,13,-0.03061899555410662,-0.49755867775423257,0.6178752183914185
47,2,14,-0.038273744442633276,-0.4745944310886526,0.5417681336402893
47,2,15,-0.08420223777379321,-0.7501653910756122,0.708853542804718
47,2,16,0.09185698666231985,-0.7501653910756122,0.5751168727874756
47,2,17,-0.07654748888526655,-0.7807843866297188,0.6898612380027771
47,2,18,0.10716648443937317,-0.7884391355182454,0.569013774394989
47,2,19,-0.053583242219686585,-0.8343676288494054,0.6897310018539429
47,2,20,0.1837139733246397,-0.8267128799608787,0.5661383271217346
47,2,21,-0.04592849333115993,-0.8267128799608787,0.6781980991363525
47,2,22,0.09951173555084651,-0.819058131072352,0.5544747710227966
47,2,23,0.16074972665905976,-0.01530949777705331,0.99504292011261
47,2,24,-0.16074972665905976,0.01530949777705331,0.9940664172172546
47,2,25,0.1530949777705331,0.7195463955215056,0.653935968875885
47,2,26,0.022964246665579963,0.7884391355182454,0.5835577845573425
47,2,27,0.1377854799934798,1.5003307821512244,0.711805522441864
47,2,28,0.09185698666231985,1.599842517702071,0.6362944841384888
47,2,29,0.21433296887874634,1.6534257599217574,0.7294330596923828
47,2,30,0.1530949777705331,1.7376279976955507,0.6324071288108826
47,2,31,0.08420223777379321,1.7452827465840772,0.7763224840164185
47,2,32,0.09185698666231985,1.8524492310234504,0.7058461308479309
48,1,0,0.2705861546704009,-1.215676926780062,0.9970542788505554
48,1,1,0.26274307772343275,-1.2862646193027754,0.9958961009979248
48,1,2,0.26274307772343275,-1.2862646193027754,0.9956318140029908
48,1,3,0.25490000077646463,-1.2941076962497435,0.9961074590682985
48,1,4,0.25490000077646463,-1.2941076962497435,0.9964405298233032
48,1,5,0.24705692382949648,-1.3019507731967115,0.9960102438926696
48,1,6,0.2313707699355602,-1.3097938501436797,0.9964447617530824
48,1,7,0.14509692351891063,-1.3097938501436797,0.9926677942276
48,1,8,0.1215676926780062,-1.325480004037616,0.9949755072593688
48,1,9,0.2156846160416239,-1.160775388151285,0.9924386739730836
48,1,10,0.20784153909465578,-1.1686184650982532,0.9942901730537416
48,1,11,0.09803846183710177,-0.9882276953179859,0.9983087778091432
48,1,12,-0.09019538489013364,-1.0117569261588903,0.9982563257217408
48,1,13,0.11372461573103806,-0.5019569246059611,0.564541220664978
48,1,14,0.019607692367420354,-0.4627415398711204,0.5867455005645752
48,1,15,0.29411538551130534,-0.6901907713331965,0.6662580966949463
48,1,16,0.37254615498098675,-0.7843076946968142,0.6166084408760071
48,1,17,0.4196046166627956,-0.7058769252271327,0.6542940139770508
48,1,18,0.5058784630794452,-0.7999938485907505,0.6101782917976379
48,1,19,0.4352907705567319,-0.7294061560680372,0.6549045443534851
48,1,20,0.4901923091855089,-0.8627384641664956,0.6073949933052063
48,1,21,0.40391846276885934,-0.7294061560680372,0.6450715065002441
48,1,22,0.42744769360976376,-0.8627384641664956,0.5951365232467651
48,1,23,0.09019538489013364,-0.007843076946968142,0.9945971965789796
48,1,24,-0.09019538489013364,0.007843076946968142,0.9935595989227296
48,1,25,0.14509692351891063,0.6823476943862283,0.6244082450866699
48,1,26,-0.003921538473484071,0.7843076946968142,0.6025662422180176
48,1,27,-0.003921538473484071,1.3568523118254885,0.6858507394790649
48,1,28,-0.11372461573103806,1.4666553890830425,0.6467997431755066
48,1,29,-0.11372461573103806,1.5372430816057558,0.7107394337654114
48,1,30,-0.18431230825375133,1.654889235810278,0.6381306648254395
48,1,31,0.14509692351891063,1.654889235810278,0.7585669755935669
48,1,32,0.07450923099619736,1.709790774439055,0.7135850787162781
48,2,0,-0.2534208994519497,-1.2103684749943864,0.9973288178443908
48,2,1,-0.22316168757708998,-1.2784517017128207,0.9962918758392334
48,2,2,-0.2155968846083751,-1.2784517017128207,0.9960535168647766
48,2,3,-0.20803208163966017,-1.2860165046815355,0.9964826107025146
48,2,4,-0.23829129351451983,-1.2784517017128207,0.99677574634552
48,2,5,-0.2307264905458049,-1.2860165046815355,0.9963862299919128
48,2,6,-0.2307264905458049,-1.2935813076502505,0.99678236246109
48,2,7,-0.15507846085865576,-1.3011461106189655,0.9933890700340272
48,2,8,-0.1777728697648005,-1.3162757165563952,0.9954542517662048
48,2,9,-0.22316168757708998,-1.157414854213382,0.9931616187095642
48,2,10,-0.23829129351451983,-1.164979657182097,0.9948134422302246
48,2,11,-0.049171219296646945,-0.9834243859329389,0.9984667897224426
48,2,12,-0.15507846085865576,-1.0061187948390837,0.9983793497085572
48,2,13,-0.10968964304636626,-0.5068417989038994,0.602558970451355
48,2,14,-0.17020806679608558,-0.46901778406032474,0.5384619832038879
48,2,15,-0.20803208163966017,-0.6657026612469126,0.6796087622642517
48,2,16,-0.03404161335921712,-0.41606416327932033,0.5667216181755066
48,2,17,-0.23829129351451983,-0.6959618731217722,0.663618266582489
48,2,18,-0.1777728697648005,-0.6657026612469126,0.5631046295166016
48,2,19,-0.20046727867094524,-0.7413506909340617,0.6640873551368713
48,2,20,0.041606416327932036,-0.6581378582781976,0.5604466795921326
48,2,21,-0.19290247570223035,-0.7337858879653467,0.6510457992553711
48,2,22,-0.011347204453072373,-0.6505730553094827,0.549884557723999
48,2,23,0.03404161335921712,0.007564802968714915,0.995010256767273
48,2,24,-0.03404161335921712,-0.007564802968714915,0.9940442442893982
48,2,25,0.03404161335921712,0.7564802968714915,0.650955855846405
48,2,26,-0.011347204453072373,0.7262210849966318,0.5759963989257812
48,2,27,0.05673602226536186,1.512960593742983,0.7065533995628357
48,2,28,0.026476810390502203,1.512960593742983,0.6311951875686646
48,2,29,0.09456003710893644,1.5886086234301322,0.7238196730613708
48,2,30,0.05673602226536186,1.7020806679608558,0.625553548336029
48,2,31,-0.03404161335921712,1.7399046828044304,0.7734030485153198
48,2,32,-0.026476810390502203,1.7550342887418602,0.704596221446991
49,1,0,0.28121567400975805,-1.202978161041743,0.9973551034927368
49,1,1,0.28121567400975805,-1.2732820795441824,0.9963725805282592
49,1,2,0.28121567400975805,-1.2810936260444534,0.9960424304008484
49,1,3,0.273404127509487,-1.2810936260444534,0.9965358376502992
49,1,4,0.26559258100921596,-1.2810936260444534,0.9968387484550476
49,1,5,0.2577810345089449,-1.2889051725447245,0.9964102506637572
49,1,6,0.24215794150840278,-1.2967167190449955,0.9968783855438232
49,1,7,0.17185402300596328,-1.3045282655452666,0.9932793974876404
49,1,8,0.13279629050460798,-1.3201513585458087,0.9957101345062256
49,1,9,0.23434639500813173,-1.1561088820401164,0.9935158491134644
49,1,10,0.2187233020075896,-1.1639204285403877,0.995169162750244
49,1,11,0.1093616510037948,-0.9764433125338822,0.9983905553817748
49,1,12,-0.07811546500271058,-1.0233125915355086,0.9985253810882568
49,1,13,0.1484193835051501,-0.5077505225176188,0.5509699583053589
49,1,14,-0.03124618600108423,-0.4608812435159924,0.5832451581954956
49,1,15,0.406200418014095,-0.6561699060227688,0.6406065821647644
49,1,16,0.34370804601192656,-0.7264738245252084,0.6083242297172546
49,1,17,0.5311851620184319,-0.6952276385241242,0.6291586756706238
49,1,18,0.4765043365165345,-0.7811546500271057,0.6033189296722412
49,1,19,0.5155620690178898,-0.7420969175257505,0.6292715668678284
49,1,20,0.4765043365165345,-0.8358354755290032,0.6004327535629272
49,1,21,0.4374466040151792,-0.7655315570265636,0.6181553602218628
49,1,22,0.4218235110146371,-0.8436470220292742,0.5884236097335815
49,1,23,0.046869279001626345,0.0,0.9939614534378052
49,1,24,-0.046869279001626345,0.0,0.9929222464561462
49,1,25,0.14060783700487903,0.679604545523582,0.6003502607345581
49,1,26,0.03905773250135529,0.7499084640260215,0.5704810619354248
49,1,27,-0.06249237200216846,1.367020637547435,0.6535757780075073
49,1,28,-0.11717319750406587,1.5544977535539404,0.6123014092445374
49,1,29,-0.1484193835051501,1.5544977535539404,0.6798125505447388
49,1,30,-0.2187233020075896,1.6872940440585484,0.6153906583786011
49,1,31,0.1640424765056922,1.5857439395550248,0.7256525754928589
49,1,32,0.17185402300596328,1.7107286835593616,0.6857113242149353
49,2,0,-0.2303123287925601,-1.2210209177256361,0.9975800514221193
49,2,1,-0.22300082629120901,-1.2941359427391474,0.9966965913772584
49,2,2,-0.2156893237898579,-1.3014474452404985,0.9963976144790648
49,2,3,-0.20837782128850676,-1.3087589477418495,0.9968430399894714
49,2,4,-0.2303123287925601,-1.3014474452404985,0.9971053004264832
49,2,5,-0.2303123287925601,-1.3014474452404985,0.9967156648635864
49,2,6,-0.2303123287925601,-1.3087589477418495,0.9971424341201782
49,2,7,-0.17913181128310232,-1.3160704502432008,0.9939087629318236
49,2,8,-0.20106631878715567,-1.3233819527445518,0.9960886240005492
49,2,9,-0.20837782128850676,-1.1771519027175295,0.9941111207008362
49,2,10,-0.22300082629120901,-1.1844634052188807,0.9955516457557678
49,2,11,-0.04752476625878225,-1.008987345186454,0.9985462427139282
49,2,12,-0.1645088062804001,-0.9797413351810494,0.9985964298248292
49,2,13,-0.018278756253377788,-0.5483626876013337,0.5927952527999878
49,2,14,-0.2522468362966135,-0.4606246575851202,0.5305886268615723
49,2,15,-0.06945927376283559,-0.6799697326256537,0.6697179675102234
49,2,16,-0.11332828877094228,-0.20472207003783122,0.5570769309997559
49,2,17,-0.13526279627499563,-0.7019042401297071,0.656546950340271
49,2,18,-0.14257429877634675,-0.11698404002161784,0.5552073121070862
49,2,19,-0.20106631878715567,-0.760396260140516,0.6560422778129578
49,2,20,0.04752476625878225,-0.1462300500270223,0.5528479814529419
49,2,21,-0.20106631878715567,-0.767707762641867,0.6421048641204834
49,2,22,-0.09139378126688893,-0.15354155252837343,0.5429463386535645
49,2,23,0.03290176125608002,0.0,0.9944586753845216
49,2,24,-0.03290176125608002,0.0,0.9933437705039978
49,2,25,0.03290176125608002,0.7457732551378137,0.627748429775238
49,2,26,-0.0036557512506755576,0.7165272451324093,0.5424876809120178
49,2,27,0.04752476625878225,1.4257429877634675,0.6747951507568359
49,2,28,0.06945927376283559,1.4111199827607652,0.5908275842666626
49,2,29,0.06214777126148448,1.5792845402918407,0.6957964301109314
49,2,30,0.04752476625878225,1.535415525283734,0.6027466654777527
49,2,31,-0.03290176125608002,1.6743340728094054,0.7385833859443665
49,2,32,-0.010967253752026673,1.5719730377904897,0.6678061485290527
50,1,0,0.23754091873484554,-1.2145237296604199,0.9967517852783204
50,1,1,0.24520352901661474,-1.291149832478112,0.9954794049263
50,1,2,0.23754091873484554,-1.291149832478112,0.9947972893714904
50,1,3,0.23754091873484554,-1.2988124427598813,0.995738685131073
50,1,4,0.22221569817130712,-1.2988124427598813,0.9960675239562988
50,1,5,0.2145530878895379,-1.3064750530416505,0.9954681396484376
50,1,6,0.19922786732599948,-1.3141376633234196,0.996198832988739
50,1,7,0.16091481591715343,-1.3218002736051888,0.9899798035621644
50,1,8,0.11493915422653816,-1.3371254941687272,0.9945856928825378
50,1,9,0.19922786732599948,-1.1685480679698046,0.992307722568512
50,1,10,0.17624003648069184,-1.1762106782515738,0.9945889711380004
50,1,11,0.07662610281769211,-0.9923080314891128,0.9980289936065674
50,1,12,-0.09195132338123053,-1.0076332520526512,0.9985930323600768
50,1,13,0.13792698507184578,-0.5172261940194217,0.5403424501419067
50,1,14,-0.06896349253592289,-0.46358792204703725,0.5739695429801941
50,1,15,0.4214435654973066,-0.6091775174006523,0.6367064118385315
50,1,16,0.2988418009889992,-0.7930801641631133,0.5989190936088562
50,1,17,0.4904070580332295,-0.6781410099365751,0.6296055316925049
50,1,18,0.4061183449337682,-0.8390558258537286,0.5959343910217285
50,1,19,0.5210574991603063,-0.708791451063652,0.6300405263900757
50,1,20,0.4061183449337682,-0.9080193183896514,0.5934264659881592
50,1,21,0.4904070580332295,-0.7011288407818828,0.6157368421554565
50,1,22,0.3524800729613837,-0.8926940978261131,0.5813879370689392
50,1,23,0.06896349253592289,0.0038313051408846053,0.9934898614883424
50,1,24,-0.06896349253592289,-0.0038313051408846053,0.9917921423912048
50,1,25,0.13026437479007658,0.6781410099365751,0.5914019346237183
50,1,26,-0.015325220563538421,0.6934662305001136,0.5623099207878113
50,1,27,-0.07662610281769211,1.329462883886958,0.6495077610015869
50,1,28,-0.14558959535361501,1.4137515969864194,0.6057973504066467
50,1,29,-0.16857742619892263,1.4597272586770347,0.6737103462219238
50,1,30,-0.24520352901661474,1.5210281409311883,0.6093885898590088
50,1,31,0.15325220563538422,1.5363533614947267,0.7227261662483215
50,1,32,0.11493915422653816,1.5670038026218036,0.6780766844749451
50,2,0,-0.08331839149283272,-1.211903876259385,0.9970102310180664
50,2,1,-0.09089279071945389,-1.2876478685255968,0.995860993862152
50,2,2,-0.08331839149283272,-1.2952222677522178,0.9952352046966552
50,2,3,-0.07574399226621156,-1.2952222677522178,0.9960889220237732
50,2,4,-0.1060415891726962,-1.2952222677522178,0.9963766932487488
50,2,5,-0.11361598839931736,-1.302796666978839,0.9958261847496032
50,2,6,-0.12876478685255965,-1.3103710662054602,0.9965010285377502
50,2,7,-0.08331839149283272,-1.3179454654320812,0.9908907413482666
50,2,8,-0.14391358530580198,-1.3255198646587025,0.9950343370437622
50,2,9,-0.06816959303959041,-1.1664574808996582,0.9930027723312378
50,2,10,-0.1060415891726962,-1.1740318801262792,0.9950056076049804
50,2,11,-0.02272319767986347,-0.9922462986873716,0.9982186555862428
50,2,12,-0.2802527713849828,-0.9846718994607504,0.9986770153045654
50,2,13,0.12876478685255965,-0.5074847481836176,0.584654688835144
50,2,14,-0.03787199613310578,-0.43174075591740596,0.5233563184738159
50,2,15,-0.08331839149283272,-0.6135263373563137,0.6697001457214355
50,2,16,-0.09089279071945389,-0.16663678298566545,0.5504792928695679
50,2,17,0.07574399226621156,-0.6211007365829349,0.6614354252815247
50,2,18,-0.13633918607918083,-0.1211903876259385,0.5500088334083557
50,2,19,0.08331839149283272,-0.6665471319426618,0.6614442467689514
50,2,20,-0.13633918607918083,-0.14391358530580198,0.5477949380874634
50,2,21,0.22723197679863472,-0.674121531169283,0.6459062695503235
50,2,22,-0.1211903876259385,-0.14391358530580198,0.5377929210662842
50,2,23,0.07574399226621156,0.0,0.99399334192276
50,2,24,-0.07574399226621156,0.0,0.9922698736190796
50,2,25,0.11361598839931736,0.772588721115358,0.62032550573349
50,2,26,0.1211903876259385,0.7801631203419791,0.5321887731552124
50,2,27,0.11361598839931736,1.590623837590443,0.6713234782218933
50,2,28,0.20450877911877124,1.5073054460976103,0.5803999304771423
50,2,29,0.09846718994607503,1.6966654267631391,0.6928920745849609
50,2,30,0.19693437989215007,1.651219031403412,0.5965490937232971
50,2,31,-0.007574399226621157,1.8027070159358354,0.7360092401504517
50,2,32,0.007574399226621157,1.7193886244430026,0.6576938629150391
51,1,0,0.3468665492628283,-1.2242348797511586,0.9966171383857728
51,1,1,0.3468665492628283,-1.3058505384012358,0.9955071210861206
51,1,2,0.3468665492628283,-1.3058505384012358,0.994731307029724
51,1,3,0.3468665492628283,-1.3058505384012358,0.9957518577575684
51,1,4,0.3223818516678051,-1.3140121042662436,0.996029794216156
51,1,5,0.30605871993778966,-1.330335235996259,0.9953738451004028
51,1,6,0.28157402234276646,-1.3384968018612668,0.9961801767349244
51,1,7,0.2570893247477433,-1.330335235996259,0.9904126524925232
51,1,8,0.17547366609766607,-1.3629814994562899,0.9946730732917786
51,1,9,0.31422028580279737,-1.1671039186961045,0.9926401972770692
51,1,10,0.28973558820777423,-1.18342705042612,0.9948605298995972
51,1,11,0.13466583677262745,-0.9957110355309423,0.9976783990859984
51,1,12,-0.09385800744758883,-1.00387260139595,0.9986978769302368
51,1,13,0.3223818516678051,-0.5223402153604944,0.5379741787910461
51,1,14,0.07753487571757338,-0.4652092543054403,0.567417562007904
51,1,15,0.47745160310295187,-0.7182177961206797,0.6313053965568542
51,1,16,0.33870498339782057,-0.8651259816908188,0.5929731726646423
51,1,17,0.5509056958880214,-0.7508640595807107,0.6238724589347839
51,1,18,0.42848220791290553,-0.9630647720709115,0.5908030271530151
51,1,19,0.5590672617530291,-0.8079950206357647,0.6231862902641296
51,1,20,0.3876743785878669,-1.0120341672609579,0.5884749293327332
51,1,21,0.501936300697975,-0.8079950206357647,0.6093399524688721
51,1,22,0.3631896809928437,-0.9875494696659346,0.5764573216438293
51,1,23,0.09385800744758883,-0.008161565865007724,0.9932106733322144
51,1,24,-0.09385800744758883,0.008161565865007724,0.9909363389015198
51,1,25,0.3876743785878669,0.6447637033356102,0.6108795404434204
51,1,26,0.04488861225754248,0.799833454770757,0.5549734830856323
51,1,27,0.06121174398755793,1.2976889725362282,0.650783360004425
51,1,28,-0.09385800744758883,1.4690818557013903,0.5983940362930298
51,1,29,-0.06121174398755793,1.3874661970513131,0.6756265759468079
51,1,30,-0.20811992955769695,1.5751822119464907,0.6044860482215881
51,1,31,0.19179679782768153,1.6078284754065217,0.7213002443313599
51,1,32,0.16731210023265836,1.6812825681915913,0.6709957122802734
51,2,0,-0.2057893487742053,-1.2347360926452318,0.9969024658203124
51,2,1,-0.1424695491513729,-1.3138858421737722,0.995903730392456
51,2,2,-0.11872462429281075,-1.3138858421737722,0.9952050447463988
51,2,3,-0.0949796994342486,-1.3138858421737722,0.9961272478103638
51,2,4,-0.1741294489627891,-1.3218008171266262,0.996353030204773
51,2,5,-0.1741294489627891,-1.3376307670323344,0.9957616329193116
51,2,6,-0.1741294489627891,-1.3455457419851884,0.9964993596076964
51,2,7,-0.158299499057081,-1.3376307670323344,0.99131977558136
51,2,8,-0.21370432372705933,-1.3613756918908966,0.9951338171958924
51,2,9,-0.158299499057081,-1.1793312679752534,0.9933120012283324
51,2,10,-0.1899593988684972,-1.1951612178809614,0.9952424168586732
51,2,11,-0.03957487476427025,-1.0052018190124643,0.997903287410736
51,2,12,-0.3007690482084539,-0.9656269442481941,0.9987275004386902
51,2,13,0.06331979962283239,-0.5065583969826591,0.5827228426933289
51,2,14,-0.18204442391564316,-0.40366372259555655,0.5172385573387146
51,2,15,0.07123477457568644,-0.6015380964169078,0.6637030243873596
51,2,16,-0.2216192986799134,-0.24536422353847553,0.5439373254776001
51,2,17,-0.2216192986799134,-0.5777931715583456,0.6544153690338135
51,2,18,-0.24536422353847553,-0.1741294489627891,0.5445746779441833
51,2,19,-0.27702412334989174,-0.633197996228324,0.6536141633987427
51,2,20,-0.24536422353847553,-0.2216192986799134,0.5425194501876831
51,2,21,-0.22953427363276743,-0.649027946134032,0.638047456741333
51,2,22,-0.24536422353847553,-0.21370432372705933,0.5325102210044861
51,2,23,0.13455457419851885,0.0,0.993729293346405
51,2,24,-0.13455457419851885,0.0,0.9915449023246764
51,2,25,0.03957487476427025,0.7756675453796968,0.6433389186859131
51,2,26,-0.25327919849132957,0.8073274451911131,0.530725359916687
51,2,27,0.158299499057081,1.590909965523664,0.6769862174987793
51,2,28,0.07123477457568644,1.5355051408536857,0.5775325298309326
51,2,29,0.2374492485856215,1.7175495647693289,0.6946717500686646
51,2,30,0.08706472448139455,1.6304848402879342,0.593418300151825
51,2,31,-0.05540482466997835,1.8204442391564315,0.7390520572662354
51,2,32,-0.0474898497171243,1.741294489627891,0.6539663672447205
52,1,0,0.34691793008565347,-1.2266026813742748,0.9966334700584412
52,1,1,0.36343783151830367,-1.3092021885375258,0.9957420229911804
52,1,2,0.36343783151830367,-1.3092021885375258,0.9948893189430236
52,1,3,0.36343783151830367,-1.3092021885375258,0.9958935379981996
52,1,4,0.33039802865300333,-1.3257220899701758,0.996190905570984
52,1,5,0.3138781272203532,-1.3339820406865008,0.9955337047576904
52,1,6,0.2890982750713779,-1.342241991402826,0.9963233470916748
52,1,7,0.2725783736387277,-1.3339820406865008,0.9910410046577454
52,1,8,0.17345896504282673,-1.3670218435518013,0.9951221942901612
52,1,9,0.3138781272203532,-1.1687830263599992,0.9933673739433287
52,1,10,0.28083832435505285,-1.1935628785089745,0.9953594207763672
52,1,11,0.17345896504282673,-1.0035840120334976,0.9977136850357056
52,1,12,-0.10737935931222609,-0.9953240613171725,0.9987847208976746
52,1,13,0.45429728939787956,-0.5905864762172435,0.5392177700996399
52,1,14,0.08259950716325083,-0.43364741260706685,0.5625710487365723
52,1,15,0.6360162051570314,-0.7723053919763953,0.6228733658790588
52,1,16,0.33039802865300333,-0.8879447020049465,0.5877715349197388
52,1,17,0.6277562544407064,-0.8301250469906709,0.6139786243438721
52,1,18,0.4212574865325792,-0.9705442091681973,0.5867609977722168
52,1,19,0.6690560080223318,-0.8631648498559712,0.6125897765159607
52,1,20,0.3799577329509538,-1.044883765615123,0.584571361541748
52,1,21,0.6360162051570314,-0.8383849977069959,0.6007004976272583
52,1,22,0.34691793008565347,-1.0283638641824728,0.5730680823326111
52,1,23,0.10737935931222609,-0.012389926074487625,0.9936060309410096
52,1,24,-0.10737935931222609,0.012389926074487625,0.9909359216690063
52,1,25,0.4212574865325792,0.6236262790825438,0.6219959259033203
52,1,26,0.0,0.7805653426927204,0.5507808327674866
52,1,27,0.06607960573060066,1.3009422378212006,0.6514503359794617
52,1,28,-0.12389926074487624,1.4909211042966775,0.5925150513648987
52,1,29,-0.0495597042979505,1.4000616464171016,0.6718315482139587
52,1,30,-0.24779852148975248,1.5900405128925785,0.6004758477210999
52,1,31,0.2395385707734274,1.6230803157578788,0.723079264163971
52,1,32,0.17345896504282673,1.6891599214884796,0.667251467704773
52,2,0,-0.19530594406742707,-1.2276373627095416,0.9969223737716676
52,2,1,-0.1395042457624479,-1.3073540745737975,0.9961150884628296
52,2,2,-0.12356090338959672,-1.3073540745737975,0.9953475594520568
52,2,3,-0.11558923220317112,-1.3073540745737975,0.996256947517395
52,2,4,-0.16341925932172469,-1.3232974169466487,0.9965020418167114
52,2,5,-0.1713909305081503,-1.3312690881330742,0.995905101299286
52,2,6,-0.1713909305081503,-1.3392407593195,0.996624231338501
52,2,7,-0.06775920508461755,-1.3312690881330742,0.9918813705444336
52,2,8,-0.1554475881352991,-1.3551841016923512,0.9955283403396606
52,2,9,-0.17936260169457588,-1.1718356644045624,0.9939733743667604
52,2,10,-0.20327761525385266,-1.1957506779638392,0.995684802532196
52,2,11,-0.027900849152489582,-1.004430569489625,0.9979355335235596
52,2,12,-0.32285268305023657,-0.964572213557497,0.9987881779670716
52,2,13,0.13153257457602233,-0.5739603254226429,0.584398090839386
52,2,14,-0.16341925932172469,-0.4145269016941309,0.5127460956573486
52,2,15,0.011957506779638392,-0.6138186813547708,0.6583814024925232
52,2,16,-0.1395042457624479,-0.2710368203384702,0.5385294556617737
52,2,17,-0.24313597118598063,-0.6058470101683452,0.6487143039703369
52,2,18,-0.16341925932172469,-0.19929177966063988,0.5397439002990723
52,2,19,-0.25907931355883185,-0.6536770372868987,0.6472200155258179
52,2,20,-0.21124928644027827,-0.1674050949149375,0.5377614498138428
52,2,21,-0.17936260169457588,-0.6536770372868987,0.6344488859176636
52,2,22,-0.1713909305081503,-0.24712180677919343,0.5282145738601685
52,2,23,0.12356090338959672,-0.007971671186425595,0.9940664768218994
52,2,24,-0.12356090338959672,0.007971671186425595,0.9914759993553162
52,2,25,0.08370254745746875,0.6616487084733244,0.6535490155220032
52,2,26,-0.1713909305081503,0.7971671186425595,0.5396446585655212
52,2,27,0.1474759169488735,1.5544758813529909,0.6780918836593628
52,2,28,0.08370254745746875,1.5385325389801399,0.5799515247344971
52,2,29,0.22719262881312946,1.6820226203358004,0.6932210326194763
52,2,30,0.1554475881352991,1.6660792779629492,0.5944080352783203
52,2,31,-0.019929177966063985,1.8015976881321845,0.7404773831367493
52,2,32,-0.027900849152489582,1.7537676610136308,0.6551648378372192
53,1,0,0.37109059553142687,-1.226781851109776,0.9971529245376588
53,1,1,0.3798221389556957,-1.3053657419281957,0.9964083433151244
53,1,2,0.3798221389556957,-1.3053657419281957,0.9956888556480408
53,1,3,0.3798221389556957,-1.3140972853524644,0.9965381026268004
53,1,4,0.36235905210715796,-1.3228288287767334,0.9967606663703918
53,1,5,0.34489596525862026,-1.340291915625271,0.9961987733840942
53,1,6,0.31870133498581366,-1.34902345904954,0.996860682964325
53,1,7,0.3012382481372759,-1.34902345904954,0.9925106763839722
53,1,8,0.21392281389458723,-1.3839496327466154,0.99587881565094
53,1,9,0.31870133498581366,-1.1743925905641626,0.9944611191749572
53,1,10,0.3012382481372759,-1.1918556774127003,0.9960392713546752
53,1,11,0.17899664019751177,-1.008493265503054,0.9980748891830444
53,1,12,-0.13533892307616743,-0.9910301786545164,0.998892605304718
53,1,13,0.47586911662265324,-0.5981107245624174,0.5506285429000854
53,1,14,0.0916812059548231,-0.4147483126527712,0.560165524482727
53,1,15,0.624305354835224,-0.7116207890779126,0.6372973322868347
53,1,16,0.3536275086828891,-0.8687885707147522,0.5837660431861877
53,1,17,0.6941577022293749,-0.7203523325021816,0.6239964962005615
53,1,18,0.40601676922850233,-0.9910301786545164,0.5837732553482056
53,1,19,0.685426158805106,-0.7465469627749881,0.6220752596855164
53,1,20,0.38855368237996457,-1.0259563523515918,0.5817722678184509
53,1,21,0.6330368982594928,-0.755278506199257,0.6115721464157104
53,1,22,0.31870133498581366,-1.017224808927323,0.5715288519859314
53,1,23,0.0916812059548231,-0.0130973151364033,0.9944989085197448
53,1,24,-0.0916812059548231,0.0130973151364033,0.9919581413269044
53,1,25,0.493332203471191,0.5981107245624174,0.6394388675689697
53,1,26,0.1440704665004363,0.7814731364720636,0.5689955353736877
53,1,27,0.15280200992470516,1.27043956823112,0.6706658601760864
53,1,28,-0.10041274937909198,1.4799966104135729,0.6069779992103577
53,1,29,0.0654865756820165,1.3577550024738088,0.6896848678588867
53,1,30,-0.24011744416739383,1.610969761777606,0.6138039231300354
53,1,31,0.3798221389556957,1.5673120446562616,0.7404934763908386
53,1,32,0.13533892307616743,1.73321136971737,0.6784576773643494
53,2,0,-0.2056846987970728,-1.238221886758378,0.997309148311615
53,2,1,-0.18100253494142404,-1.3122683783253244,0.9966480731964112
53,2,2,-0.17277514698954113,-1.3204957662772072,0.9959885478019714
53,2,3,-0.17277514698954113,-1.3204957662772072,0.9967859983444214
53,2,4,-0.18922992289330695,-1.3287231542290903,0.9968864917755128
53,2,5,-0.19745731084518986,-1.336950542180973,0.9963422417640686
53,2,6,-0.2056846987970728,-1.345177930132856,0.99698007106781
53,2,7,-0.15632037108577532,-1.345177930132856,0.99313622713089
53,2,8,-0.2056846987970728,-1.3616327060366218,0.9960741996765136
53,2,9,-0.2139120867489557,-1.1806301710951979,0.9948943257331848
53,2,10,-0.23036686265272152,-1.1888575590470807,0.996090054512024
53,2,11,0.024682163855648732,-0.9996276361537737,0.9982587695121764
53,2,12,-0.2139120867489557,-0.9914002482018908,0.9988292455673218
53,2,13,0.1316382072301266,-0.5388939108483307,0.5945726037025452
53,2,14,-0.23036686265272152,-0.4648474192813845,0.5168680548667908
53,2,15,0.18100253494142404,-0.5224391349445648,0.671360194683075
53,2,16,-0.5183254409686234,-0.5306665228964478,0.5440720319747925
53,2,17,-0.16454775903765823,-0.4730748072332674,0.657525897026062
53,2,18,-0.6252814843431013,-0.5224391349445648,0.54557204246521
53,2,19,-0.2632764144602532,-0.5388939108483307,0.6555989384651184
53,2,20,-0.641736260246867,-0.5471212988002137,0.5440089702606201
53,2,21,-0.2056846987970728,-0.5553486867520965,0.6437028646469116
53,2,22,-0.6088267084393354,-0.5635760747039794,0.5363489985466003
53,2,23,0.08227387951882911,-0.020568469879707278,0.9947869181632996
53,2,24,-0.08227387951882911,0.020568469879707278,0.9922807812690736
53,2,25,0.041136939759414556,0.7774881614529351,0.6573441028594971
53,2,26,-0.16454775903765823,0.7116690578378718,0.5402123332023621
53,2,27,0.09050126747071202,1.52618046507428,0.6815464496612549
53,2,28,-0.40314200964226266,1.4850435253148655,0.5695482492446899
53,2,29,0.279731190364019,1.6742734482081725,0.7013355493545532
53,2,30,-0.0740464915669462,1.5755447927855775,0.5925883054733276
53,2,31,0.008227387951882912,1.7812294915826503,0.7424181699752808
53,2,32,-0.15632037108577532,1.715410387967587,0.638845682144165
54,1,0,0.3864224866384994,-1.2258920265773083,0.9975467920303344
54,1,1,0.3953057621934074,-1.3058415065714806,0.9969358444213868
54,1,2,0.3953057621934074,-1.3147247821263888,0.9963314533233644
54,1,3,0.3953057621934074,-1.3147247821263888,0.9970601797103882
54,1,4,0.37753921108359134,-1.3236080576812967,0.9971529245376588
54,1,5,0.3597726599737753,-1.3324913332362047,0.9966514706611632
54,1,6,0.3420061088639592,-1.3413746087911127,0.9972198605537416
54,1,7,0.29758973108941905,-1.3413746087911127,0.9937292337417604
54,1,8,0.2176402510952468,-1.3680244354558369,0.9963953495025636
54,1,9,0.3331228333090512,-1.163709097692952,0.9953376650810242
54,1,10,0.3153562821992351,-1.1814756488027682,0.9964293837547302
54,1,11,0.18210714887561466,-1.0038101377046076,0.998409628868103
54,1,12,-0.1110409444363504,-0.9949268621496996,0.998921811580658
54,1,13,0.3420061088639592,-0.577412911069022,0.5940980315208435
54,1,14,0.039974739997086145,-0.4175139510806775,0.5645235776901245
54,1,15,0.7239869577250045,-0.6484791155082863,0.6909499764442444
54,1,16,0.40418903774831544,-0.7994947999417229,0.58925861120224
54,1,17,0.8039364377191769,-0.6307125643984702,0.6722420454025269
54,1,18,0.5374381710719359,-0.8705610043809872,0.5900232791900635
54,1,19,0.7861698866093608,-0.6662456666181024,0.6711819767951965
54,1,20,0.5107883444072119,-0.9238606577104354,0.5884953141212463
54,1,21,0.7506367843897287,-0.6573623910631944,0.6593480110168457
54,1,22,0.46637196663267166,-0.9149773821555273,0.5803402662277222
54,1,23,0.1110409444363504,-0.017766551109816064,0.995189607143402
54,1,24,-0.1110409444363504,0.017766551109816064,0.9926146268844604
54,1,25,0.48413851774248773,0.6751289421730104,0.6529266238212585
54,1,26,0.05774129110690221,0.7906115243868148,0.575039803981781
54,1,27,0.4752552421875797,1.403557537675469,0.6837959289550781
54,1,28,-0.1643405977657986,1.5101568443343654,0.5989817380905151
54,1,29,0.4219555888581315,1.5368066709990895,0.6995278000831604
54,1,30,-0.29758973108941905,1.643405977657986,0.6059972643852234
54,1,31,0.7772866110544527,1.6256394265481697,0.7451545000076294
54,1,32,0.1110409444363504,1.7500052843168823,0.6602539420127869
54,2,0,-0.00411522633744856,-1.2222222222222223,0.997568130493164
54,2,1,0.04526748971193416,-1.3045267489711934,0.9970414638519288
54,2,2,0.053497942386831275,-1.3045267489711934,0.9965057373046876
54,2,3,0.06172839506172839,-1.3045267489711934,0.9971853494644164
54,2,4,0.02880658436213992,-1.3127572016460904,0.9971746206283568
54,2,5,0.037037037037037035,-1.3209876543209877,0.996698260307312
54,2,6,0.037037037037037035,-1.3292181069958848,0.997240960597992
54,2,7,0.00411522633744856,-1.3292181069958848,0.9942209124565125
54,2,8,-0.06995884773662552,-1.353909465020576,0.9965230226516724
54,2,9,0.012345679012345678,-1.1646090534979423,0.9956375360488892
54,2,10,0.012345679012345678,-1.1728395061728396,0.996293306350708
54,2,11,0.102880658436214,-1.008230452674897,0.9985589385032654
54,2,12,-0.102880658436214,-0.9917695473251029,0.998788833618164
54,2,13,0.21810699588477367,-0.51440329218107,0.6332293748855591
54,2,14,-0.16872427983539096,-0.4732510288065844,0.5140402913093567
54,2,15,0.3168724279835391,-0.48148148148148145,0.7184699177742004
54,2,16,-0.06172839506172839,-0.5555555555555556,0.5377576947212219
54,2,17,-0.08641975308641975,-0.4156378600823045,0.6993603110313416
54,2,18,-0.2345679012345679,-0.5473251028806584,0.5398478507995605
54,2,19,-0.20987654320987653,-0.4897119341563786,0.6980133652687073
54,2,20,-0.22633744855967078,-0.588477366255144,0.5382276773452759
54,2,21,-0.037037037037037035,-0.5473251028806584,0.6834039092063904
54,2,22,-0.20164609053497942,-0.6049382716049383,0.5318491458892822
54,2,23,-0.06172839506172839,0.0205761316872428,0.9952223300933838
54,2,24,0.06172839506172839,-0.0205761316872428,0.9924241304397584
54,2,25,-0.00411522633744856,0.7695473251028807,0.660263180732727
54,2,26,-0.1111111111111111,0.7530864197530864,0.5360655784606934
54,2,27,0.102880658436214,1.5267489711934157,0.6783338189125061
54,2,28,-0.1440329218106996,1.4938271604938271,0.557242751121521
54,2,29,0.20987654320987653,1.6584362139917694,0.700354814529419
54,2,30,-0.16049382716049382,1.617283950617284,0.5802149176597595
54,2,31,-0.1522633744855967,1.691358024691358,0.7312827706336975
54,2,32,-0.053497942386831275,1.7078189300411524,0.6166913509368896
55,1,0,0.3986975671432514,-1.1960927014297542,0.9977580904960632
55,1,1,0.41584584960102566,-1.2818341137186255,0.9972575902938844
55,1,2,0.41584584960102566,-1.2818341137186255,0.9967616200447084
55,1,3,0.41584584960102566,-1.2818341137186255,0.9973918795585632
55,1,4,0.3986975671432514,-1.2904082549475127,0.9973915219306946
55,1,5,0.3901234259143643,-1.2989823961763998,0.9969487190246582
55,1,6,0.37297514345659,-1.3075565374052869,0.9974460005760192
55,1,7,0.3129561548543801,-1.2989823961763998,0.9945865869522096
55,1,8,0.2443630250232831,-1.3332789610919482,0.996799647808075
55,1,9,0.3472527197699286,-1.1360737128275442,0.9959411025047302
55,1,10,0.3301044373121544,-1.1446478540564313,0.9966030120849608
55,1,11,0.16719575396329897,-0.9903133119364631,0.998625636100769
55,1,12,-0.07288020044554058,-1.0074615943942373,0.9988999366760254
55,1,13,0.18434403642107322,-0.510161403118784,0.5821288228034973
55,1,14,0.03858363552999207,-0.41584584960102566,0.5619085431098938
55,1,15,0.4329941320587999,-0.6387735215520909,0.6760653853416443
55,1,16,0.4587165557454613,-0.7159407926120751,0.5829199552536011
55,1,17,0.5959028154076553,-0.6473476627809781,0.6623494029045105
55,1,18,0.5873286741787682,-0.7502373575276235,0.5838155150413513
55,1,19,0.578754532949881,-0.7330890750698493,0.6614430546760559
55,1,20,0.578754532949881,-0.8188304873587205,0.5821574926376343
55,1,21,0.510161403118784,-0.7330890750698493,0.6484062075614929
55,1,22,0.5273096855765583,-0.8188304873587205,0.5745809674263
55,1,23,0.07288020044554058,-0.012861211843330691,0.9955277442932128
55,1,24,-0.07288020044554058,0.012861211843330691,0.9927399754524232
55,1,25,0.5701803917209939,0.6130510978654296,0.6465681195259094
55,1,26,0.2100664601077346,0.7416632162987364,0.5727540254592896
55,1,27,0.510161403118784,1.4704652207541422,0.679323136806488
55,1,28,-0.12432504781886333,1.461891079525255,0.5834179520606995
55,1,29,0.5273096855765583,1.590503197958562,0.7010742425918579
55,1,30,-0.2529371662521702,1.5819290567296749,0.5952805876731873
55,1,31,0.8874236171898177,1.6333739041029975,0.733147919178009
55,1,32,0.14147333027663758,1.6676704690185462,0.6371284127235413
55,2,0,-0.2651979004895721,-1.2321502453515503,0.9977745413780212
55,2,1,-0.23255815889085552,-1.3055896639486624,0.9973400831222534
55,2,2,-0.22439822349117636,-1.3055896639486624,0.9969077706336976
55,2,3,-0.20807835269181807,-1.3055896639486624,0.9975069761276244
55,2,4,-0.24071809429053465,-1.3055896639486624,0.9974035620689392
55,2,5,-0.24071809429053465,-1.3137495993483417,0.9969459176063538
55,2,6,-0.23255815889085552,-1.3219095347480208,0.9974272847175598
55,2,7,-0.13463893409470581,-1.3137495993483417,0.995028555393219
55,2,8,-0.17543861109310152,-1.3382294055473791,0.9968091249465942
55,2,9,-0.21623828809149723,-1.166870762154117,0.9961557984352112
55,2,10,-0.23255815889085552,-1.1750306975537963,0.9964228868484496
55,2,11,0.053039580097914416,-1.0036720541605342,0.9987555146217346
55,2,12,-0.1101591278956684,-0.9955121187608551,0.9986457824707032
55,2,13,0.11831906329534754,-0.5059159947801067,0.6227546334266663
55,2,14,-0.07751938629695183,-0.45695638238203184,0.5079008936882019
55,2,15,-0.06119951549759355,-0.6038352195762564,0.7060103416442871
55,2,16,-0.14279886949438497,-0.3427172867865239,0.528752326965332
55,2,17,-0.08567932169663098,-0.5630355425778607,0.6917529702186584
55,2,18,-0.24071809429053465,-0.3753570283852405,0.5311204791069031
55,2,19,-0.07751938629695183,-0.7017544443724061,0.6904137134552002
55,2,20,-0.24071809429053465,-0.4895961239807484,0.5297847986221313
55,2,21,-0.09383925709631012,-0.7343941859711226,0.6759734749794006
55,2,22,-0.1917584818924598,-0.35087722218620304,0.5236518383026123
55,2,23,0.036719709298556134,0.0,0.995366096496582
55,2,24,-0.036719709298556134,0.0,0.9918859601020812
55,2,25,-0.11831906329534754,0.7262342505714435,0.6579881906509399
55,2,26,-0.012239903099518711,0.6935945089727269,0.5410426259040833
55,2,27,-0.1509588048940641,1.51774798434032,0.6727789044380188
55,2,28,0.04487964469823527,1.4279886949438496,0.5517333745956421
55,2,29,-0.07751938629695183,1.6483069507351864,0.6944515705108643
55,2,30,0.1509588048940641,1.6483069507351864,0.5776339769363403
55,2,31,-0.39575686688443834,1.6972665631332613,0.7148475646972656
55,2,32,-0.06935945089727269,1.6401470153355073,0.5993086695671082
56,1,0,0.3683135697403581,-1.1896104953682831,0.9979644417762756
56,1,1,0.376780548355079,-1.265813302900771,0.9975575804710388
56,1,2,0.376780548355079,-1.265813302900771,0.9971573948860168
56,1,3,0.376780548355079,-1.265813302900771,0.9977095127105712
56,1,4,0.3683135697403581,-1.2742802815154919,0.9976198673248292
56,1,5,0.3513796125109164,-1.2827472601302128,0.9971998333930968
56,1,6,0.33444565528147463,-1.2912142387449337,0.9976406693458556
56,1,7,0.28364378359314935,-1.2827472601302128,0.9953719973564148
56,1,8,0.22437493329010322,-1.325082153203817,0.9970816373825072
56,1,9,0.309044719437312,-1.130341645065237,0.9964399337768556
56,1,10,0.29211076220787024,-1.138808623679958,0.9967371225357056
56,1,11,0.15663910437233622,-0.9779360300002612,0.9988173246383668
56,1,12,-0.07196931822512745,-1.0202709230738656,0.9987748265266418
56,1,13,0.13970514714289445,-0.4614503345022878,0.5716319680213928
56,1,14,0.012700467922081314,-0.4106484628139625,0.5562847256660461
56,1,15,0.3683135697403581,-0.5715210564936591,0.6690207719802856
56,1,16,0.4191154414286834,-0.6392568854114261,0.5747935771942139
56,1,17,0.5545870992642175,-0.5630540778789382,0.6601220965385437
56,1,18,0.5630540778789382,-0.6646578212555888,0.5759760737419128
56,1,19,0.5545870992642175,-0.6307899067967053,0.6594375967979431
56,1,20,0.5630540778789382,-0.7323936501733558,0.5745986104011536
56,1,21,0.48685127034645037,-0.6731247998703097,0.6458969712257385
56,1,22,0.5207191848053339,-0.7239266715586349,0.5673326849937439
56,1,23,0.08043629683984832,-0.004233489307360438,0.9956603050231934
56,1,24,-0.08043629683984832,0.004233489307360438,0.9923323392868042
56,1,25,0.5207191848053339,0.6646578212555888,0.6364109516143799
56,1,26,0.17357306160177796,0.7747285432469602,0.5781922340393066
56,1,27,0.4614503345022878,1.5113556827276764,0.6660706400871277
56,1,28,-0.1227711899134527,1.5028887041129555,0.5792745351791382
56,1,29,0.2328419119048241,1.6383603619484897,0.6871179938316345
56,1,30,-0.241308890519545,1.6383603619484897,0.59211266040802
56,1,31,0.8339973935500063,1.672228276407373,0.7115073204040527
56,1,32,0.10583723268401095,1.6891622336368148,0.6215263605117798
56,2,0,-0.264624793261961,-1.1708740852549782,0.9980714321136476
56,2,1,-0.2428748102541286,-1.2361240342784754,0.9977268576622008
56,2,2,-0.23562481591818446,-1.2361240342784754,0.997356116771698
56,2,3,-0.23562481591818446,-1.2433740286144195,0.9978649616241456
56,2,4,-0.2428748102541286,-1.2433740286144195,0.997763693332672
56,2,5,-0.23562481591818446,-1.2506240229503636,0.9973654747009276
56,2,6,-0.22837482158224032,-1.2578740172863079,0.9977852702140808
56,2,7,-0.18487485556657549,-1.2506240229503636,0.9957728385925292
56,2,8,-0.17762486123063137,-1.272374005958196,0.9972797632217408
56,2,9,-0.23562481591818446,-1.120124124903369,0.9967228174209596
56,2,10,-0.22837482158224032,-1.120124124903369,0.9969335198402404
56,2,11,-0.19212484990251963,-0.9823742325204305,0.9989184141159058
56,2,12,-0.14137488955091068,-0.9896242268563747,0.998769760131836
56,2,13,-0.22837482158224032,-0.4821246233402851,0.6080029010772705
56,2,14,-0.16312487255874308,-0.4821246233402851,0.5039598941802979
56,2,15,-0.16312487255874308,-0.6126245213872796,0.6850649118423462
56,2,16,-0.018124985839860344,-0.5546245666997265,0.5209671258926392
56,2,17,-0.08337493486335758,-0.6053745270513354,0.6735761165618896
56,2,18,-0.20662483857440792,-0.5473745723637824,0.5231329798698425
56,2,19,-0.1268749008790224,-0.6706244760748327,0.6718437075614929
56,2,20,-0.19212484990251963,-0.5908745383794471,0.521988034248352
56,2,21,-0.11237491220713412,-0.7068744477545533,0.6526633501052856
56,2,22,-0.10512491787119,-0.5908745383794471,0.5162487626075745
56,2,23,-0.04712496318363689,0.018124985839860344,0.9957199692726136
56,2,24,0.04712496318363689,-0.018124985839860344,0.9922277927398682
56,2,25,-0.22112482724629617,0.6198745157232237,0.6528695225715637
56,2,26,-0.010874991503916206,0.7068744477545533,0.5428817272186279
56,2,27,-0.31537475361357,1.4463738700208553,0.6829664707183838
56,2,28,0.11962490654307827,1.4101238983411346,0.5597124099731445
56,2,29,-0.2863747762697934,1.5623737793959616,0.699484646320343
56,2,30,0.20662483857440792,1.5478737907240732,0.5840950608253479
56,2,31,-0.6198745157232237,1.4101238983411346,0.7204057574272156
56,2,32,-0.11237491220713412,1.4463738700208553,0.5989352464675903
57,1,0,0.3483138550851477,-1.196560537468978,0.9982450604438782
57,1,1,0.35650947520479825,-1.2703211185458327,0.997927725315094
57,1,2,0.35650947520479825,-1.2703211185458327,0.997588574886322
57,1,3,0.35650947520479825,-1.2703211185458327,0.9980528950691224
57,1,4,0.3401182349654972,-1.2785167386654834,0.997963011264801
57,1,5,0.3319226148458466,-1.286712358785134,0.9976001381874084
57,1,6,0.31553137460654557,-1.2949079789047844,0.9979825615882874
57,1,7,0.26635765388864235,-1.286712358785134,0.9961320757865906
57,1,8,0.21718393317073917,-1.319494839263736,0.9975314736366272
57,1,9,0.2991401343672445,-1.1391911966314243,0.997012734413147
57,1,10,0.28274889412794346,-1.1473868167510748,0.9972229599952698
57,1,11,0.11883649173493274,-0.9834744143580642,0.9989975690841676
57,1,12,-0.08605401125633061,-1.0162568948366661,0.9988890290260316
57,1,13,0.11064087161528222,-0.4999328272986826,0.5636813640594482
57,1,14,0.012293430179475802,-0.44256348646112886,0.5529142022132874
57,1,15,0.3647050953244488,-0.6228671290934407,0.6596096754074097
57,1,16,0.39748757580305094,-0.6802364699309944,0.5678316950798035
57,1,17,0.5204218775978089,-0.6064758888541395,0.6526690125465393
57,1,18,0.5122262574781584,-0.6802364699309944,0.5687552690505981
57,1,19,0.5204218775978089,-0.6884320900506449,0.65131014585495
57,1,20,0.5204218775978089,-0.7539970510078492,0.5675212740898132
57,1,21,0.4630525367602552,-0.7048233302899459,0.6334916353225708
57,1,22,0.47944377699955626,-0.7621926711274997,0.5608012676239014
57,1,23,0.08605401125633061,0.0,0.9960294365882874
57,1,24,-0.08605401125633061,0.0,0.992755651473999
57,1,25,0.413878816042352,0.6474539894523922,0.6307363510131836
57,1,26,0.3483138550851477,0.7130189504095965,0.5802417993545532
57,1,27,0.38109633556374983,1.442429141058494,0.6747480630874634
57,1,28,-0.09424963137598115,1.4178422806995425,0.584726870059967
57,1,29,0.08605401125633061,1.5653634428532521,0.692706823348999
57,1,30,-0.2253795532903897,1.5407765824943005,0.5986728668212891
57,1,31,0.7580948610676744,1.5899503032122038,0.7174339890480042
57,1,32,0.13522773197423382,1.6063415434515047,0.6217631697654724
57,2,0,-0.20241248556189212,-1.1991984993666815,0.9983220100402832
57,2,1,-0.187136071557221,-1.2679423623877015,0.998056173324585
57,2,2,-0.17949786455488545,-1.275580569390037,0.9977403879165648
57,2,3,-0.17949786455488545,-1.275580569390037,0.9981766939163208
57,2,4,-0.187136071557221,-1.275580569390037,0.9980682134628296
57,2,5,-0.17949786455488545,-1.2832187763923726,0.9977155923843384
57,2,6,-0.1718596575525499,-1.2908569833947081,0.9980881214141846
57,2,7,-0.13366862254087214,-1.2832187763923726,0.996453821659088
57,2,8,-0.1107540015338655,-1.3061333973993792,0.9976603388786316
57,2,9,-0.16422145055021437,-1.138092843347997,0.9972171783447266
57,2,10,-0.16422145055021437,-1.1457310503503326,0.9973280429840088
57,2,11,-0.13366862254087214,-0.9853287033012861,0.9990821480751038
57,2,12,-0.10311579453152994,-1.0006051173059571,0.9988239407539368
57,2,13,-0.11839220853620104,-0.5193980761588175,0.6030872464179993
57,2,14,-0.10311579453152994,-0.48120704114713975,0.5006518363952637
57,2,15,-0.1107540015338655,-0.6416093881961863,0.682431697845459
57,2,16,0.04201013851284553,-0.595780146182173,0.5146657824516296
57,2,17,-0.04201013851284553,-0.6034183531845085,0.6724905967712402
57,2,18,-0.16422145055021437,-0.6874386302101996,0.5165957808494568
57,2,19,0.04201013851284553,-0.6874386302101996,0.6704174876213074
57,2,20,-0.08783938052685884,-0.6950768372125352,0.5155926942825317
57,2,21,0.02673372450817443,-0.7027150442148707,0.6495966911315918
57,2,22,-0.08020117352452329,-0.6492475951985218,0.5102325677871704
57,2,23,-0.09547758752919439,0.015276414004671102,0.9960223436355592
57,2,24,0.09547758752919439,-0.015276414004671102,0.992472231388092
57,2,25,-0.20241248556189212,0.6339711811938508,0.6408818960189819
57,2,26,0.07256296652218773,0.7256296652218773,0.5416937470436096
57,2,27,-0.2787945555852476,1.565832435478788,0.6854459047317505
57,2,28,0.17949786455488545,1.4894503654554325,0.5574848651885986
57,2,29,-0.27115634858291204,1.6956819545184925,0.7038565278053284
57,2,30,0.2787945555852476,1.6727673335114857,0.5858446359634399
57,2,31,-0.6072374566856763,1.5581942284764525,0.7203352451324463
57,2,32,-0.07256296652218773,1.4741739514507615,0.5922879576683044
58,1,0,0.34122685747456155,-1.1942940011609653,0.9984530806541444
58,1,1,0.3491623657879234,-1.2657135759812224,0.9981874823570251
58,1,2,0.3491623657879234,-1.2657135759812224,0.99788236618042
58,1,3,0.3491623657879234,-1.2736490842945842,0.9982903599739076
58,1,4,0.3332913491611996,-1.2736490842945842,0.9982169270515442
58,1,5,0.32535584084783775,-1.281584592607946,0.9978923201560974
58,1,6,0.30948482422111395,-1.29745560923467,0.998237669467926
58,1,7,0.2539362660275807,-1.2895201009213082,0.9966262578964232
58,1,8,0.21425872446077118,-1.3291976424881176,0.9978604316711426
58,1,9,0.2856782992810283,-1.138745442967432,0.9974250793457032
58,1,10,0.2698072826543045,-1.154616459594156,0.9975712895393372
58,1,11,0.12696813301379034,-0.9959062933269179,0.9990857839584352
58,1,12,-0.09522609976034276,-1.00384180164028,0.9989370703697203
58,1,13,0.1587101662672379,-0.5435823194652899,0.556315004825592
58,1,14,-0.05554855819353327,-0.4642272363316709,0.5500620007514954
58,1,15,0.3650333824146472,-0.6070663859721851,0.6463830471038818
58,1,16,0.34122685747456155,-0.6070663859721851,0.5623408555984497
58,1,17,0.49993702374179944,-0.5832598610320994,0.6399505138397217
58,1,18,0.44438846554826616,-0.6070663859721851,0.5631319880485535
58,1,19,0.5158080403685232,-0.6467439275389946,0.6384915709495544
58,1,20,0.46025948217498996,-0.6626149441657183,0.5620557069778442
58,1,21,0.4523239738616281,-0.6626149441657183,0.619814932346344
58,1,22,0.4205819406081805,-0.6705504524790802,0.5556240081787109
58,1,23,0.08729059144698086,0.003967754156680948,0.9961629509925842
58,1,24,-0.08729059144698086,-0.003967754156680948,0.9928063750267028
58,1,25,0.3967754156680948,0.6229374025989088,0.6213271021842957
58,1,26,0.22219423277413308,0.7181635023592516,0.5768561363220215
58,1,27,0.4205819406081805,1.4323592505618221,0.6757230162620544
58,1,28,-0.11903262470042844,1.448230267188546,0.5827943682670593
58,1,29,0.3332913491611996,1.5513918752622506,0.698050856590271
58,1,30,-0.23012974108749498,1.5672628918889744,0.6002212166786194
58,1,31,0.7697443063961039,1.5434563669488888,0.7162555456161499
58,1,32,0.13490364132715224,1.5751984002023363,0.6139585971832275
58,2,0,-0.2665530582810795,-1.191872960599684,0.9985790848731996
58,2,1,-0.22847404995521103,-1.268030977251421,0.9983447790145874
58,2,2,-0.22847404995521103,-1.268030977251421,0.9980681538581848
58,2,3,-0.22847404995521103,-1.268030977251421,0.9984384179115297
58,2,4,-0.2132424466248636,-1.2756467789165948,0.998372495174408
58,2,5,-0.1980108432945162,-1.2832625805817686,0.998076856136322
58,2,6,-0.1827792399641688,-1.2908783822469423,0.9983933568000792
58,2,7,-0.1827792399641688,-1.2756467789165948,0.9969422221183776
58,2,8,-0.22085824829003733,-1.3061099855772897,0.9980491399765016
58,2,9,-0.2513214549507321,-1.1385623489434682,0.9976468086242676
58,2,10,-0.23608985162038473,-1.146178150608642,0.9977630972862244
58,2,11,-0.22847404995521103,-0.9710147123096469,0.9991693496704102
58,2,12,-0.14470023163830031,-0.9938621173051679,0.9989749789237976
58,2,13,-0.1827792399641688,-0.5369140173947459,0.5941011309623718
58,2,14,-0.007615801665173701,-0.4455243974126615,0.4976773262023926
58,2,15,-0.14470023163830031,-0.6054562323813092,0.6613759398460388
58,2,16,-0.0380790083258685,-0.04950271082362905,0.5084967613220215
58,2,17,-0.1827792399641688,-0.5749930257206144,0.6525346040725708
58,2,18,-0.12185282664277922,0.01903950416293425,0.5100701451301575
58,2,19,-0.0990054216472581,-0.635919439042004,0.6502912044525146
58,2,20,-0.14470023163830031,-0.0038079008325868505,0.5090281367301941
58,2,21,-0.0837738183169107,-0.6587668440375252,0.6277342438697815
58,2,22,-0.14470023163830031,-0.034271107493281654,0.5036349892616272
58,2,23,-0.0913896199820844,0.02665530582810795,0.9964487552642822
58,2,24,0.0913896199820844,-0.02665530582810795,0.9932445883750916
58,2,25,-0.24370565328555843,0.7349248606892621,0.6442646384239197
58,2,26,0.015231603330347402,0.7806196706803044,0.5367088913917542
58,2,27,-0.3198636699372954,1.6259736555145852,0.6954233050346375
58,2,28,0.0533106116562159,1.5345840355325007,0.5563644170761108
58,2,29,-0.27416885994625323,1.755442283822538,0.7127619385719299
58,2,30,0.14470023163830031,1.6716684655056273,0.5834949612617493
58,2,31,-0.6701905465352856,1.6945158705011485,0.7288954854011536
58,2,32,-0.1066212233124318,1.6107420521842377,0.587300181388855
59,1,0,0.3027672195071029,-1.2070850988243707,0.9987083673477172
59,1,1,0.31870233632326617,-1.2787931244971056,0.9984895586967468
59,1,2,0.31870233632326617,-1.2787931244971056,0.9982306957244872
59,1,3,0.31870233632326617,-1.2787931244971056,0.9985711574554444
59,1,4,0.3027672195071029,-1.2867606829051872,0.9985214471817015
59,1,5,0.28683210269093956,-1.2947282413132688,0.9982531666755676
59,1,6,0.2629294274666946,-1.3106633581294322,0.998542845249176
59,1,7,0.23902675224244962,-1.2947282413132688,0.997179388999939
59,1,8,0.1752862849777964,-1.334566033353677,0.9982370734214784
59,1,9,0.25496186905861296,-1.1513121899677992,0.997862696647644
59,1,10,0.231059193834368,-1.1672473067839624,0.9979814291000366
59,1,11,0.11951337612122481,-0.9839934633980844,0.9992296695709229
59,1,12,-0.09561070089697986,-1.015863697030411,0.9990766644477844
59,1,13,0.13544849293738812,-0.5378101925455117,0.5465735197067261
59,1,14,-0.14341605134546978,-0.4581346084646951,0.5476592779159546
59,1,15,0.28683210269093956,-0.4661021668727768,0.6284416317939758
59,1,16,0.2947996610990212,-0.4262643748323685,0.5571361184120178
59,1,17,0.37447524517983777,-0.41032925801620523,0.6261062026023865
59,1,18,0.3983779204040827,-0.40236169960812357,0.5579003691673279
59,1,19,0.3983779204040827,-0.47406972528085844,0.6248519420623779
59,1,20,0.4063454788121644,-0.4581346084646951,0.5568485856056213
59,1,21,0.3505725699555928,-0.5218750757293483,0.6043031811714172
59,1,22,0.37447524517983777,-0.4661021668727768,0.5508690476417542
59,1,23,0.0876431424888982,0.011951337612122482,0.9967123866081238
59,1,24,-0.0876431424888982,-0.011951337612122482,0.9938101768493652
59,1,25,0.2947996610990212,0.736999152747553,0.6161144375801086
59,1,26,0.1752862849777964,0.7290315943394714,0.57377690076828
59,1,27,0.21512407701820468,1.4700145262910653,0.6902452111244202
59,1,28,-0.15138360975355145,1.501884759923392,0.5892921686172485
59,1,29,0.14341605134546978,1.6054630192284534,0.7134910821914673
59,1,30,-0.25496186905861296,1.63733325286078,0.6065695285797119
59,1,31,0.462118387668736,1.5895279024122901,0.7284349799156189
59,1,32,0.14341605134546978,1.63733325286078,0.6168900728225708
59,2,0,-0.22119885367819675,-1.1884751968811587,0.9988110661506652
59,2,1,-0.17620925631991943,-1.2559595929185747,0.9986194372177124
59,2,2,-0.17620925631991943,-1.2559595929185747,0.9983851909637452
59,2,3,-0.16871099009353988,-1.2634578591449543,0.9986956119537354
59,2,4,-0.17620925631991943,-1.2709561253713337,0.9986478686332704
59,2,5,-0.17620925631991943,-1.2784543915977133,0.998402774333954
59,2,6,-0.16871099009353988,-1.285952657824093,0.998670220375061
59,2,7,-0.16871099009353988,-1.2634578591449543,0.9974461197853088
59,2,8,-0.23619538613095584,-1.300949190276852,0.9983896017074584
59,2,9,-0.19120578877267855,-1.1359873332965018,0.9980406761169434
59,2,10,-0.20620232122543763,-1.1434855995228814,0.9981393218040466
59,2,11,-0.22869711990457628,-0.9710254763161518,0.9992944002151488
59,2,12,-0.14621619141440123,-0.9935202749952905,0.999102771282196
59,2,13,-0.19120578877267855,-0.5061329702806197,0.5833479166030884
59,2,14,-0.14621619141440123,-0.46114337292234236,0.49485644698143
59,2,15,-0.17620925631991943,-0.5061329702806197,0.6304026246070862
59,2,16,-0.16121272386716035,-0.2137005874518172,0.5026617646217346
59,2,17,-0.2511919185837149,-0.4986347040542401,0.6253291368484497
59,2,18,-0.16871099009353988,-0.14621619141440123,0.5039671659469604
59,2,19,-0.14621619141440123,-0.5586208338652765,0.6236129999160767
59,2,20,-0.17620925631991943,-0.183707522546299,0.5030338764190674
59,2,21,-0.10872486028250349,-0.5736173663180356,0.6011843681335449
59,2,22,-0.16871099009353988,-0.2137005874518172,0.4979325830936432
59,2,23,-0.06373526292422618,0.018745665565948876,0.9969208240509032
59,2,24,0.06373526292422618,-0.018745665565948876,0.994149088859558
59,2,25,-0.2586901848100945,0.7535757557511449,0.6426532864570618
59,2,26,-0.04873873047146708,0.6560982948082107,0.5370832681655884
59,2,27,-0.36366591197940823,1.6308729042375523,0.7103314995765686
59,2,28,0.10122659405612393,1.5783850406528954,0.5662867426872253
59,2,29,-0.3186763146211309,1.7583434300860046,0.729283332824707
59,2,30,0.19870405499905808,1.7283503651804863,0.59145587682724
59,2,31,-0.6785930934873493,1.7133538327277273,0.7406207919120789
59,2,32,-0.13871792518802167,1.6458694366903113,0.5909302830696106
60,1,0,0.29991363730689313,-1.2276464887095493,0.9988767504692078
60,1,1,0.3159090312965941,-1.2916280646683531,0.9986768364906312
60,1,2,0.3159090312965941,-1.2916280646683531,0.9984378218650818
60,1,3,0.3159090312965941,-1.2916280646683531,0.99873024225235
60,1,4,0.29191594031204265,-1.307623458658054,0.9987176060676576
60,1,5,0.2759205463223417,-1.3156211556529045,0.9984894394874572
60,1,6,0.2599251523326407,-1.323618852647755,0.9987491369247437
60,1,7,0.23593206134808925,-1.2996257616632036,0.9973978400230408
60,1,8,0.15595509139958444,-1.3396142466374559,0.9985158443450928
60,1,9,0.2679228493274912,-1.1636649127507452,0.9981490969657898
60,1,10,0.24392975834293976,-1.1716626097455958,0.9982995390892028
60,1,11,0.115966606425332,-0.9797178818691842,0.999281108379364
60,1,12,-0.06798042445622911,-1.0197063668434367,0.9991901516914368
60,1,13,0.09997121243563105,-0.5078537591730057,0.5301325917243958
60,1,14,-0.2199366673583883,-0.48386066818845425,0.5442395210266113
60,1,15,0.23593206134808925,-0.29991363730689313,0.5775386095046997
60,1,16,0.22793436435323877,-0.37989060725539797,0.5494064688682556
60,1,17,0.24392975834293976,-0.2519274553377902,0.5766750574111938
60,1,18,0.33190442528629505,-0.3159090312965941,0.5486676096916199
60,1,19,0.3159090312965941,-0.2679228493274912,0.5756716132164001
60,1,20,0.347899819275996,-0.3718929102605475,0.5475042462348938
60,1,21,0.29191594031204265,-0.29991363730689313,0.556082010269165
60,1,22,0.3159090312965941,-0.39588600124509893,0.5393364429473877
60,1,23,0.09197351544078056,0.003998848497425242,0.996882140636444
60,1,24,-0.09197351544078056,-0.003998848497425242,0.9944053888320924
60,1,25,0.2679228493274912,0.7317892750288192,0.6125762462615967
60,1,26,0.03598963647682717,0.7717777600030716,0.5657334923744202
60,1,27,0.22793436435323877,1.4915704895396151,0.6968757510185242
60,1,28,-0.17994818238413587,1.5875428534778209,0.5927022695541382
60,1,29,0.19594357637383683,1.619533641457223,0.7220339179039001
60,1,30,-0.2839182433171922,1.7155060053954287,0.6067531704902649
60,1,31,0.5638376381369591,1.603538247467522,0.7333501577377319
60,1,32,0.05998272746137863,1.7075083084005782,0.6144999861717224
60,2,0,-0.12066883168080648,-1.229313722748216,0.9989630579948424
60,2,1,-0.11312702970075608,-1.2971899405686698,0.9987881779670716
60,2,2,-0.11312702970075608,-1.2971899405686698,0.9985708594322203
60,2,3,-0.11312702970075608,-1.2971899405686698,0.9988400936126708
60,2,4,-0.1508360396010081,-1.3047317425487202,0.9988234639167786
60,2,5,-0.17346144554115933,-1.3122735445287705,0.9986110925674438
60,2,6,-0.19608685148131055,-1.319815346508821,0.9988516569137572
60,2,7,-0.18854504950126014,-1.3047317425487202,0.9976403117179872
60,2,8,-0.23379586138156258,-1.3273571484888713,0.998633861541748
60,2,9,-0.18100324752120972,-1.1765211088878633,0.9983043074607848
60,2,10,-0.21117045544141136,-1.1765211088878633,0.9984160661697388
60,2,11,-0.1432942376209577,-0.9955178613666535,0.9993484616279602
60,2,12,-0.11312702970075608,-0.9879760593866032,0.9991576671600342
60,2,13,-0.11312702970075608,-0.5128425346434276,0.5747967958450317
60,2,14,-0.05279261386035284,-0.48267532672322594,0.4916708171367645
60,2,15,-0.18854504950126014,-0.4298827128628731,0.6121916174888611
60,2,16,-0.1282106336608569,-0.4072573069227219,0.4965541362762451
60,2,17,-0.24133766336161297,-0.35446469306236905,0.6092716455459595
60,2,18,-0.1282106336608569,-0.35446469306236905,0.4970228672027588
60,2,19,-0.17346144554115933,-0.34692289108231866,0.6077590584754944
60,2,20,-0.1508360396010081,-0.4072573069227219,0.4960709810256958
60,2,21,-0.16591964356110891,-0.4147991089027723,0.5864934325218201
60,2,22,-0.16591964356110891,-0.46759172276312516,0.4891158640384674
60,2,23,-0.06787621782045365,0.0,0.9971131086349488
60,2,24,0.06787621782045365,0.0,0.9946336150169371
60,2,25,-0.21871225742146175,0.7768056039451917,0.6378889083862305
60,2,26,-0.06787621782045365,0.7466383960249902,0.5292516946792603
60,2,27,-0.29413027722196583,1.6893636435312909,0.7185453176498413
60,2,28,0.11312702970075608,1.6290292276908875,0.5673489570617676
60,2,29,-0.2488794653416634,1.8326578811522485,0.7403289079666138
60,2,30,0.18854504950126014,1.7572398613517444,0.5926083326339722
60,2,31,-0.6636785742444357,1.7798652672918958,0.7497098445892334
60,2,32,-0.08295982178055446,1.7270726534315428,0.5914003849029541
