frame,player_id,landmark_index,x_norm,y_norm,visibility
1,1,0,0.1259686327951277,-1.4092740793954912,0.998648166656494
1,1,1,0.07873039549695482,-1.4643853562433595,0.9979711771011353
1,1,2,0.07873039549695482,-1.4643853562433595,0.997727632522583
1,1,3,0.07085735594725934,-1.4643853562433595,0.9981564283370972
1,1,4,0.07085735594725934,-1.4643853562433595,0.998218834400177
1,1,5,0.06298431639756386,-1.4565123166936642,0.998023271560669
1,1,6,0.04723823729817289,-1.4486392771439687,0.9983675479888916
1,1,7,0.015746079099390964,-1.4092740793954912,0.995841920375824
1,1,8,-0.023619118649086446,-1.4014010398457957,0.9980873465538024
1,1,9,0.1338416723448232,-1.3305436838985365,0.9972602725028992
1,1,10,0.11809559324543223,-1.3305436838985365,0.9982869029045104
1,1,11,0.05511127684786837,-0.9841299437119352,0.9983461499214172
1,1,12,-0.0866034350466503,-1.0156221019107172,0.9991641640663148
1,1,13,0.03149215819878193,-0.45663629388233795,0.541892945766449
1,1,14,-0.14171471189451867,-0.440890214782947,0.5521261692047119
1,1,15,0.11809559324543223,-0.425144135683556,0.6279919147491455
1,1,16,0.18107990964299608,-0.4330171752332515,0.5784590840339661
1,1,17,0.29130246333873283,-0.40939805658416506,0.6322163939476013
1,1,18,0.37003285883568765,-0.425144135683556,0.5807417631149292
1,1,19,0.3070485424381238,-0.440890214782947,0.6343237161636353
1,1,20,0.3857789379350786,-0.49600149163081536,0.5803626179695129
1,1,21,0.2598103051399509,-0.4723823729817289,0.6241554021835327
1,1,22,0.3149215819878193,-0.5038745311805108,0.5719438195228577
1,1,23,0.0866034350466503,-0.007873039549695482,0.9949910640716552
1,1,24,-0.0866034350466503,0.007873039549695482,0.993292510509491
1,1,25,0.1732068700933006,0.850288271367112,0.7062366008758545
1,1,26,-0.05511127684786837,0.7558117967707663,0.7006327509880066
1,1,27,0.015746079099390964,1.582480949488792,0.7403302788734436
1,1,28,-0.14958775144421416,1.5746079099390964,0.7169016003608704
1,1,29,-0.03936519774847741,1.6690843845354422,0.7533569931983948
1,1,30,-0.23619118649086446,1.716322621833615,0.7246701717376709
1,1,31,0.2991755028884283,1.716322621833615,0.7932150959968567
1,1,32,0.14171471189451867,1.7399417404827016,0.7370227575302124
1,2,0,-0.07522051594078927,-1.3862066509088307,0.9987627267837524
1,2,1,-0.03940122263565152,-1.4363536615360235,0.9981480240821838
1,2,2,-0.03223736397462397,-1.4363536615360235,0.9979276061058044
1,2,3,-0.017909646652568872,-1.4363536615360235,0.9983179569244384
1,2,4,-0.046565081296679064,-1.4363536615360235,0.9983680248260498
1,2,5,-0.046565081296679064,-1.4363536615360235,0.9981877207756042
1,2,6,-0.046565081296679064,-1.4291898028749959,0.9985020160675048
1,2,7,0.02507350531359642,-1.3933705095698583,0.9962301850318908
1,2,8,-0.010745787991541323,-1.3862066509088307,0.998232126235962
1,2,9,-0.046565081296679064,-1.3074042056375277,0.9975084066390992
1,2,10,-0.060892798618734166,-1.3002403469765,0.998401701450348
1,2,11,-0.02507350531359642,-1.0208498591964257,0.9985083341598512
1,2,12,-0.046565081296679064,-0.9778667072302604,0.9991574883461
1,2,13,0.20416997183928515,-0.5122158942634697,0.5874862670898438
1,2,14,0.046565081296679064,-0.44057730765319425,0.5052692294120789
1,2,15,-0.14685910255106474,-0.5265436115855249,0.6647505760192871
1,2,16,0.0035819293305137745,-0.13253138522900965,0.5374273657798767
1,2,17,-0.254316982466478,-0.555199046229635,0.6679110527038574
1,2,18,0.0035819293305137745,-0.060892798618734166,0.5419676303863525
1,2,19,-0.2614808411275055,-0.5910183395347728,0.6696904301643372
1,2,20,0.0035819293305137745,-0.060892798618734166,0.541509747505188
1,2,21,-0.22566154782236778,-0.6125099155178554,0.6597408652305603
1,2,22,0.010745787991541323,-0.10387595058489946,0.5339067578315735
1,2,23,0.19700611317825759,-0.017909646652568872,0.995326042175293
1,2,24,-0.19700611317825759,0.017909646652568872,0.9934778809547424
1,2,25,0.1826783958562025,0.7629509473994339,0.7317572832107544
1,2,26,-0.060892798618734166,0.7342955127553238,0.6786724328994751
1,2,27,0.3904302970260014,1.572466976095547,0.761513352394104
1,2,28,0.3187917104157259,1.4578452375191062,0.7022128105163574
1,2,29,0.49788817694141463,1.7372357252991806,0.770233690738678
1,2,30,0.4190857316701116,1.601122410739657,0.7139410972595215
1,2,31,0.08954823326284436,1.7587273012822633,0.8087213635444641
1,2,32,0.02507350531359642,1.6226139867227398,0.7325816750526428
2,1,0,0.11097354038549206,-1.442656025011397,0.9988598823547364
2,1,1,0.07270680232152929,-1.5038828059137372,0.9983089566230774
2,1,2,0.07270680232152929,-1.5038828059137372,0.9981055855751038
2,1,3,0.06505345470873673,-1.5038828059137372,0.998457372188568
2,1,4,0.057400107095944175,-1.4962294583009448,0.9985052943229676
2,1,5,0.04974675948315162,-1.4962294583009448,0.9983392357826232
2,1,6,0.0344400642575665,-1.488576110688152,0.9986274242401124
2,1,7,0.003826673806396278,-1.4503093726241894,0.9965347051620485
2,1,8,-0.0344400642575665,-1.4273493297858117,0.998393714427948
2,1,9,0.12628023561107718,-1.3737758964962639,0.9977266192436218
2,1,10,0.1033201927726995,-1.3661225488834714,0.9985403418540956
2,1,11,0.0344400642575665,-1.0140685586950138,0.9985826015472412
2,1,12,-0.13393358322386972,-0.9834551682438435,0.9992290139198304
2,1,13,0.1415869308366623,-0.5319076590890827,0.5362619161605835
2,1,14,-0.09566684515990695,-0.43241414012277946,0.5531689524650574
2,1,15,0.30230723070530596,-0.6084411352170083,0.6290322542190552
2,1,16,0.23342710219017296,-0.6237478304425933,0.5806435942649841
2,1,17,0.44006748773557197,-0.6390545256681784,0.6360039114952087
2,1,18,0.3635340116076464,-0.6390545256681784,0.5819523334503174
2,1,19,0.4553741829611571,-0.6926279589577263,0.6390909552574158
2,1,20,0.371187359220439,-0.7079346541833115,0.5807900428771973
2,1,21,0.3864940544460241,-0.7002813065705189,0.628607451915741
2,1,22,0.30996057831809853,-0.715588001796104,0.5709748864173889
2,1,23,0.09566684515990695,-0.01913336903198139,0.9953988790512084
2,1,24,-0.09566684515990695,0.01913336903198139,0.9937105178833008
2,1,25,0.12628023561107718,0.784468130311237,0.7001161575317383
2,1,26,-0.07270680232152929,0.7768147826984445,0.7011340260505676
2,1,27,0.01913336903198139,1.5727629344288703,0.7513689994812012
2,1,28,-0.08801349754711439,1.6033763248800406,0.7228504419326782
2,1,29,-0.06505345470873673,1.7105231914591363,0.7569868564605713
2,1,30,-0.18750701651341764,1.748789929523099,0.7246366739273071
2,1,31,0.20281371173900273,1.8865501865533651,0.806829035282135
2,1,32,0.13393358322386972,1.7258298866847215,0.75172358751297
2,2,0,-0.1843820930206125,-1.3970489355792564,0.998960256576538
2,2,1,-0.17019885509595,-1.446690268315575,0.9984622001647948
2,2,2,-0.16310723613361874,-1.446690268315575,0.998278558254242
2,2,3,-0.16310723613361874,-1.4537818872779062,0.998596966266632
2,2,4,-0.17729047405828124,-1.4395986493532438,0.9986369609832764
2,2,5,-0.1843820930206125,-1.4395986493532438,0.9984856843948364
2,2,6,-0.1843820930206125,-1.4395986493532438,0.9987476468086244
2,2,7,-0.2694815205685875,-1.4041405545415875,0.9968608617782592
2,2,8,-0.2978479964179125,-1.389957316616925,0.9985292553901672
2,2,9,-0.1560156171712875,-1.333224364918275,0.9979291558265686
2,2,10,-0.17019885509595,-1.3261327459559438,0.9986419081687928
2,2,11,0.02127485688699375,-1.0141015116133687,0.9987159967422484
2,2,12,-0.19147371198294375,-0.9786434168017125,0.9991848468780518
2,2,13,0.07800780858564375,-0.48932170840085626,0.5821409225463867
2,2,14,-0.0709161896233125,-0.44677199462686873,0.5040044784545898
2,2,15,-0.23402342575693125,-0.6666121824591374,0.6651365160942078
2,2,16,-0.07800780858564375,-0.16310723613361874,0.5347617864608765
2,2,17,-0.3616725670788937,-0.709161896233125,0.6702278852462769
2,2,18,-0.02127485688699375,-0.085099427547975,0.5386754274368286
2,2,19,-0.34748932915423125,-0.7588032289694437,0.6728223562240601
2,2,20,-0.02127485688699375,-0.0992826654726375,0.5375222563743591
2,2,21,-0.31912285330490625,-0.7517116100071125,0.6622609496116638
2,2,22,-0.03545809481165625,-0.1560156171712875,0.5289765000343323
2,2,23,0.0992826654726375,-0.0141832379246625,0.995732307434082
2,2,24,-0.0992826654726375,0.0141832379246625,0.9939711093902588
2,2,25,0.028366475849325,0.765894847931775,0.7260569334030151
2,2,26,-0.1276491413219625,0.7162535151954562,0.6776805520057678
2,2,27,0.2694815205685875,1.5530645527505438,0.7713630795478821
2,2,28,0.21984018783226875,1.41832379246625,0.7035535573959351
2,2,29,0.37585580500355625,1.7019885509595,0.7742471098899841
2,2,30,0.2978479964179125,1.5459729337882124,0.7092501521110535
2,2,31,-0.03545809481165625,1.730355026808825,0.8205623626708984
2,2,32,-0.028366475849325,1.5672477906752063,0.7424168586730957
3,1,0,0.10247214329388424,-1.4611768580794604,0.9990010261535645
3,1,1,0.05692896849660236,-1.5143105620096227,0.9985570311546326
3,1,2,0.04933843936372204,-1.5143105620096227,0.9983810782432556
3,1,3,0.04933843936372204,-1.5143105620096227,0.9986761212348938
3,1,4,0.03415738109796142,-1.5067200328767425,0.9986888766288756
3,1,5,0.0265668519650811,-1.4991295037438621,0.9985318779945374
3,1,6,0.0037952645664401574,-1.4991295037438621,0.9987780451774596
3,1,7,-0.0265668519650811,-1.4611768580794604,0.9970342516899108
3,1,8,-0.0797005558952433,-1.4308147415479393,0.9986003041267396
3,1,9,0.11765320155964487,-1.3928620958835376,0.9980716109275818
3,1,10,0.09488161416100394,-1.3852715667506574,0.9987080693244934
3,1,11,0.06451949762948267,-1.0057451101066417,0.9987958669662476
3,1,12,-0.1859679637555677,-0.990564051840881,0.999232053756714
3,1,13,0.1859679637555677,-0.4895891290707803,0.5536085367202759
3,1,14,-0.04933843936372204,-0.41368383774197715,0.5520080327987671
3,1,15,0.337778546413174,-0.7932102943859929,0.6778799295425415
3,1,16,0.2466921968186102,-0.8159818817846338,0.5796228051185608
3,1,17,0.4440459542734984,-0.846343998316155,0.6788493990898132
3,1,18,0.3529596046789346,-0.869115585714796,0.5810347199440002
3,1,19,0.4364554251406181,-0.9070682313791976,0.6811020374298096
3,1,20,0.3453690755460543,-0.9450208770435992,0.5793353915214539
3,1,21,0.3909122503433362,-0.8994777022463173,0.6680242419242859
3,1,22,0.30741642988165274,-0.9298398187778385,0.5689776539802551
3,1,23,0.11006267242676455,-0.0037952645664401574,0.995849072933197
3,1,24,-0.11006267242676455,0.0037952645664401574,0.9941214323043824
3,1,25,0.16319637635692677,0.7932102943859929,0.6865660548210144
3,1,26,-0.11765320155964487,0.7932102943859929,0.6946812272071838
3,1,27,-0.018976322832200784,1.4687673872123408,0.7494961619377136
3,1,28,-0.16319637635692677,1.5522632076740244,0.7173184156417847
3,1,29,-0.08729108502812362,1.6053969116041864,0.7510089874267578
3,1,30,-0.25428272595149054,1.6964832611987504,0.709997296333313
3,1,31,0.20873955115420864,1.7192548485973913,0.8114356994628906
3,1,32,0.11765320155964487,1.7040737903316305,0.7564696669578552
3,2,0,-0.24955565394779997,-1.4340138323866118,0.9990929961204528
3,2,1,-0.24955565394779997,-1.4936092124338476,0.9986944794654846
3,2,2,-0.234656808935991,-1.4936092124338476,0.9985347390174866
3,2,3,-0.21975796392418206,-1.4936092124338476,0.998802363872528
3,2,4,-0.27935334397141787,-1.486159789927943,0.9988117218017578
3,2,5,-0.27935334397141787,-1.486159789927943,0.9986683130264282
3,2,6,-0.27935334397141787,-1.4787103674220385,0.9988923668861388
3,2,7,-0.1452637388651373,-1.4414632548925161,0.9973224997520448
3,2,8,-0.18996027390056416,-1.4265644098807073,0.9987255334854126
3,2,9,-0.234656808935991,-1.3744184523393759,0.9982478022575378
3,2,10,-0.26445449895960893,-1.3744184523393759,0.9988083839416504
3,2,11,0.0484212462883791,-1.0019473270441521,0.9989041686058044
3,2,12,-0.16761200638285073,-0.9944979045382476,0.999161422252655
3,2,13,0.0037247112529522385,-0.4655889066190298,0.5977224707603455
3,2,14,-0.1452637388651373,-0.44324063910131634,0.5091286897659302
3,2,15,-0.2719039214655134,-0.7486669618433999,0.7090549468994141
3,2,16,-0.2942521889832268,-0.6592738917725461,0.5484684705734253
3,2,17,-0.37619583654817607,-0.8008129193847312,0.7086942791938782
3,2,18,-0.405993526571794,-0.718869271819782,0.5528228282928467
3,2,19,-0.33894872401865367,-0.8604082994319671,0.7105848789215088
3,2,20,-0.39854410406588947,-0.7933634968788268,0.5512476563453674
3,2,21,-0.3091510339950358,-0.8455094544201581,0.6978215575218201
3,2,22,-0.35384756903046266,-0.7784646518670179,0.5416637659072876
3,2,23,0.09311778132380595,-0.0037247112529522385,0.9961593151092528
3,2,24,-0.09311778132380595,0.0037247112529522385,0.9944679141044616
3,2,25,0.011174133758856715,0.8157117643965401,0.7120559215545654
3,2,26,-0.13781431635923283,0.7710152293611133,0.6637630462646484
3,2,27,0.2421062314418955,1.657496507563746,0.7682735323905945
3,2,28,0.19740969640646863,1.515957479951561,0.6961537599563599
3,2,29,0.34639814652455814,1.8139343801877401,0.7684103846549988
3,2,30,0.25700507645370446,1.6649459300696505,0.6944902539253235
3,2,31,-0.055870668794283575,1.8660803377290713,0.8245547413825989
3,2,32,-0.0484212462883791,1.7170918876109817,0.7465590238571167
4,1,0,0.09436467542874155,-1.4862436380026796,0.9991415143013
4,1,1,0.047182337714370776,-1.5412896986694453,0.9987949132919312
4,1,2,0.047182337714370776,-1.5412896986694453,0.9986436367034912
4,1,3,0.047182337714370776,-1.5412896986694453,0.9988930225372314
4,1,4,0.03145489180958052,-1.5334259757170503,0.9988844394683838
4,1,5,0.023591168857185388,-1.525562252764655,0.9987389445304872
4,1,6,0.00786372295239513,-1.51769852981226,0.9989508986473083
4,1,7,-0.023591168857185388,-1.4783799150502843,0.9975209832191468
4,1,8,-0.06290978361916104,-1.4469250232407038,0.9988131523132324
4,1,9,0.11009212133353181,-1.4154701314311233,0.9983856678009032
4,1,10,0.08650095247634643,-1.407606408478728,0.9988805651664734
4,1,11,0.07863722952395129,-1.0144202608589716,0.9989853501319884
4,1,12,-0.18086562790508798,-0.9829653690493911,0.9992107152938844
4,1,13,0.2123205197146685,-0.5425968837152639,0.5771735310554504
4,1,14,0.05504606066676591,-0.4482322082865224,0.556533694267273
4,1,15,0.3460038099053857,-0.912191862477835,0.7268505692481995
4,1,16,0.25163913447664416,-0.9043281395254399,0.5925462245941162
4,1,17,0.44036848533412726,-0.9908290920017863,0.7236179709434509
4,1,18,0.30668519514341,-1.0222839838113669,0.5951474905014038
4,1,19,0.39318614761975645,-1.0694663215257376,0.7250832915306091
4,1,20,0.2673665803814344,-1.1323761051448986,0.5932945609092712
4,1,21,0.36173125581017596,-1.0537388756209474,0.7114362120628357
4,1,22,0.243775411524249,-1.1009212133353181,0.5831106305122375
4,1,23,0.10222839838113668,0.0,0.9963312149047852
4,1,24,-0.10222839838113668,0.0,0.9945754408836364
4,1,25,0.11795584428592694,0.7785085722871178,0.6655709743499756
4,1,26,-0.08650095247634643,0.7863722952395129,0.6695098876953125
4,1,27,-0.11795584428592694,1.5963357593362113,0.7365329265594482
4,1,28,-0.11009212133353181,1.651381820002977,0.7044860124588013
4,1,29,-0.1887293508574831,1.698564157717348,0.7434036731719971
4,1,30,-0.19659307380987823,1.761473941336509,0.6967235207557678
4,1,31,0.12581956723832208,1.7536102183841138,0.808602511882782
4,1,32,0.1887293508574831,1.832247447908065,0.7563756704330444
4,2,0,-0.24101401540781162,-1.4272548724931344,0.9992222785949708
4,2,1,-0.2334823274263175,-1.472445000382099,0.9989110827445984
4,2,2,-0.21088726348183517,-1.472445000382099,0.9987742900848388
4,2,3,-0.19582388751884694,-1.472445000382099,0.9989997744560242
4,2,4,-0.2560773913707998,-1.472445000382099,0.9989907741546632
4,2,5,-0.26360907935229394,-1.472445000382099,0.9988583326339722
4,2,6,-0.27114076733378806,-1.472445000382099,0.9990503191947936
4,2,7,-0.11297531972241169,-1.4347865604746286,0.9977649450302124
4,2,8,-0.1732288235743646,-1.4272548724931344,0.9989214539527892
4,2,9,-0.21088726348183517,-1.3519379926781934,0.998536229133606
4,2,10,-0.24101401540781162,-1.3670013686411815,0.9989729523658752
4,2,11,0.08284856779643525,-1.005480345529464,0.9990702867507936
4,2,12,-0.21088726348183517,-0.9904169695664758,0.9991740584373474
4,2,13,-0.015063375962988226,-0.4857938748063703,0.6189717054367065
4,2,14,-0.27114076733378806,-0.4857938748063703,0.5282321572303772
4,2,15,-0.26360907935229394,-0.8021247700291231,0.7530069351196289
4,2,16,-0.38411608705619976,-0.7870613940661348,0.5894351005554199
4,2,17,-0.3539893351302233,-0.8623782738810759,0.74857497215271
4,2,18,-0.49709140677861147,-0.8397832099365936,0.5904253125190735
4,2,19,-0.30879920724125864,-0.9226317777330288,0.7497546672821045
4,2,20,-0.4594329668711409,-0.8925050258070524,0.5879273414611816
4,2,21,-0.2786724553152822,-0.9151000897515348,0.7365098595619202
4,2,22,-0.4067111510006821,-0.8849733378255583,0.5770400762557983
4,2,23,0.11297531972241169,-0.011297531972241169,0.9965670704841614
4,2,24,-0.11297531972241169,0.011297531972241169,0.9949255585670472
4,2,25,0.037658439907470566,0.8548465858995818,0.6922863721847534
4,2,26,-0.14310207164838815,0.8096564580106171,0.6508011817932129
4,2,27,0.24101401540781162,1.7134590157899108,0.7547860741615295
4,2,28,0.21088726348183517,1.600483696067499,0.6929815411567688
4,2,29,0.3539893351302233,1.871624463401287,0.7594963908195496
4,2,30,0.3012675192597645,1.736054079734393,0.6888001561164856
4,2,31,-0.060253503851952904,1.9092829033087577,0.8207980394363403
4,2,32,-0.022595063944482338,1.796307583586346,0.7523432374000549
5,1,0,0.08685887413334598,-1.4331714232002086,0.9992812275886536
5,1,1,0.031585045139398533,-1.4963415134790057,0.999011218547821
5,1,2,0.031585045139398533,-1.4963415134790057,0.998887062072754
5,1,3,0.031585045139398533,-1.4963415134790057,0.9990912079811096
5,1,4,0.023688783854548902,-1.488445252194156,0.9990758895874025
5,1,5,0.007896261284849633,-1.488445252194156,0.998953640460968
5,1,6,-0.007896261284849633,-1.4805489909093064,0.9991276860237122
5,1,7,-0.031585045139398533,-1.4489639457699077,0.9979719519615172
5,1,8,-0.07896261284849633,-1.4173789006305093,0.999021589756012
5,1,9,0.10265139670304524,-1.362105071636562,0.998669683933258
5,1,10,0.07896261284849633,-1.362105071636562,0.9990569949150084
5,1,11,0.0710663515636467,-1.030462097672877,0.9991535544395448
5,1,12,-0.16582148698184232,-0.9672920073940802,0.9992469549179076
5,1,13,0.2131990546909401,-0.5487901592970496,0.5898354649543762
5,1,14,0.10265139670304524,-0.4856200690182525,0.5745882391929626
5,1,15,0.29216166753943645,-0.990980791248629,0.7592340707778931
5,1,16,0.3158504513939853,-0.9357069622546816,0.6296015977859497
5,1,17,0.3553317578182335,-1.077839665381975,0.7519332766532898
5,1,18,0.4421906319515795,-0.990980791248629,0.6288893818855286
5,1,19,0.3474354965333839,-1.1015284492365238,0.7528460621833801
5,1,20,0.33164297396368464,-1.0936321879516742,0.6261598467826843
5,1,21,0.2842654062545868,-1.1094247105213735,0.7390978336334229
5,1,22,0.2605766224000379,-1.0936321879516742,0.6148542165756226
5,1,23,0.09475513541819561,-0.003948130642424817,0.9968501925468444
5,1,24,-0.09475513541819561,0.003948130642424817,0.9953031539916992
5,1,25,0.06317009027879707,0.8725368719758845,0.658126175403595
5,1,26,-0.09475513541819561,0.8172630429819371,0.6672080755233765
5,1,27,-0.08685887413334598,1.6463704778911485,0.7421517968177795
5,1,28,-0.08685887413334598,1.7332293520244946,0.713003396987915
5,1,29,-0.16582148698184232,1.7727106584487429,0.7525084614753723
5,1,30,-0.17371774826669195,1.8200882261578406,0.7027102708816528
5,1,31,0.15792522569699266,1.788503181018442,0.8161080479621887
5,1,32,0.2131990546909401,1.8595695325820887,0.7683005332946777
5,2,0,-0.2653153731273104,-1.3938399179786871,0.9993386268615724
5,2,1,-0.2503680281623915,-1.4611029703208223,0.9990975856781006
5,2,2,-0.23542068319747264,-1.4611029703208223,0.9989844560623168
5,2,3,-0.22047333823255374,-1.4611029703208223,0.9991703033447266
5,2,4,-0.2653153731273104,-1.4611029703208223,0.999152421951294
5,2,5,-0.25784170064485096,-1.4611029703208223,0.9990392327308656
5,2,6,-0.25784170064485096,-1.4611029703208223,0.9991996884346008
5,2,7,-0.13078926844304034,-1.423734607908525,0.9981604218482972
5,2,8,-0.16815763085533758,-1.4162609354260656,0.9990943670272828
5,2,9,-0.2279470107150132,-1.3265768656365522,0.9987727999687196
5,2,10,-0.2503680281623915,-1.3265768656365522,0.9991045594215392
5,2,11,0.033631526171067516,-1.0052089488907958,0.9992153644561768
5,2,12,-0.16815763085533758,-0.9902616039258769,0.9991711974143982
5,2,13,-0.1233155959605809,-0.5044728925660128,0.630156934261322
5,2,14,-0.20552599326763485,-0.5343675824958506,0.5408431887626648
5,2,15,-0.30268373553960765,-0.8706828442065258,0.7821900248527527
5,2,16,-0.36247311539928323,-0.8034197918643907,0.6159407496452332
5,2,17,-0.3774204603642021,-0.9229985515837419,0.7743290662765503
5,2,18,-0.46710453015371556,-0.8482618267591474,0.614302396774292
5,2,19,-0.3101574080220671,-0.9678405864784986,0.7750357389450073
5,2,20,-0.43720984022387777,-0.908051206618823,0.6108570694923401
5,2,21,-0.30268373553960765,-0.9678405864784986,0.7616826891899109
5,2,22,-0.392367805329121,-0.9005775341363635,0.5985406637191772
5,2,23,0.06352621610090531,-0.0037368362412297245,0.9969269633293152
5,2,24,-0.06352621610090531,0.0037368362412297245,0.9954305291175842
5,2,25,-0.01868418120614862,0.8557354992416069,0.6845795512199402
5,2,26,0.01868418120614862,0.8258408093117691,0.6360510587692261
5,2,27,0.18310497582025648,1.6778394723121461,0.7586934566497803
5,2,28,0.1980523207851754,1.6105764199700112,0.6897233724594116
5,2,29,0.27278904560976985,1.7974182320314973,0.7677245736122131
5,2,30,0.25784170064485096,1.7226815072069028,0.6866130828857422
5,2,31,-0.08594723354828365,1.8646812843736325,0.8263890147209167
5,2,32,-0.033631526171067516,1.7675235421016595,0.7561773657798767
6,1,0,0.0816373177831589,-1.434484298189792,0.99939227104187
6,1,1,0.027212439261052965,-1.4889091767118978,0.9991811513900756
6,1,2,0.027212439261052965,-1.496684159357913,0.9990783929824828
6,1,3,0.027212439261052965,-1.496684159357913,0.9992465972900392
6,1,4,0.019437456615037832,-1.4811341940658829,0.9992260336875916
6,1,5,0.0038874913230075663,-1.4733592114198677,0.999121367931366
6,1,6,-0.0038874913230075663,-1.4733592114198677,0.9992661476135254
6,1,7,-0.0349874219070681,-1.442259280835807,0.9983301758766174
6,1,8,-0.06608735249112863,-1.4033843676057314,0.9991779923439026
6,1,9,0.10496226572120429,-1.3645094543756557,0.9988853335380554
6,1,10,0.0816373177831589,-1.3567344717296406,0.999179184436798
6,1,11,0.0349874219070681,-1.0301852005970051,0.9992842674255372
6,1,12,-0.12051223101323455,-0.967985339428884,0.999242663383484
6,1,13,0.18271209218135562,-0.555911259190082,0.6012114882469177
6,1,14,0.14383717895127995,-0.501486380667976,0.5856963992118835
6,1,15,0.2837868665795523,-1.0146352353049748,0.7867031097412109
6,1,16,0.33821174510165825,-0.9291104261988083,0.6532744765281677
6,1,17,0.33821174510165825,-1.1157100097031716,0.7764067649841309
6,1,18,0.4626114674379004,-0.9835353047209143,0.6501618027687073
6,1,19,0.2993368318715826,-1.1623599055792624,0.7770453095436096
6,1,20,0.36153669303970365,-1.076835096473096,0.6465819478034973
6,1,21,0.2837868665795523,-1.1234849923491868,0.7633415460586548
6,1,22,0.2915618492255675,-1.076835096473096,0.633963942527771
6,1,23,0.058312369845113496,-0.0038874913230075663,0.9971538782119752
6,1,24,-0.058312369845113496,0.0038874913230075663,0.99569970369339
6,1,25,0.04276240455308323,0.8280356518006117,0.6458961963653564
6,1,26,-0.04276240455308323,0.7969357212165511,0.6519514322280884
6,1,27,-0.08941230042917403,1.5666590031720493,0.7420859932899475
6,1,28,-0.09718728307518916,1.675508760216261,0.7096216678619385
6,1,29,-0.1593871442433102,1.7066086908003215,0.7564368844032288
6,1,30,-0.18271209218135562,1.7688085519684427,0.7004826664924622
6,1,31,0.17493710953534047,1.7143836734463367,0.8201450705528259
6,1,32,0.21381202276541614,1.7999084825525031,0.7716718316078186
6,2,0,-0.26164248202207147,-1.3904429044601512,0.999434769153595
6,2,1,-0.26164248202207147,-1.4577223998372553,0.9992452263832092
6,2,2,-0.24669148304938165,-1.4651978993236001,0.999150276184082
6,2,3,-0.22426498459034697,-1.4651978993236001,0.9993044137954712
6,2,4,-0.2765934809947613,-1.4577223998372553,0.999281108379364
6,2,5,-0.2765934809947613,-1.4577223998372553,0.9991823434829712
6,2,6,-0.2765934809947613,-1.4577223998372553,0.9993185997009276
6,2,7,-0.12708349126786328,-1.4278204018918756,0.998474419116974
6,2,8,-0.17193648818593268,-1.405393903432841,0.9992221593856812
6,2,9,-0.22426498459034697,-1.330638908569392,0.9989584684371948
6,2,10,-0.24669148304938165,-1.323163409083047,0.9992043375968932
6,2,11,0.022426498459034695,-1.0166679301429062,0.9993332624435424
6,2,12,-0.14950998972689797,-0.9792904327111818,0.99920654296875
6,2,13,-0.13455899075420819,-0.5232849640441429,0.6404301524162292
6,2,14,-0.18688748715862247,-0.5158094645577981,0.5581867694854736
6,2,15,-0.2765934809947613,-0.8970599383613879,0.8069271445274353
6,2,16,-0.3513484758582103,-0.814829444011594,0.6432957053184509
6,2,17,-0.3513484758582103,-0.9568639342521471,0.7963897585868835
6,2,18,-0.44852996918069393,-0.8596824409296634,0.637963593006134
6,2,19,-0.30649547894014084,-1.0091924306565614,0.796840250492096
6,2,20,-0.41862797123531437,-0.9120109373340777,0.6338502168655396
6,2,21,-0.2840689804811062,-0.9942414316838716,0.7834082841873169
6,2,22,-0.38125047380358984,-0.9120109373340777,0.6203560829162598
6,2,23,0.04485299691806939,-0.007475499486344899,0.9971977472305298
6,2,24,-0.04485299691806939,0.007475499486344899,0.9958273768424988
6,2,25,-0.08970599383613878,0.8223049434979389,0.6733450293540955
6,2,26,0.06727949537710409,0.8223049434979389,0.619320809841156
6,2,27,0.17941198767227756,1.622183388536843,0.7593775391578674
6,2,28,0.20183848613131228,1.629658888023188,0.686562180519104
6,2,29,0.2915444799674511,1.764217878777396,0.7722194194793701
6,2,30,0.2915444799674511,1.771693378263741,0.6863341927528381
6,2,31,-0.08223049434979389,1.8240218746681554,0.8308659791946411
6,2,32,-0.03737749743172449,1.771693378263741,0.759361982345581
7,1,0,0.04271884926996517,-1.4136055576606656,0.9994709491729736
7,1,1,-0.0038835317518150156,-1.483509129193336,0.9993113279342652
7,1,2,-0.0038835317518150156,-1.483509129193336,0.9992243647575378
7,1,3,-0.0038835317518150156,-1.483509129193336,0.9993651509284972
7,1,4,-0.019417658759075078,-1.4757420656897058,0.9993339776992798
7,1,5,-0.03495178576633514,-1.4679750021860758,0.9992408156394958
7,1,6,-0.04271884926996517,-1.4679750021860758,0.9993657469749452
7,1,7,-0.058252976277225234,-1.4369067481715558,0.9986096024513244
7,1,8,-0.11262242080263545,-1.4058384941570357,0.9992890357971193
7,1,9,0.06602003978085526,-1.3437019861279953,0.999048113822937
7,1,10,0.03495178576633514,-1.3359349226243653,0.999259114265442
7,1,11,0.058252976277225234,-1.0252523824791642,0.9993906617164612
7,1,12,-0.18252599233530573,-0.9708829379537539,0.9992675185203552
7,1,13,0.1980601193425658,-0.5669956357649922,0.6153919100761414
7,1,14,0.12815654780989552,-0.504859127735952,0.6014658212661743
7,1,15,0.3922367069333166,-0.9398146839392337,0.8133629560470581
7,1,16,0.1747589288316757,-1.0407865094864241,0.6783148646354675
7,1,17,0.5475779770059171,-0.9786500014573839,0.8004520535469055
7,1,18,0.1747589288316757,-1.1417583350336145,0.6724334955215454
7,1,19,0.5165097229913971,-1.009718255471904,0.8006259202957153
7,1,20,0.11262242080263545,-1.1805936525517646,0.6684039831161499
7,1,21,0.4621402784659868,-1.001951191968274,0.7871862053871155
7,1,22,0.12815654780989552,-1.1417583350336145,0.6552937626838684
7,1,23,0.08932123029174535,0.0,0.9974271655082704
7,1,24,-0.08932123029174535,0.0,0.9961432814598083
7,1,25,0.0504859127735952,0.7611722233557431,0.6384034752845764
7,1,26,-0.0504859127735952,0.8388428583920433,0.6411017179489136
7,1,27,-0.10485535729900541,1.5844809547405263,0.744616687297821
7,1,28,-0.11262242080263545,1.6621515897768266,0.7075772881507874
7,1,29,-0.18252599233530573,1.7165210343022368,0.7617730498313904
7,1,30,-0.1980601193425658,1.7708904788276472,0.6999739408493042
7,1,31,0.12038948430626548,1.755356351820387,0.8248419165611267
7,1,32,0.1747589288316757,1.809725796345797,0.7752142548561096
7,2,0,-0.26477946839974725,-1.3692881080101216,0.9994999170303344
7,2,1,-0.23451895772549045,-1.4449393846957637,0.9993572235107422
7,2,2,-0.21938870238836203,-1.4449393846957637,0.9992775321006776
7,2,3,-0.2042584470512336,-1.4449393846957637,0.9994072914123536
7,2,4,-0.25721434073118304,-1.4449393846957637,0.9993694424629213
7,2,5,-0.25721434073118304,-1.4449393846957637,0.9992777109146118
7,2,6,-0.25721434073118304,-1.4525045123643279,0.999395787715912
7,2,7,-0.11347691502846312,-1.4071137463529426,0.9987185001373292
7,2,8,-0.17399793637697678,-1.4071137463529426,0.9992989897727966
7,2,9,-0.22695383005692624,-1.3012019589930437,0.9990869164466858
7,2,10,-0.24964921306261884,-1.3012019589930437,0.9992337822914124
7,2,11,0.03782563834282104,-0.9985968522504753,0.9994149804115297
7,2,12,-0.14373742570271994,-0.9985968522504753,0.9990574717521667
7,2,13,-0.12860717036559152,-0.5371240644680587,0.6529402732849121
7,2,14,-0.22695383005692624,-0.5295589367994945,0.5628010034561157
7,2,15,-0.2950399790740041,-0.8775548095534481,0.8307032585144043
7,2,16,-0.400951766433903,-0.8926850648905765,0.6537910103797913
7,2,17,-0.3706912557596462,-0.9380758309019618,0.8177407383918762
7,2,18,-0.5371240644680587,-0.9532060862390902,0.6467073559761047
7,2,19,-0.3253004897482609,-0.9834665969133469,0.8177648186683655
7,2,20,-0.5144286814623661,-0.9985968522504753,0.6423489451408386
7,2,21,-0.2950399790740041,-0.9683363415762185,0.8045280575752258
7,2,22,-0.4614727877824167,-0.9834665969133469,0.6296020746231079
7,2,23,0.07565127668564207,0.0,0.9974043369293212
7,2,24,-0.07565127668564207,0.0,0.9960766434669496
7,2,25,0.06808614901707787,0.8245989158734987,0.6614410281181335
7,2,26,-0.022695383005692623,0.8321640435420629,0.6057121157646179
7,2,27,0.21182357471979782,1.6113721934041763,0.7581153512001038
7,2,28,0.16643280870841257,1.5811116827299194,0.6798419952392578
7,2,29,0.3101702344111325,1.7929352574497173,0.7698473334312439
7,2,30,0.26477946839974725,1.7324142361012036,0.6787302494049072
7,2,31,-0.0983466596913347,1.853456278798231,0.8320524096488953
7,2,32,-0.09078153202277049,1.7626747467754604,0.7589836716651917
8,1,0,0.050119882442500416,-1.3956459572450117,0.9995349049568176
8,1,1,0.011566126717500097,-1.4650427175500123,0.9994133114814758
8,1,2,0.011566126717500097,-1.4650427175500123,0.9993395805358888
8,1,3,0.003855375572500032,-1.4650427175500123,0.999457836151123
8,1,4,-0.011566126717500097,-1.4573319664050122,0.9994193911552428
8,1,5,-0.026987629007500225,-1.449621215260012,0.9993342757225036
8,1,6,-0.03469838015250029,-1.449621215260012,0.9994421005249025
8,1,7,-0.057830633587500485,-1.4110674595350117,0.9988305568695068
8,1,8,-0.119516642747501,-1.3879352061000116,0.9993627071380616
8,1,9,0.07325213587750061,-1.326249196940011,0.999167263507843
8,1,10,0.04240913129750035,-1.326249196940011,0.9992941617965698
8,1,11,0.07325213587750061,-1.0178191511400085,0.999457836151123
8,1,12,-0.1812026519075015,-0.9792653954150081,0.999139130115509
8,1,13,0.2274671587775019,-0.593727838165005,0.630563497543335
8,1,14,0.13493814503750112,-0.5243310778600043,0.6059871315956116
8,1,15,0.34312842595250287,-1.0023976488500084,0.8261684775352478
8,1,16,0.2583101633575022,-1.0101083999950085,0.687763512134552
8,1,17,0.41252518625750345,-1.0563729068650087,0.8088563680648804
8,1,18,0.3199961725175027,-1.0949266625900091,0.6801015138626099
8,1,19,0.3816821816775032,-1.0949266625900091,0.808422327041626
8,1,20,0.2505994122125021,-1.1489019206050095,0.6758115291595459
8,1,21,0.3354176748075028,-1.087215911445009,0.795085072517395
8,1,22,0.2274671587775019,-1.1257696671700095,0.6631495356559753
8,1,23,0.0963843893125008,0.0,0.9976011514663696
8,1,24,-0.0963843893125008,0.0,0.9963597655296326
8,1,25,0.04240913129750035,0.8096288702250067,0.621461808681488
8,1,26,-0.0963843893125008,0.7633643633550063,0.6224257349967957
8,1,27,-0.119516642747501,1.549860980145013,0.7357551455497742
8,1,28,-0.14264889618250118,1.6115469893050134,0.6982592940330505
8,1,29,-0.2043349053425017,1.680943749610014,0.7542119026184082
8,1,30,-0.21975640763250184,1.7349190076250145,0.6904311180114746
8,1,31,0.0963843893125008,1.7349190076250145,0.8206573128700256
8,1,32,0.12722739389250107,1.7580512610600147,0.772388219833374
8,2,0,-0.04071282656086829,-1.3435232765086536,0.9995718002319336
8,2,1,-0.025908162356916183,-1.410144265426438,0.9994644522666932
8,2,2,-0.018505830254940132,-1.410144265426438,0.9993971586227416
8,2,3,-0.011103498152964079,-1.410144265426438,0.9995049238204956
8,2,4,-0.04811515866284434,-1.410144265426438,0.9994675517082214
8,2,5,-0.04811515866284434,-1.410144265426438,0.9993874430656432
8,2,6,-0.05551749076482039,-1.410144265426438,0.9994869232177734
8,2,7,-0.09252915127470066,-1.3731326049165578,0.9989376068115234
8,2,8,-0.12213847968260487,-1.3731326049165578,0.9994111061096193
8,2,9,-0.011103498152964079,-1.276902287590869,0.9992270469665528
8,2,10,-0.03331049445889223,-1.276902287590869,0.9993339776992798
8,2,11,0.07772448707074855,-1.003015999817755,0.9994907379150392
8,2,12,-0.0037011660509880264,-0.9956136677157791,0.9990997314453124
8,2,13,0.07772448707074855,-0.558876073699192,0.6667824387550354
8,2,14,0.06291982286679644,-0.4922550847814075,0.5526555776596069
8,2,15,-0.19616180070236539,-0.9215903466960186,0.841566801071167
8,2,16,0.011103498152964079,-0.3812201032517667,0.6305515170097351
8,2,17,-0.28498978592607804,-1.0178206640217071,0.8241085410118103
8,2,18,0.07772448707074855,-0.3516107748438625,0.625725507736206
8,2,19,-0.24057579331422171,-1.0400276603276353,0.8236327767372131
8,2,20,0.05551749076482039,-0.3960247674557188,0.6219859719276428
8,2,21,-0.21836879700829354,-1.010418331919731,0.8104878067970276
8,2,22,0.018505830254940132,-0.4108294316596709,0.610673725605011
8,2,23,0.05551749076482039,-0.0037011660509880264,0.997677445411682
8,2,24,-0.05551749076482039,0.0037011660509880264,0.996444821357727
8,2,25,0.06291982286679644,0.8031530330644017,0.6470966339111328
8,2,26,0.0703221549687725,0.7957507009624256,0.5907407402992249
8,2,27,0.2701851217221259,1.6248118963837435,0.748939037322998
8,2,28,0.23317346121224566,1.5359839111600309,0.6713268160820007
8,2,29,0.37381777114979065,1.7876632026272166,0.7668693661689758
8,2,30,0.32940377853793434,1.691432885301528,0.6694552302360535
8,2,31,0.05551749076482039,1.8172725310351208,0.8273211121559143
8,2,32,0.10733381547865276,1.698835217403504,0.7519394159317017
9,1,0,0.0841129540361682,-1.3840404255042222,0.9996023178100586
9,1,1,0.045879793110637196,-1.4528601151701779,0.999509871006012
9,1,2,0.045879793110637196,-1.4528601151701779,0.9994481801986694
9,1,3,0.045879793110637196,-1.4528601151701779,0.9995450973510742
9,1,4,0.0305865287404248,-1.4452134829850718,0.9995076060295104
9,1,5,0.0152932643702124,-1.4375668507999655,0.9994345903396606
9,1,6,0.0,-1.4375668507999655,0.999524712562561
9,1,7,-0.0305865287404248,-1.4069803220595407,0.9990264177322388
9,1,8,-0.09175958622127439,-1.3840404255042222,0.9994640946388244
9,1,9,0.0994062184063806,-1.3152207358382664,0.9992934465408324
9,1,10,0.0841129540361682,-1.3152207358382664,0.9993878602981568
9,1,11,0.0,-1.0093554484340184,0.999525785446167
9,1,12,-0.1299927471468054,-0.9864155518786998,0.9991820454597472
9,1,13,0.1605792758872302,-0.5276176207723278,0.6199305653572083
9,1,14,0.1376393793319116,-0.4817378276616906,0.5955626368522644
9,1,15,0.3135119195893542,-0.9175958622127439,0.8146696090698242
9,1,16,0.305865287404248,-0.8564228047318944,0.6644966006278992
9,1,17,0.4282114023659472,-1.001708816248912,0.7957931756973267
9,1,18,0.420564770180841,-0.9405357587680625,0.6563470959663391
9,1,19,0.4052715058106286,-1.0475886093595494,0.7961251139640808
9,1,20,0.3899782414404162,-0.994062184063806,0.6521220803260803
9,1,21,0.3593917126999914,-1.032295344989337,0.7827350497245789
9,1,22,0.3364518161446728,-0.9787689196935936,0.6394667625427246
9,1,23,0.0611730574808496,-0.0076466321851062,0.9977989196777344
9,1,24,-0.0611730574808496,0.0076466321851062,0.9965898394584656
9,1,25,0.045879793110637196,0.7264300575850889,0.6043478846549988
9,1,26,-0.045879793110637196,0.7417233219553013,0.6006531119346619
9,1,27,-0.038233160925531,1.5140331726510274,0.7207443118095398
9,1,28,-0.0841129540361682,1.5981461266871957,0.6856591701507568
9,1,29,-0.1070528505914868,1.6516725519829392,0.7443410158157349
9,1,30,-0.14528601151701778,1.6975523450935763,0.6794573664665222
9,1,31,0.152932643702124,1.6975523450935763,0.8136170506477356
9,1,32,0.18351917244254878,1.7128456094637887,0.7626805901527405
9,2,0,-0.125912109168596,-1.3331870382557225,0.9996289014816284
9,2,1,-0.125912109168596,-1.3924397955115322,0.999547004699707
9,2,2,-0.125912109168596,-1.3998463901685085,0.9994900822639464
9,2,3,-0.125912109168596,-1.3998463901685085,0.999578893184662
9,2,4,-0.14072529848254847,-1.3924397955115322,0.999542236328125
9,2,5,-0.1481318931395247,-1.3924397955115322,0.9994713068008424
9,2,6,-0.1629450824534772,-1.3998463901685085,0.9995562434196472
9,2,7,-0.1036923251976673,-1.3702200115406036,0.99910968542099
9,2,8,-0.17775827176742964,-1.3628134168836272,0.999494969844818
9,2,9,-0.08887913588371482,-1.2665276863429362,0.9993311166763306
9,2,10,-0.11109891985464353,-1.2665276863429362,0.9994107484817504
9,2,11,-0.007406594656976235,-1.0147034680057443,0.999549388885498
9,2,12,-0.022219783970928705,-0.9850770893778393,0.9991676807403564
9,2,13,-0.02962637862790494,-0.5184616259883364,0.6569273471832275
9,2,14,-0.04443956794185741,-0.48883524736043155,0.5423280000686646
9,2,15,-0.2740440023081207,-0.8221320069243622,0.8299517035484314
9,2,16,-0.07406594656976236,-0.28145059696509694,0.6089876294136047
9,2,17,-0.3629231381918355,-0.8665715748662195,0.8103134036064148
9,2,18,0.11109891985464353,-0.1629450824534772,0.6041104197502136
9,2,19,-0.3332967595639306,-0.9184177374650532,0.8104544281959534
9,2,20,-0.07406594656976236,-0.26663740765114446,0.6006953120231628
9,2,21,-0.30367038093602566,-0.9110111428080769,0.7969866394996643
9,2,22,-0.07406594656976236,-0.2888571916220732,0.5896546244621277
9,2,23,0.007406594656976235,-0.007406594656976235,0.9978709816932678
9,2,24,-0.007406594656976235,0.007406594656976235,0.9967072010040284
9,2,25,0.022219783970928705,0.7406594656976235,0.6320123076438904
9,2,26,0.04443956794185741,0.755472655011576,0.576843798160553
9,2,27,0.22219783970928705,1.6294508245347719,0.7369343638420105
9,2,28,0.2296044343662633,1.5924178512498905,0.6675840020179749
9,2,29,0.31848357024997814,1.7849893123312728,0.757527768611908
9,2,30,0.3110769755930019,1.7405497443894153,0.6659649610519409
9,2,31,-0.02962637862790494,1.8146156909591777,0.8221019506454468
9,2,32,0.007406594656976235,1.733143149732439,0.7481860518455505
10,1,0,0.06131933708866144,-1.3873500016309652,0.9996514320373536
10,1,1,0.03065966854433072,-1.4486693387196266,0.9995806813240052
10,1,2,0.03065966854433072,-1.4486693387196266,0.9995269775390624
10,1,3,0.02299475140824804,-1.4486693387196266,0.9996070861816406
10,1,4,0.01532983427216536,-1.4410044215835438,0.9995729923248292
10,1,5,0.0,-1.4410044215835438,0.9995077252388
10,1,6,-0.02299475140824804,-1.4333395044474613,0.9995865225791932
10,1,7,-0.0383245856804134,-1.4026798359031305,0.9991698861122132
10,1,8,-0.09964392276907484,-1.3796850844948825,0.9995378851890564
10,1,9,0.08431408849690948,-1.318365747406221,0.9993827939033508
10,1,10,0.06131933708866144,-1.3107008302701384,0.9994547367095948
10,1,11,0.0,-1.0117690619629138,0.9995604753494264
10,1,12,-0.16862817699381896,-0.981109393418583,0.999242901802063
10,1,13,0.1149737570412402,-0.5212143652536223,0.609699010848999
10,1,14,0.06898425422474412,-0.4675599453010435,0.5863322615623474
10,1,15,0.2989317683072245,-0.8738005535134256,0.7988381385803223
10,1,16,0.2682720997628938,-0.8124812164247641,0.6456530690193176
10,1,17,0.41390552534846475,-0.9197900563299216,0.7776110768318176
10,1,18,0.40624060821238206,-0.8584707192412602,0.6382593512535095
10,1,19,0.38324585680413403,-0.9657795591464178,0.7781699895858765
10,1,20,0.36025110539588595,-0.9274549734660044,0.6344961524009705
10,1,21,0.3372563539876379,-0.958114642010335,0.7647882699966431
10,1,22,0.3219265197154726,-0.9197900563299216,0.6221956014633179
10,1,23,0.0766491713608268,-0.00766491713608268,0.9978451132774352
10,1,24,-0.0766491713608268,0.00766491713608268,0.9967067837715148
10,1,25,0.06131933708866144,0.7281671279278547,0.5926966667175293
10,1,26,-0.0766491713608268,0.74349696220002,0.5879504084587097
10,1,27,-0.05365441995257876,1.5176535929443706,0.7084422707557678
10,1,28,-0.09964392276907484,1.6172975157134455,0.6804050207138062
10,1,29,-0.12263867417732288,1.6632870185299415,0.7327255606651306
10,1,30,-0.16862817699381896,1.7169414384825203,0.6728882193565369
10,1,31,0.1532983427216536,1.701611604210355,0.8076514005661011
10,1,32,0.14563342558557094,1.7322712727546858,0.7585402727127075
10,2,0,-0.20605284562287327,-1.3355277031112156,0.9996820092201232
10,2,1,-0.22131601937271572,-1.4042119849855066,0.9996185302734376
10,2,2,-0.20605284562287327,-1.4118435718604279,0.999569833278656
10,2,3,-0.19078967187303078,-1.4118435718604279,0.9996424913406372
10,2,4,-0.24421077999747942,-1.4042119849855066,0.9996104836463928
10,2,5,-0.25184236687240064,-1.4042119849855066,0.9995498061180116
10,2,6,-0.25947395374732185,-1.4042119849855066,0.9996218681335448
10,2,7,-0.11447380312381847,-1.388948811235664,0.9992480278015136
10,2,8,-0.18315808499810957,-1.3736856374858217,0.9995752573013306
10,2,9,-0.19078967187303078,-1.2592118343620031,0.9994341135025024
10,2,10,-0.21368443249779448,-1.2744750081118457,0.9994953870773317
10,2,11,0.030526347499684928,-1.0150010543645238,0.99959534406662
10,2,12,-0.07631586874921231,-0.9844747068648388,0.9992600083351136
10,2,13,-0.11447380312381847,-0.5189479074946437,0.6481344699859619
10,2,14,-0.15263173749842462,-0.4578952124952739,0.5367391705513
10,2,15,-0.3357898224965342,-0.8242113824914931,0.8172094225883484
10,2,16,-0.21368443249779448,-0.18315808499810957,0.5978443026542664
10,2,17,-0.42736886499558896,-0.8623693168660992,0.7962657809257507
10,2,18,-0.038157934374606156,-0.030526347499684928,0.5932658314704895
10,2,19,-0.39684251749590405,-0.9081588381156266,0.7966461777687073
10,2,20,0.0,-0.038157934374606156,0.5904291272163391
10,2,21,-0.36631616999621913,-0.9005272512407053,0.7836247086524963
10,2,22,-0.038157934374606156,-0.10684221624889724,0.580165684223175
10,2,23,0.04578952124952739,-0.007631586874921232,0.9979538321495056
10,2,24,-0.04578952124952739,0.007631586874921232,0.9968398809432985
10,2,25,0.038157934374606156,0.8013166218667294,0.6206457614898682
10,2,26,0.061052694999369855,0.7936850349918081,0.5669385194778442
10,2,27,0.18315808499810957,1.7323702206071196,0.7245544195175171
10,2,28,0.22131601937271572,1.6713175256077497,0.6600490808486938
10,2,29,0.2900003012470068,1.9155283056052292,0.7438982725143433
10,2,30,0.3128950618717705,1.8392124368560168,0.6572375893592834
10,2,31,-0.11447380312381847,1.9231598924801503,0.8142169117927551
10,2,32,-0.07631586874921231,1.808686089356332,0.7403094172477722
11,1,0,0.0737687482142034,-1.3977236503743802,0.9997007846832277
11,1,1,0.04270822265032828,-1.4598447015021305,0.9996474385261536
11,1,2,0.04270822265032828,-1.4598447015021305,0.9996017217636108
11,1,3,0.04270822265032828,-1.4598447015021305,0.9996671080589294
11,1,4,0.01941282847742195,-1.4520795701111617,0.9996371269226074
11,1,5,0.0038825656954843894,-1.4520795701111617,0.9995810389518738
11,1,6,-0.011647697086453168,-1.444314438720193,0.9996473789215088
11,1,7,-0.01941282847742195,-1.4210190445472866,0.9993016123771667
11,1,8,-0.08153387960517218,-1.3899585189834114,0.9996118545532228
11,1,9,0.08929901099614096,-1.3200723364646925,0.9994797110557556
11,1,10,0.0737687482142034,-1.3200723364646925,0.9995339512825012
11,1,11,0.01941282847742195,-1.01723221221691,0.9996098875999452
11,1,12,-0.1514200621238912,-0.9784065552620661,0.9993267059326172
11,1,13,0.1436549307329224,-0.528028934585877,0.6058661341667175
11,1,14,0.08153387960517218,-0.4503776206761892,0.5810598731040955
11,1,15,0.3300180841161731,-0.8929901099614096,0.7906162142753601
11,1,16,0.27566216437939167,-0.8231039274426906,0.6357250809669495
11,1,17,0.4309647921987672,-0.9318157669162535,0.768265962600708
11,1,18,0.39990426663489215,-0.877459847179472,0.628895103931427
11,1,19,0.39990426663489215,-0.9784065552620661,0.7690209746360779
11,1,20,0.38437400385295456,-0.9395808983072222,0.6257109045982361
11,1,21,0.36107860968004823,-0.9784065552620661,0.7564733028411865
11,1,22,0.34554834689811065,-0.9318157669162535,0.6141596436500549
11,1,23,0.0737687482142034,-0.007765131390968779,0.9979589581489564
11,1,24,-0.0737687482142034,0.007765131390968779,0.9968528151512146
11,1,25,0.0737687482142034,0.7532177449239715,0.5883698463439941
11,1,26,-0.08929901099614096,0.7765131390968779,0.5817475318908691
11,1,27,-0.05047335404129706,1.545261146802787,0.7025931477546692
11,1,28,-0.12035953656001608,1.6462078548853811,0.6750606298446655
11,1,29,-0.10482927377807852,1.685033511840225,0.7230237722396851
11,1,30,-0.18248058768776632,1.7471545629679752,0.6644591689109802
11,1,31,0.16695032490582876,1.7471545629679752,0.8027809858322144
11,1,32,0.1436549307329224,1.7704499571408816,0.7519699931144714
11,2,0,-0.17760485380218016,-1.3552022540122877,0.999726951122284
11,2,1,-0.2007707042981167,-1.4246998055000974,0.9996788501739502
11,2,2,-0.18532680396749235,-1.4246998055000974,0.9996375441551208
11,2,3,-0.16988290363686798,-1.4246998055000974,0.9996967315673828
11,2,4,-0.23165850495936544,-1.4169778553347852,0.9996686577796936
11,2,5,-0.23938045512467762,-1.4169778553347852,0.9996166825294496
11,2,6,-0.24710240528998978,-1.4169778553347852,0.9996772408485411
11,2,7,-0.09266340198374617,-1.4015339550041608,0.9993667602539062
11,2,8,-0.16988290363686798,-1.3860900546735364,0.9996432065963744
11,2,9,-0.1544390033062436,-1.277982752359166,0.9995218515396118
11,2,10,-0.17760485380218016,-1.285704702524478,0.9995673298835754
11,2,11,0.061775601322497445,-1.0154364467385517,0.9996429085731506
11,2,12,-0.06949755148780963,-0.9845486460773031,0.999348521232605
11,2,13,-0.09266340198374617,-0.5289535863238843,0.6447678804397583
11,2,14,-0.13127315281030708,-0.4440121345054504,0.5318087935447693
11,2,15,-0.26254630562061415,-0.8455535431016838,0.8102694749832153
11,2,16,-0.061775601322497445,-0.09652437706640227,0.58981853723526
11,2,17,-0.3552097076043603,-0.8841632939282447,0.7887916564941406
11,2,18,0.08494145181843399,0.0038609750826560903,0.5860165953636169
11,2,19,-0.33976580727373595,-0.9304949949201178,0.789349377155304
11,2,20,0.0386097508265609,-0.034748775743904815,0.58360755443573
11,2,21,-0.3011560564471751,-0.9227730447548056,0.777162492275238
11,2,22,0.015443900330624361,-0.05019267607452917,0.5739380717277527
11,2,23,0.0386097508265609,-0.0038609750826560903,0.9980902671813964
11,2,24,-0.0386097508265609,0.0038609750826560903,0.997032105922699
11,2,25,-0.0386097508265609,0.8301096427710595,0.6208824515342712
11,2,26,0.054053651157185266,0.8378315929363717,0.5644301176071167
11,2,27,0.16988290363686798,1.749021712443209,0.722788393497467
11,2,28,0.21621460462874106,1.710411961616648,0.6590451598167419
11,2,29,0.27026825578592634,1.9111826659147648,0.7378206253051758
11,2,30,0.2934341062818629,1.8648509649228917,0.6531780958175659
11,2,31,-0.08494145181843399,1.9497924167413256,0.813163161277771
11,2,32,-0.09266340198374617,1.8648509649228917,0.739250123500824
12,1,0,0.08094544298564334,-1.379927075660015,0.9997473359107972
12,1,1,0.0423999939448608,-1.4493088839334236,0.9997060894966124
12,1,2,0.0423999939448608,-1.45701797374158,0.9996678829193116
12,1,3,0.05010908375301731,-1.45701797374158,0.99972003698349
12,1,4,0.01927272452039127,-1.4415997941252672,0.9996957778930664
12,1,5,0.003854544904078254,-1.4338907043171105,0.9996486902236938
12,1,6,-0.011563634712234762,-1.4338907043171105,0.9997037649154664
12,1,7,-0.003854544904078254,-1.4184725247007977,0.9994165301322936
12,1,8,-0.08865453279379985,-1.379927075660015,0.9996767640113832
12,1,9,0.09636362260195636,-1.3105452673866065,0.9995631575584412
12,1,10,0.07323635317748683,-1.3105452673866065,0.999605119228363
12,1,11,0.05010908375301731,-1.0253089444848156,0.9996598362922668
12,1,12,-0.16574543087536495,-0.9713453158277201,0.9994100332260132
12,1,13,0.2197090595324605,-0.5396362865709556,0.6025721430778503
12,1,14,0.01927272452039127,-0.423999939448608,0.5777165293693542
12,1,15,0.35076358627112114,-0.8711271483216855,0.7847093343734741
12,1,16,0.2813817779977126,-0.7709089808156508,0.6299046874046326
12,1,17,0.46639993339346875,-0.878836238129842,0.7607636451721191
12,1,18,0.40472721492821667,-0.8017453400482769,0.6248526573181152
12,1,19,0.42785448435268625,-0.9250907769787811,0.7610830664634705
12,1,20,0.3893090353119037,-0.8711271483216855,0.6222631931304932
12,1,21,0.37389085569559066,-0.9327998667869375,0.7500791549682617
12,1,22,0.34305449646296465,-0.878836238129842,0.6121639609336853
12,1,23,0.08094544298564334,-0.007709089808156508,0.998156189918518
12,1,24,-0.08094544298564334,0.007709089808156508,0.9971441626548768
12,1,25,0.06552726336933032,0.7709089808156508,0.5936028361320496
12,1,26,-0.10407271241011286,0.7863271604319638,0.5847431421279907
12,1,27,-0.0423999939448608,1.5186906922068322,0.7049171924591064
12,1,28,-0.1271999818345824,1.6266179495210233,0.6748145222663879
12,1,29,-0.09636362260195636,1.6497452189454929,0.7219938635826111
12,1,30,-0.19658179010799096,1.7345452068352145,0.6608372926712036
12,1,31,0.16574543087536495,1.7345452068352145,0.8036273717880249
12,1,32,0.1426181614508954,1.757672476259684,0.7516357898712158
12,2,0,-0.19762722304868321,-1.3567868966996137,0.999768614768982
12,2,1,-0.1748240819276813,-1.4175952730222854,0.9997318387031556
12,2,2,-0.16722303488734735,-1.4175952730222854,0.999696969985962
12,2,3,-0.1520209408066794,-1.4175952730222854,0.999744474887848
12,2,4,-0.2052282700890172,-1.4175952730222854,0.9997215270996094
12,2,5,-0.2052282700890172,-1.4175952730222854,0.9996777772903442
12,2,6,-0.21282931712935116,-1.4175952730222854,0.999728500843048
12,2,7,-0.09121256448400764,-1.3947921319012835,0.9994704723358154
12,2,8,-0.1520209408066794,-1.3795900378206156,0.9997016191482544
12,2,9,-0.15962198784701337,-1.280776426296274,0.9995978474617004
12,2,10,-0.19002617600834926,-1.280776426296274,0.9996327757835388
12,2,11,0.0760104704033397,-1.022340826924919,0.9996864795684814
12,2,12,-0.13681884672601147,-0.9767345446829152,0.999430239200592
12,2,13,-0.03800523520166985,-0.520671722262877,0.6417350172996521
12,2,14,-0.1520209408066794,-0.44466125185953725,0.5337657928466797
12,2,15,-0.1748240819276813,-0.8703198861182396,0.804505467414856
12,2,16,-0.18242512896801527,-0.3306455462545277,0.592574954032898
12,2,17,-0.2812387404923569,-0.8779209331585736,0.7811708450317383
12,2,18,-0.23563245825035306,-0.2698371699318559,0.5910323262214661
12,2,19,-0.26603664641168895,-0.9235272154005774,0.7813040018081665
12,2,20,-0.06840942336300573,-0.11781622912517653,0.5892031192779541
12,2,21,-0.23563245825035306,-0.9235272154005774,0.7702828645706177
12,2,22,-0.08361151744367368,-0.13301832320584447,0.5804612040519714
12,2,23,0.0760104704033397,-0.003800523520166985,0.998272716999054
12,2,24,-0.0760104704033397,0.003800523520166985,0.9973082542419434
12,2,25,0.01520209408066794,0.8323146509165698,0.6261414289474487
12,2,26,-0.02280314112100191,0.8019104627552338,0.5626840591430664
12,2,27,0.16722303488734735,1.6836319194339744,0.7262442111968994
12,2,28,0.1748240819276813,1.6000204019903006,0.660268247127533
12,2,29,0.2812387404923569,1.8432539072809877,0.739170253276825
12,2,30,0.26603664641168895,1.7216371546356442,0.6517849564552307
12,2,31,-0.09881361152434161,1.8888601895229915,0.8157625198364258
12,2,32,-0.03800523520166985,1.7292382016759782,0.7426547408103943
13,1,0,0.11394738011225612,-1.3948731013741698,0.9997770190238952
13,1,1,0.08251362008128892,-1.4655990614438459,0.9997469782829284
13,1,2,0.08251362008128892,-1.4655990614438459,0.999711811542511
13,1,3,0.08251362008128892,-1.4655990614438459,0.9997546076774596
13,1,4,0.05893830005806351,-1.4577406214361042,0.9997339248657228
13,1,5,0.04322142004257991,-1.4577406214361042,0.9996901750564576
13,1,6,0.019646100019354504,-1.4498821814283624,0.999738335609436
13,1,7,0.003929220003870901,-1.4341653014128788,0.9994909167289734
13,1,8,-0.07465518007354711,-1.3948731013741698,0.9997206926345824
13,1,9,0.13752270013548154,-1.3241471413044936,0.9996183514595032
13,1,10,0.10608894010451432,-1.3162887012967517,0.9996504783630372
13,1,11,0.06679674006580531,-1.0176679810025633,0.999692440032959
13,1,12,-0.19253178018967415,-0.9783757809638542,0.9994758367538452
13,1,13,0.17681490017419055,-0.5225862605148298,0.6012877821922302
13,1,14,-0.019646100019354504,-0.42042654041418637,0.5791988968849182
13,1,15,0.3654174603599938,-0.8369238608245019,0.7989881634712219
13,1,16,0.27111618026709217,-0.7976316607857928,0.6322594881057739
13,1,17,0.4911525004838626,-0.8526407408399854,0.7755588293075562
13,1,18,0.38899278038321916,-0.8369238608245019,0.6295028924942017
13,1,19,0.4911525004838626,-0.8919329408786945,0.7759557962417603
13,1,20,0.3654174603599938,-0.9312251409174035,0.6275138854980469
13,1,21,0.42042654041418637,-0.9155082609019198,0.7632520794868469
13,1,22,0.318266820313543,-0.9155082609019198,0.6181125044822693
13,1,23,0.10608894010451432,-0.003929220003870901,0.9982089996337892
13,1,24,-0.10608894010451432,0.003929220003870901,0.9972731471061708
13,1,25,0.14538114014322334,0.7661979007548256,0.5986265540122986
13,1,26,-0.11394738011225612,0.7819147807703093,0.5888527631759644
13,1,27,-0.03536298003483811,1.5363250215135222,0.7106897830963135
13,1,28,-0.09037206008903072,1.5991925415754566,0.679421067237854
13,1,29,-0.09037206008903072,1.662060061637391,0.7217983603477478
13,1,30,-0.19253178018967415,1.7327860217070672,0.6617174744606018
13,1,31,0.20824866020515775,1.7877951017612599,0.8079954981803894
13,1,32,0.15323958015096514,1.7956535417690016,0.7573095560073853
13,2,0,-0.2612706335248152,-1.3804448398176803,0.9997944235801696
13,2,1,-0.2300741399696134,-1.4506369503168846,0.9997684359550476
13,2,2,-0.22227501658081295,-1.4506369503168846,0.9997363090515136
13,2,3,-0.20667676980321203,-1.458436073705685,0.9997755885124208
13,2,4,-0.2456723867472143,-1.4506369503168846,0.9997551441192628
13,2,5,-0.2456723867472143,-1.458436073705685,0.999714493751526
13,2,6,-0.2456723867472143,-1.458436073705685,0.999759078025818
13,2,7,-0.13648465930400794,-1.4272395801504831,0.999537706375122
13,2,8,-0.17548027624801021,-1.4038422099840817,0.9997385740280152
13,2,9,-0.2300741399696134,-1.3102527293184763,0.9996467232704164
13,2,10,-0.2456723867472143,-1.3180518527072766,0.9996687769889832
13,2,11,0.03509605524960204,-1.0060869171552587,0.999713897705078
13,2,12,-0.15208290608160885,-0.9904886703776576,0.9994398951530457
13,2,13,-0.06629254880480386,-0.5069430202720295,0.6407032608985901
13,2,14,-0.22227501658081295,-0.46794740332802726,0.5411466360092163
13,2,15,-0.12088641252640704,-0.8267070792128481,0.8182008862495422
13,2,16,-0.3860566077456225,-0.7799123388800454,0.6118661761283875
13,2,17,-0.2144758931920125,-0.85790357276805,0.7960346937179565
13,2,18,-0.5342399521328312,-0.8111088324352472,0.6097373366355896
13,2,19,-0.15208290608160885,-0.9046983131008527,0.7962993383407593
13,2,20,-0.48744521180002837,-0.8501044493792494,0.6074998378753662
13,2,21,-0.07409167219360431,-0.9202965598784536,0.7840479016304016
13,2,22,-0.4328513480784252,-0.8501044493792494,0.5980160236358643
13,2,23,0.05069430202720295,0.0,0.998254895210266
13,2,24,-0.05069430202720295,0.0,0.9973336458206176
13,2,25,0.05849342541600341,0.8033097090464467,0.6304817199707031
13,2,26,0.0428951786384025,0.7643140921024445,0.5680028796195984
13,2,27,0.16768115285920976,1.684610651980898,0.7316701412200928
13,2,28,0.19107852302561112,1.6066194180928934,0.6643980145454407
13,2,29,0.2612706335248152,1.8171957495905058,0.7385822534561157
13,2,30,0.25347151013601477,1.7236062689249003,0.6518709659576416
13,2,31,-0.12868553591520748,1.7937983794241044,0.8202462792396545
13,2,32,-0.05849342541600341,1.801597502812905,0.7507951259613037
14,1,0,0.11596503537042836,-1.399311426803169,0.9997662305831908
14,1,1,0.06957902122225702,-1.468890448025426,0.9997541904449464
14,1,2,0.061848018864228464,-1.468890448025426,0.9997132420539856
14,1,3,0.061848018864228464,-1.468890448025426,0.9997590184211732
14,1,4,0.046386014148171346,-1.4611594456673975,0.9997237920761108
14,1,5,0.030924009432114232,-1.4611594456673975,0.9996720552444458
14,1,6,0.015462004716057116,-1.4611594456673975,0.9997207522392272
14,1,7,-0.015462004716057116,-1.4225044338772546,0.9994868636131288
14,1,8,-0.08504102593831414,-1.399311426803169,0.999725580215454
14,1,9,0.10823403301239981,-1.3297324055809119,0.9996353983879088
14,1,10,0.09277202829634269,-1.3297324055809119,0.9996392130851746
14,1,11,0.061848018864228464,-0.9972993041856839,0.9997238516807556
14,1,12,-0.20873706366677106,-0.9972993041856839,0.9994795322418212
14,1,13,0.2010060613087425,-0.541170165061999,0.6024209260940552
14,1,14,-0.030924009432114232,-0.46386014148171345,0.5863990783691406
14,1,15,0.4252051296915707,-0.8117552475929986,0.822701096534729
14,1,16,0.19327505895071395,-0.9199892806053984,0.6502020359039307
14,1,17,0.5566321697780562,-0.8117552475929986,0.8008295297622681
14,1,18,0.2396610730988853,-1.0514163206918838,0.6475421786308289
14,1,19,0.5798251768521419,-0.8349482546670842,0.8016570210456848
14,1,20,0.21646806602479962,-1.0978023348400552,0.6453273296356201
14,1,21,0.5257081603459419,-0.8658722640991985,0.789030134677887
14,1,22,0.2010060613087425,-1.0746093277659696,0.6358150243759155
14,1,23,0.10823403301239981,0.0,0.998300075531006
14,1,24,-0.10823403301239981,0.0,0.997353732585907
14,1,25,0.09277202829634269,0.7962932428769415,0.6005164980888367
14,1,26,-0.10823403301239981,0.7576382310867986,0.5922307968139648
14,1,27,-0.061848018864228464,1.538469469247683,0.7143585681915283
14,1,28,-0.15462004716057115,1.6003174881119115,0.6824830174446106
14,1,29,-0.14688904480254258,1.6544345046181113,0.7283428311347961
14,1,30,-0.2241990683828282,1.7085515211243112,0.6603016257286072
14,1,31,0.16235104951859972,1.7085515211243112,0.8109517097473145
14,1,32,0.11596503537042836,1.7394755305564256,0.7642679810523987
14,2,0,-0.2645231872084016,-1.3494516217008314,0.999786376953125
14,2,1,-0.24152117092941017,-1.4261250092974695,0.9997759461402892
14,2,2,-0.2261864934100825,-1.4261250092974695,0.9997388124465942
14,2,3,-0.2185191546504187,-1.4337923480571333,0.9997804760932922
14,2,4,-0.25685584844873777,-1.4261250092974695,0.9997478723526
14,2,5,-0.25685584844873777,-1.4261250092974695,0.9997004270553588
14,2,6,-0.25685584844873777,-1.4337923480571333,0.999744951725006
14,2,7,-0.14184576705378057,-1.403122993018478,0.9995352625846864
14,2,8,-0.18784979961176346,-1.3954556542588141,0.9997463822364808
14,2,9,-0.24152117092941017,-1.2881129116235208,0.999665141105652
14,2,10,-0.2645231872084016,-1.2881129116235208,0.9996628761291504
14,2,11,0.03450302441848716,-0.9967540387562959,0.9997429847717284
14,2,12,-0.19551713837142726,-0.9967540387562959,0.9994553327560424
14,2,13,-0.05750504069747861,-0.5060443581378118,0.641642153263092
14,2,14,-0.2185191546504187,-0.4753750030991565,0.5512763857841492
14,2,15,-0.2261864934100825,-0.8204052472840282,0.8394579887390137
14,2,16,-0.4332046399210055,-0.782068553485709,0.6348810195922852
14,2,17,-0.3795332686033588,-0.8280725860436919,0.8186544179916382
14,2,18,-0.578884076354618,-0.8204052472840282,0.6318578124046326
14,2,19,-0.32586189728571213,-0.8587419410823472,0.8192856907844543
14,2,20,-0.5635493988352903,-0.866409279842011,0.6291372179985046
14,2,21,-0.2798578647277292,-0.8817439573613387,0.8068957328796387
14,2,22,-0.494543349998316,-0.8587419410823472,0.6190580725669861
14,2,23,0.07283971821680624,0.0,0.9983460307121276
14,2,24,-0.07283971821680624,0.0,0.9974325895309448
14,2,25,0.05750504069747861,0.8510746023226834,0.6352028846740723
14,2,26,0.019168346899159534,0.8357399248033558,0.5793154835700989
14,2,27,0.14951310581344437,1.6484778333277201,0.737893283367157
14,2,28,0.1571804445731082,1.610141139529401,0.6783566474914551
14,2,29,0.23385383216974634,1.80949194728066,0.7458568811416626
14,2,30,0.24152117092941017,1.7634879147226774,0.6553102731704712
14,2,31,-0.14951310581344437,1.855495979838643,0.8250470757484436
14,2,32,-0.10350907325546149,1.7711552534823412,0.7641054391860962
15,1,0,0.13049059495556375,-1.3663132883582556,0.9998000860214232
15,1,1,0.09211100820392736,-1.4430724618615285,0.9997936487197876
15,1,2,0.09211100820392736,-1.4430724618615285,0.9997588396072388
15,1,3,0.09211100820392736,-1.4430724618615285,0.9997968077659608
15,1,4,0.061407338802618235,-1.4353965445112011,0.9997647404670716
15,1,5,0.03837958675163639,-1.4353965445112011,0.999718964099884
15,1,6,0.015351834700654559,-1.4353965445112011,0.9997594952583312
15,1,7,0.02302775205098184,-1.4046928751098922,0.9995691180229188
15,1,8,-0.07675917350327278,-1.3816651230589103,0.9997650980949402
15,1,9,0.13049059495556375,-1.3049059495556374,0.9996891021728516
15,1,10,0.09211100820392736,-1.29723003220531,0.9996827244758606
15,1,11,0.061407338802618235,-0.9978692555425462,0.9997615814208984
15,1,12,-0.19189793375818198,-0.9978692555425462,0.9995005130767822
15,1,13,0.19189793375818198,-0.5142864624719277,0.6098955869674683
15,1,14,0.007675917350327279,-0.46055504101963674,0.5952795743942261
15,1,15,0.4375272889686549,-0.798295404434037,0.8459641337394714
15,1,16,0.16119426435687287,-0.8827304952876371,0.6706220507621765
15,1,17,0.5449901318732369,-0.798295404434037,0.8259052038192749
15,1,18,0.16887018170720014,-0.9978692555425462,0.6668027639389038
15,1,19,0.575693801274546,-0.8136472391346916,0.8270125985145569
15,1,20,0.12281467760523647,-1.0516006769948372,0.6641178727149963
15,1,21,0.5373142145229095,-0.8289990738353461,0.8137702941894531
15,1,22,0.10746284290458191,-1.0285729249438553,0.6539191007614136
15,1,23,0.10746284290458191,0.0,0.9984028935432434
15,1,24,-0.10746284290458191,0.0,0.997538685798645
15,1,25,0.11513876025490918,0.798295404434037,0.6108509302139282
15,1,26,-0.09978692555425463,0.7599158176824007,0.6106414794921875
15,1,27,-0.04605550410196368,1.5044798006641467,0.729631245136261
15,1,28,-0.12281467760523647,1.6119426435687285,0.7023815512657166
15,1,29,-0.12281467760523647,1.6272944782693832,0.741645336151123
15,1,30,-0.19957385110850925,1.7270814038236377,0.676246166229248
15,1,31,0.1842220164078547,1.7040536517726559,0.8223167657852173
15,1,32,0.16887018170720014,1.734757321173965,0.7813105583190918
15,2,0,-0.2701514927110354,-1.350757463555177,0.9998114705085754
15,2,1,-0.24699565047866093,-1.4279436043297584,0.999806582927704
15,2,2,-0.23927703640120276,-1.4279436043297584,0.9997745156288148
15,2,3,-0.22383980824628646,-1.4356622184072165,0.9998099207878112
15,2,4,-0.2624328786335772,-1.4279436043297584,0.99977844953537
15,2,5,-0.2624328786335772,-1.4356622184072165,0.9997352957725524
15,2,6,-0.2624328786335772,-1.4356622184072165,0.9997739791870116
15,2,7,-0.15437228154916308,-1.3970691480199258,0.9996028542518616
15,2,8,-0.200683966013912,-1.3893505339424677,0.9997720718383788
15,2,9,-0.23927703640120276,-1.2890085509355118,0.999703049659729
15,2,10,-0.2624328786335772,-1.2890085509355118,0.9996842741966248
15,2,11,0.023155842232374463,-0.9957012159921018,0.9997708201408386
15,2,12,-0.20840258009137017,-0.9957012159921018,0.999439299106598
15,2,13,-0.07718614077458154,-0.4862726868798637,0.6481742858886719
15,2,14,-0.23927703640120276,-0.46311684464748926,0.5626265406608582
15,2,15,-0.33961901940815875,-0.7872986359007317,0.8601816892623901
15,2,16,-0.47083545872494736,-0.7795800218232736,0.6556395292282104
15,2,17,-0.4553982305700311,-0.802735864055648,0.8408384919166565
15,2,18,-0.602051898041736,-0.8258917062880224,0.6500518918037415
15,2,19,-0.401367932027824,-0.8258917062880224,0.8417091965675354
15,2,20,-0.5788960558093615,-0.8644847766753132,0.6468927264213562
15,2,21,-0.3550562475630751,-0.8413289344429388,0.8286387920379639
15,2,22,-0.5248657572671545,-0.8567661625978551,0.6360141634941101
15,2,23,0.07718614077458154,0.0,0.9983674883842468
15,2,24,-0.07718614077458154,0.0,0.9974713921546936
15,2,25,0.015437228154916308,0.8799220048302295,0.6408728361129761
15,2,26,0.015437228154916308,0.8490475485203969,0.5842946767807007
15,2,27,0.12349782523933046,1.6749392548084194,0.7482258677482605
15,2,28,0.15437228154916308,1.6286275703436706,0.6823800802230835
15,2,29,0.22383980824628646,1.8370301504350406,0.7554870843887329
15,2,30,0.23927703640120276,1.8138743082026663,0.660584032535553
15,2,31,-0.16980950970407938,1.8910604489772478,0.8323163390159607
15,2,32,-0.07718614077458154,1.7675626237379172,0.7691646218299866
16,1,0,0.1325850976096077,-1.3804448398176803,0.999824285507202
16,1,1,0.09358948066560545,-1.4506369503168846,0.9998224973678588
16,1,2,0.09358948066560545,-1.458436073705685,0.9997925162315368
16,1,3,0.09358948066560545,-1.458436073705685,0.9998248219490052
16,1,4,0.07019211049920408,-1.4506369503168846,0.9997942447662354
16,1,5,0.046794740332802724,-1.4506369503168846,0.9997530579566956
16,1,6,0.023397370166401362,-1.4506369503168846,0.9997881054878236
16,1,7,0.023397370166401362,-1.4194404567616827,0.9996338486671448
16,1,8,-0.07019211049920408,-1.3960430865952813,0.9997901320457458
16,1,9,0.1325850976096077,-1.3180518527072766,0.9997259378433228
16,1,10,0.1013886040544059,-1.3102527293184763,0.9997056722640992
16,1,11,0.05459386372160318,-0.9982877937664582,0.9997889399528505
16,1,12,-0.17158071455361,-0.9982877937664582,0.9994864463806152
16,1,13,0.1871789613312109,-0.5147421436608299,0.622416615486145
16,1,14,0.015598246777600909,-0.45234915655042635,0.6056472063064575
16,1,15,0.45234915655042635,-0.7799123388800454,0.8673323392868042
16,1,16,0.1871789613312109,-0.8657026961568504,0.6894620060920715
16,1,17,0.5771351307712336,-0.772113215491245,0.8483470678329468
16,1,18,0.21837545488641272,-0.9748904236000567,0.6834722757339478
16,1,19,0.600532500937635,-0.7955105856576463,0.8495219349861145
16,1,20,0.15598246777600908,-1.0450825340992609,0.6804141402244568
16,1,21,0.5615368839936327,-0.8033097090464467,0.8359956741333008
16,1,22,0.1325850976096077,-1.0294842873216599,0.6696119904518127
16,1,23,0.09358948066560545,0.0,0.9984614253044128
16,1,24,-0.09358948066560545,0.0,0.9976029992103576
16,1,25,0.10918772744320636,0.842305325990449,0.6216938495635986
16,1,26,-0.09358948066560545,0.842305325990449,0.6152226328849792
16,1,27,-0.03899561694400227,1.5598246777600908,0.7430581450462341
16,1,28,-0.11698685083200681,1.6456150350368959,0.7056145668029785
16,1,29,-0.11698685083200681,1.6768115285920977,0.7526912689208984
16,1,30,-0.1871789613312109,1.7626018858689025,0.6785336136817932
16,1,31,0.19497808472001135,1.7626018858689025,0.8307480216026306
16,1,32,0.19497808472001135,1.7782001326465036,0.7856832146644592
16,2,0,-0.27099030190071616,-1.3433376394221215,0.9998267889022828
16,2,1,-0.26324772184641,-1.4130208599108771,0.9998255372047424
16,2,2,-0.2555051417921038,-1.4130208599108771,0.9997974038124084
16,2,3,-0.24001998168349145,-1.4130208599108771,0.9998281002044678
16,2,4,-0.2787328819550223,-1.4130208599108771,0.9997954964637756
16,2,5,-0.2864754620093285,-1.4130208599108771,0.999755084514618
16,2,6,-0.2864754620093285,-1.4207634399651832,0.9997904300689696
16,2,7,-0.1625941811404297,-1.3897931197479585,0.9996522665023804
16,2,8,-0.21679224152057291,-1.3897931197479585,0.999778926372528
16,2,9,-0.24776256173779762,-1.2736544189333658,0.9997256994247437
16,2,10,-0.27099030190071616,-1.2736544189333658,0.999684989452362
16,2,11,0.0,-0.9794363768697312,0.9997917413711548
16,2,12,-0.20130708141196058,-1.0104066970869559,0.9994162321090698
16,2,13,-0.10065354070598029,-0.483911253394136,0.6593249440193176
16,2,14,-0.2555051417921038,-0.4761686733398298,0.5742108225822449
16,2,15,-0.3561586824980841,-0.7858718755120768,0.8792860507965088
16,2,16,-0.45681222320406434,-0.793614455566383,0.6755459904670715
16,2,17,-0.45681222320406434,-0.7858718755120768,0.8608249425888062
16,2,18,-0.5961786641815755,-0.84006993589222,0.6675620079040527
16,2,19,-0.4103567428782273,-0.8245847757836077,0.8617205619812012
16,2,20,-0.5884360841272693,-0.8942679962723633,0.6641941666603088
16,2,21,-0.36390126255239025,-0.8245847757836077,0.8482652902603149
16,2,22,-0.52649544369282,-0.8865254162180571,0.6528215408325195
16,2,23,0.061940640434449405,0.011613870081459263,0.998364806175232
16,2,24,-0.061940640434449405,-0.011613870081459263,0.9974578619003296
16,2,25,0.030970320217224703,0.8710402561094448,0.6476790904998779
16,2,26,0.015485160108612351,0.8632976760551385,0.5845625400543213
16,2,27,0.11613870081459263,1.676268581757287,0.7586084008216858
16,2,28,0.14710902103181733,1.6143279413228375,0.6814162135124207
16,2,29,0.20904966146626675,1.8388627628977168,0.7620759606361389
16,2,30,0.21679224152057291,1.7769221224632672,0.6600922346115112
16,2,31,-0.1858219213033482,1.9240311434950845,0.8384323716163635
16,2,32,-0.08516838059736793,1.7536943823003488,0.7697924971580505
17,1,0,0.1313896672713393,-1.4134342994341047,0.9998306632041932
17,1,1,0.10750063685836853,-1.47713838053536,0.9998361468315125
17,1,2,0.09953762672071159,-1.47713838053536,0.999809503555298
17,1,3,0.09953762672071159,-1.47713838053536,0.9998387098312378
17,1,4,0.08361160644539774,-1.47713838053536,0.9998039603233336
17,1,5,0.06768558617008388,-1.47713838053536,0.9997639060020448
17,1,6,0.05175956589477003,-1.47713838053536,0.9997971653938292
17,1,7,0.027870535481799245,-1.4373233298470753,0.9996730089187622
17,1,8,-0.0437965557571131,-1.4213973095717616,0.9997937083244324
17,1,9,0.14731568754665317,-1.3417672081951924,0.9997451305389404
17,1,10,0.12342665713368238,-1.3417672081951924,0.9997047185897828
17,1,11,0.09157461658305467,-0.9913947621382875,0.9998047351837158
17,1,12,-0.163241707821967,-1.0073207824136012,0.9994675517082214
17,1,13,0.22694578892322242,-0.5215771640165288,0.6321189999580383
17,1,14,0.035833545619456175,-0.4658360930529303,0.6162433624267578
17,1,15,0.4499100727776164,-0.8400975695228058,0.8781805634498596
17,1,16,0.25879782947385016,-0.8878756303487474,0.7073788046836853
17,1,17,0.5454661944294995,-0.8719496100734335,0.858473539352417
17,1,18,0.2826868598868209,-1.0073207824136012,0.6991469264030457
17,1,19,0.5613922147048134,-0.8719496100734335,0.8595187664031982
17,1,20,0.22694578892322242,-1.0789878736525136,0.6958406567573547
17,1,21,0.5056511437412149,-0.8799126202110905,0.8453559875488281
17,1,22,0.2189827787855655,-1.0471358331018858,0.6844148635864258
17,1,23,0.10750063685836853,0.0039815050688284635,0.9984702467918396
17,1,24,-0.10750063685836853,-0.0039815050688284635,0.9976226687431335
17,1,25,0.09953762672071159,0.8639865999357766,0.6248164176940918
17,1,26,-0.1313896672713393,0.816208539109835,0.6149338483810425
17,1,27,-0.05175956589477003,1.5567684819119294,0.7512856125831604
17,1,28,-0.13935267740899623,1.692139654252097,0.7070596814155579
17,1,29,-0.12342665713368238,1.7160286846650679,0.7562122941017151
17,1,30,-0.2189827787855655,1.811584806316951,0.6820152401924133
17,1,31,0.17916772809728088,1.7876957759039802,0.8367013931274414
17,1,32,0.17120471795962394,1.811584806316951,0.7881056070327759
17,2,0,-0.3106642251350274,-1.3653884462724661,0.9998378157615662
17,2,1,-0.27998133870193825,-1.4267542191386444,0.9998437762260436
17,2,2,-0.272310617093666,-1.4267542191386444,0.999819278717041
17,2,3,-0.26463989548539374,-1.4267542191386444,0.999846875667572
17,2,4,-0.2953227819184828,-1.4267542191386444,0.9998119473457336
17,2,5,-0.2953227819184828,-1.4267542191386444,0.9997736215591432
17,2,6,-0.2953227819184828,-1.4344249407469167,0.9998056888580322
17,2,7,-0.1879326794026709,-1.3960713327055552,0.9996948838233948
17,2,8,-0.2262862874440323,-1.3960713327055552,0.9997925162315368
17,2,9,-0.27998133870193825,-1.2963519517980155,0.9997504353523254
17,2,10,-0.2953227819184828,-1.2963519517980155,0.9996967911720276
17,2,11,-0.03451824723722527,-0.9895230874671244,0.9998111128807068
17,2,12,-0.19560340101094317,-0.9971938090753966,0.9993752837181092
17,2,13,-0.11889618492822036,-0.490926182929426,0.6681050658226013
17,2,14,-0.2262862874440323,-0.4832554613211537,0.5760464668273926
17,2,15,-0.24929845226884914,-0.843779376909951,0.8892527222633362
17,2,16,-0.3490178331763888,-0.8207672120851341,0.6817007660865784
17,2,17,-0.37970071960947793,-0.8591208201264955,0.8703311681747437
17,2,18,-0.5024322653418345,-0.8821329849513124,0.672684371471405
17,2,19,-0.3183349467432997,-0.8821329849513124,0.8711604475975037
17,2,20,-0.4794201005170176,-0.9281573146009461,0.6688256859779358
17,2,21,-0.27998133870193825,-0.8821329849513124,0.8572859168052673
17,2,22,-0.40271288443429476,-0.9128158713844015,0.6571163535118103
17,2,23,0.03451824723722527,0.0,0.998421311378479
17,2,24,-0.03451824723722527,0.0,0.9975374937057496
17,2,25,0.003835360804136141,0.8744622633430401,0.6538223028182983
17,2,26,0.019176804020680702,0.8284379336934065,0.5862189531326294
17,2,27,0.10355474171167581,1.6261929809537237,0.7683984041213989
17,2,28,0.11889618492822036,1.5955100945206346,0.6870448589324951
17,2,29,0.1879326794026709,1.8179610211605308,0.7693960666656494
17,2,30,0.20327412261921546,1.7642659699026249,0.667675256729126
17,2,31,-0.20327412261921546,1.8409731859853475,0.8458203077316284
17,2,32,-0.13423762814476492,1.7565952482943525,0.777022659778595
18,1,0,0.18179546200030605,-1.4148429433936862,0.9998481869697572
18,1,1,0.15808301043504874,-1.4780761475677058,0.9998562335968018
18,1,2,0.1501788599132963,-1.4780761475677058,0.9998337626457214
18,1,3,0.14227470939154388,-1.4780761475677058,0.9998587369918824
18,1,4,0.14227470939154388,-1.4780761475677058,0.9998254179954528
18,1,5,0.126466408348039,-1.4701719970459532,0.9997894763946532
18,1,6,0.11065810730453411,-1.4701719970459532,0.9998183250427246
18,1,7,0.0632332041740195,-1.430651244437191,0.9997188448905944
18,1,8,0.015808301043504874,-1.4227470939154387,0.9998103380203248
18,1,9,0.19760376304381091,-1.3358014381761618,0.9997714757919312
18,1,10,0.18179546200030605,-1.3358014381761618,0.9997227787971495
18,1,11,0.055329053652267056,-0.9959229657408071,0.9998193383216858
18,1,12,-0.0869456557392768,-1.0038271162625596,0.9994314312934875
18,1,13,0.1738913114785536,-0.49796148287040354,0.6289794445037842
18,1,14,0.0632332041740195,-0.43472827869638403,0.6168225407600403
18,1,15,0.41891997765287914,-0.8694565573927681,0.8668111562728882
18,1,16,0.3477826229571072,-0.8062233532187486,0.7103735208511353
18,1,17,0.5374822354791657,-0.9168814605232827,0.847309947013855
18,1,18,0.4663448807833938,-0.8694565573927681,0.6985496878623962
18,1,19,0.5137697839139084,-0.9484980626102925,0.8490115404129028
18,1,20,0.4505365797398889,-0.9247856110450351,0.6941729187965393
18,1,21,0.4663448807833938,-0.9484980626102925,0.8348856568336487
18,1,22,0.39520752608762183,-0.9168814605232827,0.680589497089386
18,1,23,0.055329053652267056,-0.007904150521752437,0.9984636902809144
18,1,24,-0.055329053652267056,0.007904150521752437,0.997579038143158
18,1,25,0.023712451565257312,0.8378399553057583,0.6194238066673279
18,1,26,-0.039520752608762186,0.8536482563492632,0.6114749908447266
18,1,27,-0.07113735469577194,1.5808301043504873,0.7506312727928162
18,1,28,-0.09484980626102925,1.6598716095680117,0.7093397974967957
18,1,29,-0.1501788599132963,1.7231048137420313,0.755182683467865
18,1,30,-0.1738913114785536,1.7784338673942983,0.6893576383590698
18,1,31,0.1501788599132963,1.7389131147855361,0.8367820978164673
18,1,32,0.1896996125220585,1.7784338673942983,0.7920137047767639
18,2,0,-0.15692235221479642,-1.3472358043806913,0.999852180480957
18,2,1,-0.1416128544377431,-1.4161285443774312,0.999861776828766
18,2,2,-0.13395810554921647,-1.4161285443774312,0.9998409152030944
18,2,3,-0.13395810554921647,-1.4161285443774312,0.9998643398284912
18,2,4,-0.15692235221479642,-1.4161285443774312,0.9998308420181274
18,2,5,-0.16457710110332308,-1.4161285443774312,0.9997954964637756
18,2,6,-0.17223184999184973,-1.4161285443774312,0.9998239278793336
18,2,7,-0.17223184999184973,-1.3855095488233244,0.9997377395629884
18,2,8,-0.210505594434483,-1.3931642977118512,0.9998089671134948
18,2,9,-0.11864860777216316,-1.2783430643839513,0.9997743368148804
18,2,10,-0.1416128544377431,-1.2783430643839513,0.999718427658081
18,2,11,-0.03444636999836995,-0.9951173555084651,0.9998247623443604
18,2,12,-0.057410616663949914,-1.0027721043969917,0.9994020462036132
18,2,13,-0.06506536555247656,-0.49755867775423257,0.6649146676063538
18,2,14,-0.18754134776890305,-0.48224917997717925,0.5722861289978027
18,2,15,-0.28705308331974955,-0.864986624403512,0.8774917125701904
18,2,16,-0.2793983344312229,-0.8037486332952988,0.6706594228744507
18,2,17,-0.38656481887059607,-0.9109151177346719,0.8576962947845459
18,2,18,-0.35594582331648944,-0.8573318755149854,0.6597685217857361
18,2,19,-0.3482910744279628,-0.9568436110658318,0.8590463399887085
18,2,20,-0.31001732998532955,-0.8956056199576187,0.6550103425979614
18,2,21,-0.31001732998532955,-0.9415341132887786,0.8444203734397888
18,2,22,-0.29470783220827623,-0.887950871069092,0.6415724754333496
18,2,23,0.0038273744442633277,-0.007654748888526655,0.9984899759292604
18,2,24,-0.0038273744442633277,0.007654748888526655,0.9976149201393129
18,2,25,-0.06506536555247656,0.8037486332952988,0.6461260318756104
18,2,26,0.07272011444100322,0.8037486332952988,0.5817258358001709
18,2,27,0.09568436110658318,1.6763900065873374,0.767428457736969
18,2,28,0.15692235221479642,1.5845330199250176,0.6899330615997314
18,2,29,0.210505594434483,1.8371397332463972,0.7692084312438965
18,2,30,0.23346984110006297,1.752937495472604,0.6759551763534546
18,2,31,-0.1109938588836365,1.8601039799119772,0.8464306592941284
18,2,32,-0.08037486332952988,1.6993542532529173,0.7808645963668823
19,1,0,0.1936380784001504,-1.4107917140582387,0.9998179078102112
19,1,1,0.17783088832666874,-1.4740204743521654,0.9998382329940796
19,1,2,0.16992729328992792,-1.4740204743521654,0.9998124837875366
19,1,3,0.16992729328992792,-1.4740204743521654,0.9998417496681212
19,1,4,0.16202369825318708,-1.4661168793154247,0.9998051524162292
19,1,5,0.15412010321644626,-1.4661168793154247,0.9997655749320984
19,1,6,0.1383129131429646,-1.4661168793154247,0.9998021125793456
19,1,7,0.08298774788577876,-1.4265989041317204,0.9996840357780457
19,1,8,0.051373367738815415,-1.4107917140582387,0.9997941255569458
19,1,9,0.2173488635103729,-1.3317557636908304,0.9997473359107972
19,1,10,0.1936380784001504,-1.3238521686540896,0.9997035264968872
19,1,11,0.04346977270207458,-0.9998047721477155,0.9997963309288024
19,1,12,-0.003951797518370417,-0.9998047721477155,0.999446451663971
19,1,13,0.12250572306948292,-0.5018782848330429,0.6048623919487
19,1,14,0.06718055781229708,-0.43864952453911626,0.6136007308959961
19,1,15,0.3438063840982262,-0.7706005160822312,0.8132325410842896
19,1,16,0.4228423344656346,-0.7864077061557129,0.7009913325309753
19,1,17,0.4623603096493388,-0.8180220863026763,0.8002021312713623
19,1,18,0.5572034500902288,-0.8417328714128988,0.6892789006233215
19,1,19,0.4939746897963021,-0.8812508465966029,0.8026183843612671
19,1,20,0.5492998550534879,-0.8891544416333438,0.6844266057014465
19,1,21,0.4307459295023754,-0.873347251559862,0.7889161109924316
19,1,22,0.5018782848330429,-0.8812508465966029,0.6694018840789795
19,1,23,0.027662582628592915,-0.01185539255511125,0.9983990788459778
19,1,24,-0.027662582628592915,0.01185539255511125,0.9974269270896912
19,1,25,0.09089134292251959,0.7547933260087496,0.6092621684074402
19,1,26,0.019758987591852083,0.8101184912659354,0.6055477857589722
19,1,27,0.01185539255511125,1.537249234646092,0.7470291256904602
19,1,28,-0.06718055781229708,1.6478995651604638,0.7068024277687073
19,1,29,-0.07508415284903791,1.7032247304176495,0.7529062032699585
19,1,30,-0.16202369825318708,1.7822606807850578,0.6891806721687317
19,1,31,0.2173488635103729,1.7032247304176495,0.8368173837661743
19,1,32,0.23315605358385458,1.7348391105646128,0.7927531599998474
19,2,0,-0.14014749352953548,-1.3408706137690694,0.999790608882904
19,2,1,-0.11742087295717839,-1.4090504754861406,0.9998134970664978
19,2,2,-0.10984533276639269,-1.4090504754861406,0.9997870922088624
19,2,3,-0.09469425238482128,-1.4166260156769264,0.9998178482055664
19,2,4,-0.12499641314796409,-1.4166260156769264,0.9997743368148804
19,2,5,-0.12499641314796409,-1.4166260156769264,0.9997262954711914
19,2,6,-0.11742087295717839,-1.4166260156769264,0.9997715950012208
19,2,7,-0.034089930858535664,-1.3938993951045693,0.9996654987335204
19,2,8,-0.06439209162167847,-1.3863238549137835,0.99973464012146
19,2,9,-0.10226979257560698,-1.2726907520519979,0.9996797442436218
19,2,10,-0.11742087295717839,-1.2726907520519979,0.9996010661125184
19,2,11,0.07196763181246417,-0.9999713051837127,0.9997901320457458
19,2,12,-0.08711871219403558,-0.9999713051837127,0.9993321895599364
19,2,13,-0.018938850476964256,-0.5151367329734278,0.6420130729675293
19,2,14,-0.06439209162167847,-0.49241011240107063,0.5636643171310425
19,2,15,-0.2613561365821067,-0.7802806396509273,0.8258849382400513
19,2,16,-0.21590289543739252,-0.7954317200324987,0.6499103307723999
19,2,17,-0.3371115384899638,-0.8181583406048558,0.8108190894126892
19,2,18,-0.25378059639132106,-0.840884961177213,0.6404322385787964
19,2,19,-0.30680937772682093,-0.8787626621311415,0.8127132058143616
19,2,20,-0.23105397581896392,-0.8863382023219272,0.6355127096176147
19,2,21,-0.28408275715446385,-0.8711871219403557,0.7974785566329956
19,2,22,-0.2083273552466068,-0.8787626621311415,0.6213985085487366
19,2,23,0.07954317200324987,-0.007575540190785703,0.9983522891998292
19,2,24,-0.07954317200324987,0.007575540190785703,0.9973307251930236
19,2,25,0.08711871219403558,0.7424029386969988,0.6367390751838684
19,2,26,0.04924101124010707,0.8030072602232845,0.5788662433624268
19,2,27,0.011363310286178553,1.6741943821636402,0.7635067701339722
19,2,28,-0.034089930858535664,1.5908634400649975,0.6860352754592896
19,2,29,-0.20075181505582113,1.8257051859793543,0.7684871554374695
19,2,30,-0.23105397581896392,1.7954030252162114,0.6748408675193787
19,2,31,-0.02651439066774996,1.8029785654069972,0.846229612827301
19,2,32,0.034089930858535664,1.757525324262283,0.7788318395614624
20,1,0,0.1640922590974259,-1.377611756608622,0.9997435808181764
20,1,1,0.07250588192676957,-1.446301539486614,0.9997479319572448
20,1,2,0.08777027812187896,-1.446301539486614,0.9997114539146424
20,1,3,0.11066687241454304,-1.446301539486614,0.9997539520263672
20,1,4,0.07250588192676957,-1.4386693413890594,0.9997135996818542
20,1,5,0.06487368382921488,-1.4386693413890594,0.9996621012687684
20,1,6,0.08013808002432427,-1.4386693413890594,0.9997211694717408
20,1,7,0.08777027812187896,-1.4081405489988408,0.999469757080078
20,1,8,0.05724148573166019,-1.400508350901286,0.999679148197174
20,1,9,0.1411956648047618,-1.3089219737306297,0.9995856285095216
20,1,10,0.13356346670720712,-1.3089219737306297,0.9995423555374146
20,1,11,0.07250588192676957,-1.003634049828442,0.9997276067733764
20,1,12,-0.03434489143899611,-0.9960018517308873,0.9993777275085448
20,1,13,0.07250588192676957,-0.4999089753898323,0.587762176990509
20,1,14,0.003816099048777346,-0.45411578680450415,0.6065924763679504
20,1,15,0.27857523056074623,-0.3777938058289573,0.7639074921607971
20,1,16,0.4006904001216213,-0.6983461259262543,0.6830556392669678
20,1,17,0.28620742865830096,-0.3777938058289573,0.7525172829627991
20,1,18,0.5380699658776058,-0.7136105221213637,0.6728641390800476
20,1,19,0.39305820202406666,-0.37016160773140255,0.7554516196250916
20,1,20,0.5457021639751605,-0.7670359088042465,0.668117105960846
20,1,21,0.2938396267558556,-0.4846445791947229,0.7414838075637817
20,1,22,0.49227677729227765,-0.7746681069018012,0.6531539559364319
20,1,23,0.041977089536550806,-0.011448297146332038,0.9980117082595824
20,1,24,-0.041977089536550806,0.011448297146332038,0.9969384670257568
20,1,25,0.11066687241454304,0.7136105221213637,0.602354884147644
20,1,26,-0.01908049524388673,0.7441393145115824,0.6035969853401184
20,1,27,-0.05724148573166019,1.522623520462161,0.74322909116745
20,1,28,-0.11829907051209773,1.5913133033401532,0.703995943069458
20,1,29,-0.1564600609998712,1.6600030862181454,0.7489372491836548
20,1,30,-0.2251498438778634,1.7286928690961378,0.6872792840003967
20,1,31,0.1640922590974259,1.675267482413255,0.8345655798912048
20,1,32,0.20225324958519933,1.7057962748034736,0.7910057902336121
20,2,0,-0.08691941261998265,-1.3491404480579916,0.9997634291648864
20,2,1,-0.08691941261998265,-1.4171643361953694,0.9997685551643372
20,2,2,-0.07180299303389871,-1.4096061264023274,0.9997351169586182
20,2,3,-0.0491283636547728,-1.4096061264023274,0.9997740387916564
20,2,4,-0.09447762241302463,-1.4171643361953694,0.9997363686561584
20,2,5,-0.08691941261998265,-1.4171643361953694,0.99968820810318
20,2,6,-0.07936120282694069,-1.4171643361953694,0.9997424483299256
20,2,7,0.0037791048965209848,-1.3793732872301594,0.999518632888794
20,2,8,-0.04157015386173083,-1.3793732872301594,0.9997005462646484
20,2,9,-0.06424478324085674,-1.2811165599206138,0.9996170997619628
20,2,10,-0.07936120282694069,-1.2811165599206138,0.9995723366737366
20,2,11,-0.011337314689562955,-1.001462797578061,0.9997462630271912
20,2,12,-0.1247104615851925,-0.993904587785019,0.9993788003921508
20,2,13,0.0037791048965209848,-0.495062741444249,0.6273484826087952
20,2,14,-0.07936120282694069,-0.46482990227208115,0.5558748841285706
20,2,15,-0.21540897910169612,-0.5177373708233749,0.7826777696609497
20,2,16,-0.15494330075736037,-0.7066926156494242,0.6285528540611267
20,2,17,-0.3212239162042837,-0.5479702099955428,0.7693265080451965
20,2,18,-0.18517613992952825,-0.7142508254424661,0.6213497519493103
20,2,19,-0.2758746574460319,-0.5857612589607526,0.7717641592025757
20,2,20,-0.1473850909643184,-0.7747165037868019,0.6167206764221191
20,2,21,-0.253200028066906,-0.6084358883398786,0.7564764022827148
20,2,22,-0.13982688117127645,-0.7822747135798439,0.6031895279884338
20,2,23,0.06424478324085674,-0.011337314689562955,0.9981201887130736
20,2,24,-0.06424478324085674,0.011337314689562955,0.9971042275428772
20,2,25,0.11715225179215052,0.8125075527520117,0.6375036835670471
20,2,26,0.08691941261998265,0.7898329233728858,0.5912131667137146
20,2,27,0.16250151055040235,1.6892598887448802,0.7642910480499268
20,2,28,0.17005972034344433,1.5834449516422926,0.7008395195007324
20,2,29,0.24564181827386403,1.8479822943987616,0.7668370604515076
20,2,30,0.26075823785994795,1.7648419866753,0.6849772334098816
20,2,31,0.011337314689562955,1.8101912454335518,0.8458211421966553
20,2,32,0.07936120282694069,1.734609147503132,0.7856277823448181
21,1,0,0.18988682527355744,-1.3912116382287167,0.999733567237854
21,1,1,0.1123819986312891,-1.4532154995425315,0.9997379183769226
21,1,2,0.10463151596706227,-1.4532154995425315,0.9996983408927916
21,1,3,0.1123819986312891,-1.4532154995425315,0.9997475147247314
21,1,4,0.1123819986312891,-1.4532154995425315,0.9997043013572692
21,1,5,0.09688103330283543,-1.4532154995425315,0.9996508359909058
21,1,6,0.08138006797438177,-1.4532154995425315,0.9997147917747498
21,1,7,0.09688103330283543,-1.4144630862213974,0.999444544315338
21,1,8,0.07362958531015493,-1.4067126035571704,0.9996821880340576
21,1,9,0.16663537728087693,-1.3214572942506753,0.9995914697647096
21,1,10,0.15888489461665012,-1.3214572942506753,0.9995638132095336
21,1,11,0.050378137317474425,-1.003687505017375,0.9997256398200988
21,1,12,-0.011625723996340253,-0.9959370223531483,0.9994270205497742
21,1,13,0.08138006797438177,-0.48440516651417714,0.5736662149429321
21,1,14,0.03487717198902075,-0.445652753193043,0.599361002445221
21,1,15,0.2673916519158258,-0.4301517878645893,0.725683331489563
21,1,16,0.43790227052881614,-0.6781672331198481,0.6634286642074585
21,1,17,0.32164503056541366,-0.34489647855809413,0.7165598273277283
21,1,18,0.5774109584848992,-0.6781672331198481,0.6553947329521179
21,1,19,0.399149857207682,-0.4766546838499503,0.7201626896858215
21,1,20,0.5696604758206724,-0.7401710944336627,0.6509326696395874
21,1,21,0.399149857207682,-0.3836488918792283,0.7070139646530151
21,1,22,0.5231575798353113,-0.7479215770978895,0.6366413235664368
21,1,23,0.03487717198902075,-0.011625723996340253,0.9980154037475586
21,1,24,-0.03487717198902075,0.011625723996340253,0.9969959259033204
21,1,25,0.1123819986312891,0.7324206117694358,0.6077948808670044
21,1,26,-0.0038752413321134173,0.7944244730832506,0.6166420578956604
21,1,27,0.011625723996340253,1.4919679128636656,0.7486467361450195
21,1,28,-0.0891305506386086,1.6004746701628414,0.7204946279525757
21,1,29,-0.12013248129551593,1.6392270834839755,0.7546122074127197
21,1,30,-0.18213634260933062,1.7399833581189244,0.7007427215576172
21,1,31,0.20538779060201112,1.662478531476656,0.8385377526283264
21,1,32,0.23638972125891847,1.716731910126244,0.7993664741516113
21,2,0,-0.10671023075533882,-1.3567443624607365,0.999753713607788
21,2,1,-0.09146591207600471,-1.417721637178073,0.999759078025818
21,2,2,-0.09146591207600471,-1.417721637178073,0.999722957611084
21,2,3,-0.07622159339667059,-1.417721637178073,0.9997678995132446
21,2,4,-0.10671023075533882,-1.417721637178073,0.9997270107269288
21,2,5,-0.10671023075533882,-1.417721637178073,0.9996768832206726
21,2,6,-0.10671023075533882,-1.417721637178073,0.9997354745864868
21,2,7,-0.045732956038002356,-1.3796108404797376,0.9994959235191344
21,2,8,-0.07622159339667059,-1.3872329998194046,0.999700665473938
21,2,9,-0.08384375273633765,-1.280522769064066,0.9996217489242554
21,2,10,-0.09146591207600471,-1.288144928403733,0.9995891451835632
21,2,11,-0.038110796698335295,-0.9985028734963847,0.99974524974823
21,2,12,-0.1676875054726753,-0.9908807141567176,0.9994155168533324
21,2,13,-0.05335511537766941,-0.4801960383990247,0.6148651838302612
21,2,14,-0.09908807141567176,-0.4801960383990247,0.5516895651817322
21,2,15,-0.2439090988693459,-0.6021505878336977,0.7486166954040527
21,2,16,-0.19055398349167646,-0.7317272966080377,0.6143248081207275
21,2,17,-0.34299717028501764,-0.6097727471733647,0.7370815873146057
21,2,18,-0.25915341754868,-0.7545937746270388,0.6086434125900269
21,2,19,-0.2972642142470153,-0.6859943405700353,0.7400673627853394
21,2,20,-0.2210426208503447,-0.785082411985707,0.6039905548095703
21,2,21,-0.25915341754868,-0.6326392251923659,0.7255233526229858
21,2,22,-0.17530966481234236,-0.7927045713253741,0.5910128951072693
21,2,23,0.045732956038002356,-0.007622159339667059,0.9981136918067932
21,2,24,-0.045732956038002356,0.007622159339667059,0.997147798538208
21,2,25,0.10671023075533882,0.8079488900047083,0.6411435008049011
21,2,26,0.10671023075533882,0.8079488900047083,0.5986725091934204
21,2,27,0.18293182415200943,1.68449721406642,0.7677597999572754
21,2,28,0.17530966481234236,1.5854091426507482,0.71112459897995
21,2,29,0.25915341754868,1.8445625601994282,0.7697786092758179
21,2,30,0.2667755768883471,1.7759631261424247,0.6937088966369629
21,2,31,-0.007622159339667059,1.8293182415200941,0.8480595350265503
21,2,32,0.06097727471733647,1.7530966481234236,0.7899938821792603
22,1,0,0.20995785065612543,-1.407495221065137,0.9997355341911316
22,1,1,0.14774811712838457,-1.4619287379019104,0.9997290372848512
22,1,2,0.13997190043741695,-1.4619287379019104,0.9996830821037292
22,1,3,0.13997190043741695,-1.4619287379019104,0.9997316598892212
22,1,4,0.13219568374644936,-1.4619287379019104,0.9997081160545348
22,1,5,0.11664325036451413,-1.4619287379019104,0.9996581077575684
22,1,6,0.0933146002916113,-1.4541525212109427,0.9997223019599916
22,1,7,0.10886703367354651,-1.4230476544470723,0.9993701577186584
22,1,8,0.06220973352774087,-1.407495221065137,0.9996918439865112
22,1,9,0.19440541727419022,-1.329733054155461,0.9995694160461426
22,1,10,0.1710767672012874,-1.329733054155461,0.9995758533477784
22,1,11,0.10886703367354651,-1.0031319531348215,0.9996071457862854
22,1,12,-0.031104866763870434,-0.9953557364438539,0.999458372592926
22,1,13,0.07776216690967608,-0.4743492181490241,0.5607069134712219
22,1,14,0.0,-0.4587967847670889,0.5958524942398071
22,1,15,0.32660110102063955,-0.21773406734709302,0.6865981221199036
22,1,16,0.4587967847670889,-0.4899016515309593,0.6500927209854126
22,1,17,0.41213948462128325,-0.13997190043741695,0.6787723302841187
22,1,18,0.5832162518225706,-0.4276919180032185,0.6428236961364746
22,1,19,0.3732584011664452,-0.19440541727419022,0.6825742721557617
22,1,20,0.6220973352774086,-0.4587967847670889,0.6383334398269653
22,1,21,0.40436326793031563,-0.19440541727419022,0.6694961190223694
22,1,22,0.5832162518225706,-0.4821254348399917,0.6236515641212463
22,1,23,0.06220973352774087,-0.0077762166909676085,0.9977728724479676
22,1,24,-0.06220973352774087,0.0077762166909676085,0.9969440698623656
22,1,25,0.12441946705548174,0.754293019023858,0.5999121069908142
22,1,26,-0.054433516836773256,0.7776216690967609,0.6187934279441833
22,1,27,-0.04665730014580565,1.469704954592878,0.7354170680046082
22,1,28,-0.0855383836006437,1.5941244216483597,0.7245469093322754
22,1,29,-0.14774811712838457,1.6563341551761006,0.7412191033363342
22,1,30,-0.1866292005832226,1.7496487554677118,0.7014310956001282
22,1,31,0.16330055051031978,1.6718865885580358,0.8270886540412903
22,1,32,0.20995785065612543,1.7496487554677118,0.7988145351409912
22,2,0,-0.17945963060235898,-1.3795959102556345,0.999729573726654
22,2,1,-0.16450466138549572,-1.4394157871230875,0.9997289180755616
22,2,2,-0.16450466138549572,-1.4394157871230875,0.99968421459198
22,2,3,-0.16450466138549572,-1.4394157871230875,0.9997333288192748
22,2,4,-0.17945963060235898,-1.431938302514656,0.9997034668922424
22,2,5,-0.1944145998192222,-1.431938302514656,0.99965238571167
22,2,6,-0.20189208442765383,-1.431938302514656,0.9997168779373168
22,2,7,-0.1570271767770641,-1.394550879472498,0.9994051456451416
22,2,8,-0.20189208442765383,-1.394550879472498,0.9996644854545592
22,2,9,-0.16450466138549572,-1.3122985487797498,0.999563992023468
22,2,10,-0.1869371152107906,-1.3122985487797498,0.9995247721672058
22,2,11,-0.03738742304215812,-0.9982441952256218,0.999631643295288
22,2,12,-0.17198214599392733,-0.9907667106171901,0.999351680278778
22,2,13,-0.05234239225902137,-0.4748202726354081,0.6029303073883057
22,2,14,-0.16450466138549572,-0.4822977572438397,0.544939398765564
22,2,15,-0.3065768689456966,-0.32527058046677565,0.7139840126037598
22,2,16,-0.3215318381625598,-0.5869825417618825,0.6006205081939697
22,2,17,-0.41873913807217095,-0.2205857959487329,0.7039632797241211
22,2,18,-0.4112616534637393,-0.5720275725450192,0.5960014462471008
22,2,19,-0.40378416885530766,-0.2953606420330491,0.7071166038513184
22,2,20,-0.3738742304215812,-0.5869825417618825,0.5914842486381531
22,2,21,-0.3514417765962863,-0.317793095858344,0.6923913359642029
22,2,22,-0.33648680737942305,-0.6019375109787457,0.5781152248382568
22,2,23,0.06729736147588461,-0.0037387423042158116,0.9978294372558594
22,2,24,-0.06729736147588461,0.0037387423042158116,0.996934711933136
22,2,25,0.014954969216863246,0.8038295954063995,0.6308026909828186
22,2,26,0.0,0.7514872031473782,0.586947500705719
22,2,27,0.0972072999096111,1.611397933117015,0.7545687556266785
22,2,28,0.11963975373490597,1.4992356639905404,0.7018898725509644
22,2,29,0.2168470536445171,1.8058125329362371,0.7572237253189087
22,2,30,0.2168470536445171,1.6562628407676045,0.6859843730926514
22,2,31,-0.13459472295176922,1.7833800791109422,0.8376569151878357
22,2,32,-0.08225233069274786,1.6786952945928995,0.7846095561981201
23,1,0,0.258862196897939,-1.4161284889122545,0.9996274709701538
23,1,1,0.19795344468665924,-1.4770372411235344,0.9996347427368164
23,1,2,0.19795344468665924,-1.4770372411235344,0.999569296836853
23,1,3,0.19033985066024928,-1.4770372411235344,0.9996482133865356
23,1,4,0.19033985066024928,-1.4694236470971243,0.9996112585067748
23,1,5,0.1827262566338393,-1.4694236470971243,0.9995439648628236
23,1,6,0.16749906858101934,-1.4694236470971243,0.9996418356895448
23,1,7,0.14465828650178944,-1.4237420829386644,0.9991853833198548
23,1,8,0.10659031636973959,-1.4161284889122545,0.9996089935302734
23,1,9,0.24363500884511907,-1.3399925486481548,0.9994684457778932
23,1,10,0.22840782079229913,-1.3399925486481548,0.999495267868042
23,1,11,0.09136312831691965,-1.0049944114861162,0.9995373487472534
23,1,12,0.053295158184869795,-0.9897672234332962,0.9994035363197328
23,1,13,0.03806797013204986,-0.47204282963741817,0.5463365912437439
23,1,14,-0.007613594026409971,-0.44920204755818827,0.5891146659851074
23,1,15,0.1294310984489695,-0.13704469247537948,0.6499309539794922
23,1,16,0.4187476714525484,-0.2893165730035789,0.6349095702171326
23,1,17,0.14465828650178944,-0.030454376105639884,0.643426239490509
23,1,18,0.517724393795878,-0.20556703871306922,0.6273685097694397
23,1,19,0.19795344468665924,-0.07613594026409971,0.646512508392334
23,1,20,0.5786331460071578,-0.23602141481870909,0.6224618554115295
23,1,21,0.1827262566338393,-0.10659031636973959,0.6331669092178345
23,1,22,0.5405651758751079,-0.266475790924349,0.6050412058830261
23,1,23,0.007613594026409971,0.0,0.997655749320984
23,1,24,-0.007613594026409971,0.0,0.9968370199203492
23,1,25,0.07613594026409971,0.7156778384825373,0.59214848279953
23,1,26,0.030454376105639884,0.7537458086145871,0.609167754650116
23,1,27,-0.053295158184869795,1.4313556769650746,0.7276360392570496
23,1,28,-0.053295158184869795,1.4770372411235344,0.7130631804466248
23,1,29,-0.15227188052819943,1.5836275574932739,0.735174834728241
23,1,30,-0.17511266260742933,1.606468339572504,0.6900535821914673
23,1,31,0.17511266260742933,1.560786775414044,0.8188527822494507
23,1,32,0.20556703871306922,1.5912411515196838,0.7896400690078735
23,2,0,-0.20785070306906692,-1.3856713537937795,0.9996373653411864
23,2,1,-0.18597168169337566,-1.4513084179208533,0.9996453523635864
23,2,2,-0.18597168169337566,-1.4513084179208533,0.9995840191841124
23,2,3,-0.17867867456814526,-1.4586014250460837,0.9996594190597534
23,2,4,-0.1932646888186061,-1.444015410795623,0.99961918592453
23,2,5,-0.1932646888186061,-1.444015410795623,0.9995550513267516
23,2,6,-0.1932646888186061,-1.4367224036703925,0.9996485114097596
23,2,7,-0.17138566744291484,-1.4002573680442403,0.9992384910583496
23,2,8,-0.20055769594383652,-1.4002573680442403,0.9995991587638856
23,2,9,-0.1932646888186061,-1.327327296791936,0.9994871616363524
23,2,10,-0.20055769594383652,-1.3200342896667057,0.9994805455207824
23,2,11,-0.054697553439228136,-0.9991419761565673,0.9995726943016052
23,2,12,-0.13492063181676275,-0.9918489690313369,0.9993528127670288
23,2,13,-0.018232517813076048,-0.45945944888951634,0.5906434655189514
23,2,14,-0.09845559619061064,-0.4740454631399772,0.5339509844779968
23,2,15,-0.331831824197984,-0.3792363705119818,0.6816579699516296
23,2,16,-0.12762762469153233,-0.16773916388029964,0.5788666605949402
23,2,17,-0.45581294532690114,-0.3646503562615209,0.6733899116516113
23,2,18,-0.1203346175663019,-0.10939510687845627,0.574780285358429
23,2,19,-0.4339339239512099,-0.40111539188767303,0.6759944558143616
23,2,20,-0.0401115391887673,-0.13856713537937795,0.5702332258224487
23,2,21,-0.3901758811998274,-0.40111539188767303,0.6617850065231323
23,2,22,-0.03281853206353688,-0.1604461567550692,0.5548078417778015
23,2,23,0.061990560564458556,0.0,0.9977794885635376
23,2,24,-0.061990560564458556,0.0,0.9968664646148682
23,2,25,-0.061990560564458556,0.6928356768968897,0.626154363155365
23,2,26,-0.09116258906538023,0.7001286840221201,0.5824010968208313
23,2,27,0.07657657481491939,1.5169454820479271,0.7490719556808472
23,2,28,0.06928356768968898,1.4075503751694707,0.6962143778800964
23,2,29,0.17867867456814526,1.6700986316777657,0.7536683678627014
23,2,30,0.156799653192454,1.5534105176740791,0.68132483959198
23,2,31,-0.1640926603176844,1.5898755533002311,0.8310675024986267
23,2,32,-0.1203346175663019,1.5461175105488487,0.7799004316329956
24,1,0,0.2642655547988623,-1.4379155187585155,0.9994683265686036
24,1,1,0.20985794057556711,-1.5000956492994242,0.9994396567344666
24,1,2,0.20985794057556711,-1.5000956492994242,0.99929279088974
24,1,3,0.20208542425795353,-1.5000956492994242,0.9994105100631714
24,1,4,0.20208542425795353,-1.4923231329818107,0.9994564056396484
24,1,5,0.18654039162272634,-1.484550616664197,0.999369978904724
24,1,6,0.17876787530511273,-1.4767781003465834,0.999534785747528
24,1,7,0.16322284266988554,-1.4379155187585155,0.998567521572113
24,1,8,0.12436026108181755,-1.4223704861232882,0.9995155930519104
24,1,9,0.2720380711164759,-1.3601903555823796,0.9992462396621704
24,1,10,0.2487205221636351,-1.3601903555823796,0.9994335174560548
24,1,11,0.15545032635227193,-0.9948820886545404,0.9992856979370116
24,1,12,0.046635097905681586,-0.9948820886545404,0.9994012117385864
24,1,13,0.062180130540908776,-0.44303343010397506,0.5340138077735901
24,1,14,-0.09327019581136317,-0.41971588115113423,0.5790717005729675
24,1,15,0.18654039162272634,-0.13213277739943116,0.6193280816078186
24,1,16,0.2798105874340895,-0.13213277739943116,0.614041268825531
24,1,17,0.2487205221636351,-0.015545032635227194,0.6142697334289551
24,1,18,0.3730807832454527,-0.023317548952840793,0.6049325466156006
24,1,19,0.2642655547988623,-0.031090065270454388,0.6167740821838379
24,1,20,0.41971588115113423,-0.05440761422329518,0.5994651913642883
24,1,21,0.2642655547988623,-0.09327019581136317,0.6041519045829773
24,1,22,0.39639833219829346,-0.08549767949374958,0.580656886100769
24,1,23,0.046635097905681586,0.0,0.997400403022766
24,1,24,-0.046635097905681586,0.0,0.996641218662262
24,1,25,0.10881522844659036,0.7072989849028374,0.5880493521690369
24,1,26,0.03886258158806798,0.7617065991261325,0.6027020215988159
24,1,27,-0.06995264685852237,1.3757353882176067,0.713579535484314
24,1,28,-0.062180130540908776,1.4301430024409019,0.7025179266929626
24,1,29,-0.17876787530511273,1.5545032635227194,0.724498450756073
24,1,30,-0.18654039162272634,1.5933658451107875,0.6819113492965698
24,1,31,0.17099535898749915,1.523413198252265,0.8021716475486755
24,1,32,0.19431290794033992,1.5545032635227194,0.7794615030288696
24,2,0,-0.192543736525865,-1.3959420898125214,0.999451458454132
24,2,1,-0.18513820819794713,-1.4551863164358645,0.9994233846664428
24,2,2,-0.17032715154211137,-1.4551863164358645,0.999281406402588
24,2,3,-0.16292162321419348,-1.4551863164358645,0.9994059801101683
24,2,4,-0.1999492648537829,-1.4477807881079465,0.9994246363639832
24,2,5,-0.1999492648537829,-1.4477807881079465,0.9993272423744202
24,2,6,-0.1999492648537829,-1.4477807881079465,0.9994909763336182
24,2,7,-0.0962718682629325,-1.4033476181404392,0.9986203908920288
24,2,8,-0.1555160948862756,-1.3959420898125214,0.9994273781776428
24,2,9,-0.17773267987002925,-1.3292923348612604,0.9992432594299316
24,2,10,-0.1999492648537829,-1.3218868065333425,0.9993436336517334
24,2,11,-0.03702764163958942,-0.9960435601049555,0.9993398785591124
24,2,12,-0.1407050382304398,-0.9960435601049555,0.9992650747299194
24,2,13,0.007405528327917885,-0.4628455204948678,0.5802950859069824
24,2,14,-0.06664975495126096,-0.44803446383903206,0.5278996825218201
24,2,15,-0.23697690649337233,-0.4332234071831963,0.6567941904067993
24,2,16,-0.17032715154211137,-0.24808519898524917,0.5646306872367859
24,2,17,-0.3480598314121406,-0.4110068221994426,0.6515876650810242
24,2,18,-0.17032715154211137,-0.1666243873781524,0.5584877729415894
24,2,19,-0.39249300137964793,-0.45543999216694997,0.6537299156188965
24,2,20,-0.1555160948862756,-0.26289625564108493,0.5536537766456604
24,2,21,-0.3332487747563048,-0.47025104882278573,0.6416947245597839
24,2,22,-0.16292162321419348,-0.24808519898524917,0.5374131202697754
24,2,23,0.02962211331167154,0.011108292491876828,0.9972448348999025
24,2,24,-0.02962211331167154,-0.011108292491876828,0.9961048364639282
24,2,25,-0.21476032150961868,0.773877710267419,0.6260518431663513
24,2,26,-0.1481105665583577,0.8183108802349264,0.5950583815574646
24,2,27,0.04443316996750731,1.2996702215495888,0.734772264957428
24,2,28,0.02962211331167154,1.3885365614846035,0.6897435188293457
24,2,29,0.1555160948862756,1.484808429747536,0.7455475926399231
24,2,30,0.11848845324668617,1.5440526563708792,0.681728184223175
24,2,31,-0.22957137816545445,1.4625918447637825,0.8132914304733276
24,2,32,-0.18513820819794713,1.551458184698797,0.7663984894752502
25,1,0,0.24834946791592763,-1.439650821825143,0.9993929266929626
25,1,1,0.19402302180931846,-1.4939772679317522,0.9993439316749572
25,1,2,0.19402302180931846,-1.4939772679317522,0.9991439580917358
25,1,3,0.19402302180931846,-1.4939772679317522,0.9992531538009644
25,1,4,0.178501180064573,-1.4939772679317522,0.9993956685066224
25,1,5,0.1629793383198275,-1.4862163470593794,0.9992990493774414
25,1,6,0.14745749657508203,-1.4784554261870066,0.9994826316833496
25,1,7,0.17074025919220023,-1.439650821825143,0.9981104731559752
25,1,8,0.10865289221321833,-1.4241289800803976,0.9994426369667052
25,1,9,0.24834946791592763,-1.3620416131014155,0.9991007447242736
25,1,10,0.23282762617118216,-1.3620416131014155,0.9993552565574646
25,1,11,0.1396965757027093,-0.9972783320998969,0.9990020990371704
25,1,12,0.007760920872372738,-0.9972783320998969,0.999328076839447
25,1,13,0.09313105046847286,-0.48505755452329613,0.5245117545127869
25,1,14,-0.23282762617118216,-0.430731108416687,0.5740489959716797
25,1,15,0.18626210093694573,-0.252229928352114,0.5962960720062256
25,1,16,0.14745749657508203,-0.10477243177703197,0.6011455059051514
25,1,17,0.2250667052988094,-0.15909887788364113,0.5934582352638245
25,1,18,0.178501180064573,0.003880460436186369,0.5888658761978149
25,1,19,0.23282762617118216,-0.1901425613731321,0.5956848859786987
25,1,20,0.21730578442643667,-0.0504459856704228,0.5832434296607971
25,1,21,0.21730578442643667,-0.22118624486262303,0.5846720933914185
25,1,22,0.19402302180931846,-0.0892505900322865,0.5638818144798279
25,1,23,0.06208736697898191,-0.003880460436186369,0.9971311688423156
25,1,24,-0.06208736697898191,0.003880460436186369,0.9962188005447388
25,1,25,0.12417473395796381,0.7101242598221056,0.5888575315475464
25,1,26,0.0,0.7178851806944783,0.6113783717155457
25,1,27,-0.07760920872372738,1.2999542461224336,0.7021915912628174
25,1,28,-0.06984828785135465,1.3620416131014155,0.6863956451416016
25,1,29,-0.1629793383198275,1.4318899009527701,0.7184790968894958
25,1,30,-0.18626210093694573,1.4939772679317522,0.6669765114784241
25,1,31,0.12417473395796381,1.4706945053146339,0.7902647256851196
25,1,32,0.1629793383198275,1.5250209514212432,0.7624111175537109
25,2,0,0.011493493650809093,-1.417530883599788,0.9994056224822998
25,2,1,-0.011493493650809093,-1.4711671873035639,0.9993581175804138
25,2,2,-0.003831164550269697,-1.4711671873035639,0.9991724491119384
25,2,3,0.003831164550269697,-1.4711671873035639,0.9992856979370116
25,2,4,-0.02681815185188788,-1.4711671873035639,0.9993889331817628
25,2,5,-0.03448048095242728,-1.4711671873035639,0.9992813467979432
25,2,6,-0.04214281005296667,-1.4635048582030243,0.999453604221344
25,2,7,0.04214281005296667,-1.4251932127003275,0.9982471466064452
25,2,8,-0.03448048095242728,-1.417530883599788,0.9993584752082824
25,2,9,0.019155822751348486,-1.3485699216949334,0.9991395473480223
25,2,10,0.003831164550269697,-1.3485699216949334,0.9992984533309937
25,2,11,0.10344144285728182,-1.0037651121706608,0.9990960955619812
25,2,12,-0.1264284301589,-0.9961027830701213,0.9991933703422546
25,2,13,0.2720126830691485,-0.49038906243452124,0.571913480758667
25,2,14,-0.03448048095242728,-0.4444150878312849,0.5266613364219666
25,2,15,-0.11110377195782123,-0.4290904296302061,0.6364593505859375
25,2,16,-0.13409075925943942,-0.22986987301618184,0.5634052753448486
25,2,17,-0.15707774656105758,-0.3831164550269697,0.6335874199867249
25,2,18,-0.18006473386267577,-0.19922055661402427,0.5544179677963257
25,2,19,-0.04214281005296667,-0.4367527587307455,0.6355385780334473
25,2,20,-0.16474007566159699,-0.2528568603178,0.5492492318153381
25,2,21,-0.06512979735458485,-0.4520774169318243,0.6252579689025879
25,2,22,-0.16474007566159699,-0.21454521481510305,0.5325462818145752
25,2,23,0.10344144285728182,-0.007662329100539394,0.9971203207969666
25,2,24,-0.10344144285728182,0.007662329100539394,0.9959407448768616
25,2,25,0.03448048095242728,0.7125966063501638,0.6264756321907043
25,2,26,-0.003831164550269697,0.7662329100539395,0.6012599468231201
25,2,27,-0.13409075925943942,1.5171411619068,0.7237905859947205
25,2,28,-0.08045445555566365,1.4481802000019457,0.6740921139717102
25,2,29,-0.06512979735458485,1.6780500730181274,0.739773154258728
25,2,30,-0.30266199947130606,1.6090891111132728,0.66603022813797
25,2,31,-0.04980513915350607,1.670387743917588,0.802082896232605
25,2,32,-0.011493493650809093,1.5861021238116546,0.7494319081306458
26,1,0,0.27740089871103113,-1.4377962074036543,0.99922376871109
26,1,1,0.22270212995110952,-1.492494976163576,0.9990993738174438
26,1,2,0.22270212995110952,-1.492494976163576,0.9987810254096984
26,1,3,0.22270212995110952,-1.492494976163576,0.9988921880722046
26,1,4,0.20707391030541764,-1.48468086634073,0.9992495179176332
26,1,5,0.19144569065972572,-1.4768667565178841,0.9991391897201538
26,1,6,0.18363158083687978,-1.4768667565178841,0.9993737936019896
26,1,7,0.18363158083687978,-1.4299820975808084,0.996953010559082
26,1,8,0.1211187022541122,-1.4221679877579625,0.9993100762367249
26,1,9,0.2852150085338771,-1.359655109175195,0.9987579584121704
26,1,10,0.26177267906533924,-1.359655109175195,0.9992488026618958
26,1,11,0.14456103172265003,-1.0002060573242813,0.9984788298606871
26,1,12,0.027349384379960817,-0.9923919475014354,0.9992586970329284
26,1,13,0.05079171384849866,-0.5079171384849867,0.516897976398468
26,1,14,-0.20707391030541764,-0.42977604025652716,0.572632372379303
26,1,15,0.15237514154549597,-0.27349384379960817,0.577705979347229
26,1,16,0.11330459243126624,-0.11721164734268923,0.6007291674613953
26,1,17,0.26177267906533924,-0.15628219645691896,0.5769075751304626
26,1,18,0.19144569065972572,-0.015628219645691895,0.587256669998169
26,1,19,0.2852150085338771,-0.1797245259254568,0.5788854956626892
26,1,20,0.24614445941964735,-0.06251287858276758,0.5813955664634705
26,1,21,0.26177267906533924,-0.2109809652168406,0.5695931911468506
26,1,22,0.20707391030541764,-0.09376931787415138,0.5618487596511841
26,1,23,0.03516349420280677,-0.007814109822845947,0.9966311454772948
26,1,24,-0.03516349420280677,0.007814109822845947,0.9958282709121704
26,1,25,0.11330459243126624,0.6876416644104434,0.5828595757484436
26,1,26,0.027349384379960817,0.7267122135246732,0.6174709796905518
26,1,27,-0.05860582367134461,1.3049563404152733,0.6830753684043884
26,1,28,-0.07423404331703651,1.3830974386437327,0.6714838147163391
26,1,29,-0.13674692189980409,1.4456103172265005,0.7036553621292114
26,1,30,-0.19925980048257166,1.515937305632114,0.6559504866600037
26,1,31,0.17581747101403383,1.492494976163576,0.7690127491950989
26,1,32,0.20707391030541764,1.5471937449234976,0.7440193295478821
26,2,0,0.1835634519675833,-1.4073197984181387,0.999223530292511
26,2,1,0.16826649763695137,-1.4608591385753507,0.9991085529327391
26,2,2,0.17591497480226734,-1.4608591385753507,0.9988148808479308
26,2,3,0.1835634519675833,-1.4608591385753507,0.998940408229828
26,2,4,0.15296954330631943,-1.4608591385753507,0.9992161393165588
26,2,5,0.14532106614100346,-1.4608591385753507,0.9990758895874025
26,2,6,0.1376725889756875,-1.4532106614100346,0.9992961883544922
26,2,7,0.20650888346353125,-1.4149682755834547,0.9971847534179688
26,2,8,0.1376725889756875,-1.4073197984181387,0.9991233944892884
26,2,9,0.19121192913289928,-1.3384835039302951,0.9988083839416504
26,2,10,0.17591497480226734,-1.3308350267649791,0.99913227558136
26,2,11,0.21415736062884722,-0.9943020314910763,0.9986243844032288
26,2,12,0.061187817322527774,-0.9866535543257603,0.9990565776824952
26,2,13,0.3977208125964305,-0.49715101574553816,0.5650296807289124
26,2,14,0.14532106614100346,-0.4359631984230104,0.5202749371528625
26,2,15,0.04589086299189583,-0.4130177669270625,0.6196157932281494
26,2,16,0.09178172598379165,-0.19121192913289928,0.5519574284553528
26,2,17,0.030593908661263887,-0.3671269039351666,0.6184576153755188
26,2,18,0.09178172598379165,-0.1606180204716354,0.5424661636352539
26,2,19,0.09943020314910762,-0.42066624409237846,0.6201740503311157
26,2,20,0.11472715747973958,-0.12237563464505555,0.5371928215026855
26,2,21,0.08413324881847568,-0.4359631984230104,0.6113201379776001
26,2,22,0.12237563464505555,-0.14532106614100346,0.5203210115432739
26,2,23,0.007648477165315972,-0.007648477165315972,0.9966443777084352
26,2,24,-0.007648477165315972,0.007648477165315972,0.9954013824462892
26,2,25,0.10707868031442361,0.7342538078703332,0.6190701127052307
26,2,26,0.15296954330631943,0.7648477165315971,0.6069654822349548
26,2,27,-0.007648477165315972,1.5143984787325624,0.7052804827690125
26,2,28,0.1606180204716354,1.4532106614100346,0.6580976247787476
26,2,29,-0.13002411181037152,1.6673680220388818,0.7233287692070007
26,2,30,0.10707868031442361,1.606180204716354,0.6541276574134827
26,2,31,0.13002411181037152,1.6673680220388818,0.7811669707298279
26,2,32,0.1606180204716354,1.5832347732204062,0.7301247119903564
27,1,0,0.23455293800385543,-1.4342335389416079,0.9991936683654784
27,1,1,0.180721116166905,-1.4880653607785583,0.9990513324737548
27,1,2,0.17303085590448353,-1.4880653607785583,0.9987356066703796
27,1,3,0.17303085590448353,-1.4880653607785583,0.9988675713539124
27,1,4,0.16534059564206202,-1.4880653607785583,0.9992079138755798
27,1,5,0.14996007511721904,-1.4803751005161367,0.9990735054016112
27,1,6,0.14226981485479756,-1.4726848402537154,0.9993048906326294
27,1,7,0.12688929432995458,-1.4265432786791863,0.9970458149909972
27,1,8,0.08843799301784713,-1.418853018416765,0.9991695880889891
27,1,9,0.23455293800385543,-1.3573309363173929,0.9987840056419371
27,1,10,0.21917241747901245,-1.3496406760549715,0.9991833567619324
27,1,11,0.09612825328026862,-0.995888703983583,0.9984895586967468
27,1,12,-0.04998669170573968,-1.0035789642460045,0.9991457462310792
27,1,13,-0.11919903406753309,-0.5652341292879794,0.5115991234779358
27,1,14,-0.4037386637771282,-0.5498536087631365,0.5676657557487488
27,1,15,0.08843799301784713,-0.22686267774143395,0.5630106329917908
27,1,16,-0.04998669170573968,-0.16534059564206202,0.5936563014984131
27,1,17,0.14226981485479756,-0.12688929432995458,0.5634381771087646
27,1,18,0.034606171180896705,-0.05767695196816117,0.5816863179206848
27,1,19,0.15765033537964054,-0.13457955459237608,0.5653002858161926
27,1,20,0.04998669170573968,-0.08074773275542564,0.576202392578125
27,1,21,0.12688929432995458,-0.16534059564206202,0.5577614307403564
27,1,22,0.05767695196816117,-0.11150877380511161,0.558022677898407
27,1,23,0.06536721223058266,-0.003845130131210745,0.9962985515594482
27,1,24,-0.06536721223058266,0.003845130131210745,0.9955427646636964
27,1,25,0.13457955459237608,0.6882782934867233,0.5903950929641724
27,1,26,-0.011535390393632234,0.7190393345364093,0.6318647861480713
27,1,27,-0.08843799301784713,1.3188796350052856,0.6767531633377075
27,1,28,-0.09612825328026862,1.3650211965798145,0.6694244146347046
27,1,29,-0.15765033537964054,1.4111627581543433,0.6971073150634766
27,1,30,-0.196101636691748,1.4880653607785583,0.6519759893417358
27,1,31,0.14226981485479756,1.4957556210409797,0.7642499804496765
27,1,32,0.13457955459237608,1.5265166620906658,0.736989438533783
27,2,0,-0.2204164047578859,-1.3934799826218889,0.9992388486862184
27,2,1,-0.1905294346212234,-1.4532539228952137,0.9991011023521424
27,2,2,-0.17558594955289217,-1.4532539228952137,0.9988199472427368
27,2,3,-0.16811420701872654,-1.4532539228952137,0.9989495277404784
27,2,4,-0.19800117715538904,-1.4532539228952137,0.9992333650588988
27,2,5,-0.19800117715538904,-1.4457821803610482,0.9991059303283693
27,2,6,-0.19800117715538904,-1.4457821803610482,0.9993137717247008
27,2,7,-0.10086852421123592,-1.4009517251560544,0.997312307357788
27,2,8,-0.13822723688206404,-1.3934799826218889,0.9991408586502076
27,2,9,-0.18305769208705777,-1.311290814746067,0.9988710284233092
27,2,10,-0.20547291968955464,-1.311290814746067,0.999150574207306
27,2,11,0.011207613801248436,-1.0049493708452764,0.99864000082016
27,2,12,-0.15317072195039527,-0.9900058857769451,0.9990207552909852
27,2,13,0.15317072195039527,-0.556644818795339,0.5603629350662231
27,2,14,-0.18305769208705777,-0.5417013337270077,0.5147251486778259
27,2,15,-0.10834026674540154,-0.36985125544119835,0.6065450310707092
27,2,16,-0.2503033748945484,-0.20547291968955464,0.5398757457733154
27,2,17,-0.10834026674540154,-0.3250208002362046,0.6066141128540039
27,2,18,-0.26524685996287967,-0.1307554943478984,0.5310138463973999
27,2,19,-0.21294466222372027,-0.36237951290703274,0.6082392334938049
27,2,20,-0.20547291968955464,-0.1905294346212234,0.5261968970298767
27,2,21,-0.19800117715538904,-0.3847947405095296,0.6009870171546936
27,2,22,-0.26524685996287967,-0.17558594955289217,0.5101519823074341
27,2,23,0.0635098115404078,0.003735871267082812,0.99655681848526
27,2,24,-0.0635098115404078,-0.003735871267082812,0.995456039905548
27,2,25,0.003735871267082812,0.6836644418761546,0.6262403130531311
27,2,26,-0.0933967816770703,0.7210231545469827,0.610556423664093
27,2,27,0.03362284140374531,1.4831408930318764,0.7043601274490356
27,2,28,0.011207613801248436,1.3860082400877232,0.6584075093269348
27,2,29,0.0635098115404078,1.6624627138518513,0.7216058373451233
27,2,30,0.04109458393791093,1.5354430907710357,0.6501685976982117
27,2,31,-0.14569897941622967,1.6325757437151889,0.7829672694206238
27,2,32,-0.07098155407457342,1.5802735459760293,0.7299866676330566
28,1,0,0.18693577659825664,-1.4153708799582287,0.9992859363555908
28,1,1,0.12589552301515242,-1.476411133541333,0.9991512298583984
28,1,2,0.1182654913172644,-1.476411133541333,0.9988860487937928
28,1,3,0.11063545961937638,-1.476411133541333,0.9990050196647644
28,1,4,0.11063545961937638,-1.468781101843445,0.999286651611328
28,1,5,0.09537539622360032,-1.468781101843445,0.999172568321228
28,1,6,0.08011533282782426,-1.461151070145557,0.9993661642074584
28,1,7,0.019075079244720065,-1.4230009116561169,0.9974740147590636
28,1,8,-0.019075079244720065,-1.4077408482603408,0.9992166757583618
28,1,9,0.1793057449003686,-1.3390705629793485,0.9989360570907592
28,1,10,0.15641564980670453,-1.3390705629793485,0.9992217421531676
28,1,11,0.06485526943204822,-0.9957191365743874,0.9985544681549072
28,1,12,-0.12589552301515242,-1.0033491682722755,0.999115824699402
28,1,13,-0.003815015848944013,-0.5531772980968819,0.5109279155731201
28,1,14,-0.5608073297947699,-0.6676277735652023,0.5630704164505005
28,1,15,0.07248530112993624,-0.2327159667855848,0.5532534122467041
28,1,16,-0.286126188670801,-0.20219583999403268,0.5848945379257202
28,1,17,0.11063545961937638,-0.14115558641092849,0.5545395612716675
28,1,18,-0.2632360935771369,-0.14115558641092849,0.5753676891326904
28,1,19,0.13352555471304045,-0.14115558641092849,0.5564092993736267
28,1,20,-0.19456580829614467,-0.1793057449003686,0.5707359910011292
28,1,21,0.12589552301515242,-0.15641564980670453,0.5503870248794556
28,1,22,-0.24034599848347282,-0.19456580829614467,0.5549713969230652
28,1,23,0.06485526943204822,0.003815015848944013,0.9964167475700378
28,1,24,-0.06485526943204822,-0.003815015848944013,0.995699405670166
28,1,25,0.04196517433838414,0.6905178686588663,0.6030757427215576
28,1,26,-0.07248530112993624,0.7286680271483065,0.6397644281387329
28,1,27,-0.1487856181088165,1.3619606580730126,0.684016227722168
28,1,28,-0.1793057449003686,1.445891006749781,0.6822496056556702
28,1,29,-0.24797603018136083,1.4993012286349972,0.7029809951782227
28,1,30,-0.293756220368689,1.5832315773117653,0.6647931933403015
28,1,31,0.04959520603627217,1.5832315773117653,0.7726079821586609
28,1,32,0.06485526943204822,1.6442718308948696,0.7477377653121948
28,2,0,-0.23116658986919844,-1.3576450516127527,0.9993059635162354
28,2,1,-0.20181210226676055,-1.423692648718238,0.999167263507843
28,2,2,-0.1871348584655416,-1.423692648718238,0.998937964439392
28,2,3,-0.17979623656493213,-1.423692648718238,0.9990611672401428
28,2,4,-0.21648934606797948,-1.4163540268176285,0.999268651008606
28,2,5,-0.21648934606797948,-1.4163540268176285,0.9991515278816224
28,2,6,-0.21648934606797948,-1.4163540268176285,0.9993205666542052
28,2,7,-0.12108726136005632,-1.379660917314581,0.9976939558982848
28,2,8,-0.16511899276371317,-1.3723222954139715,0.9990898370742798
28,2,9,-0.20181210226676055,-1.298936076407877,0.9989973902702332
28,2,10,-0.22382796796858895,-1.2915974545072675,0.9991299510002136
28,2,11,0.01100793285091421,-1.020068444184717,0.9986985325813292
28,2,12,-0.13576450516127528,-0.9760367127810601,0.9986039996147156
28,2,13,0.12108726136005632,-0.5944283739493674,0.5597878098487854
28,2,14,-0.12842588326066579,-0.5870897520487579,0.5089755058288574
28,2,15,-0.11374863945944685,-0.3008834979249884,0.5978307127952576
28,2,16,-0.27519832127285526,-0.32289936362681687,0.531715452671051
28,2,17,-0.14310312706188474,-0.29354487602437895,0.5987711548805237
28,2,18,-0.28987556507407425,-0.24217452272011264,0.5258135199546814
28,2,19,-0.21648934606797948,-0.32289936362681687,0.6004205942153931
28,2,20,-0.3265686745771216,-0.30822211982559794,0.5218599438667297
28,2,21,-0.20915072416737002,-0.3375766074280358,0.5946874022483826
28,2,22,-0.31189143077590264,-0.33023798552742634,0.5079185962677002
28,2,23,0.055039664254571054,-0.007338621900609474,0.9966087937355042
28,2,24,-0.055039664254571054,0.007338621900609474,0.9951732158660888
28,2,25,0.033023798552742636,0.7632166776633853,0.6391531825065613
28,2,26,-0.02568517665213316,0.7632166776633853,0.6218164563179016
28,2,27,0.0990713956582279,1.5704650867304275,0.71209317445755
28,2,28,0.08439415185700895,1.5044174896249423,0.6755338311195374
28,2,29,0.1577803708631037,1.7392533904444454,0.7267889976501465
28,2,30,0.13576450516127528,1.6438513057365223,0.66094571352005
28,2,31,-0.17245761466432263,1.827316853251759,0.7912493348121643
28,2,32,-0.12108726136005632,1.702560280941398,0.7450425624847412
29,1,0,0.24949761315720392,-1.3821375712994313,0.9993513822555542
29,1,1,0.19405369912226972,-1.453422603630061,0.9992204308509828
29,1,2,0.186133139974422,-1.453422603630061,0.9990100264549256
29,1,3,0.17821258082657424,-1.453422603630061,0.999121367931366
29,1,4,0.1702920216787265,-1.4455020444822133,0.9993193745613098
29,1,5,0.154450903383031,-1.4455020444822133,0.9992150664329528
29,1,6,0.1386097850873355,-1.4455020444822133,0.9993711113929749
29,1,7,0.08316587105240131,-1.4058992487429745,0.9978604912757874
29,1,8,0.035642516165314844,-1.3979786895951267,0.9991676807403564
29,1,9,0.23365649486150844,-1.3108525389688017,0.9990091919898988
29,1,10,0.2098948174179652,-1.3108525389688017,0.9991803765296936
29,1,11,0.01980139786961936,-0.9861096139070441,0.9986621737480164
29,1,12,-0.14653034423518327,-1.0098712913505874,0.9987395405769348
29,1,13,0.051483634461010334,-0.5583994199232659,0.5125174522399902
29,1,14,-0.5029555058883317,-0.7247311620280685,0.5578601956367493
29,1,15,0.20197425827011747,-0.19405369912226972,0.54732745885849
29,1,16,-0.2970209680442904,-0.2811798497485949,0.5777077078819275
29,1,17,0.21781537656581296,-0.11484810764379229,0.5494599938392639
29,1,18,-0.3445443229313769,-0.17821258082657424,0.5712594985961914
29,1,19,0.2257359357136607,-0.0990069893480968,0.5511569976806641
29,1,20,-0.26533873145289943,-0.20197425827011747,0.5675148963928223
29,1,21,0.20197425827011747,-0.12276866679164003,0.5468103289604187
29,1,22,-0.26533873145289943,-0.25741817230505165,0.5541427135467529
29,1,23,0.027721957017467103,0.01980139786961936,0.9965842366218568
29,1,24,-0.027721957017467103,-0.01980139786961936,0.9955044984817504
29,1,25,0.06732475275670582,0.8435395492457848,0.6111127734184265
29,1,26,0.003960279573923872,0.8831423449850234,0.6531865000724792
29,1,27,-0.051483634461010334,1.6197543457348635,0.6822119951248169
29,1,28,-0.08316587105240131,1.698959937213341,0.6978490948677063
29,1,29,-0.1702920216787265,1.762324410396123,0.7054513096809387
29,1,30,-0.2098948174179652,1.825688883578905,0.67727130651474
29,1,31,0.20197425827011747,1.857371120170296,0.7708379626274109
29,1,32,0.186133139974422,1.9128150342052301,0.7593997120857239
29,2,0,-0.22570311923866196,-1.3246183063514916,0.9993278980255128
29,2,1,-0.1813025056179416,-1.3986193290526923,0.9991714358329772
29,2,2,-0.16650230107770145,-1.3986193290526923,0.9989951252937316
29,2,3,-0.15170209653746133,-1.3986193290526923,0.9991310238838196
29,2,4,-0.18870260788806165,-1.3986193290526923,0.9992305040359496
29,2,5,-0.18870260788806165,-1.3986193290526923,0.9991055727005004
29,2,6,-0.18870260788806165,-1.391219226782572,0.9992584586143494
29,2,7,-0.09250127837650081,-1.3542187154319718,0.998013973236084
29,2,8,-0.1369018919972212,-1.3542187154319718,0.9988877177238464
29,2,9,-0.2035028124283018,-1.2654174881905311,0.9989984035491944
29,2,10,-0.2183030169685419,-1.258017385920411,0.998890459537506
29,2,11,0.01850025567530016,-1.0212141132765689,0.9987939596176147
29,2,12,-0.10730148291674094,-0.9768134996558485,0.9976300597190856
29,2,13,0.3145043464801027,-0.6660092043108058,0.56116783618927
29,2,14,-0.040700562485660355,-0.6364087952303256,0.5034744739532471
29,2,15,-0.01850025567530016,-0.38480531804624335,0.5923079252243042
29,2,16,-0.1739024033478215,-0.347804806695643,0.5233548879623413
29,2,17,-0.08510117610638074,-0.18500255675300162,0.5936374068260193
29,2,18,-0.2183030169685419,-0.28120388626456244,0.5196521282196045
29,2,19,-0.14430199426734125,-0.17020235221276148,0.5950654745101929
29,2,20,-0.2553035283191422,-0.30340419307492267,0.5165546536445618
29,2,21,-0.12950178972710114,-0.24420337491396213,0.590482771396637
29,2,22,-0.24790342604902216,-0.3330046021554029,0.5048498511314392
29,2,23,0.011100153405180098,-0.007400102270120065,0.9965932965278624
29,2,24,-0.011100153405180098,0.007400102270120065,0.9943426847457886
29,2,25,-0.0037000511350600324,0.7992110451729669,0.6444692611694336
29,2,26,0.07030097156614061,0.8658119656040476,0.6267818212509155
29,2,27,0.09250127837650081,1.6724231130471345,0.7064892053604126
29,2,28,0.12950178972710114,1.6798232153172548,0.6769198179244995
29,2,29,0.1813025056179416,1.813025056179416,0.7268125414848328
29,2,30,0.1961027101581817,1.820425158449536,0.663047194480896
29,2,31,-0.14430199426734125,1.961027101581817,0.7849487662315369
29,2,32,-0.07770107383626068,1.8944261811507366,0.7397950291633606
30,1,0,0.17481166634440592,-1.3479921827001968,0.9993144273757936
30,1,1,0.13596462937898238,-1.425686256631044,0.99913489818573
30,1,2,0.13596462937898238,-1.425686256631044,0.9989651441574096
30,1,3,0.13596462937898238,-1.425686256631044,0.9990801811218262
30,1,4,0.10488699980664355,-1.425686256631044,0.9992210268974304
30,1,5,0.08157877762738944,-1.4179168492379592,0.9991122484207152
30,1,6,0.05827055544813531,-1.4179168492379592,0.9992555379867554
30,1,7,0.05827055544813531,-1.3790698122725358,0.9979588389396667
30,1,8,-0.034962333268881186,-1.371300404879451,0.9989301562309264
30,1,9,0.17481166634440592,-1.2780675161624344,0.998718559741974
30,1,10,0.1437340367720671,-1.2858369235555192,0.9988178014755248
30,1,11,0.10488699980664355,-0.9672912204390461,0.9985804557800292
30,1,12,-0.3146609994199307,-1.0216770721906392,0.9978452920913696
30,1,13,0.10488699980664355,-0.6176678877502343,0.5187415480613708
30,1,14,-0.5399738138193872,-0.811903072577352,0.5523380637168884
30,1,15,0.30689159202684596,-0.19035048113057534,0.5560595989227295
30,1,16,-0.4234327029231166,-0.36904685117152364,0.568234384059906
30,1,17,0.3224304068130154,-0.06603996284122002,0.5580509901046753
30,1,18,-0.3535080363853542,-0.252505740275253,0.5623847246170044
30,1,19,0.3379692215991848,-0.05827055544813531,0.5603422522544861
30,1,20,-0.2758139624545071,-0.26804455506142244,0.5592801570892334
30,1,21,0.3146609994199307,-0.09711759241355886,0.5572948455810547
30,1,22,-0.26804455506142244,-0.2991221846337613,0.5474280714988708
30,1,23,0.1281952219858977,0.01942351848271177,0.9964389204978944
30,1,24,-0.1281952219858977,-0.01942351848271177,0.994646430015564
30,1,25,0.12042581459281297,0.866288924328945,0.6232839226722717
30,1,26,-0.06603996284122002,0.943982998259792,0.6520988941192627
30,1,27,-0.05827055544813531,1.635460256244331,0.6757395267486572
30,1,28,-0.06603996284122002,1.767540181926771,0.6882005929946899
30,1,29,-0.1592728515582365,1.7597707745336864,0.7058988213539124
30,1,30,-0.19811988852366005,1.8918507002161264,0.6647571921348572
30,1,31,0.1437340367720671,1.9540059593608041,0.7597569823265076
30,1,32,0.12042581459281297,1.9850835889331429,0.7398989200592041
30,2,0,-0.24965958495276966,-1.3153706490795178,0.9993348717689514
30,2,1,-0.19749191048502676,-1.3824433733951873,0.9991635680198668
30,2,2,-0.19003938556106348,-1.3824433733951873,0.9990136623382568
30,2,3,-0.17513433571313694,-1.3824433733951873,0.9991356134414672
30,2,4,-0.2123969603329533,-1.3824433733951873,0.9992249608039856
30,2,5,-0.20494443540899002,-1.3824433733951873,0.9991130232810974
30,2,6,-0.20494443540899002,-1.374990848471224,0.9992501735687256
30,2,7,-0.10806161139746746,-1.3451807487753709,0.998134434223175
30,2,8,-0.15277676094124712,-1.3377282238514077,0.9988839030265808
30,2,9,-0.2123969603329533,-1.2408453998398852,0.9987964034080504
30,2,10,-0.22730201018087984,-1.2408453998398852,0.9987582564353944
30,2,11,0.018631312309908183,-1.0247221770449502,0.998721480369568
30,2,12,-0.12296666124539402,-0.9725545025772072,0.9972171783447266
30,2,13,0.33163735911636566,-0.7266211800864192,0.566808819770813
30,2,14,-0.018631312309908183,-0.7415262299343457,0.498603343963623
30,2,15,0.04098888708179801,-0.3987100834320351,0.6002687215805054
30,2,16,-0.13787171109332055,-0.36889998373618205,0.5149930119514465
30,2,17,-0.05589393692972455,-0.25711210987673294,0.6015747785568237
30,2,18,-0.15277676094124712,-0.2645646348006962,0.5117987394332886
30,2,19,-0.1006090864735042,-0.2645646348006962,0.6035581827163696
30,2,20,-0.16768181078917366,-0.286922209572586,0.5091627240180969
30,2,21,-0.08570403662557764,-0.30927978434447584,0.6003684401512146
30,2,22,-0.16022928586521037,-0.30927978434447584,0.4987809360027313
30,2,23,0.02608383723387146,0.0037262624619816367,0.9966289401054382
30,2,24,-0.02608383723387146,-0.0037262624619816367,0.9940586686134338
30,2,25,-0.018631312309908183,0.8831242034896479,0.65424644947052
30,2,26,0.018631312309908183,0.8831242034896479,0.620087206363678
30,2,27,0.1006090864735042,1.7476170946693876,0.6976125240325928
30,2,28,0.13787171109332055,1.673091845429755,0.6548511385917664
30,2,29,0.1825868606371002,1.8743100183767634,0.7256129384040833
30,2,30,0.16022928586521037,1.8221423439090205,0.6413806080818176
30,2,31,-0.1825868606371002,2.0457180916279185,0.7727678418159485
30,2,32,-0.08570403662557764,1.9041201180726164,0.7118692398071289
31,1,0,0.16115270824097425,-1.3117080903335112,0.9992152452468872
31,1,1,0.11617985942953957,-1.386662838352569,0.998999297618866
31,1,2,0.11617985942953957,-1.386662838352569,0.9988434910774232
31,1,3,0.11617985942953957,-1.386662838352569,0.998939335346222
31,1,4,0.09369343502382223,-1.3791673635506632,0.9991245269775392
31,1,5,0.07870248542001068,-1.3791673635506632,0.999022901058197
31,1,6,0.05621606101429334,-1.3791673635506632,0.9991542100906372
31,1,7,0.04122511141048178,-1.34918546434304,0.9978923797607422
31,1,8,-0.026234161806670226,-1.3416899895411343,0.9988640546798706
31,1,9,0.1461617586371627,-1.2442488171163593,0.9982777237892152
31,1,10,0.12367533423144535,-1.2442488171163593,0.9985595345497132
31,1,11,0.08619796022191645,-0.981907199049657,0.9984875321388244
31,1,12,-0.2436029310619378,-1.0118890982572801,0.9974718689918518
31,1,13,0.12367533423144535,-0.6820882069734259,0.5271182656288147
31,1,14,-0.5359264483362631,-0.7870248542001067,0.547888457775116
31,1,15,0.2510984058638436,-0.23235971885907913,0.5626609325408936
31,1,16,-0.3185576790809956,-0.36727826529338314,0.5606686472892761
31,1,17,0.27358483026956093,-0.11243212202858668,0.5641858577728271
31,1,18,-0.2810803050714667,-0.2548461432647965,0.5553736686706543
31,1,19,0.28857577987337246,-0.11243212202858668,0.5667879581451416
31,1,20,-0.22111650665622046,-0.26234161806670225,0.5526908040046692
31,1,21,0.26608935546765516,-0.1424140212362098,0.5650193691253662
31,1,22,-0.22111650665622046,-0.29981899207623114,0.5421200394630432
31,1,23,0.10868438462763379,0.014990949603811558,0.99639892578125
31,1,24,-0.10868438462763379,-0.014990949603811558,0.9944140315055848
31,1,25,0.08619796022191645,0.8394931778134472,0.6289731860160828
31,1,26,-0.18363913264669157,0.8919615014267877,0.6406444907188416
31,1,27,-0.0712070106181049,1.5665542335983078,0.6619967222213745
31,1,28,-0.07870248542001068,1.6789863556268945,0.663974940776825
31,1,29,-0.1386662838352569,1.6789863556268945,0.7014657855033875
31,1,30,-0.19113460744859737,1.7764275280516695,0.6456400156021118
31,1,31,0.08619796022191645,1.858877750872633,0.7406162023544312
31,1,32,0.0712070106181049,1.9038505996840678,0.7111570835113525
31,2,0,-0.22361766831752156,-1.3007094373802504,0.9992526173591614
31,2,1,-0.17144021237676652,-1.3677947378755069,0.9990511536598206
31,2,2,-0.15653236782226507,-1.3677947378755069,0.998913586139679
31,2,3,-0.14162452326776365,-1.3677947378755069,0.9990169405937196
31,2,4,-0.19380197920851866,-1.3677947378755069,0.9991502165794371
31,2,5,-0.19380197920851866,-1.3677947378755069,0.9990404844284058
31,2,6,-0.19380197920851866,-1.3677947378755069,0.999165952205658
31,2,7,-0.0819931450497579,-1.337979048766504,0.9980785250663756
31,2,8,-0.14907844554501437,-1.3305251264892533,0.9988065958023072
31,2,9,-0.19380197920851866,-1.2336241368849938,0.9984083771705629
31,2,10,-0.22361766831752156,-1.2336241368849938,0.998553991317749
31,2,11,0.03726961138625359,-1.0249143131219738,0.9986380934715272
31,2,12,-0.13417060099051292,-0.9727368571812187,0.9970003366470336
31,2,13,0.3876039584170373,-0.726757422031945,0.5743560194969177
31,2,14,-0.09690098960425933,-0.6447642769821871,0.4946403205394745
31,2,15,0.022361766831752155,-0.436054453219167,0.6061744689941406
31,2,16,-0.13417060099051292,-0.36151523044665984,0.5084872245788574
31,2,17,-0.08944706732700862,-0.30933777450590483,0.6069937348365784
31,2,18,-0.14907844554501437,-0.24970639628789906,0.5061866641044617
31,2,19,-0.13417060099051292,-0.3167916967831555,0.6092620491981506
31,2,20,-0.18634805693126796,-0.25716031856514976,0.5037921071052551
31,2,21,-0.11926275643601149,-0.3466073858921584,0.6072008609771729
31,2,22,-0.17144021237676652,-0.3018838522286541,0.494408905506134
31,2,23,0.029815689109002872,0.003726961138625359,0.996677815914154
31,2,24,-0.029815689109002872,-0.003726961138625359,0.9942479133605956
31,2,25,-0.022361766831752155,0.8907437121314609,0.6600606441497803
31,2,26,-0.007453922277250718,0.8832897898542101,0.6153284907341003
31,2,27,0.11180883415876078,1.755398696292544,0.6880571842193604
31,2,28,0.14162452326776365,1.6584977066882847,0.6352390050888062
31,2,29,0.17144021237676652,1.8821153750058064,0.7198864221572876
31,2,30,0.059631378218005744,1.8075761522332991,0.6230525374412537
31,2,31,-0.18634805693126796,2.0684634319370745,0.7578211426734924
31,2,32,-0.08944706732700862,1.91938498639206,0.6860572695732117
32,1,0,0.10852217301606798,-1.3060082200899215,0.9986538887023926
32,1,1,0.08606930963343322,-1.3733668102378258,0.9981406331062316
32,1,2,0.09355359742764481,-1.3733668102378258,0.9980027079582214
32,1,3,0.10103788522185639,-1.3808510980320374,0.9980344772338868
32,1,4,0.04116358286816372,-1.3733668102378258,0.9984062910079956
32,1,5,0.01871071948552896,-1.3733668102378258,0.9983428716659546
32,1,6,-0.0037421438971057923,-1.3733668102378258,0.9984483122825624
32,1,7,0.06361644625079847,-1.3434296590609796,0.9964341521263124
32,1,8,-0.07110073404501005,-1.335945371266768,0.99822998046875
32,1,9,0.12349074860449115,-1.2386496299420173,0.9961556196212769
32,1,10,0.07110073404501005,-1.246133917736229,0.9972381591796876
32,1,11,0.16839647536976066,-0.9841838449388234,0.9982961416244508
32,1,12,-0.2507236411060881,-1.0141209961156696,0.997225284576416
32,1,13,0.24323935331187652,-0.6548751819935137,0.535352885723114
32,1,14,-0.46776798713822404,-0.774623786700899,0.5425601601600647
32,1,15,0.3929251091961082,-0.1534278997813375,0.5693293213844299
32,1,16,-0.23575506551766492,-0.36298795801926187,0.5446805953979492
32,1,17,0.40789368478453136,-0.0486478706623753,0.5706515312194824
32,1,18,-0.16839647536976066,-0.2058179143408186,0.5348845720291138
32,1,19,0.415377972578743,-0.04116358286816372,0.5738627910614014
32,1,20,-0.11600646081027956,-0.198333626546607,0.5321288704872131
32,1,21,0.3854408214018966,-0.07858502183922164,0.5733287334442139
32,1,22,-0.12349074860449115,-0.2507236411060881,0.5218327045440674
32,1,23,0.1534278997813375,0.0037421438971057923,0.996563196182251
32,1,24,-0.1534278997813375,-0.0037421438971057923,0.9945000410079956
32,1,25,0.13845932419291432,0.8419823768488033,0.637169599533081
32,1,26,-0.10103788522185639,0.8868881036140728,0.6337100267410278
32,1,27,-0.07110073404501005,1.5455054295046922,0.6610862612724304
32,1,28,-0.07110073404501005,1.657769746417866,0.64411860704422
32,1,29,-0.13845932419291432,1.6652540342120776,0.7013620138168335
32,1,30,-0.16839647536976066,1.7700340633310399,0.6220300793647766
32,1,31,0.11600646081027956,1.8448769412731556,0.729124128818512
32,1,32,0.13097503639870273,1.8972669558326367,0.6793556809425354
32,2,0,-0.23412148801507643,-1.2969587193216139,0.9987125992774964
32,2,1,-0.18209449067839278,-1.371283001231162,0.9982495903968812
32,2,2,-0.16722963429648316,-1.371283001231162,0.9981257319450378
32,2,3,-0.15236477791457356,-1.371283001231162,0.9981813430786132
32,2,4,-0.2043917752512572,-1.371283001231162,0.9984728693962096
32,2,5,-0.2043917752512572,-1.371283001231162,0.9983805418014526
32,2,6,-0.211824203442212,-1.371283001231162,0.99848610162735
32,2,7,-0.09290535238693509,-1.341553288467343,0.996749460697174
32,2,8,-0.17466206248743799,-1.3341208602763879,0.9981642365455629
32,2,9,-0.211824203442212,-1.222634437412066,0.996470034122467
32,2,10,-0.24155391620603126,-1.222634437412066,0.9972794651985168
32,2,11,0.06317563962311587,-1.029391304447241,0.998464286327362
32,2,12,-0.11520263695979951,-0.9699318789196024,0.9965044260025024
32,2,13,0.44966190555276586,-0.7543914613819129,0.581733763217926
32,2,14,-0.04831078324120625,-0.635472610326636,0.4899682998657226
32,2,15,0.07060806781407067,-0.45709433374372066,0.6119592785835266
32,2,16,-0.0854729241959803,-0.36790519545226297,0.4949886798858642
32,2,17,-0.033445926859296635,-0.3381754826884438,0.6121588945388794
32,2,18,-0.10777020876884472,-0.22668905982412163,0.4888032376766205
32,2,19,-0.0854729241959803,-0.36047276726130817,0.6149271130561829
32,2,20,-0.13749992153266394,-0.2787160571608053,0.4864392876625061
32,2,21,-0.06317563962311587,-0.3976349082160822,0.6137765049934387
32,2,22,-0.13006749334170914,-0.3084457699246245,0.4772510230541229
32,2,23,0.04087835505025144,-0.003716214095477404,0.996742844581604
32,2,24,-0.04087835505025144,0.003716214095477404,0.9940361976623536
32,2,25,-0.011148642286432212,0.8807427406281447,0.6677072048187256
32,2,26,-0.01858107047738702,0.8733103124371899,0.6141535639762878
32,2,27,0.13006749334170914,1.7429044107789025,0.6876779794692993
32,2,28,0.15236477791457356,1.6611477006783995,0.6270171403884888
32,2,29,0.14493234972361874,1.8618232618341792,0.7220505475997925
32,2,30,0.211824203442212,1.8097962644974956,0.6125286221504211
32,2,31,-0.15979720610552836,2.0402015384170946,0.7472054362297058
32,2,32,-0.1003377805778899,1.951012400125637,0.6644060015678406
33,1,0,0.08604039739916561,-1.30182862151781,0.9979308247566224
33,1,1,0.07107685002539768,-1.3691645846997658,0.9969197511672974
33,1,2,0.07855862371228164,-1.3691645846997658,0.9967361688613892
33,1,3,0.08604039739916561,-1.3691645846997658,0.9968868494033812
33,1,4,0.018704434217209916,-1.3691645846997658,0.9973976612091064
33,1,5,-0.003740886843441983,-1.3691645846997658,0.9972437620162964
33,1,6,-0.02618620790409388,-1.3691645846997658,0.9974316954612732
33,1,7,0.0635950763385137,-1.3467192636391139,0.9941216111183168
33,1,8,-0.08604039739916561,-1.331755716265346,0.9965415000915528
33,1,9,0.1084857184598175,-1.2270108846489705,0.9925805926322936
33,1,10,0.04863152896474578,-1.2344926583358544,0.9942346215248108
33,1,11,0.08604039739916561,-0.9875941266686835,0.9974534511566162
33,1,12,-0.18330345532865716,-1.0100394477293353,0.9966667890548706
33,1,13,0.2730847395712647,-0.7257320476277447,0.5382604598999023
33,1,14,-0.4152384396220601,-0.7107685002539768,0.5379605889320374
33,1,15,0.34042070275322045,-0.3291980422228945,0.5648753046989441
33,1,16,-0.22071232376307698,-0.47883351596057383,0.5291662216186523
33,1,17,0.37782957118764027,-0.2618620790409388,0.5657423734664917
33,1,18,-0.14589458689423734,-0.3666069106573143,0.5141041874885559
33,1,19,0.38531134487452423,-0.24689853166717088,0.5691444873809814
33,1,20,-0.11596749214670146,-0.40401577909173414,0.511775016784668
33,1,21,0.36286602381387234,-0.2543803053540548,0.5690950155258179
33,1,22,-0.14589458689423734,-0.43394287383927,0.5016230344772339
33,1,23,0.10100394477293353,0.0,0.9962170124053956
33,1,24,-0.10100394477293353,0.0,0.9938839077949524
33,1,25,0.04114975527786181,0.8080315581834683,0.6495186686515808
33,1,26,-0.04863152896474578,0.8903310687391919,0.631264865398407
33,1,27,-0.04863152896474578,1.4963547373767931,0.6620786190032959
33,1,28,-0.04114975527786181,1.6684355321751243,0.6274843811988831
33,1,29,-0.10100394477293353,1.6833990795488922,0.7025266289710999
33,1,30,-0.08604039739916561,1.7881439111652677,0.6059775948524475
33,1,31,0.09352217108604957,1.8554798743472234,0.7251532673835754
33,1,32,0.10100394477293353,1.9452611585898312,0.6542866230010986
33,2,0,-0.2526845030531872,-1.2747367467459292,0.9979205131530762
33,2,1,-0.19988475614655105,-1.365250598585877,0.9969559907913208
33,2,2,-0.18479911417322642,-1.3727934195725393,0.9968022704124452
33,2,3,-0.16971347219990182,-1.3727934195725393,0.99701988697052
33,2,4,-0.23005604009320024,-1.365250598585877,0.9973593950271606
33,2,5,-0.23005604009320024,-1.365250598585877,0.997102916240692
33,2,6,-0.23005604009320024,-1.3727934195725393,0.997295618057251
33,2,7,-0.09428526233327879,-1.34262213562589,0.994568169116974
33,2,8,-0.17725629318656413,-1.34262213562589,0.99603009223938
33,2,9,-0.21497039811987564,-1.2068513578659685,0.9931179285049438
33,2,10,-0.2526845030531872,-1.2068513578659685,0.9941839575767516
33,2,11,0.05657115739996728,-1.0258236541860732,0.9977046847343444
33,2,12,-0.124456546279928,-0.9730239072794371,0.9957607984542848
33,2,13,0.45634066969306936,-0.7542820986662303,0.5843095779418945
33,2,14,-0.08674244134661649,-0.6185113209063089,0.4860477149486542
33,2,15,0.05657115739996728,-0.4374836172264136,0.6078290343284607
33,2,16,-0.1169137252932657,-0.31679848143981676,0.480993777513504
33,2,17,-0.01885705246665576,-0.30171283946649213,0.6075059175491333
33,2,18,-0.1319993672665903,-0.18857052466655758,0.4696654379367828
33,2,19,-0.07919962035995419,-0.31679848143981676,0.6104338765144348
33,2,20,-0.1470850092399149,-0.2036561666398822,0.4675430059432983
33,2,21,-0.05657115739996728,-0.3620554073597906,0.6095962524414062
33,2,22,-0.13954218825325262,-0.2338274505865314,0.4586808085441589
33,2,23,0.06411397838662958,-0.0075428209866623035,0.9963586330413818
33,2,24,-0.06411397838662958,0.0075428209866623035,0.993325412273407
33,2,25,0.01885705246665576,0.8975956974128141,0.6807090044021606
33,2,26,-0.05657115739996728,0.9051385183994765,0.6207175254821777
33,2,27,0.124456546279928,1.7499344689056544,0.688892662525177
33,2,28,0.1319993672665903,1.7046775429856806,0.616992175579071
33,2,29,0.17725629318656413,1.9083337096255628,0.7208353281021118
33,2,30,0.22251321910653796,1.8630767837055888,0.6014894843101501
33,2,31,-0.17725629318656413,2.0969042342921203,0.7425593733787537
33,2,32,-0.15462783022657722,2.0365616663988217,0.6429585814476013
34,1,0,0.04212859026614491,-1.24853822061484,0.9961073994636536
34,1,1,0.02680910289663767,-1.3174759137776229,0.9939985275268556
34,1,2,0.034468846581391294,-1.3174759137776229,0.9940505623817444
34,1,3,0.04212859026614491,-1.3174759137776229,0.993911623954773
34,1,4,-0.02680910289663767,-1.3174759137776229,0.9945051074028016
34,1,5,-0.057448077635652156,-1.3098161700928692,0.9944134950637816
34,1,6,-0.09574679605942026,-1.3098161700928692,0.994013011455536
34,1,7,-0.034468846581391294,-1.2868369390386083,0.991044580936432
34,1,8,-0.24894166975449267,-1.271517451669101,0.9913465976715088
34,1,9,0.04978833395089854,-1.1796005274520576,0.9871084690093994
34,1,10,-0.019149359211884053,-1.1796005274520576,0.9873980283737184
34,1,11,0.011489615527130431,-0.9421484732246953,0.9969940185546876
34,1,12,-0.19532346396121733,-1.0493848848112461,0.9959580302238464
34,1,13,0.3408585939715361,-0.6280989821497969,0.5513534545898438
34,1,14,-0.27958064449350717,-0.6204392384650432,0.5325554609298706
34,1,15,0.35617808134104334,-0.23745205422736224,0.5724692344665527
34,1,16,-0.20298320764597094,-0.5285223142479998,0.5245012640953064
34,1,17,0.38681705608005784,-0.16085461737982604,0.5725157260894775
34,1,18,-0.2183026950154782,-0.5361820579327534,0.5106719732284546
34,1,19,0.38681705608005784,-0.15319487369507243,0.5768877863883972
34,1,20,-0.24128192606973906,-0.5515015453022607,0.5089306831359863
34,1,21,0.363837825025797,-0.16085461737982604,0.5783004760742188
34,1,22,-0.2259624387002318,-0.5515015453022607,0.4994597733020782
34,1,23,0.0727675650051594,0.030638974739014484,0.9958403706550598
34,1,24,-0.0727675650051594,-0.030638974739014484,0.9934297800064088
34,1,25,0.011489615527130431,0.788953599529623,0.6776740550994873
34,1,26,-0.11872602711368112,0.9115094984856809,0.6488918662071228
34,1,27,0.04212859026614491,1.5242889932659704,0.6812151074409485
34,1,28,0.0038298718423768105,1.7464215601238255,0.6431143283843994
34,1,29,-0.034468846581391294,1.738761816439072,0.7184279561042786
34,1,30,-0.06510782132040578,1.8919566901341442,0.6232598423957825
34,1,31,0.13404551448318835,1.9149359211884052,0.7378071546554565
34,1,32,0.08042730868991302,2.1294087443615064,0.6613165140151978
34,2,0,-0.27192090080875353,-1.2830070671962315,0.9963889122009276
34,2,1,-0.2259624387002318,-1.3596045040437676,0.9944573640823364
34,2,2,-0.21064295133072458,-1.3596045040437676,0.9945249557495116
34,2,3,-0.18766372027646372,-1.3596045040437676,0.994432270526886
34,2,4,-0.2566014134392463,-1.3596045040437676,0.9948757290840148
34,2,5,-0.2642611571239999,-1.3596045040437676,0.9947447776794434
34,2,6,-0.27192090080875353,-1.3596045040437676,0.9943599700927734
34,2,7,-0.13404551448318835,-1.328965529304753,0.9918580651283264
34,2,8,-0.2566014134392463,-1.3213057856199997,0.9916017651557922
34,2,9,-0.24128192606973906,-1.2217291177182026,0.9882906675338744
34,2,10,-0.27958064449350717,-1.2217291177182026,0.9883018732070924
34,2,11,0.011489615527130431,-1.0072562945451011,0.997292160987854
34,2,12,-0.19532346396121733,-0.9842770634908402,0.9951907992362976
34,2,13,0.4097962871343187,-0.6625678287311881,0.5961414575576782
34,2,14,-0.18000397659171008,-0.4251157745038259,0.4837545156478882
34,2,15,-0.06510782132040578,-0.28724038817826075,0.615017831325531
34,2,16,-0.19532346396121733,-0.21064295133072458,0.4823745787143707
34,2,17,-0.1493650018526956,-0.15702474553744922,0.6145789623260498
34,2,18,-0.2183026950154782,-0.08808705237466664,0.4731098711490631
34,2,19,-0.2183026950154782,-0.17234423290695647,0.6184644103050232
34,2,20,-0.2566014134392463,-0.10340653974417388,0.4712764620780945
34,2,21,-0.20298320764597094,-0.21064295133072458,0.6193862557411194
34,2,22,-0.24894166975449267,-0.1493650018526956,0.4628163874149322
34,2,23,0.0727675650051594,-0.011489615527130431,0.9960340261459352
34,2,24,-0.0727675650051594,0.011489615527130431,0.9930523633956908
34,2,25,-0.02680910289663767,0.930658857697565,0.706764817237854
34,2,26,-0.1110662834289275,0.930658857697565,0.6477086544036865
34,2,27,0.10340653974417388,1.8345086124984922,0.7072616815567017
34,2,28,0.08808705237466664,1.7425916882814487,0.6393843293190002
34,2,29,0.18000397659171008,1.9800437425088109,0.7373104691505432
34,2,30,0.20298320764597094,1.9111060493460283,0.6209020614624023
34,2,31,-0.21064295133072458,2.1715373346276516,0.7561309933662415
34,2,32,-0.16468448922220286,2.1102593851496225,0.656752347946167
35,1,0,0.08867363816750073,-1.310827694650011,0.995622992515564
35,1,1,0.03469838015250029,-1.3725137038100115,0.9932094812393188
35,1,2,0.03469838015250029,-1.3725137038100115,0.993185579776764
35,1,3,0.026987629007500225,-1.3725137038100115,0.993103563785553
35,1,4,0.026987629007500225,-1.3725137038100115,0.9940783977508544
35,1,5,0.01927687786250016,-1.3725137038100115,0.993999481201172
35,1,6,0.003855375572500032,-1.3725137038100115,0.9937904477119446
35,1,7,-0.07325213587750061,-1.3416706992300111,0.989013135433197
35,1,8,-0.08096288702250068,-1.333959948085011,0.9911938309669496
35,1,9,0.06554138473250054,-1.2414309343450103,0.9851908683776855
35,1,10,0.050119882442500416,-1.2491416854900104,0.987376868724823
35,1,11,0.057830633587500485,-0.9946868977050083,0.9960959553718568
35,1,12,-0.16578114961750137,-1.0023976488500084,0.9955633282661438
35,1,13,0.10409514045750087,-0.5628848335850047,0.5509664416313171
35,1,14,-0.34312842595250287,-0.478066570990004,0.5347113013267517
35,1,15,0.17349190076250146,-0.28529779236500236,0.5691710710525513
35,1,16,0.01927687786250016,-0.25445478778500213,0.5321441888809204
35,1,17,0.2274671587775019,-0.16192577404500136,0.5690591931343079
35,1,18,0.16578114961750137,-0.14650427175500122,0.5218758583068848
35,1,19,0.2968639190825025,-0.18505802748000155,0.5733651518821716
35,1,20,0.19662415419750165,-0.26216553893000216,0.5199476480484009
35,1,21,0.21204565648750176,-0.2159010320600018,0.5753197073936462
35,1,22,0.15035964732750126,-0.3007192946550025,0.5108885169029236
35,1,23,0.08096288702250068,0.0,0.9950673580169678
35,1,24,-0.08096288702250068,0.0,0.9928931593894958
35,1,25,0.01927687786250016,0.832761123660007,0.6584645509719849
35,1,26,-0.057830633587500485,0.8944471328200074,0.6580536365509033
35,1,27,-0.10409514045750087,1.6346792427400136,0.6597669720649719
35,1,28,-0.0963843893125008,1.7040760030450142,0.643024742603302
35,1,29,-0.2043349053425017,1.7811835144950148,0.6998636722564697
35,1,30,-0.1812026519075015,1.8351587725100154,0.62372225522995
35,1,31,-0.057830633587500485,1.8891340305250157,0.7129747867584229
35,1,32,-0.003855375572500032,1.9508200396850162,0.6562180519104004
35,2,0,-0.2396610730988853,-1.302673897327812,0.9955400228500366
35,2,1,-0.2010060613087425,-1.3799839209080975,0.9932700395584106
35,2,2,-0.19327505895071395,-1.3799839209080975,0.9933026432991028
35,2,3,-0.17781305423465682,-1.3799839209080975,0.993399977684021
35,2,4,-0.2241990683828282,-1.3799839209080975,0.993823766708374
35,2,5,-0.2241990683828282,-1.3799839209080975,0.993431031703949
35,2,6,-0.2241990683828282,-1.387714923266126,0.9932261109352112
35,2,7,-0.13142704008648548,-1.356790913834012,0.989784836769104
35,2,8,-0.2010060613087425,-1.3645219161920406,0.9893551468849182
35,2,9,-0.20873706366677106,-1.2408258784635835,0.9862735867500304
35,2,10,-0.2396610730988853,-1.248556880821612,0.9874773025512696
35,2,11,0.03865501179014279,-1.0166268100807554,0.9964795708656312
35,2,12,-0.18554405659268539,-0.9779717982906125,0.9944233894348145
35,2,13,0.33243310139522797,-0.5914216803891846,0.5957315564155579
35,2,14,-0.2551230778149424,-0.46772564266072775,0.4858357310295105
35,2,15,-0.046386014148171346,-0.29764359078409947,0.6118784546852112
35,2,16,-0.2010060613087425,-0.23579557191987102,0.4893425107002258
35,2,17,-0.13915804244451405,-0.16621655069761399,0.6110343933105469
35,2,18,-0.17008205187662828,-0.14302354362352832,0.4830721020698547
35,2,19,-0.20873706366677106,-0.2048715624877568,0.6148213148117065
35,2,20,-0.21646806602479962,-0.19714056012972822,0.4814167320728302
35,2,21,-0.18554405659268539,-0.24352657427789956,0.6159018278121948
35,2,22,-0.20873706366677106,-0.22806456956184246,0.4733670949935913
35,2,23,0.08504102593831414,-0.027058508253099953,0.9951496720314026
35,2,24,-0.08504102593831414,0.027058508253099953,0.9923168420791626
35,2,25,0.015462004716057116,0.9238547817844126,0.6881940364837646
35,2,26,-0.08504102593831414,0.9006617747103269,0.6540644764900208
35,2,27,0.10823403301239981,1.7819960435255826,0.6878635883331299
35,2,28,0.09277202829634269,1.7124170223033255,0.6480022668838501
35,2,29,0.23193007074085673,1.9211540859700966,0.718830943107605
35,2,30,0.2241990683828282,1.8670370694638967,0.6260361671447754
35,2,31,-0.11596503537042836,2.122160147278839,0.7335202693939209
35,2,32,-0.08504102593831414,2.0603121284146106,0.6575815081596375
36,1,0,0.11391836427732097,-1.3552357129543358,0.9955644011497498
36,1,1,0.06677973078325712,-1.4102307853640768,0.9933218955993652
36,1,2,0.058923291867579816,-1.4102307853640768,0.9932862520217896
36,1,3,0.058923291867579816,-1.4102307853640768,0.9934157133102416
36,1,4,0.051066852951902504,-1.4102307853640768,0.9939914345741272
36,1,5,0.03535397512054789,-1.4102307853640768,0.9936448335647584
36,1,6,0.02749753620487058,-1.4023743464483995,0.9935289621353148
36,1,7,-0.003928219457838654,-1.3709485907856904,0.989420473575592
36,1,8,-0.0432104140362252,-1.3709485907856904,0.990032196044922
36,1,9,0.10606192536164366,-1.2766713237975627,0.9861611127853394
36,1,10,0.09034904753028905,-1.2766713237975627,0.9880135655403136
36,1,11,0.03535397512054789,-0.9938395228331796,0.9959226846694946
36,1,12,-0.16891343668706213,-1.0016959617488568,0.9949264526367188
36,1,13,0.11391836427732097,-0.5067403100611864,0.5494424104690552
36,1,14,-0.3967501652417041,-0.4831709933141545,0.5366312861442566
36,1,15,0.2474778258438352,-0.27104714259086715,0.5627740621566772
36,1,16,0.003928219457838654,-0.29461645933789904,0.5384572744369507
36,1,17,0.40460660415738137,-0.16891343668706213,0.5622206330299377
36,1,18,0.14534411994003021,-0.18462631451841674,0.5307425260543823
36,1,19,0.4281759209044133,-0.20033919234977135,0.5663062930107117
36,1,20,0.20033919234977135,-0.27104714259086715,0.5288743376731873
36,1,21,0.30247289825357637,-0.2317649480124806,0.5683574676513672
36,1,22,0.15320055885570752,-0.3103293371692537,0.5200439095497131
36,1,23,0.07463616969893443,-0.003928219457838654,0.994910717010498
36,1,24,-0.07463616969893443,0.003928219457838654,0.992588996887207
36,1,25,0.02749753620487058,0.828854305603956,0.6440777778625488
36,1,26,-0.09034904753028905,0.8759929390980199,0.6651193499565125
36,1,27,-0.1374876810243529,1.645923952834396,0.647061824798584
36,1,28,-0.11391836427732097,1.6852061474127826,0.6544225811958313
36,1,29,-0.2396213869281579,1.7873398533165876,0.6853653788566589
36,1,30,-0.216052070181126,1.8266220478949742,0.6287458539009094
36,1,31,0.03535397512054789,1.9130428759674245,0.6989355683326721
36,1,32,0.06677973078325712,1.9680379483771657,0.6628450155258179
36,2,0,-0.2649546262000275,-1.3405913176389452,0.9957552552223206
36,2,1,-0.21750006628360466,-1.4196822508329832,0.9936801195144652
36,2,2,-0.20168187964479706,-1.4196822508329832,0.9936713576316832
36,2,3,-0.19377278632539324,-1.4196822508329832,0.993878185749054
36,2,4,-0.2412273462418161,-1.4196822508329832,0.9941774010658264
36,2,5,-0.2412273462418161,-1.4196822508329832,0.9937500953674316
36,2,6,-0.2412273462418161,-1.4196822508329832,0.9936540722846984
36,2,7,-0.13840913308956662,-1.388045877555368,0.9902886152267456
36,2,8,-0.20959097296420087,-1.388045877555368,0.9899075031280518
36,2,9,-0.2333182529224123,-1.269409477764311,0.9873310923576356
36,2,10,-0.2570455328806237,-1.2773185710837147,0.9885460734367372
36,2,11,0.019772733298509516,-1.0163184915433892,0.9963261485099792
36,2,12,-0.18586369300598946,-0.9767730249463701,0.9943172335624696
36,2,13,0.32031827943585417,-0.5259547057403531,0.594398021697998
36,2,14,-0.2965909994776427,-0.5022274257821417,0.48758664727211
36,2,15,-0.035590919937317125,-0.31240918611645035,0.6062195301055908
36,2,16,-0.2491364395612199,-0.30450009279704654,0.4964601397514343
36,2,17,-0.11468185313135519,-0.18586369300598946,0.6051471829414368
36,2,18,-0.2570455328806237,-0.19377278632539324,0.493013471364975
36,2,19,-0.18586369300598946,-0.2333182529224123,0.6087464094161987
36,2,20,-0.2649546262000275,-0.27286371951943134,0.4914035201072693
36,2,21,-0.17004550636718183,-0.27286371951943134,0.6100738048553467
36,2,22,-0.2570455328806237,-0.30450009279704654,0.4834980070590973
36,2,23,0.07513638653433616,-0.01186363997910571,0.9951412677764891
36,2,24,-0.07513638653433616,0.01186363997910571,0.9923160076141356
36,2,25,0.003954546659701903,0.9451366516687548,0.6761782169342041
36,2,26,-0.07513638653433616,0.8897729984329282,0.6500231623649597
36,2,27,0.09886366649254757,1.838864196761385,0.6761950850486755
36,2,28,0.10677275981195139,1.7044096103315203,0.6499366164207458
36,2,29,0.2333182529224123,1.9891369698300572,0.7067209482192993
36,2,30,0.2333182529224123,1.878409663358404,0.6248905658721924
36,2,31,-0.09095457317314377,2.163137022856941,0.7205137014389038
36,2,32,-0.035590919937317125,2.0207733431076726,0.6597437858581543
37,1,0,0.09959448010102068,-1.3744038253940853,0.9945842623710632
37,1,1,0.051789129652530755,-1.4381442926587387,0.991467297077179
37,1,2,0.051789129652530755,-1.4381442926587387,0.99147629737854
37,1,3,0.051789129652530755,-1.4381442926587387,0.9916926622390748
37,1,4,0.0438215712444491,-1.4381442926587387,0.9924095869064332
37,1,5,0.02788645442828579,-1.430176734250657,0.9919601678848268
37,1,6,0.011951337612122482,-1.430176734250657,0.9920100569725036
37,1,7,-0.011951337612122482,-1.3983065006183304,0.9855729341506958
37,1,8,-0.059756688060612406,-1.3903389422102488,0.9881631731987
37,1,9,0.09162692169293903,-1.2947282413132688,0.9834295511245728
37,1,10,0.07569180487677572,-1.3026957997213506,0.9864160418510436
37,1,11,0.07569180487677572,-0.9999285802142477,0.9957059025764464
37,1,12,-0.09959448010102068,-0.9999285802142477,0.9946669340133668
37,1,13,0.115529596917184,-0.4661021668727768,0.5548580884933472
37,1,14,-0.22707541463032715,-0.4501670500566135,0.537223756313324
37,1,15,0.3386212323434703,-0.29878344030306203,0.5660938024520874
37,1,16,0.22707541463032715,-0.40236169960812357,0.5407084226608276
37,1,17,0.4342319332404502,-0.21114029781416385,0.5654097199440002
37,1,18,0.3943941412000419,-0.35455634915963363,0.5334227085113525
37,1,19,0.4661021668727768,-0.24301053144649046,0.5700312852859497
37,1,20,0.40236169960812357,-0.4661021668727768,0.5316558480262756
37,1,21,0.40236169960812357,-0.29081588189498037,0.5715969800949097
37,1,22,0.34658879075155197,-0.4820372836889401,0.5216711163520813
37,1,23,0.051789129652530755,-0.003983779204040827,0.9942057132720948
37,1,24,-0.051789129652530755,0.003983779204040827,0.9915352463722228
37,1,25,0.0438215712444491,0.8804152040930229,0.6299193501472473
37,1,26,-0.003983779204040827,0.8963503209091861,0.6536146998405457
37,1,27,-0.115529596917184,1.5735927855961267,0.6356918811798096
37,1,28,-0.13943227214142895,1.68513860330927,0.6477212905883789
37,1,29,-0.23504297303840882,1.7488790705739232,0.6711586713790894
37,1,30,-0.23504297303840882,1.8205870962466582,0.6236630082130432
37,1,31,0.07569180487677572,1.8046519794304947,0.6842958927154541
37,1,32,0.12349715532526565,1.8604248882870664,0.6565459966659546
37,2,0,-0.19376833852129258,-1.3340204844350527,0.9949747920036316
37,2,1,-0.1714104533072973,-1.4085467684817037,0.9921491146087646
37,2,2,-0.16395782490263217,-1.4085467684817037,0.9921581149101256
37,2,3,-0.15650519649796707,-1.4085467684817037,0.992387056350708
37,2,4,-0.18631571011662748,-1.4085467684817037,0.9929383993148804
37,2,5,-0.18631571011662748,-1.4085467684817037,0.9924916625022888
37,2,6,-0.18631571011662748,-1.4159993968863689,0.9925615191459656
37,2,7,-0.1714104533072973,-1.3712836264583783,0.9868595004081726
37,2,8,-0.21612622373528786,-1.3861888832677085,0.9888615608215332
37,2,9,-0.1714104533072973,-1.2594942003884018,0.9849587082862854
37,2,10,-0.19376833852129258,-1.2669468287930667,0.9874756336212158
37,2,11,-0.014905256809330199,-1.0135574630344535,0.9961302876472472
37,2,12,-0.18631571011662748,-0.976294321011128,0.99477881193161
37,2,13,0.23103148054461806,-0.5142313599218918,0.5992276668548584
37,2,14,-0.11178942606997648,-0.454610332684571,0.4977684319019317
37,2,15,-0.10433679766531138,-0.37263142023325496,0.6092194318771362
37,2,16,-0.022357885213995298,-0.25338936575861337,0.5168415307998657
37,2,17,-0.22357885213995296,-0.29065250778193885,0.6081861257553101
37,2,18,-0.15650519649796707,-0.16395782490263217,0.5110408663749695
37,2,19,-0.28319987937727376,-0.3428209066145946,0.6122723817825317
37,2,20,-0.1714104533072973,-0.21612622373528786,0.5096102356910706
37,2,21,-0.25338936575861337,-0.38008404863792006,0.6131666302680969
37,2,22,-0.15650519649796707,-0.23848410894928318,0.4997709989547729
37,2,23,0.05216839883265569,-0.007452628404665099,0.99441796541214
37,2,24,-0.05216839883265569,0.007452628404665099,0.9912075996398926
37,2,25,-0.022357885213995298,0.8570522665364864,0.6647641658782959
37,2,26,0.022357885213995298,0.7974312392991656,0.6422591209411621
37,2,27,0.17886308171196239,1.647030877430987,0.6681812405586243
37,2,28,0.20867359533062277,1.50543093774235,0.6497998833656311
37,2,29,0.29065250778193885,1.7886308171196237,0.6972038745880127
37,2,30,0.32046302140059924,1.6395782490263218,0.6320033073425293
37,2,31,-0.09688416926064629,1.8333465875476143,0.7109192609786987
37,2,32,0.014905256809330199,1.721557161477638,0.6645427346229553
38,1,0,0.12304869827764414,-1.3423494357561179,0.993325173854828
38,1,1,0.08576121395108531,-1.409466907543924,0.9897593855857848
38,1,2,0.07830371708577355,-1.409466907543924,0.9896981716156006
38,1,3,0.07084622022046178,-1.409466907543924,0.9905734062194824
38,1,4,0.07830371708577355,-1.409466907543924,0.9907406568527222
38,1,5,0.07084622022046178,-1.409466907543924,0.9899910688400269
38,1,6,0.05593122648983825,-1.409466907543924,0.9904297590255736
38,1,7,-0.01118624529796765,-1.3796369200826768,0.9820488095283508
38,1,8,-0.02610123902859118,-1.3870944169479884,0.9858245849609376
38,1,9,0.10067620768170885,-1.275231963968312,0.9801403880119324
38,1,10,0.09321871081639707,-1.2826894608336237,0.9838911890983582
38,1,11,-0.018643742163279416,-0.9993045799517767,0.9952625632286072
38,1,12,-0.05593122648983825,-0.9993045799517767,0.9950694441795348
38,1,13,-0.003728748432655883,-0.46982230251464124,0.5504394769668579
38,1,14,-0.003728748432655883,-0.45490730878401775,0.546449601650238
38,1,15,0.16033618260420296,-0.3206723652084059,0.5574437379837036
38,1,16,0.31694361677575006,-0.6338872335515001,0.5615794062614441
38,1,17,0.24982614498794417,-0.23118240282466476,0.5576544404029846
38,1,18,0.44372106348605006,-0.6786322147433708,0.5542532801628113
38,1,19,0.3393161073716854,-0.2833848808818471,0.5619339346885681
38,1,20,0.43626356662073834,-0.7382921896658649,0.5528616309165955
38,1,21,0.2572836418532559,-0.3132148683430942,0.563579797744751
38,1,22,0.3915185854288677,-0.7233771959352413,0.541631817817688
38,1,23,0.01118624529796765,-0.007457496865311766,0.9939224123954772
38,1,24,-0.01118624529796765,0.007457496865311766,0.9910339117050172
38,1,25,0.06338872335515001,0.730834692800553,0.6207143664360046
38,1,26,0.11559120141233238,0.7382921896658649,0.6513471603393555
38,1,27,-0.06338872335515001,1.372179423217365,0.6307529211044312
38,1,28,-0.10067620768170885,1.461669385601106,0.6560807824134827
38,1,29,-0.20508116379607358,1.528786857388912,0.661526083946228
38,1,30,-0.22745365439200887,1.5884468323114063,0.6388324499130249
38,1,31,0.09321871081639707,1.5437018511195355,0.6807392239570618
38,1,32,0.1528786857388912,1.5884468323114063,0.6731854677200317
38,2,0,-0.1947224141617947,-1.3593122373217592,0.993969738483429
38,2,1,-0.24714767951304714,-1.4416947971594416,0.9907612800598145
38,2,2,-0.24714767951304714,-1.4342054735378342,0.9907038807868958
38,2,3,-0.23965835589143963,-1.4342054735378342,0.9914968609809875
38,2,4,-0.26212632675626213,-1.4416947971594416,0.9916390180587769
38,2,5,-0.2696156503778696,-1.4416947971594416,0.990960955619812
38,2,6,-0.2771049739994771,-1.4416947971594416,0.9913629293441772
38,2,7,-0.18723309054018722,-1.3892695318081891,0.9838160276412964
38,2,8,-0.23216903226983215,-1.404248179051404,0.987196147441864
38,2,9,-0.23965835589143963,-1.2844190011056844,0.9820830821990968
38,2,10,-0.25463700313465465,-1.2844190011056844,0.9854308366775512
38,2,11,-0.05991458897285991,-1.0073140271062073,0.995721161365509
38,2,12,-0.18723309054018722,-0.9773567326197773,0.9953903555870056
38,2,13,-0.15727579605375727,-0.43812543186403813,0.594944179058075
38,2,14,-0.09736120708089735,-0.4231467846208231,0.5035216212272644
38,2,15,-0.43438077005323433,-0.5055293444585055,0.6003588438034058
38,2,16,-0.1497864724321498,-0.22842437045902841,0.5236910581588745
38,2,17,-0.5317419771341317,-0.5055293444585055,0.5988562703132629
38,2,18,-0.0748932362160749,-0.19846707597259847,0.5180761218070984
38,2,19,-0.5317419771341317,-0.5654439334313655,0.6024318933486938
38,2,20,-0.0674039125944674,-0.18348842872938348,0.5169194340705872
38,2,21,-0.5017846826477017,-0.5729332570529729,0.6026664972305298
38,2,22,0.05242526535125242,-0.21344572321581343,0.5071682929992676
38,2,23,0.03744661810803745,-0.0037446618108037443,0.9942710995674132
38,2,24,-0.03744661810803745,0.0037446618108037443,0.99137544631958
38,2,25,-0.0748932362160749,0.805102289322805,0.6544134020805359
38,2,26,-0.022467970864822467,0.7376983767283377,0.6351310610771179
38,2,27,0.15727579605375727,1.5765026223483765,0.6621522903442383
38,2,28,0.17974376691857974,1.4416947971594416,0.6449419260025024
38,2,29,0.26212632675626213,1.7113104475373113,0.6886864304542542
38,2,30,0.2771049739994771,1.554034651483554,0.633204460144043
38,2,31,-0.17974376691857974,1.6513958585644513,0.7066655158996582
38,2,32,-0.0674039125944674,1.6439065349428439,0.6703568696975708
39,1,0,0.16728288976382236,-1.3780923775781555,0.9934244155883788
39,1,1,0.11948777840273025,-1.457750896513309,0.9901511669158936
39,1,2,0.11948777840273025,-1.457750896513309,0.9900873303413392
39,1,3,0.11948777840273025,-1.457750896513309,0.991147518157959
39,1,4,0.10355607461569956,-1.4657167484068245,0.9909105896949768
39,1,5,0.08762437082866885,-1.4657167484068245,0.990157663822174
39,1,6,0.07965851893515351,-1.4657167484068245,0.9906321167945862
39,1,7,0.07965851893515351,-1.4179216370457324,0.9827681183815002
39,1,8,0.0477951113610921,-1.4258874889392477,0.9857043027877808
39,1,9,0.1433853340832763,-1.2984338586430022,0.980691373348236
39,1,10,0.11948777840273025,-1.3063997105365175,0.9838238954544068
39,1,11,0.0159317037870307,-0.9957314866894188,0.995699405670166
39,1,12,-0.0637268151481228,-1.0036973385829342,0.9956428408622742
39,1,13,0.11948777840273025,-0.39032674278225216,0.5492110848426819
39,1,14,0.15931703787030702,-0.3982925946757675,0.5505797863006592
39,1,15,0.3027023719535833,-0.1911804454443684,0.5628204345703125
39,1,16,0.3823608908887368,-0.8204827450320811,0.5676620602607727
39,1,17,0.43812185414334426,-0.16728288976382236,0.562832772731781
39,1,18,0.5098145211849824,-0.9160729677542653,0.5606302618980408
39,1,19,0.5177803730784978,-0.1752487416573377,0.5668956637382507
39,1,20,0.48591696550443636,-0.955902227221842,0.5591756701469421
39,1,21,0.4301560022498289,-0.18321459355085307,0.5669220089912415
39,1,22,0.4460877060368596,-0.932004671541296,0.5473599433898926
39,1,23,0.02389755568054605,0.00796585189351535,0.9942470788955688
39,1,24,-0.02389755568054605,-0.00796585189351535,0.9914215803146362
39,1,25,0.08762437082866885,0.7567559298839582,0.6106135249137878
39,1,26,0.13541948218976096,0.7886193374580197,0.6371086239814758
39,1,27,-0.11948777840273025,1.497580155980886,0.6214374899864197
39,1,28,-0.11948777840273025,1.545375267341978,0.6422584056854248
39,1,29,-0.23100970491194517,1.6648630457447082,0.6478304862976074
39,1,30,-0.2389755568054605,1.6887606014252543,0.6255740523338318
39,1,31,0.16728288976382236,1.6967264533187696,0.6727210879325867
39,1,32,0.1752487416573377,1.728589860892831,0.6707721948623657
39,2,0,-0.20915635633982743,-1.343003972287313,0.9940605759620668
39,2,1,-0.23117281490191452,-1.4163921674942699,0.9911193251609802
39,2,2,-0.22383399538121884,-1.4163921674942699,0.9910606741905212
39,2,3,-0.20915635633982743,-1.4090533479735743,0.9920178651809692
39,2,4,-0.2531892734640016,-1.4237309870149657,0.9917988181114196
39,2,5,-0.2605280929846973,-1.4237309870149657,0.9911178350448608
39,2,6,-0.2605280929846973,-1.4237309870149657,0.99154931306839
39,2,7,-0.15044580017426185,-1.3723592503700959,0.9844757318496704
39,2,8,-0.20181753681913173,-1.3870368894114873,0.9871026873588562
39,2,9,-0.23117281490191452,-1.2622769575596602,0.9825822710990906
39,2,10,-0.2531892734640016,-1.269615777080356,0.9853861331939696
39,2,11,-0.09173524400869625,-0.9980794548146151,0.996091365814209
39,2,12,-0.17980107825704464,-0.9834018157732237,0.9959163665771484
39,2,13,-0.14310698065356614,-0.4476679907624377,0.5927928686141968
39,2,14,-0.12109052209147904,-0.440329171241742,0.5009049773216248
39,2,15,-0.44399858100208983,-0.6825102154247,0.5976219773292542
39,2,16,-0.07705760496730485,-0.31556923938991505,0.5188374519348145
39,2,17,-0.5394032347711339,-0.7558984106316571,0.5917366147041321
39,2,18,-0.040363507363826344,-0.3008916003485237,0.5153147578239441
39,2,19,-0.5027091371676554,-0.7925925082351355,0.5948548316955566
39,2,20,-0.09907406352939194,-0.46968444932452474,0.5143827199935913
39,2,21,-0.4660150395641769,-0.7779148691937441,0.5930099487304688
39,2,22,-0.08439642448800054,-0.48436208836591615,0.5042744874954224
39,2,23,0.0036694097603478496,0.007338819520695699,0.994584858417511
39,2,24,-0.0036694097603478496,-0.007338819520695699,0.991909921169281
39,2,25,-0.06971878544660914,0.7632372301523528,0.6439265608787537
39,2,26,0.0036694097603478496,0.6898490349453957,0.6255292296409607
39,2,27,0.15044580017426185,1.5484909188667926,0.6528860330581665
39,2,28,0.21649517586052314,1.3723592503700959,0.6424438953399658
39,2,29,0.2531892734640016,1.680589670239315,0.6772905588150024
39,2,30,0.28988337106748013,1.5338132798254012,0.633185088634491
39,2,31,-0.16512343921565323,1.6879284897600109,0.6963838338851929
39,2,32,-0.040363507363826344,1.5778461969495754,0.6696848273277283
40,1,0,0.1889763779527559,-1.3818897637795275,0.9945952892303468
40,1,1,0.15748031496062992,-1.452755905511811,0.9919658899307252
40,1,2,0.15748031496062992,-1.452755905511811,0.9919044375419616
40,1,3,0.16535433070866143,-1.452755905511811,0.9927741885185242
40,1,4,0.13385826771653545,-1.452755905511811,0.9925717711448668
40,1,5,0.12598425196850394,-1.452755905511811,0.9919508099555968
40,1,6,0.11023622047244094,-1.452755905511811,0.9923495054244996
40,1,7,0.13385826771653545,-1.421259842519685,0.985960066318512
40,1,8,0.07086614173228346,-1.421259842519685,0.9883639216423036
40,1,9,0.16535433070866143,-1.311023622047244,0.9842670559883118
40,1,10,0.14960629921259844,-1.311023622047244,0.9868016839027404
40,1,11,0.06299212598425197,-0.9960629921259843,0.9963306188583374
40,1,12,-0.06299212598425197,-1.0039370078740157,0.9962976574897766
40,1,13,0.14960629921259844,-0.4921259842519685,0.5470109581947327
40,1,14,0.2283464566929134,-0.4763779527559055,0.5484672784805298
40,1,15,0.30708661417322836,-0.9409448818897638,0.575201690196991
40,1,16,0.33070866141732286,-0.8937007874015748,0.5633922815322876
40,1,17,0.41732283464566927,-1.0196850393700787,0.5737537145614624
40,1,18,0.41732283464566927,-0.9881889763779528,0.558112382888794
40,1,19,0.3700787401574803,-1.0826771653543308,0.5763280987739563
40,1,20,0.3700787401574803,-1.0511811023622046,0.5568217635154724
40,1,21,0.31496062992125984,-1.0511811023622046,0.574745774269104
40,1,22,0.33858267716535434,-1.0275590551181102,0.5456985235214233
40,1,23,0.047244094488188976,0.003937007874015748,0.9947169423103333
40,1,24,-0.047244094488188976,-0.003937007874015748,0.9921178221702576
40,1,25,0.08661417322834646,0.7755905511811023,0.6016913056373596
40,1,26,-0.007874015748031496,0.7992125984251969,0.6292431950569153
40,1,27,-0.11023622047244094,1.562992125984252,0.6151401996612549
40,1,28,-0.11811023622047244,1.578740157480315,0.6361293792724609
40,1,29,-0.2204724409448819,1.704724409448819,0.6444063782691956
40,1,30,-0.2204724409448819,1.7440944881889764,0.6272135376930237
40,1,31,0.08661417322834646,1.7283464566929134,0.669350802898407
40,1,32,0.16535433070866143,1.7992125984251968,0.6668562293052673
40,2,0,-0.23170973305813297,-1.3267250844457614,0.9951027035713196
40,2,1,-0.2092862105041201,-1.3939956521078,0.9927441477775574
40,2,2,-0.2018117029861158,-1.3939956521078,0.9926878213882446
40,2,3,-0.19433719546811154,-1.3939956521078,0.9934755563735962
40,2,4,-0.2167607180221244,-1.3939956521078,0.993277072906494
40,2,5,-0.2092862105041201,-1.4014701596258043,0.9927088022232056
40,2,6,-0.2092862105041201,-1.4014701596258043,0.9930773973464966
40,2,7,-0.14949015036008578,-1.3790466370717913,0.9873308539390564
40,2,8,-0.18686268795010724,-1.3790466370717913,0.989447295665741
40,2,9,-0.2092862105041201,-1.266929024301727,0.985753059387207
40,2,10,-0.2092862105041201,-1.266929024301727,0.9879959225654602
40,2,11,-0.09716859773405577,-0.9978467536535727,0.9966399669647216
40,2,12,-0.11959212028806863,-0.9903722461355684,0.9959916472434998
40,2,13,-0.1420156428420815,-0.48958024242928094,0.5899708867073059
40,2,14,-0.08221958269804719,-0.5643253176093238,0.5001688003540039
40,2,15,-0.39614889845422735,-0.8483566032934868,0.6096187233924866
40,2,16,-0.3438273458281973,-0.878254633365504,0.5177928805351257
40,2,17,-0.44847045108025735,-0.930576185991534,0.6035995483398438
40,2,18,-0.38119988341821875,-0.9754232310995598,0.5149074792861938
40,2,19,-0.4185724210082402,-0.9679487235815555,0.605781078338623
40,2,20,-0.3587763608642059,-0.9978467536535727,0.5137951970100403
40,2,21,-0.39614889845422735,-0.9380506935095383,0.6024401783943176
40,2,22,-0.3438273458281973,-0.9754232310995598,0.504202127456665
40,2,23,-0.022423522554012868,0.003737253759002145,0.9949283003807068
40,2,24,0.022423522554012868,-0.003737253759002145,0.9923701882362366
40,2,25,0.02989803007201716,0.8408820957754826,0.633620023727417
40,2,26,0.044847045108025736,0.7810860356314483,0.6088076829910278
40,2,27,0.1420156428420815,1.70792496786398,0.6464288830757141
40,2,28,0.16443916539609438,1.5434858024678857,0.6273717880249023
40,2,29,0.25413325561214584,1.8499406107060616,0.6704623699188232
40,2,30,0.26908227064815443,1.70792496786398,0.6230396032333374
40,2,31,-0.14949015036008578,1.9246856858861046,0.6942464113235474
40,2,32,-0.044847045108025736,1.7452975054540016,0.6652287840843201
41,1,0,0.16730377687246145,-1.3423210004883535,0.9955615997314452
41,1,1,0.1439590638204901,-1.4123551396442675,0.9934471845626832
41,1,2,0.1361774928031663,-1.4123551396442675,0.9933915138244628
41,1,3,0.1361774928031663,-1.4123551396442675,0.9941055178642272
41,1,4,0.1283959217858425,-1.4123551396442675,0.9939234256744384
41,1,5,0.11283277975119493,-1.4123551396442675,0.9934073090553284
41,1,6,0.10505120873387114,-1.4201367106615914,0.993744969367981
41,1,7,0.11283277975119493,-1.39679199760962,0.988559067249298
41,1,8,0.05058021161260462,-1.39679199760962,0.9904885292053224
41,1,9,0.1439590638204901,-1.280068432349763,0.9871494770050048
41,1,10,0.1361774928031663,-1.287850003367087,0.9891732931137084
41,1,11,0.0661433536472522,-0.9999318757261068,0.9969078302383424
41,1,12,-0.08948806669922356,-0.9999318757261068,0.9963780641555786
41,1,13,0.15174063483781386,-0.517474472652032,0.5478556752204895
41,1,14,0.18286691890710902,-0.5330376146866794,0.5483314394950867
41,1,15,0.330716768236261,-0.9376793075875165,0.5929312109947205
41,1,16,0.2840273421323183,-0.9221161655528689,0.563402533531189
41,1,17,0.43965876247879404,-1.0154950177607542,0.5894263982772827
41,1,18,0.36962462332287993,-1.0077134467434306,0.558633029460907
41,1,19,0.3929693363748513,-1.069966014882021,0.5912145972251892
41,1,20,0.330716768236261,-1.069966014882021,0.5571713447570801
41,1,21,0.330716768236261,-1.0544028728473733,0.5885587930679321
41,1,22,0.2995904841669658,-1.0466213018300494,0.5466403365135193
41,1,23,0.04279864059528084,0.003890785508661894,0.9951903223991394
41,1,24,-0.04279864059528084,-0.003890785508661894,0.992739200592041
41,1,25,0.11283277975119493,0.8287373133449835,0.5945084095001221
41,1,26,0.04279864059528084,0.8287373133449835,0.6157950162887573
41,1,27,-0.12061435076851872,1.5991128440600384,0.6168196797370911
41,1,28,-0.08170649568189978,1.5913312730427147,0.6301781535148621
41,1,29,-0.22955634501105174,1.7080548383025715,0.6459962725639343
41,1,30,-0.17508534788978522,1.7236179803372191,0.6239960789680481
41,1,31,0.0661433536472522,1.7858705484758093,0.6755589842796326
41,1,32,0.15952220585513766,1.8247784035624284,0.6708556413650513
41,2,0,-0.20487545890780215,-1.3170565215501566,0.9959883093833924
41,2,1,-0.1829245168819662,-1.3829093476276644,0.9940895438194276
41,2,2,-0.17560753620668756,-1.3829093476276644,0.9940385818481444
41,2,3,-0.16097357485613026,-1.3829093476276644,0.994683563709259
41,2,4,-0.19024149755724484,-1.3829093476276644,0.9945127964019777
41,2,5,-0.19024149755724484,-1.390226328302943,0.9940428733825684
41,2,6,-0.19024149755724484,-1.390226328302943,0.9943508505821228
41,2,7,-0.14633961350557295,-1.3755923669523857,0.9896886944770812
41,2,8,-0.1829245168819662,-1.368275386277107,0.991403341293335
41,2,9,-0.1829245168819662,-1.2585206761479275,0.988393008708954
41,2,10,-0.1975584782325235,-1.2658376568232061,0.9901962280273438
41,2,11,-0.021950942025835946,-0.9951093718378962,0.9971681237220764
41,2,12,-0.17560753620668756,-0.9951093718378962,0.996389091014862
41,2,13,-0.12438867147973702,-0.519505627944784,0.5913532972335815
41,2,14,-0.1682905555314089,-0.6512112800997997,0.502895712852478
41,2,15,-0.35121507241337513,-0.8707207003581591,0.6261955499649048
41,2,16,-0.32926413038753916,-0.914622584409831,0.5202717185020447
41,2,17,-0.395116956465047,-0.9438905071109456,0.6181554794311523
41,2,18,-0.34389809173809643,-0.9877923911626175,0.5175486207008362
41,2,19,-0.35121507241337513,-0.9804754104873389,0.6195161938667297
41,2,20,-0.3219471497122605,-1.0024263525131747,0.516149640083313
41,2,21,-0.3365811110628178,-0.9585244684615029,0.6155634522438049
41,2,22,-0.28536224633586726,-0.9877923911626175,0.507167398929596
41,2,23,0.029267922701114592,0.0,0.995472490787506
41,2,24,-0.029267922701114592,0.0,0.9931793808937072
41,2,25,0.021950942025835946,0.81218485495593,0.6258285045623779
41,2,26,0.05121886472695054,0.768282970904258,0.5897715091705322
41,2,27,0.12438867147973702,1.6390036712624172,0.6451772451400757
41,2,28,0.2121924395830808,1.5438829224837947,0.6168252825737
41,2,29,0.21950942025835943,1.7633923427421543,0.671225905418396
41,2,30,0.2780452656605886,1.6609546132882531,0.6199486255645752
41,2,31,-0.19024149755724484,1.8585130915207766,0.6975553035736084
41,2,32,0.0,1.6975395166646463,0.6649177670478821
42,1,0,0.14615276514626743,-1.3538361403022667,0.9962035417556764
42,1,1,0.10769151116040758,-1.4076818958824706,0.9945716261863708
42,1,2,0.09999926036323561,-1.4153741466796426,0.994510531425476
42,1,3,0.09999926036323561,-1.4153741466796426,0.9951086044311525
42,1,4,0.09230700956606364,-1.4076818958824706,0.9949002861976624
42,1,5,0.0769225079717197,-1.4076818958824706,0.9944523572921752
42,1,6,0.06153800637737576,-1.4076818958824706,0.994759738445282
42,1,7,0.06923025717454773,-1.3922973942881265,0.9904996156692504
42,1,8,0.00769225079717197,-1.3846051434909545,0.9921809434890748
42,1,9,0.13846051434909545,-1.292298133924891,0.9893865585327148
42,1,10,0.12307601275475152,-1.284605883127719,0.9910045266151428
42,1,11,0.1307682635519235,-1.007684854429528,0.9973658323287964
42,1,12,-0.13846051434909545,-0.9923003528351841,0.9966897368431092
42,1,13,0.12307601275475152,-0.5692265589907258,0.5566616058349609
42,1,14,0.0769225079717197,-0.6076878129765856,0.5493882894515991
42,1,15,0.3076900318868788,-0.9923003528351841,0.6256331205368042
42,1,16,0.20769077152364318,-0.9846081020380122,0.5652903318405151
42,1,17,0.3615357874670826,-1.1153763655899356,0.6154959797859192
42,1,18,0.261536527103847,-1.061530610009732,0.5594069957733154
42,1,19,0.35384353666991064,-1.1538376195757956,0.6165584921836853
42,1,20,0.19999852072647123,-1.1307608671842797,0.557331919670105
42,1,21,0.3153822826840508,-1.0999918639955917,0.6127875447273254
42,1,22,0.18461401913212727,-1.0999918639955917,0.546490490436554
42,1,23,0.09230700956606364,-0.00769225079717197,0.995696783065796
42,1,24,-0.09230700956606364,0.00769225079717197,0.9933773875236512
42,1,25,0.08461475876889167,0.8153785845002288,0.5929978489875793
42,1,26,-0.05384575558020379,0.8461475876889167,0.5878645181655884
42,1,27,-0.12307601275475152,1.576911413420254,0.6190373301506042
42,1,28,-0.1307682635519235,1.6384494197976296,0.6138250827789307
42,1,29,-0.19999852072647123,1.6922951753778335,0.6472682952880859
42,1,30,-0.21538302232081516,1.7307564293636932,0.6083686947822571
42,1,31,0.01538450159434394,1.853832442118445,0.6792390942573547
42,1,32,0.06923025717454773,1.846140191321273,0.6628571152687073
42,2,0,-0.24685190027640183,-1.320283648448028,0.996552050113678
42,2,1,-0.23189117904752898,-1.3726461727490828,0.995091676712036
42,2,2,-0.22441081843309257,-1.3801265333635193,0.9950342178344728
42,2,3,-0.21693045781865616,-1.3801265333635193,0.9955780506134032
42,2,4,-0.23937153966196542,-1.3726461727490828,0.9953780174255372
42,2,5,-0.23937153966196542,-1.3726461727490828,0.9949618577957152
42,2,6,-0.23937153966196542,-1.3726461727490828,0.9952489137649536
42,2,7,-0.18700901536091047,-1.3576854515202101,0.9914167523384094
42,2,8,-0.23189117904752898,-1.3502050909057737,0.9929061532020568
42,2,9,-0.22441081843309257,-1.2604407635325365,0.9903598427772522
42,2,10,-0.23937153966196542,-1.2529604029181003,0.991795301437378
42,2,11,-0.08976432737323703,-1.0061085026416985,0.997589647769928
42,2,12,-0.11220540921654629,-0.9836674207983891,0.9967126846313475
42,2,13,-0.1570875729031648,-0.5348457839322039,0.5989804863929749
42,2,14,-0.13464649105985554,-0.5647672263899497,0.5000940561294556
42,2,15,-0.3366162276496389,-0.8939030934251521,0.6574012041091919
42,2,16,-0.23189117904752898,-0.8864227328107157,0.5174923539161682
42,2,17,-0.40393947317956663,-1.0061085026416985,0.6449834704399109
42,2,18,-0.25433226089083827,-0.8714620115818429,0.5142834186553955
42,2,19,-0.3590573094929481,-1.0435103057138804,0.6457182765007019
42,2,20,-0.2767733427341475,-0.9761870601839527,0.5123445987701416
42,2,21,-0.3291358670352024,-1.0135888632561347,0.640640377998352
42,2,22,-0.23189117904752898,-0.946265617726207,0.5026801824569702
42,2,23,-0.0374018030721821,-0.0037401803072182097,0.9959551692008972
42,2,24,0.0374018030721821,0.0037401803072182097,0.9936908483505248
42,2,25,-0.0822839667588006,0.8340602085096608,0.6203012466430664
42,2,26,0.06732324552992777,0.8190994872807879,0.5587013959884644
42,2,27,0.0822839667588006,1.6868213185554126,0.6457822322845459
42,2,28,0.1944893759753469,1.6344587942543576,0.5913985967636108
42,2,29,0.18700901536091047,1.7990267277719587,0.6737093925476074
42,2,30,0.2618126215052747,1.7391838428564674,0.5919618010520935
42,2,31,-0.1496072122887284,2.0084768249761784,0.7009079456329346
42,2,32,0.014960721228872839,1.8439088914585773,0.647056519985199
43,1,0,0.14229822010830254,-1.3191429593823722,0.9968658089637756
43,1,1,0.1269146287452428,-1.3806773248346111,0.9955624938011168
43,1,2,0.1269146287452428,-1.3806773248346111,0.9955088496208192
43,1,3,0.1269146287452428,-1.388369120516141,0.9960007667541504
43,1,4,0.1038392417006532,-1.3806773248346111,0.9958109259605408
43,1,5,0.08845565033759346,-1.3806773248346111,0.9954336285591124
43,1,6,0.07307205897453374,-1.3806773248346111,0.9956946969032288
43,1,7,0.06538026329300387,-1.3652937334715514,0.99224591255188
43,1,8,0.0038458978407649334,-1.3576019377900215,0.993602216243744
43,1,9,0.1269146287452428,-1.2576085939301331,0.9913021326065063
43,1,10,0.1038392417006532,-1.2576085939301331,0.9925925731658936
43,1,11,0.09614744601912334,-1.0037793364396477,0.9978108406066896
43,1,12,-0.11922283306371294,-0.9960875407581178,0.9970309138298036
43,1,13,0.15768181147136226,-0.519196208503266,0.5857559442520142
43,1,14,0.1269146287452428,-0.5345797998663258,0.5479914546012878
43,1,15,0.3576684991911388,-0.8884024012166996,0.6691411137580872
43,1,16,0.30382592942042974,-0.8807106055351698,0.5626451373100281
43,1,17,0.32690131646501935,-1.0191629278027075,0.6512598395347595
43,1,18,0.3730520905541985,-0.9422449709874087,0.555694043636322
43,1,19,0.3115177251019596,-1.042238314847297,0.6516447067260742
43,1,20,0.28844233805737,-1.0114711321211776,0.5531243085861206
43,1,21,0.3653602948726687,-1.0191629278027075,0.6449601054191589
43,1,22,0.2576751553312505,-0.9960875407581178,0.5415644645690918
43,1,23,0.1038392417006532,0.0038458978407649334,0.9962553977966307
43,1,24,-0.1038392417006532,-0.0038458978407649334,0.994130313396454
43,1,25,0.07307205897453374,0.8037926487198711,0.6032610535621643
43,1,26,-0.08845565033759346,0.8037926487198711,0.5771893262863159
43,1,27,-0.14229822010830254,1.5729722168728577,0.6356804966926575
43,1,28,-0.13460642442677268,1.680657356414276,0.6113301515579224
43,1,29,-0.2576751553312505,1.6883491520958058,0.6638152599334717
43,1,30,-0.23459976828666093,1.7575753132295746,0.602461576461792
43,1,31,0.0038458978407649334,1.8806440441340524,0.6984989047050476
43,1,32,0.0807638546560636,1.9267948182232315,0.6649496555328369
43,2,0,-0.26279046186184524,-1.2726566653023648,0.997125208377838
43,2,1,-0.22524896731015304,-1.3402313554954106,0.9959645867347716
43,2,2,-0.21774066839981462,-1.3402313554954106,0.9959145188331604
43,2,3,-0.21023236948947618,-1.3402313554954106,0.9963653087615968
43,2,4,-0.24026556513082992,-1.3402313554954106,0.9961634278297424
43,2,5,-0.24026556513082992,-1.3477396544057492,0.9957970976829528
43,2,6,-0.24777386404116836,-1.3477396544057492,0.996051013469696
43,2,7,-0.20272407057913774,-1.3327230565850723,0.9929611086845398
43,2,8,-0.24777386404116836,-1.3327230565850723,0.9941189885139464
43,2,9,-0.22524896731015304,-1.2125902740196572,0.9920235276222228
43,2,10,-0.24777386404116836,-1.2125902740196572,0.9931102991104126
43,2,11,-0.03754149455169217,-0.9948496056198426,0.9979857206344604
43,2,12,-0.16518257602744557,-0.9948496056198426,0.9969229102134703
43,2,13,-0.15767427711710713,-0.49930187753750593,0.6253396272659302
43,2,14,-0.16518257602744557,-0.5368433720891981,0.5079717636108398
43,2,15,-0.38292324442726017,-0.9197666165164583,0.6986035704612732
43,2,16,-0.35289004878590646,-0.9047500186957814,0.5309000015258789
43,2,17,-0.4580062335306445,-1.032391100171535,0.6798678636550903
43,2,18,-0.42046473897895237,-1.032391100171535,0.5246965885162354
43,2,19,-0.42046473897895237,-1.069932594723227,0.6799842715263367
43,2,20,-0.39793984224793705,-1.0549159969025501,0.5216798782348633
43,2,21,-0.38292324442726017,-1.0398993990818732,0.6720941662788391
43,2,22,-0.3754149455169217,-1.0248828012611964,0.5103121995925903
43,2,23,0.03003319564135374,-0.0037541494551692174,0.9964599609375
43,2,24,-0.03003319564135374,0.0037541494551692174,0.9944190382957458
43,2,25,-0.03754149455169217,0.8521919263234123,0.631604790687561
43,2,26,-0.03003319564135374,0.8221587306820586,0.5555330514907837
43,2,27,0.14265767929643025,1.7381711977433476,0.6634632349014282
43,2,28,0.18770747275846086,1.67810480646064,0.5995084047317505
43,2,29,0.24777386404116836,1.850795681398424,0.6895850896835327
43,2,30,0.2853153585928605,1.7907292901157168,0.5945059061050415
43,2,31,-0.10511618474473809,2.053519751977562,0.7216454148292542
43,2,32,-0.01501659782067687,1.9183703715914702,0.6597479581832886
44,1,0,0.18108973161115993,-1.2991219876452778,0.9973649978637696
44,1,1,0.14959586524400167,-1.3699831869713839,0.9963384866714478
44,1,2,0.14959586524400167,-1.3699831869713839,0.9962877035140992
44,1,3,0.14172239865221212,-1.3699831869713839,0.9966992139816284
44,1,4,0.13384893206042256,-1.3699831869713839,0.9965091347694396
44,1,5,0.11022853228505387,-1.3778566535631733,0.9961713552474976
44,1,6,0.09448159910147474,-1.3778566535631733,0.9964068531990052
44,1,7,0.0629877327343165,-1.3542362537878048,0.9936161637306212
44,1,8,-0.007873466591789563,-1.3621097203795942,0.994684875011444
44,1,9,0.17321626501937037,-1.2361342549109613,0.9927838444709778
44,1,10,0.14959586524400167,-1.2361342549109613,0.9937655925750732
44,1,11,0.11810199887684343,-0.9999302571572743,0.9981456398963928
44,1,12,-0.09448159910147474,-0.9999302571572743,0.9972140789031982
44,1,13,0.18108973161115993,-0.5117753284663216,0.6049058437347412
44,1,14,0.1023550656932643,-0.5196487950581111,0.5552249550819397
44,1,15,0.28344479730442423,-0.9684363907901161,0.70540452003479
44,1,16,0.31493866367158246,-0.8975751914640101,0.5753366351127625
44,1,17,0.3700529298141094,-1.0707914564833805,0.6843652725219727
44,1,18,0.40154679618126765,-0.9684363907901161,0.5670673251152039
44,1,19,0.3700529298141094,-1.1180322560341178,0.6839474439620972
44,1,20,0.4251671959566364,-1.0156771903408535,0.5638099312782288
44,1,21,0.28344479730442423,-1.0707914564833805,0.6747459769248962
44,1,22,0.38579986299768854,-0.9763098573819057,0.5511689186096191
44,1,23,0.11022853228505387,0.007873466591789563,0.9967002272605896
44,1,24,-0.11022853228505387,-0.007873466591789563,0.9948067665100098
44,1,25,0.07086119932610606,0.8345874587296936,0.6131740808486938
44,1,26,-0.07873466591789562,0.8345874587296936,0.5763429999351501
44,1,27,-0.13384893206042256,1.6613014508675976,0.6517449021339417
44,1,28,-0.14959586524400167,1.7164157170101246,0.6177532076835632
44,1,29,-0.251950930937266,1.763656516560862,0.6744599938392639
44,1,30,-0.2676978641208451,1.8108973161115993,0.60084468126297
44,1,31,0.04724079955073737,1.9683666479473905,0.7162618041038513
44,1,32,0.05511426614252694,2.0234809140899177,0.6751340627670288
44,2,0,-0.24418056150079778,-1.2819479478791884,0.997583508491516
44,2,1,-0.2289192764069979,-1.3506237308012876,0.99666565656662
44,2,2,-0.23654991895389785,-1.3506237308012876,0.9966188073158264
44,2,3,-0.24418056150079778,-1.3506237308012876,0.996995210647583
44,2,4,-0.2594418465945976,-1.3506237308012876,0.9968032240867616
44,2,5,-0.28233377423529743,-1.3582543733481875,0.996484100818634
44,2,6,-0.2975950593290973,-1.3582543733481875,0.9967103004455566
44,2,7,-0.23654991895389785,-1.3429930882543877,0.9941948652267456
44,2,8,-0.2747031316883975,-1.3429930882543877,0.9951193928718568
44,2,9,-0.20602734876629814,-1.220902807503989,0.9933898448944092
44,2,10,-0.2518112040476977,-1.220902807503989,0.9942014217376708
44,2,11,-0.02289192764069979,-1.0072448161907908,0.9982999563217164
44,2,12,-0.16024349348489855,-0.9843528885500911,0.9972018599510192
44,2,13,-0.1983967062193982,-0.5112530506422953,0.6422681212425232
44,2,14,-0.2289192764069979,-0.48073048045469563,0.5129260420799255
44,2,15,-0.4578385528139958,-0.9385690332686915,0.7303502559661865
44,2,16,-0.3586401997042967,-0.877523892893492,0.5383341312408447
44,2,17,-0.5341449782829951,-1.0453980289252904,0.708641767501831
44,2,18,-0.42731598262639614,-0.9767222460031911,0.5307086706161499
44,2,19,-0.5112530506422953,-1.09118188420669,0.7079891562461853
44,2,20,-0.3967934124387964,-1.0225061012845906,0.526888370513916
44,2,21,-0.48073048045469563,-1.0530286714721904,0.6970862746238708
44,2,22,-0.36627084225119666,-0.9843528885500911,0.5143873691558838
44,2,23,0.04578385528139958,-0.015261285093799861,0.9969272613525392
44,2,24,-0.04578385528139958,0.015261285093799861,0.9951257705688475
44,2,25,-0.04578385528139958,0.8470013227058923,0.6452633738517761
44,2,26,-0.015261285093799861,0.8546319652527923,0.5587788224220276
44,2,27,0.16787413603179846,1.747417143240084,0.6822935938835144
44,2,28,0.19076606367249827,1.655849432677285,0.6170883178710938
44,2,29,0.30522570187599724,1.869507423990483,0.7010418772697449
44,2,30,0.32811762951669704,1.8008316410683836,0.5989523530006409
44,2,31,-0.12209028075039889,2.067904130209881,0.7413058280944824
44,2,32,-0.038153212734499654,1.9458138494594823,0.6829460263252258
45,1,0,0.19156525704423027,-1.3064750530416505,0.9977831840515136
45,1,1,0.16091481591715343,-1.367775935295804,0.9969709515571594
45,1,2,0.15325220563538422,-1.367775935295804,0.996927797794342
45,1,3,0.14558959535361501,-1.3754385455775733,0.997266173362732
45,1,4,0.14558959535361501,-1.367775935295804,0.9970822334289552
45,1,5,0.12260176450830737,-1.3754385455775733,0.9967926740646362
45,1,6,0.10727654394476895,-1.3754385455775733,0.9969946146011353
45,1,7,0.09961393366299974,-1.360113325014035,0.9947248101234436
45,1,8,0.05363827197238447,-1.3524507147322657,0.9955872893333436
45,1,9,0.17624003648069184,-1.2375115605057276,0.994024097919464
45,1,10,0.15325220563538422,-1.2375115605057276,0.9947521090507508
45,1,11,0.10727654394476895,-1.0076332520526512,0.9984408617019652
45,1,12,-0.09195132338123053,-0.9923080314891128,0.997471570968628
45,1,13,0.15325220563538422,-0.5172261940194217,0.603380024433136
45,1,14,0.10727654394476895,-0.47891314261057566,0.5592745542526245
45,1,15,0.38313051408846055,-0.9156819286714207,0.710759699344635
45,1,16,0.32182963183430685,-0.854381046417267,0.5813872814178467
45,1,17,0.4980696683149987,-1.0382836931797281,0.6876126527786255
45,1,18,0.4214435654973066,-0.9463323697984976,0.5710923671722412
45,1,19,0.4520940066243834,-1.0842593548703434,0.6875429153442383
45,1,20,0.3754679038066913,-0.999970641770882,0.5669600963592529
45,1,21,0.39845573465199896,-1.030621082897959,0.6776779890060425
45,1,22,0.33715485239784526,-0.9693202006438052,0.5525614023208618
45,1,23,0.11493915422653816,-0.0038313051408846053,0.9970828890800476
45,1,24,-0.11493915422653816,0.0038313051408846053,0.9953598976135254
45,1,25,0.09195132338123053,0.8390558258537286,0.624657154083252
45,1,26,-0.08428871309946132,0.8467184361354978,0.5840185880661011
45,1,27,-0.15325220563538422,1.5976542437488805,0.6767157912254333
45,1,28,-0.19156525704423027,1.651292515721265,0.6423145532608032
45,1,29,-0.24520352901661474,1.7049307876936495,0.6942626237869263
45,1,30,-0.29117919070723003,1.758569059666034,0.6205441951751709
45,1,31,0.07662610281769211,1.8964960447378796,0.7428050637245178
45,1,32,0.061300882254153685,1.9348090961467257,0.7043863534927368
45,2,0,-0.27906119701344406,-1.2557753865604984,0.9979809522628784
45,2,1,-0.25703004988080375,-1.3218688279584192,0.9972549676895142
45,2,2,-0.24968633416992364,-1.3292125436692994,0.9972158670425416
45,2,3,-0.24234261845904354,-1.3292125436692994,0.997522473335266
45,2,4,-0.26437376559168385,-1.3292125436692994,0.9973475337028505
45,2,5,-0.26437376559168385,-1.3292125436692994,0.9970799088478088
45,2,6,-0.25703004988080375,-1.3365562593801794,0.9972679018974304
45,2,7,-0.24234261845904354,-1.3292125436692994,0.995227038860321
45,2,8,-0.27171748130256396,-1.3292125436692994,0.9959926009178162
45,2,9,-0.22765518703728332,-1.1896819451625773,0.9945715069770812
45,2,10,-0.23499890274816343,-1.1970256608734575,0.9952086210250854
45,2,11,-0.08078087281968117,-0.9987453366796946,0.9985843896865844
45,2,12,-0.11749945137408171,-0.9914016209688145,0.9976092576980592
45,2,13,-0.19828032419376287,-0.4993726683398473,0.6412313580513
45,2,14,-0.20562403990464298,-0.4920289526289672,0.5132776498794556
45,2,15,-0.37452950125488543,-0.9032770324382532,0.7357714176177979
45,2,16,-0.24968633416992364,-0.8518710224620925,0.5380722880363464
45,2,17,-0.44796665836368654,-1.0060890523905746,0.7129302620887756
45,2,18,-0.24968633416992364,-0.7784338653532913,0.5306469202041626
45,2,19,-0.41124807980928596,-1.0501513466558552,0.7126478552818298
45,2,20,-0.28640491272432417,-0.829839875329452,0.526459813117981
45,2,21,-0.37452950125488543,-1.0060890523905746,0.701421320438385
45,2,22,-0.3010923441460844,-0.9473393267035338,0.5129691958427429
45,2,23,0.007343715710880107,-0.007343715710880107,0.9973002672195436
45,2,24,-0.007343715710880107,0.007343715710880107,0.9956494569778442
45,2,25,-0.06609344139792096,0.8592147381729726,0.6551889181137085
45,2,26,-0.036718578554400534,0.8004650124859316,0.5632527470588684
45,2,27,0.11749945137408171,1.6890546135024245,0.703909695148468
45,2,28,0.13953059850672203,1.5495240149957026,0.6304608583450317
45,2,29,0.24234261845904354,1.8138977805873864,0.7199123501777649
45,2,30,0.24968633416992364,1.711085760635065,0.6131711006164551
45,2,31,-0.17624917706112256,1.9534283790941085,0.7642048001289368
45,2,32,-0.05874972568704086,1.8065540648765064,0.6995870471000671
46,1,0,0.18419881185628556,-1.2856325235683606,0.9981200098991394
46,1,1,0.16164385530245468,-1.3608157120811302,0.9974846839904784
46,1,2,0.16164385530245468,-1.3608157120811302,0.9974445104599
46,1,3,0.1541255364511777,-1.3608157120811302,0.997725784778595
46,1,4,0.14660721759990075,-1.3608157120811302,0.9975506067276
46,1,5,0.1390888987486238,-1.3608157120811302,0.9972971677780152
46,1,6,0.12405226104606988,-1.3608157120811302,0.9974714517593384
46,1,7,0.09397898564096202,-1.353297393229853,0.9956315755844116
46,1,8,0.06390571023585417,-1.3457790743785762,0.9963515400886536
46,1,9,0.1766804930050086,-1.2179676539068678,0.9950721859931946
46,1,10,0.1541255364511777,-1.2179676539068678,0.99564790725708
46,1,11,0.06390571023585417,-0.999936407219836,0.9986847639083862
46,1,12,-0.08646066678968506,-0.999936407219836,0.9978340268135072
46,1,13,0.1541255364511777,-0.4962090441842795,0.5989779829978943
46,1,14,0.1390888987486238,-0.48869072533300256,0.5604643225669861
46,1,15,0.3721567831382096,-0.8946799433019584,0.7197831273078918
46,1,16,0.34208350773310175,-0.8570883490455736,0.5825422406196594
46,1,17,0.499968203609918,-0.9623448129634512,0.6998573541641235
46,1,18,0.4473399716509792,-0.8796433055994045,0.5740402340888977
46,1,19,0.4623766093535332,-1.01497304492239,0.7003515958786011
46,1,20,0.40223005854331745,-0.9397898564096203,0.569935142993927
46,1,21,0.40223005854331745,-0.992418088368559,0.6893590092658997
46,1,22,0.3571201454356557,-0.9623448129634512,0.5557994842529297
46,1,23,0.0789423479384081,0.0,0.9972985982894896
46,1,24,-0.0789423479384081,0.0,0.9956801533699036
46,1,25,0.09397898564096202,0.8044601170866349,0.6292431354522705
46,1,26,-0.05638739138457721,0.8119784359379119,0.5853452086448669
46,1,27,-0.1541255364511777,1.5262187268092233,0.6855557560920715
46,1,28,-0.16164385530245468,1.601401915321993,0.6499713063240051
46,1,29,-0.2593820003690552,1.6389935095783776,0.70306795835495
46,1,30,-0.2593820003690552,1.7216950169424243,0.6315433979034424
46,1,31,0.04135075368202329,1.796878205455194,0.7567237615585327
46,1,32,0.09397898564096202,1.8570247562654096,0.7164493203163147
46,2,0,-0.2950433029522215,-1.2603084298946745,0.998280942440033
46,2,1,-0.2659032236482984,-1.3258736083285014,0.9977141618728638
46,2,2,-0.2586182038223176,-1.3331586281544823,0.9976775646209716
46,2,3,-0.2513331839963368,-1.3331586281544823,0.9979330897331238
46,2,4,-0.27318824347427917,-1.3331586281544823,0.9977636337280272
46,2,5,-0.27318824347427917,-1.3331586281544823,0.9975279569625854
46,2,6,-0.2659032236482984,-1.3404436479804631,0.997693121433258
46,2,7,-0.24404816417035605,-1.3258736083285014,0.996038258075714
46,2,8,-0.27318824347427917,-1.3258736083285014,0.9966683387756348
46,2,9,-0.2586182038223176,-1.1947432514608476,0.9955060482025146
46,2,10,-0.2659032236482984,-1.1947432514608476,0.9959989786148072
46,2,11,-0.09106274782475972,-0.9980477161593665,0.9987961649894714
46,2,12,-0.12020282712868283,-0.9907626963333858,0.9979031085968018
46,2,13,-0.20762306504045216,-0.4953813481666929,0.6368595957756042
46,2,14,-0.2221931046924137,-0.5026663679926736,0.5179532766342163
46,2,15,-0.3970335805159524,-0.8960574385956356,0.7426367402076721
46,2,16,-0.3533234615600677,-0.8596323394657317,0.5451100468635559
46,2,17,-0.46988377877576015,-0.9616226170294626,0.7217541337013245
46,2,18,-0.44074369947183706,-0.9324825377255396,0.5381140112876892
46,2,19,-0.43345867964585627,-1.0053327359853472,0.7219523191452026
46,2,20,-0.4188886399938947,-0.9616226170294626,0.5336918830871582
46,2,21,-0.3970335805159524,-0.9834776765074049,0.7093655467033386
46,2,22,-0.3824635408639908,-0.9543375972034819,0.5199922323226929
46,2,23,0.003642509912990389,-0.007285019825980778,0.9974678158760072
46,2,24,-0.003642509912990389,0.007285019825980778,0.9959203600883484
46,2,25,-0.06920768834681738,0.8086372006838664,0.6581387519836426
46,2,26,-0.02549756939093272,0.8013521808578855,0.5634610056877136
46,2,27,0.09106274782475972,1.6536995004976365,0.7115122675895691
46,2,28,0.12748784695466361,1.5589942427598864,0.6404101252555847
46,2,29,0.2221931046924137,1.7848298573652905,0.7272166013717651
46,2,30,0.24404816417035605,1.7192646789314634,0.62547367811203
46,2,31,-0.1930530253884906,1.9159602142329444,0.7766982316970825
46,2,32,-0.09834776765074049,1.7921148771912712,0.7137330770492554
47,1,0,0.22793963601004416,-1.2904324554762179,0.9983856678009032
47,1,1,0.19852807007326428,-1.3566084788339725,0.9978933334350586
47,1,2,0.1911751785890693,-1.3639613703181674,0.997855305671692
47,1,3,0.1911751785890693,-1.3639613703181674,0.9980887770652772
47,1,4,0.1911751785890693,-1.3566084788339725,0.9979264736175536
47,1,5,0.18382228710487433,-1.3639613703181674,0.9977014660835266
47,1,6,0.16911650413648438,-1.3639613703181674,0.9978549480438232
47,1,7,0.1323520467155095,-1.3566084788339725,0.9963423013687134
47,1,8,0.10294048077872962,-1.3492555873497776,0.996960997581482
47,1,9,0.19852807007326428,-1.224256432118463,0.9959073662757874
47,1,10,0.1911751785890693,-1.231609323602658,0.9963576793670654
47,1,11,0.029411565936779894,-1.0036696875926139,0.9988783597946168
47,1,12,-0.022058674452584918,-0.9963167961084188,0.9981047511100768
47,1,13,0.07352891484194973,-0.5110259581515506,0.5829693078994751
47,1,14,0.08088180632614471,-0.48161439221477076,0.5650125741958618
47,1,15,0.264704093431019,-0.8124945090035446,0.7018342614173889
47,1,16,0.34558589975716375,-0.8639647493929093,0.5889803767204285
47,1,17,0.4044090316307235,-0.8639647493929093,0.690184473991394
47,1,18,0.4411734890516984,-0.937493664234859,0.5813089609146118
47,1,19,0.39705614014652857,-0.9227878812664692,0.6913878917694092
47,1,20,0.4264677060833084,-0.9742581216558339,0.5770382881164551
47,1,21,0.32352722530457884,-0.9080820982980792,0.6807895302772522
47,1,22,0.3823503571781386,-0.966905230171639,0.5628232955932617
47,1,23,0.014705782968389947,-0.0036764457420974867,0.9973228573799132
47,1,24,-0.014705782968389947,0.0036764457420974867,0.9957156181335448
47,1,25,0.09558758929453465,0.7610242686141797,0.6359622478485107
47,1,26,-0.0073528914841949735,0.7904358345509596,0.595659077167511
47,1,27,-0.12499915523131454,1.4154316107075324,0.6980417370796204
47,1,28,-0.1323520467155095,1.5551365489072368,0.6649864912033081
47,1,29,-0.2132338530416542,1.5698423318756267,0.7179027199745178
47,1,30,-0.23529252749423915,1.6654299211701615,0.6492369174957275
47,1,31,0.07352891484194973,1.6286654637491866,0.7710389494895935
47,1,32,0.12499915523131454,1.783076184917281,0.7326350212097168
47,2,0,-0.1485156352963064,-1.2641940663027058,0.9985392689704896
47,2,1,-0.12678163988709082,-1.3293960525303525,0.9980981945991516
47,2,2,-0.11953697475068564,-1.3293960525303525,0.9980641603469848
47,2,3,-0.10504764447787526,-1.3366407176667576,0.9982745051383972
47,2,4,-0.14127097015990123,-1.3293960525303525,0.9981261491775512
47,2,5,-0.13402630502349602,-1.3293960525303525,0.9979223012924194
47,2,6,-0.13402630502349602,-1.3366407176667576,0.9980615377426147
47,2,7,-0.025356327977418165,-1.3366407176667576,0.9967042803764344
47,2,8,-0.054334988523038925,-1.3293960525303525,0.9972522854804992
47,2,9,-0.10504764447787526,-1.2062367452114642,0.9963015913963318
47,2,10,-0.11953697475068564,-1.2062367452114642,0.9966983199119568
47,2,11,0.039845658250228545,-1.010630786528524,0.998981773853302
47,2,12,-0.08331364906865969,-0.9888967911193085,0.9982421398162842
47,2,13,-0.061579653659444115,-0.5179935572529711,0.6225329041481018
47,2,14,-0.039845658250228545,-0.4817702315709452,0.5227055549621582
47,2,15,-0.2282069517967635,-0.8077801627091787,0.7217497229576111
47,2,16,-0.19198362611473754,-0.8005354975727735,0.5525429248809814
47,2,17,-0.27167494261519465,-0.8584928186640151,0.7065860033035278
47,2,18,-0.24994094720597906,-0.9019608094824462,0.5475179553031921
47,2,19,-0.2282069517967635,-0.9092054746188514,0.7073933482170105
47,2,20,-0.20647295638754792,-0.9164501397552566,0.5431452393531799
47,2,21,-0.19922829125114275,-0.894716144346041,0.6951088905334473
47,2,22,-0.19198362611473754,-0.894716144346041,0.5299950838088989
47,2,23,-0.039845658250228545,-0.003622332568202595,0.9974769949913024
47,2,24,0.039845658250228545,0.003622332568202595,0.9960057139396667
47,2,25,0.0760689839322545,0.7860461672999631,0.6667144894599915
47,2,26,0.08331364906865969,0.7788015021635579,0.5868016481399536
47,2,27,0.10504764447787526,1.5974486625773445,0.7193480730056763
47,2,28,0.14127097015990123,1.5467360066225082,0.6558986902236938
47,2,29,0.23545161693316868,1.7495866304418535,0.736283540725708
47,2,30,0.26443027747878944,1.727852635032638,0.64711594581604
47,2,31,-0.018111662841012975,1.851011942351526,0.7815967202186584
47,2,32,0.09055831420506488,1.7568312955782586,0.7165366411209106
48,1,0,0.23981158494916016,-1.2986719677246827,0.9986016750335692
48,1,1,0.2029174949569817,-1.3650813297106041,0.998227834701538
48,1,2,0.195538676958546,-1.3650813297106041,0.9981869459152222
48,1,3,0.195538676958546,-1.3724601477090397,0.9983830451965332
48,1,4,0.18815985896011028,-1.3650813297106041,0.9982379078865052
48,1,5,0.18078104096167458,-1.3650813297106041,0.9980401396751404
48,1,6,0.1660234049648032,-1.3724601477090397,0.9981783032417296
48,1,7,0.10699286097731761,-1.3577025117121684,0.9968987107276917
48,1,8,0.07009877098513913,-1.3503236937137326,0.9974856972694396
48,1,9,0.21029631295541737,-1.2322626057387616,0.9966096878051758
48,1,10,0.2029174949569817,-1.239641423737197,0.9969834089279176
48,1,11,0.07747758898357482,-1.0108980657856905,0.9990261793136596
48,1,12,-0.040583498991396336,-0.9887616117903835,0.9984034299850464
48,1,13,0.07009877098513913,-0.5091384418920631,0.5702458024024963
48,1,14,0.018447044996089245,-0.45010789790457756,0.5684249997138977
48,1,15,0.37263030892100274,-0.7231241638466983,0.6870244145393372
48,1,16,0.29884212893664575,-0.7747758898357483,0.5949822068214417
48,1,17,0.4906913968959739,-0.7526394358404411,0.6768155694007874
48,1,18,0.4021455809147455,-0.8338064338232338,0.5883976221084595
48,1,19,0.4759337608991025,-0.7969123438310554,0.6780924201011658
48,1,20,0.38738794491787415,-0.8780793418138481,0.583977997303009
48,1,21,0.4169032169116169,-0.804291161829491,0.6669877171516418
48,1,22,0.3504938549256956,-0.8633217058169766,0.5696592926979065
48,1,23,0.040583498991396336,-0.007378817998435698,0.9973496794700624
48,1,24,-0.040583498991396336,0.007378817998435698,0.9957782030105592
48,1,25,0.09223522498044621,0.782154707834184,0.6450969576835632
48,1,26,-0.03320468099296064,0.7969123438310554,0.6147198677062988
48,1,27,-0.08485640698201052,1.5200365076777538,0.7104530930519104
48,1,28,-0.09961404297888192,1.564309415668368,0.6767451763153076
48,1,29,-0.1438869509694961,1.6380975956527248,0.7278052568435669
48,1,30,-0.1734022229632389,1.6749916856449034,0.6623129844665527
48,1,31,0.09961404297888192,1.7561586836276961,0.7784646153450012
48,1,32,0.1438869509694961,1.7930527736198745,0.7339445352554321
48,2,0,-0.13137286313981292,-1.2772361694148477,0.998725175857544
48,2,1,-0.11677587834650037,-1.335624108588098,0.9983941316604614
48,2,2,-0.1094773859498441,-1.3429226009847544,0.998357594013214
48,2,3,-0.10217889355318782,-1.3429226009847544,0.998534083366394
48,2,4,-0.12407437074315664,-1.335624108588098,0.9983985424041748
48,2,5,-0.12407437074315664,-1.3429226009847544,0.998218595981598
48,2,6,-0.11677587834650037,-1.3429226009847544,0.998344659805298
48,2,7,-0.05108944677659391,-1.3429226009847544,0.9972021579742432
48,2,8,-0.07298492396656273,-1.335624108588098,0.997715950012207
48,2,9,-0.09488040115653155,-1.2188482302415975,0.9969223737716676
48,2,10,-0.10217889355318782,-1.2188482302415975,0.9972448348999025
48,2,11,0.04379095437993764,-1.014490443135222,0.999113142490387
48,2,12,-0.014596984793312546,-0.9852964735485968,0.998490869998932
48,2,13,-0.029193969586625092,-0.5035959753692828,0.6099463701248169
48,2,14,-0.05108944677659391,-0.4525065285926889,0.5195648074150085
48,2,15,-0.1897608023130631,-0.7298492396656273,0.6968730688095093
48,2,16,-0.13137286313981292,-0.7298492396656273,0.5431007146835327
48,2,17,-0.26274572627962584,-0.7882371788388775,0.6808426380157471
48,2,18,-0.21165627950303192,-0.8174311484255026,0.5393669605255127
48,2,19,-0.23355175669300074,-0.8247296408221588,0.6816717982292175
48,2,20,-0.19705929470971936,-0.8466251180121277,0.5351472496986389
48,2,21,-0.20435778710637564,-0.8174311484255026,0.6678453683853149
48,2,22,-0.1678653251230943,-0.8320281332188151,0.522516667842865
48,2,23,-0.03649246198328136,0.0,0.9974948167800904
48,2,24,0.03649246198328136,0.0,0.9960225224494934
48,2,25,0.04379095437993764,0.7809386864422212,0.6747656464576721
48,2,26,-0.029193969586625092,0.8101326560288463,0.6017652750015259
48,2,27,0.13137286313981292,1.6421607892476615,0.7309203743934631
48,2,28,0.18246230991640683,1.5472803880911299,0.6662602424621582
48,2,29,0.2554472338829696,1.7881306371807868,0.7471160292625427
48,2,30,0.2554472338829696,1.7005487284209115,0.6587495803833008
48,2,31,-0.007298492396656273,1.8757125459406623,0.7885240912437439
48,2,32,0.07298492396656273,1.7224442056108804,0.7166855335235596
49,1,0,0.2593325316303444,-1.3004211006391184,0.9987269639968872
49,1,1,0.21423122178158888,-1.3680730654122517,0.9984498023986816
49,1,2,0.2067143368067963,-1.3755899503870443,0.9983930587768556
49,1,3,0.19919745183200369,-1.3755899503870443,0.9985585808753968
49,1,4,0.2067143368067963,-1.3680730654122517,0.9984509348869324
49,1,5,0.1916805668572111,-1.3755899503870443,0.9982697367668152
49,1,6,0.1766467969076259,-1.3755899503870443,0.9984118342399596
49,1,7,0.10147794715969999,-1.3680730654122517,0.9972782135009766
49,1,8,0.07141040726052962,-1.360556180437459,0.997896373271942
49,1,9,0.22174810675638146,-1.2402860208407778,0.997140884399414
49,1,10,0.21423122178158888,-1.2478029058155702,0.9974661469459534
49,1,11,0.11651171710928518,-0.9997457016474147,0.9991009831428528
49,1,12,-0.07141040726052962,-0.9997457016474147,0.9986302256584167
49,1,13,0.10899483213449258,-0.5036312933111037,0.5598040223121643
49,1,14,-0.04134286736135925,-0.45852998346234813,0.566273033618927
49,1,15,0.3495351513278555,-0.6765196477313333,0.6565330624580383
49,1,16,0.266849416605137,-0.736654727529674,0.5871652960777283
49,1,17,0.469805310924537,-0.6915534176809185,0.6445980072021484
49,1,18,0.3796026912270259,-0.7667222674288444,0.5821982026100159
49,1,19,0.4547715409749518,-0.7441716125044666,0.6451415419578552
49,1,20,0.3796026912270259,-0.8268573472271852,0.57802814245224
49,1,21,0.4021533461514037,-0.7592053824540518,0.6335739493370056
49,1,22,0.3420182663530629,-0.8193404622523925,0.5648610591888428
49,1,23,0.07141040726052962,0.0,0.9970957636833192
49,1,24,-0.07141040726052962,0.0,0.9956990480422974
49,1,25,0.0939610621849074,0.7667222674288444,0.6379039883613586
49,1,26,-0.04885975233615185,0.8343742322019777,0.6072420477867126
49,1,27,-0.13906237203366295,1.5259276498828962,0.6930689811706543
49,1,28,-0.13154548705887037,1.5785458447064444,0.6632148027420044
49,1,29,-0.22174810675638146,1.6461978094795777,0.7143144607543945
49,1,30,-0.2067143368067963,1.6912991193283333,0.6526669263839722
49,1,31,0.01879221243698148,1.7739848540510517,0.7597624659538269
49,1,32,0.05637663731094444,1.7965355089754296,0.7152360677719116
49,2,0,-0.12994442454726302,-1.2669581393358142,0.998839259147644
49,2,1,-0.12272528985019283,-1.3319303516094458,0.9985936284065248
49,2,2,-0.11550615515312267,-1.3319303516094458,0.998542547225952
49,2,3,-0.1082870204560525,-1.3391494863065159,0.9986922144889832
49,2,4,-0.12994442454726302,-1.3319303516094458,0.9985883831977844
49,2,5,-0.12994442454726302,-1.3319303516094458,0.9984233379364014
49,2,6,-0.12994442454726302,-1.3319303516094458,0.998554527759552
49,2,7,-0.12272528985019283,-1.3391494863065159,0.9975419640541076
49,2,8,-0.1516018286384735,-1.3247112169123756,0.998082160949707
49,2,9,-0.1082870204560525,-1.209205061759253,0.9974027276039124
49,2,10,-0.11550615515312267,-1.209205061759253,0.9976771473884584
49,2,11,0.007219134697070167,-1.0070692902412883,0.9991852045059204
49,2,12,-0.18047836742675416,-0.9854118861500778,0.998708963394165
49,2,13,-0.03609567348535084,-0.5089489961434468,0.6020187735557556
49,2,14,-0.18047836742675416,-0.47285332265809593,0.5304612517356873
49,2,15,-0.15882096333554366,-0.7183039023584816,0.68309485912323
49,2,16,-0.27432711848866637,-0.7255230370555518,0.5576480627059937
49,2,17,-0.24545057970038567,-0.7543995758438324,0.6679622530937195
49,2,18,-0.33208019606522765,-0.7543995758438324,0.554901659488678
49,2,19,-0.2382314450033155,-0.7977143840262534,0.6680929660797119
49,2,20,-0.303203657276947,-0.7977143840262534,0.5503461956977844
49,2,21,-0.20935490621503483,-0.7977143840262534,0.6546010375022888
49,2,22,-0.27432711848866637,-0.7977143840262534,0.5377452373504639
49,2,23,0.05775307757656133,0.0036095673485350833,0.9972820281982422
49,2,24,-0.05775307757656133,-0.0036095673485350833,0.995936393737793
49,2,25,-0.028876538788280667,0.739961306449692,0.6655386686325073
49,2,26,0.014438269394140333,0.7688378452379727,0.582365870475769
49,2,27,0.10106788575898233,1.6134766047951823,0.714229166507721
49,2,28,0.1516018286384735,1.4979704496420596,0.6400617957115173
49,2,29,0.1949166368208945,1.7650784334336558,0.7333513498306274
49,2,30,0.1949166368208945,1.6206957394922525,0.6403589844703674
49,2,31,-0.1516018286384735,1.7867358375248663,0.7736876010894775
49,2,32,-0.028876538788280667,1.6784488170688139,0.6973938345909119
50,1,0,0.2555275156656801,-1.2961540649708412,0.9988090991973876
50,1,1,0.21849454238079893,-1.3628134168836272,0.998617708683014
50,1,2,0.21849454238079893,-1.3702200115406036,0.9985311627388
50,1,3,0.21108794772382272,-1.3702200115406036,0.9986870884895324
50,1,4,0.21108794772382272,-1.3628134168836272,0.998611330986023
50,1,5,0.20368135306684648,-1.3702200115406036,0.998428463935852
50,1,6,0.188868163752894,-1.3702200115406036,0.9985923171043396
50,1,7,0.11480221718313165,-1.3702200115406036,0.997469425201416
50,1,8,0.0851758385552267,-1.355406822226651,0.9982155561447144
50,1,9,0.22590113703777517,-1.2369013077150313,0.997544527053833
50,1,10,0.21108794772382272,-1.2369013077150313,0.9978482127189636
50,1,11,0.09998902786917918,-0.9998902786917918,0.9991243481636048
50,1,12,-0.07036264924127424,-0.9998902786917918,0.998824417591095
50,1,13,0.13702200115406035,-0.5184616259883364,0.5486029386520386
50,1,14,-0.062956054584298,-0.4666154633895028,0.5756242871284485
50,1,15,0.29996708360753754,-0.7110330870697186,0.6404091119766235
50,1,16,0.24071432635172765,-0.7406594656976235,0.5998674631118774
50,1,17,0.440692382090086,-0.7406594656976235,0.6314744353294373
50,1,18,0.36662643552032365,-0.7776924389825047,0.5955988764762878
50,1,19,0.42587919277613356,-0.7999122229534334,0.6311361789703369
50,1,20,0.3592198408633474,-0.8221320069243622,0.590933620929718
50,1,21,0.3740330301772999,-0.7999122229534334,0.6197446584701538
50,1,22,0.32218686757846626,-0.8147254122673859,0.5772305727005005
50,1,23,0.05554945992732176,0.0,0.9968597292900084
50,1,24,-0.05554945992732176,0.0,0.9954819679260254
50,1,25,0.03332967595639306,0.7110330870697186,0.6252440810203552
50,1,26,-0.04814286527034553,0.7925056282964572,0.5974522829055786
50,1,27,-0.1666483797819653,1.385033200854556,0.6797508001327515
50,1,28,-0.17405497443894152,1.5331650939940809,0.6444031000137329
50,1,29,-0.22590113703777517,1.5553848779650095,0.7071824073791504
50,1,30,-0.26293411032265634,1.6516706085057005,0.6430438160896301
50,1,31,0.025923081299416825,1.540571688651057,0.749122142791748
50,1,32,0.07036264924127424,1.696110176447558,0.7017789483070374
50,2,0,-0.18293205399343404,-1.269763668895601,0.9989179372787476
50,2,1,-0.21162727814926685,-1.341501729285183,0.998746931552887
50,2,2,-0.21880108418822505,-1.341501729285183,0.9986692070961
50,2,3,-0.21880108418822505,-1.3486755353241413,0.9988101720809937
50,2,4,-0.22597489022718323,-1.341501729285183,0.9987367391586304
50,2,5,-0.23314869626614143,-1.341501729285183,0.9985710978507996
50,2,6,-0.24032250230509963,-1.3486755353241413,0.9987201690673828
50,2,7,-0.20445347211030865,-1.341501729285183,0.997710943222046
50,2,8,-0.22597489022718323,-1.3343279232462248,0.9983768463134766
50,2,9,-0.20445347211030865,-1.2051994145449774,0.9977754950523376
50,2,10,-0.21880108418822505,-1.2051994145449774,0.998039186000824
50,2,11,-0.06815115737010288,-1.011506651493106,0.999208688735962
50,2,12,-0.08249876944801927,-0.9828114273372731,0.9988837838172911
50,2,13,-0.06815115737010288,-0.5165140348049903,0.5927895903587341
50,2,14,-0.06097735133114468,-0.46629739253228286,0.5259655714035034
50,2,15,-0.2833653385388488,-0.7317282159737362,0.6732032895088196
50,2,16,-0.12554160568176848,-0.17934515097395495,0.5504194498062134
50,2,17,-0.3909724291232218,-0.760423440129569,0.6630796790122986
50,2,18,-0.17575824795447587,-0.10760709058437297,0.5494866371154785
50,2,19,-0.39814623516218,-0.8106400824022764,0.6625058650970459
50,2,20,-0.18293205399343404,-0.14347612077916397,0.5453281998634338
50,2,21,-0.362277204967389,-0.8034662763633181,0.6502377986907959
50,2,22,-0.16858444191551766,-0.15782373285708035,0.5330462455749512
50,2,23,-0.010760709058437297,0.007173806038958198,0.9971356987953186
50,2,24,0.010760709058437297,-0.007173806038958198,0.995761513710022
50,2,25,-0.06097735133114468,0.7389020220126944,0.6599036455154419
50,2,26,-0.003586903019479099,0.7317282159737362,0.5959690809249878
50,2,27,0.11836779964281027,1.4993254621422634,0.7094441056251526
50,2,28,0.13988921775968485,1.4347612077916396,0.6459919810295105
50,2,29,0.21162727814926685,1.6858444191551765,0.7334698438644409
50,2,30,0.22597489022718323,1.5280206862980963,0.6489772796630859
50,2,31,-0.18293205399343404,1.6714968070772602,0.7704958319664001
50,2,32,0.003586903019479099,1.5351944923370544,0.7029088139533997
51,1,0,0.2555939476202456,-1.300522145244191,0.9989650845527648
51,1,1,0.21800660238197422,-1.3681793666730795,0.9988229870796204
51,1,2,0.21048913333431993,-1.3756968357207338,0.9987415671348572
51,1,3,0.20297166428666563,-1.3756968357207338,0.998870849609375
51,1,4,0.21048913333431993,-1.3681793666730795,0.99881112575531
51,1,5,0.19545419523901136,-1.3756968357207338,0.998652458190918
51,1,6,0.1804192571437028,-1.383214304768388,0.9987987279891968
51,1,7,0.1353144428577771,-1.3681793666730795,0.9978199005126952
51,1,8,0.11276203571481425,-1.3606618976254252,0.9985162615776062
51,1,9,0.21048913333431993,-1.2403823928629567,0.997951328754425
51,1,10,0.19545419523901136,-1.2403823928629567,0.9982089996337892
51,1,11,0.10524456666715996,-0.9998233833380197,0.999205470085144
51,1,12,-0.06765722142888855,-0.9998233833380197,0.9989877939224244
51,1,13,0.1729017880960485,-0.5111878952404912,0.5438799858093262
51,1,14,-0.05262228333357998,-0.4435306738116027,0.5720788836479187
51,1,15,0.3082162309538256,-0.7367119666701197,0.6401181817054749
51,1,16,0.2555939476202456,-0.6615372761935769,0.5939130783081055
51,1,17,0.451048142859257,-0.7592643738130825,0.6342004537582397
51,1,18,0.36835598333505987,-0.6615372761935769,0.5915278196334839
51,1,19,0.4284957357162941,-0.8118866571466625,0.6331783533096313
51,1,20,0.3608385142874056,-0.7367119666701197,0.5873535871505737
51,1,21,0.3608385142874056,-0.8194041261943169,0.6230131983757019
51,1,22,0.32325116904913415,-0.7517469047654283,0.5744639039039612
51,1,23,0.06765722142888855,0.0,0.9969640374183656
51,1,24,-0.06765722142888855,0.0,0.9956590533256532
51,1,25,0.08269215952419712,0.7216770285748112,0.6259867548942566
51,1,26,-0.060139752381234264,0.8043691880990083,0.6121238470077515
51,1,27,-0.1729017880960485,1.4132841809590053,0.6799391508102417
51,1,28,-0.20297166428666563,1.541081154769128,0.6543034911155701
51,1,29,-0.24055900952493706,1.5711510309597452,0.709597647190094
51,1,30,-0.28566382381086275,1.6613606595315966,0.6549103260040283
51,1,31,0.015034938095308566,1.5711510309597452,0.7512279152870178
51,1,32,0.0902096285718514,1.6763955976269052,0.7106615900993347
51,2,0,-0.12732745827390227,-1.276912510118277,0.99904865026474
51,2,1,-0.1491550225494284,-1.3496710577033642,0.9989222884178162
51,2,2,-0.1564308773079371,-1.3496710577033642,0.9988492131233216
51,2,3,-0.1564308773079371,-1.3569469124618727,0.9989669322967528
51,2,4,-0.1637067320664458,-1.3496710577033642,0.9989038109779358
51,2,5,-0.17825844158346318,-1.3569469124618727,0.9987571835517884
51,2,6,-0.18553429634197188,-1.3569469124618727,0.9988924264907836
51,2,7,-0.17098258682495449,-1.3569469124618727,0.9980205297470092
51,2,8,-0.18553429634197188,-1.3496710577033642,0.9986278414726256
51,2,9,-0.1564308773079371,-1.2187056720502074,0.9981245398521424
51,2,10,-0.17098258682495449,-1.2187056720502074,0.9983363151550292
51,2,11,-0.04729305593030656,-1.0004300292949464,0.9992785453796388
51,2,12,-0.11277574875688487,-0.9931541745364377,0.9989914298057556
51,2,13,-0.040017201171797856,-0.5202236152333721,0.5886500477790833
51,2,14,-0.05456891068881526,-0.46201677716530254,0.5214958190917969
51,2,15,-0.20008600585898928,-0.7530509675056506,0.6727243661880493
51,2,16,-0.061844765447323966,-0.17098258682495449,0.5419718623161316
51,2,17,-0.3164996819951285,-0.7748785317811767,0.6646362543106079
51,2,18,-0.08367232972285006,-0.08367232972285006,0.5419921875
51,2,19,-0.32377553675363724,-0.8258095150907376,0.6633086204528809
51,2,20,-0.09094818448135877,-0.10549989399837617,0.5383108854293823
51,2,21,-0.2946721177196024,-0.8258095150907376,0.651990532875061
51,2,22,-0.08367232972285006,-0.1491550225494284,0.5271142721176147
51,2,23,0.040017201171797856,0.0036379273792543506,0.997139811515808
51,2,24,-0.040017201171797856,-0.0036379273792543506,0.9957425594329834
51,2,25,0.0036379273792543506,0.7384992579886333,0.6586029529571533
51,2,26,-0.025465491654780455,0.7967060960567028,0.6014220714569092
51,2,27,0.1418791677909197,1.5170157171490644,0.7071151733398438
51,2,28,0.17825844158346318,1.4660847338395033,0.6485053896903992
51,2,29,0.2291894248930241,1.7280155051458166,0.7328095436096191
51,2,30,0.2291894248930241,1.6116018290096774,0.6534973978996277
51,2,31,-0.1564308773079371,1.618877683768186,0.7699594497680664
51,2,32,-0.040017201171797856,1.6043259742511686,0.7056923508644104
52,1,0,0.2706078590925333,-1.3154548705887037,0.99847412109375
52,1,1,0.24054031919336294,-1.3906237203366296,0.9983460903167723
52,1,2,0.23302343421857036,-1.3906237203366296,0.9981011152267456
52,1,3,0.22550654924377775,-1.398140605311422,0.9983235597610474
52,1,4,0.22550654924377775,-1.3906237203366296,0.9983215928077698
52,1,5,0.21047277929419259,-1.398140605311422,0.9979678988456726
52,1,6,0.1954390093446074,-1.398140605311422,0.9982927441596984
52,1,7,0.165371469445437,-1.3906237203366296,0.9967384934425354
52,1,8,0.14282081452105924,-1.383106835361837,0.998169481754303
52,1,9,0.24054031919336294,-1.2628366757651555,0.9976577162742616
52,1,10,0.22550654924377775,-1.2628366757651555,0.9980655908584596
52,1,11,0.10523638964709629,-0.9997457016474147,0.999065101146698
52,1,12,-0.060135079798340735,-0.9997457016474147,0.9990313649177552
52,1,13,0.165371469445437,-0.5261819482354815,0.5363556146621704
52,1,14,-0.015033769949585184,-0.43597932853797033,0.5667973160743713
52,1,15,0.330742938890874,-0.736654727529674,0.633258581161499
52,1,16,0.3081922839664963,-0.7592053824540518,0.5856838226318359
52,1,17,0.43597932853797033,-0.7667222674288444,0.6311518549919128
52,1,18,0.40591178863879995,-0.8118235772775999,0.5839700102806091
52,1,19,0.42846244356317775,-0.8494080021515629,0.6300987005233765
52,1,20,0.39839490366400737,-0.8869924270255258,0.5801296830177307
52,1,21,0.368327363764837,-0.8343742322019777,0.619817316532135
52,1,22,0.3608104787900444,-0.8869924270255258,0.567172110080719
52,1,23,0.052618194823548146,0.0,0.9958299994468688
52,1,24,-0.052618194823548146,0.0,0.9939411878585817
52,1,25,0.11275327462188887,0.661485877781748,0.6096540093421936
52,1,26,-0.022550654924377776,0.7667222674288444,0.5959487557411194
52,1,27,-0.10523638964709629,1.2553197907903628,0.660704493522644
52,1,28,-0.13530392954626666,1.4282081452105926,0.6339424252510071
52,1,29,-0.21047277929419259,1.3906237203366296,0.6922636032104492
52,1,30,-0.23302343421857036,1.5559951897820665,0.6421101689338684
52,1,31,0.06765196477313333,1.4131743752610073,0.7329791188240051
52,1,32,0.10523638964709629,1.5710289597316518,0.6940559148788452
52,2,0,-0.28585104565145797,-1.2827565673609176,0.9984793663024902
52,2,1,-0.2644122172275986,-1.3613656049150686,0.9983980655670166
52,2,2,-0.2572659410863122,-1.368511881056355,0.9981722831726074
52,2,3,-0.2501196649450257,-1.368511881056355,0.9983908534049988
52,2,4,-0.27870476951017153,-1.3613656049150686,0.9982758164405824
52,2,5,-0.27870476951017153,-1.368511881056355,0.9979282021522522
52,2,6,-0.27870476951017153,-1.368511881056355,0.9982669949531556
52,2,7,-0.17151062739087478,-1.3613656049150686,0.9969026446342468
52,2,8,-0.21438828423859346,-1.3470730526324957,0.9980708956718444
52,2,9,-0.2572659410863122,-1.2184400820893395,0.9976966381072998
52,2,10,-0.27870476951017153,-1.2184400820893395,0.9978761672973632
52,2,11,-0.007146276141286449,-1.0254906262746055,0.999139130115509
52,2,12,-0.15007179896701542,-0.9683204171443138,0.998905062675476
52,2,13,-0.07146276141286449,-0.5395438486671269,0.5815143585205078
52,2,14,-0.17865690353216124,-0.4752273633955489,0.5250422358512878
52,2,15,-0.28585104565145797,-0.7610784090470069,0.6673711538314819
52,2,16,-0.4573616730423327,-0.6681768192102829,0.5591119527816772
52,2,17,-0.042877656847718694,-0.7896635136121526,0.6637393832206726
52,2,18,-0.5574095390203431,-0.6824693714928559,0.5585642457008362
52,2,19,-0.16436435124958831,-0.8539799988837307,0.6625515222549438
52,2,20,-0.5502632628790566,-0.732493304481861,0.5555019974708557
52,2,21,-0.12148669440186963,-0.8396874466011578,0.6514618992805481
52,2,22,-0.5145318821726244,-0.732493304481861,0.5438326001167297
52,2,23,0.05717020913029159,-0.0035731380706432244,0.9959576725959778
52,2,24,-0.05717020913029159,0.0035731380706432244,0.9937820434570312
52,2,25,-0.05717020913029159,0.6467379907864237,0.6415666341781616
52,2,26,-0.05717020913029159,0.7253470283405746,0.580154299736023
52,2,27,0.07860903755415094,1.3828044333389278,0.6878868937492371
52,2,28,0.05717020913029159,1.3113416719260633,0.6208499073982239
52,2,29,0.14292552282572898,1.525729956164657,0.7163399457931519
52,2,30,0.12148669440186963,1.4399746424692195,0.6367894411087036
52,2,31,-0.17865690353216124,1.5543150607298026,0.7528321146965027
52,2,32,-0.10719414211929673,1.4828522993169382,0.6858934164047241
53,1,0,0.3096846378946279,-1.3316439429469,0.9983579516410828
53,1,1,0.2787161741051651,-1.4168072183679226,0.9983356595039368
53,1,2,0.2709740581577994,-1.4168072183679226,0.99811589717865
53,1,3,0.2709740581577994,-1.4245493343152884,0.9983288049697876
53,1,4,0.2632319422104337,-1.4168072183679226,0.9981766939163208
53,1,5,0.24000559436833663,-1.4168072183679226,0.9978212714195251
53,1,6,0.2245213624736052,-1.4168072183679226,0.9981541633605956
53,1,7,0.23226347842097092,-1.4013229864731913,0.996846616268158
53,1,8,0.19355289868414244,-1.3935808705258255,0.998043179512024
53,1,9,0.2864582900525308,-1.2697070153679744,0.9977033138275146
53,1,10,0.2632319422104337,-1.2697070153679744,0.9979408979415894
53,1,11,0.11613173921048546,-1.021959305052272,0.9989727735519408
53,1,12,-0.015484231894731394,-0.9755066093680779,0.9989625811576844
53,1,13,0.21677924652623953,-0.5187217684735017,0.5373349785804749
53,1,14,0.07742115947365698,-0.41033214521038197,0.5679997205734253
53,1,15,0.332910985736725,-0.7742115947365698,0.6427446007728577
53,1,16,0.2942004059998965,-0.8206642904207639,0.6000013947486877
53,1,17,0.4490427249472104,-0.8671169861049581,0.6424604058265686
53,1,18,0.37936368142091914,-0.8980854498944209,0.5975193977355957
53,1,19,0.41807426115774765,-0.9600223774733465,0.6404967904090881
53,1,20,0.34839521763145637,-0.9832487253154436,0.5941341519355774
53,1,21,0.37162156547355346,-0.9290539136838837,0.6291934251785278
53,1,22,0.3174267538419936,-0.9677644934207121,0.5806819796562195
53,1,23,0.06967904352629127,-0.007742115947365697,0.995621621608734
53,1,24,-0.06967904352629127,0.007742115947365697,0.993325650691986
53,1,25,0.3638794495261878,0.5651744641576959,0.6218829154968262
53,1,26,0.02322634784209709,0.7277588990523756,0.6009930372238159
53,1,27,0.015484231894731394,1.2309964356311458,0.6673521399497986
53,1,28,-0.08516327542102267,1.4245493343152884,0.6371719837188721
53,1,29,-0.15484231894731396,1.2929333632100715,0.6947803497314453
53,1,30,-0.20129501463150812,1.5561653054205051,0.6478656530380249
53,1,31,0.17806866678941105,1.4942283778415797,0.7440298795700073
53,1,32,0.17032655084204534,1.6181022329994308,0.7014981508255005
53,2,0,-0.30026955048277054,-1.31130373312096,0.9980300068855286
53,2,1,-0.28506602893933913,-1.394923101609833,0.9981476068496704
53,2,2,-0.27746426816762343,-1.394923101609833,0.9979040622711182
53,2,3,-0.262260746624192,-1.4025248623815485,0.9981808066368104
53,2,4,-0.30026955048277054,-1.387321340838117,0.9976978302001952
53,2,5,-0.30026955048277054,-1.394923101609833,0.9972299933433532
53,2,6,-0.30026955048277054,-1.394923101609833,0.997715711593628
53,2,7,-0.19384489967875063,-1.3797195800664015,0.9966447949409484
53,2,8,-0.22425194276561347,-1.3721178192946857,0.9974592924118042
53,2,9,-0.27746426816762343,-1.2504896469472344,0.997422456741333
53,2,10,-0.29266778971105484,-1.2428878861755186,0.9970532655715942
53,2,11,-0.011402641157573565,-1.0148350630240472,0.9990462064743042
53,2,12,-0.17103961736360349,-0.9768262591654688,0.9986186027526855
53,2,13,-0.04941144501615212,-0.4827118090039476,0.5827305912971497
53,2,14,-0.1862431389070349,-0.44470300514536903,0.5164938569068909
53,2,15,-0.3458801151130648,-0.6879593498402718,0.6758652925491333
53,2,16,-0.4142959620585062,-0.6879593498402718,0.5480617880821228
53,2,17,-0.1786413781353192,-0.7335699144705661,0.6736026406288147
53,2,18,-0.497915330547379,-0.7031628713837033,0.5479575991630554
53,2,19,-0.10262377041816209,-0.7943840006442917,0.6717349290847778
53,2,20,-0.5511276559493891,-0.7487734360139975,0.545005738735199
53,2,21,-0.1862431389070349,-0.786782239872576,0.6593980193138123
53,2,22,-0.4751100482322319,-0.7487734360139975,0.5334945321083069
53,2,23,0.07981848810301496,-0.003800880385857855,0.9953837394714355
53,2,24,-0.07981848810301496,0.003800880385857855,0.9923880696296692
53,2,25,-0.15583609582017208,0.7183663929271347,0.6500518321990967
53,2,26,-0.2698625073959077,0.6651540675251246,0.5736186504364014
53,2,27,-0.16343785659188778,1.4557371877835585,0.6909049153327942
53,2,28,-0.3838889189716434,1.36451605852297,0.6110166311264038
53,2,29,-0.07981848810301496,1.5697635993592942,0.7186769247055054
53,2,30,-0.37628715819992764,1.524153034729,0.6339931488037109
53,2,31,-0.21665018199389774,1.6609847286198827,0.7595688700675964
53,2,32,-0.2698625073959077,1.6077724032178728,0.6751800775527954
54,1,0,0.35666135153305056,-1.3577449177678629,0.9982185363769532
54,1,1,0.31613165249520386,-1.4306983760359868,0.9983259439468384
54,1,2,0.30802571268763457,-1.4388043158435562,0.9981064796447754
54,1,3,0.2999197728800652,-1.4388043158435562,0.9983572363853456
54,1,4,0.2999197728800652,-1.4306983760359868,0.9979187846183776
54,1,5,0.2918138330724959,-1.4388043158435562,0.997495412826538
54,1,6,0.2756019534573572,-1.4388043158435562,0.997933268547058
54,1,7,0.2918138330724959,-1.4144864964208481,0.9969711303710938
54,1,8,0.23507225441951057,-1.4063805566132788,0.9977036118507384
54,1,9,0.3242375923027732,-1.284791459499739,0.9976677894592284
54,1,10,0.30802571268763457,-1.284791459499739,0.9973359107971193
54,1,11,0.1621187961513866,-1.017295445849951,0.9991235733032228
54,1,12,-0.00810593980756933,-0.9767657468121044,0.9987441301345824
54,1,13,0.21886037480437193,-0.4660915389352365,0.5549994707107544
54,1,14,0.12158909711353996,-0.3850321408595432,0.5617749094963074
54,1,15,0.43772074960874385,-0.6930578535471777,0.6749847531318665
54,1,16,0.35666135153305056,-0.7984350710455791,0.5907411575317383
54,1,17,0.5593098467222838,-0.7416934923925937,0.6696557998657227
54,1,18,0.43772074960874385,-0.8632825895061337,0.5888007283210754
54,1,19,0.5268860874920065,-0.7984350710455791,0.6672158241271973
54,1,20,0.3809791709557585,-0.9362360477742576,0.585679829120636
54,1,21,0.4782504486465905,-0.7984350710455791,0.6534959077835083
54,1,22,0.35666135153305056,-0.9119182283515497,0.5731270909309387
54,1,23,0.09727127769083196,-0.012158909711353996,0.9957876205444336
54,1,24,-0.09727127769083196,0.012158909711353996,0.9929976463317872
54,1,25,0.5349920272995758,0.5957865758563458,0.6569344997406006
54,1,26,0.1864366155740946,0.7822231914304404,0.6058522462844849
54,1,27,0.2107544349968026,1.3172152187300161,0.6962350010871887
54,1,28,-0.0810593980756933,1.4631221352662642,0.6371891498565674
54,1,29,0.0810593980756933,1.4144864964208481,0.7167866826057434
54,1,30,-0.23507225441951057,1.6252409314176508,0.6489580869674683
54,1,31,0.4539326292238825,1.5441815333419575,0.7670833468437195
54,1,32,0.1378009767286786,1.7225122091084828,0.6983258128166199
54,2,0,-0.059976493820730746,-1.347471894505751,0.9978641271591188
54,2,1,-0.08396709134902305,-1.4354374187761558,0.9980577230453492
54,2,2,-0.07597022550625895,-1.4354374187761558,0.997783660888672
54,2,3,-0.07597022550625895,-1.4354374187761558,0.998116672039032
54,2,4,-0.09196395719178715,-1.4274405529333918,0.9973514080047609
54,2,5,-0.09196395719178715,-1.4354374187761558,0.9967378973960876
54,2,6,-0.09996082303455124,-1.4354374187761558,0.9973766803741456
54,2,7,-0.00399843292138205,-1.4194436870906277,0.9966254830360411
54,2,8,-0.059976493820730746,-1.4034499554050994,0.9968423843383788
54,2,9,-0.06797335966349485,-1.283496967763638,0.997373342514038
54,2,10,-0.06797335966349485,-1.283496967763638,0.9964576959609984
54,2,11,0.051979627977966646,-1.0116035291096586,0.999161660671234
54,2,12,-0.10795768887731534,-0.9876129315813663,0.9984065890312196
54,2,13,0.059976493820730746,-0.41183859090235114,0.5981877446174622
54,2,14,-0.11595455472007944,-0.45182292011617164,0.5115757584571838
54,2,15,-0.01199529876414615,-0.6117602369714537,0.7036933898925781
54,2,16,-0.13994515224837176,-0.7157194929273869,0.5411704778671265
54,2,17,-0.14794201809113586,-0.6277539686569819,0.6961739659309387
54,2,18,-0.059976493820730746,-0.7237163587701511,0.5412700772285461
54,2,19,-0.12395142056284354,-0.6997257612418587,0.6939833760261536
54,2,20,-0.17992948146219226,-0.7716975538267357,0.5382902026176453
54,2,21,-0.04398276213520255,-0.7077226270846229,0.6792589426040649
54,2,22,-0.14794201809113586,-0.7637006879839715,0.5275884866714478
54,2,23,0.01199529876414615,-0.01199529876414615,0.9952791333198548
54,2,24,-0.01199529876414615,0.01199529876414615,0.99210125207901
54,2,25,0.07597022550625895,0.7557038221412075,0.6759629249572754
54,2,26,-0.09996082303455124,0.7716975538267357,0.5746739506721497
54,2,27,0.09996082303455124,1.4514311504616841,0.7141920328140259
54,2,28,-0.01199529876414615,1.4274405529333918,0.6136999726295471
54,2,29,0.13194828640560766,1.603371601474202,0.7373235821723938
54,2,30,0.01199529876414615,1.6113684673169661,0.6393107175827026
54,2,31,0.00399843292138205,1.6593496623735506,0.777696430683136
54,2,32,-0.10795768887731534,1.6433559306880225,0.6764397621154785
55,1,0,0.36047179385229317,-1.3755935121719693,0.9980680346488952
55,1,1,0.3273249622336915,-1.4501738833138231,0.9982411861419678
55,1,2,0.3273249622336915,-1.4501738833138231,0.9979934692382812
55,1,3,0.3190382543290411,-1.4584605912184736,0.9982934594154358
55,1,4,0.3107515464243907,-1.4501738833138231,0.9976022839546204
55,1,5,0.29417813061508985,-1.4501738833138231,0.997045397758484
55,1,6,0.27760471480578897,-1.4584605912184736,0.997619330883026
55,1,7,0.27760471480578897,-1.4336004675045222,0.9969425201416016
55,1,8,0.21131105156858565,-1.425313759599872,0.9971431493759156
55,1,9,0.3356116701383419,-1.3010131410301156,0.9976195693016052
55,1,10,0.3190382543290411,-1.3010131410301156,0.996800184249878
55,1,11,0.1367306804267319,-1.010978364367351,0.9992302656173706
55,1,12,-0.02900347766627646,-0.9861182406533997,0.99855637550354
55,1,13,0.19473763575928482,-0.4723423505650738,0.5679125785827637
55,1,14,0.053863601380227714,-0.38947527151856964,0.5589534640312195
55,1,15,0.5179192440406511,-0.7043701718952855,0.706393837928772
55,1,16,0.4599122887080982,-0.754090419323188,0.5859014987945557
55,1,17,0.6919401100383099,-0.6629366323720334,0.6990507245063782
55,1,18,0.6090730309918057,-0.7623771272278385,0.5851185321807861
55,1,19,0.6836534021336594,-0.712656879799936,0.6974911689758301
55,1,20,0.5924996151825048,-0.8369574983696921,0.582288384437561
55,1,21,0.6090730309918057,-0.754090419323188,0.6829288601875305
55,1,22,0.5262059519453015,-0.8535309141789931,0.5713669061660767
55,1,23,0.07872372509417896,-0.024860123713951254,0.9955810904502868
55,1,24,-0.07872372509417896,0.024860123713951254,0.9924991130828856
55,1,25,0.5096325361360007,0.696083463990635,0.6604502201080322
55,1,26,0.1450173883313823,0.8369574983696921,0.603603720664978
55,1,27,0.5013458282313503,1.408740343790571,0.7007457613945007
55,1,28,-0.09529714090347981,1.549614378169628,0.6294206976890564
55,1,29,0.49305912032669985,1.5827612097882298,0.7176601886749268
55,1,30,-0.21959775947323606,1.6987751204533357,0.6418099403381348
55,1,31,0.832814144417367,1.649054873025433,0.7673039436340332
55,1,32,0.19473763575928482,1.7567820757858885,0.6864728331565857
55,2,0,-0.12493501429246244,-1.3662248337143474,0.9982033967971802
55,2,1,-0.0926937202815044,-1.4468280687417425,0.998362958431244
55,2,2,-0.07657307327602537,-1.4468280687417425,0.998138189315796
55,2,3,-0.06851274977328585,-1.4468280687417425,0.998416543006897
55,2,4,-0.10075404378424391,-1.4468280687417425,0.9977579712867736
55,2,5,-0.10075404378424391,-1.4468280687417425,0.9972456097602844
55,2,6,-0.10075404378424391,-1.4468280687417425,0.99777752161026
55,2,7,0.004030161751369756,-1.4307074217362634,0.9971997141838074
55,2,8,-0.036271455762327806,-1.4145867747307845,0.9973384737968444
55,2,9,-0.08463339677876489,-1.2936819221896918,0.997814416885376
55,2,10,-0.10075404378424391,-1.2936819221896918,0.9970152974128724
55,2,11,-0.004030161751369756,-1.0035102760910692,0.999297857284546
55,2,12,-0.060452426270546346,-0.9954499525883298,0.9985414147377014
55,2,13,0.10075404378424391,-0.4151066603910849,0.6095318794250488
55,2,14,-0.05239210276780683,-0.4231669838938244,0.5076773762702942
55,2,15,-0.06851274977328585,-0.6488560419705307,0.7323997616767883
55,2,16,-0.14105566129794148,-0.7052783064897074,0.5346294641494751
55,2,17,-0.17329695530889952,-0.6246750714623123,0.7235851287841797
55,2,18,-0.24583986683355513,-0.6649766889760098,0.535798192024231
55,2,19,-0.14105566129794148,-0.6972179829869678,0.7218638062477112
55,2,20,-0.2619605138390342,-0.7133386299924469,0.5331122279167175
55,2,21,-0.08463339677876489,-0.7213989534951863,0.7058628797531128
55,2,22,-0.20553824931985756,-0.7697608945116234,0.5240761041641235
55,2,23,0.07657307327602537,-0.004030161751369756,0.9958403706550598
55,2,24,-0.07657307327602537,0.004030161751369756,0.9927237629890442
55,2,25,-0.02015080875684878,0.7536402475061444,0.6824496984481812
55,2,26,-0.04433177926506732,0.7697608945116234,0.5771149396896362
55,2,27,-0.07657307327602537,1.471009039249961,0.7204794883728027
55,2,28,-0.012090485254109268,1.48712968625544,0.6124005913734436
55,2,29,0.04433177926506732,1.6563964798129698,0.7344253063201904
55,2,30,-0.32644310186095027,1.6563964798129698,0.6329872012138367
55,2,31,-0.3506240723691688,1.7047584208294069,0.779275119304657
55,2,32,0.02015080875684878,1.6322155093047512,0.6728284955024719
56,1,0,0.3578088073051354,-1.3813084188988949,0.9983741641044616
56,1,1,0.3162031320370964,-1.4645197694349728,0.9985178112983704
56,1,2,0.3078819969834886,-1.4645197694349728,0.9983143210411072
56,1,3,0.2995608619298808,-1.4728409044885806,0.9985653162002563
56,1,4,0.2995608619298808,-1.4645197694349728,0.9979708790779114
56,1,5,0.291239726876273,-1.4645197694349728,0.9975064992904664
56,1,6,0.26627632171544957,-1.4645197694349728,0.997985303401947
56,1,7,0.2413129165546262,-1.4395563642741493,0.9974616765975952
56,1,8,0.1997072412865872,-1.4312352292205417,0.9975950121879578
56,1,9,0.3245242670907042,-1.3147393384700323,0.9980202317237854
56,1,10,0.3078819969834886,-1.3147393384700323,0.9973046779632568
56,1,11,0.1164958907505092,-1.0068573414865438,0.9993553161621094
56,1,12,-0.008321135053607799,-0.9902150713793282,0.998681664466858
56,1,13,0.166422701072156,-0.4826258331092524,0.5661888122558594
56,1,14,0.06656908042886239,-0.3910933475195666,0.5556289553642273
56,1,15,0.4909469681628602,-0.6906542094494474,0.7089846730232239
56,1,16,0.4826258331092524,-0.748902154824702,0.5798221230506897
56,1,17,0.665690804288624,-0.6407273991278006,0.704971194267273
56,1,18,0.6157639939669772,-0.7572232898783098,0.5798883438110352
56,1,19,0.665690804288624,-0.707296479556663,0.7048064470291138
56,1,20,0.5991217238597616,-0.83211350536078,0.5773455500602722
56,1,21,0.5908005888061538,-0.748902154824702,0.6899435520172119
56,1,22,0.540873778484507,-0.8487557754679956,0.5678290128707886
56,1,23,0.0748902154824702,-0.0249634051608234,0.9961588978767396
56,1,24,-0.0748902154824702,0.0249634051608234,0.9932488799095154
56,1,25,0.4410201578412134,0.7239387496638786,0.6676867008209229
56,1,26,0.1747438361257638,0.8237923703071722,0.6118215918540955
56,1,27,0.3411665371979198,1.4728409044885806,0.7185652256011963
56,1,28,-0.1081747556969014,1.5726945251318742,0.6408401727676392
56,1,29,0.4410201578412134,1.6392636055607366,0.7267573475837708
56,1,30,-0.249634051608234,1.7224749560968147,0.6507895588874817
56,1,31,0.8570769105216034,1.6725481457751679,0.7796167731285095
56,1,32,0.19138610623297939,1.7307960911504223,0.6954535245895386
56,2,0,-0.23133839291121777,-1.3441558346737998,0.998425543308258
56,2,1,-0.19942964906139463,-1.4239276942983576,0.9985783100128174
56,2,2,-0.19145246309893885,-1.4319048802608134,0.9983901977539062
56,2,3,-0.1754980911740273,-1.4319048802608134,0.998631477355957
56,2,4,-0.2153840209863062,-1.4239276942983576,0.9980370998382568
56,2,5,-0.2153840209863062,-1.4239276942983576,0.997599720954895
56,2,6,-0.20740683502385043,-1.4239276942983576,0.998062789440155
56,2,7,-0.111680603474381,-1.3999961364109903,0.9976423978805542
56,2,8,-0.14358934732420414,-1.3999961364109903,0.9977002739906312
56,2,9,-0.19942964906139463,-1.2803383469741536,0.9981509447097778
56,2,10,-0.2153840209863062,-1.2803383469741536,0.9974181652069092
56,2,11,-0.09572623154946942,-0.9851824663632895,0.9994074702262878
56,2,12,-0.24729276483612936,-0.9851824663632895,0.998635470867157
56,2,13,0.0,-0.39487070514156136,0.6077517867088318
56,2,14,-0.13561216136174836,-0.4028478911040172,0.5027434825897217
56,2,15,-0.23133839291121777,-0.6262090980527791,0.7331330180168152
56,2,16,-0.15156653328665992,-0.594300354202956,0.5254572033882141
56,2,17,-0.35897336831051035,-0.5863231682405002,0.7272827625274658
56,2,18,-0.29515588061086406,-0.4905969366910308,0.5272108912467957
56,2,19,-0.3190874384982314,-0.6740722138275139,0.7268373370170593
56,2,20,-0.3430189963855988,-0.594300354202956,0.524928092956543
56,2,21,-0.2712243227234967,-0.6980037717148813,0.7097100019454956
56,2,22,-0.2712243227234967,-0.6341862840152349,0.5169571042060852
56,2,23,0.039885929812278925,-0.019942964906139463,0.9963703751564026
56,2,24,-0.039885929812278925,0.019942964906139463,0.9933096766471864
56,2,25,-0.14358934732420414,0.7458668874896159,0.6930933594703674
56,2,26,-0.14358934732420414,0.7538440734520717,0.5795323252677917
56,2,27,-0.111680603474381,1.487745181998004,0.7396145462989807
56,2,28,-0.06381748769964629,1.487745181998004,0.6188516020774841
56,2,29,-0.007977185962455786,1.6153801573972966,0.7447593212127686
56,2,30,0.0,1.6313345293222081,0.6371492147445679
56,2,31,-0.39885929812278925,1.6313345293222081,0.7932913899421692
56,2,32,-0.08774904558701364,1.6472889012471197,0.6769459247589111
57,1,0,0.2822557699123422,-1.3628921461481665,0.998578667640686
57,1,1,0.24193351706772187,-1.443536651837407,0.9987160563468932
57,1,2,0.2338690664987978,-1.443536651837407,0.9985464215278624
57,1,3,0.2338690664987978,-1.4516011024063311,0.998763382434845
57,1,4,0.2338690664987978,-1.443536651837407,0.9982288479804992
57,1,5,0.21774016536094967,-1.443536651837407,0.997834861278534
57,1,6,0.20161126422310155,-1.443536651837407,0.998251736164093
57,1,7,0.17741791251632938,-1.427407750699559,0.9978689551353456
57,1,8,0.13709565967170906,-1.419343300130635,0.9979280829429626
57,1,9,0.24193351706772187,-1.298376541596774,0.9983310103416444
57,1,10,0.22580461592987375,-1.298376541596774,0.9976735711097716
57,1,11,0.07258005512031657,-0.9999918705465837,0.9994574189186096
57,1,12,-0.08064450568924063,-0.9999918705465837,0.9987705945968628
57,1,13,0.12096675853386094,-0.4677381329975956,0.5630118250846863
57,1,14,-0.016128901137848123,-0.37902917673943093,0.5519188046455383
57,1,15,0.3225780227569625,-0.6370915949450009,0.6911632418632507
57,1,16,0.37902917673943093,-0.653220496082849,0.5718167424201965
57,1,17,0.47580258356651967,-0.6048337926693047,0.6877533793449402
57,1,18,0.5161248364111399,-0.6612849466517731,0.5721273422241211
57,1,19,0.4677381329975956,-0.6854782983585453,0.6883935332298279
57,1,20,0.5161248364111399,-0.7419294523410137,0.5698662400245667
57,1,21,0.387093627308355,-0.7096716500653175,0.6733506917953491
57,1,22,0.4677381329975956,-0.7499939029099378,0.5612853765487671
57,1,23,0.08064450568924063,-0.016128901137848123,0.9966893792152404
57,1,24,-0.08064450568924063,0.016128901137848123,0.993896782398224
57,1,25,0.3467713744637347,0.7419294523410137,0.6734439134597778
57,1,26,0.13709565967170906,0.7580583534788619,0.6121528148651123
57,1,27,0.4274158801529753,1.5080522563887997,0.7378937005996704
57,1,28,-0.14516011024063313,1.5080522563887997,0.6473047733306885
57,1,29,0.37096472617050685,1.6532123666294327,0.7407035827636719
57,1,30,-0.25806241820556997,1.6532123666294327,0.6575403809547424
57,1,31,0.782251705185634,1.6451479160605087,0.795944333076477
57,1,32,0.12903120910278498,1.677405718336205,0.7006914019584656
57,2,0,-0.27648782847660813,-1.320997402721572,0.9985268712043762
57,2,1,-0.2457669586458739,-1.3977995772984078,0.998666524887085
57,2,2,-0.23808674118819034,-1.3977995772984078,0.9984982013702391
57,2,3,-0.23040652373050677,-1.3977995772984078,0.9987177848815918
57,2,4,-0.25344717610355744,-1.3977995772984078,0.998189389705658
57,2,5,-0.25344717610355744,-1.3977995772984078,0.99781596660614
57,2,6,-0.2457669586458739,-1.3977995772984078,0.9982473850250244
57,2,7,-0.1459241316959876,-1.3747589249253571,0.997907817363739
57,2,8,-0.1689647840690383,-1.3670787074676736,0.9978860020637512
57,2,9,-0.23808674118819034,-1.2518754456024201,0.9983025789260864
57,2,10,-0.25344717610355744,-1.2518754456024201,0.9975969791412354
57,2,11,-0.030720869830734236,-0.9907480520411791,0.9994844198226928
57,2,12,-0.2918482633919752,-0.9830678345834956,0.9986923933029176
57,2,13,-0.02304065237305068,-0.45313283000333,0.6028339266777039
57,2,14,-0.13824391423830407,-0.40705152525722865,0.4990849792957306
57,2,15,-0.2841680459342917,-0.5760163093262669,0.7091638445854187
57,2,16,-0.007680217457683559,-0.2841680459342917,0.5171990394592285
57,2,17,-0.34560978559576017,-0.5376152220378492,0.7026548981666565
57,2,18,-0.1459241316959876,-0.330249350680393,0.5186135768890381
57,2,19,-0.36097022051112726,-0.6067371791570012,0.7027193903923035
57,2,20,-0.1305636967806205,-0.39937130779954505,0.5166270136833191
57,2,21,-0.34560978559576017,-0.6297778315300518,0.6845617890357971
57,2,22,-0.13824391423830407,-0.4147317427149122,0.5093246102333069
57,2,23,-0.0384010872884178,0.0,0.9966444969177246
57,2,24,0.0384010872884178,0.0,0.9936259388923644
57,2,25,-0.0768021745768356,0.7680217457683559,0.6863799691200256
57,2,26,-0.0384010872884178,0.7065800061068874,0.5670251250267029
57,2,27,-0.06912195711915203,1.551403926452079,0.7457745671272278
57,2,28,-0.2841680459342917,1.4899621867906105,0.6090610027313232
57,2,29,-0.02304065237305068,1.689647840690383,0.7485209107398987
57,2,30,-0.17664500152672186,1.6282061010289146,0.6325588822364807
57,2,31,-0.3763306554264944,1.70500827560575,0.7961893081665039
57,2,32,-0.06912195711915203,1.6666071883173323,0.6647530198097229
58,1,0,0.2701415258780229,-1.36683548168134,0.9986650347709656
58,1,1,0.2298218951499598,-1.4394108169918536,0.9987911581993104
58,1,2,0.22175796900434716,-1.4474747431374662,0.9986392259597778
58,1,3,0.21369404285873456,-1.4474747431374662,0.9988370537757874
58,1,4,0.22175796900434716,-1.4394108169918536,0.9983601570129396
58,1,5,0.20563011671312192,-1.4474747431374662,0.9980224967002868
58,1,6,0.1895022644218967,-1.4474747431374662,0.9984118342399596
58,1,7,0.1330547814026083,-1.4232829647006282,0.9981001615524292
58,1,8,0.10886300296577044,-1.4232829647006282,0.9980908632278442
58,1,9,0.2298218951499598,-1.2942601463708263,0.9984599947929382
58,1,10,0.22175796900434716,-1.302324072516439,0.9978293180465698
58,1,11,0.07660729838331994,-1.0039588051287718,0.9995172023773192
58,1,12,-0.05241551994648206,-0.9958948789831591,0.998820185661316
58,1,13,0.07660729838331994,-0.46367575337272593,0.5505419373512268
58,1,14,-0.020159815364031563,-0.39916434420782493,0.5480488538742065
58,1,15,0.24594974744118506,-0.4717396795183385,0.6586124300956726
58,1,16,0.3911004180622123,-0.5523789409744648,0.5626147985458374
58,1,17,0.3669086396253744,-0.46367575337272593,0.6575426459312439
58,1,18,0.5120593102464016,-0.5846346455569152,0.5617738962173462
58,1,19,0.40722827035343756,-0.5604428671200774,0.6591062545776367
58,1,20,0.5201232363920143,-0.6572099808674289,0.5596529245376587
58,1,21,0.34271686118853656,-0.56850679326569,0.6431922316551208
58,1,22,0.46367575337272593,-0.6572099808674289,0.5508925914764404
58,1,23,0.05241551994648206,-0.012095889218418936,0.9968665838241576
58,1,24,-0.05241551994648206,0.012095889218418936,0.9941345453262328
58,1,25,0.3023972304604734,0.762041020760393,0.6670118570327759
58,1,26,0.1007990768201578,0.7862327991972309,0.6028434634208679
58,1,27,0.38303649191659966,1.536177930739205,0.7435175776481628
58,1,28,-0.1572465598394462,1.5926254137584934,0.6391997337341309
58,1,29,0.2620775997324103,1.7216482320882953,0.7387942671775818
58,1,30,-0.24594974744118506,1.7377760843795207,0.6512382626533508
58,1,31,0.7459131684691678,1.7055203797970702,0.7969347834587097
58,1,32,0.14918263369383356,1.7780957151075838,0.6890995502471924
58,2,0,-0.28012423164446665,-1.3097700560673713,0.9986775517463684
58,2,1,-0.24984053092614594,-1.3779083826835927,0.9987952709197998
58,2,2,-0.2346986805669856,-1.3779083826835927,0.998649835586548
58,2,3,-0.2271277553874054,-1.3779083826835927,0.9988511204719543
58,2,4,-0.25741145610572613,-1.3779083826835927,0.9983829259872437
58,2,5,-0.24984053092614594,-1.3779083826835927,0.9980600476264954
58,2,6,-0.24984053092614594,-1.385479307863173,0.9984466433525084
58,2,7,-0.16656035395076396,-1.3627665323244325,0.9981895089149476
58,2,8,-0.1892731294895045,-1.3627665323244325,0.9981081485748292
58,2,9,-0.24226960574656578,-1.2416317294511496,0.9985048174858092
58,2,10,-0.24984053092614594,-1.2416317294511496,0.9978291392326356
58,2,11,-0.1589894287711838,-0.9842202733454234,0.999555230140686
58,2,12,-0.2346986805669856,-0.9766493481658433,0.998759627342224
58,2,13,-0.08328017697538198,-0.4693973611339712,0.5935992002487183
58,2,14,-0.18170220430992431,-0.4391136604156505,0.4967302978038788
58,2,15,-0.2649823812853063,-0.5148229122114523,0.687293291091919
58,2,16,-0.21198590502824505,-0.5526775381093532,0.5112886428833008
58,2,17,-0.3558334834402685,-0.4996810618522919,0.6838939189910889
58,2,18,-0.32554978272194773,-0.5753903136480937,0.5123807191848755
58,2,19,-0.3558334834402685,-0.5753903136480937,0.6847546696662903
58,2,20,-0.3406916330811081,-0.6435286402643153,0.5106679797172546
58,2,21,-0.3331207079015279,-0.5905321640072541,0.6664245128631592
58,2,22,-0.28769515682404684,-0.6435286402643153,0.5034281611442566
58,2,23,-0.05299647625706126,0.0,0.9968522787094116
58,2,24,0.05299647625706126,0.0,0.9937058091163636
58,2,25,-0.0757092517958018,0.7873762186763388,0.6903803944587708
58,2,26,-0.030283700718320723,0.7343797424192775,0.5761551260948181
58,2,27,-0.06813832661622163,1.6428907639688992,0.7625688314437866
58,2,28,0.0,1.559610586993517,0.624363124370575
58,2,29,-0.0378546258979009,1.7867383423809227,0.755018413066864
58,2,30,0.12870572805286307,1.7413127913034414,0.6446892619132996
58,2,31,-0.4088299596973297,1.7715964920217622,0.8092883825302124
58,2,32,-0.10599295251412252,1.718600015764701,0.6774536967277527
59,1,0,0.22797082160213292,-1.3558264653179484,0.9987719655036926
59,1,1,0.1799769644227365,-1.4278172510870428,0.9988717436790466
59,1,2,0.17197798822617044,-1.4278172510870428,0.9987338781356812
59,1,3,0.16397901202960438,-1.4278172510870428,0.9989162087440492
59,1,4,0.17197798822617044,-1.4278172510870428,0.9985040426254272
59,1,5,0.1559800358330383,-1.4278172510870428,0.998210906982422
59,1,6,0.13998208343990617,-1.4278172510870428,0.998568058013916
59,1,7,0.09198822626050977,-1.4118192986939109,0.9982607960700988
59,1,8,0.0599923214742455,-1.4038203224973447,0.9982749223709106
59,1,9,0.19597491681586865,-1.2838356795488537,0.9985965490341188
59,1,10,0.1799769644227365,-1.2838356795488537,0.998016357421875
59,1,11,0.06799129767081157,-1.0038715126690414,0.9995144605636596
59,1,12,-0.09998720245707583,-0.9958725364724753,0.9988777041435242
59,1,13,0.0839892500639437,-0.48393805989224703,0.5399778485298157
59,1,14,-0.09198822626050977,-0.4199462503197185,0.5460522770881653
59,1,15,0.2519677501918311,-0.4279452265162846,0.6300796866416931
59,1,16,0.2919626311746614,-0.5479298694647756,0.5574343800544739
59,1,17,0.35595444074718996,-0.4279452265162846,0.6301606297492981
59,1,18,0.4279452265162846,-0.5719267980544738,0.5563520193099976
59,1,19,0.3719523931403221,-0.475939083695681,0.6318930387496948
59,1,20,0.4279452265162846,-0.6359186076270024,0.5544344782829285
59,1,21,0.33995648835405784,-0.5239329408750774,0.6156972050666809
59,1,22,0.38795034553345425,-0.6439175838235683,0.5453380942344666
59,1,23,0.0839892500639437,-0.0119984642948491,0.9969096779823304
59,1,24,-0.0839892500639437,0.0119984642948491,0.9941114783287048
59,1,25,0.2519677501918311,0.7319063219857951,0.6667550206184387
59,1,26,-0.0119984642948491,0.8038971077548898,0.6066935658454895
59,1,27,0.2519677501918311,1.5957957512149303,0.757070004940033
59,1,28,-0.14798105963647223,1.6917834655737232,0.6510128378868103
59,1,29,0.2599667263883972,1.7717732275393838,0.7447342276573181
59,1,30,-0.2599667263883972,1.8357650371119123,0.6572740077972412
59,1,31,0.6359186076270024,1.7717732275393838,0.810253918170929
59,1,32,0.1079861786536419,1.8597619657016105,0.6996093988418579
59,2,0,-0.1837139733246397,-1.3280989321593746,0.99887877702713
59,2,1,-0.16074972665905976,-1.3969916721561144,0.9989665150642396
59,2,2,-0.1530949777705331,-1.3969916721561144,0.9988425374031068
59,2,3,-0.14544022888200644,-1.3969916721561144,0.9990087151527404
59,2,4,-0.16840447554758642,-1.3969916721561144,0.9986353516578674
59,2,5,-0.16840447554758642,-1.3969916721561144,0.9983705878257751
59,2,6,-0.16074972665905976,-1.3969916721561144,0.9986945986747742
59,2,7,-0.07654748888526655,-1.3816821743790613,0.9984171986579896
59,2,8,-0.09951173555084651,-1.3740274254905345,0.998424232006073
59,2,9,-0.1530949777705331,-1.2592061921626347,0.9987173676490784
59,2,10,-0.16840447554758642,-1.2592061921626347,0.998176634311676
59,2,11,0.022964246665579963,-1.0142542277297817,0.9995588064193726
59,2,12,-0.11482123332789983,-0.9836352321756752,0.9988983869552612
59,2,13,0.07654748888526655,-0.5166955499755492,0.585260272026062
59,2,14,-0.038273744442633276,-0.44780280997880934,0.4944003820419311
59,2,15,-0.1530949777705331,-0.44780280997880934,0.6652231216430664
59,2,16,0.10716648443937317,-0.210505594434483,0.5054892301559448
59,2,17,-0.24495196443285297,-0.4784218055329159,0.6641431450843811
59,2,18,0.24495196443285297,-0.14926760332626976,0.5061283111572266
59,2,19,-0.26026146220990626,-0.5396597966411292,0.6654981970787048
59,2,20,0.16840447554758642,-0.16457710110332308,0.5045592784881592
59,2,21,-0.22964246665579965,-0.5702787921952358,0.6491663455963135
59,2,22,0.10716648443937317,-0.1951960966574297,0.496909350156784
59,2,23,0.053583242219686585,-0.0038273744442633277,0.9970355033874512
59,2,24,-0.053583242219686585,0.0038273744442633277,0.9941058158874512
59,2,25,0.053583242219686585,0.7846117610739821,0.6924325823783875
59,2,26,0.053583242219686585,0.7539927655198755,0.5918630361557007
59,2,27,0.022964246665579963,1.6649078832545474,0.7749567627906799
59,2,28,0.1530949777705331,1.6036698921463342,0.6390467882156372
59,2,29,0.08420223777379321,1.8180028610250805,0.7626336812973022
59,2,30,0.221987717767273,1.7797291165824474,0.6498240828514099
59,2,31,-0.2832257088754862,1.7950386143595005,0.8215345144271851
59,2,32,0.007654748888526655,1.7567648699168672,0.6891085505485535
