frame,player_id,landmark_index,x_norm,y_norm,visibility
1,1,0,0.09281119185722231,-1.3067815813496901,0.9989175796508788
1,1,1,0.0482618197657556,-1.3661807441383125,0.9988916516304016
1,1,2,0.0482618197657556,-1.3661807441383125,0.9988369345664978
1,1,3,0.0482618197657556,-1.3661807441383125,0.9990290403366088
1,1,4,0.025987133720022246,-1.3587558487897347,0.9987029433250428
1,1,5,0.011137343022866677,-1.3587558487897347,0.9985142350196838
1,1,6,-0.0037124476742888923,-1.3587558487897347,0.998651385307312
1,1,7,-0.0037124476742888923,-1.343906058092579,0.9985803365707396
1,1,8,-0.07796140116006674,-1.3290562673954236,0.9983797669410706
1,1,9,0.09281119185722231,-1.23995752321249,0.9986409544944764
1,1,10,0.07053650581148896,-1.23995752321249,0.998058557510376
1,1,11,0.03341202906860003,-0.9949359767094231,0.9995470643043518
1,1,12,-0.137360563948689,-1.002360872058001,0.9989413022994996
1,1,13,0.0482618197657556,-0.5271675697490227,0.5482209324836731
1,1,14,-0.4120816918460671,-0.5345924650976005,0.562088131904602
1,1,15,0.24873399417735578,-0.6014165232348005,0.6794299483299255
1,1,16,0.1002360872058001,-0.3341202906860003,0.5850428342819214
1,1,17,0.3081331569659781,-0.6014165232348005,0.6843178272247314
1,1,18,0.18190993604015573,-0.2598713372002225,0.5847788453102112
1,1,19,0.3378327383602892,-0.6608156860234229,0.6853334903717041
1,1,20,0.21160951743446688,-0.31927049998884477,0.5819042921066284
1,1,21,0.2932833662688225,-0.6533907906748451,0.6737127900123596
1,1,22,0.17448504069157794,-0.35639497673173365,0.5744895935058594
1,1,23,0.03341202906860003,-0.007424895348577785,0.9971112608909608
1,1,24,-0.03341202906860003,0.007424895348577785,0.9947985410690308
1,1,25,0.07796140116006674,0.7350646395092006,0.6189554333686829
1,1,26,0.0037124476742888923,0.7870389069492452,0.5917649865150452
1,1,27,-0.10766098255437788,1.4330048022755124,0.7041047811508179
1,1,28,-0.137360563948689,1.5072537557612904,0.6366397142410278
1,1,29,-0.22645930813162243,1.559228023201335,0.7223005890846252
1,1,30,-0.21903441278304464,1.6112022906413792,0.6702168583869934
1,1,31,0.05568671511433339,1.618627185989957,0.7552474141120911
1,1,32,0.08538629650864453,1.655751662732846,0.6934933066368103
1,2,0,-0.05038608300805019,-1.3720517988345975,0.9989784955978394
1,2,1,0.03488267285172705,-1.4263137343817285,0.9989529848098756
1,2,2,0.011627557617242351,-1.4263137343817285,0.9988930821418762
1,2,3,-0.003875852539080784,-1.4263137343817285,0.9990785717964172
1,2,4,-0.003875852539080784,-1.4263137343817285,0.9987777471542358
1,2,5,-0.011627557617242351,-1.4263137343817285,0.9986002445220948
1,2,6,-0.027130967773565485,-1.4263137343817285,0.998737633228302
1,2,7,0.011627557617242351,-1.379803503912759,0.998679518699646
1,2,8,-0.058137788086211756,-1.3953069140690821,0.9984822273254396
1,2,9,-0.027130967773565485,-1.2945347480529816,0.9987392425537108
1,2,10,-0.058137788086211756,-1.3022864531311433,0.998185932636261
1,2,11,0.06588949316437333,-0.9844665449265191,0.999559998512268
1,2,12,-0.08139290332069646,-1.0154733652391654,0.9989221692085266
1,2,13,0.11239972363334273,-0.44184718945520934,0.5922597646713257
1,2,14,-0.42246792675980543,-0.5503710605494713,0.5142440795898438
1,2,15,-0.22867529980576623,-0.45735059961153246,0.7079328298568726
1,2,16,-0.29844064550922034,-0.45735059961153246,0.5417777299880981
1,2,17,-0.36045428613451286,-0.44959889453337093,0.7087788581848145
1,2,18,-0.39921281152532073,-0.43409548437704776,0.5435958504676819
1,2,19,-0.34495087597818974,-0.519364240236825,0.7091789245605469
1,2,20,-0.40696451660348226,-0.49610912500234033,0.5419292449951172
1,2,21,-0.29844064550922034,-0.5271159453149866,0.6968027353286743
1,2,22,-0.41471622168164385,-0.49610912500234033,0.536304235458374
1,2,23,0.027130967773565485,0.0,0.9966354370117188
1,2,24,-0.027130967773565485,0.0,0.9940890669822692
1,2,25,-0.06588949316437333,0.7441636875035105,0.6210870742797852
1,2,26,-0.003875852539080784,0.7519153925816721,0.5449653267860413
1,2,27,-0.11239972363334273,1.4960790800851824,0.6892641186714172
1,2,28,0.09689631347701959,1.4263137343817285,0.5945854187011719
1,2,29,-0.06588949316437333,1.5890995410231212,0.7301236987113953
1,2,30,0.13565483886782742,1.5503410156323134,0.6505539417266846
1,2,31,-0.20542018457128153,1.6356097714920907,0.7382553219795227
1,2,32,0.01937926269540392,1.5038307851633441,0.6578072905540466
2,1,0,0.11808735896493794,-1.3698133639932801,0.9990800619125366
2,1,1,0.10234237776961289,-1.4327932887745805,0.9990570545196532
2,1,2,0.10234237776961289,-1.4327932887745805,0.9990025758743286
2,1,3,0.10234237776961289,-1.4327932887745805,0.9991697072982788
2,1,4,0.055107434183637706,-1.4249207981769179,0.998899519443512
2,1,5,0.039362452988312646,-1.4249207981769179,0.9987396001815796
2,1,6,0.01574498119532506,-1.4249207981769179,0.998863399028778
2,1,7,0.06297992478130024,-1.3934308357862677,0.9988090991973876
2,1,8,-0.02361747179298759,-1.3855583451886053,0.9986337423324584
2,1,9,0.133832340160263,-1.2989609486143174,0.9988631010055542
2,1,10,0.07872490597662529,-1.2910884580166548,0.99836665391922
2,1,11,0.08659739657428783,-0.9840613247078162,0.9995850920677184
2,1,12,-0.12595984956260048,-1.0155512870984664,0.9990274310112
2,1,13,0.09446988717195036,-0.5117118888480644,0.5581079721450806
2,1,14,-0.44085947346910165,-0.5668193230317021,0.5625768899917603
2,1,15,0.3385170956994888,-0.6297992478130023,0.7133126258850098
2,1,16,0.0,-0.4487319640667642,0.5871362686157227
2,1,17,0.39362452988312646,-0.6612892102036525,0.7149795889854431
2,1,18,0.12595984956260048,-0.4172420016761141,0.5880802869796753
2,1,19,0.401497020480789,-0.6927791725943027,0.7155891060829163
2,1,20,0.17319479314857567,-0.4802219264574143,0.5864454507827759
2,1,21,0.36213456749247636,-0.65341671960599,0.7020146250724792
2,1,22,0.133832340160263,-0.5038393982504019,0.5806864500045776
2,1,23,0.04723494358597518,-0.00787249059766253,0.9967768788337708
2,1,24,-0.04723494358597518,0.00787249059766253,0.994468629360199
2,1,25,0.09446988717195036,0.802994040961578,0.5925334692001343
2,1,26,0.039362452988312646,0.8344840033522282,0.5766190886497498
2,1,27,-0.10234237776961289,1.5272631759465307,0.6553853154182434
2,1,28,-0.11808735896493794,1.590243100727831,0.6174272298812866
2,1,29,-0.19681226494156323,1.6453505349114688,0.7037560939788818
2,1,30,-0.24404720852753842,1.6847129878997813,0.6618857979774475
2,1,31,0.12595984956260048,1.6847129878997813,0.7076384425163269
2,1,32,0.07085241537896277,1.7162029502904315,0.6725428700447083
2,2,0,-0.09126337442310697,-1.3927584531526327,0.999115228652954
2,2,1,-0.027775809607032558,-1.4483100723666977,0.9990899562835692
2,2,2,-0.011903918403013953,-1.4483100723666977,0.9990276098251344
2,2,3,0.003967972801004652,-1.4483100723666977,0.9991931915283204
2,2,4,-0.051583646413060465,-1.4562460179687071,0.9989416599273682
2,2,5,-0.051583646413060465,-1.4562460179687071,0.9987876415252686
2,2,6,-0.04364770081105116,-1.4562460179687071,0.9989162683486938
2,2,7,0.027775809607032558,-1.4006943987546419,0.9988744854927064
2,2,8,-0.035711755209041865,-1.4165662899586606,0.9986901879310608
2,2,9,-0.05951959201506977,-1.3133989971325395,0.9989306926727296
2,2,10,-0.08332742882109768,-1.3133989971325395,0.9984452724456788
2,2,11,0.09126337442310697,-0.9880252274501582,0.9995904564857484
2,2,12,-0.06745553761707908,-1.0118330642561861,0.9990003108978271
2,2,13,0.1468149936371721,-0.4404449809115163,0.6007734537124634
2,2,14,-0.21030255845324652,-0.5753560561456744,0.5142267346382141
2,2,15,-0.22617444965726513,-0.46425281771754423,0.737296998500824
2,2,16,-0.32140579688137677,-0.48012470892156284,0.5424159169197083
2,2,17,-0.3690214704934326,-0.4563168721155349,0.7346291542053223
2,2,18,-0.4404449809115163,-0.4563168721155349,0.5454659461975098
2,2,19,-0.353149579289414,-0.5277403825336187,0.734610915184021
2,2,20,-0.4245730897074977,-0.5277403825336187,0.5448559522628784
2,2,21,-0.31346985127936744,-0.5277403825336187,0.7199732661247253
2,2,22,-0.3928293072994605,-0.5277403825336187,0.5406782627105713
2,2,23,0.027775809607032558,0.003967972801004652,0.996350109577179
2,2,24,-0.027775809607032558,-0.003967972801004652,0.9938915967941284
2,2,25,-0.003967972801004652,0.8134344242059536,0.5906739234924316
2,2,26,0.01983986400502326,0.773754696195907,0.532090961933136
2,2,27,-0.08332742882109768,1.5276695283867907,0.6474063992500305
2,2,28,0.1468149936371721,1.4641819635707163,0.5793716907501221
2,2,29,0.011903918403013953,1.638772766814921,0.7140113115310669
2,2,30,0.21823850405525583,1.5673492563968372,0.6442383527755737
2,2,31,-0.18649472164721861,1.6705165492229581,0.6984955668449402
2,2,32,0.035711755209041865,1.559413310794828,0.6415774822235107
3,1,0,0.13723801866020402,-1.3959067040866466,0.9992008805274964
3,1,1,0.12155367367046643,-1.4508019115507285,0.9991782903671264
3,1,2,0.12939584616533523,-1.4508019115507285,0.9991205334663392
3,1,3,0.15292236364994163,-1.4508019115507285,0.9992709159851074
3,1,4,0.10586932868072882,-1.4508019115507285,0.9990454912185668
3,1,5,0.09802715618586003,-1.4508019115507285,0.9989060759544371
3,1,6,0.10586932868072882,-1.4429597390558595,0.9990225434303284
3,1,7,0.09018498369099122,-1.4037488765815156,0.9989790916442872
3,1,8,0.027447603732040807,-1.4037488765815156,0.9988196492195128
3,1,9,0.13723801866020402,-1.3096428066430899,0.9990323781967164
3,1,10,0.11371150117559763,-1.3096428066430899,0.99859881401062
3,1,11,0.07450063870125362,-0.9802715618586002,0.9996085166931152
3,1,12,-0.10586932868072882,-1.0194824243329443,0.9990960359573364
3,1,13,0.10586932868072882,-0.5567942471356849,0.5646108388900757
3,1,14,-0.3097658135473177,-0.5567942471356849,0.562089204788208
3,1,15,0.29408146855758005,-0.792059421981749,0.7436917424201965
3,1,16,0.08234281119612243,-0.5332677296510785,0.5871277451515198
3,1,17,0.3646610210113993,-0.870481146930437,0.741902768611908
3,1,18,0.23134408859862965,-0.5332677296510785,0.5887009501457214
3,1,19,0.3568188485165305,-0.9175341818996499,0.7417197823524475
3,1,20,0.24702843358836726,-0.6038472821048978,0.5877041816711426
3,1,21,0.3254501585370553,-0.8861654919201746,0.725774347782135
3,1,22,0.19997539861915445,-0.6273737995895041,0.5821142196655273
3,1,23,0.04313194872177841,0.0,0.9964680671691896
3,1,24,-0.04313194872177841,0.0,0.9941710829734802
3,1,25,0.13723801866020402,0.7999015944766178,0.5587291717529297
3,1,26,0.13723801866020402,0.7842172494868802,0.5608802437782288
3,1,27,-0.07450063870125362,1.4900127740250724,0.6146324276924133
3,1,28,-0.07450063870125362,1.4743284290353347,0.5968644618988037
3,1,29,-0.16860670863967925,1.6076453614481043,0.6849992871284485
3,1,30,-0.19213322612428566,1.5527501539840227,0.6509087085723877
3,1,31,0.11371150117559763,1.6390140514275795,0.6752241253852844
3,1,32,0.17644888113454804,1.5605923264788917,0.6546858549118042
3,2,0,-0.12444882511507353,-1.3890094674134015,0.999261200428009
3,2,1,-0.10839091219699953,-1.4532411190856975,0.9992454648017884
3,2,2,-0.09233299927892552,-1.4532411190856975,0.9991890788078308
3,2,3,-0.06824612990181451,-1.4532411190856975,0.9993287324905396
3,2,4,-0.13247778157411053,-1.4532411190856975,0.999122440814972
3,2,5,-0.13247778157411053,-1.4532411190856975,0.9989928603172302
3,2,6,-0.12444882511507353,-1.4532411190856975,0.999104380607605
3,2,7,0.012043434688555503,-1.4130963367905125,0.9990676045417786
3,2,8,-0.060217173442777515,-1.4211252932495495,0.9989080429077148
3,2,9,-0.10839091219699953,-1.3006909463639944,0.999109983444214
3,2,10,-0.14050673803314753,-1.3087199028230314,0.9987103939056396
3,2,11,0.10036195573796253,-0.9715037315434772,0.9996033310890198
3,2,12,-0.044159260524703516,-1.0277064267567364,0.9990877509117126
3,2,13,-0.004014478229518502,-0.43356364878799813,0.6074876189231873
3,2,14,-0.2529121284596656,-0.5620269521325901,0.5230169296264648
3,2,15,-0.3091148236729246,-0.6664033861000712,0.7651108503341675
3,2,16,-0.36531751888618363,-0.6423165167229602,0.5560676455497742
3,2,17,-0.42954917055847963,-0.8269825152808112,0.7589797973632812
3,2,18,-0.4054623011813686,-0.6664033861000712,0.5586487650871277
3,2,19,-0.4054623011813686,-0.8590983411169593,0.7584241628646851
3,2,20,-0.3813754318042576,-0.7065481683952562,0.5585787296295166
3,2,21,-0.3572885624271466,-0.8189535588217742,0.7422683238983154
3,2,22,-0.3572885624271466,-0.7065481683952562,0.5543883442878723
3,2,23,0.004014478229518502,0.008028956459037003,0.996260702610016
3,2,24,-0.004014478229518502,-0.008028956459037003,0.9940870404243468
3,2,25,-0.10036195573796253,0.8028956459037002,0.5910301804542542
3,2,26,-0.004014478229518502,0.7868377329856262,0.5295102000236511
3,2,27,-0.004014478229518502,1.5495885965941414,0.6364119648933411
3,2,28,0.11641986865603654,1.4853569449218453,0.578959047794342
3,2,29,0.10839091219699953,1.6619939870206595,0.7040762305259705
3,2,30,0.22079630262351757,1.6057912918074004,0.6435505151748657
3,2,31,-0.2529121284596656,1.7021387693158445,0.6912139058113098
3,2,32,-0.06824612990181451,1.6057912918074004,0.6457371115684509
4,1,0,0.15872515990613084,-1.4007495361716047,0.9993290305137634
4,1,1,0.15872515990613084,-1.464239600134057,0.9993144869804382
4,1,2,0.15872515990613084,-1.464239600134057,0.9992607831954956
4,1,3,0.16666141790143738,-1.464239600134057,0.9993880391120912
4,1,4,0.12698012792490468,-1.464239600134057,0.9992051124572754
4,1,5,0.11904386992959813,-1.4563033421387503,0.9990869760513306
4,1,6,0.10317135393898505,-1.4563033421387503,0.9991888999938964
4,1,7,0.10317135393898505,-1.4245583101575243,0.999143123626709
4,1,8,0.015872515990613085,-1.4166220521622177,0.9990141987800598
4,1,9,0.1745976758967439,-1.3213869562185392,0.9991856217384338
4,1,10,0.14285264391551775,-1.3213869562185392,0.9988344311714172
4,1,11,0.11904386992959813,-0.9801278624203579,0.9996103048324584
4,1,12,-0.10317135393898505,-1.0198091523968906,0.9991740584373474
4,1,13,0.1507889019108243,-0.5436336726784982,0.5731902122497559
4,1,14,-0.18253393389205047,-0.49601612470665885,0.5700768232345581
4,1,15,0.29364154582634205,-0.8134664445189206,0.7614678740501404
4,1,16,0.22221522386858317,-0.6229962526315636,0.599187970161438
4,1,17,0.3491953517934878,-0.9007652824672925,0.7570509910583496
4,1,18,0.37300412577940745,-0.6388687686221767,0.6000189185142517
4,1,19,0.3174503198122617,-0.9721916044250514,0.7557383179664612
4,1,20,0.36506786778410094,-0.7102950905799355,0.5995185375213623
4,1,21,0.3015778038216486,-0.9404465724438252,0.7380425333976746
4,1,22,0.3095140618169551,-0.7182313485752421,0.5939881801605225
4,1,23,0.06349006396245234,0.003968128997653271,0.9963328838348388
4,1,24,-0.06349006396245234,-0.003968128997653271,0.9942906498908995
4,1,25,0.18253393389205047,0.7658488965470813,0.5634235739707947
4,1,26,0.25396025584980936,0.7737851545423878,0.5694027543067932
4,1,27,-0.023808773985919626,1.4880483741199766,0.6129922270774841
4,1,28,-0.05555380596714579,1.464239600134057,0.6042782664299011
4,1,29,-0.11904386992959813,1.6070922440495747,0.6785492897033691
4,1,30,-0.1745976758967439,1.5912197280589617,0.6533323526382446
4,1,31,0.16666141790143738,1.654709792021414,0.6753845810890198
4,1,32,0.1745976758967439,1.5912197280589617,0.6650071144104004
4,2,0,-0.17811429754676528,-1.4046741192892624,0.9992972016334534
4,2,1,-0.14572987981098975,-1.4694429547608134,0.99928617477417
4,2,2,-0.13763377537704588,-1.4694429547608134,0.99922114610672
4,2,3,-0.12144156650915813,-1.4694429547608134,0.999360740184784
4,2,4,-0.16192208867887753,-1.4694429547608134,0.9991750717163086
4,2,5,-0.16192208867887753,-1.4613468503268696,0.9990488290786744
4,2,6,-0.15382598424493366,-1.4613468503268696,0.9991810917854308
4,2,7,-0.048576626603663256,-1.4289624325910941,0.9990659356117249
4,2,8,-0.08096104433943876,-1.4208663281571503,0.9988989233970642
4,2,9,-0.15382598424493366,-1.3237130749498238,0.9990544319152832
4,2,10,-0.17811429754676528,-1.3237130749498238,0.9986571073532104
4,2,11,0.048576626603663256,-0.9836766887241809,0.999506652355194
4,2,12,-0.01619220886788775,-1.0160611064599565,0.9988818168640136
4,2,13,-0.15382598424493366,-0.5141026315554361,0.6137725114822388
4,2,14,-0.1700181931128214,-0.5464870492912116,0.5262695550918579
4,2,15,-0.4290935349990254,-0.7569857645737524,0.7765805721282959
4,2,16,-0.3157480729238112,-0.7974662867434718,0.5598393082618713
4,2,17,-0.518150683772408,-0.8217546000453034,0.7661951780319214
4,2,18,-0.3724208039614183,-0.8784273310829105,0.5605260133743286
4,2,19,-0.4695740571687448,-0.8784273310829105,0.764853835105896
4,2,20,-0.35622859509353055,-0.9108117488186861,0.5600194931030273
4,2,21,-0.4371896394329693,-0.8622351222150227,0.7465581297874451
4,2,22,-0.3481324906595867,-0.8865234355168544,0.5545539855957031
4,2,23,0.0,0.004048052216971938,0.9958933591842652
4,2,24,0.0,-0.004048052216971938,0.9938830137252808
4,2,25,-0.10524935764127039,0.7974662867434718,0.5782192349433899
4,2,26,0.01619220886788775,0.8055623911774157,0.5338603854179382
4,2,27,-0.05667273103760713,1.6070767301378595,0.6306361556053162
4,2,28,0.05667273103760713,1.5261156857984206,0.5785422325134277
4,2,29,-0.01619220886788775,1.7366144010809614,0.6964235901832581
4,2,30,0.129537670943102,1.6475572523075788,0.6343490481376648
4,2,31,-0.32384417735775506,1.7447105055149053,0.6907930374145508
4,2,32,-0.15382598424493366,1.6475572523075788,0.6516152024269104
5,1,0,0.15587534956059915,-1.390887734540731,0.9993623495101928
5,1,1,0.16386895723037345,-1.4628302035686997,0.9993520975112916
5,1,2,0.17186256490014779,-1.4628302035686997,0.9992913603782654
5,1,3,0.1798561725699221,-1.4628302035686997,0.9994181394577026
5,1,4,0.1398881342210505,-1.4548365958989253,0.9992526173591614
5,1,5,0.11590731121172757,-1.4468429882291511,0.9991375803947448
5,1,6,0.09192648820240462,-1.4388493805593767,0.9992576241493224
5,1,7,0.12390091888150188,-1.4228621652198281,0.9991481900215148
5,1,8,0.003996803834887158,-1.398881342210505,0.9990058541297911
5,1,9,0.1798561725699221,-1.318945265512762,0.999140739440918
5,1,10,0.1398881342210505,-1.3109516578429876,0.9987867474555968
5,1,11,0.14788174189082484,-0.9912073510520151,0.9995422959327698
5,1,12,-0.06794566519308168,-1.0071945663915638,0.9989898204803468
5,1,13,0.1878497802396964,-0.5755397522237506,0.6101170778274536
5,1,14,0.027977626844210103,-0.4796164601864589,0.5730587244033813
5,1,15,0.27577946460721386,-0.9032776666844976,0.7857056856155396
5,1,16,0.36370914897473133,-0.6954438672703654,0.6028243899345398
5,1,17,0.25979224926766525,-1.0231817817311124,0.7733839750289917
5,1,18,0.5155876947004433,-0.735411905619237,0.6019855737686157
5,1,19,0.25179864159789095,-1.0711434277497582,0.7714203000068665
5,1,20,0.4996004793608947,-0.7833735516378829,0.6011607050895691
5,1,21,0.25979224926766525,-1.0071945663915638,0.7522990107536316
5,1,22,0.4356516180027002,-0.7913671593076572,0.5946006178855896
5,1,23,0.06794566519308168,0.0,0.996182143688202
5,1,24,-0.06794566519308168,0.0,0.9943137168884276
5,1,25,0.21982421091879367,0.7753799439681086,0.5541672706604004
5,1,26,0.22781781858856798,0.7993607669774315,0.5698439478874207
5,1,27,0.003996803834887158,1.51878545725712,0.6069192886352539
5,1,28,-0.05195844985353305,1.5107918495873456,0.601329505443573
5,1,29,-0.10791370354195326,1.6466831799735089,0.6720343232154846
5,1,30,-0.1798561725699221,1.622702356964186,0.6420251727104187
5,1,31,0.20383699557924503,1.670664002982832,0.6759601831436157
5,1,32,0.16386895723037345,1.6386895723037347,0.66962069272995
5,2,0,-0.136,-1.36,0.9992634057998656
5,2,1,-0.096,-1.424,0.9992673993110656
5,2,2,-0.088,-1.424,0.9991961717605592
5,2,3,-0.072,-1.424,0.9993444681167604
5,2,4,-0.128,-1.432,0.9991393089294434
5,2,5,-0.128,-1.432,0.9989596605300904
5,2,6,-0.136,-1.432,0.999123990535736
5,2,7,0.0,-1.384,0.9990423321723938
5,2,8,-0.088,-1.392,0.9987488389015198
5,2,9,-0.104,-1.28,0.9989212155342102
5,2,10,-0.144,-1.28,0.9984855651855468
5,2,11,0.064,-0.992,0.9995058178901672
5,2,12,-0.064,-1.008,0.9986249804496764
5,2,13,-0.112,-0.552,0.6466065049171448
5,2,14,-0.152,-0.536,0.5251094698905945
5,2,15,-0.456,-0.848,0.8015900254249573
5,2,16,-0.28,-0.872,0.5565252304077148
5,2,17,-0.544,-0.944,0.7874422669410706
5,2,18,-0.296,-0.976,0.5567076802253723
5,2,19,-0.504,-0.992,0.7854610085487366
5,2,20,-0.272,-0.992,0.5555245876312256
5,2,21,-0.464,-0.96,0.7657152414321899
5,2,22,-0.264,-0.952,0.5496256947517395
5,2,23,0.032,0.0,0.996104657649994
5,2,24,-0.032,0.0,0.994080126285553
5,2,25,-0.056,0.776,0.5489634275436401
5,2,26,0.008,0.792,0.5260412693023682
5,2,27,-0.064,1.584,0.6097965836524963
5,2,28,0.08,1.512,0.5612663626670837
5,2,29,-0.024,1.696,0.6784827709197998
5,2,30,0.144,1.64,0.6107811331748962
5,2,31,-0.288,1.744,0.677865743637085
5,2,32,-0.096,1.672,0.6352629661560059
6,1,0,0.1822586359025753,-1.3748640577868179,0.9993187189102172
6,1,1,0.19018292442007856,-1.4382583659268442,0.9993202090263368
6,1,2,0.21395578997258838,-1.4382583659268442,0.9992517232894896
6,1,3,0.21395578997258838,-1.4382583659268442,0.9993906021118164
6,1,4,0.16641005886756874,-1.430334077409341,0.9992048740386964
6,1,5,0.15848577035006547,-1.430334077409341,0.9990384578704834
6,1,6,0.13471290479755565,-1.4224097888918377,0.9991908073425292
6,1,7,0.14263719331505892,-1.3986369233393277,0.9991055727005004
6,1,8,0.03962144258751637,-1.3827883463043211,0.9988574385643004
6,1,9,0.19018292442007856,-1.3114697496467917,0.9989996552467346
6,1,10,0.15848577035006547,-1.3035454611292885,0.9986165165901184
6,1,11,0.15056148183256218,-1.002422497464164,0.9995209574699402
6,1,12,-0.03962144258751637,-0.9944982089466609,0.9987510442733764
6,1,13,0.26150152107760805,-0.6062080715890004,0.6299849152565002
6,1,14,0.1188643277625491,-0.4952680323439546,0.5717563033103943
6,1,15,0.42791157994517676,-0.8914824582191182,0.8025907278060913
6,1,16,0.40413871439266696,-0.8043152845265823,0.5995519161224365
6,1,17,0.4754573110501964,-0.9865739204291575,0.7867197394371033
6,1,18,0.5071544651202095,-0.8835581697016149,0.5982436537742615
6,1,19,0.42791157994517676,-1.034119651534177,0.7838836312294006
6,1,20,0.4516844454976866,-0.9548767663591444,0.596818208694458
6,1,21,0.40413871439266696,-1.0103467859816673,0.7631843090057373
6,1,22,0.4199872914276735,-0.9311039008066346,0.590160608291626
6,1,23,0.04754573110501964,-0.003962144258751636,0.9962888956069946
6,1,24,-0.04754573110501964,0.003962144258751636,0.9943933486938475
6,1,25,0.2377286555250982,0.7646938419390659,0.5215110778808594
6,1,26,0.2931986751476211,0.8043152845265823,0.5625517964363098
6,1,27,0.015848577035006545,1.493728385549367,0.5793222784996033
6,1,28,-0.03169715407001309,1.5175012511018768,0.5779943466186523
6,1,29,-0.087167173692536,1.6205170018294195,0.6419193148612976
6,1,30,-0.15848577035006547,1.6284412903469228,0.611447811126709
6,1,31,0.19018292442007856,1.668062732934439,0.6536213159561157
6,1,32,0.19810721293758182,1.668062732934439,0.6480437517166138
6,2,0,-0.10671186572955065,-1.3437790499276747,0.999348282814026
6,2,1,-0.05137978720311698,-1.4070157111007418,0.9993568062782288
6,2,2,-0.027666039263216834,-1.4070157111007418,0.9992908835411072
6,2,3,-0.01976145661658345,-1.4070157111007418,0.9994230270385742
6,2,4,-0.06718895249638374,-1.4149202937473753,0.9992372393608092
6,2,5,-0.07509353514301711,-1.4149202937473753,0.999070942401886
6,2,6,-0.09090270043628389,-1.4149202937473753,0.9992246627807616
6,2,7,-0.011856873969950072,-1.3674927978675748,0.9991468191146852
6,2,8,-0.05928436984975036,-1.3753973805142083,0.9988842606544496
6,2,9,-0.08299811778965051,-1.2726378061079744,0.9990097880363464
6,2,10,-0.09880728308291727,-1.2726378061079744,0.9986242651939392
6,2,11,0.05137978720311698,-1.0038819961224394,0.9995205998420716
6,2,12,-0.027666039263216834,-0.995977413475806,0.9985926747322084
6,2,13,-0.1304256136694508,-0.5849391158508702,0.6648288369178772
6,2,14,-0.1304256136694508,-0.5849391158508702,0.5278924703598022
6,2,15,-0.4070860063016191,-0.9564545002426391,0.8176218867301941
6,2,16,-0.30432643189538516,-0.932740752302739,0.5586465001106262
6,2,17,-0.4624180848280528,-1.0671186572955065,0.7999418377876282
6,2,18,-0.2885172666021184,-1.0434049093556064,0.5569005012512207
6,2,19,-0.4228951715948859,-1.0987369878820399,0.7972800135612488
6,2,20,-0.2885172666021184,-1.0671186572955065,0.5550656318664551
6,2,21,-0.39127684100835236,-1.0671186572955065,0.7765631079673767
6,2,22,-0.27270810130885165,-1.0355003267089729,0.5487717390060425
6,2,23,0.01976145661658345,0.0,0.996293842792511
6,2,24,-0.01976145661658345,0.0,0.9944032430648804
6,2,25,0.00395229132331669,0.766744516723438,0.5216304063796997
6,2,26,0.06718895249638374,0.7983628473099715,0.5178501009941101
6,2,27,-0.0434752045564836,1.6125348599132097,0.5831916332244873
6,2,28,0.10671186572955065,1.5255844508002425,0.5406261682510376
6,2,29,-0.011856873969950072,1.7311035996127104,0.649852454662323
6,2,30,0.15413936160935093,1.6441531904997433,0.5845890045166016
6,2,31,-0.2885172666021184,1.7706265128458774,0.6561625599861145
6,2,32,-0.027666039263216834,1.699485269026177,0.6175033450126648
7,1,0,0.16164674158684061,-1.3444277775881135,0.999403178691864
7,1,1,0.18530236230686606,-1.4153946397481898,0.9994083046913148
7,1,2,0.20107277612021637,-1.4153946397481898,0.9993453025817872
7,1,3,0.20895798302689153,-1.4232798466548648,0.9994663000106812
7,1,4,0.16164674158684061,-1.4153946397481898,0.9993019700050354
7,1,5,0.13799112086681517,-1.4075094328415145,0.9991492629051208
7,1,6,0.10645029324011455,-1.4075094328415145,0.9992896318435668
7,1,7,0.1458763277734903,-1.3838538121214892,0.9992110729217528
7,1,8,0.03548343108003819,-1.3680833983081389,0.998984396457672
7,1,9,0.17741715540019093,-1.2813461223347122,0.9990800619125366
7,1,10,0.1458763277734903,-1.2813461223347122,0.9987427592277528
7,1,11,0.13010591396014,-1.0053638806010818,0.9995364546775818
7,1,12,0.011827810360012727,-0.9895934667877315,0.998723804950714
7,1,13,0.15376153468016546,-0.5874479145472988,0.6469777226448059
7,1,14,0.1143355001467897,-0.5243662592938976,0.5743533372879028
7,1,15,0.4533993971338212,-0.8870857770009546,0.8188822865486145
7,1,16,0.39031774188042,-0.8240041217475533,0.6016269326210022
7,1,17,0.5637922938272734,-0.9738230529743813,0.801043689250946
7,1,18,0.5085958454805473,-0.9028561908143049,0.5988597869873047
7,1,19,0.5085958454805473,-1.0211342944144322,0.7980613708496094
7,1,20,0.4455141902271461,-0.9738230529743813,0.5970083475112915
7,1,21,0.46128460404049637,-0.9974786736944067,0.777576208114624
7,1,22,0.4139733626004455,-0.9501674322543558,0.590437650680542
7,1,23,0.01971301726668788,-0.003942603453337576,0.9964542984962464
7,1,24,-0.01971301726668788,0.003942603453337576,0.9947339296340942
7,1,25,0.20895798302689153,0.7688076734008273,0.5035183429718018
7,1,26,0.30358046590699334,0.800348501027528,0.559328019618988
7,1,27,-0.003942603453337576,1.5179023295349667,0.5629289150238037
7,1,28,-0.01971301726668788,1.5179023295349667,0.5675779581069946
7,1,29,-0.1143355001467897,1.636180433135094,0.6250818967819214
7,1,30,-0.1458763277734903,1.628295226228419,0.5961265563964844
7,1,31,0.17741715540019093,1.6598360538551196,0.6384948492050171
7,1,32,0.2168431899335667,1.6756064676684699,0.6347683072090149
7,2,0,-0.11460212803274208,-1.3396593587275714,0.9994103908538818
7,2,1,-0.05927696277555625,-1.402888119021498,0.99942147731781
7,2,2,-0.03556617766533375,-1.402888119021498,0.999358057975769
7,2,3,-0.03556617766533375,-1.402888119021498,0.9994779825210572
7,2,4,-0.08298774788577876,-1.402888119021498,0.9993069767951964
7,2,5,-0.09879493795926042,-1.4107917140582387,0.9991455674171448
7,2,6,-0.12250572306948292,-1.4107917140582387,0.9992948770523072
7,2,7,-0.01185539255511125,-1.3712737388745346,0.9992095232009888
7,2,8,-0.06718055781229708,-1.3712737388745346,0.9989631175994872
7,2,9,-0.08298774788577876,-1.2685270033969038,0.9990198612213136
7,2,10,-0.10669853299600125,-1.2764305984336446,0.9986648559570312
7,2,11,0.06718055781229708,-1.0077083671844562,0.9994967579841614
7,2,12,-0.027662582628592915,-0.9919011771109746,0.998460292816162
7,2,13,-0.15412010321644626,-0.5809142352004513,0.6805512309074402
7,2,14,-0.13040931810622375,-0.5967214252739329,0.5287908315658569
7,2,15,-0.4228423344656346,-0.9602867969640112,0.8326339721679688
7,2,16,-0.28057762380429957,-0.9365760118537888,0.5594602227210999
7,2,17,-0.4781674997228204,-1.070937127478383,0.8132838606834412
7,2,18,-0.28848121884104044,-1.0472263423681605,0.5566491484642029
7,2,19,-0.4307459295023754,-1.1025515076253463,0.8104192018508911
7,2,20,-0.27267402876755875,-1.070937127478383,0.5547080039978027
7,2,21,-0.40703514439215294,-1.070937127478383,0.7902112007141113
7,2,22,-0.25686683869407706,-1.0314191522946787,0.5488778948783875
7,2,23,0.027662582628592915,-0.003951797518370417,0.9964212775230408
7,2,24,-0.027662582628592915,0.003951797518370417,0.9947272539138794
7,2,25,-0.019758987591852083,0.7864077061557129,0.5101202130317688
7,2,26,0.06718055781229708,0.7943113011924537,0.5170369148254395
7,2,27,-0.019758987591852083,1.632092375086982,0.5714282393455505
7,2,28,0.12250572306948292,1.5530564247195737,0.5344812870025635
7,2,29,0.03556617766533375,1.726935515527872,0.6365731358528137
7,2,30,0.18573448336340959,1.6716103502706863,0.5730705261230469
7,2,31,-0.29638481387778126,1.7901642758217988,0.646984338760376
7,2,32,-0.07508415284903791,1.679513945307427,0.6110478043556213
8,1,0,0.15786126046711108,-1.3378741824587663,0.9993380308151244
8,1,1,0.16575432349046662,-1.4089117496689663,0.9993426203727722
8,1,2,0.18943351256053328,-1.4089117496689663,0.9992696046829224
8,1,3,0.18943351256053328,-1.4089117496689663,0.9994081258773804
8,1,4,0.14996819744375553,-1.4089117496689663,0.9992344975471495
8,1,5,0.12628900837368887,-1.401018686645611,0.9990683794021606
8,1,6,0.1026098193036222,-1.401018686645611,0.999235987663269
8,1,7,0.14207513442039996,-1.3694464345521886,0.9990610480308532
8,1,8,0.04735837814013332,-1.3536603085054775,0.9989524483680724
8,1,9,0.16575432349046662,-1.2668366152485664,0.9987939596176147
8,1,10,0.1341820713970444,-1.274729678271922,0.998562216758728
8,1,11,0.09471675628026664,-0.9984724724544776,0.9993671774864196
8,1,12,0.015786126046711108,-0.9984724724544776,0.9985783696174622
8,1,13,0.1183959453503333,-0.548567880123211,0.628784716129303
8,1,14,0.0868236932569111,-0.5722470691932776,0.5749247670173645
8,1,15,0.3946531511677777,-0.8879695901274998,0.7873197793960571
8,1,16,0.4104392772144888,-0.8721834640807887,0.6015865206718445
8,1,17,0.5367282855881776,-0.9984724724544776,0.7739764451980591
8,1,18,0.5051560334947555,-0.9826863464077664,0.5976014137268066
8,1,19,0.4972629704713999,-1.0379377875712554,0.7713527083396912
8,1,20,0.45779765535462213,-1.0300447245478999,0.5956686735153198
8,1,21,0.44201152930791104,-0.9984724724544776,0.7535948753356934
8,1,22,0.43411846628455547,-0.9984724724544776,0.5892891883850098
8,1,23,0.007893063023355554,-0.003946531511677777,0.9963946342468262
8,1,24,-0.007893063023355554,0.003946531511677777,0.9948245286941528
8,1,25,0.15786126046711108,0.8011458968705887,0.4859240651130676
8,1,26,0.25257801674737773,0.832718148964011,0.5528563261032104
8,1,27,0.007893063023355554,1.6141313882762107,0.5452417135238647
8,1,28,0.0,1.590452199206144,0.5521934628486633
8,1,29,-0.11050288232697776,1.7404203966498997,0.6083754301071167
8,1,30,-0.14207513442039996,1.7088481445564774,0.5752876996994019
8,1,31,0.16575432349046662,1.7483134596732552,0.6231321096420288
8,1,32,0.2052196386072444,1.7246342706031885,0.6193810701370239
8,2,0,-0.12202360426376921,-1.30683343921198,0.9993672966957092
8,2,1,-0.05904367948246897,-1.3776858545909427,0.99937641620636
8,2,2,-0.03542620768948138,-1.3776858545909427,0.9993077516555786
8,2,3,-0.027553717091818853,-1.3776858545909427,0.9994395971298218
8,2,4,-0.08266115127545656,-1.3776858545909427,0.9992635250091552
8,2,5,-0.09053364187311909,-1.3855583451886053,0.9990962743759156
8,2,6,-0.10627862306844416,-1.3855583451886053,0.9992618560791016
8,2,7,0.003936245298831265,-1.33832340160263,0.9991055727005004
8,2,8,-0.07478866067779404,-1.3461958922002926,0.9989482164382936
8,2,9,-0.08266115127545656,-1.2359810238330171,0.9988009929656982
8,2,10,-0.11415111366610668,-1.2438535144306797,0.9985567331314088
8,2,11,0.05904367948246897,-0.9998063059031412,0.9993779063224792
8,2,12,-0.019681226494156323,-0.9998063059031412,0.998390018939972
8,2,13,-0.20862100083805704,-0.551074341836377,0.664490818977356
8,2,14,-0.1692585478497444,-0.6219267572153399,0.533664882183075
8,2,15,-0.4133057563772828,-0.9525713623171661,0.8037846684455872
8,2,16,-0.3030908880100074,-0.936826381121841,0.5679348111152649
8,2,17,-0.46054069996325797,-1.070658721282104,0.7883579730987549
8,2,18,-0.36607081279130765,-1.070658721282104,0.5639005899429321
8,2,19,-0.4211782469749453,-1.102148683672754,0.7858546376228333
8,2,20,-0.3109633786076699,-1.0864037024774291,0.5620055794715881
8,2,21,-0.39756077518195776,-1.0627862306844416,0.768410325050354
8,2,22,-0.2873459068146823,-1.0470412494891164,0.5559231638908386
8,2,23,0.011808735896493795,0.0,0.9965099096298218
8,2,24,-0.011808735896493795,0.0,0.994978964328766
8,2,25,-0.03542620768948138,0.8108665315592406,0.5084444284439087
8,2,26,0.043298698287143916,0.8266115127545656,0.5193459987640381
8,2,27,-0.019681226494156323,1.6768404973021187,0.5680141448974609
8,2,28,0.12202360426376921,1.590243100727831,0.5312877297401428
8,2,29,0.043298698287143916,1.7791828750717318,0.6259917616844177
8,2,30,0.18500352904506945,1.7162029502904315,0.5635501742362976
8,2,31,-0.326708359802995,1.8421627998530319,0.643089771270752
8,2,32,-0.05117118888480644,1.7162029502904315,0.6091881394386292
9,1,0,0.11410162337713158,-1.3298740931541542,0.9992681741714478
9,1,1,0.10623254590284664,-1.3928267129484337,0.9992888569831848
9,1,2,0.12983977832570145,-1.3928267129484337,0.9992066621780396
9,1,3,0.13770885579998637,-1.3928267129484337,0.9993515610694884
9,1,4,0.08262531347999183,-1.3928267129484337,0.9991837739944458
9,1,5,0.0747562360057069,-1.3928267129484337,0.9990207552909852
9,1,6,0.059018081057137024,-1.3928267129484337,0.9992070198059082
9,1,7,0.09836346842856171,-1.353481325577009,0.9989380836486816
9,1,8,0.011803616211427405,-1.353481325577009,0.9989457726478576
9,1,9,0.11410162337713158,-1.2590523958855897,0.9985544681549072
9,1,10,0.08262531347999183,-1.2590523958855897,0.9984641075134276
9,1,11,0.09049439095427676,-0.999372839234187,0.9989200830459596
9,1,12,-0.01967269368571234,-0.999372839234187,0.9985104203224182
9,1,13,0.03541084863428221,-0.5508354231999455,0.6070901155471802
9,1,14,0.01967269368571234,-0.6059189655199401,0.5790334343910217
9,1,15,0.27935225033711525,-0.9049439095427677,0.746090829372406
9,1,16,0.33443579265710977,-0.9049439095427677,0.6082196235656738
9,1,17,0.3816502575028194,-1.0072419167084719,0.7384863495826721
9,1,18,0.428864722348529,-1.0072419167084719,0.6027345657348633
9,1,19,0.35017394760567966,-1.0623254590284663,0.7361851334571838
9,1,20,0.40525748992567423,-1.0465873040798965,0.6007278561592102
9,1,21,0.2872213278114002,-1.0387182266056116,0.7217427492141724
9,1,22,0.3737811800285345,-1.0229800716570416,0.5939107537269592
9,1,23,0.01967269368571234,0.0,0.9964528679847716
9,1,24,-0.01967269368571234,0.0,0.9951452016830444
9,1,25,0.12197070085141651,0.8262531347999184,0.4891341030597687
9,1,26,0.1613160882228412,0.865598522171343,0.5574694275856018
9,1,27,-0.03541084863428221,1.6446371921255516,0.5505903363227844
9,1,28,-0.03541084863428221,1.6367681146512667,0.5559952259063721
9,1,29,-0.13770885579998637,1.7548042767655407,0.6083327531814575
9,1,30,-0.15344701074855627,1.7626733542398256,0.5698257088661194
9,1,31,0.12983977832570145,1.8098878190855354,0.6322083473205566
9,1,32,0.184923320645696,1.7705424317141107,0.6243706345558167
9,2,0,-0.11022853228505387,-1.3188056541247517,0.9993258118629456
9,2,1,-0.09448159910147474,-1.3817933868590682,0.9993466734886168
9,2,2,-0.07086119932610606,-1.3817933868590682,0.9992714524269104
9,2,3,-0.05511426614252694,-1.3739199202672787,0.9994046092033386
9,2,4,-0.11810199887684343,-1.3896668534508578,0.9992474913597108
9,2,5,-0.11810199887684343,-1.3896668534508578,0.9990938305854796
9,2,6,-0.125975465468633,-1.3975403200426473,0.9992651343345642
9,2,7,0.015746933183579125,-1.3345525873083308,0.999029278755188
9,2,8,-0.07086119932610606,-1.35029952049191,0.999005913734436
9,2,9,-0.09448159910147474,-1.2479444547986456,0.9986581802368164
9,2,10,-0.125975465468633,-1.2558179213904352,0.9985605478286744
9,2,11,0.07873466591789562,-0.9959935238613796,0.9989833831787108
9,2,12,-0.05511426614252694,-1.0038669904531692,0.998464286327362
9,2,13,-0.19683666479473905,-0.5472059281293745,0.6450193524360657
9,2,14,-0.23620399775368686,-0.6889283267815867,0.5419144630432129
9,2,15,-0.377926396405899,-0.9330057911270632,0.7671169638633728
9,2,16,-0.34643253003874075,-0.9566261909024318,0.5832192897796631
9,2,17,-0.4566610623237946,-1.0511077900039065,0.757106363773346
9,2,18,-0.4094202627730572,-1.0589812565956962,0.5787150263786316
9,2,19,-0.40154679618126765,-1.0904751229628544,0.7548144459724426
9,2,20,-0.3700529298141094,-1.0826016563710648,0.5763469338417053
9,2,21,-0.3700529298141094,-1.0511077900039065,0.7404050230979919
9,2,22,-0.3385590634469512,-1.043234323412117,0.5696536898612976
9,2,23,0.007873466591789563,-0.003936733295894781,0.9965192079544068
9,2,24,-0.007873466591789563,0.003936733295894781,0.9952928423881532
9,2,25,-0.07873466591789562,0.8306507254337988,0.5114675164222717
9,2,26,0.015746933183579125,0.8542711252091675,0.528467059135437
9,2,27,-0.07873466591789562,1.688858583938861,0.5712577700614929
9,2,28,0.11810199887684343,1.6258708512045446,0.538209080696106
9,2,29,-0.03936733295894781,1.7912136496321254,0.6296803951263428
9,2,30,0.19683666479473905,1.7518463166731777,0.5640476942062378
9,2,31,-0.377926396405899,1.8305809825910733,0.6478776931762695
9,2,32,-0.03936733295894781,1.728225916897809,0.6120468378067017
10,1,0,0.10019509608288751,-1.3025362490775376,0.9992150664329528
10,1,1,0.1156097262494856,-1.371902084827229,0.9991811513900756
10,1,2,0.13102435641608368,-1.371902084827229,0.9990407228469848
10,1,3,0.14643898658268176,-1.371902084827229,0.9991651177406312
10,1,4,0.07707315083299039,-1.371902084827229,0.9991263747215272
10,1,5,0.06165852066639232,-1.371902084827229,0.9989701509475708
10,1,6,0.04624389049979424,-1.371902084827229,0.9991750717163086
10,1,7,0.1387316714993827,-1.3410728244940329,0.9985548853874208
10,1,8,0.01541463016659808,-1.3333655094107337,0.9988877773284912
10,1,9,0.1156097262494856,-1.2331704133278463,0.9979124665260316
10,1,10,0.08478046591628943,-1.2408777284111454,0.9981197118759156
10,1,11,0.15414630166598078,-0.9942436457455761,0.9982656836509703
10,1,12,-0.03082926033319616,-1.001950960828875,0.9985603094100952
10,1,13,0.03082926033319616,-0.585755946330727,0.5885281562805176
10,1,14,0.0,-0.6551217820804184,0.5865011215209961
10,1,15,0.20039019216577503,-0.7630241932466049,0.7098617553710938
10,1,16,0.2697560279154664,-0.9325851250791838,0.6234778761863708
10,1,17,0.35453649383175584,-1.0327802211620714,0.7047962546348572
10,1,18,0.3699511239983539,-1.0173655909954733,0.6183594465255737
10,1,19,0.36224380891505487,-1.0404875362453703,0.7026421427726746
10,1,20,0.35453649383175584,-1.0559021664119683,0.616136908531189
10,1,21,0.3159999184152606,-1.0173655909954733,0.6905681490898132
10,1,22,0.3237072334985597,-1.0327802211620714,0.6092332601547241
10,1,23,0.02312194524989712,0.0,0.9958464503288268
10,1,24,-0.02312194524989712,0.0,0.9949566125869752
10,1,25,0.07707315083299039,0.8169753988296982,0.4854957461357116
10,1,26,0.1156097262494856,0.8400973440795954,0.5538274645805359
10,1,27,-0.06936583574969135,1.6185361674927983,0.5403740406036377
10,1,28,-0.04624389049979424,1.6185361674927983,0.5384746193885803
10,1,29,-0.14643898658268176,1.7341458937422838,0.5993359684944153
10,1,30,-0.1387316714993827,1.749560523908882,0.5566619038581848
10,1,31,0.12331704133278464,1.7649751540754801,0.6168892979621887
10,1,32,0.192682877082476,1.7341458937422838,0.6037154793739319
10,2,0,-0.14785544510267837,-1.3112443420948054,0.9992527961730956
10,2,1,-0.1089461174440788,-1.3734992663485648,0.999228298664093
10,2,2,-0.09338238638063896,-1.3734992663485648,0.9990975260734558
10,2,3,-0.07003678978547923,-1.365717400816845,0.9992173910140992
10,2,4,-0.14007357957095845,-1.3812811318802847,0.99917334318161
10,2,5,-0.14007357957095845,-1.3812811318802847,0.999018132686615
10,2,6,-0.14007357957095845,-1.3890629974120046,0.9992135167121888
10,2,7,0.0077818655317199135,-1.3345899386899651,0.998654007911682
10,2,8,-0.07003678978547923,-1.342371804221685,0.9989272356033324
10,2,9,-0.13229171403923853,-1.2334256867776063,0.9980292320251464
10,2,10,-0.16341917616611817,-1.2489894178410461,0.9982048273086548
10,2,11,0.06225492425375931,-0.992187855294289,0.9983469247817992
10,2,12,-0.04669119319031948,-1.0077515863577289,0.998418390750885
10,2,13,-0.19454663829299784,-0.540839654454534,0.6276974081993103
10,2,14,-0.24901969701503723,-0.6886950995572123,0.53920578956604
10,2,15,-0.3890932765859957,-0.8676780067867703,0.7329199314117432
10,2,16,-0.31127462126879657,-0.9221510655088098,0.5811036229133606
10,2,17,-0.4591300663714749,-1.0233153174211687,0.7245287895202637
10,2,18,-0.38131141105427574,-1.0077515863577289,0.5779175162315369
10,2,19,-0.42800260424459524,-1.0466609140163283,0.7222315073013306
10,2,20,-0.357965814459116,-1.0466609140163283,0.5760695934295654
10,2,21,-0.3890932765859957,-1.0155334518894488,0.7098755836486816
10,2,22,-0.3034927557370766,-1.0155334518894488,0.5700978636741638
10,2,23,0.0,-0.0038909327658599568,0.995772659778595
10,2,24,0.0,0.0038909327658599568,0.9948391914367676
10,2,25,-0.1089461174440788,0.8287686791281708,0.5166801810264587
10,2,26,0.0077818655317199135,0.8443324101916106,0.5229588747024536
10,2,27,-0.09338238638063896,1.6614282910222016,0.5625389218330383
10,2,28,0.06225492425375931,1.5991733667684422,0.5206362009048462
10,2,29,-0.04669119319031948,1.7937200050614401,0.6254321932792664
10,2,30,0.14007357957095845,1.7314650808076808,0.5526779890060425
10,2,31,-0.38131141105427574,1.7859381395297202,0.6302860379219055
10,2,32,-0.09338238638063896,1.6614282910222016,0.5890312790870667
11,1,0,0.12483914008511911,-1.3147121940214106,0.9993037581443788
11,1,1,0.13264158634043904,-1.3771317640639702,0.9992815852165222
11,1,2,0.14824647885107894,-1.3771317640639702,0.9991583228111268
11,1,3,0.16385137136171882,-1.3771317640639702,0.9992693066596984
11,1,4,0.10143180131915927,-1.38493421031929,0.999228298664093
11,1,5,0.08582690880851938,-1.38493421031929,0.9990825653076172
11,1,6,0.0702220162978795,-1.38493421031929,0.9992648959159852
11,1,7,0.140444032595759,-1.3537244252980103,0.9987450242042542
11,1,8,0.023407338765959834,-1.3459219790426904,0.9990167021751404
11,1,9,0.13264158634043904,-1.252292623978851,0.998171091079712
11,1,10,0.09362935506383933,-1.252292623978851,0.9983485341072084
11,1,11,0.140444032595759,-0.9870094512979729,0.9984395503997804
11,1,12,-0.039012231276599724,-1.0104167900639327,0.9985628128051758
11,1,13,0.05461712378723961,-0.5422700147447361,0.5853559970855713
11,1,14,-0.04681467753191967,-0.5734797997660159,0.5842656493186951
11,1,15,0.21846849514895844,-0.8621703112128538,0.7235298156738281
11,1,16,0.2106660488936385,-0.9167874350000934,0.6217542290687561
11,1,17,0.35891252774471744,-1.0104167900639327,0.7173876166343689
11,1,18,0.3199002964681177,-1.0026143438086128,0.6177905797958374
11,1,19,0.32770274272343763,-1.0338241288298926,0.7143543362617493
11,1,20,0.30429540395747784,-1.0572314675958525,0.6158975958824158
11,1,21,0.2652831726808781,-1.0026143438086128,0.7018257975578308
11,1,22,0.2652831726808781,-1.0416265750852125,0.6097135543823242
11,1,23,0.023407338765959834,0.003901223127659972,0.9959125518798828
11,1,24,-0.023407338765959834,-0.003901223127659972,0.995040476322174
11,1,25,0.09362935506383933,0.838762972446894,0.4997555017471313
11,1,26,0.07802446255319945,0.8543678649575339,0.5592843890190125
11,1,27,-0.07802446255319945,1.650217383000168,0.5463945865631104
11,1,28,-0.10143180131915927,1.665822275510808,0.5394875407218933
11,1,29,-0.1560489251063989,1.7828589693406072,0.6074496507644653
11,1,30,-0.18725871012767867,1.7828589693406072,0.5578410625457764
11,1,31,0.08582690880851938,1.790661415595927,0.6159327626228333
11,1,32,0.1560489251063989,1.790661415595927,0.5994189381599426
11,2,0,-0.12499904633659739,-1.3124899865342725,0.9993504881858826
11,2,1,-0.09374928475244805,-1.3749895097025713,0.9993329644203186
11,2,2,-0.07031196356433603,-1.3749895097025713,0.9992180466651917
11,2,3,-0.046874642376224025,-1.367177069306534,0.9993220567703248
11,2,4,-0.12499904633659739,-1.3828019500986086,0.9992839694023132
11,2,5,-0.13281148673263474,-1.390614390494646,0.9991423487663268
11,2,6,-0.14062392712867205,-1.390614390494646,0.9993099570274352
11,2,7,0.023437321188112013,-1.3359273077223845,0.9988502264022828
11,2,8,-0.07812440396037337,-1.3515521885144592,0.9990715384483336
11,2,9,-0.11718660594056006,-1.2421780229699366,0.998300313949585
11,2,10,-0.16406124831678406,-1.249990463365974,0.9984472990036012
11,2,11,0.03906220198018669,-0.9843674899007044,0.9984772801399232
11,2,12,-0.046874642376224025,-1.0156172514848538,0.998333752155304
11,2,13,-0.17968612910885876,-0.5078086257424269,0.6247685551643372
11,2,14,-0.1718736887128214,-0.5781205893067629,0.5298181772232056
11,2,15,-0.35155981782168017,-0.859368443564107,0.7453081607818604
11,2,16,-0.2734354138613068,-0.8749933243561817,0.5701804757118225
11,2,17,-0.4453091025741282,-0.9999923706927791,0.7363348007202148
11,2,18,-0.3593722582177175,-0.9765550495046671,0.5699055790901184
11,2,19,-0.4140593409899789,-1.0156172514848538,0.7332359552383423
11,2,20,-0.3359349370296055,-1.0156172514848538,0.5684115290641785
11,2,21,-0.3749971390097922,-0.9921799302967418,0.7207721471786499
11,2,22,-0.2812478542573441,-0.9765550495046671,0.5638800263404846
11,2,23,-0.023437321188112013,0.0,0.9955564737319946
11,2,24,0.023437321188112013,0.0,0.994635283946991
11,2,25,-0.11718660594056006,0.8359311223759951,0.5350732803344727
11,2,26,0.015624880792074674,0.8437435627720324,0.5266014933586121
11,2,27,-0.14062392712867205,1.6562373639599155,0.5569551587104797
11,2,28,0.07812440396037337,1.5703005196035047,0.5153226256370544
11,2,29,-0.09374928475244805,1.7890488506925502,0.6312844753265381
11,2,30,0.15624880792074675,1.742174208316326,0.5566971898078918
11,2,31,-0.4140593409899789,1.8046737314846248,0.6108376979827881
11,2,32,-0.09374928475244805,1.6328000427718035,0.5715310573577881
12,1,0,0.13823198453546312,-1.3309765368128879,0.9993852376937866
12,1,1,0.14613095508034674,-1.3941683011719568,0.9993733167648317
12,1,2,0.16192889617011397,-1.3941683011719568,0.9992664456367492
12,1,3,0.16982786671499756,-1.4020672717168403,0.9993650317192078
12,1,4,0.1066361023559287,-1.3941683011719568,0.999320149421692
12,1,5,0.08293919072127788,-1.3941683011719568,0.9991855621337892
12,1,6,0.059242279086627055,-1.3941683011719568,0.9993443489074708
12,1,7,0.13823198453546312,-1.370471389537306,0.998926043510437
12,1,8,0.0039494852724418035,-1.3625724189924222,0.9991467595100404
12,1,9,0.13823198453546312,-1.267784772453819,0.9984295964241028
12,1,10,0.09083816126616148,-1.267784772453819,0.9985730051994324
12,1,11,0.15402992562523035,-0.9834218328380091,0.9985932111740112
12,1,12,-0.07504022017639428,-1.0150177150175437,0.9984918236732484
12,1,13,0.06714124963151066,-0.5094836001449927,0.5892568826675415
12,1,14,-0.027646396907092627,-0.5173825706898763,0.576002299785614
12,1,15,0.23301963107406642,-0.8807352157545223,0.7412180304527283
12,1,16,0.24091860161895004,-0.9044321273891731,0.612005352973938
12,1,17,0.36730213033708775,-0.9913208033828927,0.7340513467788696
12,1,18,0.34360521870243693,-0.9913208033828927,0.6105422377586365
12,1,19,0.33570624815755334,-1.0229166855624272,0.7302541136741638
12,1,20,0.3199083070677861,-1.0545125677419616,0.6089191436767578
12,1,21,0.26461551325360083,-1.00711874447266,0.7181062698364258
12,1,22,0.28831242488825165,-1.0308156561073107,0.6039806604385376
12,1,23,0.05134330854174345,0.0039494852724418035,0.9958218932151794
12,1,24,-0.05134330854174345,-0.0039494852724418035,0.9949065446853638
12,1,25,0.13033301399057953,0.8570383041198715,0.5174406170845032
12,1,26,0.1066361023559287,0.864937274664755,0.5628582239151001
12,1,27,-0.09083816126616148,1.6785312407877666,0.5417028665542603
12,1,28,-0.0987371318110451,1.6627332996979993,0.5346687436103821
12,1,29,-0.16982786671499756,1.812813740050788,0.6097332835197449
12,1,30,-0.19352477834964837,1.8049147695059042,0.5581896901130676
12,1,31,0.0987371318110451,1.828611681140555,0.6000882983207703
12,1,32,0.15402992562523035,1.8049147695059042,0.5857786536216736
12,2,0,-0.11371762073682976,-1.3253984761740847,0.9994284510612488
12,2,1,-0.07450464806895743,-1.3881392324426804,0.9994201064109802
12,2,2,-0.05881945900180849,-1.380296637909106,0.9993211627006532
12,2,3,-0.0352916754010851,-1.380296637909106,0.9994134902954102
12,2,4,-0.11371762073682976,-1.3881392324426804,0.9993718266487122
12,2,5,-0.12156021527040421,-1.395981826976255,0.9992436766624452
12,2,6,-0.12940280980397867,-1.395981826976255,0.999389350414276
12,2,7,0.02744908086751063,-1.3410836652412337,0.9990200996398926
12,2,8,-0.08234724260253189,-1.364611448841957,0.9992003440856934
12,2,9,-0.10587502620325528,-1.2548151253719144,0.9985505938529968
12,2,10,-0.15293059340470208,-1.262657719905489,0.9986692070961
12,2,11,0.050976864468234025,-0.9803243166968082,0.998648166656494
12,2,12,-0.07450464806895743,-1.0195372893646806,0.9983457326889038
12,2,13,-0.15293059340470208,-0.5019260501487658,0.6285513043403625
12,2,14,-0.16861578247185102,-0.5411390228166382,0.5228515267372131
12,2,15,-0.34899545674406374,-0.8783705877603402,0.7616125345230103
12,2,16,-0.3019398895426169,-0.8705279932267657,0.5626272559165955
12,2,17,-0.44310659114695733,-0.9724817221632337,0.7518180012702942
12,2,18,-0.3646806458112126,-0.9567965330960848,0.5650537610054016
12,2,19,-0.41173621301265945,-1.0038521002975316,0.7479915022850037
12,2,20,-0.3333102676769148,-0.9803243166968082,0.5637949705123901
12,2,21,-0.3725232403447871,-0.9881669112303827,0.7357851266860962
12,2,22,-0.3019398895426169,-0.9646391276296593,0.5603346824645996
12,2,23,-0.003921297266787233,0.007842594533574465,0.9955934882164
12,2,24,0.003921297266787233,-0.007842594533574465,0.9946710467338562
12,2,25,-0.10587502620325528,0.8391576150924678,0.5550775527954102
12,2,26,0.019606486333936163,0.8391576150924678,0.5345609784126282
12,2,27,-0.16077318793827655,1.6626300411177868,0.5588377714157104
12,2,28,0.09018983713610636,1.5449911231141698,0.5168683528900146
12,2,29,-0.11371762073682976,1.803796742722127,0.6347614526748657
12,2,30,0.16861578247185102,1.7332133919199568,0.5616618394851685
12,2,31,-0.4195788075462339,1.8116393372557016,0.6013244390487671
12,2,32,-0.09018983713610636,1.6391022575170633,0.5636906623840332
13,1,0,0.1310990369240091,-1.3387992558603352,0.9994297623634338
13,1,1,0.12315364074679643,-1.4023624252780367,0.9994274973869324
13,1,2,0.13904443310122178,-1.4023624252780367,0.9993293285369872
13,1,3,0.14698982927843443,-1.4023624252780367,0.9994233846664428
13,1,4,0.06753586750630772,-1.394417029100824,0.999371349811554
13,1,5,0.0436996789746697,-1.394417029100824,0.9992498755455016
13,1,6,0.019863490443031682,-1.394417029100824,0.9993942975997924
13,1,7,0.1310990369240091,-1.370580840569186,0.9990430474281312
13,1,8,-0.019863490443031682,-1.3626354443919733,0.9992545247077942
13,1,9,0.13904443310122178,-1.275236086442634,0.9986428022384644
13,1,10,0.08342665986073305,-1.275236086442634,0.9987613558769226
13,1,11,0.25027997958219916,-0.9812564278857651,0.998753011226654
13,1,12,-0.0993174522151584,-1.0130380125946157,0.9985003471374512
13,1,13,0.3932971107720273,-0.6713859769744708,0.6358286142349243
13,1,14,-0.08342665986073305,-0.5124780534302174,0.5702370405197144
13,1,15,0.34562473370875124,-0.957420239354127,0.7680605053901672
13,1,16,0.25027997958219916,-0.885911673759213,0.6058322191238403
13,1,17,0.3853517145948146,-1.0607103896578918,0.7528947591781616
13,1,18,0.3535701298859639,-0.9733110317085524,0.6070230007171631
13,1,19,0.34562473370875124,-1.0766011820123171,0.7483946084976196
13,1,20,0.33767933753153856,-1.0209834087718284,0.6057084798812866
13,1,21,0.2900069604682625,-1.0448195973034664,0.7371408939361572
13,1,22,0.3058977528226879,-1.005092616417403,0.6018324494361877
13,1,23,0.08342665986073305,0.011918094265819008,0.995941698551178
13,1,24,-0.08342665986073305,-0.011918094265819008,0.9950477480888368
13,1,25,0.07548126368352039,0.8620754852275749,0.5394339561462402
13,1,26,0.07548126368352039,0.8541300890503623,0.5720914006233215
13,1,27,-0.08342665986073305,1.6963420838349055,0.5525145530700684
13,1,28,-0.0993174522151584,1.640724310594417,0.5397473573684692
13,1,29,-0.17877141398728513,1.8393592150247338,0.6243110299110413
13,1,30,-0.20260760251892315,1.7996322341386704,0.5645943880081177
13,1,31,0.10726284839237107,1.8473046112019464,0.5973073244094849
13,1,32,0.13904443310122178,1.7916868379614577,0.5816362500190735
13,2,0,-0.115529596917184,-1.3465173709657996,0.999477207660675
13,2,1,-0.09162692169293903,-1.3943227214142895,0.9994768500328064
13,2,2,-0.07569180487677572,-1.3943227214142895,0.9993872046470642
13,2,3,-0.051789129652530755,-1.3943227214142895,0.9994736909866332
13,2,4,-0.1314647137333473,-1.4022902798223713,0.9994252324104308
13,2,5,-0.13943227214142895,-1.4022902798223713,0.999312937259674
13,2,6,-0.1473998305495106,-1.4022902798223713,0.999444544315338
13,2,7,0.003983779204040827,-1.362452487781963,0.999133050441742
13,2,8,-0.08365936328485737,-1.3783876045981263,0.9993106722831726
13,2,9,-0.09162692169293903,-1.2748093452930647,0.9987640976905824
13,2,10,-0.13943227214142895,-1.2748093452930647,0.998862624168396
13,2,11,0.08365936328485737,-0.9800096841940436,0.9988483786582948
13,2,12,-0.10756203850910234,-1.0198474762344518,0.9985069036483764
13,2,13,0.08365936328485737,-0.5338264133414709,0.6707459688186646
13,2,14,-0.18723762258991888,-0.5258588549333892,0.5217796564102173
13,2,15,-0.3067509987111437,-0.9083016585213086,0.7871189117431641
13,2,16,-0.28284832348689876,-0.8604963080728187,0.5653745532035828
13,2,17,-0.41032925801620523,-0.9720421257859618,0.7703424096107483
13,2,18,-0.35455634915963363,-0.9401718921536353,0.5701536536216736
13,2,19,-0.38642658279196024,-1.0039123594182884,0.7658860087394714
13,2,20,-0.3306536739353887,-0.9800096841940436,0.5687631368637085
13,2,21,-0.34658879075155197,-0.9800096841940436,0.7543624639511108
13,2,22,-0.29878344030306203,-0.9561070089697985,0.5656751394271851
13,2,23,0.011951337612122482,0.007967558408081655,0.9960250854492188
13,2,24,-0.011951337612122482,-0.007967558408081655,0.995122730731964
13,2,25,-0.1314647137333473,0.8604963080728187,0.5729634165763855
13,2,26,-0.011951337612122482,0.852528749664737,0.5480021238327026
13,2,27,-0.16333494736567392,1.6970899409213924,0.5763794779777527
13,2,28,0.07569180487677572,1.5536738895759226,0.5277279615402222
13,2,29,-0.12349715532526565,1.8405059922668623,0.6494552493095398
13,2,30,0.1314647137333473,1.7209926161456375,0.569005012512207
13,2,31,-0.41829681642428684,1.848473550674944,0.6083492040634155
13,2,32,-0.08365936328485737,1.6731872656971474,0.5666400194168091
14,1,0,0.12391972601788923,-1.343129933613251,0.9995115399360656
14,1,1,0.13191454705130143,-1.3990936808471364,0.9995130896568298
14,1,2,0.13990936808471363,-1.3990936808471364,0.9994282722473145
14,1,3,0.14790418911812586,-1.3990936808471364,0.9995105266571044
14,1,4,0.09194044188424039,-1.3910988598137242,0.9994667768478394
14,1,5,0.07595079981741598,-1.3990936808471364,0.9993623495101928
14,1,6,0.05196633671717935,-1.3990936808471364,0.9994850158691406
14,1,7,0.11592490498447702,-1.3671143967134876,0.999190390110016
14,1,8,0.003997410516706104,-1.3671143967134876,0.9993724822998048
14,1,9,0.13990936808471363,-1.2791713653459533,0.998865842819214
14,1,10,0.09194044188424039,-1.2711765443125411,0.9989626407623292
14,1,11,0.18787829428518688,-0.9913578081431138,0.9989426136016846
14,1,12,-0.11592490498447702,-1.0073474502099382,0.9986501932144164
14,1,13,0.3797539990870799,-0.7275287140405109,0.6693832874298096
14,1,14,-0.13191454705130143,-0.4796892620047325,0.5693939328193665
14,1,15,0.36376435702025545,-0.9753681660762894,0.7955754399299622
14,1,16,0.25183686255248455,-0.8234665664414574,0.6084219217300415
14,1,17,0.3957436411539043,-1.079300839510648,0.7756950855255127
14,1,18,0.36376435702025545,-0.9034147767755795,0.6118884682655334
14,1,19,0.36376435702025545,-1.0872956605440602,0.770760715007782
14,1,20,0.34777471495343104,-0.959378524009465,0.6104541420936584
14,1,21,0.33977989392001884,-1.0553163764104114,0.7588379979133606
14,1,22,0.30780060978637,-0.9353940609092284,0.6069710850715637
14,1,23,0.08394562085082818,0.007994821033412208,0.9963780641555786
14,1,24,-0.08394562085082818,-0.007994821033412208,0.9955350160598756
14,1,25,0.08394562085082818,0.8634406716085185,0.5609196424484253
14,1,26,0.1079300839510648,0.8634406716085185,0.5839701890945435
14,1,27,-0.0999352629176526,1.7108917011502125,0.5675531029701233
14,1,28,-0.0999352629176526,1.6069590277158539,0.5344494581222534
14,1,29,-0.18787829428518688,1.8547984797516324,0.6358832120895386
14,1,30,-0.2038679363520113,1.7428709852838613,0.5584128499031067
14,1,31,0.0999352629176526,1.8627933007850446,0.6018847823143005
14,1,32,0.13990936808471363,1.7988347325177467,0.5705916285514832
14,2,0,-0.12086952033243599,-1.3497096437122018,0.9995532035827636
14,2,1,-0.0886376482437864,-1.3980574518451763,0.9995542168617249
14,2,2,-0.07252171219946159,-1.3980574518451763,0.9994767308235168
14,2,3,-0.048347808132974394,-1.3980574518451763,0.999552309513092
14,2,4,-0.12892748835459839,-1.4061154198673387,0.9995117783546448
14,2,5,-0.1369854563767608,-1.4061154198673387,0.999414563179016
14,2,6,-0.1369854563767608,-1.414173387889501,0.9995254874229432
14,2,7,0.0,-1.3658255797565266,0.9992662668228148
14,2,8,-0.10475358428811118,-1.3819415158008514,0.9994144439697266
14,2,9,-0.09669561626594879,-1.2771879315127401,0.9989662170410156
14,2,10,-0.14504342439892318,-1.2771879315127401,0.9990456104278564
14,2,11,0.07252171219946159,-0.9871010827148938,0.9989976286888124
14,2,12,-0.15310139242108559,-1.011274986781381,0.998586654663086
14,2,13,0.0886376482437864,-0.5358548734737996,0.7011562585830688
14,2,14,-0.23368107264270957,-0.5358548734737996,0.5218808054924011
14,2,15,-0.30620278484217117,-0.8823474984267827,0.8120768666267395
14,2,16,-0.2659129447313592,-0.8259417222716459,0.5700280666351318
14,2,17,-0.41095636913028233,-0.9629271786484067,0.7909539341926575
14,2,18,-0.33843465693082075,-0.9145793705154323,0.576160192489624
14,2,19,-0.38678246506379516,-0.9951590507370562,0.7861431837081909
14,2,20,-0.32231872088649594,-0.9629271786484067,0.574543833732605
14,2,21,-0.34649262495298316,-0.9709851466705691,0.774382472038269
14,2,22,-0.2659129447313592,-0.9387532745819195,0.5721917152404785
14,2,23,0.024173904066487197,0.0040289840110811995,0.9963905215263368
14,2,24,-0.024173904066487197,-0.0040289840110811995,0.995601236820221
14,2,25,-0.11281155231027358,0.8501156263381331,0.5994752645492554
14,2,26,-0.016115936044324798,0.8501156263381331,0.5718829035758972
14,2,27,-0.16921732846541038,1.7203761727316722,0.593315839767456
14,2,28,0.05640577615513679,1.5833907163549115,0.5392897725105286
14,2,29,-0.1369854563767608,1.8654195971305954,0.6631873846054077
14,2,30,0.11281155231027358,1.736492108775997,0.5761677026748657
14,2,31,-0.42707230517460715,1.8734775651527578,0.615142822265625
14,2,32,-0.11281155231027358,1.7123182047095098,0.5671725869178772
15,1,0,0.10930815760409152,-1.3521823940654285,0.9995863437652588
15,1,1,0.1255019587306236,-1.4088606980082907,0.9995869994163512
15,1,2,0.13359885929388962,-1.4088606980082907,0.9995138049125672
15,1,3,0.14169575985715568,-1.4088606980082907,0.9995834827423096
15,1,4,0.0850174559142934,-1.4088606980082907,0.9995484352111816
15,1,5,0.06882365478776133,-1.4169575985715568,0.9994582533836364
15,1,6,0.05262985366122925,-1.4169575985715568,0.99956077337265
15,1,7,0.10121125704082548,-1.3764730957552265,0.999314308166504
15,1,8,-0.004048450281633019,-1.3845699963184925,0.9994660019874572
15,1,9,0.13359885929388962,-1.2874071895593,0.999047875404358
15,1,10,0.0850174559142934,-1.2874071895593,0.9991295337677002
15,1,11,0.13359885929388962,-0.9959187692817227,0.9990686178207396
15,1,12,-0.11740505816735755,-1.0040156698449887,0.9987215399742126
15,1,13,0.28743996999594434,-0.5667830394286227,0.6800473928451538
15,1,14,-0.13359885929388962,-0.4696202326694302,0.5693087577819824
15,1,15,0.36840897562860475,-0.850174559142934,0.8153744339942932
15,1,16,0.2955368705592104,-0.7530117523837415,0.6123487949371338
15,1,17,0.425087279571467,-0.9311435647755945,0.7931534647941589
15,1,18,0.40889347844493495,-0.8177869568898699,0.6167705059051514
15,1,19,0.3846027767551368,-0.9959187692817227,0.7883068919181824
15,1,20,0.3846027767551368,-0.9068528630857963,0.6150773763656616
15,1,21,0.3603120750653387,-0.9473373659021265,0.7757791876792908
15,1,22,0.3522151745020727,-0.8825621613959982,0.6120655536651611
15,1,23,0.06882365478776133,0.008096900563266039,0.9966077208518982
15,1,24,-0.06882365478776133,-0.008096900563266039,0.995864748954773
15,1,25,0.09311435647755945,0.8582714597062001,0.5679780840873718
15,1,26,0.14169575985715568,0.8582714597062001,0.6024206876754761
15,1,27,-0.0850174559142934,1.7084460188491342,0.5713260173797607
15,1,28,-0.09311435647755945,1.6679615160328038,0.5557876825332642
15,1,29,-0.17408336211021982,1.862287129551189,0.640211284160614
15,1,30,-0.19837406380001793,1.8056088256083265,0.5775182247161865
15,1,31,0.10930815760409152,1.8784809306777208,0.5999544858932495
15,1,32,0.1255019587306236,1.8460933284246568,0.5802150964736938
15,2,0,-0.13052420744283227,-1.3623464151845617,0.999606430530548
15,2,1,-0.07341986668659314,-1.419450755940801,0.9996071457862854
15,2,2,-0.06526210372141614,-1.4112929929756237,0.9995375871658324
15,2,3,-0.057104340756239116,-1.4112929929756237,0.9996057748794556
15,2,4,-0.11420868151247823,-1.419450755940801,0.999569833278656
15,2,5,-0.13052420744283227,-1.427608518905978,0.999478816986084
15,2,6,-0.13868197040800928,-1.435766281871155,0.9995754361152648
15,2,7,-0.016315525930354034,-1.3786619411149157,0.999366044998169
15,2,8,-0.10605091854730121,-1.4031352300104467,0.9994704723358154
15,2,9,-0.09789315558212419,-1.2889265484979686,0.9991073608398438
15,2,10,-0.1468397333731863,-1.2970843114631456,0.9991639256477356
15,2,11,0.07341986668659314,-0.9870893187864189,0.9990726709365844
15,2,12,-0.1468397333731863,-1.01156260768195,0.998485505580902
15,2,13,0.04078881482588508,-0.497623540875798,0.7104739546775818
15,2,14,-0.17947078523389437,-0.505781303840975,0.5174220204353333
15,2,15,-0.3018372297115496,-0.8484073483784097,0.828984797000885
15,2,16,-0.22841736302495647,-0.7260409039007545,0.5624666213989258
15,2,17,-0.40788814825885084,-0.9299849780301799,0.8053862452507019
15,2,18,-0.3507838075026117,-0.8320918224480557,0.5698345303535461
15,2,19,-0.38341485936331976,-0.9870893187864189,0.8005814552307129
15,2,20,-0.31815275564190365,-0.8565651113435867,0.5686617493629456
15,2,21,-0.34262604453743467,-0.9544582669257109,0.7877538800239563
15,2,22,-0.2528906519204875,-0.8320918224480557,0.5670456886291504
15,2,23,0.04078881482588508,0.008157762965177017,0.9961999654769896
15,2,24,-0.04078881482588508,-0.008157762965177017,0.9953861236572266
15,2,25,-0.08157762965177016,0.8565651113435867,0.6008061170578003
15,2,26,-0.03263105186070807,0.8565651113435867,0.5799926519393921
15,2,27,-0.15499749633836332,1.7212879856523504,0.5950470566749573
15,2,28,-0.016315525930354034,1.6152370671050493,0.5522595643997192
15,2,29,-0.09789315558212419,1.8762854819907138,0.6626191735267639
15,2,30,0.057104340756239116,1.7783923264085895,0.5827212929725647
15,2,31,-0.38341485936331976,1.8926010079210678,0.6154521703720093
15,2,32,-0.1468397333731863,1.7457612745478814,0.5748294591903687
16,1,0,0.1083778133334664,-1.3888416079029398,0.9996245503425598
16,1,1,0.1324617718520145,-1.437009524940036,0.9996240735054016
16,1,2,0.14048975802486385,-1.437009524940036,0.9995557069778442
16,1,3,0.14851774419771321,-1.437009524940036,0.9996188879013062
16,1,4,0.09232184098776768,-1.4450375111128855,0.9995887875556946
16,1,5,0.07626586864206895,-1.4450375111128855,0.9995014667510986
16,1,6,0.05218191012352086,-1.4450375111128855,0.999592125415802
16,1,7,0.11640579950631577,-1.3968695940757891,0.9993882179260254
16,1,8,0.004013993086424681,-1.412925566421488,0.9995051622390748
16,1,9,0.14048975802486385,-1.308561746174446,0.9991613030433656
16,1,10,0.09232184098776768,-1.3165897323472955,0.9992244243621826
16,1,11,0.15654573037056257,-1.0034982716061704,0.9991142153739928
16,1,12,-0.09232184098776768,-0.9954702854333211,0.9986220598220824
16,1,13,0.30907746765470046,-0.5459030597537567,0.6896803975105286
16,1,14,-0.08429385481491831,-0.4656231980252631,0.5647649168968201
16,1,15,0.365273370864646,-0.7706866725935388,0.8286533355712891
16,1,16,0.2849935091361524,-0.7144907693835933,0.6047981381416321
16,1,17,0.4134412879017422,-0.8911064651862793,0.8037177920341492
16,1,18,0.365273370864646,-0.8027986172849363,0.6096737384796143
16,1,19,0.3893573293831941,-0.9151904237048274,0.7989270687103271
16,1,20,0.34118941234609795,-0.8750504928405806,0.6082335114479065
16,1,21,0.365273370864646,-0.88307847901343,0.7844532132148743
16,1,22,0.31710545382754984,-0.8509665343220325,0.6053236722946167
16,1,23,0.060209896296370226,0.0,0.9962658882141112
16,1,24,-0.060209896296370226,0.0,0.9954838156700134
16,1,25,0.12443378567916513,0.8349105619763337,0.5657541751861572
16,1,26,0.1083778133334664,0.8589945204948819,0.6091935038566589
16,1,27,-0.05218191012352086,1.6457371654341195,0.5681628584861755
16,1,28,-0.0682378824692196,1.6296811930884207,0.5672771334648132
16,1,29,-0.14048975802486385,1.7982689027182575,0.6350445747375488
16,1,30,-0.1726017027162613,1.7741849441997093,0.5859124064445496
16,1,31,0.14851774419771321,1.814324875063956,0.5945643782615662
16,1,32,0.12443378567916513,1.7982689027182575,0.5856274962425232
16,2,0,-0.12242348797511586,-1.391546979983817,0.9996498823165894
16,2,1,-0.0652925269200618,-1.4405163751738632,0.9996492862701416
16,2,2,-0.057130961055054066,-1.4323548093088556,0.999585211277008
16,2,3,-0.048969395190046346,-1.4323548093088556,0.9996461868286132
16,2,4,-0.10610035624510042,-1.448677941038871,0.9996147751808168
16,2,5,-0.12242348797511586,-1.448677941038871,0.999528169631958
16,2,6,-0.14690818557013904,-1.4568395069038789,0.9996129274368286
16,2,7,0.008161565865007724,-1.391546979983817,0.9994404315948486
16,2,8,-0.09793879038009269,-1.4241932434438478,0.9995163679122924
16,2,9,-0.08161565865007724,-1.3099313213337398,0.9992249011993408
16,2,10,-0.1305850538401236,-1.3180928871987474,0.9992679357528688
16,2,11,0.09793879038009269,-0.9997918184634462,0.9991547465324402
16,2,12,-0.1387466197051313,-0.9997918184634462,0.9984453916549684
16,2,13,0.057130961055054066,-0.5264209982929982,0.7193081974983215
16,2,14,-0.17955444903016993,-0.534582564158006,0.5139914751052856
16,2,15,-0.2774932394102626,-0.7794295401082376,0.8414727449417114
16,2,16,-0.2040391466251931,-0.738621710783199,0.5570469498634338
16,2,17,-0.37543202979035534,-0.9100145939483613,0.8157387971878052
16,2,18,-0.2774932394102626,-0.8120758035682686,0.5652006268501282
16,2,19,-0.35094733219533214,-0.9344992915433844,0.8110556602478027
16,2,20,-0.236685410085224,-0.8365605011632917,0.5640621781349182
16,2,21,-0.31830106873530123,-0.8855298963533381,0.7964699268341064
16,2,22,-0.22036227835520855,-0.8365605011632917,0.5629608631134033
16,2,23,0.057130961055054066,-0.004080782932503862,0.9962868690490724
16,2,24,-0.057130961055054066,0.004080782932503862,0.9954482316970824
16,2,25,-0.0326462634600309,0.8120758035682686,0.5961482524871826
16,2,26,-0.08977722451508496,0.828398935298284,0.5914648771286011
16,2,27,-0.12242348797511586,1.6690402193940796,0.5939970016479492
16,2,28,-0.024484697595023173,1.5955861266090101,0.5673282146453857
16,2,29,-0.08161565865007724,1.807786839099211,0.6549324989318848
16,2,30,0.048969395190046346,1.7588174439091646,0.5886237025260925
16,2,31,-0.35910889806033985,1.8567562342892572,0.6142873167991638
16,2,32,-0.2040391466251931,1.799625273234203,0.5835651159286499
17,1,0,0.09311054136300005,-1.3926098360379138,0.9996503591537476
17,1,1,0.12549681661969572,-1.4492858177371313,0.99964702129364
17,1,2,0.12549681661969572,-1.4411892489229574,0.9995786547660828
17,1,3,0.13359338543386964,-1.4411892489229574,0.9996381998062134
17,1,4,0.08501397254882613,-1.4573823865513051,0.9996159672737122
17,1,5,0.0688208349204783,-1.4573823865513051,0.9995294809341432
17,1,6,0.044531128477956546,-1.4573823865513051,0.9996139407157898
17,1,7,0.1093036789913479,-1.4088029736662617,0.9994166493415833
17,1,8,0.012144853221260877,-1.4249961112946095,0.999537706375122
17,1,9,0.1174002478055218,-1.3197407167103485,0.9992422461509703
17,1,10,0.07691740373465222,-1.3197407167103485,0.9993047118186952
17,1,11,0.12549681661969572,-1.0039745329575658,0.9991768002510072
17,1,12,-0.10120711017717397,-0.9958779641433919,0.9985876083374025
17,1,13,0.27933162408900014,-0.5424701105496524,0.6875245571136475
17,1,14,-0.08501397254882613,-0.48579412885043505,0.5618704557418823
17,1,15,0.35220074341656543,-0.7124980556473047,0.8328368663787842
17,1,16,0.295524761717348,-0.7205946244614787,0.6002484560012817
17,1,17,0.4088767251157828,-0.8177534502315656,0.8057500720024109
17,1,18,0.3845870186732611,-0.8177534502315656,0.6061516404151917
17,1,19,0.3845870186732611,-0.8744294319307832,0.8010759353637695
17,1,20,0.36029731223073935,-0.8744294319307832,0.6048064231872559
17,1,21,0.36029731223073935,-0.8096568814173918,0.7850484848022461
17,1,22,0.32791103697404367,-0.8501397254882613,0.6025035381317139
17,1,23,0.05262769729213047,0.0,0.9963768124580384
17,1,24,-0.05262769729213047,0.0,0.9956077337265016
17,1,25,0.1093036789913479,0.8339465878599135,0.5641579031944275
17,1,26,0.12549681661969572,0.8420431566740875,0.6202654838562012
17,1,27,-0.0688208349204783,1.6517000380914793,0.5739907026290894
17,1,28,-0.07691740373465222,1.6597966069056531,0.5869656801223755
17,1,29,-0.14978652306221749,1.7893417079324359,0.6338556408882141
17,1,30,-0.17407622950473922,1.7893417079324359,0.594777524471283
17,1,31,0.14978652306221749,1.8298245520033054,0.6026512980461121
17,1,32,0.044531128477956546,1.8298245520033054,0.601829469203949
17,2,0,-0.1563309534725111,-1.4069785812526001,0.999672532081604
17,2,1,-0.09873533903527018,-1.4563462507702352,0.9996707439422609
17,2,2,-0.09050739411566433,-1.4481183058506293,0.9996069669723512
17,2,3,-0.08227944919605848,-1.4481183058506293,0.999664068222046
17,2,4,-0.13164711871369358,-1.472802140609447,0.9996417164802552
17,2,5,-0.14810300855290529,-1.472802140609447,0.9995594620704652
17,2,6,-0.1563309534725111,-1.472802140609447,0.9996389746665956
17,2,7,-0.016455889839211698,-1.4069785812526001,0.999464213848114
17,2,8,-0.09873533903527018,-1.4398903609310234,0.999560296535492
17,2,9,-0.12341917379408773,-1.3164711871369357,0.9992929697036744
17,2,10,-0.1563309534725111,-1.3329270769761474,0.999338686466217
17,2,11,0.07405150427645264,-0.9955813352723076,0.9992021918296814
17,2,12,-0.12341917379408773,-1.0038092801919136,0.998455822467804
17,2,13,0.04113972459802924,-0.5265884748547743,0.7171351313591003
17,2,14,-0.14810300855290529,-0.5101325850155626,0.5101630687713623
17,2,15,-0.2879780721862047,-0.7734268224429498,0.8450841903686523
17,2,16,-0.1727868433117228,-0.6335517588096503,0.550041913986206
17,2,17,-0.3867134112214749,-0.8639342165586141,0.8171312808990479
17,2,18,-0.3044339620254164,-0.543044364693986,0.559110164642334
17,2,19,-0.3538016315430515,-0.9050739411566433,0.812552809715271
17,2,20,-0.23861040266856962,-0.7240591529253146,0.5583507418632507
17,2,21,-0.3208898518646281,-0.8721621614782199,0.7964374423027039
17,2,22,-0.23038245774896376,-0.756970932603738,0.5573377013206482
17,2,23,0.04113972459802924,0.0,0.9961669445037842
17,2,24,-0.04113972459802924,0.0,0.9953694939613342
17,2,25,-0.05759561443724094,0.8310224368801907,0.5904582142829895
17,2,26,-0.04113972459802924,0.8392503817997965,0.5868702530860901
17,2,27,-0.1563309534725111,1.6949566534388048,0.5954516530036926
17,2,28,0.0,1.620905149162352,0.5700017213821411
17,2,29,-0.10696328395487603,1.8348317170721042,0.6519353985786438
17,2,30,0.07405150427645264,1.7772361026348633,0.5839436054229736
17,2,31,-0.4031693010606866,1.8759714416701334,0.6180087327957153
17,2,32,-0.14810300855290529,1.7443243229564398,0.5872322916984558
18,1,0,0.10483103989296412,-1.3990911862637903,0.9996460676193236
18,1,1,0.11289496603857674,-1.4636025954286913,0.9996392130851746
18,1,2,0.12095889218418937,-1.4555386692830787,0.999562919139862
18,1,3,0.12095889218418937,-1.4555386692830787,0.9996277093887328
18,1,4,0.08063926145612625,-1.4636025954286913,0.9996193051338196
18,1,5,0.064511409164901,-1.4636025954286913,0.9995291829109192
18,1,6,0.05644748301928837,-1.4716665215743039,0.9996134638786316
18,1,7,0.09676711374735149,-1.4232829647006282,0.9993892312049866
18,1,8,0.024191778436837872,-1.4313468908462408,0.9995359778404236
18,1,9,0.12095889218418937,-1.318451924807664,0.9992484450340272
18,1,10,0.08870318760173887,-1.3345797770988894,0.999319314956665
18,1,11,0.048383556873675744,-0.9958948789831591,0.999179482460022
18,1,12,-0.07257533531051362,-1.0039588051287718,0.9985761046409608
18,1,13,0.24998171051399137,-0.47980360566395114,0.6768439412117004
18,1,14,-0.048383556873675744,-0.4717396795183385,0.5576078295707703
18,1,15,0.47577164259114485,-0.6733378331586541,0.830180823802948
18,1,16,0.3386848981157302,-0.6814017593042667,0.5934820771217346
18,1,17,0.5402830517560459,-0.7136574638867172,0.8026872873306274
18,1,18,0.41126023342624385,-0.5765707194113027,0.6003889441490173
18,1,19,0.516091273319208,-0.7781688730516183,0.7983141541481018
18,1,20,0.38706845498940595,-0.7378492423235551,0.5993912816047668
18,1,21,0.4918994948823701,-0.7539770946147804,0.7803349494934082
18,1,22,0.3628766765525681,-0.7862327991972309,0.5969687104225159
18,1,23,0.01612785229122525,-0.004031963072806313,0.9959930777549744
18,1,24,-0.01612785229122525,0.004031963072806313,0.9952729940414428
18,1,25,0.064511409164901,0.8588081345077445,0.5566040277481079
18,1,26,0.08870318760173887,0.8829999129445824,0.6134545207023621
18,1,27,-0.08063926145612625,1.6490728967777817,0.5694246292114258
18,1,28,-0.064511409164901,1.6813286013602322,0.5868154764175415
18,1,29,-0.1612785229122525,1.7861596412531964,0.6250376105308533
18,1,30,-0.1612785229122525,1.810351419690034,0.5905545949935913
18,1,31,0.12095889218418937,1.810351419690034,0.5981472134590149
18,1,32,0.1612785229122525,1.818415345835647,0.6011623740196228
18,2,0,-0.18661920128360038,-1.397570462946074,0.9996721744537354
18,2,1,-0.13685408094130694,-1.455629770012083,0.9996675252914428
18,2,2,-0.12855989421759137,-1.455629770012083,0.9995973110198976
18,2,3,-0.1202657074938758,-1.455629770012083,0.9996578097343444
18,2,4,-0.17003082783616924,-1.4639239567357987,0.9996486902236938
18,2,5,-0.1783250145598848,-1.472218143459514,0.9995639324188232
18,2,6,-0.1783250145598848,-1.472218143459514,0.9996423721313475
18,2,7,-0.04561802698043565,-1.4141588363935051,0.9994423985481262
18,2,8,-0.1202657074938758,-1.4390413965646518,0.9995641708374025
18,2,9,-0.1451482676650225,-1.3146285957089183,0.9993025660514832
18,2,10,-0.18661920128360038,-1.3312169691563494,0.9993571043014526
18,2,11,0.04561802698043565,-0.9828611267602954,0.999200701713562
18,2,12,-0.11197152077016023,-1.0160378736551576,0.9984869360923768
18,2,13,-0.020735466809288932,-0.46032736316621425,0.7077544927597046
18,2,14,-0.19491338800731595,-0.5515634171270856,0.5123991966247559
18,2,15,-0.31932618886304953,-0.8252715790096995,0.8437089323997498
18,2,16,-0.28614944196818726,-0.7672122719436905,0.5540156364440918
18,2,17,-0.41056224282392084,-0.8999192595231397,0.8160911798477173
18,2,18,-0.4022680561002053,-0.8252715790096995,0.562734842300415
18,2,19,-0.36079712248162743,-0.9413901931417175,0.8118451833724976
18,2,20,-0.3276203755867651,-0.8252715790096995,0.5617614388465881
18,2,21,-0.33591456231048067,-0.9165076329705708,0.7939913868904114
18,2,22,-0.2944436286919028,-0.8418599524571306,0.5603678226470947
18,2,23,0.03732384025672008,-0.004147093361857786,0.9958582520484924
18,2,24,-0.03732384025672008,0.004147093361857786,0.995199739933014
18,2,25,-0.053912213704151224,0.8584483259045618,0.5856976509094238
18,2,26,-0.07050058715158236,0.8750366993519929,0.5892636179924011
18,2,27,-0.10367733404644466,1.7376321186184125,0.5937266945838928
18,2,28,-0.04561802698043565,1.687866998276119,0.5761228203773499
18,2,29,-0.03732384025672008,1.8869274796452928,0.6425488591194153
18,2,30,0.03732384025672008,1.8288681725792837,0.5800229907035828
18,2,31,-0.34420874903419624,1.9035158530927239,0.6194403171539307
18,2,32,-0.26126688179704055,1.8703391061978616,0.5950431823730469
19,1,0,0.11334546207521426,-1.3844338582044027,0.9995649456977844
19,1,1,0.10524935764127039,-1.449202693675954,0.9995765089988708
19,1,2,0.11334546207521426,-1.449202693675954,0.9994997382164
19,1,3,0.12144156650915813,-1.449202693675954,0.9995588660240172
19,1,4,0.07286493990549488,-1.449202693675954,0.9995570182800292
19,1,5,0.064768835471551,-1.4572987981098977,0.999476671218872
19,1,6,0.05667273103760713,-1.4572987981098977,0.9995677471160888
19,1,7,0.10524935764127039,-1.4087221715062344,0.9992828369140624
19,1,8,0.008096104433943875,-1.4087221715062344,0.9995389580726624
19,1,9,0.12144156650915813,-1.303472813864964,0.9991151094436646
19,1,10,0.08096104433943876,-1.3196650227328517,0.9992681741714478
19,1,11,0.05667273103760713,-0.9877247409411528,0.9990780353546144
19,1,12,-0.024288313301831628,-1.0120130542429846,0.998611569404602
19,1,13,0.2671714463201479,-0.5343428926402958,0.6550921201705933
19,1,14,0.048576626603663256,-0.5019584749045203,0.5605669021606445
19,1,15,0.4371896394329693,-0.8096104433943876,0.7953191995620728
19,1,16,0.3967091172632499,-0.7772260256586121,0.5967558026313782
19,1,17,0.5667273103760713,-0.8905714877338263,0.7735751867294312
19,1,18,0.5019584749045203,-0.850090965564107,0.6027213931083679
19,1,19,0.5424389970742397,-0.9310520099035458,0.7693397998809814
19,1,20,0.4695740571687448,-0.8824753832998825,0.6015768647193909
19,1,21,0.48576626603663253,-0.9067636966017141,0.7547677755355835
19,1,22,0.4371896394329693,-0.8824753832998825,0.5991218090057373
19,1,23,0.01619220886788775,-0.008096104433943875,0.9960713982582092
19,1,24,-0.01619220886788775,0.008096104433943875,0.9954237341880798
19,1,25,0.048576626603663256,0.8662831744319948,0.5572284460067749
19,1,26,0.07286493990549488,0.8743792788659386,0.6195677518844604
19,1,27,-0.008096104433943875,1.700181931128214,0.578830361366272
19,1,28,-0.0323844177357755,1.7406624532979333,0.5980842113494873
19,1,29,-0.09715325320732651,1.8459118109392036,0.6308158040046692
19,1,30,-0.129537670943102,1.8782962286749791,0.5923787951469421
19,1,31,0.18621040198070915,1.8459118109392036,0.6143754124641418
19,1,32,0.19430650641465302,1.8702001242410353,0.6135849952697754
19,2,0,-0.17126581571058003,-1.3422460440573365,0.99959397315979
19,2,1,-0.13940240813651864,-1.4059728592054592,0.9996067881584167
19,2,2,-0.12347070434948793,-1.398007007311944,0.9995356798171996
19,2,3,-0.10753900056245723,-1.398007007311944,0.9995917081832886
19,2,4,-0.17126581571058003,-1.4059728592054592,0.9995872974395752
19,2,5,-0.17126581571058003,-1.4139387110989747,0.9995100498199464
19,2,6,-0.17126581571058003,-1.42190456299249,0.9995951056480408
19,2,7,-0.019914629733788377,-1.3661435997378826,0.9993425607681274
19,2,8,-0.11550485245597258,-1.3900411554184287,0.9995533227920532
19,2,9,-0.16329996381706469,-1.2546216732286677,0.999174177646637
19,2,10,-0.20312922328464142,-1.2785192289092138,0.999296247959137
19,2,11,0.043812185414334424,-0.9837827088491458,0.9991206526756288
19,2,12,-0.09160729677542653,-1.0156461164232071,0.998519778251648
19,2,13,-0.05974388920136513,-0.5137974471317401,0.6884956359863281
19,2,14,-0.16329996381706469,-0.5297291509187708,0.5146663188934326
19,2,15,-0.3704121130484638,-0.8483632266593848,0.8121789693832397
19,2,16,-0.26685603843276423,-0.784636411511262,0.5559253096580505
19,2,17,-0.466002335770648,-0.9200558937010229,0.7895693778991699
19,2,18,-0.3863438168354945,-0.808533967191808,0.5635455250740051
19,2,19,-0.44210478009010196,-0.9598851531685997,0.7854457497596741
19,2,20,-0.3544804092614331,-0.896158338020477,0.562116265296936
19,2,21,-0.39430966872900985,-0.943953449381569,0.7706942558288574
19,2,22,-0.2907535941133103,-0.8802266342334462,0.5601080656051636
19,2,23,0.019914629733788377,-0.003982925946757675,0.9960809350013732
19,2,24,-0.019914629733788377,0.003982925946757675,0.9953683018684388
19,2,25,-0.09160729677542653,0.8164998190853234,0.5888685584068298
19,2,26,-0.027880481627303725,0.808533967191808,0.5872079730033875
19,2,27,-0.05974388920136513,1.6847776754784967,0.6045927405357361
19,2,28,0.05177803730784978,1.5652898970757663,0.5825989246368408
19,2,29,0.027880481627303725,1.828163009561773,0.6532860398292542
19,2,30,0.13143655624300327,1.692743527372012,0.5864303112030029
19,2,31,-0.3226170016873717,1.8361288614552882,0.6366389393806458
19,2,32,-0.10753900056245723,1.6768118235849812,0.6075027585029602
20,1,0,0.12729218667928696,-1.3564573643011517,0.9994487762451172
20,1,1,0.1352479483467424,-1.4201034576407952,0.9994897842407228
20,1,2,0.14320371001419782,-1.4201034576407952,0.9993965029716492
20,1,3,0.16707099501656414,-1.4201034576407952,0.999470055103302
20,1,4,0.10342490167692066,-1.4201034576407952,0.99944007396698
20,1,5,0.09546914000946523,-1.4201034576407952,0.999330997467041
20,1,6,0.08751337834200978,-1.4201034576407952,0.999445915222168
20,1,7,0.15115947168165328,-1.396236172638429,0.9991085529327391
20,1,8,0.03977880833727718,-1.3882804109709734,0.9994035363197328
20,1,9,0.1352479483467424,-1.2768997476265973,0.9989088773727416
20,1,10,0.08751337834200978,-1.2848555092940528,0.9990578889846802
20,1,11,0.11138066334437609,-0.9904923275982017,0.9988732933998108
20,1,12,0.0,-1.0064038509331126,0.9985798597335817
20,1,13,0.16707099501656414,-0.49723510421596473,0.6354928016662598
20,1,14,0.10342490167692066,-0.521102389218331,0.5609968304634094
20,1,15,0.32618622836567285,-0.8393328559165484,0.7835848927497864
20,1,16,0.4057438450402272,-0.8711559025863702,0.5975279211997986
20,1,17,0.45347841504495984,-0.9109347109236473,0.7651380300521851
20,1,18,0.48530146171478156,-0.9507135192609245,0.6023854613304138
20,1,19,0.4296111300425935,-0.95866928092838,0.7607706189155579
20,1,20,0.44552265337750435,-1.014359612600568,0.6006895303726196
20,1,21,0.3977880833727718,-0.9348019959260137,0.7450420260429382
20,1,22,0.42165536837513806,-0.9984480892656571,0.5969632267951965
20,1,23,0.03182304666982174,-0.0039778808337277176,0.9959802031517028
20,1,24,-0.03182304666982174,0.0039778808337277176,0.9952173233032228
20,1,25,0.07160185500709891,0.8154655709141821,0.5584546327590942
20,1,26,0.03977880833727718,0.8234213325816375,0.6130666136741638
20,1,27,0.0,1.6746878309993691,0.5797802805900574
20,1,28,-0.01591152333491087,1.6746878309993691,0.5952876806259155
20,1,29,-0.07955761667455435,1.8258473026810225,0.6245865821838379
20,1,30,-0.10342490167692066,1.7940242560112007,0.5873042941093445
20,1,31,0.1591152333491087,1.8338030643484777,0.6186909079551697
20,1,32,0.19093828001893046,1.801980017678656,0.6160368323326111
20,2,0,-0.187102563152848,-1.3336033756639167,0.9994605779647828
20,2,1,-0.1552553183608739,-1.3893360540498714,0.9995000958442688
20,2,2,-0.1313698847668933,-1.3893360540498714,0.9994133114814758
20,2,3,-0.10748445117291269,-1.3893360540498714,0.9994872212409972
20,2,4,-0.187102563152848,-1.397297865247865,0.9994454979896544
20,2,5,-0.187102563152848,-1.4052596764458585,0.999330759048462
20,2,6,-0.187102563152848,-1.413221487643852,0.9994438290596008
20,2,7,-0.0358281503909709,-1.3495269980599038,0.999154567718506
20,2,8,-0.1313698847668933,-1.3734124316538843,0.9993571639060974
20,2,9,-0.17117894075686094,-1.246023452485988,0.9989338517189026
20,2,10,-0.21894980794482213,-1.2699088860799683,0.999033510684967
20,2,11,0.0119427167969903,-0.9832836829522013,0.9989039301872252
20,2,12,-0.09156082877692562,-1.0151309277441753,0.9984329342842102
20,2,13,-0.1632171295588674,-0.4816895774786087,0.6703962683677673
20,2,14,-0.19506437435084154,-0.561307689458544,0.5169917345046997
20,2,15,-0.4100332766966669,-0.8399710813883177,0.7995072603225708
20,2,16,-0.306529731122751,-0.8399710813883177,0.5624037384986877
20,2,17,-0.5055750110725893,-0.9116273821702594,0.7796362042427063
20,2,18,-0.3543005983107122,-0.919589193368253,0.568917989730835
20,2,19,-0.4737277662806152,-0.9514364381602272,0.7754157781600952
20,2,20,-0.3383769759147251,-0.9753218717542077,0.5675297975540161
20,2,21,-0.4339187102906475,-0.9275510045662465,0.7600573301315308
20,2,22,-0.32245335351873805,-0.9514364381602272,0.5642772912979126
20,2,23,-0.003980905598996766,0.003980905598996766,0.9959967136383056
20,2,24,0.003980905598996766,-0.003980905598996766,0.9951863288879396
20,2,25,-0.09952263997491916,0.80016202539835,0.5956576466560364
20,2,26,-0.003980905598996766,0.7842384030023629,0.5965293645858765
20,2,27,-0.0358281503909709,1.6361522011876708,0.6105707287788391
20,2,28,0.07563720638093856,1.4848777884257938,0.5911382436752319
20,2,29,0.06767539518294502,1.771502991553561,0.6525725722312927
20,2,30,0.12340807356889975,1.6122667675936904,0.5946953296661377
20,2,31,-0.2826442975287704,1.8033502363455352,0.644679069519043
20,2,32,-0.11544626237090622,1.6122667675936904,0.6180194616317749
21,1,0,0.16272275733560665,-1.3255951451242103,0.999457597732544
21,1,1,0.14684736637603527,-1.389096708962496,0.999512016773224
21,1,2,0.15478506185582097,-1.389096708962496,0.9994292259216307
21,1,3,0.17066045281539236,-1.389096708962496,0.9995047450065612
21,1,4,0.11509658445689251,-1.389096708962496,0.999450385570526
21,1,5,0.10715888897710682,-1.3970344044422816,0.9993369579315186
21,1,6,0.09128349801753544,-1.3970344044422816,0.9994515180587769
21,1,7,0.18653584377496374,-1.357345927043353,0.9991855621337892
21,1,8,0.09128349801753544,-1.3652836225231388,0.9993916749954224
21,1,9,0.16272275733560665,-1.2462181903263534,0.99899023771286
21,1,10,0.11509658445689251,-1.2620935812859249,0.9990809559822084
21,1,11,0.14684736637603527,-0.9763365440136399,0.9989113211631776
21,1,12,0.027781934179249918,-1.0160250214125683,0.9985536932945251
21,1,13,0.17066045281539236,-0.4921371197467128,0.624902606010437
21,1,14,0.2103489302143208,-0.5477009881052126,0.5636584758758545
21,1,15,0.32941436241110617,-0.8890218937359974,0.7793233394622803
21,1,16,0.384978230769606,-0.9683988485338543,0.6041098833084106
21,1,17,0.42466670816853447,-1.0319004123721398,0.7612789869308472
21,1,18,0.45641749008767724,-1.0954019762104252,0.6084355711936951
21,1,19,0.3691028398100346,-1.0874642807306396,0.7568882703781128
21,1,20,0.4008536217291774,-1.1430281490891394,0.6067532896995544
21,1,21,0.2976635804919634,-1.0398381078519254,0.7413101196289062
21,1,22,0.3691028398100346,-1.103339671690211,0.6021392941474915
21,1,23,0.06747041157817837,0.00793769547978569,0.9962086081504822
21,1,24,-0.06747041157817837,-0.00793769547978569,0.995384693145752
21,1,25,0.08334580253774976,0.8413957208572832,0.5664324164390564
21,1,26,0.003968847739892845,0.8255203298977118,0.6188937425613403
21,1,27,0.003968847739892845,1.690729137194352,0.5906392931938171
21,1,28,-0.019844238699464226,1.7066045281539235,0.598930299282074
21,1,29,-0.08334580253774976,1.8415453513102802,0.6312630772590637
21,1,30,-0.10715888897710682,1.8653584377496373,0.5913174748420715
21,1,31,0.17859814829517803,1.8415453513102802,0.6361389756202698
21,1,32,0.2103489302143208,1.8415453513102802,0.6253964900970459
21,2,0,-0.21072767421189587,-1.331957940773304,0.9994572401046752
21,2,1,-0.1709677356813495,-1.387621854716069,0.999522030353546
21,2,2,-0.1630157479752402,-1.387621854716069,0.999441921710968
21,2,3,-0.14711177256302163,-1.387621854716069,0.9995204210281372
21,2,4,-0.19482369879967731,-1.3955738424221782,0.9994567036628724
21,2,5,-0.2027756865057866,-1.3955738424221782,0.9993436932563782
21,2,6,-0.21072767421189587,-1.4035258301282876,0.9994629621505736
21,2,7,-0.07554388320803815,-1.355813903891632,0.9992252588272096
21,2,8,-0.13915978485691236,-1.3717178793038505,0.9993614554405212
21,2,9,-0.18687171109356804,-1.2524380637122112,0.9989849328994752
21,2,10,-0.21072767421189587,-1.2683420391244298,0.9990283250808716
21,2,11,-0.003975993853054639,-0.9820704817044958,0.9989380836486816
21,2,12,-0.1232558094446938,-1.013878432528933,0.9983471035957336
21,2,13,-0.1630157479752402,-0.4890472439257206,0.6606112122535706
21,2,14,-0.15506376026913093,-0.5367591701623763,0.519665002822876
21,2,15,-0.4413353176890649,-0.8627906661128567,0.7943439483642578
21,2,16,-0.3777194160401907,-0.9343585554678402,0.5651043653488159
21,2,17,-0.528807182456267,-1.013878432528933,0.773089587688446
21,2,18,-0.4572392931012835,-1.069542346471698,0.5712517499923706
21,2,19,-0.5049512193379392,-1.0774943341778072,0.7689095735549927
21,2,20,-0.43338332998295565,-1.0536383710594794,0.5698698163032532
21,2,21,-0.46519128080739275,-1.013878432528933,0.7530596852302551
21,2,22,-0.3777194160401907,-1.0218304202350423,0.5654923915863037
21,2,23,0.003975993853054639,0.003975993853054639,0.995910942554474
21,2,24,-0.003975993853054639,-0.003975993853054639,0.995061695575714
21,2,25,-0.13120779715080308,0.7991747644639824,0.5870433449745178
21,2,26,-0.04373593238360103,0.7912227767578731,0.5767795443534851
21,2,27,-0.03578394467749175,1.6341334736054567,0.6061725616455078
21,2,28,0.05963990779581958,1.5069016703077083,0.5658411383628845
21,2,29,0.07554388320803815,1.7852212400215328,0.6499568819999695
21,2,30,0.14711177256302163,1.6500374490176752,0.5698526501655579
21,2,31,-0.2345836373302237,1.7772692523154237,0.6495382785797119
21,2,32,-0.10735183403247525,1.6420854613115659,0.602641761302948
22,1,0,0.14374149774707212,-1.3296088541604172,0.9994556903839112
22,1,1,0.13575585898334588,-1.4014796030339531,0.9995335340499878
22,1,2,0.14374149774707212,-1.4014796030339531,0.9994544386863708
22,1,3,0.15172713651079836,-1.4014796030339531,0.9995359182357788
22,1,4,0.10381330392844097,-1.4014796030339531,0.9994593858718872
22,1,5,0.09582766516471475,-1.4014796030339531,0.9993450045585632
22,1,6,0.08784202640098852,-1.3934939642702269,0.99946790933609
22,1,7,0.1676984140382508,-1.361551409215322,0.9992466568946838
22,1,8,0.06388511010980984,-1.361551409215322,0.9993932843208312
22,1,9,0.15172713651079836,-1.257738105286881,0.9990372061729432
22,1,10,0.11978458145589344,-1.2657237440506073,0.99907249212265
22,1,11,0.12777022021961967,-0.978240748556463,0.9989638924598694
22,1,12,-0.00798563876372623,-1.0181689423750941,0.9984764456748962
22,1,13,0.1916553303294295,-0.4911167839691631,0.6182368397712708
22,1,14,0.21561224662060818,-0.5390306165515205,0.5656526684761047
22,1,15,0.3513681056039541,-0.8983843609192008,0.7774828672409058
22,1,16,0.3753250218951328,-1.0021976648476418,0.6062175035476685
22,1,17,0.4392101320049426,-1.0580971361937253,0.7566238045692444
22,1,18,0.4392101320049426,-1.1379535238309877,0.609758198261261
22,1,19,0.383310660658859,-1.113996607539809,0.7520808577537537
22,1,20,0.3912962994225852,-1.1778817176496188,0.6079371571540833
22,1,21,0.3353968280765016,-1.0660827749574515,0.7358230948448181
22,1,22,0.3513681056039541,-1.1379535238309877,0.6020617485046387
22,1,23,0.06388511010980984,0.011978458145589344,0.9961482882499696
22,1,24,-0.06388511010980984,-0.011978458145589344,0.9952706694602966
22,1,25,0.047913832582357374,0.8744274446280221,0.5528180003166199
22,1,26,-0.00798563876372623,0.8584561671005696,0.5951117873191833
22,1,27,-0.055899471346083605,1.7368764311104548,0.5827527046203613
22,1,28,-0.055899471346083605,1.744862069874181,0.571471631526947
22,1,29,-0.13575585898334588,1.8806179288575269,0.626880407333374
22,1,30,-0.13575585898334588,1.8886035676212531,0.5672769546508789
22,1,31,0.18366969156570326,1.848675373802622,0.6372267007827759
22,1,32,0.20762660785688195,1.8566610125663483,0.609479546546936
22,2,0,-0.21867966191800514,-1.3279819469202494,0.9994412064552308
22,2,1,-0.1630157479752402,-1.3915978485691236,0.9995290040969848
22,2,2,-0.15506376026913093,-1.3915978485691236,0.9994522929191588
22,2,3,-0.14711177256302163,-1.3915978485691236,0.9995357394218444
22,2,4,-0.19482369879967731,-1.3915978485691236,0.999449908733368
22,2,5,-0.2027756865057866,-1.3915978485691236,0.9993396997451782
22,2,6,-0.21072767421189587,-1.399549836275233,0.9994680285453796
22,2,7,-0.08349587091414742,-1.3518379100385773,0.9992691874504088
22,2,8,-0.13915978485691236,-1.367741885450796,0.999367356300354
22,2,9,-0.18687171109356804,-1.2484620698591566,0.9990264773368835
22,2,10,-0.21072767421189587,-1.2643660452713752,0.9990237951278688
22,2,11,0.003975993853054639,-0.9780944878514412,0.9989781975746156
22,2,12,-0.13120779715080308,-1.0178544263819875,0.9983787536621094
22,2,13,-0.14711177256302163,-0.48507125007266594,0.6542363166809082
22,2,14,-0.09939984632636598,-0.5327831763093216,0.5207990407943726
22,2,15,-0.42543134227684637,-0.8906226230842391,0.7929785251617432
22,2,16,-0.36976742833408144,-0.9303825616147855,0.569445013999939
22,2,17,-0.5208551947501577,-0.9939984632636597,0.7697221636772156
22,2,18,-0.46519128080739275,-1.025806414088097,0.5750327706336975
22,2,19,-0.49699923163182985,-1.033758401794206,0.7652484774589539
22,2,20,-0.4413353176890649,-1.0417103895003155,0.5734444260597229
22,2,21,-0.4572392931012835,-1.0099024386758784,0.7492790818214417
22,2,22,-0.40157537915851854,-1.0099024386758784,0.5676555037498474
22,2,23,-0.003975993853054639,0.007951987706109278,0.9959154725074768
22,2,24,0.003975993853054639,-0.007951987706109278,0.9950647354125975
22,2,25,-0.15506376026913093,0.8031507583170371,0.5838422179222107
22,2,26,-0.011927981559163917,0.7872467829048185,0.5556625127792358
22,2,27,-0.05168792008971031,1.6063015166340742,0.5990059971809387
22,2,28,0.0914478586202567,1.4393097748057793,0.5425503849983215
22,2,29,0.05963990779581958,1.7653412707562597,0.6484742164611816
22,2,30,0.1709677356813495,1.5347336272790906,0.5544010996818542
22,2,31,-0.24253562503633297,1.7653412707562597,0.6483141183853149
22,2,32,-0.08349587091414742,1.5585895903974185,0.5903653502464294
23,1,0,0.10950038503280249,-1.333558260578059,0.9994665384292604
23,1,1,0.10950038503280249,-1.3961299091682318,0.9995534420013428
23,1,2,0.1173218411065741,-1.3961299091682318,0.9994803071022034
23,1,3,0.1251432971803457,-1.3961299091682318,0.9995628595352172
23,1,4,0.07821456073771607,-1.3961299091682318,0.999472677707672
23,1,5,0.06257164859017285,-1.3961299091682318,0.9993662238121032
23,1,6,0.054750192516401244,-1.3883084530944603,0.9994893074035645
23,1,7,0.14860766540166054,-1.3570226287993739,0.99931538105011
23,1,8,0.02346436822131482,-1.3570226287993739,0.999409317970276
23,1,9,0.1329647532541173,-1.2553436998403429,0.9991018176078796
23,1,10,0.07821456073771607,-1.2631651559141144,0.999091386795044
23,1,11,0.21900077006560498,-0.973771281184565,0.9990388751029968
23,1,12,-0.07039310466394447,-1.0207000176271948,0.9985024333000184
23,1,13,0.3206796990246359,-0.5435911971271267,0.665712833404541
23,1,14,0.22682222613937658,-0.5592341092746699,0.5674347877502441
23,1,15,0.45364445227875316,-1.012878561553423,0.8046510815620422
23,1,16,0.3363226111721791,-1.036342929774738,0.611205518245697
23,1,17,0.48493027657383964,-1.1223789465862255,0.7775880098342896
23,1,18,0.39889425976235193,-1.1458433148075404,0.6145879626274109
23,1,19,0.44582299620498156,-1.1771291391026268,0.7726475596427917
23,1,20,0.3597869793934939,-1.1849505951763983,0.6127219796180725
23,1,21,0.42235862798366675,-1.1380218587337687,0.7567662596702576
23,1,22,0.3206796990246359,-1.1458433148075404,0.6061311364173889
23,1,23,0.10950038503280249,0.01173218411065741,0.9961804747581482
23,1,24,-0.10950038503280249,-0.01173218411065741,0.9953140616416932
23,1,25,0.039107280368858036,0.856449440077991,0.557831346988678
23,1,26,-0.02346436822131482,0.8642708961517626,0.5733017325401306
23,1,27,-0.08603601681148768,1.6542379596026948,0.577194094657898
23,1,28,-0.08603601681148768,1.669880871750238,0.5469969511032104
23,1,29,-0.16425057754920375,1.8028456250043554,0.6264379024505615
23,1,30,-0.16425057754920375,1.810667081078127,0.5474002361297607
23,1,31,0.14860766540166054,1.7872027128568122,0.6354170441627502
23,1,32,0.18771494577051856,1.7950241689305837,0.5933345556259155
23,2,0,-0.22285302995261805,-1.3371181797157081,0.9992528557777404
23,2,1,-0.19101688281652973,-1.4007904739878847,0.9993873238563538
23,2,2,-0.1750988092484856,-1.4007904739878847,0.9992719292640686
23,2,3,-0.15918073568044144,-1.4007904739878847,0.9994142055511476
23,2,4,-0.21489399316859598,-1.4007904739878847,0.9992589354515076
23,2,5,-0.22285302995261805,-1.4087495107719068,0.9990811944007874
23,2,6,-0.22285302995261805,-1.4087495107719068,0.9992967247962952
23,2,7,-0.0875494046242428,-1.3609952900677744,0.999078094959259
23,2,8,-0.15918073568044144,-1.3769133636358186,0.99909108877182
23,2,9,-0.19101688281652973,-1.2575278118754876,0.9988088607788086
23,2,10,-0.22285302995261805,-1.2734458854435315,0.9986588954925536
23,2,11,0.015918073568044144,-0.978961524434715,0.999033272266388
23,2,12,-0.11142651497630902,-1.0187567083548252,0.9982185363769532
23,2,13,-0.03979518392011036,-0.49346028060936853,0.6964432597160339
23,2,14,-0.1193855517603311,-0.5412145013135009,0.5177400708198547
23,2,15,-0.4695831702573023,-0.8356988623223176,0.8165313601493835
23,2,16,-0.4059108759851257,-0.8277398255382956,0.5609989762306213
23,2,17,-0.5571325748815451,-0.9152892301625384,0.7876948714256287
23,2,18,-0.5014193173933906,-0.8993711565944942,0.5660335421562195
23,2,19,-0.5412145013135009,-0.9550844140826488,0.782787024974823
23,2,20,-0.48550124382534643,-0.9232482669465605,0.5645936131477356
23,2,21,-0.5014193173933906,-0.9312073037305825,0.7663012742996216
23,2,22,-0.45366509668925814,-0.9073301933785163,0.5593599677085876
23,2,23,0.007959036784022072,0.007959036784022072,0.9959850907325744
23,2,24,-0.007959036784022072,-0.007959036784022072,0.994729459285736
23,2,25,-0.15122169889641937,0.772026568050141,0.560634970664978
23,2,26,-0.0875494046242428,0.8118217519702514,0.5251235365867615
23,2,27,-0.05571325748815451,1.5918073568044147,0.5768256783485413
23,2,28,0.015918073568044144,1.5042579521801718,0.5050551891326904
23,2,29,0.07163133105619865,1.750988092484856,0.6387722492218018
23,2,30,0.09550844140826487,1.5997663935884365,0.5187440514564514
23,2,31,-0.19101688281652973,1.758947129268878,0.6327266693115234
23,2,32,-0.11142651497630902,1.6077254303724586,0.5568822622299194
24,1,0,0.1082375172426304,-1.3429469731955994,0.9988880157470704
24,1,1,0.1082375172426304,-1.407087724154195,0.9990513324737548
24,1,2,0.12427270498227934,-1.407087724154195,0.9989113211631776
24,1,3,0.14030789272192828,-1.407087724154195,0.9991468787193298
24,1,4,0.08418473563315697,-1.4151053180240196,0.9988497495651244
24,1,5,0.0761671417633325,-1.4151053180240196,0.9985905289649964
24,1,6,0.06814954789350802,-1.4151053180240196,0.9988409280776978
24,1,7,0.1322902988521038,-1.3669997548050727,0.9986699223518372
24,1,8,0.020043984674561185,-1.375017348674897,0.9985097050666808
24,1,9,0.1322902988521038,-1.2627710344973546,0.998505473136902
24,1,10,0.09220232950298145,-1.270788628367179,0.9982439875602722
24,1,11,0.11625511111245486,-0.9661200613138491,0.9989436864852904
24,1,12,0.004008796934912236,-1.0302608122724448,0.998226523399353
24,1,13,0.27660698850894433,-0.5091172107338541,0.6855428218841553
24,1,14,0.20444864368052407,-0.5492051800829765,0.5621748566627502
24,1,15,0.5091172107338541,-0.9500848735742001,0.8230868577957153
24,1,16,0.4449764597752583,-0.9581024674440246,0.6017407178878784
24,1,17,0.5892931494320988,-1.0462960000120938,0.7935776710510254
24,1,18,0.5091172107338541,-1.0462960000120938,0.6047295928001404
24,1,19,0.5331699923433275,-1.0783663754913917,0.7888355255126953
24,1,20,0.4529940536450828,-1.0783663754913917,0.6030508279800415
24,1,21,0.5010996168640296,-1.0543135938819184,0.7715536952018738
24,1,22,0.42894127203560933,-1.0543135938819184,0.5962813496589661
24,1,23,0.05211436015385908,0.004008796934912236,0.9960366487503052
24,1,24,-0.05211436015385908,-0.004008796934912236,0.9947429299354552
24,1,25,0.004008796934912236,0.8538737471363065,0.5363913774490356
24,1,26,-0.05211436015385908,0.8538737471363065,0.5519640445709229
24,1,27,-0.09220232950298145,1.6796859157282271,0.5592543482780457
24,1,28,-0.1082375172426304,1.7037386973377007,0.5250609517097473
24,1,29,-0.15634308046157724,1.848055386994541,0.6217799782752991
24,1,30,-0.18841345594087514,1.86409057473419,0.5303491950035095
24,1,31,0.14832548659175276,1.8079674176454188,0.6188809871673584
24,1,32,0.18039586207105066,1.8079674176454188,0.5693419575691223
24,2,0,-0.2627361946542084,-1.362186116899511,0.9988526701927184
24,2,1,-0.23039943223522888,-1.42685964173747,0.9990447759628296
24,2,2,-0.21423105102573914,-1.42685964173747,0.9988945722579956
24,2,3,-0.19806266981624937,-1.418775451132725,0.99913489818573
24,2,4,-0.24656781344471862,-1.434943832342215,0.9988491535186768
24,2,5,-0.24656781344471862,-1.434943832342215,0.9985926747322084
24,2,6,-0.23848362283997374,-1.4430280229469599,0.9988611340522766
24,2,7,-0.11722076376880065,-1.370270307504256,0.9986526370048524
24,2,8,-0.1657259073972699,-1.3945228793184905,0.9985277056694032
24,2,9,-0.23039943223522888,-1.2732600202473174,0.998446762561798
24,2,10,-0.2627361946542084,-1.2894284014568071,0.9981511235237122
24,2,11,-0.028294667116607053,-0.9741449678717572,0.9989592432975768
24,2,12,-0.08488400134982116,-1.0226501115002264,0.998102366924286
24,2,13,-0.07679981074507629,-0.48100934098231996,0.7139246463775635
24,2,14,-0.10105238255931091,-0.5214302940060442,0.5082730054855347
24,2,15,-0.48100934098231996,-0.6911982967056867,0.8280858397483826
24,2,16,-0.2627361946542084,-0.5295144846107892,0.5451090931892395
24,2,17,-0.6184405812629827,-0.7397034403341558,0.7964149117469788
24,2,18,-0.3031571476779327,-0.5375986752155341,0.5497419238090515
24,2,19,-0.5861038188440033,-0.788208583962625,0.7918623685836792
24,2,20,-0.3193255288874225,-0.5780196282392585,0.5484592914581299
24,2,21,-0.5456828658202789,-0.7801243933578802,0.7726816534996033
24,2,22,-0.3112413382826776,-0.5699354376345135,0.5427600741386414
24,2,23,0.012126285907117309,0.004042095302372436,0.996030330657959
24,2,24,-0.012126285907117309,-0.004042095302372436,0.9944064021110536
24,2,25,-0.14955752618778015,0.7720402027531353,0.5503992438316345
24,2,26,-0.05254723893084167,0.7639560121483905,0.5085091590881348
24,2,27,-0.0444630483260968,1.5885434538323675,0.5794371366500854
24,2,28,0.03637885772135193,1.4430280229469599,0.491213321685791
24,2,29,0.09296819195456604,1.7583114565320097,0.6450504064559937
24,2,30,0.10913657316405578,1.5723750726228778,0.5086851119995117
24,2,31,-0.20614686042099425,1.7502272659272649,0.6361290216445923
24,2,32,-0.14955752618778015,1.5804592632276226,0.5441073179244995
25,1,0,-0.019892709559798348,-1.3527042500662878,0.9988213181495668
25,1,1,0.00397854191195967,-1.4163609206576424,0.998915672302246
25,1,2,0.019892709559798348,-1.4163609206576424,0.9987635016441344
25,1,3,0.043763961031556366,-1.4163609206576424,0.9989603161811828
25,1,4,-0.043763961031556366,-1.4243180044815618,0.998776376247406
25,1,5,-0.051721044855475705,-1.4243180044815618,0.9985458850860596
25,1,6,-0.06763521250331439,-1.4322750883054811,0.9987601637840272
25,1,7,0.11537771544683043,-1.3686184177141263,0.9984216094017028
25,1,8,-0.08354938015115307,-1.384532585361965,0.998387098312378
25,1,9,0.019892709559798348,-1.2731334118270943,0.9983263611793518
25,1,10,-0.035806877207637026,-1.2810904956510136,0.998042643070221
25,1,11,0.2108627213338625,-0.9628071426942401,0.9989370107650756
25,1,12,-0.00397854191195967,-1.0264638132855948,0.9982360601425172
25,1,13,0.2108627213338625,-0.49333919708299906,0.7187589406967163
25,1,14,0.11537771544683043,-0.5092533647308377,0.5556511282920837
25,1,15,0.6405452478255068,-0.7559229632723372,0.8310391306877136
25,1,16,0.4893606551710394,-0.7002233765049019,0.5875294208526611
25,1,17,0.783772756656055,-0.8275367176876113,0.7983028888702393
25,1,18,0.6325881640015875,-0.7718371309201759,0.5895272493362427
25,1,19,0.7758156728321356,-0.8752792206311273,0.794759213924408
25,1,20,0.5848456610580715,-0.8354938015115306,0.5883076190948486
25,1,21,0.7042019184168615,-0.8593650529832887,0.7766231298446655
25,1,22,0.5371031581145554,-0.8116225500397726,0.5818644165992737
25,1,23,0.035806877207637026,0.0,0.9960810542106628
25,1,24,-0.035806877207637026,0.0,0.9945256114006042
25,1,25,-0.06763521250331439,0.8514079691593693,0.5373470783233643
25,1,26,-0.00397854191195967,0.867322136807208,0.5472055673599243
25,1,27,-0.1312918830946691,1.5755025971360292,0.5768123865127563
25,1,28,-0.14720605074250778,1.6391592677273839,0.5304786562919617
25,1,29,-0.18699146986210446,1.7505584412622546,0.6456528902053833
25,1,30,-0.22677688898170117,1.758515525086174,0.5436146855354309
25,1,31,0.043763961031556366,1.8221721956775287,0.6327934265136719
25,1,32,0.09150646397507241,1.8380863633253675,0.5726019740104675
25,2,0,-0.3062449204171793,-1.3801437746800882,0.998787522315979
25,2,1,-0.25724573315043064,-1.4373094931579617,0.998883843421936
25,2,2,-0.24091267072818107,-1.4373094931579617,0.998723566532135
25,2,3,-0.22457960830593152,-1.429142961946837,0.9989332556724548
25,2,4,-0.281745326783805,-1.4536425555802113,0.9987506866455078
25,2,5,-0.281745326783805,-1.4536425555802113,0.9985266327857972
25,2,6,-0.2735787955726802,-1.4536425555802113,0.99876207113266
25,2,7,-0.13474776498355892,-1.3801437746800882,0.9983847737312316
25,2,8,-0.1919134834614324,-1.4046433683134625,0.998342752456665
25,2,9,-0.2735787955726802,-1.2903119313577156,0.998308002948761
25,2,10,-0.3062449204171793,-1.2984784625688404,0.9979508519172668
25,2,11,-0.044915921661186305,-0.9718172141238491,0.9990055561065674
25,2,12,-0.12658123377243413,-1.0208164013905978,0.9981085658073424
25,2,13,-0.020416328027811955,-0.4654922790341126,0.7458512783050537
25,2,14,-0.10208164013905978,-0.47365881024523737,0.5037664175033569
25,2,15,-0.47774207585079975,-0.5144914663008613,0.8449389934539795
25,2,16,-0.15924735861693326,-0.23682940512261869,0.5344493985176086
25,2,17,-0.616573106439921,-0.522657997511986,0.8130480647087097
25,2,18,-0.1919134834614324,-0.18783021785586998,0.5384585857391357
25,2,19,-0.616573106439921,-0.5716571847787347,0.8096657395362854
25,2,20,-0.20008001467255718,-0.20416328027811956,0.5375360250473022
25,2,21,-0.5675739191731723,-0.5716571847787347,0.7914013266563416
25,2,22,-0.1919134834614324,-0.2204963427003691,0.5322096943855286
25,2,23,0.020416328027811955,0.0,0.9959146976470948
25,2,24,-0.020416328027811955,0.0,0.9938601851463318
25,2,25,-0.11841470256130934,0.7839869962679791,0.5679288506507874
25,2,26,-0.11024817135018455,0.7594874026346048,0.5088000893592834
25,2,27,-0.028582859238936737,1.5516409301137086,0.6025272607803345
25,2,28,-0.020416328027811955,1.4536425555802113,0.4998362958431244
25,2,29,0.11024817135018455,1.6741388982805803,0.6680208444595337
25,2,30,0.08574857771681021,1.576140523747083,0.5233205556869507
25,2,31,-0.2327461395170563,1.7394711479695786,0.6521336436271667
25,2,32,-0.1837469522503076,1.6414727734360812,0.5510019063949585
26,1,0,0.10404828961217041,-1.3846426233004216,0.9982881546020508
26,1,1,0.0800371458555157,-1.4406686253992826,0.998422145843506
26,1,2,0.08804086044106728,-1.432664910813731,0.9981725215911864
26,1,3,0.09604457502661884,-1.432664910813731,0.9985755085945128
26,1,4,0.06402971668441257,-1.4486723399848342,0.9983530640602112
26,1,5,0.056026002098860994,-1.4486723399848342,0.9980266094207764
26,1,6,0.04802228751330942,-1.4486723399848342,0.9984138011932372
26,1,7,0.08804086044106728,-1.3846426233004216,0.997499942779541
26,1,8,0.07203343126996413,-1.4006500524715249,0.9980067014694214
26,1,9,0.08804086044106728,-1.2885980482738029,0.9976471066474916
26,1,10,0.07203343126996413,-1.3046054774449058,0.9974552392959596
26,1,11,0.0,-0.9844568940228432,0.9987764358520508
26,1,12,0.16807800629658298,-1.008468037779498,0.9982076287269592
26,1,13,0.12005571878327355,-0.4882265897186458,0.6776689887046814
26,1,14,0.06402971668441257,-0.4562117313764395,0.5493588447570801
26,1,15,0.2881337250798565,-0.5282451626464036,0.7706626057624817
26,1,16,0.3681708709353722,-0.44820801679088795,0.5678872466087341
26,1,17,0.4081894438631301,-0.5442525918175067,0.7454642057418823
26,1,18,0.504234018889749,-0.4642154459619911,0.5692682862281799
26,1,19,0.44020430220533635,-0.576267450159713,0.7429935336112976
26,1,20,0.520241448060852,-0.5122377334753005,0.5680121779441833
26,1,21,0.41619315844868165,-0.5682637355741615,0.7266303896903992
26,1,22,0.47221916054754265,-0.504234018889749,0.5585421323776245
26,1,23,-0.08804086044106728,-0.02401114375665471,0.9953002333641052
26,1,24,0.08804086044106728,0.02401114375665471,0.9930725693702698
26,1,25,-0.02401114375665471,0.7683566002129507,0.5289719104766846
26,1,26,0.13606314795437668,0.8243826023118117,0.5378958582878113
26,1,27,-0.10404828961217041,1.544716915011453,0.5682485103607178
26,1,28,-0.10404828961217041,1.656768919209175,0.5163650512695312
26,1,29,-0.1840854354676861,1.656768919209175,0.6340555548667908
26,1,30,-0.20809657922434083,1.7528134942357938,0.5348639488220215
26,1,31,0.08804086044106728,1.6887837775513814,0.6187848448753357
26,1,32,0.12805943336882514,1.8008357817491034,0.5620351433753967
26,2,0,-0.32709989491500024,-1.3972415264270381,0.9983637928962708
26,2,1,-0.26248756999351874,-1.4457007701181492,0.9984681606292723
26,2,2,-0.24633448876314834,-1.4457007701181492,0.9982473254203796
26,2,3,-0.23018140753277797,-1.437624229502964,0.99862939119339
26,2,4,-0.26248756999351874,-1.4618538513485198,0.9983864426612854
26,2,5,-0.25441102937833354,-1.4618538513485198,0.9981024861335754
26,2,6,-0.23825794814796314,-1.4618538513485198,0.9984672665596008
26,2,7,-0.15749254199611123,-1.3810884451966678,0.9976487159729004
26,2,8,-0.189798704456852,-1.4053180670422234,0.9980193376541138
26,2,9,-0.3109468136846299,-1.3003230390448157,0.9978026151657104
26,2,10,-0.31902335429981504,-1.3164761202751862,0.9975159168243408
26,2,11,-0.13326292015055566,-0.9853379550525934,0.9988937973976136
26,2,12,-0.15749254199611123,-0.9934144956677785,0.9981862902641296
26,2,13,0.036344432768333365,-0.45228627445037073,0.709551215171814
26,2,14,-0.16556908261129644,-0.4442097338351855,0.5031596422195435
26,2,15,-0.3836356792212966,-0.3311381652225929,0.7927957773208618
26,2,16,-0.49670724783388925,-0.31498508399222247,0.5265644788742065
26,2,17,-0.5370899509098153,-0.2746023809162965,0.7690219283103943
26,2,18,-0.6178553570616672,-0.2826789215314817,0.5289126634597778
26,2,19,-0.569396113370556,-0.32306162460740767,0.7666438221931458
26,2,20,-0.6178553570616672,-0.30690854337703727,0.5283491015434265
26,2,21,-0.5209368696794449,-0.3472912464529632,0.7505164742469788
26,2,22,-0.5855491946009264,-0.31498508399222247,0.5204121470451355
26,2,23,0.012114810922777787,-0.008076540615185191,0.9953282475471495
26,2,24,-0.012114810922777787,0.008076540615185191,0.9924675822257996
26,2,25,-0.0928802170746297,0.7268886553666672,0.5605934262275696
26,2,26,-0.06865059522907413,0.7511182772122228,0.4995492398738861
26,2,27,-0.0040382703075925955,1.5426192575003717,0.5975380539894104
26,2,28,0.02019135153796298,1.3891649858118529,0.4930182099342346
26,2,29,0.12518637953537046,1.6395377448825939,0.6530232429504395
26,2,30,0.10903329830500008,1.518389635654816,0.5236952304840088
26,2,31,-0.23825794814796314,1.67992044795852,0.642035722732544
26,2,32,-0.16556908261129644,1.558772338730742,0.5520231127738953
27,1,0,0.0866034350466503,-1.3935280002961004,0.9981905221939088
27,1,1,0.06298431639756386,-1.4486392771439687,0.9982861876487732
27,1,2,0.06298431639756386,-1.4407662375942731,0.9979739189147948
27,1,3,0.06298431639756386,-1.4407662375942731,0.9984090924263
27,1,4,0.05511127684786837,-1.4565123166936642,0.9982730746269226
27,1,5,0.04723823729817289,-1.4565123166936642,0.9979244470596312
27,1,6,0.03936519774847741,-1.4643853562433595,0.9983431100845336
27,1,7,0.07873039549695482,-1.3935280002961004,0.997099757194519
27,1,8,0.04723823729817289,-1.4014010398457957,0.9978698492050172
27,1,9,0.05511127684786837,-1.3069245652494499,0.9971433877944946
27,1,10,0.04723823729817289,-1.322670644348841,0.9970760345458984
27,1,11,-0.007873039549695482,-0.9998760228113261,0.99843567609787
27,1,12,0.03936519774847741,-0.9998760228113261,0.9982410073280334
27,1,13,0.11809559324543223,-0.4881284520811199,0.6440843939781189
27,1,14,0.05511127684786837,-0.44876325433264247,0.5459700226783752
27,1,15,0.29130246333873283,-0.49600149163081536,0.7235314846038818
27,1,16,0.3070485424381238,-0.4723823729817289,0.5536734461784363
27,1,17,0.425144135683556,-0.5117475707302063,0.7057393193244934
27,1,18,0.44876325433264247,-0.4802554125314244,0.5540165305137634
27,1,19,0.45663629388233795,-0.5432397289289882,0.7041006088256836
27,1,20,0.44876325433264247,-0.5274936498295972,0.5534375309944153
27,1,21,0.41727109613386054,-0.5353666893792928,0.6895025372505188
27,1,22,0.40939805658416506,-0.5274936498295972,0.5422066450119019
27,1,23,-0.05511127684786837,-0.03149215819878193,0.9942606687545776
27,1,24,0.05511127684786837,0.03149215819878193,0.9915364384651184
27,1,25,0.0,0.7164465990222888,0.5285690426826477
27,1,26,0.15746079099390964,0.8030500340689392,0.5356048345565796
27,1,27,-0.06298431639756386,1.5431157517403145,0.5761944651603699
27,1,28,-0.06298431639756386,1.5588618308397053,0.5200396180152893
27,1,29,-0.14958775144421416,1.5903539890384872,0.6301028728485107
27,1,30,-0.15746079099390964,1.6297191867869647,0.5421794652938843
27,1,31,0.07085735594725934,1.6061000681378783,0.6203125715255737
27,1,32,0.11022255369573675,1.6927035031845286,0.5693959593772888
27,2,0,-0.3286903170935919,-1.3979238787233488,0.9983144998550416
27,2,1,-0.25740807965160817,-1.4454453703513381,0.9983888268470764
27,2,2,-0.2415675824422784,-1.4375251217466731,0.998110294342041
27,2,3,-0.23364733383761355,-1.4375251217466731,0.9985121488571168
27,2,4,-0.265328328256273,-1.461285867560668,0.9983734488487244
27,2,5,-0.25740807965160817,-1.461285867560668,0.9980648756027222
27,2,6,-0.24948783104694328,-1.461285867560668,0.998449206352234
27,2,7,-0.1782055936049595,-1.3741631329093542,0.997331202030182
27,2,8,-0.2019663394189541,-1.3979238787233488,0.9979912042617798
27,2,9,-0.3128498198842622,-1.3028808954673705,0.9973800778388976
27,2,10,-0.3286903170935919,-1.3187213926767003,0.997253715991974
27,2,11,-0.13860435058163517,-0.9939911998854407,0.998587727546692
27,2,12,-0.19404609081428922,-0.9781507026761109,0.9982563257217408
27,2,13,0.0356411187209919,-0.46333454337289465,0.6793571710586548
27,2,14,-0.17028534500029463,-0.42373330034957035,0.4981319010257721
27,2,15,-0.384132057326246,-0.3286903170935919,0.7504144906997681
27,2,16,-0.4316535489542352,-0.2415675824422784,0.5089014768600464
27,2,17,-0.5266965322102136,-0.28116882546560273,0.7333158254623413
27,2,18,-0.5504572780242082,-0.25740807965160817,0.5103246569633484
27,2,19,-0.5583775266288731,-0.3207700684889271,0.7316721081733704
27,2,20,-0.5821382724428676,-0.2890890740702676,0.5100789070129395
27,2,21,-0.5187762836055487,-0.3445308143029217,0.7171386480331421
27,2,22,-0.5266965322102136,-0.29700932267493246,0.5005633234977722
27,2,23,0.003960124302332433,-0.011880372906997299,0.9944413304328918
27,2,24,-0.003960124302332433,0.011880372906997299,0.9912920594215392
27,2,25,-0.13860435058163517,0.7009420015128407,0.556009829044342
27,2,26,-0.0594018645349865,0.6851015043035109,0.4942653179168701
27,2,27,-0.011880372906997299,1.4929668619793273,0.5975555777549744
27,2,28,0.011880372906997299,1.3504023870953596,0.4895292222499847
27,2,29,0.09108285895364596,1.5880098452353058,0.6478104591369629
27,2,30,0.1069233561629757,1.4771263647699975,0.5249875783920288
27,2,31,-0.2415675824422784,1.5959300938399705,0.6364502906799316
27,2,32,-0.1782055936049595,1.508807359188657,0.5487852692604065
28,1,0,-0.0075990716021440115,-1.390630103192354,0.9982689023017884
28,1,1,-0.015198143204288023,-1.443823604407362,0.9983046650886536
28,1,2,-0.0075990716021440115,-1.4362245328052181,0.9979929327964784
28,1,3,-0.0075990716021440115,-1.4362245328052181,0.998408854007721
28,1,4,-0.022797214806432032,-1.443823604407362,0.9983419179916382
28,1,5,-0.030396286408576046,-1.4514226760095061,0.9980198740959167
28,1,6,-0.03799535801072006,-1.4514226760095061,0.9984176754951476
28,1,7,0.015198143204288023,-1.3830310315902101,0.9970888495445251
28,1,8,-0.022797214806432032,-1.390630103192354,0.9979739785194396
28,1,9,-0.015198143204288023,-1.30704031556877,0.9970695972442628
28,1,10,-0.030396286408576046,-1.3146393871709139,0.997103989124298
28,1,11,-0.05319350121500808,-0.9954783798808654,0.998140513896942
28,1,12,-0.022797214806432032,-1.0030774514830094,0.9983752369880676
28,1,13,0.030396286408576046,-0.4787415109350727,0.6152892708778381
28,1,14,-0.0075990716021440115,-0.4559442961286407,0.545210063457489
28,1,15,0.09878793082787214,-0.17477864684931227,0.6792401075363159
28,1,16,0.3419582220964805,-0.2887647208814724,0.5389819741249084
28,1,17,0.10638700243001616,-0.09118885922572813,0.6649501323699951
28,1,18,0.4559442961286407,-0.22797214806432034,0.5350682139396667
28,1,19,0.09878793082787214,-0.12918421723644818,0.6635009050369263
28,1,20,0.5091377973436487,-0.24317029126860837,0.534102201461792
28,1,21,0.08358978762358413,-0.15198143204288023,0.6504911780357361
28,1,22,0.44834522452649667,-0.2735665776771844,0.5202057957649231
28,1,23,-0.09878793082787214,-0.015198143204288023,0.9937888383865356
28,1,24,0.09878793082787214,0.015198143204288023,0.9912672638893129
28,1,25,-0.03799535801072006,0.653520157784385,0.5269013047218323
28,1,26,0.06079257281715209,0.721911802203681,0.5314690470695496
28,1,27,-0.022797214806432032,1.3830310315902101,0.5772567987442017
28,1,28,-0.045594429612864064,1.3146393871709139,0.5209951996803284
28,1,29,-0.10638700243001616,1.5426115352352343,0.6242715120315552
28,1,30,-0.15198143204288023,1.4514226760095061,0.544587254524231
28,1,31,0.0683916444192961,1.5502106068373782,0.6196762919425964
28,1,32,0.03799535801072006,1.4666208192137942,0.5726161003112793
28,2,0,-0.3516975517457107,-1.3990605904609592,0.9983671307563782
28,2,1,-0.282131003048757,-1.4531679061141454,0.9983866810798644
28,2,2,-0.27440138652687324,-1.4454382895922617,0.9981173276901244
28,2,3,-0.25894215348310573,-1.4454382895922617,0.998508095741272
28,2,4,-0.28986061957064074,-1.4608975226360292,0.9983965754508972
28,2,5,-0.282131003048757,-1.4608975226360292,0.9981018900871276
28,2,6,-0.27440138652687324,-1.4608975226360292,0.9984556436538696
28,2,7,-0.17391637174238442,-1.3913309739390753,0.9973350167274476
28,2,8,-0.18164598826426817,-1.3990605904609592,0.9980217218399048
28,2,9,-0.3362383187019432,-1.3217644252421217,0.997320830821991
28,2,10,-0.34396793522382696,-1.3294940417640053,0.9972733855247498
28,2,11,-0.1120794395673144,-0.997120531323004,0.9983251690864564
28,2,12,-0.11980905608919816,-0.9893909148011203,0.998235285282135
28,2,13,0.12753867261108193,-0.4869658408786764,0.6536546349525452
28,2,14,-0.0811609734797794,-0.47923622435679264,0.4950596392154693
28,2,15,-0.23575330391745444,-0.20097002956897755,0.7111360430717468
28,2,16,-0.32850870218005945,-0.24734772870028007,0.4935859441757202
28,2,17,-0.3516975517457107,-0.11594424782825628,0.6979177594184875
28,2,18,-0.37488640131136197,-0.23188849565651257,0.4913952946662903
28,2,19,-0.405804867398897,-0.1777811800033263,0.6965612173080444
28,2,20,-0.44445295000831575,-0.23188849565651257,0.4907888770103454
28,2,21,-0.3671567847894782,-0.20097002956897755,0.6842864155769348
28,2,22,-0.41353448392078074,-0.23961811217839632,0.4788323640823364
28,2,23,-0.042512890870360635,0.0,0.994049072265625
28,2,24,0.042512890870360635,0.0,0.990868091583252
28,2,25,-0.14299790565484943,0.6415581713163514,0.5666080713272095
28,2,26,-0.003864808260941876,0.6338285547944676,0.5001940727233887
28,2,27,-0.01932404130470938,1.3217644252421217,0.6042463779449463
28,2,28,0.027053657826593133,1.2367386435014003,0.5022585988044739
28,2,29,0.0657017404360119,1.4299790565484942,0.6502425074577332
28,2,30,0.1120794395673144,1.3604125078515403,0.5426518321037292
28,2,31,-0.2434829204393382,1.4531679061141454,0.6390419006347656
28,2,32,-0.16618675522050066,1.3526828913296567,0.5613694190979004
29,1,0,-0.16297308039511899,-1.3852711833585112,0.9984734058380128
29,1,1,-0.18423043870752578,-1.4348716860874606,0.9984475374221802
29,1,2,-0.16297308039511899,-1.4348716860874606,0.9981873035430908
29,1,3,-0.14171572208271216,-1.4348716860874606,0.9985368847846984
29,1,4,-0.15588729429098336,-1.4419574721915962,0.9984723329544068
29,1,5,-0.13462993597857653,-1.4490432582957318,0.9981995224952698
29,1,6,-0.12754414987444093,-1.4419574721915962,0.998521327972412
29,1,7,-0.07794364714549168,-1.3852711833585112,0.9973636269569396
29,1,8,-0.09211521935376289,-1.392356969462647,0.9981200695037842
29,1,9,-0.11337257766616972,-1.3144133223171552,0.997406244277954
29,1,10,-0.16297308039511899,-1.3214991084212908,0.9974089860916138
29,1,11,-0.03542893052067804,-0.9955529476310528,0.998145580291748
29,1,12,-0.04960050272894925,-1.0026387337351885,0.9983724355697632
29,1,13,0.12045836377030533,-0.5278910647581028,0.5951754450798035
29,1,14,-0.03542893052067804,-0.4782905620291535,0.538743257522583
29,1,15,0.0992010054578985,-0.17360175955132237,0.6502461433410645
29,1,16,-0.02834314441654243,-0.1027438985099663,0.5070801973342896
29,1,17,0.30468880247783114,-0.06731496798928827,0.6394716501235962
29,1,18,0.04960050272894925,0.0035428930520678037,0.4956696629524231
29,1,19,0.34720351910264474,-0.07440075409342388,0.6387059092521667
29,1,20,0.042514716624813646,0.01771446526033902,0.4944314062595367
29,1,21,0.3117745885819667,-0.10982968461410192,0.6272735595703125
29,1,22,-0.10628679156203412,-0.01771446526033902,0.4812177717685699
29,1,23,-0.021257358312406823,0.01771446526033902,0.9941660761833192
29,1,24,0.021257358312406823,-0.01771446526033902,0.9914512038230896
29,1,25,-0.021257358312406823,0.5491484230705096,0.5513025522232056
29,1,26,0.06377207493722047,0.5704057813829164,0.5433836579322815
29,1,27,0.007085786104135607,1.137268669713765,0.604485034942627
29,1,28,-0.021257358312406823,1.1868691724427143,0.5405417680740356
29,1,29,-0.10628679156203412,1.2718986056923416,0.6426024436950684
29,1,30,-0.14880150818684776,1.2931559640047483,0.5655691623687744
29,1,31,-0.03542893052067804,1.2789843917964772,0.641849160194397
29,1,32,0.007085786104135607,1.3002417501088839,0.5914071202278137
29,2,0,-0.35289082415309175,-1.3999295331787485,0.9985637068748474
29,2,1,-0.29084408584046023,-1.454220429202301,0.9985369443893432
29,2,2,-0.27533240126230235,-1.454220429202301,0.9983158111572266
29,2,3,-0.2675765589732234,-1.4464645869132222,0.998644471168518
29,2,4,-0.29859992812953917,-1.46197627149138,0.9985293745994568
29,2,5,-0.29084408584046023,-1.46197627149138,0.998278260231018
29,2,6,-0.2830882435513813,-1.454220429202301,0.9985613822937012
29,2,7,-0.17450645150427613,-1.3921736908896696,0.9976032376289368
29,2,8,-0.2055298206605919,-1.3999295331787485,0.998175323009491
29,2,9,-0.32962329728585493,-1.3223711102879592,0.9976372122764589
29,2,10,-0.35289082415309175,-1.330126952577038,0.997559368610382
29,2,11,-0.07368050174624992,-1.0043815764357227,0.9983304738998412
29,2,12,-0.1667506092151972,-0.9811140495684858,0.9981865286827089
29,2,13,0.25206487439506553,-0.577810250536381,0.6355992555618286
29,2,14,-0.042657132589934164,-0.4847401430674337,0.4889835119247436
29,2,15,-0.07368050174624992,-0.17450645150427613,0.6851009726524353
29,2,16,-0.21328566294967083,-0.18226229379335507,0.4661628305912018
29,2,17,-0.1667506092151972,-0.050412974879013105,0.6751200556755066
29,2,18,-0.2675765589732234,-0.11245971319164462,0.457488864660263
29,2,19,-0.2287973475278287,-0.0891921863244078,0.6743873357772827
29,2,20,-0.31411161270769705,-0.12021555548072356,0.4566131830215454
29,2,21,-0.2055298206605919,-0.12021555548072356,0.6637095808982849
29,2,22,-0.29084408584046023,-0.14348308234796037,0.4448593258857727
29,2,23,0.0038779211445394697,0.0038779211445394697,0.9946082234382628
29,2,24,-0.0038779211445394697,-0.0038779211445394697,0.9915108680725098
29,2,25,-0.08143634403532886,0.6553686734271704,0.5839313864707947
29,2,26,-0.09694802861348674,0.6010777774036178,0.5066877007484436
29,2,27,0.0038779211445394697,1.2758360565534854,0.6268183588981628
29,2,28,-0.0038779211445394697,1.1982776336626961,0.5104522109031677
29,2,29,0.06592465945717098,1.4076853754678276,0.6651788353919983
29,2,30,0.058168817168092045,1.2991035834207223,0.5490056276321411
29,2,31,-0.23655318981690765,1.3766620063115118,0.6579223275184631
29,2,32,-0.17450645150427613,1.3146152679988803,0.5692205429077148
30,1,0,0.11819670030904923,-1.410734810140265,0.9983586072921752
30,1,1,0.057191951762443176,-1.4641139651185453,0.9982240200042723
30,1,2,0.057191951762443176,-1.4641139651185453,0.9979664087295532
30,1,3,0.057191951762443176,-1.4564883715502197,0.9982466697692872
30,1,4,0.04956635819411742,-1.4641139651185453,0.9982556104660034
30,1,5,0.04194076462579167,-1.4717395586868711,0.9980229139328004
30,1,6,0.02668957748914015,-1.4641139651185453,0.9983184337615968
30,1,7,0.011438390352488635,-1.4031092165719394,0.99715656042099
30,1,8,-0.04194076462579167,-1.410734810140265,0.9981012344360352
30,1,9,0.11819670030904923,-1.3268532808886817,0.9971190094947816
30,1,10,0.09531991960407196,-1.3344788744570075,0.9973495602607728
30,1,11,0.0038127967841628785,-1.006578351019,0.9980121850967408
30,1,12,-0.09531991960407196,-0.9913271638823484,0.99833744764328
30,1,13,0.011438390352488635,-0.4956635819411742,0.5740256905555725
30,1,14,-0.15632466815067803,-0.4346588333945682,0.5364295244216919
30,1,15,-0.019063983920814393,-0.0533791549782803,0.6213169693946838
30,1,16,-0.11057110674072348,0.06100474854660606,0.5023031234741211
30,1,17,0.019063983920814393,0.11438390352488635,0.6140584945678711
30,1,18,-0.11057110674072348,0.19063983920814392,0.4872651994228363
30,1,19,0.034315171057465906,0.1067583099565606,0.6134647130966187
30,1,20,-0.04956635819411742,0.22114221348144697,0.4858859777450561
30,1,21,0.011438390352488635,0.06863034211493181,0.6039608120918274
30,1,22,-0.04956635819411742,0.18301424563981816,0.4724983870983124
30,1,23,0.04194076462579167,-0.007625593568325757,0.9945827722549438
30,1,24,-0.04194076462579167,0.007625593568325757,0.9919155836105348
30,1,25,0.125822293877375,0.6405498597393636,0.5467991828918457
30,1,26,0.034315171057465906,0.5871707047610834,0.5339711308479309
30,1,27,-0.0038127967841628785,1.2810997194787273,0.5815714597702026
30,1,28,-0.09531991960407196,1.2505973452054242,0.5067957043647766
30,1,29,-0.09531991960407196,1.410734810140265,0.6209123134613037
30,1,30,-0.18682704242398104,1.3878580294352878,0.5362533926963806
30,1,31,0.0038127967841628785,1.4031092165719394,0.6164172887802124
30,1,32,-0.034315171057465906,1.4183604037085908,0.5620993971824646
30,2,0,-0.3160379268269654,-1.4121694705053012,0.998393416404724
30,2,1,-0.25203024544428887,-1.4681761917151432,0.9982696771621704
30,2,2,-0.23602832509861973,-1.4601752315423087,0.998066544532776
30,2,3,-0.2200264047529506,-1.4601752315423087,0.9983379244804382
30,2,4,-0.26003120561712345,-1.4681761917151432,0.9982548356056212
30,2,5,-0.26003120561712345,-1.4761771518879778,0.9980506896972656
30,2,6,-0.25203024544428887,-1.4761771518879778,0.9983009099960328
30,2,7,-0.14001680302460492,-1.396167550159632,0.9973907470703124
30,2,8,-0.18002160388877778,-1.4121694705053012,0.9980760216712952
30,2,9,-0.2920350463084617,-1.324158908604121,0.9973353147506714
30,2,10,-0.30803696665413083,-1.3401608289497902,0.9973589777946472
30,2,11,-0.02000240043208642,-1.0201224220364074,0.9982085824012756
30,2,12,-0.15601872337027406,-0.9721166609994,0.9979499578475952
30,2,13,0.36404368786397284,-0.620074413394679,0.6165635585784912
30,2,14,-0.06800816146909383,-0.5240628913206642,0.4874452352523803
30,2,15,0.1000120021604321,-0.028003360604920986,0.6589624881744385
30,2,16,-0.060007201296259256,0.1000120021604321,0.4607775807380676
30,2,17,0.0760091216419284,-0.004000480086417284,0.6518836617469788
30,2,18,-0.028003360604920986,0.036004320777755554,0.4490797817707062
30,2,19,-0.004000480086417284,-0.028003360604920986,0.651258111000061
30,2,20,-0.11601392250610124,0.036004320777755554,0.4480359852313995
30,2,21,-0.004000480086417284,-0.04400528095059012,0.6421975493431091
30,2,22,-0.10801296233326667,0.04400528095059012,0.4358387887477875
30,2,23,0.04400528095059012,-0.004000480086417284,0.9946791529655457
30,2,24,-0.04400528095059012,0.004000480086417284,0.9908297657966614
30,2,25,0.012001440259251851,0.7080849752958592,0.5711947083473206
30,2,26,-0.1240148826789358,0.6520782540860173,0.4905408024787903
30,2,27,0.060007201296259256,1.3641637094682937,0.5815983414649963
30,2,28,-0.012001440259251851,1.2761531475671135,0.4653817415237427
30,2,29,0.14001680302460492,1.436172351023805,0.6307474374771118
30,2,30,0.06800816146909383,1.3641637094682937,0.5023266077041626
30,2,31,-0.13201584285177037,1.4681761917151432,0.6057642102241516
30,2,32,-0.15601872337027406,1.4041685103324666,0.5206694602966309
31,1,0,0.11063545961937638,-1.4077408482603408,0.997978150844574
31,1,1,0.06485526943204822,-1.453521038447669,0.99765944480896
31,1,2,0.06485526943204822,-1.453521038447669,0.997382402420044
31,1,3,0.06485526943204822,-1.453521038447669,0.9975966215133668
31,1,4,0.04196517433838414,-1.461151070145557,0.9978537559509276
31,1,5,0.02670511094260809,-1.461151070145557,0.9976531267166138
31,1,6,0.01144504754683204,-1.461151070145557,0.9979254007339478
31,1,7,0.034335142640496114,-1.4001108165624527,0.996594250202179
31,1,8,-0.034335142640496114,-1.4001108165624527,0.9979016780853271
31,1,9,0.12589552301515242,-1.3238104995835724,0.9966511726379396
31,1,10,0.10300542792148835,-1.3314405312814606,0.9971219301223756
31,1,11,0.04959520603627217,-1.0186092316680515,0.997727394104004
31,1,12,-0.11063545961937638,-0.9804590731786114,0.9981361627578736
31,1,13,-0.034335142640496114,-0.4997670762116657,0.557873547077179
31,1,14,-0.30138625206657704,-0.5455472663989939,0.5369816422462463
31,1,15,-0.02670511094260809,-0.06485526943204822,0.6000116467475891
31,1,16,-0.3242763471602411,0.019075079244720065,0.5100274085998535
31,1,17,-0.02670511094260809,0.034335142640496114,0.5960894227027893
31,1,18,-0.3319063788581291,0.1182654913172644,0.4964918494224548
31,1,19,-0.003815015848944013,0.02670511094260809,0.5955584645271301
31,1,20,-0.30138625206657704,0.1182654913172644,0.4952134490013122
31,1,21,-0.019075079244720065,-0.003815015848944013,0.5875836610794067
31,1,22,-0.286126188670801,0.08011533282782426,0.4819213151931762
31,1,23,0.04959520603627217,-0.003815015848944013,0.9944145083427428
31,1,24,-0.04959520603627217,0.003815015848944013,0.9913390278816224
31,1,25,0.11063545961937638,0.6371076467736502,0.5381722450256348
31,1,26,-0.04959520603627217,0.583697424888434,0.5209822654724121
31,1,27,-0.06485526943204822,1.2627702460004682,0.5477277636528015
31,1,28,-0.1487856181088165,1.3390705629793485,0.4877234995365143
31,1,29,-0.15641564980670453,1.3848507531666767,0.5987618565559387
31,1,30,-0.2556060618792489,1.4382609750518929,0.511276364326477
31,1,31,-0.07248530112993624,1.4001108165624527,0.5777497887611389
31,1,32,-0.0877453645257123,1.445891006749781,0.5368921756744385
31,2,0,-0.28537218676780307,-1.4227841883137609,0.9979867935180664
31,2,1,-0.2119907673132251,-1.4798586256673214,0.997709572315216
31,2,2,-0.1956837852122078,-1.4798586256673214,0.997481405735016
31,2,3,-0.17937680311119047,-1.4717051346168128,0.997709095478058
31,2,4,-0.22829774941424244,-1.4880121167178302,0.9977893829345704
31,2,5,-0.22014425836373377,-1.4880121167178302,0.997593641281128
31,2,6,-0.22014425836373377,-1.4880121167178302,0.9978139996528624
31,2,7,-0.10599538365661255,-1.4146306972632523,0.9968450665473938
31,2,8,-0.14676283890915584,-1.4309376793642696,0.9976605772972108
31,2,9,-0.2527582225657684,-1.3412492778086742,0.9968629479408264
31,2,10,-0.2772186957172944,-1.349402768859183,0.9969354271888732
31,2,11,0.04076745525254329,-1.015109635788328,0.9979494214057922
31,2,12,-0.1386093478586472,-0.9824956715862934,0.9974809288978576
31,2,13,0.4239815346264502,-0.6318955564144211,0.6019812226295471
31,2,14,-0.12230236575762987,-0.5748211190608604,0.4867048859596252
31,2,15,0.07338141945457792,-0.1671465665354275,0.6395425796508789
31,2,16,-0.11414887470712122,-0.14268609338390154,0.4644455909729004
31,2,17,0.024460473151525976,0.03669070972728896,0.6348069310188293
31,2,18,-0.13045585680813854,0.012230236575762988,0.4538023173809051
31,2,19,-0.032613964202034634,-0.012230236575762988,0.6341512203216553
31,2,20,-0.16306982101017317,0.061151182878814936,0.4527294039726257
31,2,21,-0.024460473151525976,-0.07745816497983225,0.6262078285217285
31,2,22,-0.14676283890915584,0.004076745525254329,0.4407715201377868
31,2,23,0.05707443735356061,-0.004076745525254329,0.9946074485778807
31,2,24,-0.05707443735356061,0.004076745525254329,0.9905633330345154
31,2,25,0.08153491050508659,0.754197922172051,0.5300276279449463
31,2,26,-0.08968840155559524,0.6889699937679816,0.4736237823963165
31,2,27,0.05707443735356061,1.4309376793642696,0.5250334143638611
31,2,28,-0.024460473151525976,1.3330957867581656,0.4445469677448272
31,2,29,0.10599538365661255,1.5450865540713907,0.6053761839866638
31,2,30,0.05707443735356061,1.4146306972632523,0.4749531745910644
31,2,31,-0.08153491050508659,1.5450865540713907,0.5534451603889465
31,2,32,-0.14676283890915584,1.4961656077683387,0.4943114519119262
32,1,0,0.15207366711980086,-1.410483262536153,0.9977760314941406
32,1,1,0.09884788362787056,-1.4637090460280833,0.9974146485328674
32,1,2,0.09884788362787056,-1.4561053626720932,0.9971804618835448
32,1,3,0.09884788362787056,-1.4561053626720932,0.9974151849746704
32,1,4,0.07603683355990043,-1.4713127293840733,0.997572422027588
32,1,5,0.060829466847920344,-1.4637090460280833,0.9973652958869934
32,1,6,0.04562210013594026,-1.4637090460280833,0.9975978136062622
32,1,7,0.0532257834919303,-1.402879579180163,0.9966768026351928
32,1,8,0.0,-1.402879579180163,0.9976360201835632
32,1,9,0.1596773504757909,-1.3268427456202625,0.9967991709709167
32,1,10,0.13686630040782077,-1.3344464289762525,0.9970110058784484
32,1,11,0.07603683355990043,-1.0150917280246707,0.9978529214859008
32,1,12,-0.1064515669838606,-0.9846769946007106,0.997720181941986
32,1,13,-0.0532257834919303,-0.49043757646135777,0.5453075170516968
32,1,14,-0.28893996752762163,-0.5588707266652682,0.5361257195472717
32,1,15,-0.0532257834919303,-0.041820258457945236,0.5837453007698059
32,1,16,-0.31175101759559176,-0.0038018416779950215,0.5127149820327759
32,1,17,-0.04562210013594026,0.07983867523789545,0.5821570754051208
32,1,18,-0.32695838430757185,0.1254607753738357,0.4999382197856903
32,1,19,-0.030414733423960172,0.0874423585938855,0.5816740989685059
32,1,20,-0.28893996752762163,0.13306445872982575,0.4985263645648956
32,1,21,-0.04562210013594026,0.041820258457945236,0.5747567415237427
32,1,22,-0.27373260081564155,0.0874423585938855,0.4852461814880371
32,1,23,0.04562210013594026,-0.0038018416779950215,0.9947333931922911
32,1,24,-0.04562210013594026,0.0038018416779950215,0.9912958145141602
32,1,25,0.19769576725574112,0.6349075602251686,0.5063858032226562
32,1,26,-0.015207366711980086,0.7641701772769993,0.5120061039924622
32,1,27,-0.08364051691589047,1.1215432950085313,0.4967051744461059
32,1,28,-0.15207366711980086,1.3800685291121928,0.4771493375301361
32,1,29,-0.16728103383178095,1.1595617117884816,0.5775147080421448
32,1,30,-0.2509215507476714,1.4713127293840733,0.498444527387619
32,1,31,-0.04562210013594026,1.2736169621283322,0.5328214764595032
32,1,32,0.007603683355990043,1.5017274628080335,0.521521270275116
32,2,0,-0.2684483982805652,-1.433101449282402,0.9978029131889344
32,2,1,-0.19410884183363947,-1.4909211042966775,0.997492492198944
32,2,2,-0.1775889404009893,-1.4909211042966775,0.9973053336143494
32,2,3,-0.1693289896846642,-1.4826611535803524,0.997549295425415
32,2,4,-0.2106287432662896,-1.4991810550130027,0.9975444674491882
32,2,5,-0.20236879254996454,-1.4991810550130027,0.9973472952842712
32,2,6,-0.20236879254996454,-1.4991810550130027,0.9975285530090332
32,2,7,-0.08672948252141337,-1.424841498566077,0.996926248073578
32,2,8,-0.1280292361030388,-1.433101449282402,0.997418999671936
32,2,9,-0.23540859541526488,-1.350501942119151,0.9969987869262696
32,2,10,-0.26018844756424014,-1.358761892835476,0.996840476989746
32,2,11,0.06194963037243812,-1.0201039134661478,0.998063027858734
32,2,12,-0.1280292361030388,-0.9788041598845224,0.9971256852149964
32,2,13,0.43364741260706685,-0.6236262790825438,0.5906801819801331
32,2,14,-0.0784695318050883,-0.5492867226356181,0.4857566952705383
32,2,15,0.037169778223462874,-0.19410884183363947,0.6249604225158691
32,2,16,-0.14454913753568896,-0.14454913753568896,0.4667380154132843
32,2,17,0.037169778223462874,-0.012389926074487625,0.6224504113197327
32,2,18,-0.14454913753568896,-0.004129975358162541,0.4566746652126312
32,2,19,-0.012389926074487625,-0.037169778223462874,0.6218488216400146
32,2,20,-0.16106903896833913,0.020649876790812708,0.4554758369922638
32,2,21,-0.012389926074487625,-0.09498943323773845,0.6148466467857361
32,2,22,-0.15280908825201403,-0.028909827507137793,0.4435518085956573
32,2,23,0.05368967965611304,-0.004129975358162541,0.994820773601532
32,2,24,-0.05368967965611304,0.004129975358162541,0.9901636838912964
32,2,25,0.15280908825201403,0.7640454412600702,0.499598354101181
32,2,26,-0.0784695318050883,0.7557854905437451,0.4655444622039795
32,2,27,-0.004129975358162541,1.3835417449844514,0.4784519076347351
32,2,28,-0.004129975358162541,1.3752817942681264,0.4350329637527466
32,2,29,0.09498943323773845,1.4496213507150522,0.5844756364822388
32,2,30,0.07020958108876321,1.4578813014313772,0.4638458490371704
32,2,31,-0.05368967965611304,1.532220857878303,0.5114455819129944
32,2,32,-0.15280908825201403,1.5239609071619777,0.4803246557712555
33,1,0,0.15558432210658038,-1.427486155327875,0.9976503252983092
33,1,1,0.10890902547460628,-1.4819406680651783,0.997280776500702
33,1,2,0.10890902547460628,-1.4741614519598492,0.9971089363098145
33,1,3,0.10112980936927725,-1.4741614519598492,0.997327446937561
33,1,4,0.08557137715861922,-1.4819406680651783,0.9974713325500488
33,1,5,0.062233728842632154,-1.4819406680651783,0.9973044395446776
33,1,6,0.04667529663197412,-1.4819406680651783,0.9974915385246276
33,1,7,0.04667529663197412,-1.419706939222546,0.9966731071472168
33,1,8,-0.031116864421316077,-1.427486155327875,0.997492492198944
33,1,9,0.14780510600125138,-1.349693994274585,0.9966791272163392
33,1,10,0.12446745768526431,-1.349693994274585,0.9968589544296264
33,1,11,0.08557137715861922,-1.007408485640108,0.9976481795310974
33,1,12,-0.14002588989592235,-0.99185005342945,0.9974001049995422
33,1,13,0.0,-0.5562139515310249,0.5390809178352356
33,1,14,-0.4434153180037541,-0.579551599847012,0.5362746119499207
33,1,15,-0.21003883484388353,-0.08946098521128372,0.5699234008789062
33,1,16,-0.5523243434783603,-0.01166882415799353,0.5164680480957031
33,1,17,-0.26449334758118664,0.06612333689529666,0.5684114098548889
33,1,18,-0.6223372884263215,0.13613628184325785,0.5043395757675171
33,1,19,-0.26449334758118664,0.07390255300062569,0.5680598020553589
33,1,20,-0.5678827756890185,0.1594739301592449,0.5030627846717834
33,1,21,-0.25671413147585764,0.03500647247398059,0.5620198845863342
33,1,22,-0.5289866951623733,0.11279863352727078,0.490503191947937
33,1,23,0.08557137715861922,0.0038896080526645096,0.9948818683624268
33,1,24,-0.08557137715861922,-0.0038896080526645096,0.9909915924072266
33,1,25,0.1633635382119094,0.8129280830068826,0.4772281348705292
33,1,26,-0.02333764831598706,0.8051488669015535,0.5044729709625244
33,1,27,-0.14780510600125138,1.419706939222546,0.4678012132644653
33,1,28,-0.18670118652789647,1.5052783163811654,0.4734135568141937
33,1,29,-0.23337648315987058,1.5208367485918233,0.569927453994751
33,1,30,-0.26449334758118664,1.5830704774344555,0.4833369255065918
33,1,31,0.09335059326394823,1.5986289096451136,0.5105466246604919
33,1,32,0.10890902547460628,1.6608626384877456,0.5139429569244385
33,2,0,-0.23619118649086446,-1.413210599170339,0.997803270816803
33,2,1,-0.16533383054360512,-1.4683218760182073,0.997460961341858
33,2,2,-0.14958775144421416,-1.4604488364685118,0.9973257780075072
33,2,3,-0.1338416723448232,-1.4604488364685118,0.997537076473236
33,2,4,-0.1732068700933006,-1.4683218760182073,0.9976015090942384
33,2,5,-0.16533383054360512,-1.4683218760182073,0.9974498152732848
33,2,6,-0.15746079099390964,-1.4683218760182073,0.9976098537445068
33,2,7,-0.05511127684786837,-1.4053375596206434,0.9969772100448608
33,2,8,-0.07873039549695482,-1.413210599170339,0.9975520372390748
33,2,9,-0.20469902829208253,-1.334480203673384,0.9969640970230104
33,2,10,-0.22831814694116898,-1.334480203673384,0.9970171451568604
33,2,11,0.09447647459634578,-1.019558621685565,0.9978822469711304
33,2,12,-0.06298431639756386,-0.9801934239370875,0.9971066117286682
33,2,13,0.37003285883568765,-0.6731448814989637,0.5851225852966309
33,2,14,-0.05511127684786837,-0.5629223278032269,0.4853381514549255
33,2,15,0.023619118649086446,-0.28736594356388506,0.6126834154129028
33,2,16,-0.2991755028884283,-0.21650858761662575,0.4708825051784515
33,2,17,-0.03936519774847741,-0.12203211302027997,0.6107337474822998
33,2,18,-0.28342942378903735,-0.12990515256997545,0.461880475282669
33,2,19,-0.09447647459634578,-0.13777819211967093,0.6103070378303528
33,2,20,-0.2676833446896464,-0.12990515256997545,0.4611461460590362
33,2,21,-0.0866034350466503,-0.17714338986814834,0.6042855978012085
33,2,22,-0.2519372655902554,-0.16139731076875738,0.4497008621692657
33,2,23,0.06298431639756386,-0.003936519774847741,0.9952152967453004
33,2,24,-0.06298431639756386,0.003936519774847741,0.991028130054474
33,2,25,-0.04723823729817289,0.7518752769959185,0.5187377333641052
33,2,26,-0.023619118649086446,0.7361291978965275,0.4718570411205292
33,2,27,0.05511127684786837,1.4919409946672937,0.5067002177238464
33,2,28,0.023619118649086446,1.4210836387200345,0.4587080180644989
33,2,29,0.14958775144421416,1.594290508813335,0.5986332893371582
33,2,30,0.10234951414604126,1.5391792319654667,0.4806627035140991
33,2,31,-0.15746079099390964,1.6808939438599853,0.5437543988227844
33,2,32,-0.14958775144421416,1.6336557065618125,0.5096911191940308
34,1,0,0.13321456360013406,-1.4144252194014233,0.9977975487709044
34,1,1,0.09403380960009462,-1.4692782750014786,0.997491180896759
34,1,2,0.09403380960009462,-1.4692782750014786,0.9973759055137634
34,1,3,0.09403380960009462,-1.4692782750014786,0.9975654482841492
34,1,4,0.06268920640006308,-1.4771144258014863,0.9976509213447572
34,1,5,0.04701690480004731,-1.4771144258014863,0.9975168108940125
34,1,6,0.023508452400023656,-1.4771144258014863,0.9976619482040404
34,1,7,0.039180754000039425,-1.4144252194014233,0.997026801109314
34,1,8,-0.0548530556000552,-1.4222613702014313,0.9976730346679688
34,1,9,0.12537841280012615,-1.3360637114013445,0.9968698620796204
34,1,10,0.09403380960009462,-1.3438998622013523,0.9971128106117249
34,1,11,0.023508452400023656,-0.9991092270010054,0.9975129961967468
34,1,12,-0.2194122224002208,-0.9912730762009975,0.9973715543746948
34,1,13,-0.1645591668001656,-0.6543185918006584,0.5395515561103821
34,1,14,-0.5015136512005046,-0.6229739886006269,0.5357638001441956
34,1,15,-0.38397138920038637,-0.1841495438001853,0.5631467700004578
34,1,16,-0.7757789292007806,-0.16847724220016955,0.5192663073539734
34,1,17,-0.4623328972004652,-0.05093498020005126,0.561389148235321
34,1,18,-0.8776488896008832,-0.05877113100005914,0.5074130296707153
34,1,19,-0.4858413496004889,-0.035262678600035485,0.5613449811935425
34,1,20,-0.8384681356008438,-0.0274265278000276,0.5064507126808167
34,1,21,-0.4388244448004416,-0.12146033740012223,0.5559679269790649
34,1,22,-0.7679427784007727,-0.07444343260007491,0.4943791627883911
34,1,23,0.07836150800007885,-0.003918075400003942,0.995144248008728
34,1,24,-0.07836150800007885,0.003918075400003942,0.9917455911636353
34,1,25,0.07052535720007097,0.8502223618008555,0.5011411309242249
34,1,26,0.007836150800007885,0.8737308142008793,0.5167006254196167
34,1,27,-0.18023146840018137,1.6024928386016126,0.506269633769989
34,1,28,-0.18023146840018137,1.641673592601652,0.5033944249153137
34,1,29,-0.2664291272002681,1.6886904974016994,0.5949119925498962
34,1,30,-0.2664291272002681,1.7278712514017387,0.5099081993103027
34,1,31,0.07052535720007097,1.7905604578018017,0.5534077286720276
34,1,32,0.11754226200011827,1.853249664201865,0.5469176173210144
34,2,0,-0.18748712672262005,-1.4100594322263718,0.9979691505432128
34,2,1,-0.11717945420163753,-1.4647431775204691,0.997683584690094
34,2,2,-0.10155552697475252,-1.4647431775204691,0.9975934624671936
34,2,3,-0.09374356336131003,-1.4647431775204691,0.997772753238678
34,2,4,-0.12499141781508004,-1.4725551411339117,0.997804582118988
34,2,5,-0.11717945420163753,-1.4725551411339117,0.9976859092712402
34,2,6,-0.11717945420163753,-1.4725551411339117,0.9978120923042296
34,2,7,-0.015623927226885005,-1.4100594322263718,0.9973042011260986
34,2,8,-0.03905981806721251,-1.4178713958398141,0.9977800846099854
34,2,9,-0.16405123588229253,-1.3319397960919466,0.9971523284912108
34,2,10,-0.17967516310917755,-1.3319397960919466,0.997298002243042
34,2,11,0.08593159974786753,-1.0194612515542465,0.9977607131004332
34,2,12,-0.06249570890754002,-0.980401433487034,0.9970545172691344
34,2,13,0.3749742534452401,-0.6757348525627764,0.5855562686920166
34,2,14,-0.03124785445377001,-0.5663673619745814,0.4854289889335632
34,2,15,0.015623927226885005,-0.29294863550409384,0.6066614985466003
34,2,16,-0.25779479924360255,-0.2382648902099963,0.4751761555671692
34,2,17,-0.07811963613442502,-0.16014525407557129,0.6046579480171204
34,2,18,-0.3124785445377001,-0.1367093632352438,0.4665776193141937
34,2,19,-0.13280338142852255,-0.1913931085293413,0.6045448184013367
34,2,20,-0.3359144353780276,-0.1757691813024563,0.4662491083145141
34,2,21,-0.10936749058819503,-0.2304529265965538,0.59923255443573
34,2,22,-0.3046665809242576,-0.1913931085293413,0.455266535282135
34,2,23,0.054683745294097516,-0.003905981806721251,0.9953657984733582
34,2,24,-0.054683745294097516,0.003905981806721251,0.991357684135437
34,2,25,-0.06249570890754002,0.808538233991299,0.5464610457420349
34,2,26,-0.054683745294097516,0.808538233991299,0.4952643811702728
34,2,27,0.16405123588229253,1.5506747772683367,0.5486043095588684
34,2,28,0.11717945420163753,1.5350508500414517,0.4978233873844147
34,2,29,0.17186319949573506,1.6600422678565316,0.6248006820678711
34,2,30,0.13280338142852255,1.6600422678565316,0.5081446170806885
34,2,31,-0.16405123588229253,1.8162815401253818,0.5888100266456604
34,2,32,-0.17967516310917755,1.7694097584447268,0.5481077432632446
35,1,0,0.0,-1.3704286650692061,0.9973782300949096
35,1,1,-0.022904100251853028,-1.4238715656568632,0.9969126582145692
35,1,2,-0.01526940016790202,-1.4238715656568632,0.9970293045043944
35,1,3,-0.00763470008395101,-1.4238715656568632,0.9969691634178162
35,1,4,-0.06107760067160808,-1.4315062657408142,0.996986448764801
35,1,5,-0.0839817009234611,-1.4238715656568632,0.9970653057098388
35,1,6,-0.10688580117531413,-1.4238715656568632,0.9970061779022216
35,1,7,-0.03053880033580404,-1.3704286650692061,0.996444046497345
35,1,8,-0.13742460151111816,-1.378063365153157,0.9972106218338012
35,1,9,0.01526940016790202,-1.2940816642296962,0.9954000115394592
35,1,10,-0.03053880033580404,-1.3017163643136471,0.9961757063865662
35,1,11,-0.03817350041975505,-0.9886936608716557,0.9968884587287904
35,1,12,-0.20613690226667725,-0.9963283609556067,0.9972557425498962
35,1,13,-0.20613690226667725,-0.6145933567580563,0.5354437828063965
35,1,14,-0.6031413066321297,-0.7596526583531255,0.5349395871162415
35,1,15,-0.2672145029382853,-0.18705015205679973,0.5550917983055115
35,1,16,-0.839817009234611,-0.27866655306421184,0.5185461640357971
35,1,17,-0.2824839031061874,-0.11070315121728963,0.5547091364860535
35,1,18,-0.9543375104938762,-0.17941545197284872,0.5052950978279114
35,1,19,-0.2748492030222363,-0.0725296507975346,0.5548787117004395
35,1,20,-0.9085293099901701,-0.1641460518049467,0.5050262212753296
35,1,21,-0.2748492030222363,-0.0801643508814856,0.5509456396102905
35,1,22,-0.8474517093185621,-0.18705015205679973,0.4950355887413025
35,1,23,0.045808200503706056,0.003817350041975505,0.9944788217544556
35,1,24,-0.045808200503706056,-0.003817350041975505,0.9917045831680298
35,1,25,-0.03053880033580404,0.8283649591086845,0.5261188745498657
35,1,26,-0.022904100251853028,0.8665384595284396,0.5396855473518372
35,1,27,-0.1679634018469222,1.5383920669161284,0.5436211228370667
35,1,28,-0.17559810193087322,1.6147390677556386,0.5395411252975464
35,1,29,-0.2748492030222363,1.6681819683432955,0.6255581378936768
35,1,30,-0.2977533032740894,1.7139901688470016,0.5428739190101624
35,1,31,0.0839817009234611,1.8285106701062668,0.5874231457710266
35,1,32,0.0839817009234611,1.8819535706939239,0.5783432126045227
35,2,0,-0.16086169605423356,-1.3826445779899599,0.9975831508636476
35,2,1,-0.09192096917384775,-1.4439252241058584,0.997147262096405
35,2,2,-0.07660080764487312,-1.4362651433413711,0.9972615838050842
35,2,3,-0.06894072688038581,-1.4362651433413711,0.9972207546234132
35,2,4,-0.09958104993833505,-1.4439252241058584,0.997191846370697
35,2,5,-0.09192096917384775,-1.4439252241058584,0.997259557247162
35,2,6,-0.08426088840936044,-1.4439252241058584,0.9972105622291564
35,2,7,0.015320161528974625,-1.3826445779899599,0.996756374835968
35,2,8,-0.015320161528974625,-1.3979647395189345,0.9973176121711732
35,2,9,-0.13788145376077163,-1.2983836895805994,0.9958016276359558
35,2,10,-0.15320161528974624,-1.313703851109574,0.9963856339454652
35,2,11,0.07660080764487312,-1.0226207820590563,0.9971972107887268
35,2,12,-0.022980242293461937,-0.9766602974721323,0.9969910383224488
35,2,13,0.3983241997533402,-0.6472768245991779,0.5818314552307129
35,2,14,0.015320161528974625,-0.478755047780457,0.4867958128452301
35,2,15,0.015320161528974625,-0.24129254408135034,0.599368155002594
35,2,16,-0.22980242293461936,-0.18001189796545183,0.4795945286750793
35,2,17,-0.07660080764487312,-0.11107117108506603,0.5984941720962524
35,2,18,-0.29874314981500516,-0.05745060573365484,0.469420850276947
35,2,19,-0.1302213729962843,-0.13405141337852797,0.5985602736473083
35,2,20,-0.3140633113439798,-0.06511068649814215,0.4694072604179382
35,2,21,-0.11490121146730968,-0.16469173643647722,0.5945401191711426
35,2,22,-0.29874314981500516,-0.13405141337852797,0.4602985978126526
35,2,23,0.03830040382243656,-0.011490121146730968,0.9948232769966124
35,2,24,-0.03830040382243656,0.011490121146730968,0.9918224811553956
35,2,25,-0.06894072688038581,0.823458682182386,0.5692836046218872
35,2,26,-0.09192096917384775,0.8540990052403353,0.5173072218894958
35,2,27,0.07660080764487312,1.5205260317507314,0.5817710161209106
35,2,28,0.0612806461158985,1.512865950986244,0.5282508134841919
35,2,29,0.2527826652280813,1.6354272432180412,0.6540414094924927
35,2,30,0.2604427459925686,1.6430873239825285,0.536010205745697
35,2,31,-0.16852177681872088,1.8652296661526606,0.618990957736969
35,2,32,-0.16852177681872088,1.8116091008012494,0.5726097226142883
36,1,0,-0.044604426205312825,-1.330698715125166,0.991373896598816
36,1,1,-0.022302213102656412,-1.3901712833989164,0.9913882613182068
36,1,2,-0.014868142068437609,-1.3901712833989164,0.99293315410614
36,1,3,-0.0074340710342188044,-1.3901712833989164,0.992082953453064
36,1,4,-0.029736284136875218,-1.3827372123646977,0.9885185956954956
36,1,5,-0.03717035517109402,-1.3827372123646977,0.9890603423118592
36,1,6,-0.03717035517109402,-1.3753031413304788,0.9863532781600952
36,1,7,-0.0074340710342188044,-1.3381327861593848,0.9929943680763244
36,1,8,-0.022302213102656412,-1.3232646440909472,0.9868845343589784
36,1,9,-0.029736284136875218,-1.2563580047829779,0.9842332005500792
36,1,10,-0.052038497239531634,-1.2563580047829779,0.9794113636016846
36,1,11,-0.30479691240297097,-0.9812973765168822,0.9964919686317444
36,1,12,0.059472568273750435,-1.0035995896195387,0.9963257312774658
36,1,13,-0.36426948067672144,-0.7359730323876617,0.5478058457374573
36,1,14,-0.28249469930031457,-0.8400500268667249,0.5291368961334229
36,1,15,-0.41630797791625307,-0.42374204895047185,0.552706778049469
36,1,16,-0.3568354096425026,-0.8028796716956309,0.5037326812744141
36,1,17,-0.4534783330873471,-0.3940057648135966,0.5535539388656616
36,1,18,-0.3270991255056274,-0.8177478137640685,0.4892408549785614
36,1,19,-0.4683464751557847,-0.3717035517109402,0.5545739531517029
36,1,20,-0.36426948067672144,-0.8400500268667249,0.4896295070648193
36,1,21,-0.5055168303268787,-0.41630797791625307,0.5512635111808777
36,1,22,-0.37913762274515905,-0.8251818847982874,0.4800265729427337
36,1,23,-0.12637920758171967,-0.0074340710342188044,0.9945378303527832
36,1,24,0.12637920758171967,0.0074340710342188044,0.9918481707572936
36,1,25,-0.06690663930796924,0.7954456006614121,0.5661277770996094
36,1,26,0.059472568273750435,0.8326159558325061,0.5596134066581726
36,1,27,-0.08920885241062565,1.4645119937411044,0.5861012935638428
36,1,28,-0.08920885241062565,1.5016823489121984,0.5680561661720276
36,1,29,-0.1561154917185949,1.598325272357043,0.6642347574234009
36,1,30,-0.13381327861593847,1.6429296985623558,0.5759934186935425
36,1,31,-0.06690663930796924,1.7916111192467319,0.6213390231132507
36,1,32,-0.022302213102656412,1.8362155454520448,0.6034947037696838
36,2,0,-0.15843530098974062,-1.3617891346975324,0.9921485185623168
36,2,1,-0.09053445770842321,-1.4146009016941128,0.9921559691429138
36,2,2,-0.08298991956605462,-1.4146009016941128,0.9935495853424072
36,2,3,-0.0679008432813174,-1.4070563635517441,0.9928080439567566
36,2,4,-0.10562353399316042,-1.42968997797885,0.9895187616348268
36,2,5,-0.09807899585079181,-1.42968997797885,0.9899871349334716
36,2,6,-0.09807899585079181,-1.42968997797885,0.987565815448761
36,2,7,-0.015089076284737202,-1.354244596555164,0.9936107397079468
36,2,8,-0.06035630513894881,-1.3768782109822697,0.9878626465797424
36,2,9,-0.15089076284737202,-1.2863437532738464,0.985723912715912
36,2,10,-0.17352437727447784,-1.293888291416215,0.9812357425689696
36,2,11,0.030178152569474405,-1.0222849182909455,0.9968389868736268
36,2,12,-0.08298991956605462,-0.9770176894367338,0.9955025911331176
36,2,13,0.3545932926913242,-0.690325240026727,0.5929332971572876
36,2,14,0.007544538142368601,-0.5092563246098806,0.483015239238739
36,2,15,0.0,-0.35082102362013995,0.5972354412078857
36,2,16,-0.15089076284737202,-0.28292018033882255,0.4692327380180359
36,2,17,-0.0679008432813174,-0.12448487934908192,0.5975120663642883
36,2,18,-0.18106891541684642,-0.14711849377618771,0.4579088985919952
36,2,19,-0.15089076284737202,-0.16975210820329353,0.5983853936195374
36,2,20,-0.24896975869816385,-0.19238572263039933,0.4580765068531036
36,2,21,-0.15089076284737202,-0.23010841334224233,0.5950888395309448
36,2,22,-0.24142522055579524,-0.24519748962697954,0.4491393268108368
36,2,23,0.045267228854211604,-0.0037722690711843006,0.99473375082016
36,2,24,-0.045267228854211604,0.0037722690711843006,0.9914512634277344
36,2,25,-0.037722690711843004,0.8487605410164676,0.6027609705924988
36,2,26,-0.07544538142368601,0.7808596977351502,0.5267232656478882
36,2,27,0.1358016865626348,1.5277689738296416,0.6187230348587036
36,2,28,0.0679008432813174,1.4070563635517441,0.5482576489448547
36,2,29,0.2716033731252696,1.6333925078228022,0.6880669593811035
36,2,30,0.21124706798632084,1.5504025882567476,0.5615667700767517
36,2,31,-0.1358016865626348,1.85972865209386,0.6488733291625977
36,2,32,-0.12071261027789762,1.7918278088125428,0.5903714299201965
37,1,0,-0.13184302127770087,-1.2123126590656885,0.990988314151764
37,1,1,-0.13827438816929605,-1.270194961090045,0.991227388381958
37,1,2,-0.13184302127770087,-1.270194961090045,0.9928367137908936
37,1,3,-0.13184302127770087,-1.270194961090045,0.9920121431350708
37,1,4,-0.15756848884408153,-1.270194961090045,0.9871772527694702
37,1,5,-0.17043122262727187,-1.270194961090045,0.9880480766296388
37,1,6,-0.1832939564104622,-1.270194961090045,0.9852441549301147
37,1,7,-0.17043122262727187,-1.2444694935236644,0.9927216172218324
37,1,8,-0.3633722293751268,-1.2573322273068548,0.9861177206039428
37,1,9,-0.11898028749451055,-1.147998990149737,0.9843038320541382
37,1,10,-0.13827438816929605,-1.147998990149737,0.9788455367088318
37,1,11,-0.22831352465162835,-1.000077551643048,0.9970028400421144
37,1,12,0.0032156834457975824,-0.9872148178598578,0.9954631328582764
37,1,13,-0.20258805708524769,-0.8264306455699787,0.621264636516571
37,1,14,-0.17043122262727187,-0.7170974084128608,0.4927007257938385
37,1,15,-0.4919995672070301,-0.6141955381473382,0.5999296307563782
37,1,16,-0.3633722293751268,-0.8135679117867883,0.4666996896266937
37,1,17,-0.562744603014577,-0.5434505023397914,0.5965620875358582
37,1,18,-0.41482316450788814,-0.8328620124615739,0.4525592923164367
37,1,19,-0.5498818692313866,-0.5370191354481962,0.5985603332519531
37,1,20,-0.6592151063885043,-0.8843129475943351,0.4537694752216339
37,1,21,-0.5048623009902204,-0.5563132361229818,0.5939080119132996
37,1,22,-0.569175969906172,-0.8714502138111448,0.4462426304817199
37,1,23,0.04180388479536857,-0.009647050337392746,0.9949965476989746
37,1,24,-0.04180388479536857,0.009647050337392746,0.9918211698532104
37,1,25,-0.39552906383310266,0.5498818692313866,0.6337817311286926
37,1,26,-0.24117625843481869,0.4727054665322446,0.5632599592208862
37,1,27,-0.09968618681972505,1.1351362563665466,0.6509789228439331
37,1,28,-0.10611755371132021,0.9936461847514529,0.5785828232765198
37,1,29,-0.04180388479536857,1.2444694935236644,0.7131535410881042
37,1,30,-0.028941151012178243,1.0579598536674046,0.5932015776634216
37,1,31,-0.10611755371132021,1.3666654644639724,0.6793510913848877
37,1,32,-0.08682345303653473,1.2380381266320692,0.621982216835022
37,2,0,-0.1395917785956895,-1.2599994752189867,0.9914371967315674
37,2,1,-0.07346935715562605,-1.3187749609434876,0.9915279150009156
37,2,2,-0.058775485724500844,-1.3114280252279251,0.9930245876312256
37,2,3,-0.036734678577813026,-1.3114280252279251,0.9923938512802124
37,2,4,-0.10285710001787647,-1.3408157680901753,0.9876503348350524
37,2,5,-0.10285710001787647,-1.348162703805738,0.9882139563560486
37,2,6,-0.11020403573343908,-1.3555096395213007,0.9856510758399964
37,2,7,-0.0073469357155626054,-1.2820402823656747,0.9930363297462464
37,2,8,-0.11020403573343908,-1.3261218966590502,0.9851558804512024
37,2,9,-0.1322448428801269,-1.1938770537789234,0.9854657649993896
37,2,10,-0.16897952145793993,-1.2159178609256112,0.9799563884735109
37,2,11,0.029387742862250422,-1.0322444680365461,0.9972911477088928
37,2,12,-0.11020403573343908,-0.9661220465964826,0.9946888089179992
37,2,13,0.39673452864038067,-0.7457139751296045,0.6588441133499146
37,2,14,0.04408161429337563,-0.5473467108094141,0.4506382644176483
37,2,15,-0.014693871431125211,-0.3342855750580985,0.6393638849258423
37,2,16,-0.19836726432019033,-0.23142847504022207,0.4369601905345917
37,2,17,-0.08816322858675125,-0.1432652464534708,0.6352781653404236
37,2,18,-0.18367339288906512,-0.10653056787565778,0.4268889129161834
37,2,19,-0.16163258574237732,-0.15795911788459602,0.6369321346282959
37,2,20,-0.2865304929069416,-0.1359183107379082,0.4276407063007355
37,2,21,-0.1469387143112521,-0.23877541075578468,0.6321033835411072
37,2,22,-0.24979581432912856,-0.16530605360015863,0.4210167229175567
37,2,23,0.058775485724500844,-0.03306121072003172,0.994830310344696
37,2,24,-0.058775485724500844,0.03306121072003172,0.9910027384757996
37,2,25,-0.058775485724500844,0.7971425251385427,0.6653364896774292
37,2,26,-0.11020403573343908,0.7604078465607297,0.5555762052536011
37,2,27,0.11020403573343908,1.4289789966769266,0.675617516040802
37,2,28,0.08081629287118866,1.3261218966590502,0.5752034187316895
37,2,29,0.22775500718244077,1.553876903841491,0.7242488265037537
37,2,30,0.22040807146687816,1.3775504466679884,0.5906568169593811
37,2,31,-0.07346935715562605,1.7595911038772438,0.6985822319984436
37,2,32,-0.09551016430231386,1.66408093957493,0.6166157126426697
38,1,0,0.0025462526366459705,-1.2094700024068359,0.9868164658546448
38,1,1,0.007638757909937911,-1.2603950551397554,0.9876736998558044
38,1,2,0.012731263183229851,-1.2553025498664634,0.9894707798957824
38,1,3,0.017823768456521793,-1.2553025498664634,0.98837810754776
38,1,4,-0.0025462526366459705,-1.2654875604130473,0.9823688864707948
38,1,5,-0.007638757909937911,-1.2654875604130473,0.9836565852165222
38,1,6,-0.012731263183229851,-1.2705800656863393,0.981614887714386
38,1,7,0.053471305369565375,-1.2553025498664634,0.988269567489624
38,1,8,0.012731263183229851,-1.2603950551397554,0.9814944267272948
38,1,9,0.028008779003105673,-1.1890999813136682,0.9804589748382568
38,1,10,0.012731263183229851,-1.19419248658696,0.975710391998291
38,1,11,0.0687488211894412,-1.0719723600279536,0.9957682490348816
38,1,12,0.053471305369565375,-0.9242897071024873,0.993687391281128
38,1,13,0.05856381064285732,-0.8988271807360275,0.6427809000015259
38,1,14,-0.19096894774844778,-0.5678143379720514,0.4574746489524841
38,1,15,-0.2062464635683236,-0.6492944223447225,0.608357846736908
38,1,16,-0.26226402157453493,-0.7154969908975176,0.4627742767333984
38,1,17,-0.2317089899347833,-0.5525368221521756,0.6074907779693604
38,1,18,-0.29791155848757855,-0.5932768643385111,0.4526655673980713
38,1,19,-0.37429913758695765,-0.5627218326987594,0.6082686185836792
38,1,20,-0.30300406376087047,-0.6492944223447225,0.4540834128856659
38,1,21,-0.257171516301243,-0.598369369611803,0.6036288142204285
38,1,22,-0.2928190532142866,-0.6492944223447225,0.4481937885284424
38,1,23,-0.1196738739223606,-0.012731263183229851,0.9892868399620056
38,1,24,0.1196738739223606,0.012731263183229851,0.985517144203186
38,1,25,0.10948886337577672,-0.0432862948229815,0.6894350051879883
38,1,26,-0.0687488211894412,-0.2062464635683236,0.5792205929756165
38,1,27,-0.053471305369565375,0.10439635810248478,0.6922230124473572
38,1,28,-0.03819378954968956,-0.4863342535993803,0.5886486172676086
38,1,29,0.0432862948229815,0.09930385282919284,0.7289813160896301
38,1,30,-0.10948886337577672,-0.51179677996584,0.611656129360199
38,1,31,-0.10439635810248478,0.24698650575465914,0.7087814211845398
38,1,32,0.012731263183229851,-0.51179677996584,0.6301658153533936
38,2,0,-0.160993369804391,-1.2205543850286389,0.9777299761772156
38,2,1,-0.10857692382156603,-1.2729708310114638,0.9772325754165648
38,2,2,-0.10108886010973389,-1.2579947035877994,0.98012375831604
38,2,3,-0.09360079639790175,-1.2505066398759674,0.9790052771568298
38,2,4,-0.1235530512452303,-1.3029230858587924,0.9702522158622742
38,2,5,-0.1235530512452303,-1.3104111495706245,0.9709047675132751
38,2,6,-0.1235530512452303,-1.3178992132824565,0.967941403388977
38,2,7,-0.06364854155057319,-1.2430185761641352,0.977998435497284
38,2,8,-0.09360079639790175,-1.280458894723296,0.9647773504257202
38,2,9,-0.15350530609255886,-1.1681379390458138,0.9696884155273438
38,2,10,-0.16848143351622313,-1.1980901938931423,0.9573641419410706
38,2,11,0.04867241412690891,-1.070793110791996,0.9957824945449828
38,2,12,-0.10108886010973389,-0.9285199002671853,0.9927361011505128
38,2,13,0.39312334487118733,-0.6814137977767247,0.656697690486908
38,2,14,0.09360079639790175,-0.35942705816794274,0.4157456159591675
38,2,15,0.13104111495706244,-0.46425995013359267,0.615320086479187
38,2,16,-0.01872015927958035,-0.23212997506679633,0.4213089644908905
38,2,17,0.1235530512452303,-0.3669151218797749,0.6098176836967468
38,2,18,-0.0861127326860696,-0.1347851468129785,0.4142643809318542
38,2,19,0.05616047783874105,-0.46425995013359267,0.6093913912773132
38,2,20,-0.10108886010973389,-0.14227321052481065,0.4153981804847717
38,2,21,0.09360079639790175,-0.47923607755725695,0.6037361025810242
38,2,22,-0.06364854155057319,-0.16473740166030706,0.4104635119438171
38,2,23,0.041184350415076766,-0.0374403185591607,0.9896478652954102
38,2,24,-0.041184350415076766,0.0374403185591607,0.98538076877594
38,2,25,0.03369628670324463,0.5541167146755783,0.7167744040489197
38,2,26,-0.09360079639790175,0.6664376703530605,0.5997509360313416
38,2,27,0.07862466897423746,1.1606498753339816,0.7125887870788574
38,2,28,0.07862466897423746,1.1681379390458138,0.5939847826957703
38,2,29,0.160993369804391,1.287946958435128,0.7488915920257568
38,2,30,0.13852917866889458,1.287946958435128,0.6230405569076538
38,2,31,-0.00374403185591607,1.5425411246374208,0.7243115305900574
38,2,32,-0.03369628670324463,1.6548620803149028,0.6216771006584167
39,1,0,-0.31171617759469056,-1.3170008503375676,0.9764143228530884
39,1,1,-0.31950908203455786,-1.3403795636571694,0.9755275845527648
39,1,2,-0.31171617759469056,-1.3247937547774349,0.97824889421463
39,1,3,-0.31171617759469056,-1.3247937547774349,0.9766207337379456
39,1,4,-0.33509489091429234,-1.3247937547774349,0.9683171510696412
39,1,5,-0.34288779535415964,-1.3247937547774349,0.9693756103515624
39,1,6,-0.3506806997940269,-1.3325866592173021,0.9667028784751892
39,1,7,-0.1792368021169471,-1.355965372536904,0.9758540391921996
39,1,8,-0.264958750955487,-1.3481724680970368,0.964621901512146
39,1,9,-0.2883374642750888,-1.2156930926192933,0.9669647216796876
39,1,10,-0.31171617759469056,-1.2312789014990277,0.9564944505691528
39,1,11,-0.07013613995880538,-1.1065924304611516,0.994880437850952
39,1,12,-0.15585808879734528,-0.8805982017050009,0.9919843673706056
39,1,13,-0.33509489091429234,-0.9117698194644699,0.6474918723106384
39,1,14,-0.5532962152305758,-0.5065387885913721,0.419406920671463
39,1,15,-0.5377104063508412,-0.5610891196704431,0.588260293006897
39,1,16,-0.709154304027921,-0.5766749285501775,0.4485846757888794
39,1,17,-0.4364026486325668,-0.4364026486325668,0.5829477906227112
39,1,18,-0.6935684951481865,-0.46757426639203586,0.439058244228363
39,1,19,-0.6546039729488502,-0.5377104063508412,0.5817075371742249
39,1,20,-0.7325330173475229,-0.42860974419269954,0.4400324523448944
39,1,21,-0.5065387885913721,-0.5610891196704431,0.5786067247390747
39,1,22,-0.7247401129076556,-0.3896452219933632,0.4366248846054077
39,1,23,0.05455033107907085,-0.007792904439867265,0.9880695939064026
39,1,24,-0.05455033107907085,0.007792904439867265,0.9837992787361144
39,1,25,-0.20261551543654888,0.31171617759469056,0.7415671348571777
39,1,26,-0.7325330173475229,-0.33509489091429234,0.6258726716041565
39,1,27,-0.3273019864744251,1.0832137171415497,0.730617105960846
39,1,28,-0.4831600752717704,-0.7870833484265937,0.6122207641601562
39,1,29,-0.38185231755349597,1.0754208127016824,0.7567005753517151
39,1,30,-0.4831600752717704,-0.8182549661860627,0.6492810249328613
39,1,31,-0.6234323551893811,1.3949298947362403,0.7367560267448425
39,1,32,-0.46757426639203586,-0.8416336795056646,0.6402613520622253
39,2,0,-0.3029061928081093,-1.3062829564849716,0.970265805721283
39,2,1,-0.25557710018184226,-1.363077867636492,0.9672027826309204
39,2,2,-0.24611128165658883,-1.3536120491112387,0.971851646900177
39,2,3,-0.23664546313133542,-1.3536120491112387,0.9679787755012512
39,2,4,-0.2745087372323491,-1.382009504686999,0.9595535397529602
39,2,5,-0.2745087372323491,-1.382009504686999,0.9603978395462036
39,2,6,-0.2745087372323491,-1.3914753232122523,0.9539623856544496
39,2,7,-0.19878218903032174,-1.3441462305859853,0.9708805680274964
39,2,8,-0.25557710018184226,-1.363077867636492,0.9461769461631776
39,2,9,-0.2934403742828559,-1.2021589527071839,0.9566664099693298
39,2,10,-0.3218378298586162,-1.2210905897576907,0.9377934336662292
39,2,11,-0.10412400377778759,-1.0128425822021156,0.9952280521392822
39,2,12,-0.18931637050506833,-0.9655134895758485,0.992467999458313
39,2,13,0.20824800755557518,-0.615278204141472,0.6379491090774536
39,2,14,0.08519236672728075,-0.3218378298586162,0.3926615417003631
39,2,15,0.19878218903032174,-0.13252145935354784,0.5835733413696289
39,2,16,-0.02839745557576025,-0.04732909262626708,0.4227602779865265
39,2,17,0.1703847334545615,-0.04732909262626708,0.5778369307518005
39,2,18,-0.037863274101013665,0.02839745557576025,0.4183176159858703
39,2,19,0.1703847334545615,-0.037863274101013665,0.5762219429016113
39,2,20,-0.10412400377778759,0.037863274101013665,0.4184219241142273
39,2,21,0.20824800755557518,-0.09465818525253417,0.5727599859237671
39,2,22,-0.08519236672728075,0.018931637050506833,0.415702760219574
39,2,23,0.0,-0.07572654820202733,0.9892030358314514
39,2,24,0.0,0.07572654820202733,0.9853063225746156
39,2,25,0.18931637050506833,0.04732909262626708,0.7632033228874207
39,2,26,-0.15145309640405466,1.0601716748283827,0.6504629254341125
39,2,27,0.09465818525253417,0.5395516559394448,0.7341226935386658
39,2,28,-0.018931637050506833,1.9120953421011901,0.6235545873641968
39,2,29,0.10412400377778759,0.6626072967677392,0.769180953502655
39,2,30,0.04732909262626708,2.129809168182019,0.6699796319007874
39,2,31,-0.018931637050506833,0.5868807485657118,0.7418986558914185
39,2,32,-0.23664546313133542,2.1866040793335393,0.6409698724746704
40,1,0,-0.16116277595501816,-1.0912062955287687,0.954230546951294
40,1,1,-0.16116277595501816,-1.1180667581879384,0.9520291686058044
40,1,2,-0.15444766029022575,-1.1180667581879384,0.9599747061729432
40,1,3,-0.16116277595501816,-1.111351642523146,0.9556439518928528
40,1,4,-0.1678778916198106,-1.1314969895175233,0.9375657439231871
40,1,5,-0.1678778916198106,-1.1314969895175233,0.9403765797615052
40,1,6,-0.174593007284603,-1.1382121051823157,0.931953489780426
40,1,7,-0.1410174289606409,-1.1180667581879384,0.9521431922912598
40,1,8,-0.15444766029022575,-1.1247818738527309,0.9229053854942322
40,1,9,-0.174593007284603,-1.0240551388808445,0.9352219700813292
40,1,10,-0.18130812294939544,-1.0374853702104294,0.9136172533035278
40,1,11,-0.12758719763105605,-0.9434737509033355,0.9940272569656372
40,1,12,-0.1477325446254333,-1.0374853702104294,0.990556001663208
40,1,13,-0.34247089890441357,-0.4935610013622431,0.6051666140556335
40,1,14,-0.4096220555523378,-0.7084447026356007,0.409725159406662
40,1,15,-0.23502904826773482,-0.09065406147469772,0.5494082570075989
40,1,16,-0.3626162458987909,-0.43984007604390374,0.4350945949554443
40,1,17,-0.21488370127335754,-0.010072673497188635,0.5471640825271606
40,1,18,-0.3760464772283757,-0.31225287841284766,0.4274854660034179
40,1,19,-0.20816858560856513,-0.016787789161981058,0.5462324023246765
40,1,20,-0.4096220555523378,-0.22495637477054617,0.4285182654857635
40,1,21,-0.2014534699437727,-0.0570784831507356,0.5437116622924805
40,1,22,-0.41633717121713026,-0.17795056511699922,0.4264117777347564
40,1,23,0.006715115664792423,0.03693313615635833,0.989248275756836
40,1,24,-0.006715115664792423,-0.03693313615635833,0.985216736793518
40,1,25,-0.053720925318339385,0.6614388929820537,0.7699691653251648
40,1,26,-0.20816858560856513,0.38611915072556435,0.667069673538208
40,1,27,-0.21488370127335754,1.2725144184781643,0.745532214641571
40,1,28,-0.10744185063667877,0.7554505122891476,0.629456639289856
40,1,29,-0.2618895109269045,1.3732411534500506,0.7698720097541809
40,1,30,-0.2618895109269045,0.8024563219426946,0.6720268130302429
40,1,31,-0.19473835427898029,1.4001016161092203,0.7501030564308167
40,1,32,-0.06043604098313181,0.9569039822329203,0.6475804448127747
40,2,0,-0.28082599091070964,-1.1837348730793202,0.9543634653091432
40,2,1,-0.23105935961007754,-1.219282466865486,0.951992928981781
40,2,2,-0.2239498408528444,-1.212172948108253,0.9594519138336182
40,2,3,-0.21684032209561124,-1.2050634293510198,0.9554743766784668
40,2,4,-0.23105935961007754,-1.2406110231371856,0.938237726688385
40,2,5,-0.2239498408528444,-1.2406110231371856,0.9410341382026672
40,2,6,-0.21684032209561124,-1.2477205418944186,0.9332708120346068
40,2,7,-0.18129272830944546,-1.1766253543220873,0.9504187703132628
40,2,8,-0.1741832095522123,-1.2050634293510198,0.9222425818443298
40,2,9,-0.25949743463901015,-1.1126396855069887,0.9345790147781372
40,2,10,-0.2666069533962433,-1.126858723021455,0.9123156070709229
40,2,11,-0.13152609700881338,-0.9775588291195588,0.9941031336784364
40,2,12,-0.12441657825158021,-1.0059969041484915,0.9892502427101136
40,2,13,0.07464994695094813,-0.5225496286566369,0.6187009215354919
40,2,14,0.024883315650316044,-0.5936448162289685,0.3750447630882263
40,2,15,0.16707369079497913,-0.23816887836731068,0.553718626499176
40,2,16,0.024883315650316044,-0.11730705949434705,0.3976360559463501
40,2,17,0.1884022470666786,-0.15285465328051284,0.5479641556739807
40,2,18,0.024883315650316044,-0.039102353164782354,0.3931149244308471
40,2,19,0.18129272830944546,-0.24527839712454386,0.5471470952033997
40,2,20,-0.017773796893082887,-0.024883315650316044,0.3939298987388611
40,2,21,0.18129272830944546,-0.2737164721534765,0.5421927571296692
40,2,22,-0.010664278135849732,-0.05332139067924866,0.3925961852073669
40,2,23,-0.024883315650316044,0.017773796893082887,0.9894696474075316
40,2,24,0.024883315650316044,-0.017773796893082887,0.984624207019806
40,2,25,0.024883315650316044,0.7145066351019321,0.7902620434761047
40,2,26,0.010664278135849732,0.5936448162289685,0.6767858862876892
40,2,27,-0.0035547593786165775,1.347253804495683,0.7671024203300476
40,2,28,-0.039102353164782354,1.1339682417786883,0.6345431208610535
40,2,29,0.07464994695094813,1.4752251421258797,0.7899829745292664
40,2,30,-0.017773796893082887,1.2406110231371856,0.6821179389953613
40,2,31,-0.11730705949434705,1.5676488859699107,0.7690519690513611
40,2,32,-0.1884022470666786,1.347253804495683,0.6455291509628296
41,1,0,-0.1505891751953913,-1.1907051061961171,0.9369317889213562
41,1,1,-0.14358502751188473,-1.2327299922971566,0.9280115365982056
41,1,2,-0.14358502751188473,-1.2327299922971566,0.9410029649734496
41,1,3,-0.14358502751188473,-1.22572584461365,0.9332963824272156
41,1,4,-0.1505891751953913,-1.2397341399806632,0.913761556148529
41,1,5,-0.15759332287889788,-1.2467382876641697,0.9193125367164612
41,1,6,-0.15759332287889788,-1.2467382876641697,0.9065079092979432
41,1,7,-0.12257258446136501,-1.2047134015631304,0.9244643449783324
41,1,8,-0.1505891751953913,-1.22572584461365,0.8945823907852173
41,1,9,-0.14358502751188473,-1.127667777044558,0.8992968797683716
41,1,10,-0.1505891751953913,-1.1416760724115713,0.8774442076683044
41,1,11,-0.20662235666344386,-0.9525640849568938,0.9918763637542723
41,1,12,-0.18560991361292417,-1.0085972664249463,0.9887129664421082
41,1,13,-0.2766638334985096,-0.6093608484650718,0.5762714743614197
41,1,14,-0.4027384918016279,-0.6864064729836441,0.4256924986839294
41,1,15,-0.12257258446136501,-0.2731617596567563,0.5068680644035339
41,1,16,-0.2556513904479899,-0.4062405656433812,0.4245122075080871
41,1,17,-0.09455599372733872,-0.21012443050519716,0.5030892491340637
41,1,18,-0.2486472427644833,-0.3011783503907826,0.413025826215744
41,1,19,-0.08755184604383215,-0.28016590734026287,0.5028263330459595
41,1,20,-0.220630652030457,-0.3572115318588352,0.4143069684505462
41,1,21,-0.08755184604383215,-0.3011783503907826,0.4997722804546356
41,1,22,-0.23463894739747015,-0.37121982722584834,0.4120159745216369
41,1,23,0.003502073841753286,0.014008295367013144,0.989170789718628
41,1,24,-0.003502073841753286,-0.014008295367013144,0.9848421812057496
41,1,25,-0.038522812259286145,0.7844645405527361,0.7727581858634949
41,1,26,-0.28366798118201614,0.7844645405527361,0.6953102946281433
41,1,27,-0.22763479971396358,1.3938253890178078,0.7554872035980225
41,1,28,-0.18560991361292417,1.3658087982837814,0.6541043519973755
41,1,29,-0.28366798118201614,1.4918834565869,0.7782315611839294
41,1,30,-0.2556513904479899,1.4848793089033934,0.6991044282913208
41,1,31,-0.1786057659294176,1.6179581148900182,0.7576825618743896
41,1,32,-0.1015601414108453,1.6179581148900182,0.660973846912384
41,2,0,-0.2742088301929901,-1.2540483834159413,0.9341824650764464
41,2,1,-0.20839871094667245,-1.2979217962468197,0.9265549182891846
41,2,2,-0.2010864754748594,-1.2979217962468197,0.938607692718506
41,2,3,-0.18646200453123324,-1.2906095607750065,0.9316093921661376
41,2,4,-0.2157109464184855,-1.3125462671904458,0.911895513534546
41,2,5,-0.2157109464184855,-1.319858502662259,0.916343867778778
41,2,6,-0.20839871094667245,-1.319858502662259,0.9035326838493348
41,2,7,-0.13527635622854176,-1.2540483834159413,0.924958348274231
41,2,8,-0.17183753358760712,-1.2832973253031934,0.8902938961982727
41,2,9,-0.24495988830573778,-1.1882382641696236,0.89944988489151
41,2,10,-0.266896594721177,-1.2028627351132497,0.8738157749176025
41,2,11,-0.10602741434128948,-0.9542467290716055,0.9921379089355468
41,2,12,-0.16452529811579403,-1.027369083789736,0.985008716583252
41,2,13,0.15721306264398097,-0.5301370717064474,0.6152241230010986
41,2,14,-0.11333964981310256,-0.7495041358608395,0.3970043361186981
41,2,15,-0.010968353207719602,-0.2742088301929901,0.5495497584342957
41,2,16,-0.24495988830573778,-0.588634955480952,0.4002244770526886
41,2,17,-0.047529530566784946,-0.16452529811579403,0.5421168804168701
41,2,18,-0.2815210656648031,-0.588634955480952,0.3915700018405914
41,2,19,-0.06215400151041108,-0.266896594721177,0.5414385795593262
41,2,20,-0.31808224302386845,-0.581322720009139,0.3930493891239166
41,2,21,-0.04021729509497188,-0.2815210656648031,0.5375664234161377
41,2,22,-0.3107700075520554,-0.581322720009139,0.3932680785655975
41,2,23,0.010968353207719602,-0.003656117735906534,0.988406240940094
41,2,24,-0.010968353207719602,0.003656117735906534,0.9835826754570008
41,2,25,0.08409070792585029,0.8664999034098486,0.7922956943511963
41,2,26,-0.06946623698222415,0.8884366098252878,0.6815977096557617
41,2,27,0.04021729509497188,1.553850037760277,0.7689489722251892
41,2,28,-0.025592824151345738,1.56116227323209,0.6393609642982483
41,2,29,0.07677847245403721,1.6196601570065947,0.7923877239227295
41,2,30,0.04021729509497188,1.641596863422034,0.6978917717933655
41,2,31,-0.09871517886947642,1.8024660438019213,0.767417311668396
41,2,32,-0.2010864754748594,1.7805293373864821,0.6498408317565918
42,1,0,-0.16154686270454907,-1.2397782486628184,0.8913282752037048
42,1,1,-0.13900544000158874,-1.284861094068739,0.8763137459754944
42,1,2,-0.1314916324339353,-1.2773472865010858,0.8951124548912048
42,1,3,-0.12397782486628184,-1.2773472865010858,0.8839887976646423
42,1,4,-0.14651924756924217,-1.2923749016363926,0.8612602949142456
42,1,5,-0.14651924756924217,-1.2923749016363926,0.8691990375518799
42,1,6,-0.14651924756924217,-1.2923749016363926,0.8511229157447815
42,1,7,-0.08640878702801462,-1.2548058637981254,0.8748370409011841
42,1,8,-0.12397782486628184,-1.2623196713657787,0.8370567560195923
42,1,9,-0.1314916324339353,-1.1721539805539374,0.8348678350448608
42,1,10,-0.15403305513689564,-1.179667788121591,0.8116533756256104
42,1,11,-0.15403305513689564,-0.946739753524334,0.9868053197860718
42,1,12,-0.15403305513689564,-1.029391636768522,0.9845260977745056
42,1,13,-0.22165732324577664,-0.5785631827093153,0.5595672726631165
42,1,14,-0.46209916541068685,-0.7213255264947307,0.4477627873420715
42,1,15,-0.16154686270454907,-0.21038661189429647,0.4984337091445923
42,1,16,-0.3719334745988455,-0.556021760006355,0.4363639056682586
42,1,17,-0.17657447783985597,-0.14276234378541547,0.4932348132133484
42,1,18,-0.45458535784303344,-0.5710493751416619,0.4229010939598083
42,1,19,-0.19160209297516284,-0.1502761513530689,0.4928404688835144
42,1,20,-0.31933682162527144,-0.5034251070327809,0.4245114326477051
42,1,21,-0.14651924756924217,-0.2329280345972568,0.4901827275753021
42,1,22,-0.4996682032489541,-0.5710493751416619,0.4227821230888366
42,1,23,-0.0037569037838267225,0.007513807567653445,0.98792165517807
42,1,24,0.0037569037838267225,-0.007513807567653445,0.984002947807312
42,1,25,0.02629832648678706,0.9166845232537203,0.7537591457366943
42,1,26,-0.14651924756924217,0.9392259459566806,0.6989924907684326
42,1,27,-0.16154686270454907,1.57038578163957,0.7328969836235046
42,1,28,-0.15403305513689564,1.6304962421807976,0.6597601175308228
42,1,29,-0.24419874594873697,1.6830928951543718,0.7652429342269897
42,1,30,-0.22165732324577664,1.7281757405602924,0.7152109146118164
42,1,31,-0.19160209297516284,1.8108276238044803,0.7354247570037842
42,1,32,-0.16154686270454907,1.8859656994810148,0.6647728681564331
42,2,0,-0.22097998241193664,-1.2884256601645119,0.8991716504096985
42,2,1,-0.13858066693629925,-1.3333707413330413,0.8850006461143494
42,2,2,-0.12359897321345609,-1.3258798944716197,0.9023194313049316
42,2,3,-0.10861727949061292,-1.3258798944716197,0.8927509188652039
42,2,4,-0.15356236065914242,-1.3483524350558844,0.8706355690956116
42,2,5,-0.15356236065914242,-1.355843281917306,0.8770579695701599
42,2,6,-0.15356236065914242,-1.355843281917306,0.8606269359588623
42,2,7,-0.06367219832208344,-1.2884256601645119,0.885139524936676
42,2,8,-0.12359897321345609,-1.3108982007487766,0.843782901763916
42,2,9,-0.20599828868909348,-1.213517191550296,0.8488165140151978
42,2,10,-0.2284708292733582,-1.2284988852731393,0.8249871730804443
42,2,11,-0.018727117153553952,-0.981300938846227,0.9880411624908448
42,2,12,-0.15356236065914242,-1.0112643262919134,0.9834194779396056
42,2,13,0.35581522591752507,-0.554322667745197,0.6029543280601501
42,2,14,-0.19850744182767188,-0.6292311363594127,0.4126862287521362
42,2,15,0.018727117153553952,-0.232216252704069,0.5470500588417053
42,2,16,-0.32585183847183874,-0.24719794642691217,0.4114027917385101
42,2,17,-0.041199657737818696,-0.11985354978274529,0.5400277972221375
42,2,18,-0.3782877665017898,-0.14981693722843162,0.400884747505188
42,2,19,-0.10112643262919134,-0.1573077840898532,0.5393162369728088
42,2,20,-0.36330607277894666,-0.12734439664416689,0.4026091992855072
42,2,21,-0.08614473890634818,-0.232216252704069,0.5356939435005188
42,2,22,-0.35581522591752507,-0.16479863095127478,0.4023139774799347
42,2,23,0.04869050459924027,-0.014981693722843161,0.9871996641159058
42,2,24,-0.04869050459924027,0.014981693722843161,0.9828996658325196
42,2,25,-0.011236270292132372,0.9138833170934328,0.7703260183334351
42,2,26,-0.10861727949061292,0.9438467045391191,0.6693732738494873
42,2,27,0.08614473890634818,1.6030412283442184,0.7377122044563293
42,2,28,0.05618135146066185,1.5955503814827967,0.6414808034896851
42,2,29,0.10861727949061292,1.677949696958434,0.7578958868980408
42,2,30,0.1161081263520345,1.6929313906812773,0.6980506777763367
42,2,31,-0.1161081263520345,1.8652208684939735,0.7344533801078796
42,2,32,-0.13858066693629925,1.8427483279097088,0.6463386416435242
43,1,0,-0.10149443604026881,-1.3419819876435544,0.8935270309448242
43,1,1,-0.07894011692020908,-1.3795725195103206,0.8739051818847656
43,1,2,-0.07894011692020908,-1.3720544131369674,0.8925145268440247
43,1,3,-0.07142201054685583,-1.3720544131369674,0.8817597031593323
43,1,4,-0.09397632966691558,-1.3795725195103206,0.8624628186225891
43,1,5,-0.10149443604026881,-1.3795725195103206,0.8705826997756958
43,1,6,-0.10901254241362206,-1.3795725195103206,0.8548421859741211
43,1,7,-0.06390390417350258,-1.3419819876435544,0.8685166239738464
43,1,8,-0.10901254241362206,-1.3419819876435544,0.8309125304222107
43,1,9,-0.09397632966691558,-1.266800923910022,0.832317054271698
43,1,10,-0.10901254241362206,-1.266800923910022,0.8132100701332092
43,1,11,-0.15412118065374153,-0.9209680307357726,0.9847097992897034
43,1,12,-0.1466030742803883,-1.056293945456131,0.9845491647720336
43,1,13,-0.12404875516032855,-0.5450627120681103,0.5506582856178284
43,1,14,-0.34959194636092594,-0.6277618821749961,0.4644957482814789
43,1,15,0.003759053186676623,-0.2744108826273935,0.4969299435615539
43,1,16,-0.17667549977380126,-0.31951952086751295,0.4564169943332672
43,1,17,0.048867691426796096,-0.17667549977380126,0.4922138452529907
43,1,18,-0.07894011692020908,-0.20674792526721425,0.4438966810703277
43,1,19,-0.048867691426796096,-0.19171171252050775,0.4917149841785431
43,1,20,-0.018795265933383116,-0.24433845713398047,0.4450655877590179
43,1,21,-0.10149443604026881,-0.24433845713398047,0.4889861345291137
43,1,22,-0.04134958505344285,-0.28944709537409996,0.4415251016616821
43,1,23,-0.018795265933383116,-0.056385797800149344,0.9841541051864624
43,1,24,0.018795265933383116,0.056385797800149344,0.9824596047401428
43,1,25,0.018795265933383116,0.8457869670022401,0.7332139611244202
43,1,26,-0.07894011692020908,0.9585585626025388,0.6932803392410278
43,1,27,-0.12404875516032855,1.5449708597240919,0.7149515748023987
43,1,28,-0.10149443604026881,1.4622716896172063,0.6684694290161133
43,1,29,-0.2142660316405675,1.5900794979642114,0.7404609322547913
43,1,30,-0.19171171252050775,1.605115710710918,0.718499481678009
43,1,31,-0.10149443604026881,1.8081045827914555,0.7186182737350464
43,1,32,-0.04134958505344285,1.7103691999378634,0.6680928468704224
43,2,0,-0.243562334849877,-1.3137604728266092,0.9036444425582886
43,2,1,-0.19189759715444854,-1.358044533708405,0.8859420418739319
43,2,2,-0.17713624352718327,-1.358044533708405,0.9026987552642822
43,2,3,-0.162374889899918,-1.3506638568947724,0.8931266665458679
43,2,4,-0.2066589507817138,-1.3654252105220377,0.8754373788833618
43,2,5,-0.2066589507817138,-1.3654252105220377,0.8825594186782837
43,2,6,-0.2066589507817138,-1.3654252105220377,0.8684185743331909
43,2,7,-0.11809082901812218,-1.3285218264538745,0.8811073303222656
43,2,8,-0.16975556671355063,-1.3359025032675071,0.8459054827690125
43,2,9,-0.22880098122261172,-1.2473343815039155,0.8483250737190247
43,2,10,-0.25094301166350963,-1.2547150583175481,0.8303982019424438
43,2,11,-0.02214203044089791,-0.9668686625858753,0.9862045049667358
43,2,12,-0.14761353627265272,-1.0259140770949364,0.9842873215675354
43,2,13,0.22880098122261172,-0.5018860233270193,0.5953184366226196
43,2,14,-0.13285218264538745,-0.5461700842088151,0.4262662827968597
43,2,15,-0.14761353627265272,-0.27308504210440754,0.5468242764472961
43,2,16,-0.23618165803624436,-0.25832368847714227,0.4280903041362762
43,2,17,-0.2657043652907749,-0.16975556671355063,0.5418828725814819
43,2,18,-0.25832368847714227,-0.11809082901812218,0.4194740653038025
43,2,19,-0.3026077493589381,-0.22142030440897909,0.5413438677787781
43,2,20,-0.3026077493589381,-0.16975556671355063,0.420357197523117
43,2,21,-0.2804657189180402,-0.2657043652907749,0.5383146405220032
43,2,22,-0.2878463957316728,-0.23618165803624436,0.4170764982700348
43,2,23,0.04428406088179582,-0.029522707254530545,0.9846070408821106
43,2,24,-0.04428406088179582,0.029522707254530545,0.9817827343940736
43,2,25,-0.07380676813632636,0.8192551263132226,0.743084728717804
43,2,26,-0.1033294753908569,0.8266358031268553,0.6375082731246948
43,2,27,0.0,1.4761353627265272,0.7144078016281128
43,2,28,0.007380676813632636,1.4244706250310988,0.6218785047531128
43,2,29,0.05904541450906109,1.5573228076764862,0.7515943050384521
43,2,30,0.029522707254530545,1.5499421308628536,0.6817512512207031
43,2,31,-0.1402328594590201,1.6901749903218737,0.7169416546821594
43,2,32,-0.16975556671355063,1.6311295758128126,0.6277987957000732
44,1,0,-0.08123094995781752,-1.282772084750535,0.9001917839050293
44,1,1,-0.08800019578763565,-1.3369260513890802,0.8802013993263245
44,1,2,-0.08800019578763565,-1.3369260513890802,0.8972858786582947
44,1,3,-0.08800019578763565,-1.3369260513890802,0.8879590034484863
44,1,4,-0.09476944161745378,-1.3301568055592619,0.8724920749664307
44,1,5,-0.1015386874472719,-1.3301568055592619,0.8799313306808472
44,1,6,-0.1015386874472719,-1.3233875597294438,0.8666197061538696
44,1,7,-0.10830793327709003,-1.3030798222399895,0.8739321231842041
44,1,8,-0.12184642493672629,-1.2963105764101712,0.8381853699684143
44,1,9,-0.08123094995781752,-1.22861811811199,0.8366618156433105
44,1,10,-0.08800019578763565,-1.2218488722821719,0.8183642625808716
44,1,11,-0.14215416242618067,-0.9781560224087194,0.98553729057312
44,1,12,-0.11507717910690815,-1.005233005727992,0.9851046800613404
44,1,13,0.02030773748945438,-0.585539764279268,0.5487156510353088
44,1,14,-0.09476944161745378,-0.5178473059810867,0.4760171175003052
44,1,15,-0.033846229149090634,-0.5110780601512686,0.5020105242729187
44,1,16,0.2301543582138163,-0.40953937270399665,0.4672165215015411
44,1,17,0.15569265408581692,-0.4636933393425417,0.4994477331638336
44,1,18,0.3046160623418157,-0.32830842274617916,0.4565663039684295
44,1,19,0.14215416242618067,-0.47046258517235984,0.499602347612381
44,1,20,0.29107757068217943,-0.3621546518952698,0.457200288772583
44,1,21,0.08123094995781752,-0.48400107683199606,0.4973120391368866
44,1,22,0.2572313415330888,-0.40277012687417857,0.4513490200042724
44,1,23,-0.02030773748945438,-0.05076934372363595,0.9838663935661316
44,1,24,0.02030773748945438,0.05076934372363595,0.9815934300422668
44,1,25,0.04061547497890876,0.6735399600669036,0.6989837288856506
44,1,26,0.027076983319272507,0.7006169433861761,0.6564105749130249
44,1,27,-0.06769245829818127,1.0864639556858093,0.6875184774398804
44,1,28,-0.07446170412799939,1.1541564139839906,0.646324872970581
44,1,29,-0.12184642493672629,1.1812333973032632,0.7344375252723694
44,1,30,-0.11507717910690815,1.22861811811199,0.7038809657096863
44,1,31,-0.033846229149090634,1.3098490680698076,0.6986194252967834
44,1,32,-0.013538491659636253,1.3504645430487163,0.6496025919914246
44,2,0,-0.20731277284315455,-1.311848037991109,0.9099894762039183
44,2,1,-0.16652993228384544,-1.3662251587368546,0.8920417428016663
44,2,2,-0.15973279219062728,-1.3662251587368546,0.9074138402938844
44,2,3,-0.1461385120041909,-1.3662251587368546,0.899045467376709
44,2,4,-0.18012421247028182,-1.3730222988300727,0.8850537538528442
44,2,5,-0.17332707237706363,-1.3730222988300727,0.8917221426963806
44,2,6,-0.17332707237706363,-1.3730222988300727,0.879772961139679
44,2,7,-0.10535567144488181,-1.3322394582707635,0.8864065408706665
44,2,8,-0.12574709172453635,-1.3390365983639818,0.8541979193687439
44,2,9,-0.18012421247028182,-1.2506737771521454,0.8528438210487366
44,2,10,-0.20051563274993636,-1.2506737771521454,0.8362523317337036
44,2,11,-0.030587130419481818,-0.9923824536098546,0.98694908618927
44,2,12,-0.15293565209740909,-0.9991795937030727,0.9861648082733154
44,2,13,0.15293565209740909,-0.4622055263388364,0.5933284163475037
44,2,14,-0.010195710139827273,-0.4961912268049273,0.4342791736125946
44,2,15,-0.2616898935889,-0.4554083862456182,0.5507364273071289
44,2,16,-0.19371849265671817,-0.39423412540665453,0.4317032694816589
44,2,17,-0.34325557470751816,-0.4146255456863091,0.5474267601966858
44,2,18,-0.24129847330924545,-0.2990741641016,0.4244628250598907
44,2,19,-0.34325557470751816,-0.4690026664320545,0.5475044846534729
44,2,20,-0.2616898935889,-0.32626272447447274,0.4254276752471924
44,2,21,-0.32286415442786365,-0.4893940867117091,0.5446355938911438
44,2,22,-0.23450133321602726,-0.36024842494056364,0.420628935098648
44,2,23,-0.016992850233045455,-0.020391420279654546,0.9851202368736268
44,2,24,0.016992850233045455,0.020391420279654546,0.9825394749641418
44,2,25,-0.07816711107200909,0.7408882701607818,0.7119275331497192
44,2,26,-0.016992850233045455,0.6457283088557273,0.6041547656059265
44,2,27,0.016992850233045455,1.1555138158470908,0.6733170747756958
44,2,28,0.06457283088557272,1.1147309752877819,0.5916838645935059
44,2,29,0.11894995163131818,1.2234852167792727,0.7390304207801819
44,2,30,0.13934137191097273,1.2030937964996182,0.6594945788383484
44,2,31,-0.12574709172453635,1.2846594776182363,0.677339494228363
44,2,32,-0.08496425116522727,1.2778623375250182,0.5999987125396729
45,1,0,-0.035140757079220215,-1.3283206175945241,0.9141998887062072
45,1,1,0.0,-1.3775176775054325,0.8973854780197144
45,1,2,0.0,-1.3775176775054325,0.9107914566993712
45,1,3,0.007028151415844044,-1.3775176775054325,0.9043260216712952
45,1,4,-0.014056302831688088,-1.3775176775054325,0.891156792640686
45,1,5,-0.014056302831688088,-1.3845458289212766,0.8964210748672485
45,1,6,-0.02108445424753213,-1.3775176775054325,0.8863644599914551
45,1,7,-0.014056302831688088,-1.3564332232579004,0.8900019526481628
45,1,8,-0.035140757079220215,-1.3423769204262124,0.8615223169326782
45,1,9,-0.007028151415844044,-1.2720954062677718,0.855767548084259
45,1,10,-0.02108445424753213,-1.2720954062677718,0.8429109454154968
45,1,11,-0.07730966557428448,-0.9979975010498542,0.9862396717071532
45,1,12,-0.0491970599109083,-0.9979975010498542,0.987135648727417
45,1,13,0.13353487690103683,-0.5060269019407712,0.5411642789840698
45,1,14,0.05622521132675235,-0.5200832047724592,0.4865437746047973
45,1,15,0.13353487690103683,-0.4006046307031105,0.5002822875976562
45,1,16,0.4006046307031105,-0.639561778841808,0.4717177450656891
45,1,17,-0.20381639105947727,-0.3865483278714224,0.4985063672065735
45,1,18,0.5060269019407712,-0.6957869901685603,0.4608134627342224
45,1,19,0.035140757079220215,-0.4287172363664867,0.4988923370838165
45,1,20,0.5060269019407712,-0.7590403529111567,0.4617555737495422
45,1,21,0.028112605663376176,-0.4989987505249271,0.4969126880168915
45,1,22,0.4568298420298628,-0.7309277472477805,0.4556151330471039
45,1,23,-0.035140757079220215,-0.04216890849506426,0.9851276874542236
45,1,24,0.035140757079220215,0.04216890849506426,0.9831428527832032
45,1,25,0.09136596840597257,0.7660685043270008,0.6796842217445374
45,1,26,0.11947857406934874,0.7379558986636245,0.632158100605011
45,1,27,-0.07730966557428448,1.2439828006043958,0.6546438932418823
45,1,28,-0.1124504226535047,1.3142643147628361,0.6155896782875061
45,1,29,-0.1757037853961011,1.3283206175945241,0.7169356346130371
45,1,30,-0.24598529955454151,1.3775176775054325,0.6727272868156433
45,1,31,0.04216890849506426,1.4056302831688088,0.6654520630836487
45,1,32,0.07730966557428448,1.454827343079717,0.6210220456123352
45,2,0,-0.22757233784348915,-1.380356803312967,0.9227197170257568
45,2,1,-0.1753426209613769,-1.4475092964471115,0.9076033234596252
45,2,2,-0.1604198447093448,-1.4475092964471115,0.9196594953536988
45,2,3,-0.14549706845731275,-1.4475092964471115,0.9138523936271667
45,2,4,-0.19026539721340896,-1.4475092964471115,0.901968777179718
45,2,5,-0.19026539721340896,-1.4475092964471115,0.9066861271858216
45,2,6,-0.18280400908739294,-1.4475092964471115,0.8976568579673767
45,2,7,-0.12311290407926463,-1.395279579564999,0.900932252407074
45,2,8,-0.18280400908739294,-1.4027409676910152,0.8752700090408325
45,2,9,-0.18280400908739294,-1.3057429220528067,0.870115339756012
45,2,10,-0.20518817346544105,-1.3132043101788227,0.8584738373756409
45,2,11,0.04103763469308821,-0.9923646207601331,0.9875637292861938
45,2,12,-0.0783445753231684,-1.0072873970121652,0.9879220724105836
45,2,13,0.11565151595324859,-0.4103763469308821,0.5863287448883057
45,2,14,-0.026114858441056134,-0.5148357806951066,0.4445690512657165
45,2,15,-0.30964760722966556,-0.5297585569471387,0.5479770302772522
45,2,16,-0.1753426209613769,-0.6491407669633953,0.4362351298332214
45,2,17,-0.44395259349795424,-0.5670654975772189,0.544008195400238
45,2,18,-0.2723406665995854,-0.7013704838455076,0.4291130304336548
45,2,19,-0.4066456528678741,-0.6267566025853472,0.5444637537002563
45,2,20,-0.2574178903475533,-0.7536002007276198,0.4298136234283447
45,2,21,-0.3693387122377939,-0.6267566025853472,0.5419155955314636
45,2,22,-0.24249511409552124,-0.7312160363495718,0.4241631925106048
45,2,23,0.011192082189024058,-0.022384164378048115,0.986215591430664
45,2,24,-0.011192082189024058,0.022384164378048115,0.9838840365409852
45,2,25,-0.03357624656707217,0.8058299176097321,0.6865647435188293
45,2,26,-0.018653470315040097,0.7386774244755878,0.589016854763031
45,2,27,0.06342179907113632,1.3281270864308548,0.6614440083503723
45,2,28,0.07088318719715236,1.3430498626828868,0.573684573173523
45,2,29,0.16788123283536086,1.4176637439430473,0.7345547080039978
45,2,30,0.15295845658332877,1.4325865201950794,0.6451716423034668
45,2,31,-0.09326735157520047,1.4549706845731274,0.6723271608352661
45,2,32,-0.09326735157520047,1.4325865201950794,0.5907317399978638
46,1,0,-0.022055097515228717,-1.3416850988430802,0.9293062090873718
46,1,1,0.036758495858714525,-1.4078503913887663,0.9155920147895812
46,1,2,0.04411019503045743,-1.4078503913887663,0.9262503385543824
46,1,3,0.05146189420220034,-1.4078503913887663,0.9213497042655944
46,1,4,0.022055097515228717,-1.4078503913887663,0.9106318354606628
46,1,5,0.022055097515228717,-1.4078503913887663,0.9146575331687928
46,1,6,0.022055097515228717,-1.4078503913887663,0.9068112373352052
46,1,7,0.04411019503045743,-1.371091895530052,0.9086541533470154
46,1,8,0.0,-1.371091895530052,0.8862512707710266
46,1,9,0.022055097515228717,-1.2681681071256512,0.8801016807556152
46,1,10,0.007351699171742905,-1.275519806297394,0.8702402710914612
46,1,11,0.02940679668697162,-0.9888035385994208,0.9878987669944764
46,1,12,0.007351699171742905,-1.0108586361146494,0.988976240158081
46,1,13,0.23525437349577297,-0.4594811982339316,0.5355636477470398
46,1,14,0.10292378840440068,-0.5109430924361319,0.4964475929737091
46,1,15,0.33817816190017363,-0.7535491651036478,0.5059801936149597
46,1,16,0.3749366577588882,-0.8050110593058482,0.4854205250740051
46,1,17,0.4778604461632889,-0.8785280510232772,0.5062891244888306
46,1,18,0.4778604461632889,-0.9226382460537347,0.4768738448619842
46,1,19,0.46315704781980305,-0.9152865468819917,0.5072540044784546
46,1,20,0.4484536494763172,-0.9741001402559349,0.4772302508354187
46,1,21,0.4190468527893456,-0.8785280510232772,0.5057123899459839
46,1,22,0.4043434544458598,-0.9446933435689634,0.4698482453823089
46,1,23,-0.01470339834348581,-0.018379247929357263,0.9866750240325928
46,1,24,0.01470339834348581,0.018379247929357263,0.9846394658088684
46,1,25,0.08822039006091487,0.7903076609623624,0.6427224278450012
46,1,26,0.1323305850913723,0.7829559617906194,0.6126851439476013
46,1,27,-0.1323305850913723,1.3784435947017948,0.6296347379684448
46,1,28,-0.1323305850913723,1.4666639847627096,0.5906703472137451
46,1,29,-0.22790267432403008,1.4813673831061955,0.7017529010772705
46,1,30,-0.24260607266751588,1.5548843748236245,0.6486788988113403
46,1,31,0.10292378840440068,1.5475326756518817,0.65020751953125
46,1,32,0.11762718674788648,1.6136979681975678,0.6059824824333191
46,2,0,-0.2460239978545028,-1.376940762185685,0.936288058757782
46,2,1,-0.190470191887357,-1.4563033421387503,0.9239668250083924
46,2,2,-0.18253393389205047,-1.4563033421387503,0.9335487484931946
46,2,3,-0.16666141790143738,-1.4563033421387503,0.9291532635688782
46,2,4,-0.2063427078779701,-1.4563033421387503,0.919468343257904
46,2,5,-0.19840644988266354,-1.464239600134057,0.9230766892433168
46,2,6,-0.19840644988266354,-1.464239600134057,0.9160445928573608
46,2,7,-0.11904386992959813,-1.4245583101575243,0.9176910519599916
46,2,8,-0.1507889019108243,-1.4324945681528307,0.8974682688713074
46,2,9,-0.19840644988266354,-1.2975781822326196,0.8919363617897034
46,2,10,-0.21427896587327663,-1.3055144402279262,0.8829783797264099
46,2,11,0.07936257995306542,-0.9880641204156645,0.9889764189720154
46,2,12,-0.06349006396245234,-1.011872894401584,0.9895170331001282
46,2,13,0.03968128997653271,-0.4642710927254327,0.5799480080604553
46,2,14,-0.06349006396245234,-0.5198248986925785,0.4496037364006042
46,2,15,-0.3412590937981813,-0.7420401225611617,0.5452160239219666
46,2,16,-0.1507889019108243,-0.702358832584629,0.4402728378772735
46,2,17,-0.4206216737512467,-0.8293389605095336,0.539002001285553
46,2,18,-0.1507889019108243,-0.7579126385517747,0.4339140951633453
46,2,19,-0.40474915776063364,-0.8690202504860663,0.539509654045105
46,2,20,-0.22221522386858317,-0.9721916044250514,0.4342624843120575
46,2,21,-0.36506786778410094,-0.8452114765001467,0.5351319909095764
46,2,22,-0.22221522386858317,-0.9563190884344382,0.4278872311115265
46,2,23,0.05555380596714579,-0.003968128997653271,0.9875162839889526
46,2,24,-0.05555380596714579,0.003968128997653271,0.985248863697052
46,2,25,0.0,0.7817214125376943,0.6631951332092285
46,2,26,-0.04761754797183925,0.7499763805564682,0.5807299613952637
46,2,27,0.1507889019108243,1.5277296640965092,0.6546941995620728
46,2,28,0.0,1.4721758581293636,0.5738775134086609
46,2,29,0.25396025584980936,1.6309010180354944,0.7186208367347717
46,2,30,0.11110761193429158,1.5991559860542681,0.6300583481788635
46,2,31,-0.10317135393898505,1.7023273399932533,0.6738526225090027
46,2,32,-0.1507889019108243,1.583283470063655,0.6021664142608643
47,1,0,-0.02312194524989712,-1.348780139577332,0.9421489238739014
47,1,1,0.02312194524989712,-1.4181459753270234,0.9309682846069336
47,1,2,0.038536575416495196,-1.4181459753270234,0.9395251870155334
47,1,3,0.04624389049979424,-1.4181459753270234,0.935667872428894
47,1,4,0.02312194524989712,-1.4258532904103223,0.9269716143608092
47,1,5,0.01541463016659808,-1.4258532904103223,0.9301196336746216
47,1,6,0.00770731508329904,-1.4258532904103223,0.9238945841789246
47,1,7,0.06165852066639232,-1.3950240300771262,0.9249674677848816
47,1,8,0.0,-1.3950240300771262,0.9071884155273438
47,1,9,0.02312194524989712,-1.2717069887443415,0.9013758301734924
47,1,10,0.01541463016659808,-1.2794143038276407,0.8936870098114014
47,1,11,0.15414630166598078,-0.9942436457455761,0.9897722601890564
47,1,12,-0.03082926033319616,-1.001950960828875,0.9905068278312684
47,1,13,0.17726824691587792,-0.47785353516454043,0.5355516076087952
47,1,14,0.1156097262494856,-0.5086827954977367,0.5029809474945068
47,1,15,0.4161950144981481,-0.8478046591628944,0.5256625413894653
47,1,16,0.40078038433155005,-0.8323900289962962,0.4924061596393585
47,1,17,0.5472193709142318,-0.9557070703290809,0.5270326137542725
47,1,18,0.5163901105810357,-0.9479997552457818,0.4842991530895233
47,1,19,0.5240974256643347,-0.9865363306622771,0.5281437635421753
47,1,20,0.47785353516454043,-1.0250729060787722,0.4842925369739532
47,1,21,0.45473158991464335,-0.9479997552457818,0.5242512226104736
47,1,22,0.4316096446647462,-1.001950960828875,0.4765800833702087
47,1,23,0.03082926033319616,-0.00770731508329904,0.9881504774093628
47,1,24,-0.03082926033319616,0.00770731508329904,0.9861307740211488
47,1,25,0.1156097262494856,0.770731508329904,0.6289224028587341
47,1,26,0.13102435641608368,0.8015607686631001,0.6136016845703125
47,1,27,-0.1156097262494856,1.4720971809101164,0.6319299340248108
47,1,28,-0.15414630166598078,1.541463016659808,0.6004759669303894
47,1,29,-0.2312194524989712,1.5877069071596022,0.6922252178192139
47,1,30,-0.2697560279154664,1.6339507976593963,0.6389116644859314
47,1,31,0.10790241116618655,1.6647800579925924,0.6624890565872192
47,1,32,0.08478046591628943,1.7033166334090877,0.6251113414764404
47,2,0,-0.2631578947368421,-1.3765182186234817,0.947885274887085
47,2,1,-0.20647773279352227,-1.4493927125506072,0.9378336668014526
47,2,2,-0.19838056680161945,-1.4493927125506072,0.9455284476280212
47,2,3,-0.18218623481781376,-1.4493927125506072,0.9420663714408876
47,2,4,-0.2145748987854251,-1.45748987854251,0.9342159628868104
47,2,5,-0.2145748987854251,-1.45748987854251,0.9370389580726624
47,2,6,-0.2145748987854251,-1.465587044534413,0.9314551949501038
47,2,7,-0.10931174089068826,-1.4251012145748987,0.9324122071266174
47,2,8,-0.1659919028340081,-1.4412955465587045,0.9163809418678284
47,2,9,-0.2145748987854251,-1.2955465587044535,0.9111528396606444
47,2,10,-0.23076923076923078,-1.3036437246963564,0.9041868448257446
47,2,11,0.0931174089068826,-0.9878542510121457,0.990732491016388
47,2,12,-0.0931174089068826,-1.0121457489878543,0.9911706447601318
47,2,13,0.02834008097165992,-0.4534412955465587,0.5798167586326599
47,2,14,-0.06882591093117409,-0.5182186234817814,0.4556965827941894
47,2,15,-0.32793522267206476,-0.7692307692307693,0.5640292763710022
47,2,16,-0.0931174089068826,-0.5263157894736842,0.4464885890483856
47,2,17,-0.41700404858299595,-0.8502024291497976,0.5600281357765198
47,2,18,-0.10931174089068826,-0.43724696356275305,0.4406996369361877
47,2,19,-0.4008097165991903,-0.8906882591093117,0.5608997941017151
47,2,20,-0.11740890688259109,-0.6477732793522267,0.4407436549663543
47,2,21,-0.3684210526315789,-0.8744939271255061,0.5548731684684753
47,2,22,-0.12550607287449392,-0.6558704453441295,0.4340969026088714
47,2,23,0.07692307692307693,0.0,0.9890390038490297
47,2,24,-0.07692307692307693,0.0,0.986906886100769
47,2,25,-0.004048582995951417,0.7692307692307693,0.6515300273895264
47,2,26,-0.06072874493927125,0.7530364372469636,0.5808426737785339
47,2,27,0.14979757085020243,1.562753036437247,0.6588320732116699
47,2,28,-0.004048582995951417,1.408906882591093,0.5824196934700012
47,2,29,0.2793522267206478,1.6842105263157894,0.7118394374847412
47,2,30,0.12550607287449392,1.562753036437247,0.6218247413635254
47,2,31,-0.10931174089068826,1.7489878542510122,0.6870420575141907
47,2,32,-0.1659919028340081,1.5951417004048583,0.6215876936912537
48,1,0,-0.007880859319007491,-1.3436865138907772,0.9528196454048156
48,1,1,0.04728515591404494,-1.4146142477618444,0.9437132477760316
48,1,2,0.05516601523305243,-1.4146142477618444,0.950602889060974
48,1,3,0.06304687455205993,-1.4146142477618444,0.9475224614143372
48,1,4,0.031523437276029964,-1.422495107080852,0.9404575824737548
48,1,5,0.02364257795702247,-1.422495107080852,0.9429773688316344
48,1,6,0.015761718638014982,-1.4303759663998594,0.9380019307136536
48,1,7,0.10245117114709737,-1.390971669804822,0.9385337233543396
48,1,8,0.0,-1.406733388442837,0.9244277477264404
48,1,9,0.031523437276029964,-1.2648779207007022,0.919200837612152
48,1,10,0.031523437276029964,-1.2727587800197098,0.9131286144256592
48,1,11,0.26006835752724716,-0.9654052665784175,0.991340398788452
48,1,12,-0.02364257795702247,-1.02057128181147,0.9920002818107604
48,1,13,0.22066406093220972,-0.4610302701619382,0.5383527278900146
48,1,14,0.08668945250908239,-0.5004345667569756,0.508941113948822
48,1,15,0.29947265412228463,-0.8156689395172753,0.5527873039245605
48,1,16,0.3388769507173221,-0.7920263615602527,0.5002638101577759
48,1,17,0.4649706998214419,-0.9181201106643726,0.5523900985717773
48,1,18,0.45708984050243445,-0.8787158140693352,0.4938243925571441
48,1,19,0.44132812186441944,-0.9654052665784175,0.5532354116439819
48,1,20,0.417685543907397,-0.9654052665784175,0.4937111735343933
48,1,21,0.3940429659503745,-0.9338818293023876,0.5465293526649475
48,1,22,0.3782812473123595,-0.9417626886213951,0.4865320920944214
48,1,23,0.04728515591404494,0.0039404296595037455,0.9895444512367249
48,1,24,-0.04728515591404494,-0.0039404296595037455,0.9876235723495485
48,1,25,0.07092773387106742,0.7683837836032303,0.6200148463249207
48,1,26,0.0788085931900749,0.7368603463272003,0.61408531665802
48,1,27,-0.08668945250908239,1.6037548714180243,0.6369413733482361
48,1,28,-0.11033203046610486,1.6352783086940543,0.6053372025489807
48,1,29,-0.19702148297518726,1.6983251832461141,0.6884214282035828
48,1,30,-0.2443066388892322,1.7377294798411516,0.6276289820671082
48,1,31,0.11033203046610486,1.808657213712219,0.6715360283851624
48,1,32,0.10245117114709737,1.8480615103072564,0.6371699571609497
48,2,0,-0.2757178299661074,-1.3621283838624112,0.957412600517273
48,2,1,-0.22633553206172996,-1.4362018307189774,0.9492552280426024
48,2,2,-0.21810514907766704,-1.4362018307189774,0.955453097820282
48,2,3,-0.20164438310954125,-1.4362018307189774,0.9526976346969604
48,2,4,-0.23456591504579286,-1.4444322137030403,0.9462555646896362
48,2,5,-0.23456591504579286,-1.4444322137030403,0.948502004146576
48,2,6,-0.22633553206172996,-1.4444322137030403,0.9440550804138184
48,2,7,-0.08641902133266052,-1.4115106817667886,0.9446008205413818
48,2,8,-0.1604924681892267,-1.4197410647508515,0.9316955804824828
48,2,9,-0.22633553206172996,-1.279824554021782,0.92710280418396
48,2,10,-0.23456591504579286,-1.288054937005845,0.9213861227035522
48,2,11,0.09464940431672343,-0.9753003836114545,0.9921438097953796
48,2,12,-0.10287978730078634,-1.024682681515832,0.991733968257904
48,2,13,0.028806340444220178,-0.45678625561549135,0.5817745923995972
48,2,14,-0.1522620852051638,-0.5555508514242462,0.4614184498786926
48,2,15,-0.3744824257748623,-0.8353838728823851,0.589430034160614
48,2,16,-0.33333051085454773,-0.8353838728823851,0.4568597972393036
48,2,17,-0.45678625561549135,-0.9506092346592658,0.5839236378669739
48,2,18,-0.3827128087589252,-0.9506092346592658,0.4529683291912079
48,2,19,-0.4238647236792397,-0.9917611495795804,0.5841661095619202
48,2,20,-0.3909431917429881,-0.9999915325636433,0.4525376856327057
48,2,21,-0.399173574727051,-0.9588396176433287,0.5745911002159119
48,2,22,-0.3497912768226736,-0.9588396176433287,0.4463918209075928
48,2,23,0.07818863834859763,0.004115191492031454,0.9901835322380066
48,2,24,-0.07818863834859763,-0.004115191492031454,0.9879257678985596
48,2,25,0.02057595746015727,0.8024623409461334,0.6460623145103455
48,2,26,-0.06172787238047181,0.753080043041756,0.5816051959991455
48,2,27,0.1687228511732896,1.6913437032249274,0.661746084690094
48,2,28,0.0534974893964089,1.5102752775755435,0.5849133729934692
48,2,29,0.2757178299661074,1.8147994479858711,0.6994494199752808
48,2,30,0.14403170222110087,1.64196140532055,0.6103482246398926
48,2,31,-0.07818863834859763,1.930024809762752,0.6923377513885498
48,2,32,-0.12757093625297505,1.7160348521771163,0.6289663910865784
49,1,0,-0.07214037747359786,-1.3426125807586269,0.9609532356262208
49,1,1,-0.032062389988265716,-1.406737360735158,0.9532828330993652
49,1,2,-0.016031194994132858,-1.406737360735158,0.9589511156082152
49,1,3,0.0,-1.406737360735158,0.956432580947876
49,1,4,-0.08015597497066429,-1.4147529582322247,0.9505996704101562
49,1,5,-0.08817157246773072,-1.4147529582322247,0.9527063369750975
49,1,6,-0.09618716996479715,-1.422768555729291,0.9486510753631592
49,1,7,0.048093584982398574,-1.3907061657410253,0.9490976333618164
49,1,8,-0.040077987485332145,-1.3987217632380917,0.9374979734420776
49,1,9,-0.032062389988265716,-1.2704722032850289,0.9330677390098572
49,1,10,-0.08015597497066429,-1.2704722032850289,0.9280327558517456
49,1,11,0.14428075494719572,-0.973895095893571,0.9926702976226808
49,1,12,-0.016031194994132858,-1.0219886808759697,0.992475688457489
49,1,13,0.168327547438395,-0.5570840260461167,0.5672097206115723
49,1,14,-0.032062389988265716,-0.5570840260461167,0.513732373714447
49,1,15,0.32062389988265716,-0.8536611334375747,0.5886256694793701
49,1,16,0.12023396245599642,-0.8296143409463753,0.5081655979156494
49,1,17,0.47292025232691925,-0.933817108408239,0.5842512249946594
49,1,18,0.2324523274149264,-0.9177859134141061,0.5030538439750671
49,1,19,0.42482666734452074,-0.9658794983965047,0.5848294496536255
49,1,20,0.16031194994132858,-0.9899262908877039,0.5026119351387024
49,1,21,0.3607018873679893,-0.9418327059053053,0.5765377879142761
49,1,22,0.14428075494719572,-0.9498483034023718,0.4958848655223846
49,1,23,0.048093584982398574,0.0040077987485332145,0.9907693266868592
49,1,24,-0.048093584982398574,-0.0040077987485332145,0.9886655211448668
49,1,25,-0.032062389988265716,0.861676730934641,0.6245882511138916
49,1,26,-0.016031194994132858,0.8135831459522425,0.6147279143333435
49,1,27,-0.12824955995306286,1.6872832731324832,0.6426383852958679
49,1,28,-0.15229635244426215,1.6792676756354168,0.61024409532547
49,1,29,-0.21642113242079358,1.8075172355884797,0.6876493692398071
49,1,30,-0.280545912397325,1.7995016380914133,0.6275984644889832
49,1,31,0.048093584982398574,1.9517979905356753,0.6772522926330566
49,1,32,0.024046792491199287,1.9357667955415425,0.6437169909477234
49,2,0,-0.27880481627303727,-1.3302972662170636,0.9648439884185792
49,2,1,-0.23100970491194517,-1.3940240813651863,0.957942545413971
49,2,2,-0.21507800112491446,-1.3940240813651863,0.9630430936813354
49,2,3,-0.19914629733788375,-1.3940240813651863,0.9607793688774108
49,2,4,-0.2549072605924912,-1.4019899332587016,0.9555231928825378
49,2,5,-0.2549072605924912,-1.4019899332587016,0.9574134349822998
49,2,6,-0.2549072605924912,-1.409955785152217,0.9537675380706788
49,2,7,-0.0955902227221842,-1.3780923775781555,0.9541801810264589
49,2,8,-0.16728288976382236,-1.3940240813651863,0.943721890449524
49,2,9,-0.23100970491194517,-1.25063874728191,0.9397351741790771
49,2,10,-0.26287311248600653,-1.2586045991754253,0.9351754188537598
49,2,11,0.07965851893515351,-0.9877656347959034,0.9933908581733704
49,2,12,-0.1274536302962456,-1.0116631904764495,0.9930992722511292
49,2,13,0.039829259467576754,-0.5496437806525591,0.609649658203125
49,2,14,-0.1433853340832763,-0.5496437806525591,0.4667749106884002
49,2,15,-0.3504974833146754,-0.8603120044996578,0.6275338530540466
49,2,16,-0.20711214923139912,-0.5496437806525591,0.4680915772914886
49,2,17,-0.4301560022498289,-0.955902227221842,0.6211038827896118
49,2,18,-0.2867706681665526,-0.477951113610921,0.4661710262298584
49,2,19,-0.40625844656928284,-0.9957314866894188,0.6212433576583862
49,2,20,-0.2867706681665526,-0.5257462249720131,0.4658760726451874
49,2,21,-0.3823608908887368,-0.9638680791153574,0.6122560501098633
49,2,22,-0.26287311248600653,-0.5416779287590439,0.4609622061252594
49,2,23,0.0955902227221842,0.0,0.9915739893913268
49,2,24,-0.0955902227221842,0.0,0.98966783285141
49,2,25,0.0477951113610921,0.8125168931385657,0.6595262885093689
49,2,26,-0.15931703787030702,0.8204827450320811,0.6265827417373657
49,2,27,0.15135118597679165,1.656897193851193,0.6726070642471313
49,2,28,0.0955902227221842,1.59317037870307,0.6294614672660828
49,2,29,0.24694140869897585,1.7763849722539231,0.698685348033905
49,2,30,0.20711214923139912,1.7445215646798617,0.6340792775154114
49,2,31,-0.0318634075740614,1.9357020101242302,0.70301353931427
49,2,32,-0.07169266704163815,1.8958727506566533,0.6612271666526794
50,1,0,-0.07898970544883607,-1.327027051540446,0.9670637249946594
50,1,1,-0.07109073490395247,-1.390218815899515,0.9601486921310424
50,1,2,-0.06319176435906886,-1.390218815899515,0.9648538827896118
50,1,3,-0.047393823269301645,-1.390218815899515,0.9627451300621032
50,1,4,-0.08688867599371969,-1.3981177864443985,0.9582000374794006
50,1,5,-0.08688867599371969,-1.406016756989282,0.9600308537483216
50,1,6,-0.08688867599371969,-1.406016756989282,0.9565109014511108
50,1,7,0.007898970544883607,-1.3744208748097477,0.9568303823471068
50,1,8,-0.055292793814185254,-1.390218815899515,0.947120487689972
50,1,9,-0.039494852724418036,-1.2559363166364936,0.9436748027801514
50,1,10,-0.07109073490395247,-1.2559363166364936,0.939522624015808
50,1,11,0.09478764653860329,-0.987371318110451,0.9937446713447572
50,1,12,-0.015797941089767214,-1.0110682297451017,0.9936202764511108
50,1,13,0.1974742636220902,-0.6477155846804559,0.5897407531738281
50,1,14,0.03159588217953443,-0.5766248497765033,0.5099155306816101
50,1,15,0.3396557334299951,-0.9004826421167312,0.604476273059845
50,1,16,0.1026866170834869,-0.6951094079497575,0.4926104843616485
50,1,17,0.4265444094237148,-0.9794723475655673,0.6010007262229919
50,1,18,0.24486808689139183,-0.7819980839434771,0.488806664943695
50,1,19,0.37915058615441316,-1.0110682297451017,0.6023424863815308
50,1,20,0.055292793814185254,-0.8214929366678952,0.4886600077152252
50,1,21,0.3317567628851115,-0.9794723475655673,0.5944938063621521
50,1,22,0.023696911634650823,-0.7977960250332443,0.4824168682098388
50,1,23,0.023696911634650823,0.0,0.9920722842216492
50,1,24,-0.023696911634650823,0.0,0.9902085065841676
50,1,25,-0.055292793814185254,0.8767857304820804,0.6345678567886353
50,1,26,-0.06319176435906886,0.8688867599371969,0.6572977900505066
50,1,27,-0.13428249926302133,1.6903796966050921,0.6647965312004089
50,1,28,-0.07898970544883607,1.7061776376948592,0.6593418717384338
50,1,29,-0.18957529307720658,1.8009652842334625,0.7010252475738525
50,1,30,-0.1263835287181377,1.8246621958681133,0.661048948764801
50,1,31,0.023696911634650823,1.9431467540413674,0.7003944516181946
50,1,32,0.007898970544883607,1.9510457245862511,0.6828272938728333
50,2,0,-0.27641869994013507,-1.3189120825715015,0.9703320264816284
50,2,1,-0.2448279913755482,-1.3820934997006753,0.9641119837760924
50,2,2,-0.22903263709325478,-1.3820934997006753,0.9683414101600648
50,2,3,-0.22113495995210805,-1.3820934997006753,0.9664517045021056
50,2,4,-0.2606233456578416,-1.389991176841822,0.9623525142669678
50,2,5,-0.2685210227989883,-1.3978888539829688,0.9639846086502076
50,2,6,-0.2685210227989883,-1.3978888539829688,0.9608269929885864
50,2,7,-0.13426051139949416,-1.3505027911360885,0.961131751537323
50,2,8,-0.21323728281096133,-1.3820934997006753,0.9523541927337646
50,2,9,-0.23693031423440147,-1.2399353111600344,0.9492706060409546
50,2,10,-0.2606233456578416,-1.2478329883011812,0.9455018043518066
50,2,11,0.07107909427032044,-0.9872096426433395,0.9943414330482484
50,2,12,-0.15795354282293433,-1.0109026740667797,0.9941052794456482
50,2,13,-0.007897677141146716,-0.52914436845683,0.6292826533317566
50,2,14,-0.16585121996408103,-0.5607350770214168,0.4639420211315155
50,2,15,-0.4343722427630694,-0.8608468083849921,0.6397514343261719
50,2,16,-0.33170243992816206,-0.5528373998802701,0.4547029733657837
50,2,17,-0.5212466913156832,-0.9477212569376059,0.6331143379211426
50,2,18,-0.36329314849274896,-0.5449397227391234,0.4533720314502716
50,2,19,-0.4975536598922431,-0.9793119655021928,0.6337395310401917
50,2,20,-0.36329314849274896,-0.7107909427032044,0.4530943930149078
50,2,21,-0.46596295132765625,-0.9477212569376059,0.6248542070388794
50,2,22,-0.3080094085047219,-0.7028932655620578,0.4490186870098114
50,2,23,0.11846515711720074,-0.007897677141146716,0.9926990866661072
50,2,24,-0.11846515711720074,0.007897677141146716,0.9910143613815308
50,2,25,0.09477212569376059,0.8529491312438453,0.6676082015037537
50,2,26,-0.1974419285286679,0.8608468083849921,0.6671584844589233
50,2,27,0.15795354282293433,1.6743075539231038,0.6901723742485046
50,2,28,0.07897677141146717,1.5479447196647564,0.6728741526603699
50,2,29,0.2527256685166949,1.7927727110403044,0.7023255825042725
50,2,30,0.18954425138752118,1.6980005853465439,0.6625847816467285
50,2,31,-0.05528373998802701,1.9507262538632388,0.7200716137886047
50,2,32,-0.15795354282293433,1.9112378681575053,0.6947860717773438
51,1,0,-0.07335852657046572,-1.3011486028551025,0.9730595946311952
51,1,1,-0.07335852657046572,-1.370646154342912,0.9673482775688172
51,1,2,-0.06563657640515354,-1.370646154342912,0.971091330051422
51,1,3,-0.05791462623984136,-1.370646154342912,0.9693858027458192
51,1,4,-0.11196827739702662,-1.3783681045082243,0.9658434391021729
51,1,5,-0.12741217772765098,-1.3783681045082243,0.9673039317131042
51,1,6,-0.14285607805827535,-1.3860900546735364,0.9644906520843506
51,1,7,-0.042470725909216994,-1.3474803038469756,0.9643935561180116
51,1,8,-0.11969022756233881,-1.370646154342912,0.9568109512329102
51,1,9,-0.05019267607452917,-1.239373001532605,0.9535538554191588
51,1,10,-0.10424632723171444,-1.239373001532605,0.9503708481788636
51,1,11,0.08880242690109008,-0.9922705962426153,0.994399070739746
51,1,12,-0.0810804767357779,-1.0077144965732396,0.9946354031562804
51,1,13,0.09652437706640227,-0.5443974866545087,0.5945996642112732
51,1,14,-0.01930487541328045,-0.5598413869851331,0.516179084777832
51,1,15,0.26640728070327024,-0.9459388952507422,0.612923264503479
51,1,16,0.20463167938077279,-0.9073291444241812,0.5063239336013794
51,1,17,0.35134873252170423,-1.023158396903864,0.607374370098114
51,1,18,0.2509633803726459,-0.9768266959119909,0.5028434991836548
51,1,19,0.3050170315298312,-1.0617681477304248,0.6075103282928467
51,1,20,0.20463167938077279,-1.0386022972344884,0.5024603605270386
51,1,21,0.25868533053795806,-1.030880347069176,0.6013171672821045
51,1,22,0.19690972921546063,-1.0154364467385517,0.4977886080741882
51,1,23,0.06563657640515354,-0.0038609750826560903,0.9929901957511902
51,1,24,-0.06563657640515354,0.0038609750826560903,0.9915115237236024
51,1,25,0.01930487541328045,0.853275493266996,0.6465692520141602
51,1,26,-0.11196827739702662,0.8687193935976204,0.6930246949195862
51,1,27,-0.07335852657046572,1.625470509798214,0.6808112859725952
51,1,28,-0.06563657640515354,1.6486363602941507,0.6950857639312744
51,1,29,-0.09652437706640227,1.756743662608521,0.6982660293579102
51,1,30,-0.10424632723171444,1.7721875629391455,0.6804277300834656
51,1,31,0.011582925247968272,1.8957387655841405,0.7154653668403625
51,1,32,-0.034748775743904815,1.9343485164107013,0.7117289304733276
51,2,0,-0.33027636400059546,-1.3132417330499866,0.9756986498832704
51,2,1,-0.31454891809580515,-1.3840152396215428,0.970573365688324
51,2,2,-0.30668519514341,-1.3840152396215428,0.9739348888397216
51,2,3,-0.2909577492386198,-1.3840152396215428,0.972412109375
51,2,4,-0.3460038099053857,-1.3918789625739378,0.969199538230896
51,2,5,-0.3381400869529906,-1.3918789625739378,0.9704925417900084
51,2,6,-0.33027636400059546,-1.399742685526333,0.9679808020591736
51,2,7,-0.18086562790508798,-1.3604240707643573,0.9679043292999268
51,2,8,-0.22804796561945875,-1.3840152396215428,0.9610344171524048
51,2,9,-0.2909577492386198,-1.2346045035260353,0.9581161737442015
51,2,10,-0.3381400869529906,-1.2424682264784304,0.9551844000816344
51,2,11,0.01572744590479026,-0.9986928149541814,0.9949057102203368
51,2,12,-0.11795584428592694,-0.9986928149541814,0.9948884844779968
51,2,13,-0.1336832901907172,-0.49541454600089313,0.6339713335037231
51,2,14,-0.16513818200029773,-0.49541454600089313,0.4682096242904663
51,2,15,-0.5268694378104737,-0.8020997411443032,0.6450329422950745
51,2,16,-0.2909577492386198,-0.6055066673344249,0.4611411392688751
51,2,17,-0.6369615591440054,-0.8571458018110691,0.6349222660064697
51,2,18,-0.25163913447664416,-0.4482322082865224,0.4596986472606659
51,2,19,-0.6055066673344249,-0.9043281395254399,0.6346337199211121
51,2,20,-0.25163913447664416,-0.5032782689532883,0.4593845903873443
51,2,21,-0.5661880525724493,-0.8886006936206496,0.6266312599182129
51,2,22,-0.2673665803814344,-0.6290978361916103,0.4556771218776703
51,2,23,0.09436467542874155,-0.00786372295239513,0.9934844374656676
51,2,24,-0.09436467542874155,0.00786372295239513,0.992068350315094
51,2,25,0.05504606066676591,0.849282078858674,0.676506757736206
51,2,26,-0.11795584428592694,0.8256909100014885,0.6768306493759155
51,2,27,0.14941073609550745,1.651381820002977,0.7059706449508667
51,2,28,0.08650095247634643,1.51769852981226,0.6918368339538574
51,2,29,0.25163913447664416,1.769337664288904,0.7169396281242371
51,2,30,0.20445679676227335,1.6671092659077673,0.6753026247024536
51,2,31,-0.07863722952395129,1.9187484003844115,0.7364494800567627
51,2,32,-0.12581956723832208,1.7929288331460895,0.7140817642211914
52,1,0,-0.023344713051971364,-1.3034131454017346,0.9780333638191224
52,1,1,-0.04668942610394273,-1.3734472845576486,0.9734230637550354
52,1,2,-0.03890785508661894,-1.3734472845576486,0.9764309525489808
52,1,3,-0.031126284069295154,-1.3734472845576486,0.9750779271125792
52,1,4,-0.08559728119056167,-1.3812288555749723,0.972191035747528
52,1,5,-0.09337885220788546,-1.3812288555749723,0.9733389616012572
52,1,6,-0.10894199424253304,-1.3890104265922962,0.9710983037948608
52,1,7,0.0,-1.3423210004883535,0.9709365963935852
52,1,8,-0.05447099712126652,-1.3656657135403247,0.9648364782333374
52,1,9,-0.015563142034647577,-1.2255974352284966,0.9620047211647034
52,1,10,-0.06225256813859031,-1.2255974352284966,0.9594309329986572
52,1,11,-0.031126284069295154,-0.9999318757261068,0.9951903223991394
52,1,12,0.007781571017323788,-0.9999318757261068,0.9953569173812866
52,1,13,0.04668942610394273,-0.5096929016347082,0.583384096622467
52,1,14,0.0,-0.48634818858273676,0.519483208656311
52,1,15,0.023344713051971364,-0.8287373133449835,0.6171246767044067
52,1,16,0.21010241746774228,-0.8365188843623073,0.5114803910255432
52,1,17,0.22566555950238987,-0.9532424496221641,0.6136387586593628
52,1,18,0.3190444117102753,-0.8987714525008975,0.5081667900085449
52,1,19,0.22566555950238987,-1.0077134467434306,0.6121847629547119
52,1,20,0.2801365566236564,-0.9454608786048403,0.5075632333755493
52,1,21,0.1400682783118282,-0.9688055916568116,0.6035944819450378
52,1,22,0.24122870153703743,-0.9454608786048403,0.5023799538612366
52,1,23,-0.08559728119056167,-0.003890785508661894,0.9937666654586792
52,1,24,0.08559728119056167,0.003890785508661894,0.9924303889274596
52,1,25,-0.10894199424253304,0.8520820263969547,0.6542251706123352
52,1,26,0.07781571017323788,0.844300455379631,0.7045215964317322
52,1,27,-0.24122870153703743,1.6535838411813049,0.6948473453521729
52,1,28,-0.12450513627718061,1.692491696267924,0.7150563597679138
52,1,29,-0.3112628406929515,1.7858705484758093,0.7056718468666077
52,1,30,-0.21788398848506607,1.8169968325451045,0.6941030621528625
52,1,31,0.04668942610394273,1.9025941137356661,0.7292003035545349
52,1,32,0.03890785508661894,1.8948125427183424,0.7324193120002747
52,2,0,-0.28717909673509445,-1.3100087563395404,0.9801654815673828
52,2,1,-0.2557074149011115,-1.3886879609244978,0.9760267734527588
52,2,2,-0.24783949444261577,-1.3886879609244978,0.9787241220474244
52,2,3,-0.23997157398412003,-1.3886879609244978,0.9775238037109376
52,2,4,-0.28717909673509445,-1.3965558813829937,0.9748998880386353
52,2,5,-0.2950470171935902,-1.3965558813829937,0.97590571641922
52,2,6,-0.2950470171935902,-1.3965558813829937,0.9739152789115906
52,2,7,-0.14555652848217115,-1.357216279090515,0.9737840294837952
52,2,8,-0.20063197169164132,-1.380820040466002,0.9682319164276124
52,2,9,-0.23997157398412003,-1.231329551754583,0.9657043218612672
52,2,10,-0.27931117627659874,-1.2391974722130787,0.9633011817932128
52,2,11,0.003933960229247869,-1.0031598584582067,0.9956159591674804
52,2,12,-0.08261316481420526,-0.9952919379997109,0.9955445528030396
52,2,13,-0.12195276710668394,-0.4602733468220007,0.623775839805603
52,2,14,-0.14555652848217115,-0.45240542636350495,0.4705707430839538
52,2,15,-0.5153487900314708,-0.7592543242448387,0.6484168767929077
52,2,16,-0.2950470171935902,-0.41306582407102627,0.4656946361064911
52,2,17,-0.6097638355334197,-0.8300656083713004,0.6401640772819519
52,2,18,-0.32651869902757313,-0.38946206269553907,0.4644084274768829
52,2,19,-0.5782921536994368,-0.8772731311222749,0.638348400592804
52,2,20,-0.32651869902757313,-0.43666958544651346,0.4640311896800995
52,2,21,-0.5389525514069581,-0.8615372902052834,0.6281684637069702
52,2,22,-0.31078285811058165,-0.45240542636350495,0.4600323140621185
52,2,23,0.06687732389721378,-0.003933960229247869,0.994189977645874
52,2,24,-0.06687732389721378,0.003933960229247869,0.9929442405700684
52,2,25,0.0511414829802223,0.8458014492882919,0.6837174892425537
52,2,26,-0.09834900573119673,0.8536693697467876,0.6867933869361877
52,2,27,0.1376886080236754,1.6404614155963615,0.7195428609848022
52,2,28,0.09048108527270099,1.5539142905529084,0.7133553624153137
52,2,29,0.24783949444261577,1.7584802224737976,0.7221639156341553
52,2,30,0.20063197169164132,1.6955368588058317,0.6909194588661194
52,2,31,-0.08261316481420526,1.9158386316437124,0.7501148581504822
52,2,32,-0.1376886080236754,1.837159427058755,0.7366850972175598
53,1,0,0.02263570821582611,-1.2562818059783492,0.9821383953094482
53,1,1,0.015090472143884074,-1.3317341666977696,0.9784142374992372
53,1,2,0.015090472143884074,-1.3317341666977696,0.9808390140533448
53,1,3,0.015090472143884074,-1.3317341666977696,0.9797604084014891
53,1,4,-0.015090472143884074,-1.3317341666977696,0.9773989319801332
53,1,5,-0.030180944287768147,-1.3392794027697115,0.9783013463020324
53,1,6,-0.04527141643165222,-1.3392794027697115,0.9765122532844543
53,1,7,0.030180944287768147,-1.3090984584819434,0.9763846397399902
53,1,8,-0.015090472143884074,-1.3241889306258274,0.9713999032974244
53,1,9,0.02263570821582611,-1.1883746813308709,0.9691106081008912
53,1,10,-0.007545236071942037,-1.1883746813308709,0.9669506549835204
53,1,11,0.007545236071942037,-0.9846533073884358,0.99602472782135
53,1,12,-0.05281665250359426,-1.014834251676204,0.9959783554077148
53,1,13,0.06790712464747833,-0.45648678235249324,0.5865834951400757
53,1,14,0.030180944287768147,-0.4489415462805512,0.5217378735542297
53,1,15,0.15090472143884073,-0.8714747663093053,0.6614705324172974
53,1,16,0.15844995751078278,-0.8262033498776531,0.5163817405700684
53,1,17,0.25653802644602924,-0.9771080713164938,0.6547060012817383
53,1,18,0.24899279037408723,-0.9242914188128996,0.5130130648612976
53,1,19,0.21881184608631907,-1.022379487748146,0.6522500514984131
53,1,20,0.21126661001437705,-0.9695628352445518,0.5121220350265503
53,1,21,0.16599519358272483,-0.9921985434603778,0.6391890645027161
53,1,22,0.17354042965466684,-0.9469271270287256,0.5066509246826172
53,1,23,-0.060361888575536295,-0.0037726180359710184,0.9946465492248536
53,1,24,0.060361888575536295,0.0037726180359710184,0.9934602975845336
53,1,25,-0.15844995751078278,0.818658113805711,0.6754605174064636
53,1,26,0.08299759679136241,0.8412938220215371,0.7152677178382874
53,1,27,-0.30935467894962354,1.603362665287683,0.7291163802146912
53,1,28,-0.18863090179855094,1.618453137431567,0.7381395101547241
53,1,29,-0.399897511812928,1.7316316785106975,0.7296428680419922
53,1,30,-0.29426420680573945,1.7542673867265237,0.7145514488220215
53,1,31,-0.06790712464747833,1.822174511374002,0.7615303993225098
53,1,32,0.04527141643165222,1.829719747445944,0.7585268616676331
53,2,0,-0.29247647743905547,-1.2930539002568768,0.9837965965270996
53,2,1,-0.24629598100130987,-1.3623246449134951,0.9804649949073792
53,2,2,-0.230902482188728,-1.3623246449134951,0.982634663581848
53,2,3,-0.22320573278243705,-1.3623246449134951,0.9816861748695374
53,2,4,-0.26168947981389173,-1.3623246449134951,0.97951078414917
53,2,5,-0.2539927304076008,-1.370021394319786,0.9803075194358826
53,2,6,-0.2539927304076008,-1.370021394319786,0.9787387847900392
53,2,7,-0.1616317375321096,-1.3392343966946223,0.9786436557769777
53,2,8,-0.20781223396985518,-1.3546278955072042,0.9740396738052368
53,2,9,-0.2539927304076008,-1.2160864061939674,0.9720471501350404
53,2,10,-0.2693862292201827,-1.2160864061939674,0.9699957966804504
53,2,11,-0.0461804964377456,-0.9774871745989485,0.9963388442993164
53,2,12,-0.115451241094364,-1.0159709216304031,0.996047854423523
53,2,13,-0.0923609928754912,-0.41562446793971036,0.6258186101913452
53,2,14,-0.1385414893132368,-0.4464114655648741,0.4772659838199615
53,2,15,-0.4848952125963288,-0.6542236995347294,0.6890239119529724
53,2,16,-0.4387147161585832,-0.6311334513158565,0.4801952540874481
53,2,17,-0.5849529548781109,-0.685010697159893,0.6784557104110718
53,2,18,-0.57725620547182,-0.6619204489410202,0.4791347682476043
53,2,19,-0.5618627066592381,-0.7542814418165115,0.6758138537406921
53,2,20,-0.5849529548781109,-0.7004041959724749,0.4784034490585327
53,2,21,-0.5310757090340744,-0.7542814418165115,0.6609038710594177
53,2,22,-0.5233789596277835,-0.7004041959724749,0.4736464023590088
53,2,23,0.0230902482188728,0.0,0.9941602349281312
53,2,24,-0.0230902482188728,0.0,0.992836594581604
53,2,25,0.0,0.8158554370668389,0.6963747143745422
53,2,26,0.0,0.7850684394416751,0.6780378818511963
53,2,27,0.12314799050065493,1.5855303776959322,0.7453868389129639
53,2,28,0.0692707446566184,1.4315953895701135,0.7140060067176819
53,2,29,0.23859923159501892,1.73176861641546,0.74448561668396
53,2,30,0.17702523634469147,1.5855303776959322,0.6983694434165955
53,2,31,-0.15393498812581866,1.847219857509824,0.7743238210678101
53,2,32,-0.115451241094364,1.624014124727387,0.7450746297836304
54,1,0,-0.0074908468614215806,-1.2622076961495363,0.9853875041007996
54,1,1,-0.014981693722843161,-1.3296253179023305,0.9823865294456482
54,1,2,-0.014981693722843161,-1.3296253179023305,0.9843317270278932
54,1,3,-0.0074908468614215806,-1.3296253179023305,0.9834884405136108
54,1,4,-0.04494508116852949,-1.3296253179023305,0.9815257787704468
54,1,5,-0.059926774891372644,-1.3371161647637522,0.9822368025779724
54,1,6,-0.08239931547563739,-1.3371161647637522,0.9808348417282104
54,1,7,-0.037454234307107905,-1.3146436241794874,0.9807223081588744
54,1,8,-0.1123627029213237,-1.3296253179023305,0.9766134023666382
54,1,9,-0.0074908468614215806,-1.1947900743967421,0.9747999906539916
54,1,10,-0.04494508116852949,-1.1947900743967421,0.972960650920868
54,1,11,0.0074908468614215806,-0.9625738216926731,0.9966505169868468
54,1,12,-0.17978032467411795,-1.0299914434454673,0.9964330196380616
54,1,13,0.014981693722843161,-0.44570538825458406,0.5880966186523438
54,1,14,-0.05243592802995106,-0.4681779288388488,0.5284671187400818
54,1,15,0.07490846861421581,-0.8127568844642415,0.6872096061706543
54,1,16,0.07490846861421581,-0.9326104342469868,0.5307909250259399
54,1,17,0.17978032467411795,-0.9026470468013005,0.6780973672866821
54,1,18,0.16479863095127478,-1.037482290306889,0.5285367965698242
54,1,19,0.14232609036701002,-0.9775555154155163,0.6743584871292114
54,1,20,0.13483524350558845,-1.0824273714754185,0.5274330377578735
54,1,21,0.06741762175279423,-0.9326104342469868,0.6575164198875427
54,1,22,0.09738100919848054,-1.052463984029732,0.5218040347099304
54,1,23,0.09738100919848054,0.011236270292132372,0.9945974946022034
54,1,24,-0.09738100919848054,-0.011236270292132372,0.9933692812919616
54,1,25,-0.18727117153553952,0.8277385781870846,0.6729293465614319
54,1,26,0.014981693722843161,0.8352294250485063,0.7058769464492798
54,1,27,-0.41199657737818696,1.5918049580520859,0.7412058115005493
54,1,28,-0.3146155681797064,1.606786651774929,0.7368565201759338
54,1,29,-0.5243592802995106,1.7116585078348312,0.7404499053955078
54,1,30,-0.4269782711010301,1.7266402015576743,0.7184271812438965
54,1,31,-0.14232609036701002,1.7940578233104685,0.7766487002372742
54,1,32,-0.037454234307107905,1.7940578233104685,0.7645628452301025
54,2,0,-0.3411318665307615,-1.2735589683815096,0.9867855906486512
54,2,1,-0.2880669095148653,-1.341785341687662,0.9840919375419616
54,2,2,-0.28048620136973723,-1.341785341687662,0.9858351349830629
54,2,3,-0.26532478507948115,-1.34936604983279,0.9850879311561584
54,2,4,-0.3032283258051213,-1.34936604983279,0.9833030700683594
54,2,5,-0.2956476176599933,-1.34936604983279,0.983938455581665
54,2,6,-0.2880669095148653,-1.356946757977918,0.9826943278312684
54,2,7,-0.16677557919281674,-1.326623925397406,0.982605755329132
54,2,8,-0.20467911991845691,-1.341785341687662,0.9788357615470886
54,2,9,-0.28048620136973723,-1.2053325950753573,0.9772602915763856
54,2,10,-0.3032283258051213,-1.2129133032204853,0.9755476713180542
54,2,11,-0.05306495701589624,-0.9703306425763883,0.9969639778137208
54,2,12,-0.1819369954830728,-1.0158148914471565,0.9966385960578918
54,2,13,-0.05306495701589624,-0.4321003642722979,0.6273564696311951
54,2,14,-0.12887203846717657,-0.46242319685281,0.4833337664604187
54,2,15,-0.4775846131430661,-0.5912952353199866,0.7120341062545776
54,2,16,-0.4775846131430661,-0.5837145271748586,0.4911023676395416
54,2,17,-0.5837145271748586,-0.6216180679004988,0.6990022659301758
54,2,18,-0.5761338190297306,-0.6064566516102426,0.4915708303451538
54,2,19,-0.5609724027394745,-0.6898444412066511,0.6952620148658752
54,2,20,-0.5685531108846025,-0.6367794841907548,0.4908361434936523
54,2,21,-0.5230688620138343,-0.682263733061523,0.6761602759361267
54,2,22,-0.5382302783040904,-0.6367794841907548,0.486271321773529
54,2,23,0.06064566516102427,0.007580708145128034,0.9943512678146362
54,2,24,-0.06064566516102427,-0.007580708145128034,0.9929479360580444
54,2,25,0.007580708145128034,0.7808129389481875,0.6931182146072388
54,2,26,0.0,0.7429093982225473,0.661801278591156
54,2,27,0.1137106221769205,1.569206586041503,0.7534399628639221
54,2,28,0.05306495701589624,1.4100117149938143,0.7081379890441895
54,2,29,0.21225982806358495,1.7208207489440637,0.7489886283874512
54,2,30,0.12887203846717657,1.554045169751247,0.6984608769416809
54,2,31,-0.16677557919281674,1.7663049978148317,0.7855379581451416
54,2,32,-0.09854920588666444,1.591948710476887,0.7473108172416687
55,1,0,0.041817538608205064,-1.281137319178646,0.9880706667900084
55,1,1,0.041817538608205064,-1.3495660187193452,0.9856431484222412
55,1,2,0.049420727446060526,-1.3495660187193452,0.9872032999992372
55,1,3,0.05702391628391599,-1.3495660187193452,0.986540913581848
55,1,4,0.003801594418927733,-1.3495660187193452,0.9849315881729126
55,1,5,-0.011404783256783199,-1.3571692075572006,0.985499382019043
55,1,6,-0.034214349770349595,-1.3571692075572006,0.9843904376029968
55,1,7,0.034214349770349595,-1.3419628298814896,0.98427152633667
55,1,8,-0.07223029395962692,-1.3495660187193452,0.9809245467185974
55,1,9,0.049420727446060526,-1.2203118084758022,0.9794758558273317
55,1,10,-0.003801594418927733,-1.2203118084758022,0.9779487252235411
55,1,11,0.11024623814890425,-0.9770097656644273,0.9971577525138856
55,1,12,-0.1482621823381816,-1.0226288986915602,0.9969581365585328
55,1,13,0.11024623814890425,-0.498008868879533,0.6016426682472229
55,1,14,-0.041817538608205064,-0.498008868879533,0.5344920754432678
55,1,15,0.2623100149060136,-0.7032949675016306,0.7151613235473633
55,1,16,0.14065899350032612,-0.9618033879887165,0.5412529706954956
55,1,17,0.3231355256088573,-0.9618033879887165,0.7004085779190063
55,1,18,0.24710363723030263,-1.053041654042982,0.5407645106315613
55,1,19,0.3003259590952909,-1.0226288986915602,0.6956071257591248
55,1,20,0.21669088187888078,-1.0910575982322592,0.539871871471405
55,1,21,0.22429407071673624,-0.9846129545022828,0.6753599047660828
55,1,22,0.17107174885174797,-1.0682480317186929,0.5349419713020325
55,1,23,0.06462710512177146,0.011404783256783199,0.9947615265846252
55,1,24,-0.06462710512177146,-0.011404783256783199,0.993484377861023
55,1,25,-0.12545261582461517,0.7945332335558961,0.675805926322937
55,1,26,0.034214349770349595,0.8097396112316071,0.6908354759216309
55,1,27,-0.37635784747384554,1.577661683855009,0.7499495148658752
55,1,28,-0.3003259590952909,1.5852648726928646,0.7292642593383789
55,1,29,-0.4904056800416775,1.7297254606121184,0.7481221556663513
55,1,30,-0.4219769805009783,1.706915894098552,0.7135159969329834
55,1,31,-0.14065899350032612,1.7677414048013957,0.785642683506012
55,1,32,-0.049420727446060526,1.7753445936392511,0.7634062170982361
55,2,0,-0.3458827720965622,-1.2989819663182003,0.989163100719452
55,2,1,-0.2997650691503539,-1.3604722369131446,0.9869809746742249
55,2,2,-0.2843925015016178,-1.3604722369131446,0.9883772134780884
55,2,3,-0.2690199338528817,-1.3681585207375127,0.987805426120758
55,2,4,-0.2997650691503539,-1.3681585207375127,0.9863122701644896
55,2,5,-0.29207878532598586,-1.3681585207375127,0.9868131279945374
55,2,6,-0.2843925015016178,-1.3758448045618807,0.9858409762382508
55,2,7,-0.17678452796046512,-1.3527859530887765,0.9857537746429444
55,2,8,-0.19984337943356925,-1.3604722369131446,0.9826194643974304
55,2,9,-0.29207878532598586,-1.2221191280745196,0.9814192056655884
55,2,10,-0.3074513529747219,-1.2298054118988877,0.9799010753631592
55,2,11,0.0,-0.9838443295191102,0.9974268078804016
55,2,12,-0.19215709560920122,-1.0069031809922144,0.9969281554222108
55,2,13,0.015372567648736096,-0.4611770294620829,0.6405997276306152
55,2,14,-0.13066682501425683,-0.468863313286451,0.4874385893344879
55,2,15,-0.4458044618133468,-0.5534124353544995,0.7417650818824768
55,2,16,-0.45349074563771485,-0.5457261515301315,0.4989091455936432
55,2,17,-0.5764712868276036,-0.5534124353544995,0.7265744209289551
55,2,18,-0.5841575706519717,-0.5226673000570273,0.5008103251457214
55,2,19,-0.5687850030032356,-0.637961557422548,0.7220670580863953
55,2,20,-0.5918438544763397,-0.5534124353544995,0.500435471534729
55,2,21,-0.5226673000570273,-0.6456478412469161,0.701668918132782
55,2,22,-0.5380398677057634,-0.5764712868276036,0.4964512288570404
55,2,23,0.05380398677057634,0.007686283824368048,0.9944101572036744
55,2,24,-0.05380398677057634,-0.007686283824368048,0.9923557043075562
55,2,25,-0.007686283824368048,0.791687233909909,0.6942869424819946
55,2,26,0.015372567648736096,0.7686283824368049,0.6441564559936523
55,2,27,0.18447081178483316,1.598747035468554,0.7623184323310852
55,2,28,0.16141196031172902,1.4911390619274014,0.6987414360046387
55,2,29,0.29207878532598586,1.7524727119559151,0.7602369785308838
55,2,30,0.26133365002851366,1.6448647384147623,0.6958024501800537
55,2,31,-0.09223540589241658,1.7909041310777554,0.7947025299072266
55,2,32,-0.015372567648736096,1.6909824413609706,0.7437644600868225
56,1,0,0.05363354849170731,-1.2986980670491983,0.9902144074440002
56,1,1,0.05363354849170731,-1.359993551039721,0.9882489442825316
56,1,2,0.06129548399052264,-1.3676554865385364,0.9894971251487732
56,1,3,0.06895741948933796,-1.3676554865385364,0.9889922738075256
56,1,4,0.02298580649644599,-1.3676554865385364,0.9876447916030884
56,1,5,0.0,-1.3753174220373516,0.9880874156951904
56,1,6,-0.01532387099763066,-1.3753174220373516,0.9872207045555116
56,1,7,0.03830967749407665,-1.3523316155409058,0.9871165752410888
56,1,8,-0.06129548399052264,-1.3676554865385364,0.9843261241912842
56,1,9,0.06129548399052264,-1.2297406475598605,0.983237087726593
56,1,10,0.01532387099763066,-1.2374025830586757,0.98187518119812
56,1,11,0.11492903248222995,-0.9845587115977699,0.9976497888565063
56,1,12,-0.14557677447749126,-1.0152064535930312,0.997222900390625
56,1,13,0.13791483897867593,-0.5018567751724041,0.6315023899078369
56,1,14,-0.09194322598578396,-0.48653290417477346,0.5382304787635803
56,1,15,0.23752000046327523,-0.6397716141510801,0.756876528263092
56,1,16,0.17622451647275258,-0.9002774211108012,0.5485855340957642
56,1,17,0.2911535489549825,-0.7470387111344946,0.7402635812759399
56,1,18,0.2911535489549825,-0.9845587115977699,0.5496881008148193
56,1,19,0.2834916134561672,-0.8619677436167246,0.7358791828155518
56,1,20,0.26816774245853653,-1.0381922600894773,0.5491984486579895
56,1,21,0.2298580649644599,-0.8006722596262019,0.7145398855209351
56,1,22,0.22219612946564457,-1.0152064535930312,0.5448378324508667
56,1,23,0.10726709698341462,0.011492903248222995,0.9948431849479676
56,1,24,-0.10726709698341462,-0.011492903248222995,0.9929686784744264
56,1,25,-0.04597161299289198,0.8236580661226479,0.6770895719528198
56,1,26,0.01532387099763066,0.8619677436167246,0.6722872257232666
56,1,27,-0.3830967749407665,1.5745277450065502,0.7523112893104553
56,1,28,-0.3371251619478745,1.520894196514843,0.7161829471588135
56,1,29,-0.47504000092655047,1.6894567774887803,0.7514738440513611
56,1,30,-0.4367303234324738,1.6434851644958883,0.7024624943733215
56,1,31,-0.16090064547512192,1.7430903259804875,0.7900875806808472
56,1,32,-0.09194322598578396,1.6817948419899649,0.7577341198921204
56,2,0,-0.32792145857770344,-1.3001121357727772,0.9911003112792968
56,2,1,-0.2893424634509148,-1.3695543270009969,0.9893398284912108
56,2,2,-0.2739108654001994,-1.3695543270009969,0.9904534220695496
56,2,3,-0.26619506637484164,-1.3695543270009969,0.9900224804878236
56,2,4,-0.29705826247627254,-1.3695543270009969,0.9887672662734984
56,2,5,-0.2893424634509148,-1.3772701260263545,0.9891513586044312
56,2,6,-0.2816266644255571,-1.3849859250517123,0.9884027242660522
56,2,7,-0.17360547807054888,-1.361838527975639,0.9883173108100892
56,2,8,-0.2044686741719798,-1.3695543270009969,0.9857054948806764
56,2,9,-0.2739108654001994,-1.2306699445445577,0.9848100543022156
56,2,10,-0.2893424634509148,-1.2383857435699155,0.9834537506103516
56,2,11,-0.011573698538036593,-0.9914801747584682,0.997869312763214
56,2,12,-0.18132127709590662,-0.9991959737838259,0.997186243534088
56,2,13,0.04243689463946751,-0.45909004200878484,0.6673294901847839
56,2,14,-0.18132127709590662,-0.4745216400595003,0.492064505815506
56,2,15,-0.39736364980592304,-0.5516796303130775,0.7786279320716858
56,2,16,-0.4668058410341426,-0.567111228363793,0.5052977800369263
56,2,17,-0.5439638312877199,-0.567111228363793,0.7613194584846497
56,2,18,-0.6056902234905817,-0.5516796303130775,0.5083370208740234
56,2,19,-0.5285322332370044,-0.6442692186173703,0.7571048736572266
56,2,20,-0.597974424465224,-0.6056902234905817,0.5083420872688293
56,2,21,-0.48995323811021574,-0.6442692186173703,0.7352633476257324
56,2,22,-0.5439638312877199,-0.6211218215412971,0.504793643951416
56,2,23,0.02700529658875205,0.011573698538036593,0.9946209788322448
56,2,24,-0.02700529658875205,-0.011573698538036593,0.9918562769889832
56,2,25,-0.0038578995126788643,0.8217325962005981,0.6948975324630737
56,2,26,0.05786849269018297,0.7754378020484517,0.6281008124351501
56,2,27,0.21218447319733755,1.5778809006856556,0.7669591307640076
56,2,28,0.2353318702734107,1.4467123172545742,0.6873177886009216
56,2,29,0.32020565955234576,1.7013336850913792,0.7656899690628052
56,2,30,0.32020565955234576,1.6010282977617287,0.6879676580429077
56,2,31,-0.11187908586768706,1.7399126802181677,0.8012723326683044
56,2,32,0.03472109561410978,1.6627546899645904,0.739872395992279
57,1,0,0.09811250899138688,-1.2867832910024202,0.9919782876968384
57,1,1,0.08301827683886581,-1.354707335688765,0.99039226770401
57,1,2,0.09056539291512634,-1.354707335688765,0.991388201713562
57,1,3,0.09056539291512634,-1.3622544517650255,0.9910056591033936
57,1,4,0.06037692861008423,-1.3622544517650255,0.9898794889450072
57,1,5,0.04528269645756317,-1.3622544517650255,0.9902214407920836
57,1,6,0.030188464305042115,-1.369801567841286,0.9895517230033876
57,1,7,0.06037692861008423,-1.3471602196125043,0.9894596934318542
57,1,8,-0.030188464305042115,-1.3622544517650255,0.9871267080307008
57,1,9,0.09811250899138688,-1.2264063623923358,0.9863105416297911
57,1,10,0.06792404468634476,-1.2264063623923358,0.9850955605506896
57,1,11,0.11320674114390793,-0.9773515318757384,0.9980438947677612
57,1,12,-0.12075385722016846,-1.0226342283333016,0.9974597692489624
57,1,13,0.1811307858302527,-0.5169774512238462,0.6492239832878113
57,1,14,-0.09056539291512634,-0.4867889869188041,0.5423287749290466
57,1,15,0.2867904108979001,-0.841503442503049,0.7901628017425537
57,1,16,0.1811307858302527,-0.8943332550368727,0.5543150305747986
57,1,17,0.3773558038130264,-0.969804415799478,0.7714301347732544
57,1,18,0.2943375269741606,-0.99999288010452,0.5563974976539612
57,1,19,0.3698086877367659,-1.0377284604858228,0.7666512131690979
57,1,20,0.2867904108979001,-1.0603698087146043,0.5562000274658203
57,1,21,0.33207310735546325,-0.984898647951999,0.7442104816436768
57,1,22,0.2339605983640764,-1.0301813444095622,0.5522489547729492
57,1,23,0.06792404468634476,0.011320674114390793,0.9950298070907592
57,1,24,-0.06792404468634476,-0.011320674114390793,0.9925161004066468
57,1,25,-0.11320674114390793,0.8188620942742674,0.6742311716079712
57,1,26,0.030188464305042115,0.871691906808091,0.656964123249054
57,1,27,-0.384902919889287,1.5207438893664966,0.7490413784980774
57,1,28,-0.33207310735546325,1.498102541137715,0.7007149457931519
57,1,29,-0.4754683128044133,1.6339506305104043,0.75190669298172
57,1,30,-0.43773273242311067,1.5886679340528413,0.6966083645820618
57,1,31,-0.12830097329642898,1.6792333269679676,0.7896960973739624
57,1,32,-0.09811250899138688,1.641497746586665,0.7500668168067932
57,2,0,-0.3167646918843725,-1.2934558251945212,0.9926950931549072
57,2,1,-0.2790546095171853,-1.3537919569820207,0.991271674633026
57,2,2,-0.2639705765703104,-1.3613339734554581,0.992158055305481
57,2,3,-0.256428560096873,-1.3613339734554581,0.9918336868286132
57,2,4,-0.2790546095171853,-1.3613339734554581,0.9907819628715516
57,2,5,-0.2790546095171853,-1.3688759899288956,0.991079032421112
57,2,6,-0.27151259304374786,-1.3688759899288956,0.99050372838974
57,2,7,-0.17346637888906116,-1.3537919569820207,0.9904372692108154
57,2,8,-0.19609242830937348,-1.3613339734554581,0.988235592842102
57,2,9,-0.2639705765703104,-1.2255776769335842,0.9876003861427308
57,2,10,-0.2790546095171853,-1.2331196934070217,0.9863939881324768
57,2,11,-0.0075420164734374415,-0.9842331497835861,0.9982287883758544
57,2,12,-0.1810083953624986,-1.0068591992038984,0.9975226521492004
57,2,13,0.06033613178749953,-0.4713760295898401,0.6833314895629883
57,2,14,-0.19609242830937348,-0.4940020790101524,0.4981136918067932
57,2,15,-0.39218485661874697,-0.5920482931648391,0.8086565732955933
57,2,16,-0.46006300487968393,-0.607132326111714,0.515129804611206
57,2,17,-0.5279411531406208,-0.5995903096382765,0.7894193530082703
57,2,18,-0.5882772849281204,-0.5920482931648391,0.519085168838501
57,2,19,-0.5203991366671834,-0.6674684578992135,0.7848384380340576
57,2,20,-0.5807352684546829,-0.6448424084789012,0.5193120837211609
57,2,21,-0.48268905429999626,-0.675010474372651,0.7618693113327026
57,2,22,-0.5430251860874957,-0.6523844249523386,0.5160527229309082
57,2,23,0.0377100823671872,0.011313024710156163,0.994906723499298
57,2,24,-0.0377100823671872,-0.011313024710156163,0.9918342232704164
57,2,25,-0.022626049420312325,0.7956827379476501,0.6915680170059204
57,2,26,0.0075420164734374415,0.7730566885273378,0.6126381158828735
57,2,27,0.21117646125624837,1.5046322864507695,0.7635660767555237
57,2,28,0.19609242830937348,1.4065860722960828,0.6724367737770081
57,2,29,0.32430670835780995,1.632846566499206,0.7656100392341614
57,2,30,0.28659662599062274,1.5348003523445193,0.6834856271743774
57,2,31,-0.0905041976812493,1.6630146323929558,0.8007519841194153
57,2,32,-0.04525209884062465,1.5423423688179567,0.7334609627723694
58,1,0,0.1377854799934798,-1.2898251877167413,0.9934197068214417
58,1,1,0.13013073110495313,-1.3587179277134813,0.99213844537735
58,1,2,0.13013073110495313,-1.3587179277134813,0.9929343461990356
58,1,3,0.1377854799934798,-1.366372676602008,0.9926443696022034
58,1,4,0.09951173555084651,-1.366372676602008,0.9916966557502748
58,1,5,0.09185698666231985,-1.366372676602008,0.9919614195823668
58,1,6,0.07654748888526655,-1.3740274254905345,0.9914451837539672
58,1,7,0.10716648443937317,-1.3587179277134813,0.9913827776908876
58,1,8,0.06123799110821324,-1.366372676602008,0.9894067049026488
58,1,9,0.1377854799934798,-1.2362419454970548,0.988832950592041
58,1,10,0.10716648443937317,-1.2438966943855814,0.9877488613128662
58,1,11,0.16840447554758642,-0.9836352321756752,0.9984009265899658
58,1,12,-0.07654748888526655,-1.0142542277297817,0.9977678656578064
58,1,13,0.21433296887874634,-0.4631123077558626,0.6718299984931946
58,1,14,-0.07654748888526655,-0.4784218055329159,0.5478746294975281
58,1,15,0.2985352066525395,-0.7616475144084022,0.8212226629257202
58,1,16,0.22964246665579965,-0.7846117610739821,0.563251256942749
58,1,17,0.38273744442633273,-0.8535045010707221,0.8025054335594177
58,1,18,0.3521184488722261,-0.8841234966248286,0.5662473440170288
58,1,19,0.38273744442633273,-0.9223972410674619,0.7982213497161865
58,1,20,0.32915420220664615,-0.9530162366215685,0.5663040280342102
58,1,21,0.33680895109517284,-0.8688139988477753,0.7754346132278442
58,1,22,0.2755709599869596,-0.9147424921789352,0.562656581401825
58,1,23,0.08420223777379321,0.011482123332789982,0.9953144788742064
58,1,24,-0.08420223777379321,-0.011482123332789982,0.9925272464752196
58,1,25,0.1377854799934798,0.7922665099625088,0.6764539480209351
58,1,26,0.1530949777705331,0.8075760077395621,0.6466282606124878
58,1,27,-0.22964246665579965,1.4199559188216946,0.7532486319541931
58,1,28,-0.24495196443285297,1.4658844121528545,0.6974925398826599
58,1,29,-0.3521184488722261,1.542431901038121,0.7540625929832458
58,1,30,-0.3674279466492794,1.5960151432578076,0.7021573781967163
58,1,31,-0.04592849333115993,1.5730508965922276,0.7954230904579163
58,1,32,-0.07654748888526655,1.611324641034861,0.7533257603645325
58,2,0,-0.3034900492164044,-1.320181714091359,0.9939965009689332
58,2,1,-0.26555379306435384,-1.3808797239346398,0.9928500056266784
58,2,2,-0.2579665418339437,-1.38846697516505,0.9935606718063354
58,2,3,-0.2427920393731235,-1.38846697516505,0.9933149218559264
58,2,4,-0.28072829552517403,-1.38846697516505,0.9924153685569764
58,2,5,-0.28072829552517403,-1.38846697516505,0.992647349834442
58,2,6,-0.27314104429476393,-1.39605422639546,0.9922003149986268
58,2,7,-0.1593322758386123,-1.3732924727042297,0.9921939969062804
58,2,8,-0.19726853199066283,-1.3808797239346398,0.9903104901313782
58,2,9,-0.2503792906035336,-1.251896453017668,0.9898916482925416
58,2,10,-0.27314104429476393,-1.251896453017668,0.9888125658035278
58,2,11,-0.007587251230410109,-0.9939299111837243,0.9985518455505372
58,2,12,-0.21244303445148305,-0.9939299111837243,0.9978288412094116
58,2,13,0.06828526107369098,-0.44764782259419644,0.7037523984909058
58,2,14,-0.26555379306435384,-0.485584078746247,0.5041945576667786
58,2,15,-0.3110773004468145,-0.5842183447415784,0.8372846841812134
58,2,16,-0.4248860689029661,-0.5614565910503481,0.5295774936676025
58,2,17,-0.45523507382460654,-0.5993928472023986,0.8184519410133362
58,2,18,-0.5311075861287077,-0.5918055959719885,0.5357586741447449
58,2,19,-0.45523507382460654,-0.6752653595064997,0.8144103288650513
58,2,20,-0.5235203348982975,-0.6525036058152693,0.5359101891517639
58,2,21,-0.417298817672556,-0.6752653595064997,0.7921728491783142
58,2,22,-0.4931713299766571,-0.6449163545848593,0.5330483913421631
58,2,23,0.0834597635345112,0.0,0.9952773451805116
58,2,24,-0.0834597635345112,0.0,0.9923079013824464
58,2,25,-0.022761753691230326,0.7435506205801907,0.6904130578041077
58,2,26,-0.05311075861287076,0.7207888668889604,0.6007047891616821
58,2,27,0.1593322758386123,1.3732924727042297,0.7592581510543823
58,2,28,0.11380876845615163,1.3050072116305387,0.6566489934921265
58,2,29,0.28831554675558413,1.4719267386995611,0.7630485892295837
58,2,30,0.20485578322107295,1.3581179702434094,0.6754536032676697
58,2,31,-0.0834597635345112,1.5174502460820218,0.799655556678772
58,2,32,-0.1593322758386123,1.40364147762587,0.7254047989845276
59,1,0,0.19331090664081013,-1.3202723623765968,0.9945890307426452
59,1,1,0.16863291855900459,-1.3860803305947451,0.9935586452484132
59,1,2,0.16863291855900459,-1.3943063266220137,0.9941964149475098
59,1,3,0.16863291855900459,-1.3943063266220137,0.9939773678779602
59,1,4,0.14395493047719904,-1.3943063266220137,0.9931668043136596
59,1,5,0.127502938422662,-1.3943063266220137,0.9933729767799376
59,1,6,0.11105094636812497,-1.402532322649282,0.9929727911949158
59,1,7,0.10282495034085647,-1.3860803305947451,0.9929651618003844
59,1,8,0.05346897417724536,-1.3860803305947451,0.991275429725647
59,1,9,0.17685891458627312,-1.2462383981311802,0.9908937215805054
59,1,10,0.14395493047719904,-1.2544643941584488,0.9899256229400636
59,1,11,0.11105094636812497,-0.9994585173131247,0.9986830949783324
59,1,12,-0.04524297814997684,-0.9994585173131247,0.998042643070221
59,1,13,0.33315283910437493,-0.5058987556770138,0.6807034015655518
59,1,14,-0.037016982122708326,-0.42363879540432864,0.553248405456543
59,1,15,0.42363879540432864,-0.8020346126586804,0.8331021666526794
59,1,16,0.3249268430771064,-0.6868706682769211,0.5759603381156921
59,1,17,0.4976727596497453,-0.8842945729313656,0.8137562870979309
59,1,18,0.4647687755406712,-0.7773566245768748,0.5806768536567688
59,1,19,0.45654277951340266,-0.9254245530677081,0.8089267611503601
59,1,20,0.4318647914315971,-0.8349385967677545,0.5806345343589783
59,1,21,0.4318647914315971,-0.8925205689586341,0.787118136882782
59,1,22,0.382508815267986,-0.810260608685949,0.5772813558578491
59,1,23,0.06992096623178239,-0.004112998013634258,0.9956564903259276
59,1,24,-0.06992096623178239,0.004112998013634258,0.9929402470588684
59,1,25,0.23444088677715272,0.7855826206041433,0.6703819632530212
59,1,26,0.13572893444993053,0.843164592795023,0.6339324712753296
59,1,27,-0.08637295828631943,1.4765662868946987,0.7301561236381531
59,1,28,-0.2591188748589583,1.558826247167384,0.67512047290802
59,1,29,-0.20976289869534717,1.5999562273037264,0.7322807908058167
59,1,30,-0.382508815267986,1.6657641955218747,0.6837301254272461
59,1,31,0.13572893444993053,1.6575381994946061,0.7747467160224915
59,1,32,0.020564990068171293,1.6986681796309486,0.7370644211769104
59,2,0,-0.3861182118757637,-1.311971558631627,0.994806706905365
59,2,1,-0.3362965071176006,-1.3867041157688715,0.9939283728599548
59,2,2,-0.32799288965790674,-1.3867041157688715,0.9944733381271362
59,2,3,-0.3113856547385191,-1.3867041157688715,0.9943526983261108
59,2,4,-0.35290374203698827,-1.3867041157688715,0.9934090971946716
59,2,5,-0.34460012457729444,-1.3950077332285655,0.9934712052345276
59,2,6,-0.34460012457729444,-1.3950077332285655,0.993219554424286
59,2,7,-0.22834948014158066,-1.370096880849484,0.9934255480766296
59,2,8,-0.26156394998035604,-1.3784004983091778,0.9917303919792176
59,2,9,-0.32799288965790674,-1.2455426189540764,0.9915841221809388
59,2,10,-0.34460012457729444,-1.2455426189540764,0.9903095364570618
59,2,11,-0.12040245316556071,-0.9881304777035672,0.9988070130348206
59,2,12,-0.18683139284311145,-0.9881304777035672,0.9980280995368958
59,2,13,0.08718798332678535,-0.4566989602831613,0.7119243144989014
59,2,14,-0.22834948014158066,-0.4566989602831613,0.5025613307952881
59,2,15,-0.36951097695637597,-0.5895568396382628,0.8487015962600708
59,2,16,-0.36120735949668215,-0.5563423697994874,0.5267394781112671
59,2,17,-0.5023688563114774,-0.6061640745576504,0.8302884697914124
59,2,18,-0.46085076901300825,-0.5646459872591812,0.5339150428771973
59,2,19,-0.5106724737711713,-0.6892002491545889,0.8257523775100708
59,2,20,-0.4857616213920898,-0.6061640745576504,0.5336176753044128
59,2,21,-0.46085076901300825,-0.6892002491545889,0.8045998811721802
59,2,22,-0.44424353409362055,-0.6144676920173443,0.5312512516975403
59,2,23,0.020759043649234605,0.008303617459693841,0.9957546591758728
59,2,24,-0.020759043649234605,-0.008303617459693841,0.9927567839622498
59,2,25,-0.15361692300433608,0.7556291888321396,0.6694602370262146
59,2,26,-0.10379521824617302,0.7224147189933643,0.5803027153015137
59,2,27,0.020759043649234605,1.36179326338979,0.719269335269928
59,2,28,0.07058074840739766,1.3950077332285655,0.6188676953315735
59,2,29,0.09549160078647918,1.4780439078255039,0.7389565110206604
59,2,30,0.17022415792372375,1.5112583776642792,0.6419788002967834
59,2,31,-0.1370096880849484,1.5527764649627485,0.7591854929924011
59,2,32,-0.17022415792372375,1.5610800824224422,0.6794742941856384
60,1,0,0.21729707737396384,-1.303782464243783,0.9953015446662904
60,1,1,0.20089729794951375,-1.3693815819415835,0.994499921798706
60,1,2,0.2090971876617388,-1.3775814716538084,0.9949812293052672
60,1,3,0.2090971876617388,-1.3775814716538084,0.9948787689208984
60,1,4,0.16809773910061354,-1.3775814716538084,0.9940359592437744
60,1,5,0.14349806996393838,-1.3775814716538084,0.994084656238556
60,1,6,0.1270982905394883,-1.3857813613660335,0.993861973285675
60,1,7,0.14349806996393838,-1.3611816922293585,0.9940198659896852
60,1,8,0.05329928312946283,-1.3693815819415835,0.992519736289978
60,1,9,0.21729707737396384,-1.2299834568337575,0.9923357963562012
60,1,10,0.16809773910061354,-1.2381833465459826,0.9912294149398804
60,1,11,0.15169795967616342,-1.0003865448914562,0.9988540410995485
60,1,12,0.020499724280562626,-0.9921866551792311,0.998211681842804
60,1,13,0.3402954230573396,-0.5739922798557535,0.6713365912437439
60,1,14,0.06149917284168788,-0.45099393417237776,0.5518014430999756
60,1,15,0.48789343787739053,-0.7297901843880295,0.8358535170555115
60,1,16,0.4714936584529404,-0.6231916181291038,0.5735335946083069
60,1,17,0.6436913424096665,-0.7133904049635794,0.8195223808288574
60,1,18,0.6354914526974415,-0.6149917284168788,0.5794364213943481
60,1,19,0.6272915629852164,-0.7297901843880295,0.8154441118240356
60,1,20,0.6026918938485413,-0.7051905152513543,0.5790969133377075
60,1,21,0.6108917835607662,-0.7543898535247047,0.7939217686653137
60,1,22,0.5370927761507408,-0.7215902946758045,0.5761259198188782
60,1,23,0.06149917284168788,0.0,0.9959582090377808
60,1,24,-0.06149917284168788,0.0,0.9931919574737548
60,1,25,0.47969354816516546,0.5903920592802037,0.6687830090522766
60,1,26,0.17629762881283859,0.7871894123736048,0.6196144223213196
60,1,27,0.2746963053595392,1.311982353956008,0.7157619595527649
60,1,28,-0.19269740823728868,1.467780258488284,0.6515375971794128
60,1,29,0.3074958642084394,1.451380479063834,0.7265777587890625
60,1,30,-0.34849531276956464,1.598978493883885,0.6599271297454834
60,1,31,0.5124931070140657,1.5087797070494093,0.7591394186019897
60,1,32,0.06149917284168788,1.6481778321572351,0.7043166756629944
60,2,0,-0.43358822262359054,-1.3179364786677454,0.9956802725791932
60,2,1,-0.3906586956311558,-1.395209627254128,0.9949670433998108
60,2,2,-0.3734868848341819,-1.395209627254128,0.9953798651695251
60,2,3,-0.356315074037208,-1.4037955326526148,0.9953059554100036
60,2,4,-0.4078305064281297,-1.395209627254128,0.994531273841858
60,2,5,-0.4078305064281297,-1.4037955326526148,0.9945489168167114
60,2,6,-0.39924460102964276,-1.4123814380511017,0.994389533996582
60,2,7,-0.2618701146538517,-1.378037816457154,0.9945180416107178
60,2,8,-0.32197145244326025,-1.386623721855641,0.9931743144989014
60,2,9,-0.3820727902326689,-1.240663330081363,0.9930119514465332
60,2,10,-0.39924460102964276,-1.24924923547985,0.9919326305389404
60,2,11,-0.04722247969167818,-1.0002579789237287,0.998940885066986
60,2,12,-0.21035468226293005,-0.9830861681267548,0.998343288898468
60,2,13,0.030050668894704292,-0.45076003342056437,0.7024620771408081
60,2,14,-0.28762783084931254,-0.4936895604129991,0.5120735764503479
60,2,15,-0.39924460102964276,-0.5795486143978685,0.8473089337348938
60,2,16,-0.510861371209973,-0.5623768036008946,0.538360059261322
60,2,17,-0.5280331820069468,-0.5881345197963554,0.8294828534126282
60,2,18,-0.6053063305933293,-0.5537908982024077,0.5447967052459717
60,2,19,-0.5280331820069468,-0.6739935737812248,0.8251410126686096
60,2,20,-0.6053063305933293,-0.6138922359918163,0.5442081689834595
60,2,21,-0.48510365501451214,-0.6825794791797118,0.8011903762817383
60,2,22,-0.5709627089993816,-0.6310640467887901,0.5428767204284668
60,2,23,0.021464763496217353,0.0042929526992434705,0.9961811304092408
60,2,24,-0.021464763496217353,-0.0042929526992434705,0.9937011003494264
60,2,25,-0.5194472766084599,0.5194472766084599,0.6920945644378662
60,2,26,-0.1588392498720084,0.6997512899766857,0.5878100991249084
60,2,27,-0.09015200668411288,1.1891478976904413,0.7209830284118652
60,2,28,-0.038636574293191235,1.4209673434495886,0.6293896436691284
60,2,29,-0.021464763496217353,1.2664210462768237,0.7408462166786194
60,2,30,0.09873791208259981,1.6098572622163014,0.6516632437705994
60,2,31,-0.218940587661417,1.4810686812389973,0.7605000734329224
60,2,32,-0.2618701146538517,1.644200883810249,0.6763678193092346
61,1,0,0.218269268574973,-1.278434287367699,0.9961087703704834
61,1,1,0.21047393755443825,-1.3485922665525119,0.9954645037651062
61,1,2,0.21047393755443825,-1.3485922665525119,0.995833694934845
61,1,3,0.218269268574973,-1.3485922665525119,0.9957685470581056
61,1,4,0.17929261347229924,-1.3485922665525119,0.9950739741325378
61,1,5,0.155906620410695,-1.3563875975730466,0.9950889348983764
61,1,6,0.13252062734909076,-1.3563875975730466,0.99494606256485
61,1,7,0.16370195143122976,-1.340796935531977,0.9950518608093262
61,1,8,0.0779533102053475,-1.340796935531977,0.9938490390777588
61,1,9,0.21047393755443825,-1.2082763081828862,0.9936602115631104
61,1,10,0.1714972824517645,-1.2082763081828862,0.992704451084137
61,1,11,0.0467719861232085,-0.997802370628448,0.999000608921051
61,1,12,0.08574864122588224,-0.997802370628448,0.9984944462776184
61,1,13,0.17929261347229924,-0.49110585429368925,0.6512099504470825
61,1,14,0.093543972246417,-0.5144918473552935,0.5584118962287903
61,1,15,0.4599245302115503,-0.7405564469508013,0.8035318851470947
61,1,16,0.4599245302115503,-0.7249657849097317,0.5823541879653931
61,1,17,0.6002404885811757,-0.7951237640945445,0.7855977416038513
61,1,18,0.5768544955195715,-0.7951237640945445,0.5870553851127625
61,1,19,0.5768544955195715,-0.8341004191972182,0.7824971675872803
61,1,20,0.5378778404168978,-0.8496910812382877,0.5864530801773071
61,1,21,0.5066965163347588,-0.8263050881766835,0.7591264247894287
61,1,22,0.498901185314224,-0.8341004191972182,0.5834198594093323
61,1,23,-0.031181324082139,0.0,0.9964208006858826
61,1,24,0.031181324082139,0.0,0.9941149353981018
61,1,25,0.405357213067807,0.5378778404168978,0.6939164996147156
61,1,26,0.44433386817048076,0.5768544955195715,0.6267980933189392
61,1,27,0.5456731714374325,1.2004809771623515,0.7288298010826111
61,1,28,-0.21047393755443825,1.3330016045114423,0.6630948185920715
61,1,29,0.4833105232731545,1.278434287367699,0.7368309497833252
61,1,30,-0.342994564903529,1.465522231860533,0.6759379506111145
61,1,31,0.904258398382031,1.403159583696255,0.7669730186462402
61,1,32,0.07015797918481274,1.5044988869632068,0.704294741153717
61,2,0,-0.4762584558064782,-1.2909110775807173,0.9961760640144348
61,2,1,-0.43448139827959414,-1.3661097811291085,0.9956669807434082
61,2,2,-0.41777057526884054,-1.3661097811291085,0.9959660172462464
61,2,3,-0.4094151637634637,-1.3661097811291085,0.9959612488746644
61,2,4,-0.442836809784971,-1.3661097811291085,0.995256245136261
61,2,5,-0.442836809784971,-1.3744651926344853,0.9952009916305542
61,2,6,-0.43448139827959414,-1.3744651926344853,0.9951746463775636
61,2,7,-0.309150225698942,-1.3410435466129782,0.9952943921089172
61,2,8,-0.36763810623657966,-1.349398958118355,0.9941803812980652
61,2,9,-0.43448139827959414,-1.2073569625269491,0.9940254092216492
61,2,10,-0.45119222129034775,-1.215712374032326,0.9928789734840392
61,2,11,-0.10862034956989854,-0.9817608518817753,0.9990389347076416
61,2,12,-0.22559611064517388,-0.9901162633871521,0.998434841632843
61,2,13,-0.0751987035483913,-0.41359286951615215,0.6830632090568542
61,2,14,-0.2506623451613043,-0.505502396075297,0.5065490007400513
61,2,15,-0.5096801018279854,-0.5890565111290652,0.8164685964584351
61,2,16,-0.42612598677421737,-0.5890565111290652,0.5300309658050537
61,2,17,-0.6517220974193912,-0.597411922634442,0.7970584034919739
61,2,18,-0.5514571593548695,-0.5890565111290652,0.5356816053390503
61,2,19,-0.6350112744086376,-0.6893214491935868,0.7935590147972107
61,2,20,-0.5848788053763767,-0.639188980161326,0.5351676940917969
61,2,21,-0.5848788053763767,-0.6976768606989637,0.7667977809906006
61,2,22,-0.5514571593548695,-0.6558998031720796,0.5332950949668884
61,2,23,0.03342164602150724,0.004177705752688405,0.9962546825408936
61,2,24,-0.03342164602150724,-0.004177705752688405,0.9940437078475952
61,2,25,-0.5598125708602463,0.4553699270430362,0.7142502069473267
61,2,26,-0.025066234516130433,0.6308335686559492,0.6001026034355164
61,2,27,-0.5180355133333623,1.1822907280108188,0.739266574382782
61,2,28,0.058487880537637676,1.382820604139862,0.6459323167800903
61,2,29,-0.41777057526884054,1.3076219005914709,0.7455407381057739
61,2,30,0.16710823010753623,1.5582842457527752,0.664648711681366
61,2,31,-0.8104749160215506,1.432953073172123,0.7706942558288574
61,2,32,-0.20888528763442027,1.5332180112366447,0.680012583732605
62,1,0,0.16461085199665373,-1.2847676253397364,0.9965553283691406
62,1,1,0.148551256679907,-1.349006006606723,0.996095597743988
62,1,2,0.148551256679907,-1.3570358042650965,0.9963629841804504
62,1,3,0.15658105433828037,-1.3570358042650965,0.996359646320343
62,1,4,0.12446186370478696,-1.3570358042650965,0.9957269430160522
62,1,5,0.10840226838804025,-1.3570358042650965,0.9956766366958618
62,1,6,0.09234267307129355,-1.36506560192347,0.9956534504890442
62,1,7,0.1003724707296669,-1.3329464112899765,0.9957523345947266
62,1,8,0.028104291804306732,-1.34097620894835,0.9947577118873596
62,1,9,0.148551256679907,-1.204469648756003,0.994590163230896
62,1,10,0.10840226838804025,-1.204469648756003,0.9935737252235411
62,1,11,0.04416388712105344,-0.9956949096382957,0.9990984201431274
62,1,12,0.004014898829186676,-1.003724707296669,0.9985843300819396
62,1,13,0.12446186370478696,-0.4496686688689077,0.6330410838127136
62,1,14,0.1003724707296669,-0.48981765716077447,0.5553704500198364
62,1,15,0.39747498408948095,-0.7788903728622152,0.7931102514266968
62,1,16,0.4135345794062276,-0.7226817892536017,0.5765150189399719
62,1,17,0.5500411395985746,-0.8190393611540819,0.7750925421714783
62,1,18,0.558070937256948,-0.7788903728622152,0.5810960531234741
62,1,19,0.5259517466234546,-0.8591883494459487,0.7725173234939575
62,1,20,0.5339815442818279,-0.8350989564708287,0.580584704875946
62,1,21,0.46171336535646773,-0.8591883494459487,0.7452799081802368
62,1,22,0.4697431630148411,-0.8270691588124552,0.578011691570282
62,1,23,0.02007449414593338,-0.008029797658373352,0.9965469241142272
62,1,24,-0.02007449414593338,0.008029797658373352,0.9944812059402466
62,1,25,0.38141538877273423,0.5299666454526413,0.7244746088981628
62,1,26,0.30111741218900073,0.5861752290612547,0.6391141414642334
62,1,27,0.44565377003972106,1.164320660464136,0.7558645009994507
62,1,28,-0.27702801921388065,1.349006006606723,0.6795282959938049
62,1,29,0.3894451864311076,1.2606782323646164,0.755646824836731
62,1,30,-0.3894451864311076,1.5096019597741903,0.6904163360595703
62,1,31,0.831084057641642,1.43733378084883,0.7857618927955627
62,1,32,0.05219368477942679,1.4935423644574435,0.7093707919120789
62,2,0,-0.5043057404943188,-1.2992283483921434,0.9963939189910888
62,2,1,-0.47011552079978874,-1.376156342704836,0.9961736798286438
62,2,2,-0.45302041095252366,-1.376156342704836,0.9963738322257996
62,2,3,-0.4359253011052586,-1.376156342704836,0.9964433908462524
62,2,4,-0.47866307572342126,-1.376156342704836,0.9957897663116456
62,2,5,-0.47866307572342126,-1.3847038976284687,0.995652198791504
62,2,6,-0.47011552079978874,-1.3847038976284687,0.9957509636878968
62,2,7,-0.32480708709803585,-1.341966123010306,0.9958139061927797
62,2,8,-0.3846399715634635,-1.359061232857571,0.99494731426239
62,2,9,-0.46156796587615617,-1.2137527991558181,0.9946889281272888
62,2,10,-0.47866307572342126,-1.2137527991558181,0.9932727813720704
62,2,11,-0.11111821400722278,-0.98296881621774,0.9990748763084412
62,2,12,-0.25642664770897566,-0.98296881621774,0.9984658360481262
62,2,13,-0.12821332385448783,-0.39318752648709604,0.6638964414596558
62,2,14,-0.29061686740350573,-0.4872106306470538,0.5045416355133057
62,2,15,-0.5470435151124814,-0.5983288446542766,0.8027111887931824
62,2,16,-0.4957581855706863,-0.572686179883379,0.5249219536781311
62,2,17,-0.7179946135851318,-0.6068763995779091,0.7828217148780823
62,2,18,-0.6325190643488067,-0.572686179883379,0.5302243828773499
62,2,19,-0.6923519488142343,-0.6923519488142343,0.7795652151107788
62,2,20,-0.6581617291197042,-0.6410666192724391,0.5297352075576782
62,2,21,-0.6410666192724391,-0.7094470586614994,0.7478901743888855
62,2,22,-0.5812337348070115,-0.6496141741960717,0.5279924869537354
62,2,23,0.05983288446542766,0.0,0.9958726167678832
62,2,24,-0.05983288446542766,0.0,0.9941668510437012
62,2,25,-0.5299484052652164,0.555591070036114,0.7342261075973511
62,2,26,-0.1538559886253854,0.6752568389669693,0.6183797121047974
62,2,27,-0.5983288446542766,1.2650381286976133,0.7521780133247375
62,2,28,0.051285329541795134,1.4616318919411613,0.6620779037475586
62,2,29,-0.4957581855706863,1.3676087877812035,0.754631519317627
62,2,30,0.16240354354901793,1.6240354354901791,0.6792797446250916
62,2,31,-0.8803981571341498,1.4787270017884264,0.7752162218093872
62,2,32,-0.21368887309081305,1.6240354354901791,0.6827400326728821
63,1,0,0.13481453018810557,-1.2886683032686563,0.9967175722122192
63,1,1,0.11102373074314578,-1.3521104351218824,0.9965099096298218
63,1,2,0.11102373074314578,-1.3600407016035359,0.9966877698898317
63,1,3,0.1030934642614925,-1.3600407016035359,0.9967653751373292
63,1,4,0.1030934642614925,-1.3600407016035359,0.996157169342041
63,1,5,0.09516319777983924,-1.3600407016035359,0.9960237145423888
63,1,6,0.08723293129818596,-1.367970968085189,0.9961240887641908
63,1,7,0.03172106592661308,-1.3283196356769227,0.9961707592010498
63,1,8,0.01586053296330654,-1.3441801686402293,0.9953829050064088
63,1,9,0.1030934642614925,-1.2093656384521236,0.9951245188713074
63,1,10,0.09516319777983924,-1.2093656384521236,0.9938655495643616
63,1,11,-0.04758159888991962,-0.9952484434474854,0.9991066455841064
63,1,12,-0.03172106592661308,-1.0031787099291387,0.998596966266632
63,1,13,0.00793026648165327,-0.455990322695063,0.6024520993232727
63,1,14,0.07137239833487943,-0.5194324545482891,0.5524097084999084
63,1,15,0.1030934642614925,-0.6542469847363948,0.7430952787399292
63,1,16,0.34893172519274385,-0.8445733802960732,0.5677574872970581
63,1,17,0.2537685274129046,-0.5828745864015153,0.7321406006813049
63,1,18,0.43616465649092984,-0.9238760451126059,0.5703815817832947
63,1,19,0.22204746148629156,-0.8049220478878069,0.7293819785118103
63,1,20,0.38065279111935696,-0.9635273775208723,0.5696365833282471
63,1,21,0.16653559611471866,-0.7732009819611938,0.700231671333313
63,1,22,0.34893172519274385,-0.9397365780759125,0.5654987692832947
63,1,23,-0.00793026648165327,-0.011895399722479905,0.9961209297180176
63,1,24,0.00793026648165327,0.011895399722479905,0.9945014715194702
63,1,25,0.07137239833487943,0.7018285836263144,0.7327350378036499
63,1,26,0.45202518945423636,0.5987351193648218,0.65436190366745
63,1,27,-0.37272252463770367,1.4155525669751086,0.7600502967834473
63,1,28,0.4758159888991962,1.3283196356769227,0.692263662815094
63,1,29,-0.46788572241754295,1.478994698828335,0.7602027654647827
63,1,30,0.34893172519274385,1.455203899383375,0.7036479115486145
63,1,31,-0.11895399722479905,1.5345065641999076,0.7833380103111267
63,1,32,0.7850963816836737,1.4472736329017217,0.7105558514595032
63,2,0,-0.5246814114838073,-1.2807184059840966,0.9970238208770752
63,2,1,-0.49163061391002416,-1.346820001131663,0.9968402981758118
63,2,2,-0.4833679145165784,-1.346820001131663,0.9969973564147948
63,2,3,-0.4751052151231326,-1.346820001131663,0.997073233127594
63,2,4,-0.49163061391002416,-1.346820001131663,0.9965225458145142
63,2,5,-0.4833679145165784,-1.3550827005251087,0.9963968992233276
63,2,6,-0.4833679145165784,-1.3550827005251087,0.9964938163757324
63,2,7,-0.4255290187624579,-1.3220319029513254,0.9965301752090454
63,2,8,-0.45031711694279525,-1.3302946023447713,0.9958196878433228
63,2,9,-0.4833679145165784,-1.189828712656193,0.99558687210083
63,2,10,-0.4833679145165784,-1.1980914120496386,0.9944183826446532
63,2,11,-0.17764803695908438,-0.9667358290331568,0.9991558790206908
63,2,12,-0.3015885278607711,-0.9749985284266026,0.9986241459846495
63,2,13,-0.14459723938530122,-0.37182147270506033,0.6397070288658142
63,2,14,-0.2602750308935422,-0.4874992642133013,0.5077949166297913
63,2,15,-0.574257607844482,-0.5949143563280965,0.7630448937416077
63,2,16,-0.5164187120903615,-0.652753252082217,0.5271531343460083
63,2,17,-0.689935399352723,-0.5866516569346507,0.7500337958335876
63,2,18,-0.6486219023854941,-0.6444905526887712,0.5305048823356628
63,2,19,-0.6734100005658314,-0.7023294484428917,0.7469016909599304
63,2,20,-0.6568846017789398,-0.6940667490494459,0.5299257040023804
63,2,21,-0.6320965035986025,-0.7023294484428917,0.7173759341239929
63,2,22,-0.5990457060248193,-0.7105921478363375,0.5273836851119995
63,2,23,0.028919447877060245,0.0,0.9961153864860536
63,2,24,-0.028919447877060245,0.0,0.9945146441459656
63,2,25,-0.5577322090575905,0.5866516569346507,0.7455529570579529
63,2,26,-0.1693853375656386,0.652753252082217,0.6237669587135315
63,2,27,-0.8304012890413014,1.3881334980988917,0.7743493318557739
63,2,28,-0.02065674848361446,1.3633453999185545,0.665588915348053
63,2,29,-0.7973504914675182,1.5451247865743618,0.7755314707756042
63,2,30,0.13633453999185544,1.4872858908202413,0.6869202852249146
63,2,31,-1.1361211665987954,1.5285993877874702,0.792996883392334
63,2,32,-0.12807184059840965,1.495548590213687,0.6804562211036682
64,1,0,0.11579176207403032,-1.2816950215780598,0.9973047971725464
64,1,1,0.09183484578285163,-1.3455801316878695,0.9971384406089784
64,1,2,0.09183484578285163,-1.3455801316878695,0.9972798228263856
64,1,3,0.0838492070191254,-1.3455801316878695,0.9973514676094056
64,1,4,0.09183484578285163,-1.3535657704515958,0.9968519806861876
64,1,5,0.09183484578285163,-1.3535657704515958,0.99673730134964
64,1,6,0.0838492070191254,-1.361551409215322,0.9968260526657104
64,1,7,0.051906651964220486,-1.3296088541604172,0.9968538880348206
64,1,8,0.01996409690931557,-1.3375944929241435,0.9962211847305298
64,1,9,0.09183484578285163,-1.2018386339407974,0.9959975481033324
64,1,10,0.09183484578285163,-1.2098242727045236,0.9949508905410768
64,1,11,-0.15571995589266147,-0.9862263873201893,0.9992194771766664
64,1,12,0.03593537443676803,-1.0101833036113679,0.9987549781799316
64,1,13,0.003992819381863115,-0.4671598676779844,0.5896635055541992
64,1,14,0.13974867836520902,-0.523059339024068,0.5560791492462158
64,1,15,0.07586356825539918,-0.8185279732819385,0.7159647941589355
64,1,16,0.2755045373485549,-0.9223412772103795,0.5704540610313416
64,1,17,0.1956481497112926,-0.7785997794633074,0.7064201235771179
64,1,18,0.3553609249858172,-1.0501114974299992,0.5697072744369507
64,1,19,0.22759070476619753,-0.8344992508093909,0.7040815949440002
64,1,20,0.31543273116718606,-1.082054052484904,0.5688098669052124
64,1,21,0.1876625109475664,-0.8025566957544861,0.6773722171783447
64,1,22,0.2755045373485549,-1.0341402199025467,0.5641676783561707
64,1,23,-0.06787792949167294,0.011978458145589344,0.9963493943214417
64,1,24,0.06787792949167294,-0.011978458145589344,0.9948527216911316
64,1,25,-0.01996409690931557,0.8265136120456648,0.7521432042121887
64,1,26,0.34737528622209096,0.6109013654250566,0.6572039723396301
64,1,27,-0.4751455064417106,1.5851492945996564,0.7861500382423401
64,1,28,0.39528911880444834,1.3695370479790483,0.6959725022315979
64,1,29,-0.5629875328426992,1.6570200434731925,0.7876867055892944
64,1,30,0.3314040086946385,1.537235462017299,0.7141693830490112
64,1,31,-0.2595332598211024,1.672991321000645,0.8042097091674805
64,1,32,0.7227003081172237,1.465364713143763,0.7092400789260864
64,2,0,-0.5242269711280529,-1.2772831756850178,0.9975525736808776
64,2,1,-0.48262165595915985,-1.3521727429890253,0.997410774230957
64,2,2,-0.47430059292538124,-1.3521727429890253,0.9975353479385376
64,2,3,-0.45765846685782396,-1.3521727429890253,0.9976044297218324
64,2,4,-0.49094271899293845,-1.360493806022804,0.9971513152122498
64,2,5,-0.47430059292538124,-1.360493806022804,0.9970422983169556
64,2,6,-0.46597952989160263,-1.3688148690565827,0.9971280694007874
64,2,7,-0.40773208865515226,-1.3272095538876896,0.9971522092819214
64,2,8,-0.44101634079026675,-1.343851679955247,0.9965811371803284
64,2,9,-0.47430059292538124,-1.1940725453472316,0.9963800311088562
64,2,10,-0.47430059292538124,-1.1940725453472316,0.9954140186309814
64,2,11,-0.20802657584446546,-0.9610827804014304,0.9992600083351136
64,2,12,-0.282916143148473,-0.9777249064689876,0.9987604022026062
64,2,13,-0.1830633867431296,-0.403571557138263,0.626731276512146
64,2,14,-0.3328425213511447,-0.4867821874760492,0.5075024962425232
64,2,15,-0.5824744123645033,-0.6532034481516215,0.7368733882904053
64,2,16,-0.5325480341618315,-0.6781666372529573,0.5233611464500427
64,2,17,-0.7072903578711826,-0.6615245111854001,0.7247441411018372
64,2,18,-0.6823271687698467,-0.6948087633205146,0.5234691500663757
64,2,19,-0.6823271687698467,-0.7114508893880719,0.7218564748764038
64,2,20,-0.6573639796685108,-0.7197719524218504,0.5226289629936218
64,2,21,-0.6407218536009536,-0.7114508893880719,0.693207323551178
64,2,22,-0.6157586644996177,-0.7280930154556291,0.5195212364196777
64,2,23,-0.008321063033778617,0.0041605315168893086,0.9964926242828368
64,2,24,0.008321063033778617,-0.0041605315168893086,0.995006501674652
64,2,25,-0.5575112232631674,0.6781666372529573,0.766096830368042
64,2,26,-0.17474232370935097,0.7197719524218504,0.6308894157409668
64,2,27,-0.8237852403440832,1.5601993188334908,0.8011943697929382
64,2,28,0.13313700854045787,1.4520254993943689,0.6779291033744812
64,2,29,-0.9902065010196556,1.7266205795090632,0.8028428554534912
64,2,30,0.24131082797957992,1.5934835709686053,0.7020885348320007
64,2,31,-1.1233435095601134,1.7182995164752846,0.8149120807647705
64,2,32,0.0,1.5601993188334908,0.6869783401489258
65,1,0,0.08656353668729236,-1.2737206112558734,0.9977859258651732
65,1,1,0.07831939033612166,-1.3479179284164096,0.9976568222045898
65,1,2,0.07831939033612166,-1.3479179284164096,0.9977682828903198
65,1,3,0.07007524398495096,-1.3561620747675804,0.9978326559066772
65,1,4,0.07007524398495096,-1.3561620747675804,0.9974223375320436
65,1,5,0.06183109763378026,-1.364406221118751,0.9973230361938475
65,1,6,0.05358695128260956,-1.364406221118751,0.9974013566970824
65,1,7,0.04534280493143886,-1.3314296357140682,0.9974181056022644
65,1,8,0.012366219526756051,-1.3479179284164096,0.9969123005867004
65,1,9,0.07007524398495096,-1.199523294095337,0.9967270493507384
65,1,10,0.06183109763378026,-1.199523294095337,0.9958590269088744
65,1,11,-0.12778426844314586,-0.9851754889648988,0.9993147253990172
65,1,12,-0.012366219526756051,-1.009907928018411,0.9988790154457092
65,1,13,0.07831939033612166,-0.5564798787040224,0.5773160457611084
65,1,14,0.11954012209197516,-0.5317474396505102,0.5553427338600159
65,1,15,0.16076085384782868,-0.9027340254531918,0.6920232772827148
65,1,16,0.2596906100618771,-0.8862457327508504,0.5662108659744263
65,1,17,0.2844230491153892,-1.0428845134230937,0.6833567023277283
65,1,18,0.3338879272224134,-1.0016637816672402,0.5619162321090698
65,1,19,0.2514464637107064,-1.0676169524766057,0.6812508702278137
65,1,20,0.2844230491153892,-1.0428845134230937,0.5608249306678772
65,1,21,0.18549329290134078,-1.009907928018411,0.6557055711746216
65,1,22,0.2514464637107064,-1.0016637816672402,0.555598258972168
65,1,23,-0.03709865858026815,-0.0041220731755853505,0.996744990348816
65,1,24,0.03709865858026815,0.0041220731755853505,0.9953595995903016
65,1,25,-0.09480768303846307,0.9109781718043625,0.7522045969963074
65,1,26,0.2679347564130478,0.7708276838344605,0.6552695035934448
65,1,27,-0.5235032932993395,1.7683693923261155,0.80240797996521
65,1,28,0.3915969516806083,1.611730611653872,0.7025327682495117
65,1,29,-0.6059447568110465,1.8425667094866518,0.8076004981994629
65,1,30,0.3668645126270962,1.7601252459749448,0.7251215577125549
65,1,31,-0.3751086589782669,1.8672991485401638,0.8181796073913574
65,1,32,0.729606952078607,1.7189045142190913,0.7106339335441589
65,2,0,-0.47891245442996866,-1.30535430057018,0.9979812502861024
65,2,1,-0.4365308212945732,-1.3816412402138918,0.9978664517402648
65,2,2,-0.41957816804041503,-1.3816412402138918,0.9979618191719056
65,2,3,-0.41110184141333594,-1.3816412402138918,0.998028576374054
65,2,4,-0.4450071479216523,-1.3816412402138918,0.9976537227630616
65,2,5,-0.4365308212945732,-1.3901175668409709,0.9975558519363404
65,2,6,-0.41957816804041503,-1.39859389346805,0.9976361989974976
65,2,7,-0.3432912283967032,-1.3562122603326545,0.99765282869339
65,2,8,-0.3771965349050196,-1.3731649135868127,0.9971849322319032
65,2,9,-0.4280544946674941,-1.220591034299389,0.9970331192016602
65,2,10,-0.4365308212945732,-1.220591034299389,0.9962270855903624
65,2,11,-0.12290673609264682,-0.9832538887411746,0.999344289302826
65,2,12,-0.2415753088717541,-0.9832538887411746,0.9988336563110352
65,2,13,-0.08900142958433045,-0.45772163786227094,0.6170912981033325
65,2,14,-0.20767000236343774,-0.5001032709976664,0.5076969265937805
65,2,15,-0.49586510768412684,-0.6357244970309318,0.7154634594917297
65,2,16,-0.5043414343112059,-0.65267715028509,0.5199353694915771
65,2,17,-0.6484389869715504,-0.6696298035392482,0.7032864689826965
65,2,18,-0.6484389869715504,-0.6696298035392482,0.5169702768325806
65,2,19,-0.6314863337173923,-0.7289640899288018,0.7003300189971924
65,2,20,-0.6484389869715504,-0.7120114366746436,0.5161464214324951
65,2,21,-0.5806283739549177,-0.7374404165558809,0.6732936501502991
65,2,22,-0.5891047005819968,-0.7120114366746436,0.5124415755271912
65,2,23,0.0042381633135395455,0.008476326627079091,0.9967997670173644
65,2,24,-0.0042381633135395455,-0.008476326627079091,0.9952553510665894
65,2,25,-0.48738878105704775,0.7967747029454346,0.7601929903030396
65,2,26,-0.046619796448935,0.7713457230641974,0.6151606440544128
65,2,27,-0.8349181727672905,1.7291706319241347,0.8106680512428284
65,2,28,0.22462265561759592,1.6020257325179483,0.6720927357673645
65,2,29,-0.6908206201069459,1.8647918579574,0.8172233700752258
65,2,30,0.326338575142545,1.7461232851782928,0.7024417519569397
65,2,31,-1.063778991698426,1.8902208378386374,0.8208553791046143
65,2,32,0.2415753088717541,1.7122179786699765,0.6801429390907288
66,1,0,0.1492491649778736,-1.2769095225884741,0.9981759786605836
66,1,1,0.14095754470132507,-1.351534105077411,0.9980711340904236
66,1,2,0.14095754470132507,-1.351534105077411,0.9981567859649658
66,1,3,0.13266592442477654,-1.351534105077411,0.9982178807258606
66,1,4,0.13266592442477654,-1.3598257253539594,0.9978787302970886
66,1,5,0.124374304148228,-1.368117345630508,0.997789740562439
66,1,6,0.11608268387167947,-1.368117345630508,0.9978623986244202
66,1,7,0.124374304148228,-1.3432424848008624,0.9978744983673096
66,1,8,0.08291620276548534,-1.351534105077411,0.9974600076675416
66,1,9,0.13266592442477654,-1.2022849400995372,0.9973215460777284
66,1,10,0.11608268387167947,-1.2022849400995372,0.9965971112251282
66,1,11,-0.08291620276548534,-0.994994433185824,0.9993990659713744
66,1,12,0.0,-1.0032860534623724,0.9989473819732666
66,1,13,0.13266592442477654,-0.5057888368694605,0.5743752121925354
66,1,14,0.21558212719026187,-0.5057888368694605,0.5558551549911499
66,1,15,0.28191508940265014,-0.8623285087610475,0.68692946434021
66,1,16,0.3482480516150384,-0.8042871668252077,0.5643908381462097
66,1,17,0.4145810138274267,-0.9701195723561784,0.6764549612998962
66,1,18,0.4477474949336208,-0.8954949898672416,0.5578405857086182
66,1,19,0.4228726341039752,-1.0364525345685667,0.674354076385498
66,1,20,0.4228726341039752,-0.9701195723561784,0.5566736459732056
66,1,21,0.3482480516150384,-0.994994433185824,0.6491444110870361
66,1,22,0.373122912444684,-0.9369530912499843,0.5507548451423645
66,1,23,-0.0497497216592912,0.008291620276548534,0.9970287084579468
66,1,24,0.0497497216592912,-0.008291620276548534,0.9956088662147522
66,1,25,-0.10779106359513094,0.9535363318030813,0.7472124099731445
66,1,26,0.373122912444684,0.8042871668252077,0.6441376209259033
66,1,27,-0.48091397603981495,1.7992816000110317,0.8138388991355896
66,1,28,0.5057888368694605,1.6749072958628037,0.6997680068016052
66,1,29,-0.5638301788053003,1.9070726636061626,0.8217594027519226
66,1,30,0.7130793437831738,1.815864840564129,0.7273012399673462
66,1,31,-0.4643307354867179,1.9651140055420024,0.8259750008583069
66,1,32,0.7628290654424651,1.8075732202875803,0.706812858581543
66,2,0,-0.4353282977865716,-1.3144378700157648,0.9983214735984802
66,2,1,-0.39306341450632193,-1.3905146599202143,0.9982274174690248
66,2,2,-0.384610437850272,-1.3905146599202143,0.998300075531006
66,2,3,-0.3677044845381721,-1.3989676365762642,0.9983667731285096
66,2,4,-0.40151639116237187,-1.3989676365762642,0.9980483055114746
66,2,5,-0.40151639116237187,-1.3989676365762642,0.997957170009613
66,2,6,-0.39306341450632193,-1.4074206132323142,0.9980345964431764
66,2,7,-0.30008067128977267,-1.3736087066081144,0.9980520009994508
66,2,8,-0.34234555457002236,-1.3905146599202143,0.9976386427879332
66,2,9,-0.384610437850272,-1.2299081034552655,0.9975636005401612
66,2,10,-0.40151639116237187,-1.2383610801113154,0.9968640208244324
66,2,11,-0.0633973249203745,-1.0016777337419172,0.999439537525177
66,2,12,-0.2324568580413732,-0.9763188037737675,0.9988754391670228
66,2,13,-0.038038394952224705,-0.4522342510986715,0.6158607006072998
66,2,14,-0.17328602144902366,-0.4775931810668213,0.5089191794395447
66,2,15,-0.46068722775472143,-0.6043878309075703,0.7152979969978333
66,2,16,-0.5283110410031209,-0.5874818775954704,0.5213357210159302
66,2,17,-0.6212937842196702,-0.6128408075636202,0.7031097412109375
66,2,18,-0.6889175974680697,-0.5621229476273206,0.516218900680542
66,2,19,-0.6212937842196702,-0.6720116441559698,0.7006167769432068
66,2,20,-0.6804646208120197,-0.6128408075636202,0.5153548717498779
66,2,21,-0.5790289009394205,-0.6804646208120197,0.6750471591949463
66,2,22,-0.6297467608757201,-0.6212937842196702,0.51126629114151
66,2,23,0.021132441640124837,0.004226488328024967,0.9969553351402284
66,2,24,-0.021132441640124837,-0.004226488328024967,0.9952236413955688
66,2,25,-0.46068722775472143,0.8495241539330184,0.7591610550880432
66,2,26,-0.012679464984074901,0.7819003406846189,0.6062480211257935
66,2,27,-0.7227295040922693,1.796257539410611,0.8261985778808594
66,2,28,0.2662687646655729,1.669462889569862,0.6816327571868896
66,2,29,-0.6551056908438699,1.8723343293150605,0.833545446395874
66,2,30,0.40151639116237187,1.813163492722711,0.7178264260292053
66,2,31,-1.018583687054017,1.9906760024997596,0.8336772918701172
66,2,32,0.1394741148248239,1.7878045627545611,0.6907404661178589
67,1,0,0.171377187388822,-1.2730876777455349,0.9984851479530334
67,1,1,0.15505555049464848,-1.3465350437693155,0.9984002113342284
67,1,2,0.15505555049464848,-1.3465350437693155,0.9984652996063232
67,1,3,0.15505555049464848,-1.3546958622164025,0.9985260367393494
67,1,4,0.1468947320475617,-1.3546958622164025,0.9982379078865052
67,1,5,0.13873391360047493,-1.3628566806634892,0.9981553554534912
67,1,6,0.13873391360047493,-1.3628566806634892,0.9982253909111024
67,1,7,0.13873391360047493,-1.3383742253222288,0.9982402324676514
67,1,8,0.12241227670630142,-1.3546958622164025,0.9978715777397156
67,1,9,0.1468947320475617,-1.199640311721754,0.9978033304214478
67,1,10,0.13873391360047493,-1.2078011301688407,0.9971738457679749
67,1,11,-0.07344736602378085,-1.0037806689916717,0.9994899034500122
67,1,12,0.024482455341260284,-0.9956198505445849,0.9989859461784364
67,1,13,0.17953800583590876,-0.5222923806135528,0.574876606464386
67,1,14,0.2529853718596896,-0.4814882883781189,0.5572080612182617
67,1,15,0.28562864564803664,-0.8487251184970231,0.6901071071624756
67,1,16,0.3672368301189043,-0.8160818447086762,0.5665714144706726
67,1,17,0.4406841961426851,-0.9548157583091511,0.6778371334075928
67,1,18,0.47332746993103214,-0.8895292107324569,0.5587172508239746
67,1,19,0.4243625592485116,-1.0037806689916717,0.6758503317832947
67,1,20,0.4488450145897719,-0.9629765767562378,0.5574239492416382
67,1,21,0.35091519322473075,-0.9711373952033246,0.6526549458503723
67,1,22,0.3998801039072513,-0.9303333029678909,0.551468014717102
67,1,23,-0.024482455341260284,0.0,0.9972122311592102
67,1,24,0.024482455341260284,0.0,0.995618462562561
67,1,25,0.0,0.8732075738382835,0.7427944540977478
67,1,26,0.26930700875386315,0.7915993893674158,0.6402285099029541
67,1,27,-0.39171928546016455,1.7545759661236537,0.8241696953773499
67,1,28,0.6447046573198542,1.6484853263115258,0.708730936050415
67,1,29,-0.47332746993103214,1.8525057874886948,0.8323184251785278
67,1,30,0.5059707437193792,1.8035408768061743,0.739840030670166
67,1,31,-0.20402046117716904,1.917792335065389,0.8357314467430115
67,1,32,0.7344736602378086,1.7790584214649139,0.7166514992713928
67,2,0,-0.4127239662862665,-1.313978341646073,0.9986293315887452
67,2,1,-0.3790322139363672,-1.3897847844333464,0.9985518455505372
67,2,2,-0.36218633776141756,-1.3982077225208212,0.9986094832420348
67,2,3,-0.3537633996739427,-1.3982077225208212,0.9986663460731506
67,2,4,-0.387455152023842,-1.3982077225208212,0.9984050393104552
67,2,5,-0.387455152023842,-1.3982077225208212,0.9983294010162354
67,2,6,-0.3790322139363672,-1.4066306606082961,0.99839448928833
67,2,7,-0.2948028330616189,-1.3813618463458717,0.9984087347984314
67,2,8,-0.32849458541151827,-1.3897847844333464,0.9980711936950684
67,2,9,-0.37060927584889236,-1.2297489607713248,0.9980183839797974
67,2,10,-0.387455152023842,-1.2297489607713248,0.997443914413452
67,2,11,-0.050537628524848964,-1.0023296324095043,0.9995329976081848
67,2,12,-0.23584226644929515,-0.9770608181470799,0.9990435242652892
67,2,13,-0.008422938087474827,-0.45483865672364066,0.6169204115867615
67,2,14,-0.193727576011921,-0.4801074709860651,0.5148808360099792
67,2,15,-0.45483865672364066,-0.5980286042107127,0.719874382019043
67,2,16,-0.5222221614234392,-0.6148744803856624,0.5368884205818176
67,2,17,-0.6064515422981875,-0.5980286042107127,0.7073269486427307
67,2,18,-0.6654121089105113,-0.5896056661232378,0.5299237370491028
67,2,19,-0.6064515422981875,-0.6569891708230365,0.7051907181739807
67,2,20,-0.6569891708230365,-0.6401432946480868,0.5288477540016174
67,2,21,-0.5559139137733385,-0.6654121089105113,0.6829753518104553
67,2,22,-0.6064515422981875,-0.6569891708230365,0.5248751640319824
67,2,23,0.04211469043737413,0.0,0.9972674250602722
67,2,24,-0.04211469043737413,0.0,0.995741605758667
67,2,25,-0.42114690437374136,0.8170249944850582,0.7649918794631958
67,2,26,0.016845876174949655,0.7917561802226337,0.6100420355796814
67,2,27,-0.7243726755228351,1.7603940602822388,0.8377828001976013
67,2,28,0.2863798949741441,1.6677417413200157,0.7055155634880066
67,2,29,-0.6569891708230365,1.895161069681836,0.8458693623542786
67,2,30,0.4043010281987917,1.8193546268945626,0.7435200214385986
67,2,31,-1.019175508584454,1.8867381315943612,0.8459131717681885
67,2,32,0.14318994748707206,1.7856628745446632,0.7163242101669312
68,1,0,0.13926942648823687,-1.294386434420084,0.9987437129020692
68,1,1,0.13107710728304647,-1.3681173072667976,0.9986775517463684
68,1,2,0.13107710728304647,-1.3681173072667976,0.9987249970436096
68,1,3,0.13107710728304647,-1.376309626471988,0.9987832903862
68,1,4,0.11469246887266567,-1.3681173072667976,0.9985390901565552
68,1,5,0.11469246887266567,-1.376309626471988,0.9984631538391112
68,1,6,0.10650014966747526,-1.3845019456771783,0.9985265731811525
68,1,7,0.10650014966747526,-1.3681173072667976,0.9985339641571044
68,1,8,0.08192319205190404,-1.3681173072667976,0.9982447624206544
68,1,9,0.12288478807785608,-1.2206555615733703,0.9981931447982788
68,1,10,0.11469246887266567,-1.2288478807785608,0.997675895690918
68,1,11,-0.04096159602595202,-0.9994629430332294,0.9995671510696412
68,1,12,-0.024576957615571215,-0.9994629430332294,0.9991326928138732
68,1,13,0.1802310225141889,-0.47515451390104346,0.5726636052131653
68,1,14,0.19661566092456972,-0.4833468331062339,0.5616814494132996
68,1,15,0.4014236410543298,-0.7373087284671365,0.6936954259872437
68,1,16,0.45057755628547225,-0.770078005287898,0.57872474193573
68,1,17,0.5325007483373763,-0.7864626436982789,0.6876882314682007
68,1,18,0.5734623443633283,-0.8028472821086596,0.5697348117828369
68,1,19,0.5243084291321859,-0.8438088781346117,0.6868475079536438
68,1,20,0.5570777059529475,-0.8683858357501829,0.5683395862579346
68,1,21,0.4833468331062339,-0.8438088781346117,0.6658188104629517
68,1,22,0.4997314715166147,-0.8601935165449925,0.5610674023628235
68,1,23,0.01638463841038081,-0.008192319205190405,0.9974502921104432
68,1,24,-0.01638463841038081,0.008192319205190405,0.9959738850593568
68,1,25,0.13107710728304647,0.8028472821086596,0.731332004070282
68,1,26,0.16384638410380808,0.8274242397242308,0.644595205783844
68,1,27,0.1474617456934273,1.7121947138847946,0.8275623917579651
68,1,28,-0.06553855364152324,1.7449639907055563,0.7308040857315063
68,1,29,0.12288478807785608,1.8514641403730314,0.8329252004623413
68,1,30,-0.385039002643949,1.859656459578222,0.7609620690345764
68,1,31,0.565270025158138,1.8514641403730314,0.8424837589263916
68,1,32,0.008192319205190405,1.9497719708353163,0.7399857044219971
68,2,0,-0.35170156468765457,-1.3272547143569822,0.998865246772766
68,2,1,-0.3182061775745446,-1.4026193353614795,0.9988046884536744
68,2,2,-0.30983233079626715,-1.410993182139757,0.9988465309143066
68,2,3,-0.2930846372397122,-1.410993182139757,0.9989000558853148
68,2,4,-0.3349538711310996,-1.410993182139757,0.9986811876296996
68,2,5,-0.3349538711310996,-1.410993182139757,0.9986121654510498
68,2,6,-0.32658002435282213,-1.410993182139757,0.9986702799797058
68,2,7,-0.23446770979176973,-1.394245488583202,0.9986754059791564
68,2,8,-0.28471079046143466,-1.4026193353614795,0.9984158277511596
68,2,9,-0.2930846372397122,-1.2435162465742073,0.9983704686164856
68,2,10,-0.3182061775745446,-1.2435162465742073,0.9979025721549988
68,2,11,-0.00837384677827749,-1.0090485367824376,0.9995989799499512
68,2,12,-0.1591030887872723,-0.9839269964476051,0.9991913437843324
68,2,13,0.07536462100449741,-0.43962695585956824,0.6148421168327332
68,2,14,-0.06699077422621992,-0.4563746494161232,0.5098761320114136
68,2,15,-0.39357079857904204,-0.5149915768640656,0.7223548889160156
68,2,16,-0.1925984759003823,-0.22190693962435348,0.5289225578308105
68,2,17,-0.5526738873663144,-0.4814961897509557,0.7149168848991394
68,2,18,-0.22609386301349224,-0.17166385895468855,0.5222302675247192
68,2,19,-0.5777954277011468,-0.5149915768640656,0.7136170268058777
68,2,20,-0.2679630969048797,-0.19678539928952102,0.5210868716239929
68,2,21,-0.5275523470314819,-0.5401131171988981,0.692931056022644
68,2,22,-0.24284155657004722,-0.22190693962435348,0.5154186487197876
68,2,23,0.025121540334832472,0.004186923389138745,0.9975208044052124
68,2,24,-0.025121540334832472,-0.004186923389138745,0.996117889881134
68,2,25,-0.2763369436831572,0.8164500608820553,0.7567586898803711
68,2,26,0.10886000811760738,0.8248239076603328,0.625848114490509
68,2,27,-0.3600754114659321,1.7124516661577467,0.8414499759674072
68,2,28,0.2930846372397122,1.7208255129360241,0.7347097396850586
68,2,29,-0.427066185692152,1.8548070613884642,0.8474763631820679
68,2,30,0.40194464535731955,1.8464332146101865,0.7703308463096619
68,2,31,-0.870880064940859,1.871554754945019,0.8521471619606018
68,2,32,-0.2763369436831572,1.871554754945019,0.7435013055801392
