frame,player_id,landmark_index,x_norm,y_norm,visibility
1,1,0,0.0763397041110523,-1.2656319365779722,0.9603840112686156
1,1,1,0.09241122076601067,-1.337953761525285,0.9591436982154846
1,1,2,0.10848273742096906,-1.337953761525285,0.9628199934959412
1,1,3,0.12455425407592743,-1.3299180031978057,0.963796854019165
1,1,4,0.020089395818697973,-1.3459895198527643,0.9518645405769348
1,1,5,-0.012053637491218783,-1.3540252781802433,0.950301468372345
1,1,6,-0.04419667080113554,-1.3540252781802433,0.950125217437744
1,1,7,0.0763397041110523,-1.3138464865428474,0.9545716047286988
1,1,8,-0.11651849574844825,-1.3218822448703267,0.9424657225608826
1,1,9,0.08437546243853149,-1.1933101116306597,0.9478023052215576
1,1,10,0.012053637491218783,-1.2013458699581387,0.9396772980690002
1,1,11,-0.012053637491218783,-0.9602731201337631,0.9940179586410522
1,1,12,-0.15669728738584418,-1.0325949450810759,0.9939960241317748
1,1,13,0.036160912473656354,-0.48616337881249094,0.5677018761634827
1,1,14,-0.24509062898811526,-0.47009186215753257,0.5231781005859375
1,1,15,0.11651849574844825,-0.39777003721021986,0.6253147125244141
1,1,16,0.2852694206255112,-0.39777003721021986,0.5462487936019897
1,1,17,0.19687607902324014,-0.317412453935428,0.6257582306861877
1,1,18,0.3013409372804696,-0.3656270039003031,0.5469716787338257
1,1,19,0.2209833540056777,-0.39777003721021986,0.629400372505188
1,1,20,0.3093766956079488,-0.42187731219265745,0.5462767481803894
1,1,21,0.18080456236828177,-0.41384155386517824,0.6217141151428223
1,1,22,0.27723366229803204,-0.42187731219265745,0.5437337756156921
1,1,23,0.04419667080113554,-0.012053637491218783,0.9529978036880492
1,1,24,-0.04419667080113554,0.012053637491218783,0.9508160948753356
1,1,25,0.26116214564307366,0.6950930953269499,0.5864937901496887
1,1,26,0.0763397041110523,0.9040228118414088,0.6610252261161804
1,1,27,0.3013409372804696,1.5709907530221814,0.5025508403778076
1,1,28,-0.16473304571332337,1.715634402916807,0.514007568359375
1,1,29,0.2691979039705528,1.675455611279411,0.5594083070755005
1,1,30,-0.26116214564307366,1.7959919861915987,0.5546192526817322
1,1,31,0.6308070287071164,1.7477774362267235,0.531751811504364
1,1,32,0.036160912473656354,1.8200992611740363,0.5075766444206238
1,2,0,-0.09576014070751074,-1.2793554798523434,0.9643235206604004
1,2,1,-0.07277770693770816,-1.3406419699051504,0.9632091522216796
1,2,2,-0.049795273167905586,-1.3483027811617512,0.966515839099884
1,2,3,-0.03447365065470387,-1.3483027811617512,0.967399835586548
1,2,4,-0.11874257447731332,-1.3483027811617512,0.9566472172737122
1,2,5,-0.1417250082471159,-1.3483027811617512,0.9552303552627563
1,2,6,-0.1800290645301202,-1.3483027811617512,0.955077052116394
1,2,7,-0.049795273167905586,-1.3253203473919486,0.959095060825348
1,2,8,-0.11108176322071246,-1.3253203473919486,0.948156476020813
1,2,9,-0.0651168956811073,-1.2180689897995367,0.9529802799224854
1,2,10,-0.1264033857339142,-1.2180689897995367,0.9456383585929872
1,2,11,0.13406419699051506,-0.98058384084491,0.9946012496948242
1,2,12,-0.08809932945090988,-1.0188878971279143,0.9943390488624572
1,2,13,0.042134461911304724,-0.490291920422455,0.6105067729949951
1,2,14,-0.08043851819430903,-0.46730948665265243,0.4761532247066498
1,2,15,-0.2566371770961288,-0.6588297680676739,0.6611549854278564
1,2,16,-0.049795273167905586,-0.32941488403383695,0.5028271675109863
1,2,17,-0.3485669121753391,-0.7201162581204807,0.6593952775001526
1,2,18,-0.08809932945090988,-0.2681283939810301,0.5057119131088257
1,2,19,-0.3332452896621374,-0.7814027481732877,0.6624332666397095
1,2,20,-0.08809932945090988,-0.3064324502640344,0.5049676299095154
1,2,21,-0.3026020446357339,-0.7660811256600859,0.6543840169906616
1,2,22,-0.07277770693770816,-0.32941488403383695,0.5033873915672302
1,2,23,0.07277770693770816,-0.0076608112566008595,0.957541048526764
1,2,24,-0.07277770693770816,0.0076608112566008595,0.9553799629211426
1,2,25,0.2183331208131245,0.7507595031468842,0.6253117918968201
1,2,26,0.01915202814150215,0.8503500494826954,0.6651431918144226
1,2,27,0.3255844784055365,1.6011095526295795,0.5473670959472656
1,2,28,0.2183331208131245,1.5551446850899744,0.5390084981918335
1,2,29,0.39453177971494424,1.7313433439917942,0.5917676687240601
1,2,30,0.28728042212253224,1.6547352314257857,0.5717436075210571
1,2,31,0.1417250082471159,1.7543257777615968,0.5724563598632812
1,2,32,-0.08043851819430903,1.685378476452189,0.5382910370826721
2,1,0,0.003990911072347456,-1.2810824542235335,0.9669862985610962
2,1,1,0.01197273321704237,-1.3529188535257877,0.964880347251892
2,1,2,0.027936377506432193,-1.3529188535257877,0.9679231643676758
2,1,3,0.04390002179582202,-1.3529188535257877,0.9685243368148804
2,1,4,-0.04390002179582202,-1.3609006756704827,0.9592604041099548
2,1,5,-0.06784548822990676,-1.3609006756704827,0.958060085773468
2,1,6,-0.10775459895338133,-1.3609006756704827,0.9577649831771852
2,1,7,0.01995455536173728,-1.3369552092363979,0.9593644738197328
2,1,8,-0.13170006538746606,-1.3369552092363979,0.9510987997055054
2,1,9,0.027936377506432193,-1.2172278770659741,0.9541876316070556
2,1,10,-0.04390002179582202,-1.2252096992106691,0.9486147165298462
2,1,11,0.027936377506432193,-0.9697913905804318,0.9945464730262756
2,1,12,-0.25142739755788973,-1.0176823234486014,0.9948217272758484
2,1,13,0.1556455318215508,-0.4749184176093473,0.5870789289474487
2,1,14,-0.27537286399197447,-0.43500930688587275,0.5277794599533081
2,1,15,0.19555464254502536,-0.3472092632942287,0.62859708070755
2,1,16,0.13968188753216096,-0.3791365518730083,0.5497716069221497
2,1,17,0.2993183304260592,-0.3312456190048389,0.6236642599105835
2,1,18,0.2594092197025847,-0.32326379686014395,0.5496314764022827
2,1,19,0.3711547297283134,-0.31528197471544905,0.6286390423774719
2,1,20,0.27537286399197447,-0.3551910854389236,0.5487865209579468
2,1,21,0.27537286399197447,-0.40308201830709306,0.6239209175109863
2,1,22,0.24344557541319484,-0.3791365518730083,0.545784056186676
2,1,23,0.11573642109807623,-0.01995455536173728,0.960670530796051
2,1,24,-0.11573642109807623,0.01995455536173728,0.9591274261474608
2,1,25,0.3312456190048389,0.6585003269373303,0.6165574789047241
2,1,26,-0.003990911072347456,0.8979549912781777,0.6916565299034119
2,1,27,0.4190456625964829,1.4646643635515164,0.5568456053733826
2,1,28,-0.17959099825563554,1.6562280950241943,0.5777742266654968
2,1,29,0.45097295117526254,1.6642099171688893,0.60146164894104
2,1,30,-0.2833546861366694,1.775955427194618,0.5992544293403625
2,1,31,0.6664821490820252,1.6721917393135841,0.5872944593429565
2,1,32,0.04390002179582202,1.8158645379180927,0.5717418789863586
2,2,0,-0.19135370035210514,-1.2926137717662611,0.9702701568603516
2,2,1,-0.13668121453721796,-1.3707173229303857,0.9683763384819032
2,2,2,-0.12106050430439304,-1.3707173229303857,0.971114456653595
2,2,3,-0.08981908383874322,-1.378527678046798,0.9716586470603944
2,2,4,-0.17573299011928023,-1.3707173229303857,0.9633086919784546
2,2,5,-0.18354334523569268,-1.3707173229303857,0.9622213244438172
2,2,6,-0.19135370035210514,-1.3707173229303857,0.9619591236114502
2,2,7,0.011715532674618681,-1.3550966126975608,0.9634131193161012
2,2,8,-0.09762943895515568,-1.3550966126975608,0.9559279680252076
2,2,9,-0.1288708594208055,-1.2301309308349615,0.9587341547012328
2,2,10,-0.18354334523569268,-1.2301309308349615,0.9536848664283752
2,2,11,0.16792263500286778,-0.9880099222261755,0.9950735569000244
2,2,12,-0.12106050430439304,-1.011440987575413,0.9950142502784728
2,2,13,0.06638801848950586,-0.4881471947757784,0.6278263330459595
2,2,14,-0.1991640554685176,-0.5115782601250157,0.4920339286327362
2,2,15,-0.2850779617490546,-0.6912164278025021,0.6641947627067566
2,2,16,-0.3631815129131791,-0.7536992687338018,0.5330447554588318
2,2,17,-0.40223328849524137,-0.7536992687338018,0.6578566431999207
2,2,18,-0.44128506407730367,-0.8005613994322766,0.5320138335227966
2,2,19,-0.37880222314600404,-0.8005613994322766,0.6621625423431396
2,2,20,-0.41004364361165385,-0.8318028198979264,0.5300556421279907
2,2,21,-0.3475608026803542,-0.8005613994322766,0.6568711996078491
2,2,22,-0.37880222314600404,-0.8239924647815139,0.5282031297683716
2,2,23,0.09762943895515568,-0.003905177558206227,0.964400589466095
2,2,24,-0.09762943895515568,0.003905177558206227,0.9627503156661988
2,2,25,0.16792263500286778,0.7927510443158641,0.6509346961975098
2,2,26,-0.058577663373093405,0.8396131750143389,0.6851742267608643
2,2,27,0.3006986719818795,1.6284590417719966,0.594118595123291
2,2,28,0.13668121453721796,1.4878726496765726,0.5834606289863586
2,2,29,0.38661257826241646,1.7924764992166582,0.6240224838256836
2,2,30,0.22259512081775495,1.6440797520048216,0.6019527912139893
2,2,31,0.011715532674618681,1.7846661441002458,0.6186113953590393
2,2,32,-0.17573299011928023,1.7299936582853586,0.5877187252044678
3,1,0,0.05443000405880369,-1.3021331740221498,0.9729885458946228
3,1,1,0.06280385083708118,-1.3774977950266472,0.9709566831588744
3,1,2,0.07955154439363615,-1.3774977950266472,0.973431408405304
3,1,3,0.09629923795019114,-1.3774977950266472,0.9738689661026
3,1,4,0.004186923389138745,-1.3774977950266472,0.9664483070373536
3,1,5,-0.020934616945693724,-1.3858716418049246,0.965488076210022
3,1,6,-0.04605615728052619,-1.3858716418049246,0.96526437997818
3,1,7,0.06280385083708118,-1.3607501014700922,0.9653833508491516
3,1,8,-0.11304693150674612,-1.3607501014700922,0.959769606590271
3,1,9,0.07955154439363615,-1.2351423997959299,0.9606946110725404
3,1,10,0.012560770167416236,-1.2351423997959299,0.9572110772132874
3,1,11,0.020934616945693724,-0.9839269964476051,0.9950671792030334
3,1,12,-0.18841155251124353,-1.0090485367824376,0.995474100112915
3,1,13,-0.012560770167416236,-0.4312531090812907,0.574505627155304
3,1,14,-0.2721500202940184,-0.4312531090812907,0.5421924591064453
3,1,15,0.020934616945693724,-0.2972715606288509,0.6061499714851379
3,1,16,0.11304693150674612,-0.6322254317599505,0.5768771767616272
3,1,17,0.18003770573296604,-0.22190693962435348,0.6016263365745544
3,1,18,0.2721500202940184,-0.7327115930992804,0.5735073685646057
3,1,19,0.2051592460677985,-0.23865463318090846,0.6061578392982483
3,1,20,0.2972715606288509,-0.7327115930992804,0.5717056393623352
3,1,21,0.16329001217641106,-0.25540232673746344,0.602604866027832
3,1,22,0.24702847995918598,-0.7327115930992804,0.5682001709938049
3,1,23,0.09629923795019114,-0.020934616945693724,0.9674169421195984
3,1,24,-0.09629923795019114,0.020934616945693724,0.9660255312919616
3,1,25,0.3642623348550708,0.707590052764448,0.6373677253723145
3,1,26,0.08792539117191364,0.9001885286648302,0.7115932106971741
3,1,27,0.5233654236423432,1.6035916580401395,0.6040628552436829
3,1,28,-0.1381684718415786,1.7208255129360241,0.6184064149856567
3,1,29,0.5149915768640656,1.8045639807187992,0.6308968663215637
3,1,30,-0.2721500202940184,1.8799286017232966,0.6252318620681763
3,1,31,0.7578331334341128,1.8296855210536316,0.6357232928276062
3,1,32,0.09629923795019114,1.938545529171239,0.6185593008995056
3,2,0,-0.11192749446777091,-1.2991584179294837,0.9756823182106018
3,2,1,-0.08794303136753429,-1.379106628263606,0.9738552570343018
3,2,2,-0.07994821033412208,-1.379106628263606,0.9760816693305968
3,2,3,-0.06395856826729766,-1.3871014492970182,0.9764772653579712
3,2,4,-0.15190159963483196,-1.379106628263606,0.9697965979576112
3,2,5,-0.15989642066824417,-1.379106628263606,0.9689292907714844
3,2,6,-0.16789124170165637,-1.379106628263606,0.9687296748161316
3,2,7,0.03197928413364883,-1.3631169861967816,0.968841016292572
3,2,8,-0.06395856826729766,-1.3631169861967816,0.9637762308120728
3,2,9,-0.07195338930070987,-1.227205028628774,0.9646099805831908
3,2,10,-0.14390677860141973,-1.227205028628774,0.9614642858505248
3,2,11,0.15989642066824417,-0.9953552186598199,0.995538055896759
3,2,12,-0.08794303136753429,-1.003350039693232,0.9956881403923036
3,2,13,0.03197928413364883,-0.45970220942120193,0.6166865825653076
3,2,14,-0.15190159963483196,-0.45970220942120193,0.5023271441459656
3,2,15,-0.25583427306919065,-0.5956141669892095,0.643256664276123
3,2,16,-0.26382909410260286,-0.6995468404235682,0.5461808443069458
3,2,17,-0.35976694650354935,-0.6595727352565072,0.6358346343040466
3,2,18,-0.35177212547013714,-0.7715002297242781,0.5430213212966919
3,2,19,-0.34377730443672494,-0.7155364824903926,0.6396394371986389
3,2,20,-0.32778766236990053,-0.8034795138579269,0.540428102016449
3,2,21,-0.31179802030307613,-0.7075416614569804,0.635230302810669
3,2,22,-0.2958083782362517,-0.7954846928245147,0.5382636189460754
3,2,23,0.08794303136753429,-0.011992231550118313,0.9703444838523864
3,2,24,-0.08794303136753429,0.011992231550118313,0.9688814282417296
3,2,25,0.18388088376848077,0.8114743348913391,0.6642552018165588
3,2,26,0.0,0.8594432610918123,0.6831244230270386
3,2,27,0.3038031992696639,1.722883932700331,0.6231383681297302
3,2,28,0.18388088376848077,1.6029616171991476,0.6003673672676086
3,2,29,0.36776176753696155,1.8747855323351628,0.6437646746635437
3,2,30,0.27182391513601506,1.7708528589008041,0.6121216416358948
3,2,31,0.007994821033412208,1.8667907113017506,0.6488415598869324
3,2,32,-0.07195338930070987,1.8108269640678651,0.6091645359992981
4,1,0,0.03237911229377795,-1.2992118807878401,0.977387547492981
4,1,1,0.04047389036722243,-1.3720648834488405,0.9746841192245485
4,1,2,0.056663446514111405,-1.3720648834488405,0.976781129837036
4,1,3,0.0647582245875559,-1.3801596615222849,0.9768831133842468
4,1,4,-0.016189556146888974,-1.3720648834488405,0.9712032079696656
4,1,5,-0.04047389036722243,-1.3720648834488405,0.9705231785774232
4,1,6,-0.0647582245875559,-1.3720648834488405,0.9703105092048644
4,1,7,0.04856866844066692,-1.3558753273019515,0.9680545330047609
4,1,8,-0.08904255880788935,-1.3558753273019515,0.9654881954193116
4,1,9,0.0647582245875559,-1.2263588781268397,0.9634565711021424
4,1,10,-0.008094778073444487,-1.2263588781268397,0.9625375270843506
4,1,11,-0.016189556146888974,-0.9835155359235052,0.995272934436798
4,1,12,-0.16999033954233422,-1.0077998701438386,0.9960612654685974
4,1,13,-0.02428433422033346,-0.449260183076169,0.5673022866249084
4,1,14,-0.23474856412989012,-0.43307062692928006,0.5512915849685669
4,1,15,0.08904255880788935,-0.3925967365620576,0.5900200605392456
4,1,16,0.10523211495477833,-0.5949661883981697,0.5880678296089172
4,1,17,0.1861798956892232,-0.36831240234172413,0.5848351120948792
4,1,18,0.2590328983502236,-0.6921035252795036,0.5825591683387756
4,1,19,0.20236945183611216,-0.4573549611496135,0.589225709438324
4,1,20,0.2671276764236681,-0.764956527940504,0.5801920294761658
4,1,21,0.16189556146888973,-0.4573549611496135,0.5866405963897705
4,1,22,0.21046422990955665,-0.748766971793615,0.5762723088264465
4,1,23,0.08094778073444486,-0.020236945183611216,0.9722394347190856
4,1,24,-0.08094778073444486,0.020236945183611216,0.971192479133606
4,1,25,0.32379112293777945,0.6435348568388367,0.6444446444511414
4,1,26,0.04047389036722243,0.8378095306015043,0.7095717191696167
4,1,27,0.43711801596600225,1.4853917764770632,0.6231405138969421
4,1,28,-0.16189556146888973,1.663476894092842,0.6330428123474121
4,1,29,0.43711801596600225,1.6877612283131755,0.6434220671653748
4,1,30,-0.2590328983502236,1.8091828994148427,0.6353626251220703
4,1,31,0.6961509143162259,1.728235118680398,0.6575556993484497
4,1,32,0.09713733688133384,1.8658463459289543,0.6364777684211731
4,2,0,-0.12838883665470066,-1.3079612734197628,0.9796446561813354
4,2,1,-0.12838883665470066,-1.3962285986198695,0.97721266746521
4,2,2,-0.10431592978194427,-1.3962285986198695,0.979099452495575
4,2,3,-0.0802430229091879,-1.3962285986198695,0.9791922569274902
4,2,4,-0.1604860458183758,-1.3882042963289507,0.974079132080078
4,2,5,-0.1604860458183758,-1.3882042963289507,0.973465383052826
4,2,6,-0.1604860458183758,-1.3962285986198695,0.9732751846313475
4,2,7,0.032097209163675165,-1.3721556917471132,0.9712468385696412
4,2,8,-0.05617011603643153,-1.3721556917471132,0.968930721282959
4,2,9,-0.10431592978194427,-1.2437668550924126,0.9671014547348022
4,2,10,-0.1604860458183758,-1.2437668550924126,0.9662683010101318
4,2,11,0.1604860458183758,-0.99501348407393,0.9957258701324464
4,2,12,-0.07221872061826912,-1.0030377863648487,0.9962674975395204
4,2,13,0.048145813745512744,-0.46540953287328984,0.6101980805397034
4,2,14,-0.12838883665470066,-0.44936092829145224,0.512598991394043
4,2,15,-0.2567776733094013,-0.649968485564422,0.6287588477134705
4,2,16,-0.29689918476399524,-0.6981142993099347,0.5612264275550842
4,2,17,-0.36911790538226436,-0.7061386016008536,0.6208555698394775
4,2,18,-0.36911790538226436,-0.7623087176372851,0.5552064180374146
4,2,19,-0.3530693008004268,-0.7703330199282039,0.6245405077934265
4,2,20,-0.3530693008004268,-0.8104545313827979,0.5521625876426697
4,2,21,-0.3209720916367516,-0.7623087176372851,0.6209887266159058
4,2,22,-0.3209720916367516,-0.8024302290918791,0.5495079755783081
4,2,23,0.0882673252001067,-0.016048604581837583,0.9747132658958436
4,2,24,-0.0882673252001067,0.016048604581837583,0.9736270308494568
4,2,25,0.1604860458183758,0.8265031359646354,0.6700533032417297
4,2,26,0.0,0.842551740546473,0.6776668429374695
4,2,27,0.2648019756003201,1.7172006902566213,0.6402624845504761
4,2,28,0.19258325498205098,1.6289333650565145,0.611096978187561
4,2,29,0.3370206962185892,1.8616381314931594,0.6538445353507996
4,2,30,0.27282627789123887,1.7813951085839714,0.6186460256576538
4,2,31,-0.024072906872756372,1.8616381314931594,0.6692977547645569
4,2,32,-0.06419441832735033,1.8295409223294843,0.6251554489135742
5,1,0,0.033181027121112046,-1.3147981996740647,0.9813880920410156
5,1,1,0.033181027121112046,-1.397750767476845,0.9789324402809144
5,1,2,0.04977154068166807,-1.4060460242571229,0.9805864095687866
5,1,3,0.0746573110225021,-1.4060460242571229,0.980579912662506
5,1,4,-0.016590513560556023,-1.397750767476845,0.9762064218521118
5,1,5,-0.041476283901390056,-1.397750767476845,0.9756610989570618
5,1,6,-0.05806679746194608,-1.4060460242571229,0.9755178093910216
5,1,7,0.0746573110225021,-1.381160253916289,0.9727401733398438
5,1,8,-0.09124782458305813,-1.381160253916289,0.97161465883255
5,1,9,0.05806679746194608,-1.2484361454318407,0.9686874747276306
5,1,10,-0.008295256780278011,-1.2484361454318407,0.968834400177002
5,1,11,0.11613359492389216,-0.9912831852432223,0.9955013394355774
5,1,12,-0.17420039238583823,-1.0078736988037784,0.9966005682945251
5,1,13,0.09124782458305813,-0.46038675130542966,0.5624288320541382
5,1,14,-0.22397193306750632,-0.4272057241843176,0.560505747795105
5,1,15,0.22397193306750632,-0.6345871436912679,0.5795754790306091
5,1,16,0.09954308136333614,-0.6262918869109899,0.6022970676422119
5,1,17,0.36499129833223254,-0.659472914032102,0.573732316493988
5,1,18,0.24885770340834035,-0.717539711494048,0.5944039225578308
5,1,19,0.3566960415519545,-0.70924445471377,0.5781568884849548
5,1,20,0.26544821696889637,-0.7590159953954381,0.5916264653205872
5,1,21,0.2820387305294524,-0.70924445471377,0.5770564675331116
5,1,22,0.2156766762872283,-0.742425481834882,0.5877355933189392
5,1,23,0.11613359492389216,-0.020738141950695028,0.9762858748435974
5,1,24,-0.11613359492389216,0.020738141950695028,0.9756495356559752
5,1,25,0.34840078477167646,0.6677681708123799,0.6542642712593079
5,1,26,0.024885770340834036,0.8834448470996082,0.7050235867500305
5,1,27,0.4313533525744566,1.5304748759612932,0.6455468535423279
5,1,28,-0.16590513560556022,1.7295610386879654,0.6439956426620483
5,1,29,0.44794386613501264,1.7378562954682435,0.6599218845367432
5,1,30,-0.2737434737491744,1.8705804039526917,0.6412503719329834
5,1,31,0.6387347720814069,1.7959230929301895,0.679314911365509
5,1,32,0.10783833814361415,1.9286472014146376,0.6521170139312744
5,2,0,-0.16590513560556022,-1.331388713234621,0.9832448959350586
5,2,1,-0.16590513560556022,-1.414341281037401,0.9810354709625244
5,2,2,-0.1410193652647262,-1.422636537817679,0.9825233221054076
5,2,3,-0.11613359492389216,-1.422636537817679,0.9825188517570496
5,2,4,-0.1990861627266723,-1.414341281037401,0.9785814881324768
5,2,5,-0.1990861627266723,-1.414341281037401,0.9780887365341188
5,2,6,-0.1990861627266723,-1.422636537817679,0.9779613614082336
5,2,7,0.0,-1.397750767476845,0.9754628539085388
5,2,8,-0.09954308136333614,-1.397750767476845,0.9744439125061036
5,2,9,-0.1410193652647262,-1.2650266589923969,0.9718077778816224
5,2,10,-0.1990861627266723,-1.2650266589923969,0.971933901309967
5,2,11,0.1576098788252822,-0.9995784420235004,0.9959333539009094
5,2,12,-0.09954308136333614,-0.9995784420235004,0.996786653995514
5,2,13,0.04977154068166807,-0.46038675130542966,0.6055757403373718
5,2,14,-0.12442885170417017,-0.4272057241843176,0.5172645449638367
5,2,15,-0.26544821696889637,-0.70924445471377,0.6189701557159424
5,2,16,-0.26544821696889637,-0.6262918869109899,0.565525472164154
5,2,17,-0.38987706867306654,-0.767311252175716,0.6102738976478577
5,2,18,-0.38158181189278856,-0.717539711494048,0.5586079359054565
5,2,19,-0.3732865551125105,-0.8253780496376621,0.6139155030250549
5,2,20,-0.36499129833223254,-0.7590159953954381,0.555379331111908
5,2,21,-0.3401055279913985,-0.8170827928573842,0.6115690469741821
5,2,22,-0.33181027121112044,-0.7590159953954381,0.5528060793876648
5,2,23,0.10783833814361415,-0.020738141950695028,0.9783671498298644
5,2,24,-0.10783833814361415,0.020738141950695028,0.9776799082756042
5,2,25,0.1990861627266723,0.9000353606601643,0.6792438626289368
5,2,26,-0.04977154068166807,0.9415116445615543,0.6743310689926147
5,2,27,0.2986292440900084,1.8125136064907454,0.6617740988731384
5,2,28,0.19079090594639428,1.7212657819076873,0.6211312413215637
5,2,29,0.38987706867306654,1.9701234853160279,0.6674517393112183
5,2,30,0.2820387305294524,1.8871709175132476,0.6209546327590942
5,2,31,0.0,1.9784187420963057,0.6902565360069275
5,2,32,-0.09124782458305813,1.9369424581949157,0.6391290426254272
6,1,0,0.025508829974888188,-1.3434650453441113,0.9848232269287108
6,1,1,0.03401177329985092,-1.419991535268776,0.9828136563301086
6,1,2,0.051017659949776376,-1.419991535268776,0.9841477274894714
6,1,3,0.06802354659970183,-1.4284944785937386,0.9841187596321106
6,1,4,-0.00850294332496273,-1.419991535268776,0.9806084632873536
6,1,5,-0.01700588664992546,-1.419991535268776,0.980164647102356
6,1,6,-0.03401177329985092,-1.419991535268776,0.980053186416626
6,1,7,0.06802354659970183,-1.3944827052938877,0.9776422381401062
6,1,8,-0.07652648992466457,-1.4029856486188503,0.9769381284713744
6,1,9,0.059520603274739105,-1.2669385554194468,0.9742688536643982
6,1,10,0.0,-1.2754414987444094,0.974584460258484
6,1,11,0.11904120654947821,-1.003347312345602,0.9960238933563232
6,1,12,-0.2040706397991055,-0.9948443690206393,0.9970966577529908
6,1,13,0.15305297984932914,-0.4591589395479874,0.5549646019935608
6,1,14,-0.21257358312406824,-0.408141279598211,0.5649199485778809
6,1,15,0.2295794697739937,-0.6632295793470929,0.5760467052459717
6,1,16,0.15305297984932914,-0.6207148627222793,0.6069868803024292
6,1,17,0.3826324496233228,-0.7312531259467947,0.5719976425170898
6,1,18,0.2805971297237701,-0.7057442959719066,0.5987902283668518
6,1,19,0.34011773299850917,-0.7822707858965712,0.5763946175575256
6,1,20,0.2635912430738446,-0.7822707858965712,0.5957937836647034
6,1,21,0.27209418639880734,-0.7652648992466456,0.5773875713348389
6,1,22,0.22107652644903097,-0.7567619559216829,0.5922786593437195
6,1,23,0.13604709319940367,-0.01700588664992546,0.9802597165107728
6,1,24,-0.13604709319940367,0.01700588664992546,0.9797784686088562
6,1,25,0.36562656297339735,0.7652648992466456,0.6763243079185486
6,1,26,-0.03401177329985092,0.9693355390457512,0.70362389087677
6,1,27,0.4931707128478383,1.6495710050427697,0.674970805644989
6,1,28,-0.18706475314918006,1.8111269282170614,0.6538219451904297
6,1,29,0.5867030894224283,1.8366357581919497,0.6775159239768982
6,1,30,-0.2976030163736955,1.981185794716316,0.6383240222930908
6,1,31,0.6802354659970183,1.887653418141726,0.7062421441078186
6,1,32,0.09353237657459003,2.015197568016167,0.6660641431808472
6,2,0,-0.1502278739496796,-1.3479906527376655,0.9863353371620178
6,2,1,-0.13398702271187637,-1.42107448330778,0.9845277070999146
6,2,2,-0.1096257458551716,-1.42107448330778,0.9857277274131776
6,2,3,-0.08526446899846679,-1.42107448330778,0.9857030510902404
6,2,4,-0.1664687251874828,-1.42107448330778,0.9825420379638672
6,2,5,-0.1664687251874828,-1.42107448330778,0.9821404814720154
6,2,6,-0.1664687251874828,-1.4291949089266816,0.9820417761802672
6,2,7,0.028421489666155597,-1.396713206451075,0.9798744916915894
6,2,8,-0.08526446899846679,-1.4048336320699766,0.9792325496673584
6,2,9,-0.1177461714740732,-1.274906822167551,0.976828634738922
6,2,10,-0.1664687251874828,-1.274906822167551,0.9771024584770204
6,2,11,0.18270957642528599,-1.0069327767437983,0.9964024424552916
6,2,12,-0.08526446899846679,-0.9906919255059952,0.9972063899040222
6,2,13,0.10150532023626999,-0.48722553713409594,0.5984966158866882
6,2,14,-0.10150532023626999,-0.43038255780178475,0.5193496346473694
6,2,15,-0.2557934069954004,-0.7470791569389471,0.6148765683174133
6,2,16,-0.28827510947100676,-0.7064770288444391,0.5694018006324768
6,2,17,-0.36947936566002276,-0.8039221362712583,0.6073943972587585
6,2,18,-0.40196106813562915,-0.7633200081767503,0.5636255741119385
6,2,19,-0.35323851442221954,-0.8607651156035695,0.6109628081321716
6,2,20,-0.37759979127892435,-0.8282834131279632,0.5602617263793945
6,2,21,-0.32075681194661315,-0.8526446899846679,0.6102472543716431
6,2,22,-0.3288772375655148,-0.8201629875090616,0.5577529072761536
6,2,23,0.1258665970929748,-0.008120425618901599,0.9820025563240052
6,2,24,-0.1258665970929748,0.008120425618901599,0.9814736843109132
6,2,25,0.19895042766308918,0.8770059668413728,0.7008770108222961
6,2,26,-0.08526446899846679,0.9176080949358807,0.6837788820266724
6,2,27,0.29639553508990835,1.7621323593016471,0.692582905292511
6,2,28,0.19083000204418757,1.6728076774937295,0.6403087973594666
6,2,29,0.39384064251672757,1.924540871679679,0.6843044757843018
6,2,30,0.28827510947100676,1.8352161898717614,0.6235179305076599
6,2,31,-0.0121806384283524,1.9407817229174822,0.7184245586395264
6,2,32,-0.08526446899846679,1.8758183179662695,0.6600473523139954
7,1,0,0.03373605998720428,-1.3452253919897708,0.987619936466217
7,1,1,0.025302044990403214,-1.4211315269609803,0.9859780073165894
7,1,2,0.05060408998080643,-1.4211315269609803,0.9870622754096984
7,1,3,0.07590613497120964,-1.4211315269609803,0.9870266318321228
7,1,4,0.0,-1.4211315269609803,0.98417866230011
7,1,5,-0.00843401499680107,-1.4211315269609803,0.983816385269165
7,1,6,-0.01686802999360214,-1.4211315269609803,0.9837183356285096
7,1,7,0.09277416496481178,-1.3958294819705772,0.9817250370979308
7,1,8,-0.04217007498400535,-1.3958294819705772,0.981247901916504
7,1,9,0.04217007498400535,-1.2777532720153622,0.978909432888031
7,1,10,-0.00843401499680107,-1.2777532720153622,0.9792435765266418
7,1,11,0.12651022495201605,-1.007864792117728,0.9966140389442444
7,1,12,-0.19398234492642463,-0.9909967621241258,0.9974752068519592
7,1,13,0.2024163599232257,-0.4849558623160616,0.5537627935409546
7,1,14,-0.10964219495841392,-0.4006157123480509,0.566885232925415
7,1,15,0.21928438991682783,-0.7126742672296905,0.5837818384170532
7,1,16,0.2024163599232257,-0.6958062372360884,0.6107357740402222
7,1,17,0.35422862986564496,-0.8307504771849055,0.5797376036643982
7,1,18,0.3204925698784407,-0.7970144171977012,0.6036306619644165
7,1,19,0.2951905248880375,-0.8644865371721098,0.5840361714363098
7,1,20,0.2867565098912364,-0.8644865371721098,0.6004648208618164
7,1,21,0.23615241991042998,-0.8307504771849055,0.5859003067016602
7,1,22,0.2530204499040321,-0.8307504771849055,0.5969045162200928
7,1,23,0.1433782549456182,-0.012651022495201607,0.9836198091506958
7,1,24,-0.1433782549456182,0.012651022495201607,0.9831768274307252
7,1,25,0.36266264486244604,0.6873722222392873,0.6959611773490906
7,1,26,-0.025302044990403214,0.9319586571465183,0.7112200260162354
7,1,27,0.4554368098272578,1.6319819018810071,0.7007526159286499
7,1,28,-0.19398234492642463,1.7922281868202274,0.6695346832275391
7,1,29,0.5566449897888707,1.8259642468074317,0.6906956434249878
7,1,30,-0.2951905248880375,1.952474471759448,0.63768470287323
7,1,31,0.7084572597312899,1.834398261804233,0.7316725850105286
7,1,32,0.07590613497120964,1.9946445467434533,0.6837434768676758
7,2,0,-0.15563187066066753,-1.35973108050899,0.9888513684272766
7,2,1,-0.13105841739845686,-1.4252602892082185,0.9873733520507812
7,2,2,-0.10648496413624621,-1.4252602892082185,0.9883486032485962
7,2,3,-0.08191151087403555,-1.4252602892082185,0.9883180260658264
7,2,4,-0.1638230217480711,-1.4252602892082185,0.9857532382011414
7,2,5,-0.1638230217480711,-1.433451440295622,0.9854249358177184
7,2,6,-0.1638230217480711,-1.433451440295622,0.9853384494781494
7,2,7,0.02457345326221066,-1.4006868359460078,0.9835458993911744
7,2,8,-0.0901026619614391,-1.4088779870334114,0.9831095933914183
7,2,9,-0.13105841739845686,-1.2860107207223581,0.9810037016868592
7,2,10,-0.1638230217480711,-1.2860107207223581,0.9812960624694824
7,2,11,0.1802053239228782,-1.0238938859254443,0.9969398975372314
7,2,12,-0.10648496413624621,-0.974746979401023,0.997591495513916
7,2,13,0.13924956848586043,-0.4996602163316168,0.5975320935249329
7,2,14,-0.0901026619614391,-0.41774870545758125,0.522270143032074
7,2,15,-0.2621168347969137,-0.7617770511285306,0.6226702928543091
7,2,16,-0.2539256837095102,-0.6716743891670914,0.5764529705047607
7,2,17,-0.38498410110796705,-0.8354974109151625,0.6160147786140442
7,2,18,-0.4095575543701777,-0.7945416554781447,0.5713605284690857
7,2,19,-0.3686017989331599,-0.8846443174395838,0.6195809245109558
7,2,20,-0.3686017989331599,-0.8518797130899697,0.5676236152648926
7,2,21,-0.3358371945835457,-0.8682620152647768,0.6196944117546082
7,2,22,-0.3194548924087386,-0.843688562002566,0.5642266273498535
7,2,23,0.12286726631105331,-0.016382302174807108,0.985154628753662
7,2,24,-0.12286726631105331,0.016382302174807108,0.9846533536911012
7,2,25,0.22935223044729952,0.8764531663521803,0.7235144376754761
7,2,26,-0.08191151087403555,0.9256000728766016,0.7093600034713745
7,2,27,0.2948814391465279,1.7938620881413783,0.7263314127922058
7,2,28,0.1965876260976853,1.7037594261799394,0.6776673793792725
7,2,29,0.3931752521953706,1.9576851098894494,0.7077656388282776
7,2,30,0.2703079858843173,1.8512001457532032,0.6384959816932678
7,2,31,0.032764604349614215,1.965876260976853,0.7528829574584961
7,2,32,-0.10648496413624621,1.9085382033650282,0.6958184838294983
8,1,0,0.053475759379171595,-1.3492345443360216,0.9898682832717896
8,1,1,0.06170279928365953,-1.4150508635719252,0.9885244965553284
8,1,2,0.07815687909263541,-1.4150508635719252,0.9894155859947203
8,1,3,0.09461095890161128,-1.4150508635719252,0.989370346069336
8,1,4,0.02879463966570778,-1.4232779034764131,0.9870436191558838
8,1,5,0.02879463966570778,-1.4232779034764131,0.986755669116974
8,1,6,0.020567599761219843,-1.4232779034764131,0.9866565465927124
8,1,7,0.06170279928365953,-1.3903697438584615,0.9850108027458192
8,1,8,-0.04524871947468365,-1.3985967837629494,0.984726905822754
8,1,9,0.06170279928365953,-1.2751911851956304,0.982637107372284
8,1,10,0.02879463966570778,-1.2834182251001183,0.9829920530319214
8,1,11,0.12751911851956302,-1.0201529481565041,0.9970582127571106
8,1,12,-0.1851083978509786,-0.9790177486340645,0.9978176355361938
8,1,13,0.19333543775546652,-0.5018494341737642,0.5517497658729553
8,1,14,-0.02879463966570778,-0.41135199522439686,0.5696239471435547
8,1,15,0.2509247170868821,-0.8062499106398179,0.5936267971992493
8,1,16,0.24269767718239416,-0.7404335914039144,0.6174918413162231
8,1,17,0.3661032757497132,-0.9049743894936731,0.5893120169639587
8,1,18,0.33319511613176145,-0.8473851101622576,0.6112217903137207
8,1,19,0.30851399641829763,-0.9296555092071369,0.5933824181556702
8,1,20,0.3002869565138097,-0.9132014293981611,0.6076686382293701
8,1,21,0.25915175699137005,-0.9049743894936731,0.595548152923584
8,1,22,0.2756058368003459,-0.8967473495891852,0.6032081842422485
8,1,23,0.14397319832853891,-0.016454079808975876,0.9864702224731444
8,1,24,-0.14397319832853891,0.016454079808975876,0.9860254526138306
8,1,25,0.4236925550811288,0.7322065514994264,0.7199920415878296
8,1,26,0.004113519952243969,0.9049743894936731,0.7346740365028381
8,1,27,0.4730547945080564,1.6783161405155391,0.7333647012710571
8,1,28,-0.16042727813751478,1.719451340037979,0.703980028629303
8,1,29,0.5388711137439599,1.83462989870081,0.7120230793952942
8,1,30,-0.2920599166093218,1.8675380583187617,0.6518614888191223
8,1,31,0.7280930315471824,1.7852676592738823,0.7633346915245056
8,1,32,0.08638391899712335,1.9251273376501774,0.7169733643531799
8,2,0,-0.1314073749843195,-1.3618582498374932,0.9908751845359802
8,2,1,-0.09955104165478751,-1.425570916496557,0.9896645545959472
8,2,2,-0.0756587916576385,-1.425570916496557,0.9904658794403076
8,2,3,-0.0517665416604895,-1.425570916496557,0.990426778793335
8,2,4,-0.1393714583167025,-1.425570916496557,0.9883309602737428
8,2,5,-0.14733554164908552,-1.4335349998289402,0.9880690574645996
8,2,6,-0.14733554164908552,-1.4335349998289402,0.987981617450714
8,2,7,0.0438024583281065,-1.401678666499408,0.9865033626556396
8,2,8,-0.10751512498717052,-1.4096427498317912,0.9862358570098876
8,2,9,-0.09955104165478751,-1.2901814998460461,0.9843612909317015
8,2,10,-0.1393714583167025,-1.2901814998460461,0.9846690893173218
8,2,11,0.1951200416433835,-1.027366749877407,0.9973434209823608
8,2,12,-0.1314073749843195,-0.9716181665507261,0.9979164600372314
8,2,13,0.17919187497861752,-0.501737249940129,0.5959850549697876
8,2,14,-0.1314073749843195,-0.44598866661344805,0.5378572940826416
8,2,15,-0.23494045830529853,-0.7964083332383001,0.6328620314598083
8,2,16,-0.34643762495866054,-0.780480166573534,0.6062461137771606
8,2,17,-0.37032987495580955,-0.87604916656213,0.6270514130592346
8,2,18,-0.44997070827963953,-0.8441928332325981,0.5971026420593262
8,2,19,-0.34643762495866054,-0.9158695832240451,0.6304692029953003
8,2,20,-0.4260784582824905,-0.9079054998916621,0.5919347405433655
8,2,21,-0.3145812916291285,-0.8999414165592791,0.6311473250389099
8,2,22,-0.38625804162057553,-0.8919773332268961,0.5867180824279785
8,2,23,0.1314073749843195,-0.015928166664766003,0.987690567970276
8,2,24,-0.1314073749843195,0.015928166664766003,0.9871833324432372
8,2,25,0.23494045830529853,0.8601209998973641,0.7451043725013733
8,2,26,-0.0915869583224045,0.8999414165592791,0.7352696657180786
8,2,27,0.2906890416319795,1.7202419997947282,0.7554159164428711
8,2,28,0.17919187497861752,1.6167089164737491,0.710538923740387
8,2,29,0.3782939582881925,1.8715595831100051,0.7242432236671448
8,2,30,0.25883270830244753,1.7600624164566432,0.6522848606109619
8,2,31,0.027874291663340503,1.887487749774771,0.7811793088912964
8,2,32,-0.09955104165478751,1.8237750831157071,0.7269756197929382
9,1,0,0.05690304722235056,-1.3575441265903632,0.9916716814041138
9,1,1,0.06503205396840063,-1.422576180558764,0.990567684173584
9,1,2,0.0812900674605008,-1.422576180558764,0.9912981986999512
9,1,3,0.08941907420655087,-1.430705187304814,0.9912532567977904
9,1,4,0.024387020238150238,-1.430705187304814,0.9893316626548768
9,1,5,0.008129006746050079,-1.430705187304814,0.9891017079353333
9,1,6,-0.008129006746050079,-1.430705187304814,0.9890096783638
9,1,7,0.07316106071445072,-1.3981891603206136,0.9876392483711244
9,1,8,-0.06503205396840063,-1.3981891603206136,0.9875190258026124
9,1,9,0.0812900674605008,-1.2843830658759126,0.9856218099594116
9,1,10,0.032516026984200315,-1.2925120726219625,0.9859858751296996
9,1,11,0.14632212142890144,-1.02425485000231,0.9974365830421448
9,1,12,-0.17883814841310175,-0.9754808095260096,0.9981085062026978
9,1,13,0.22761218888940224,-0.520256431747205,0.5540634393692017
9,1,14,-0.0406450337302504,-0.43896636428670427,0.583686351776123
9,1,15,0.27638622936570273,-0.8129006746050079,0.6077854037284851
9,1,16,0.21948318214335213,-0.7885136543668577,0.6444560885429382
9,1,17,0.38206331706435376,-0.910448755557609,0.6037700176239014
9,1,18,0.3251602698420032,-0.8860617353194586,0.6346573233604431
9,1,19,0.33328927658805324,-0.9429647825418093,0.6076738834381104
9,1,20,0.30077324960385293,-0.9429647825418093,0.6298332810401917
9,1,21,0.30077324960385293,-0.918577762303659,0.609860897064209
9,1,22,0.2682572226196526,-0.9267067690497091,0.6240040063858032
9,1,23,0.13819311468285136,-0.008129006746050079,0.9887645840644836
9,1,24,-0.13819311468285136,0.008129006746050079,0.9883058071136476
9,1,25,0.3983213305564539,0.6990945801603068,0.7376697063446045
9,1,26,0.016258013492100157,0.8698037218273585,0.758344829082489
9,1,27,0.4877404047630048,1.6176723424639659,0.7603628039360046
9,1,28,-0.15445112817495152,1.6745753896863165,0.7337478399276733
9,1,29,0.5039984182551049,1.7883814841310175,0.728334903717041
9,1,30,-0.2926442428578029,1.820897511115218,0.6659262180328369
9,1,31,0.6990945801603068,1.739607443654717,0.7894147038459778
9,1,32,0.08941907420655087,1.8778005583375683,0.7453506588935852
9,2,0,-0.15195624290215917,-1.359608489124582,0.992495596408844
9,2,1,-0.11196775792790677,-1.4315877620782365,0.991500735282898
9,2,2,-0.0959723639382058,-1.4315877620782365,0.9921578764915466
9,2,3,-0.06398157595880387,-1.4315877620782365,0.9921191930770874
9,2,4,-0.15995393989700968,-1.4315877620782365,0.9903867840766908
9,2,5,-0.16795163689186016,-1.4315877620782365,0.9901769757270812
9,2,6,-0.17594933388671063,-1.4315877620782365,0.9900957942008972
9,2,7,0.031990787979401934,-1.407594671093685,0.988865852355957
9,2,8,-0.11996545492275726,-1.407594671093685,0.9887422919273376
9,2,9,-0.11196775792790677,-1.2956269131657783,0.9870410561561584
9,2,10,-0.15195624290215917,-1.2956269131657783,0.9873517155647278
9,2,11,0.1839470308815611,-1.0317029123357124,0.9976800680160522
9,2,12,-0.13596084891245822,-0.9677213363769085,0.9980932474136353
9,2,13,0.16795163689186016,-0.5038549106755804,0.5980230569839478
9,2,14,-0.1439585459073087,-0.44787103171162707,0.5473185777664185
9,2,15,-0.2559263038352155,-0.8077673964798988,0.6453170776367188
9,2,16,-0.35189866777342127,-0.7917720024901979,0.6230912804603577
9,2,17,-0.3838894557528232,-0.9197351544078056,0.6396599411964417
9,2,18,-0.45586872870647754,-0.8717489724387028,0.6124456524848938
9,2,19,-0.35989636476827175,-0.927732851402656,0.6429876089096069
9,2,20,-0.4318756377219261,-0.9357305483975066,0.6062723994255066
9,2,21,-0.32790557678886983,-0.9117374574129551,0.6436720490455627
9,2,22,-0.39188715274767366,-0.9197351544078056,0.6000727415084839
9,2,23,0.11196775792790677,-0.007997696994850484,0.989697277545929
9,2,24,-0.11196775792790677,0.007997696994850484,0.9890588521957396
9,2,25,0.1919447278764116,0.8477558814541513,0.7593190670013428
9,2,26,-0.03998848497425242,0.8717489724387028,0.7418870329856873
9,2,27,0.2799193948197669,1.7275025508877044,0.7775766849517822
9,2,28,0.1839470308815611,1.6235324899546482,0.7225223183631897
9,2,29,0.35189866777342127,1.887456490784714,0.7400522232055664
9,2,30,0.2559263038352155,1.7674910358619569,0.6583085060119629
9,2,31,-0.007997696994850484,1.8794587937898637,0.8022937178611755
9,2,32,-0.11196775792790677,1.8314726118207607,0.7420721650123596
10,1,0,0.06170958689704387,-1.3534969392751621,0.9931401610374452
10,1,1,0.06993753181664972,-1.4275484435516148,0.9922496676445008
10,1,2,0.07816547673625555,-1.4275484435516148,0.9928491711616516
10,1,3,0.0863934216558614,-1.4275484435516148,0.992814600467682
10,1,4,0.02879780721862047,-1.4275484435516148,0.9912083745002748
10,1,5,0.012341917379408773,-1.4275484435516148,0.991021990776062
10,1,6,-0.0041139724598029245,-1.4275484435516148,0.990941286087036
10,1,7,0.06170958689704387,-1.3946366638731913,0.9898383021354676
10,1,8,-0.045253697057832165,-1.3946366638731913,0.9897861480712892
10,1,9,0.0863934216558614,-1.2876733799183153,0.9880714416503906
10,1,10,0.045253697057832165,-1.2876733799183153,0.9883904457092284
10,1,11,0.1028493114950731,-1.0161511975713222,0.9977465867996216
10,1,12,-0.1522169810127082,-0.9832394178928989,0.99826580286026
10,1,13,0.1686728708519199,-0.4731068328773363,0.5547782182693481
10,1,14,0.03702575213822632,-0.4401950531989129,0.5920799970626831
10,1,15,0.2509523200479784,-0.8022246296615703,0.6181827783584595
10,1,16,0.2509523200479784,-0.8186805195007819,0.659149706363678
10,1,17,0.3908273836812778,-0.925643803455658,0.6154661774635315
10,1,18,0.34145971416364274,-0.9091879136164462,0.6474944353103638
10,1,19,0.34968765908324856,-0.9420996932948696,0.6193058490753174
10,1,20,0.31677587940482516,-0.9667835280536872,0.6417211890220642
10,1,21,0.30031998956561345,-0.9009599686968404,0.6220216751098633
10,1,22,0.28386409972640175,-0.9420996932948696,0.6348438262939453
10,1,23,0.11930520133428481,-0.0041139724598029245,0.9906123280525208
10,1,24,-0.11930520133428481,0.0041139724598029245,0.9900298714637756
10,1,25,0.3743714938420661,0.7528569601439351,0.7529539465904236
10,1,26,0.06170958689704387,0.8598202440988112,0.7650283575057983
10,1,27,0.46487888795773047,1.6414750114613668,0.7808501124382019
10,1,28,-0.14398903609310235,1.7155265157378194,0.745516300201416
10,1,29,0.46487888795773047,1.8307177446123013,0.7422017455101013
10,1,30,-0.30031998956561345,1.8636295242907246,0.6727079153060913
10,1,31,0.7364010703047235,1.7648941852554545,0.8087698221206665
10,1,32,0.09462136657546726,1.9212251387279655,0.7599465250968933
10,2,0,-0.13598259534162313,-1.3638254415145143,0.9938161373138428
10,2,1,-0.10398669055535886,-1.4278172510870428,0.9930120706558228
10,2,2,-0.07998976196566067,-1.4278172510870428,0.99355149269104
10,2,3,-0.05599283337596247,-1.4278172510870428,0.9935226440429688
10,2,4,-0.15198054773475528,-1.4278172510870428,0.9920737743377686
10,2,5,-0.15997952393132134,-1.4278172510870428,0.9919024109840392
10,2,6,-0.17597747632445346,-1.4278172510870428,0.991831600666046
10,2,7,0.03199590478626427,-1.4038203224973447,0.9908434748649596
10,2,8,-0.12798361914505707,-1.4038203224973447,0.990772783756256
10,2,9,-0.0959877143587928,-1.29183465574542,0.9892435669898988
10,2,10,-0.1439815715381892,-1.2998336319419859,0.9895089268684388
10,2,11,0.1679785001278874,-1.0278684412587396,0.9979590773582458
10,2,12,-0.13598259534162313,-0.9718756078827772,0.99820077419281
10,2,13,0.17597747632445346,-0.48393805989224703,0.5986349582672119
10,2,14,-0.19997440491415167,-0.4599411313025488,0.5544956922531128
10,2,15,-0.239969285896982,-0.8038971077548898,0.654653012752533
10,2,16,-0.359953928845473,-0.8438919887377201,0.6357808709144592
10,2,17,-0.359953928845473,-0.8838868697205504,0.6500000357627869
10,2,18,-0.43994369081113366,-0.8998848221136825,0.6231287121772766
10,2,19,-0.3439559764523409,-0.9398797030965128,0.6532041430473328
10,2,20,-0.41594676222143545,-0.9478786792930789,0.615852952003479
10,2,21,-0.3119600716660766,-0.9158827745068147,0.6542177796363831
10,2,22,-0.3839508574351712,-0.9318807268999468,0.6084274649620056
10,2,23,0.11198566675192494,-0.0119984642948491,0.9913588762283324
10,2,24,-0.11198566675192494,0.0119984642948491,0.9906068444252014
10,2,25,0.1919754287175856,0.8598899411308522,0.773277223110199
10,2,26,-0.0479938571793964,0.8518909649342861,0.7532419562339783
10,2,27,0.26396621448668023,1.7397773227531195,0.7962688207626343
10,2,28,0.15997952393132134,1.6277916560011947,0.7381707429885864
10,2,29,0.3359570002557748,1.8997568466844408,0.7492337822914124
10,2,30,0.239969285896982,1.7717732275393838,0.6633869409561157
10,2,31,-0.015997952393132134,1.8917578704878748,0.8198692202568054
10,2,32,-0.10398669055535886,1.8277660609153463,0.7580170035362244
11,1,0,0.05827215944258852,-1.3444219642825779,0.9942995309829712
11,1,1,0.04994756523650444,-1.4110187179312506,0.993582248687744
11,1,2,0.05827215944258852,-1.4110187179312506,0.9940785765647888
11,1,3,0.0665967536486726,-1.4110187179312506,0.9940510988235474
11,1,4,0.01664918841216815,-1.4193433121373347,0.9926896691322328
11,1,5,-0.008324594206084075,-1.4193433121373347,0.9925363063812256
11,1,6,-0.02497378261825222,-1.4193433121373347,0.9924643039703368
11,1,7,0.04162297103042037,-1.3860449353129982,0.991586446762085
11,1,8,-0.08324594206084074,-1.3860449353129982,0.9915927052497864
11,1,9,0.0665967536486726,-1.2778252106339054,0.9900270104408264
11,1,10,0.02497378261825222,-1.2778252106339054,0.9902997016906738
11,1,11,0.07492134785475667,-0.9947890076270468,0.9979937672615052
11,1,12,-0.16649188412168148,-1.0031136018331308,0.9983592629432678
11,1,13,0.1581672899155974,-0.45369038423158203,0.5629403591156006
11,1,14,-0.04162297103042037,-0.4453657900254979,0.5981870889663696
11,1,15,0.2663870145946904,-0.8366217177114494,0.6352929472923279
11,1,16,0.19979026094601776,-0.8366217177114494,0.669937014579773
11,1,17,0.3746067392737833,-0.9531660365966265,0.6291115283966064
11,1,18,0.29968539141902667,-0.9198676597722901,0.6556352376937866
11,1,19,0.33298376824336295,-0.9781398192148787,0.632256269454956
11,1,20,0.2663870145946904,-0.9698152250087946,0.648688554763794
11,1,21,0.2830362030068585,-0.9448414423905424,0.6352140307426453
11,1,22,0.23308863777035407,-0.9531660365966265,0.6403095722198486
11,1,23,0.11654431888517704,0.004162297103042037,0.9920650124549866
11,1,24,-0.11654431888517704,-0.004162297103042037,0.991397738456726
11,1,25,0.3246591740372789,0.786674152474945,0.756389856338501
11,1,26,0.0,0.8532709061236176,0.7724255323410034
11,1,27,0.3995805218920355,1.6524319499076887,0.7883154153823853
11,1,28,-0.11654431888517704,1.7440024861746135,0.7564280033111572
11,1,29,0.3995805218920355,1.8272484282354542,0.742419421672821
11,1,30,-0.2580624203886063,1.9104943702962949,0.6726308465003967
11,1,31,0.6243445654563056,1.7856254572050339,0.8181646466255188
11,1,32,0.10821972467909297,1.9521173413267152,0.7703420519828796
11,2,0,-0.1305850538401236,-1.3711430653212977,0.99486243724823
11,2,1,-0.10610035624510042,-1.4364355922413594,0.994215726852417
11,2,2,-0.08977722451508496,-1.4364355922413594,0.9946616888046264
11,2,3,-0.057130961055054066,-1.4445971581063672,0.9946388602256776
11,2,4,-0.15506975143514676,-1.4445971581063672,0.9934116005897522
11,2,5,-0.1713928831651622,-1.4445971581063672,0.9932705760002136
11,2,6,-0.17955444903016993,-1.4445971581063672,0.9932079911231996
11,2,7,0.04080782932503862,-1.4119508946463364,0.992420494556427
11,2,8,-0.12242348797511586,-1.420112460511344,0.992410123348236
11,2,9,-0.10610035624510042,-1.2976889725362282,0.9910086989402772
11,2,10,-0.14690818557013904,-1.2976889725362282,0.991240620613098
11,2,11,0.17955444903016993,-1.0201957331259655,0.9981837868690492
11,2,12,-0.1387466197051313,-0.9793879038009269,0.9983585476875304
11,2,13,0.1713928831651622,-0.4652092543054403,0.6059788465499878
11,2,14,-0.22852384422021627,-0.4488861225754248,0.5676604509353638
11,2,15,-0.24484697595023172,-0.7916718889057492,0.6701627969741821
11,2,16,-0.3999167273853785,-0.799833454770757,0.6544793844223022
11,2,17,-0.36727046392534757,-0.8651259816908188,0.6624829173088074
11,2,18,-0.4652092543054403,-0.8488028499608034,0.6369487643241882
11,2,19,-0.3427857663303244,-0.9304185086108806,0.6650258898735046
11,2,20,-0.4488861225754248,-0.8977722451508496,0.628697395324707
11,2,21,-0.31830106873530123,-0.9140953768808651,0.6662387251853943
11,2,22,-0.4162398591153939,-0.8896106792858419,0.620077908039093
11,2,23,0.11426192211010813,-0.008161565865007724,0.9926955699920654
11,2,24,-0.11426192211010813,0.008161565865007724,0.991943895816803
11,2,25,0.1713928831651622,0.8732875475558265,0.7759537100791931
11,2,26,-0.04080782932503862,0.8732875475558265,0.7584928870201111
11,2,27,0.22036227835520855,1.7710597927066762,0.8026893734931946
11,2,28,0.17955444903016993,1.656797870596568,0.748638927936554
11,2,29,0.3019779370052858,1.926129544141823,0.7476246356964111
11,2,30,0.2693316735452549,1.8200291878967225,0.6638485789299011
11,2,31,-0.04080782932503862,1.9424526758718383,0.8280848264694214
11,2,32,-0.08977722451508496,1.8689985830867688,0.7681952714920044
12,1,0,0.06216365055567361,-1.3385906086321717,0.9952492117881776
12,1,1,0.06216365055567361,-1.4131869892989801,0.9946726560592652
12,1,2,0.0704521372964301,-1.4131869892989801,0.995075523853302
12,1,3,0.08702911077794306,-1.4131869892989801,0.995050311088562
12,1,4,0.029009703592647686,-1.4131869892989801,0.9939205050468444
12,1,5,0.012432730111134722,-1.4131869892989801,0.993788719177246
12,1,6,-0.004144243370378241,-1.4131869892989801,0.9937319159507751
12,1,7,0.04558667707416065,-1.3883215290767108,0.9929936528205872
12,1,8,-0.0704521372964301,-1.3883215290767108,0.993089199066162
12,1,9,0.07874062403718658,-1.27228271470612,0.9916929602622986
12,1,10,0.03729819033340417,-1.27228271470612,0.9919604063034058
12,1,11,0.0704521372964301,-0.9904741655203996,0.9982097744941713
12,1,12,-0.16991397818550788,-1.0070511390019126,0.998507022857666
12,1,13,0.1947794384077773,-0.5097419345565236,0.5685986876487732
12,1,14,-0.07874062403718658,-0.45172252737122826,0.6102281212806702
12,1,15,0.26937581907458563,-0.8744353511498089,0.6546175479888916
12,1,16,0.1947794384077773,-0.8164159439645134,0.6875954866409302
12,1,17,0.3854146334451764,-0.9904741655203996,0.6465228796005249
12,1,18,0.2859527925560986,-0.9407432450758607,0.6699962615966797
12,1,19,0.343972199741394,-1.0236281124834254,0.6491144895553589
12,1,20,0.2527988455930727,-0.9904741655203996,0.6622984409332275
12,1,21,0.2942412792968551,-0.9821856787796431,0.6516133546829224
12,1,22,0.22793338537080324,-0.9656087052981301,0.6532136797904968
12,1,23,0.12847154448172546,-0.004144243370378241,0.9931994676589966
12,1,24,-0.12847154448172546,0.004144243370378241,0.9925828576087952
12,1,25,0.2859527925560986,0.791550483742244,0.7458693385124207
12,1,26,-0.029009703592647686,0.8661468644090523,0.7727344632148743
12,1,27,0.3356837130006375,1.6286876445586487,0.7765476107597351
12,1,28,-0.10360608425945603,1.7447264589292395,0.7586756944656372
12,1,29,0.31081825277836805,1.7778804058922653,0.7283936142921448
12,1,30,-0.22793338537080324,1.893919220262856,0.6628930568695068
12,1,31,0.4765879875934977,1.8027458661145348,0.8129308819770813
12,1,32,0.11189457100021251,1.943650140707395,0.7731018662452698
12,2,0,-0.11470690437466817,-1.3723861773397799,0.9957144260406494
12,2,1,-0.09012685343723928,-1.4461263301520666,0.9951951503753662
12,2,2,-0.07374015281228669,-1.4461263301520666,0.9955565929412842
12,2,3,-0.057353452187334085,-1.4543196804645429,0.9955365657806396
12,2,4,-0.13109360499962078,-1.4461263301520666,0.9945167303085328
12,2,5,-0.13928695531209706,-1.4543196804645429,0.9943941235542296
12,2,6,-0.15567365593704965,-1.4543196804645429,0.9943462610244752
12,2,7,0.032773401249905194,-1.4215462792146376,0.99368417263031
12,2,8,-0.10651355406219187,-1.4215462792146376,0.99374920129776
12,2,9,-0.08193350312476298,-1.2986460245274931,0.9925010800361632
12,2,10,-0.12290025468714447,-1.2986460245274931,0.9927224516868592
12,2,11,0.17206035656200225,-1.020072113903299,0.9983717799186708
12,2,12,-0.11470690437466817,-0.9791053623409176,0.9983603954315186
12,2,13,0.18025370687447856,-0.48750434359233974,0.6110011339187622
12,2,14,-0.23760715906181265,-0.45473094234243455,0.578580379486084
12,2,15,-0.25399385968676524,-0.7742716045290101,0.6872383952140808
12,2,16,-0.4014741653113386,-0.7742716045290101,0.6659238934516907
12,2,17,-0.3605074137489571,-0.8480117573412969,0.6775509715080261
12,2,18,-0.45063426718619637,-0.8316250567163442,0.6458166241645813
12,2,19,-0.33592736281152824,-0.9135585598411072,0.6795774698257446
12,2,20,-0.4342475665612438,-0.880785158591202,0.6373489499092102
12,2,21,-0.3113473118740993,-0.8971718592161546,0.6802254319190979
12,2,22,-0.4014741653113386,-0.8725918082787257,0.6286221742630005
12,2,23,0.09832020374971558,-0.004096675156238149,0.99359130859375
12,2,24,-0.09832020374971558,0.004096675156238149,0.9927350878715516
12,2,25,0.13109360499962078,0.8725918082787257,0.7620683312416077
12,2,26,0.0,0.8725918082787257,0.7358721494674683
12,2,27,0.18025370687447856,1.7738603426511186,0.7869486808776855
12,2,28,0.18844705718695484,1.6919268395263556,0.7291637659072876
12,2,29,0.2785739106241941,1.9459206992131208,0.7332807183265686
12,2,30,0.2703805603117178,1.847600495463405,0.6430305242538452
12,2,31,-0.09012685343723928,1.9459206992131208,0.8182191848754883
12,2,32,-0.08193350312476298,1.872180546400834,0.7537618279457092
13,1,0,0.03643605253469717,-1.3116978912490982,0.99603933095932
13,1,1,0.03643605253469717,-1.3845699963184925,0.995582640171051
13,1,2,0.03643605253469717,-1.3845699963184925,0.9958983063697816
13,1,3,0.044532953097963214,-1.3845699963184925,0.9958723187446594
13,1,4,-0.004048450281633019,-1.3764730957552265,0.9949545860290528
13,1,5,-0.020242251408165095,-1.3764730957552265,0.9948388934135436
13,1,6,-0.044532953097963214,-1.3764730957552265,0.9948074221611024
13,1,7,0.028339151971431133,-1.3602792946286943,0.9941189289093018
13,1,8,-0.10930815760409152,-1.3359885929388964,0.9943240880966188
13,1,9,0.06882365478776133,-1.24692268674297,0.9930723309516908
13,1,10,0.028339151971431133,-1.2388257861797038,0.9933451414108276
13,1,11,0.15788956098368775,-1.0121125704082548,0.998378574848175
13,1,12,-0.17408336211021982,-0.9878218687184567,0.9985100626945496
13,1,13,0.24695546717961417,-0.5991706416816869,0.5726116895675659
13,1,14,-0.10930815760409152,-0.45342643154289813,0.620367705821991
13,1,15,0.2550523677428802,-0.9149497636490623,0.6799291372299194
13,1,16,0.1902771632367519,-0.8258838574531359,0.6986074447631836
13,1,17,0.3360213733755406,-1.0121125704082548,0.6704536080360413
13,1,18,0.2955368705592104,-0.9392404653388604,0.6792922019958496
13,1,19,0.2955368705592104,-1.044500172661319,0.6721237301826477
13,1,20,0.26314926830614627,-0.9878218687184567,0.6714577674865723
13,1,21,0.26314926830614627,-1.0283063715347869,0.6717274188995361
13,1,22,0.2307616660530821,-0.9554342664653925,0.6625824570655823
13,1,23,0.13359885929388962,0.0,0.994031012058258
13,1,24,-0.13359885929388962,0.0,0.993320643901825
13,1,25,0.2550523677428802,0.7611086529470076,0.7584636211395264
13,1,26,-0.07692055535102736,0.842077658579668,0.7597066164016724
13,1,27,0.2307616660530821,1.6031863115266756,0.7915226817131042
13,1,28,-0.17408336211021982,1.724639819975666,0.752458393573761
13,1,29,0.20647096436328397,1.7408336211021982,0.7386336326599121
13,1,30,-0.2712461688694123,1.8784809306777208,0.6618263125419617
13,1,31,0.4412810806979991,1.7651243227919964,0.8243643641471863
13,1,32,0.044532953097963214,1.902771632367519,0.7730459570884705
13,2,0,-0.148551256679907,-1.35302090543591,0.996428608894348
13,2,1,-0.12446186370478696,-1.42528908436127,0.9960180521011353
13,2,2,-0.11643206604641361,-1.42528908436127,0.9963007569313048
13,2,3,-0.09234267307129355,-1.4333188820196434,0.9962793588638306
13,2,4,-0.16461085199665373,-1.42528908436127,0.9954513907432556
13,2,5,-0.17264064965502707,-1.42528908436127,0.9953441619873048
13,2,6,-0.1887002449717738,-1.42528908436127,0.9953185319900512
13,2,7,-0.004014898829186676,-1.4092294890445234,0.9947007298469543
13,2,8,-0.11643206604641361,-1.3931698937277766,0.9948723912239076
13,2,9,-0.1003724707296669,-1.2807527265105496,0.9937508702278136
13,2,10,-0.14052145902153365,-1.2727229288521764,0.993983507156372
13,2,11,0.18067044731340043,-1.015769403784229,0.998525321483612
13,2,12,-0.13249166136316032,-0.9836502131507356,0.9984664916992188
13,2,13,0.17264064965502707,-0.4938325559899612,0.6144316792488098
13,2,14,-0.2609684238971339,-0.4536835676980944,0.5883376002311707
13,2,15,-0.2689982215555073,-0.7668456763746552,0.7098595499992371
13,2,16,-0.39747498408948095,-0.7507860810579084,0.678812563419342
13,2,17,-0.3653557934559875,-0.8391138553000153,0.6988018751144409
13,2,18,-0.46171336535646773,-0.8069946646665219,0.6568590998649597
13,2,19,-0.34929619813924084,-0.9033522365670021,0.6999546885490417
13,2,20,-0.4376239723813477,-0.855173450616762,0.6486564874649048
13,2,21,-0.3171770075057474,-0.8872926412502554,0.6978163123130798
13,2,22,-0.4135345794062276,-0.8471436529583887,0.6400631666183472
13,2,23,0.1003724707296669,-0.004014898829186676,0.9943245649337769
13,2,24,-0.1003724707296669,0.004014898829186676,0.9935103058815002
13,2,25,0.11643206604641361,0.8391138553000153,0.7730702757835388
13,2,26,-0.004014898829186676,0.8471436529583887,0.7256114482879639
13,2,27,0.15658105433828037,1.7304213953794574,0.8005820512771606
13,2,28,0.16461085199665373,1.674212811770844,0.7277411222457886
13,2,29,0.2609684238971339,1.8990471462052978,0.7447748184204102
13,2,30,0.24490882858038723,1.8187491696215643,0.6459968686103821
13,2,31,-0.09234267307129355,1.8910173485469244,0.8295781016349792
13,2,32,-0.12446186370478696,1.8428385625966843,0.758542537689209
14,1,0,0.037158371591056824,-1.3211865454597982,0.9967464804649352
14,1,1,0.02890095568193309,-1.3955032886419119,0.996383547782898
14,1,2,0.037158371591056824,-1.3955032886419119,0.9966356158256532
14,1,3,0.037158371591056824,-1.3955032886419119,0.9966155290603638
14,1,4,0.004128707954561869,-1.387245872732788,0.9958664774894714
14,1,5,-0.01238612386368561,-1.387245872732788,0.9957678318023682
14,1,6,-0.02890095568193309,-1.387245872732788,0.9957488179206848
14,1,7,0.004128707954561869,-1.3707310409145408,0.9951653480529784
14,1,8,-0.07018803522755178,-1.3542162090962933,0.9953681826591492
14,1,9,0.07018803522755178,-1.2551272181868083,0.9943184852600098
14,1,10,0.02890095568193309,-1.2551272181868083,0.9945497512817384
14,1,11,0.08670286704579926,-0.9991473250039724,0.99860018491745
14,1,12,-0.16927702613703666,-0.9991473250039724,0.9986127018928528
14,1,13,0.21056410568265535,-0.5862765295477855,0.577199399471283
14,1,14,-0.11147511477317049,-0.44590045909268194,0.6291362047195435
14,1,15,0.2435937693191503,-0.9661176613674775,0.7103050351142883
14,1,16,0.19404927386440787,-0.8174841750032502,0.7103151679039001
14,1,17,0.3261679284103877,-1.0321769886404675,0.6998094916343689
14,1,18,0.29313826477389276,-0.9248305818218588,0.6895738840103149
14,1,19,0.3013956806830165,-1.0652066522769623,0.7006499171257019
14,1,20,0.2683660170465215,-0.9743750772766012,0.6819955110549927
14,1,21,0.2601086011373978,-1.0486918204587148,0.697435736656189
14,1,22,0.22707893750090283,-0.9578602454583538,0.6733260154724121
14,1,23,0.11973253068229422,0.0,0.9947423934936525
14,1,24,-0.11973253068229422,0.0,0.9940645098686218
14,1,25,0.23533635341002657,0.7844545113667553,0.7675309181213379
14,1,26,-0.06193061931842805,0.8835435022762401,0.7502873539924622
14,1,27,0.22707893750090283,1.6597405977338715,0.8005818724632263
14,1,28,-0.18579185795528413,1.7918592522798513,0.7507357001304626
14,1,29,0.2023066897735316,1.7918592522798513,0.7437678575515747
14,1,30,-0.284880848864769,1.9404927386440787,0.662708044052124
14,1,31,0.46654399886549125,1.8083740840980989,0.8336259722709656
14,1,32,0.037158371591056824,1.96526498637145,0.777179479598999
14,2,0,-0.13052420744283227,-1.3623464151845617,0.9970617294311525
14,2,1,-0.11420868151247823,-1.435766281871155,0.9967352747917176
14,2,2,-0.09789315558212419,-1.443924044836332,0.9969602823257446
14,2,3,-0.08157762965177016,-1.443924044836332,0.9969450831413268
14,2,4,-0.1468397333731863,-1.435766281871155,0.996268630027771
14,2,5,-0.15499749633836332,-1.435766281871155,0.9961757659912108
14,2,6,-0.16315525930354033,-1.435766281871155,0.9961624145507812
14,2,7,0.016315525930354034,-1.419450755940801,0.995639443397522
14,2,8,-0.09789315558212419,-1.4031352300104467,0.995804727077484
14,2,9,-0.08973539261694718,-1.2970843114631456,0.994866132736206
14,2,10,-0.13052420744283227,-1.2889265484979686,0.995056927204132
14,2,11,0.18762854819907138,-1.01156260768195,0.9987199902534484
14,2,12,-0.11420868151247823,-0.9870893187864189,0.9985422492027284
14,2,13,0.18762854819907138,-0.48946577791062096,0.6185382604598999
14,2,14,-0.24473288895531048,-0.4486769630847359,0.5946578979492188
14,2,15,-0.26104841488566455,-0.7586719557614625,0.7367376089096069
14,2,16,-0.38341485936331976,-0.7423564298311085,0.6873396039009094
14,2,17,-0.35894157046778874,-0.8239340594828787,0.7242547869682312
14,2,18,-0.4486769630847359,-0.7994607705873475,0.6646471619606018
14,2,19,-0.34262604453743467,-0.8891961632042947,0.7246043682098389
14,2,20,-0.42420367418920485,-0.8484073483784097,0.6565032005310059
14,2,21,-0.30999499267672664,-0.8728806372739407,0.7197491526603699
14,2,22,-0.39157262232849677,-0.8402495854132327,0.6478966474533081
14,2,23,0.10605091854730121,0.0,0.9949538111686708
14,2,24,-0.10605091854730121,0.0,0.9941399693489076
14,2,25,0.13868197040800928,0.8810384002391177,0.7813693284988403
14,2,26,-0.04078881482588508,0.8810384002391177,0.7173704504966736
14,2,27,0.19578631116424838,1.7702345634434125,0.8080088496208191
14,2,28,0.17947078523389437,1.7049724597219964,0.7243916392326355
14,2,29,0.2936794667463726,1.9333898227469528,0.7458215355873108
14,2,30,0.26104841488566455,1.8518121930951827,0.6438549757003784
14,2,31,-0.07341986668659314,1.9333898227469528,0.8365669250488281
14,2,32,-0.12236644447765524,1.8762854819907138,0.7598961591720581
15,1,0,0.02834008097165992,-1.3238866396761133,0.9970163702964784
15,1,1,0.020242914979757085,-1.3967611336032388,0.996752142906189
15,1,2,0.02834008097165992,-1.3967611336032388,0.996951162815094
15,1,3,0.03643724696356275,-1.4048582995951417,0.9969422221183776
15,1,4,-0.004048582995951417,-1.3967611336032388,0.9962664842605592
15,1,5,-0.020242914979757085,-1.3967611336032388,0.9961714744567872
15,1,6,-0.044534412955465584,-1.3967611336032388,0.9961934089660645
15,1,7,0.012145748987854251,-1.3805668016194332,0.9956296682357788
15,1,8,-0.0931174089068826,-1.3562753036437247,0.9960325956344604
15,1,9,0.06882591093117409,-1.2591093117408907,0.9949605464935304
15,1,10,0.02834008097165992,-1.2591093117408907,0.9952303767204284
15,1,11,0.15789473684210525,-1.008097165991903,0.9986361861228944
15,1,12,-0.15789473684210525,-0.9919028340080972,0.9986554980278016
15,1,13,0.2793522267206478,-0.6032388663967612,0.5870969295501709
15,1,14,-0.08502024291497975,-0.46558704453441296,0.634772777557373
15,1,15,0.30364372469635625,-0.8947368421052632,0.7296873331069946
15,1,16,0.2388663967611336,-0.8299595141700404,0.7177333235740662
15,1,17,0.39271255060728744,-0.9676113360323887,0.715412437915802
15,1,18,0.32793522267206476,-0.9352226720647774,0.6959154009819031
15,1,19,0.3441295546558704,-1.008097165991903,0.715521514415741
15,1,20,0.2793522267206478,-0.9838056680161943,0.6883044838905334
15,1,21,0.30364372469635625,-0.9838056680161943,0.7099459767341614
15,1,22,0.24696356275303644,-0.9595141700404858,0.6793548464775085
15,1,23,0.13360323886639677,0.004048582995951417,0.9951440691947936
15,1,24,-0.13360323886639677,-0.004048582995951417,0.9944904446601868
15,1,25,0.2145748987854251,0.7894736842105263,0.7648809552192688
15,1,26,-0.0931174089068826,0.8461538461538461,0.7411496639251709
15,1,27,0.08502024291497975,1.6072874493927125,0.797203779220581
15,1,28,-0.1902834008097166,1.728744939271255,0.7445942759513855
15,1,29,0.004048582995951417,1.7206477732793521,0.7406237125396729
15,1,30,-0.27125506072874495,1.8663967611336032,0.6553137302398682
15,1,31,0.20647773279352227,1.8016194331983806,0.8325284719467163
15,1,32,0.03643724696356275,1.8987854251012146,0.7744941115379333
15,2,0,-0.15400470425236096,-1.346553952565515,0.9973060488700868
15,2,1,-0.10661864140548066,-1.4176330468358356,0.9970675706863404
15,2,2,-0.09082328712318724,-1.4176330468358356,0.9972459673881532
15,2,3,-0.05923257855860037,-1.4176330468358356,0.9972398281097412
15,2,4,-0.15400470425236096,-1.4097353696946888,0.9966297745704652
15,2,5,-0.16190238139350768,-1.4097353696946888,0.996541440486908
15,2,6,-0.1698000585346544,-1.4176330468358356,0.9965636134147644
15,2,7,0.03553954713516022,-1.401837692553542,0.9960590600967408
15,2,8,-0.10661864140548066,-1.3860423382712486,0.9964072704315186
15,2,9,-0.09872096426433395,-1.2833725354363414,0.9954459071159364
15,2,10,-0.14610702711121423,-1.2833725354363414,0.9956724047660828
15,2,11,0.20139076709924125,-1.0227491897784997,0.9987570643424988
15,2,12,-0.11451631854662739,-0.9753631269316194,0.9986036419868468
15,2,13,0.1776977356758011,-0.5172978527451099,0.6274958848953247
15,2,14,-0.2724698613695617,-0.4778094670393763,0.5977717638015747
15,2,15,-0.25667450708726824,-0.7779211984029515,0.7543558478355408
15,2,16,-0.4146280499102026,-0.7779211984029515,0.6937189102172852
15,2,17,-0.37513966420446904,-0.8253072612498318,0.7387402653694153
15,2,18,-0.4699117898982296,-0.8253072612498318,0.6710889935493469
15,2,19,-0.3593443099221756,-0.8805910012378588,0.7385189533233643
15,2,20,-0.4541164356159362,-0.8805910012378588,0.6625632047653198
15,2,21,-0.32775360135758874,-0.8726933240967121,0.7316868901252747
15,2,22,-0.42252572705134933,-0.8647956469555654,0.653383195400238
15,2,23,0.11451631854662739,-0.003948838570573358,0.9954044222831726
15,2,24,-0.11451631854662739,0.003948838570573358,0.9946692585945128
15,2,25,0.14610702711121423,0.8411026155321253,0.7828097343444824
15,2,26,-0.05923257855860037,0.8490002926732719,0.7252919673919678
15,2,27,0.1776977356758011,1.6624610382113838,0.8090572953224182
15,2,28,0.1776977356758011,1.62297265250565,0.7317898273468018
15,2,29,0.28826521565185514,1.8283122581754647,0.7455238103866577
15,2,30,0.2724698613695617,1.765130841046291,0.6445854902267456
15,2,31,-0.08292560998204052,1.852005289598905,0.8389681577682495
15,2,32,-0.13820934997006754,1.796721549610878,0.7662832736968994
16,1,0,0.04045269048211925,-1.3349387859099353,0.9975473284721376
16,1,1,0.048543228578543096,-1.399663090681326,0.9973358511924744
16,1,2,0.048543228578543096,-1.399663090681326,0.9974933862686156
16,1,3,0.048543228578543096,-1.399663090681326,0.9974905848503112
16,1,4,0.024271614289271548,-1.391572552584902,0.9969388842582704
16,1,5,0.00809053809642385,-1.391572552584902,0.9968571066856384
16,1,6,-0.00809053809642385,-1.391572552584902,0.9968824982643129
16,1,7,0.0,-1.3753914763920545,0.996403694152832
16,1,8,-0.07281484286781464,-1.3592104001992067,0.996752679347992
16,1,9,0.07281484286781464,-1.2702144811385445,0.9958658218383788
16,1,10,0.048543228578543096,-1.2702144811385445,0.9960800409317015
16,1,11,0.08899591906066234,-0.9951361858601335,0.9987848997116088
16,1,12,-0.16990130002490084,-1.0032267239565573,0.998733401298523
16,1,13,0.1456296857356293,-0.5258849762675503,0.5865518450737
16,1,14,-0.056633766674966945,-0.48543228578543096,0.6374679803848267
16,1,15,0.323621523856954,-0.9304118810887427,0.7386717796325684
16,1,16,0.23462560479629163,-0.914230804895895,0.7233220338821411
16,1,17,0.428798519110464,-1.0032267239565573,0.7227315306663513
16,1,18,0.3155309857605301,-0.9870456477637096,0.7015000581741333
16,1,19,0.37216475243549707,-1.027498338245829,0.722198486328125
16,1,20,0.2750782952784109,-1.0436794144386765,0.6934599280357361
16,1,21,0.323621523856954,-1.0113172620529811,0.7159686088562012
16,1,22,0.25080668098913933,-1.027498338245829,0.6836816668510437
16,1,23,0.11326753334993389,0.00809053809642385,0.9956403374671936
16,1,24,-0.11326753334993389,-0.00809053809642385,0.9950545430183412
16,1,25,0.18608237621774854,0.7766916572566895,0.7600311040878296
16,1,26,-0.12135807144635774,0.8414159620280803,0.7475248575210571
16,1,27,-0.024271614289271548,1.5857454668990745,0.7940375804901123
16,1,28,-0.21844452860344393,1.72328461453828,0.7512167692184448
16,1,29,-0.10517699525351004,1.6990130002490085,0.7342343330383301
16,1,30,-0.3074404476641063,1.8689143002739093,0.6574532985687256
16,1,31,0.18608237621774854,1.7637373050203993,0.8354635238647461
16,1,32,0.0647243047713908,1.885095376466757,0.7817059755325317
16,2,0,-0.1405178342652721,-1.3427259718681557,0.9977834224700928
16,2,1,-0.11709819522106008,-1.405178342652721,0.9975935816764832
16,2,2,-0.10148510252491874,-1.4129848890007917,0.9977340698242188
16,2,3,-0.09367855617684806,-1.4129848890007917,0.9977337718009948
16,2,4,-0.1405178342652721,-1.405178342652721,0.9972350001335144
16,2,5,-0.15613092696141345,-1.405178342652721,0.997157871723175
16,2,6,-0.1639374733094841,-1.405178342652721,0.9971833825111388
16,2,7,-0.015613092696141345,-1.3895652499565796,0.9967564344406128
16,2,8,-0.11709819522106008,-1.381758703608509,0.9970526099205016
16,2,9,-0.09367855617684806,-1.2724670547355195,0.9962615370750428
16,2,10,-0.11709819522106008,-1.2724670547355195,0.9964362978935242
16,2,11,0.17955056600562547,-1.0148510252491874,0.9988859295845032
16,2,12,-0.10148510252491874,-0.9836248398569046,0.9986724257469176
16,2,13,0.0858720098287774,-0.499618966276523,0.6266179084777832
16,2,14,-0.1405178342652721,-0.476199327232311,0.5916085839271545
16,2,15,-0.2654225758344029,-0.7884611811551379,0.7607905864715576
16,2,16,-0.37471422470739224,-0.8196873665474206,0.6822364926338196
16,2,17,-0.37471422470739224,-0.8274939128954912,0.7423333525657654
16,2,18,-0.43716659549195763,-0.8431070055916325,0.6614158153533936
16,2,19,-0.3669076783593216,-0.8743331909839153,0.7414756417274475
16,2,20,-0.42155350279581627,-0.8821397373319859,0.6529059410095215
16,2,21,-0.3356814929670389,-0.8665266446358446,0.7334384918212891
16,2,22,-0.3903273174035336,-0.8743331909839153,0.6441216468811035
16,2,23,0.10929164887298941,0.0,0.9957965016365052
16,2,24,-0.10929164887298941,0.0,0.9951401948928832
16,2,25,0.12490474156913076,0.8196873665474206,0.7753868103027344
16,2,26,-0.07806546348070673,0.8118808201993499,0.7196072340011597
16,2,27,0.14832438061334277,1.6471812794429117,0.8024165034294128
16,2,28,0.14832438061334277,1.592535455006417,0.7296565771102905
16,2,29,0.25761602948633217,1.8033122064043252,0.7365016341209412
16,2,30,0.23419639044212015,1.7252467429236185,0.6411783695220947
16,2,31,-0.0858720098287774,1.834538391796608,0.8381410241127014
16,2,32,-0.11709819522106008,1.7564729283159013,0.7671073079109192
17,1,0,0.05615972073330267,-1.3317876631040348,0.997993230819702
17,1,1,0.05615972073330267,-1.3959702010849522,0.9978261590003968
17,1,2,0.05615972073330267,-1.3959702010849522,0.9979512095451356
17,1,3,0.05615972073330267,-1.4039930183325668,0.9979521036148072
17,1,4,0.04011408623807334,-1.3879473838373375,0.9975016713142396
17,1,5,0.024068451742844003,-1.3879473838373375,0.9974321722984314
17,1,6,0.008022817247614666,-1.3879473838373375,0.997456967830658
17,1,7,0.016045634495229333,-1.3799245665897228,0.9970661401748656
17,1,8,-0.04011408623807334,-1.3638789320944935,0.9973440170288086
17,1,9,0.09627380697137601,-1.2676051251231175,0.996624231338501
17,1,10,0.07220535522853201,-1.2595823078755028,0.9967836737632751
17,1,11,-0.024068451742844003,-0.9948293387042187,0.9989638924598694
17,1,12,-0.07220535522853201,-1.0028521559518333,0.9988005757331848
17,1,13,0.14441071045706402,-0.5134603038473387,0.5812745690345764
17,1,14,0.07220535522853201,-0.4893918521044947,0.6316231489181519
17,1,15,0.31288987265697205,-0.9306468007233014,0.7255933880805969
17,1,16,0.27277578641889866,-0.9226239834756867,0.7122276425361633
17,1,17,0.4011408623807334,-1.010874973199448,0.7082319855690002
17,1,18,0.3449811416474307,-1.0028521559518333,0.6913506388664246
17,1,19,0.3449811416474307,-1.034943424942292,0.7073496580123901
17,1,20,0.2968442381617427,-1.034943424942292,0.6831592917442322
17,1,21,0.3048670554093574,-1.010874973199448,0.7014864683151245
17,1,22,0.27277578641889866,-1.0188977904470626,0.6735138297080994
17,1,23,0.032091268990458666,0.008022817247614666,0.9961196184158324
17,1,24,-0.032091268990458666,-0.008022817247614666,0.9954970479011536
17,1,25,0.11231944146660534,0.8905327144852281,0.7254644632339478
17,1,26,-0.07220535522853201,0.8183273592566961,0.7344102263450623
17,1,27,-0.06418253798091733,1.6125862667705482,0.7696805596351624
17,1,28,-0.16847916219990802,1.6847916219990802,0.7441014051437378
17,1,29,-0.1524335277046787,1.7810654289704562,0.7199496030807495
17,1,30,-0.2487073346760547,1.8292023324561442,0.655738353729248
17,1,31,0.16847916219990802,1.8131566979609148,0.8232291340827942
17,1,32,0.14441071045706402,1.8452479669513735,0.7785371541976929
17,2,0,-0.15475703090847756,-1.3412276012068056,0.9981867671012878
17,2,1,-0.1230119989272514,-1.4126539231645645,0.9980374574661256
17,2,2,-0.10713948293663832,-1.4126539231645645,0.998149275779724
17,2,3,-0.10713948293663832,-1.4126539231645645,0.998151957988739
17,2,4,-0.14682077291317103,-1.404717665169258,0.9977442622184752
17,2,5,-0.15475703090847756,-1.404717665169258,0.9976788759231568
17,2,6,-0.16269328890378412,-1.4126539231645645,0.99770325422287
17,2,7,-0.04364941897418598,-1.3967814071739513,0.9973552823066713
17,2,8,-0.13094825692255793,-1.3809088911833383,0.9975923895835876
17,2,9,-0.10713948293663832,-1.2698012792490467,0.9969483017921448
17,2,10,-0.1388845149178645,-1.2698012792490467,0.9970775246620178
17,2,11,0.11507574093194486,-1.0079047654039308,0.9990511536598206
17,2,12,-0.09920322494133177,-0.9920322494133177,0.9987317323684692
17,2,13,0.011904386992959813,-0.4920479957090056,0.6217951774597168
17,2,14,-0.13094825692255793,-0.5079205116996187,0.5794188380241394
17,2,15,-0.2579283848474626,-0.8015620575259608,0.7484236359596252
17,2,16,-0.32141844880991494,-0.8571158634931065,0.6635044813156128
17,2,17,-0.3690359967817542,-0.8491796054978,0.7286073565483093
17,2,18,-0.3928447707676738,-0.8729883794837197,0.6456766724586487
17,2,19,-0.36109973878644763,-0.8967971534696393,0.72743159532547
17,2,20,-0.3690359967817542,-0.9047334114649458,0.6373393535614014
17,2,21,-0.32141844880991494,-0.8888608954743327,0.7198395133018494
17,2,22,-0.3293547068052215,-0.9047334114649458,0.628767728805542
17,2,23,0.09126696694602524,0.0,0.9962975978851318
17,2,24,-0.09126696694602524,0.0,0.9956562519073486
17,2,25,0.1388845149178645,0.8888608954743327,0.745973527431488
17,2,26,-0.09920322494133177,0.8491796054978,0.7086086869239807
17,2,27,0.16269328890378412,1.730104242976826,0.7817298173904419
17,2,28,0.1230119989272514,1.6348691470331476,0.724666178226471
17,2,29,0.2579283848474626,1.9126381768688765,0.724043607711792
17,2,30,0.21824709487092991,1.769785532953359,0.6383843421936035
17,2,31,-0.08333070895071869,1.8808931448876505,0.8286251425743103
17,2,32,-0.09920322494133177,1.7935943069392786,0.7655313014984131
18,1,0,0.04957619636067471,-1.3220319029513254,0.9983528852462769
18,1,1,0.05783889575412049,-1.3963961974923376,0.9982234239578248
18,1,2,0.05783889575412049,-1.3963961974923376,0.998321771621704
18,1,3,0.05783889575412049,-1.3963961974923376,0.9983267784118652
18,1,4,0.04131349696722892,-1.3881334980988917,0.997958481311798
18,1,5,0.03305079757378314,-1.3881334980988917,0.997898519039154
18,1,6,0.024788098180337354,-1.3881334980988917,0.9979235529899596
18,1,7,0.01652539878689157,-1.379870798705446,0.9975972771644592
18,1,8,0.0,-1.3633453999185545,0.9978272318840028
18,1,9,0.08262699393445784,-1.2559303078037591,0.997232973575592
18,1,10,0.05783889575412049,-1.2559303078037591,0.9973540306091307
18,1,11,0.0,-0.9915239272134941,0.9990547299385072
18,1,12,-0.04131349696722892,-1.0080493260003858,0.9988478422164916
18,1,13,0.14046588968857834,-0.5618635587543134,0.5741606950759888
18,1,14,0.09915239272134942,-0.5040246630001929,0.620518147945404
18,1,15,0.3635587733116145,-0.9502104302462652,0.7184243202209473
18,1,16,0.34703337452472294,-0.9336850314593736,0.695332944393158
18,1,17,0.47097386542640973,-1.0245747247872772,0.7020860314369202
18,1,18,0.4296603684591808,-0.99978662660694,0.6773796081542969
18,1,19,0.421397669065735,-1.0493628229676146,0.7007316946983337
18,1,20,0.38834687149195185,-1.0411001235741688,0.6693360805511475
18,1,21,0.37182147270506033,-1.032837424180723,0.6943537592887878
18,1,22,0.34703337452472294,-1.0245747247872772,0.6596524119377136
18,1,23,0.0,0.008262699393445785,0.9965725541114808
18,1,24,0.0,-0.008262699393445785,0.9959670901298524
18,1,25,0.04131349696722892,0.8675834363118073,0.7132953405380249
18,1,26,-0.024788098180337354,0.8675834363118073,0.7311025857925415
18,1,27,-0.05783889575412049,1.7434295720170605,0.7647404670715332
18,1,28,-0.14046588968857834,1.7764803695908438,0.7430974245071411
18,1,29,-0.14046588968857834,1.883895461705639,0.7160221338272095
18,1,30,-0.23135558301648196,1.916946259279422,0.6545572876930237
18,1,31,0.14046588968857834,1.883895461705639,0.8225347995758057
18,1,32,0.19004208604925305,1.9252089586728678,0.7788679599761963
18,2,0,-0.14957732135558807,-1.3304509110049676,0.9985041618347168
18,2,1,-0.10234237776961289,-1.3934308357862677,0.9983881115913392
18,2,2,-0.09446988717195036,-1.4013033263839303,0.9984756112098694
18,2,3,-0.08659739657428783,-1.4013033263839303,0.9984832406044006
18,2,4,-0.133832340160263,-1.3934308357862677,0.9981470704078674
18,2,5,-0.14170483075792553,-1.3934308357862677,0.9980881214141846
18,2,6,-0.14170483075792553,-1.3934308357862677,0.9981138110160828
18,2,7,-0.04723494358597518,-1.3855583451886053,0.9978277087211608
18,2,8,-0.11021486836727541,-1.3698133639932801,0.998007595539093
18,2,9,-0.09446988717195036,-1.2595984956260047,0.9974827766418456
18,2,10,-0.133832340160263,-1.2595984956260047,0.9975581765174866
18,2,11,0.133832340160263,-1.0155512870984664,0.999130368232727
18,2,12,-0.09446988717195036,-0.9840613247078162,0.9986491203308104
18,2,13,0.12595984956260048,-0.5274568700433895,0.6154115200042725
18,2,14,-0.04723494358597518,-0.47234943585975175,0.5686596035957336
18,2,15,-0.18893977434390072,-0.802994040961578,0.7429541945457458
18,2,16,-0.24404720852753842,-0.8344840033522282,0.6490308046340942
18,2,17,-0.29915464271117614,-0.8659739657428782,0.7248302698135376
18,2,18,-0.3227721145041637,-0.8738464563405408,0.6339075565338135
18,2,19,-0.28340966151585106,-0.9210813999265159,0.723278284072876
18,2,20,-0.30702713330883863,-0.9210813999265159,0.6257230639457703
18,2,21,-0.2597921897228635,-0.9132089093288535,0.71533203125
18,2,22,-0.2755371709181885,-0.9132089093288535,0.6167089939117432
18,2,23,0.07872490597662529,0.0,0.9966665506362916
18,2,24,-0.07872490597662529,0.0,0.9959599375724792
18,2,25,0.09446988717195036,0.8659739657428782,0.7356668710708618
18,2,26,-0.08659739657428783,0.8581014751452157,0.7048284411430359
18,2,27,0.15744981195325058,1.7004579690951065,0.7787839770317078
18,2,28,0.14170483075792553,1.6217330631184812,0.7263089418411255
18,2,29,0.25191969912520096,1.8500352904506945,0.7215602397918701
18,2,30,0.22830222733221336,1.7555654032787442,0.639812707901001
18,2,31,-0.07872490597662529,1.8657802716460195,0.8298567533493042
18,2,32,-0.09446988717195036,1.7713103844740692,0.7692552804946899
19,1,0,0.05391916907180708,-1.3230934564543428,0.998644471168518
19,1,1,0.03732865551125105,-1.389455510696567,0.998542845249176
19,1,2,0.05391916907180708,-1.397750767476845,0.9986199736595154
19,1,3,0.05391916907180708,-1.397750767476845,0.9986287355422974
19,1,4,0.020738141950695028,-1.389455510696567,0.998325526714325
19,1,5,0.012442885170417018,-1.389455510696567,0.9982718229293824
19,1,6,0.012442885170417018,-1.389455510696567,0.9982970952987672
19,1,7,0.012442885170417018,-1.381160253916289,0.9980307817459106
19,1,8,-0.012442885170417018,-1.3645697403557329,0.998203456401825
19,1,9,0.06221442585208509,-1.2567314022121188,0.9977217316627502
19,1,10,0.04562391229152907,-1.2567314022121188,0.9977926015853882
19,1,11,0.004147628390139006,-0.9995784420235004,0.999150276184082
19,1,12,-0.06221442585208509,-0.9995784420235004,0.998775601387024
19,1,13,0.18664327755625526,-0.5516345758884877,0.568230390548706
19,1,14,0.11198596653375316,-0.4935677784265417,0.6104105710983276
19,1,15,0.36913892672237153,-0.9332163877812764,0.7074998617172241
19,1,16,0.3442531563815375,-0.9249211310009983,0.6811568737030029
19,1,17,0.46868200808570765,-1.0244642123643344,0.691395103931427
19,1,18,0.4189104674040396,-0.9995784420235004,0.6649232506752014
19,1,19,0.4189104674040396,-1.0493499827051684,0.6893676519393921
19,1,20,0.3608436699420935,-1.0410547259248906,0.6567881107330322
19,1,21,0.36913892672237153,-1.0327594691446125,0.682777464389801
19,1,22,0.32766264282098145,-1.0244642123643344,0.6462079882621765
19,1,23,-0.004147628390139006,0.012442885170417018,0.9969117045402528
19,1,24,0.004147628390139006,-0.012442885170417018,0.9962422847747804
19,1,25,-0.004147628390139006,0.8834448470996082,0.6985654234886169
19,1,26,0.02903339873097304,0.8751495903193303,0.7242154479026794
19,1,27,-0.1285764800943092,1.7793325793696335,0.758465588092804
19,1,28,-0.10369070975347515,1.7793325793696335,0.7389659881591797
19,1,29,-0.20323379111681128,1.9286472014146376,0.7133671641349792
19,1,30,-0.20323379111681128,1.9286472014146376,0.6507664322853088
19,1,31,0.09539545297319714,1.8871709175132476,0.819327175617218
19,1,32,0.19493853433653327,1.9203519446343598,0.7766225934028625
19,2,0,-0.15354211713743748,-1.3346353258869568,0.9987609386444092
19,2,1,-0.12204629823745032,-1.3897530089619343,0.9986700415611268
19,2,2,-0.11417234351245352,-1.397626963686931,0.9987372159957886
19,2,3,-0.10629838878745672,-1.397626963686931,0.998750627040863
19,2,4,-0.15354211713743748,-1.3897530089619343,0.998472273349762
19,2,5,-0.15354211713743748,-1.397626963686931,0.9984167218208312
19,2,6,-0.16141607186243428,-1.397626963686931,0.9984447360038756
19,2,7,-0.051180705712479166,-1.3818790542369375,0.9982131719589232
19,2,8,-0.1377942076874439,-1.3740050995119406,0.9983315467834472
19,2,9,-0.11417234351245352,-1.2637697333619855,0.9979063272476196
19,2,10,-0.1456681624124407,-1.2637697333619855,0.9979212880134584
19,2,11,0.12204629823745032,-1.019677136887085,0.9992116689682008
19,2,12,-0.1299202529624471,-0.9803073632621009,0.998522400856018
19,2,13,0.12204629823745032,-0.5393658986622805,0.609636127948761
19,2,14,-0.05905466043747596,-0.46062635141231245,0.558007001876831
19,2,15,-0.20865980021241506,-0.7992064045871746,0.7318724989891052
19,2,16,-0.22440770966240864,-0.7992064045871746,0.6312924027442932
19,2,17,-0.3110212116373734,-0.862198042387149,0.7133850455284119
19,2,18,-0.3031472569123766,-0.8464501329371554,0.6180340647697449
19,2,19,-0.3031472569123766,-0.9173157254621266,0.7110625505447388
19,2,20,-0.2952733021873798,-0.901567816012133,0.6099556088447571
19,2,21,-0.2716514380123894,-0.901567816012133,0.7025639414787292
19,2,22,-0.2637774832873926,-0.8936938612871361,0.6004576086997986
19,2,23,0.09055047933746313,-0.003936977362498397,0.9969719648361206
19,2,24,-0.09055047933746313,0.003936977362498397,0.9962058067321776
19,2,25,0.08267652461246634,0.8543240876621522,0.721545934677124
19,2,26,-0.08267652461246634,0.8385761782121586,0.6972275376319885
19,2,27,0.1377942076874439,1.6968372432368093,0.7715164422988892
19,2,28,0.12204629823745032,1.6180976959868412,0.7211472392082214
19,2,29,0.24802957383739901,1.854316337736745,0.7150560617446899
19,2,30,0.21653375493741184,1.7519549263117868,0.6355962753295898
19,2,31,-0.09842443406245993,1.862190292461742,0.8252986073493958
19,2,32,-0.11417234351245352,1.7598288810367835,0.765811562538147
20,1,0,0.05452759181207961,-1.3422176446050365,0.9988141059875488
20,1,1,0.037749871254516655,-1.4093285268352884,0.9987378716468812
20,1,2,0.04613873153329813,-1.4093285268352884,0.9987830519676208
20,1,3,0.05452759181207961,-1.4093285268352884,0.9988173246383668
20,1,4,0.020972150696953695,-1.4093285268352884,0.9985686540603638
20,1,5,0.012583290418172218,-1.4093285268352884,0.9985122680664062
20,1,6,0.004194430139390739,-1.4093285268352884,0.9985564947128296
20,1,7,0.020972150696953695,-1.3925508062777254,0.9982497692108154
20,1,8,-0.020972150696953695,-1.3757730857201624,0.998443067073822
20,1,9,0.07130531236964256,-1.2751067623747847,0.9979361295700072
20,1,10,0.04613873153329813,-1.2751067623747847,0.9979826807975768
20,1,11,-0.07130531236964256,-0.9982743731749959,0.9990368485450744
20,1,12,-0.04613873153329813,-0.9982743731749959,0.9986371994018556
20,1,13,0.1384161945998944,-0.4949427564481072,0.561550498008728
20,1,14,0.09647189320598701,-0.45299845505419983,0.5999681949615479
20,1,15,0.3816931426845573,-0.8137194470418034,0.6832096576690674
20,1,16,0.41524858379968316,-0.8137194470418034,0.6618634462356567
20,1,17,0.4907483263087165,-0.9143857703871812,0.6684775948524475
20,1,18,0.5075260468662794,-0.9059969101083997,0.646462082862854
20,1,19,0.4739706057511535,-0.947941211502307,0.6660693287849426
20,1,20,0.4739706057511535,-0.9395523512235255,0.638303279876709
20,1,21,0.43202630435724615,-0.9143857703871812,0.6573722958564758
20,1,22,0.43202630435724615,-0.9143857703871812,0.6262698173522949
20,1,23,-0.037749871254516655,0.016777720557562957,0.9970639944076538
20,1,24,0.037749871254516655,-0.016777720557562957,0.9963909983634948
20,1,25,-0.04613873153329813,0.8724414689932738,0.6890661716461182
20,1,26,0.029361010975735173,0.8388860278781478,0.7179333567619324
20,1,27,-0.11324961376354996,1.7448829379865476,0.7516397833824158
20,1,28,-0.12163847404233144,1.786827239380455,0.735091507434845
20,1,29,-0.18874935627258327,1.879104702447051,0.7020854353904724
20,1,30,-0.2139159371089277,1.9210490038409587,0.6502394080162048
20,1,31,0.08808303292720553,1.879104702447051,0.8129580020904541
20,1,32,0.11324961376354996,1.9378267243985214,0.7738122940063477
20,2,0,-0.1862348178137652,-1.3562753036437247,0.9989171028137208
20,2,1,-0.15384615384615385,-1.4210526315789473,0.9988492131233216
20,2,2,-0.13765182186234817,-1.4210526315789473,0.9988882541656494
20,2,3,-0.12955465587044535,-1.4210526315789473,0.9989231824874878
20,2,4,-0.1700404858299595,-1.4210526315789473,0.9986939430236816
20,2,5,-0.17813765182186234,-1.4210526315789473,0.9986380338668824
20,2,6,-0.17813765182186234,-1.4210526315789473,0.9986823797225952
20,2,7,-0.08097165991902834,-1.4048582995951417,0.9984096884727478
20,2,8,-0.15384615384615385,-1.3967611336032388,0.9985632300376892
20,2,9,-0.145748987854251,-1.2834008097165992,0.9981078505516052
20,2,10,-0.17813765182186234,-1.291497975708502,0.9981130957603456
20,2,11,0.12955465587044535,-1.0242914979757085,0.9991121888160706
20,2,12,-0.12955465587044535,-0.9757085020242915,0.9983898997306824
20,2,13,0.145748987854251,-0.5141700404858299,0.6044298410415649
20,2,14,-0.05668016194331984,-0.4493927125506073,0.5471320748329163
20,2,15,-0.242914979757085,-0.7489878542510121,0.7117477655410767
20,2,16,-0.25101214574898784,-0.6842105263157895,0.6098159551620483
20,2,17,-0.3643724696356275,-0.7975708502024291,0.6953362822532654
20,2,18,-0.340080971659919,-0.7246963562753036,0.5977939963340759
20,2,19,-0.3562753036437247,-0.854251012145749,0.6928324103355408
20,2,20,-0.3481781376518219,-0.7894736842105263,0.5902837514877319
20,2,21,-0.32388663967611336,-0.8461538461538461,0.683061420917511
20,2,22,-0.3157894736842105,-0.7813765182186235,0.5799940824508667
20,2,23,0.08906882591093117,0.004048582995951417,0.9971254467964172
20,2,24,-0.08906882591093117,-0.004048582995951417,0.9962480664253236
20,2,25,-0.008097165991902834,0.902834008097166,0.7134835720062256
20,2,26,-0.09716599190283401,0.8623481781376519,0.6846246123313904
20,2,27,0.13765182186234817,1.7449392712550607,0.7670897245407104
20,2,28,0.1214574898785425,1.6639676113360324,0.7113180160522461
20,2,29,0.242914979757085,1.9068825910931173,0.7136399745941162
20,2,30,0.21052631578947367,1.7935222672064777,0.6319646239280701
20,2,31,-0.1214574898785425,1.9068825910931173,0.8210799694061279
20,2,32,-0.12955465587044535,1.8178137651821862,0.7587640881538391
21,1,0,0.004226337338873446,-1.3524279484395028,0.9987911581993104
21,1,1,0.012679012016620337,-1.4200493458614778,0.998656928539276
21,1,2,0.02113168669436723,-1.4200493458614778,0.998672902584076
21,1,3,0.02113168669436723,-1.4200493458614778,0.9987740516662598
21,1,4,-0.012679012016620337,-1.4115966711837309,0.9985828995704652
21,1,5,-0.02113168669436723,-1.4200493458614778,0.9985358715057372
21,1,6,-0.02113168669436723,-1.4200493458614778,0.998621106147766
21,1,7,-0.02113168669436723,-1.394691321828237,0.9981072545051576
21,1,8,-0.0464897107276079,-1.3777859724727433,0.9983593821525574
21,1,9,0.02113168669436723,-1.2763538763397806,0.9974679350852966
21,1,10,-0.004226337338873446,-1.2763538763397806,0.9974136352539062
21,1,11,-0.07184773476084858,-0.9889629372963863,0.9985843300819396
21,1,12,-0.07184773476084858,-1.0058682866518802,0.9984756708145142
21,1,13,0.13946913218282372,-0.43953908324283836,0.5574612617492676
21,1,14,0.08875308411634236,-0.4564444325983322,0.5884989500045776
21,1,15,0.32542797509325533,-0.5578765287312949,0.6473598480224609
21,1,16,0.4522180952594587,-0.6762139742197514,0.629808247089386
21,1,17,0.40995472187072424,-0.5325185046980542,0.6333627700805664
21,1,18,0.579008215425662,-0.7269300222862327,0.6120297312736511
21,1,19,0.5113868180036869,-0.6593086248642576,0.6313307285308838
21,1,20,0.579008215425662,-0.777646070352714,0.603683590888977
21,1,21,0.42686007122621805,-0.6254979261532699,0.6229205131530762
21,1,22,0.5198394926814338,-0.7607407209972202,0.5899881720542908
21,1,23,-0.0464897107276079,0.025358024033240674,0.9968367218971252
21,1,24,0.0464897107276079,-0.025358024033240674,0.9961861968040466
21,1,25,-0.09720575879408926,0.9128888651966643,0.695347011089325
21,1,26,0.038037036049861014,0.8875308411634236,0.7095595598220825
21,1,27,-0.18173250557155818,1.7750616823268472,0.7618681192398071
21,1,28,-0.09720575879408926,1.800419706360088,0.7301559448242188
21,1,29,-0.2578065776712802,1.9441151758817852,0.7146100997924805
21,1,30,-0.19018518024930506,1.9441151758817852,0.6527187824249268
21,1,31,0.02958436137211412,1.9187571518485445,0.8107401132583618
21,1,32,0.09720575879408926,1.952567850559532,0.7653966546058655
21,2,0,-0.2468161471377995,-1.3535079036589004,0.998895823955536
21,2,1,-0.1990452799498383,-1.4172023932428488,0.9987778663635254
21,2,2,-0.18312165755385124,-1.4172023932428488,0.9987905025482178
21,2,3,-0.1751598463558577,-1.4172023932428488,0.998885989189148
21,2,4,-0.2229307135438189,-1.4172023932428488,0.9987080097198486
21,2,5,-0.2229307135438189,-1.4172023932428488,0.9986613988876344
21,2,6,-0.21496890234582539,-1.4172023932428488,0.998742938041687
21,2,7,-0.13535079036589004,-1.3933169596488681,0.9982832074165344
21,2,8,-0.18312165755385124,-1.3853551484508746,0.9984917640686036
21,2,9,-0.21496890234582539,-1.273889791678965,0.9976916909217834
21,2,10,-0.23885433593980598,-1.273889791678965,0.9976106882095336
21,2,11,0.0716563007819418,-1.0111500221451786,0.9987096786499025
21,2,12,-0.15127441276187711,-0.987264588551198,0.998270869255066
21,2,13,0.11146535677190945,-0.47770867187961197,0.6010288000106812
21,2,14,-0.08757992317792886,-0.45382323828563137,0.5360414385795593
21,2,15,-0.3184724479197413,-0.6289830846414891,0.6798298358917236
21,2,16,-0.2866252031277672,-0.5812122174535279,0.5765719413757324
21,2,17,-0.42993780469165077,-0.6528685182354697,0.664027750492096
21,2,18,-0.358281503909709,-0.6050976510475085,0.5620210766792297
21,2,19,-0.41401418229566367,-0.7245248190174114,0.6618779301643372
21,2,20,-0.358281503909709,-0.6687921406314568,0.5542991757392883
21,2,21,-0.3821669375036896,-0.716563007819418,0.6525639891624451
21,2,22,-0.3343960703157284,-0.6687921406314568,0.5424162745475769
21,2,23,0.08757992317792886,0.0,0.996856153011322
21,2,24,-0.08757992317792886,0.0,0.9958609342575072
21,2,25,-0.015923622395987064,0.8917228541752756,0.7164331674575806
21,2,26,-0.0955417343759224,0.851913798185308,0.6687679886817932
21,2,27,0.11146535677190945,1.719751218766603,0.7709643840789795
21,2,28,0.10350354557391592,1.6082858619946936,0.6920207142829895
21,2,29,0.2229307135438189,1.8949110651224608,0.7247896790504456
21,2,30,0.18312165755385124,1.751598463558577,0.6261685490608215
21,2,31,-0.1751598463558577,1.8471401979344995,0.8135009407997131
21,2,32,-0.13535079036589004,1.7595602747565706,0.7366023659706116
22,1,0,0.029146180458184436,-1.344888041141939,0.9980741739273072
22,1,1,0.004163740065454919,-1.4115078821892177,0.9975618720054626
22,1,2,0.012491220196364759,-1.4115078821892177,0.9976688027381896
22,1,3,0.020818700327274595,-1.4115078821892177,0.9978423118591307
22,1,4,0.004163740065454919,-1.4115078821892177,0.9979161620140076
22,1,5,0.004163740065454919,-1.4115078821892177,0.9979526996612548
22,1,6,0.004163740065454919,-1.4198353623201274,0.9980403184890748
22,1,7,-0.004163740065454919,-1.386525441796488,0.996530294418335
22,1,8,0.004163740065454919,-1.3781979616655784,0.9972012639045716
22,1,9,0.020818700327274595,-1.2699407199637505,0.9949328303337096
22,1,10,0.020818700327274595,-1.2782682000946604,0.9950650334358216
22,1,11,-0.09576602150546315,-0.978478915381906,0.99703449010849
22,1,12,0.020818700327274595,-1.0201163160364553,0.9982729554176332
22,1,13,0.12074846189819266,-0.4288652267418567,0.5547810792922974
22,1,14,0.10409350163637299,-0.4705026273964059,0.5754164457321167
22,1,15,0.5454499485745944,-0.33726294530184847,0.617809534072876
22,1,16,0.4621751472654961,-0.37890034595639766,0.5951303243637085
22,1,17,0.6120697896218732,-0.3039530247782091,0.6042807698249817
22,1,18,0.512140028050955,-0.39555530621821733,0.5757984519004822
22,1,19,0.6453797101455125,-0.33726294530184847,0.6025352478027344
22,1,20,0.5537774287055043,-0.4371927068727665,0.5669258236885071
22,1,21,0.5287949883127747,-0.39555530621821733,0.5946820974349976
22,1,22,0.4871575876582256,-0.4288652267418567,0.5496677160263062
22,1,23,-0.09576602150546315,0.020818700327274595,0.995630145072937
22,1,24,0.09576602150546315,-0.020818700327274595,0.9954198002815248
22,1,25,-0.10409350163637299,0.878549153810988,0.6946877241134644
22,1,26,0.08743854137455331,0.8868766339418979,0.6975618004798889
22,1,27,-0.13740342216001233,1.6779872463783325,0.7603228092193604
22,1,28,0.029146180458184436,1.7362796072947013,0.7169501185417175
22,1,29,-0.22900570360002057,1.8445368489965293,0.725235641002655
22,1,30,-0.08743854137455331,1.8695192893892587,0.6539515852928162
22,1,31,0.029146180458184436,1.9194841701747178,0.7975777983665466
22,1,32,0.13740342216001233,1.902829209912898,0.7491363286972046
22,2,0,-0.26662773226473946,-1.3530362532837523,0.9981219172477722
22,2,1,-0.23479158512865114,-1.424667584339951,0.9976587891578674
22,2,2,-0.22683254834462907,-1.424667584339951,0.99773508310318
22,2,3,-0.21091447477658493,-1.424667584339951,0.99793803691864
22,2,4,-0.24275062191267321,-1.432626621123973,0.9979685544967652
22,2,5,-0.24275062191267321,-1.432626621123973,0.9979678988456726
22,2,6,-0.23479158512865114,-1.432626621123973,0.9980886578559875
22,2,7,-0.13928314372038628,-1.3928314372038628,0.9966892004013062
22,2,8,-0.19499640120854078,-1.3928314372038628,0.9971734881401062
22,2,9,-0.23479158512865114,-1.2814049222275536,0.995227575302124
22,2,10,-0.25866869548071736,-1.2893639590115757,0.9951730370521544
22,2,11,0.035815665528099325,-1.0028386347867813,0.997295081615448
22,2,12,-0.1313241069363642,-0.994879598002759,0.9978126287460328
22,2,13,0.11540603336832006,-0.4695831702573023,0.5988401174545288
22,2,14,-0.035815665528099325,-0.46162413347328024,0.5236691832542419
22,2,15,-0.33030002653691604,-0.46162413347328024,0.6547309160232544
22,2,16,-0.15520121728843042,-0.2387711035206622,0.5439366102218628
22,2,17,-0.4576446150812692,-0.42182894955316985,0.6410420536994934
22,2,18,-0.2745867690487615,-0.2546891770887063,0.5282300710678101
22,2,19,-0.47356268864931333,-0.4775422070413244,0.6392659544944763
22,2,20,-0.24275062191267321,-0.2387711035206622,0.5203639268875122
22,2,21,-0.4258084679451809,-0.5014193173933906,0.6309459209442139
22,2,22,-0.22683254834462907,-0.2546891770887063,0.5054212808609009
22,2,23,0.051733739096143476,0.007959036784022072,0.9951708912849426
22,2,24,-0.051733739096143476,-0.007959036784022072,0.9936313629150392
22,2,25,-0.10744699658429799,0.8595759726743839,0.7144814133644104
22,2,26,-0.05969277588016555,0.8436578991063397,0.655570924282074
22,2,27,0.10744699658429799,1.663438687860613,0.7649528384208679
22,2,28,0.10744699658429799,1.5758892832363705,0.6719728112220764
22,2,29,0.21091447477658493,1.7987423131889884,0.7359595894813538
22,2,30,0.1870373644245187,1.7271109821327897,0.6270400881767273
22,2,31,-0.19499640120854078,1.8067013499730105,0.7948382496833801
22,2,32,-0.10744699658429799,1.750988092484856,0.7087188363075256
23,1,0,0.08578635902460031,-1.376871062344835,0.9980291724205016
23,1,1,0.05147181541476019,-1.4540787854669754,0.997445821762085
23,1,2,0.06005045131722022,-1.4540787854669754,0.9975350499153136
23,1,3,0.06005045131722022,-1.4540787854669754,0.9977610111236572
23,1,4,0.034314543609840126,-1.4540787854669754,0.997807800769806
23,1,5,0.017157271804920063,-1.4540787854669754,0.997843325138092
23,1,6,0.008578635902460031,-1.4540787854669754,0.9979487657546996
23,1,7,0.06862908721968025,-1.4111856059546752,0.9961617588996888
23,1,8,0.0,-1.4111856059546752,0.9969801902770996
23,1,9,0.08578635902460031,-1.2996633392226948,0.995067059993744
23,1,10,0.05147181541476019,-1.2996633392226948,0.9950636029243468
23,1,11,0.06862908721968025,-0.9822538108316736,0.9967288374900818
23,1,12,0.0,-1.0165683544415138,0.9979367256164552
23,1,13,0.1629940821467406,-0.39890656946439146,0.5499934554100037
23,1,14,0.11152226673198042,-0.4074852053668515,0.5696513652801514
23,1,15,0.28309498478118106,-0.05576113336599021,0.596429169178009
23,1,16,0.4889822464402218,-0.09865431287829036,0.5770214796066284
23,1,17,0.30883089248856116,0.03002522565861011,0.5847342014312744
23,1,18,0.5919258772697422,0.004289317951230016,0.5564678311347961
23,1,19,0.30883089248856116,0.02144658975615008,0.5833819508552551
23,1,20,0.6862908721968025,-0.03002522565861011,0.5480944514274597
23,1,21,0.17157271804920063,0.012867953853690047,0.5759824514389038
23,1,22,0.6433976926845024,-0.06433976926845024,0.5290955901145935
23,1,23,0.034314543609840126,0.004289317951230016,0.994781732559204
23,1,24,-0.034314543609840126,-0.004289317951230016,0.9936403036117554
23,1,25,0.025735907707380094,0.9393606313193735,0.6689108610153198
23,1,26,0.017157271804920063,0.9136247236119934,0.6775657534599304
23,1,27,-0.06005045131722022,1.7886455856629166,0.732402503490448
23,1,28,-0.034314543609840126,1.7886455856629166,0.691454291343689
23,1,29,-0.15441544624428058,1.900167852394897,0.7091688513755798
23,1,30,-0.1372581744393605,1.908746488297357,0.6421657800674438
23,1,31,0.10294363082952038,1.925903760102277,0.768002450466156
23,1,32,0.15441544624428058,1.9516396678096573,0.7185431718826294
23,2,0,-0.215721913508576,-1.3662387855543148,0.9980764389038086
23,2,1,-0.17787596377022935,-1.4267923051356695,0.9975388050079346
23,2,2,-0.17030677382256001,-1.4267923051356695,0.9976117014884948
23,2,3,-0.15516839392722134,-1.4267923051356695,0.997863471508026
23,2,4,-0.20058353361323733,-1.4343614950833388,0.9978349804878236
23,2,5,-0.20815272356090667,-1.4343614950833388,0.9978175759315492
23,2,6,-0.20815272356090667,-1.4267923051356695,0.9979393482208252
23,2,7,-0.11732244418887466,-1.3813771654496534,0.996401071548462
23,2,8,-0.1854451537178987,-1.3889463553973227,0.9967774748802184
23,2,9,-0.1854451537178987,-1.2905468860776215,0.9953896403312684
23,2,10,-0.215721913508576,-1.2981160760252908,0.9951665997505188
23,2,11,0.056768924607520005,-1.0180560479615253,0.9970449209213256
23,2,12,-0.14003001403188267,-0.9802100982231787,0.9976189136505128
23,2,13,0.15516839392722134,-0.48821275162467204,0.5947548747062683
23,2,14,-0.034061354764512004,-0.45036680188632533,0.5230910181999207
23,2,15,-0.30655219288060803,-0.3443981426189547,0.6363301873207092
23,2,16,-0.261137053194592,-0.24599867329925335,0.5426749587059021
23,2,17,-0.42765923204331735,-0.29141381298526936,0.6251866817474365
23,2,18,-0.31412138282827734,-0.17787596377022935,0.5275442004203796
23,2,19,-0.45036680188632533,-0.3368289526712853,0.6238877177238464
23,2,20,-0.3368289526712853,-0.22329110345624534,0.5208158493041992
23,2,21,-0.42009004209564804,-0.351967332566624,0.6165465712547302
23,2,22,-0.30655219288060803,-0.24599867329925335,0.5033565163612366
23,2,23,0.07190730450285866,-0.0037845949738346666,0.9943369030952454
23,2,24,-0.07190730450285866,0.0037845949738346666,0.9917724132537842
23,2,25,-0.06433811455518934,0.760703589740768,0.6896123886108398
23,2,26,-0.079476494450528,0.7304268299500907,0.6383320093154907
23,2,27,0.102184064293536,1.4949150146646935,0.73827064037323
23,2,28,0.08704568439819733,1.4116539252403306,0.6509787440299988
23,2,29,0.20058353361323733,1.6084528638797333,0.7197830677032471
23,2,30,0.17787596377022935,1.5403301543507093,0.6200770139694214
23,2,31,-0.16273758387489068,1.5933144839843947,0.7684962153434753
23,2,32,-0.08704568439819733,1.5630377241937174,0.6844891905784607
24,1,0,0.1079861786536419,-1.3958213463007787,0.9980666041374208
24,1,1,0.06799129767081157,-1.4598131558733072,0.997480571269989
24,1,2,0.06799129767081157,-1.4518141796767412,0.9975519180297852
24,1,3,0.06799129767081157,-1.4518141796767412,0.9978179335594176
24,1,4,0.05199334527767943,-1.4518141796767412,0.9978048205375672
24,1,5,0.0359953928845473,-1.4518141796767412,0.9978042244911194
24,1,6,0.027996416687981234,-1.4518141796767412,0.9979100823402404
24,1,7,0.0599923214742455,-1.4038203224973447,0.996152937412262
24,1,8,-0.0039994880982830334,-1.4038203224973447,0.996765434741974
24,1,9,0.1079861786536419,-1.315831584335118,0.995420217514038
24,1,10,0.0839892500639437,-1.315831584335118,0.9952523112297058
24,1,11,0.0599923214742455,-1.0038715126690414,0.99695086479187
24,1,12,-0.027996416687981234,-0.9958725364724753,0.9977803826332092
24,1,13,0.1799769644227365,-0.4439431789094167,0.5514098405838013
24,1,14,0.0359953928845473,-0.4199462503197185,0.5688328742980957
24,1,15,0.3959493217300203,-0.14798105963647223,0.5894231796264648
24,1,16,0.4039482979265864,-0.1799769644227365,0.5775684714317322
24,1,17,0.5399308932682095,-0.0839892500639437,0.5802527666091919
24,1,18,0.5079349884819453,-0.06799129767081157,0.5590397119522095
24,1,19,0.5719267980544738,-0.09998720245707583,0.5798053741455078
24,1,20,0.5799257742510399,-0.1079861786536419,0.5516995191574097
24,1,21,0.5479298694647756,-0.12398413104677404,0.5727894902229309
24,1,22,0.5559288456613416,-0.13998208343990617,0.5299393534660339
24,1,23,0.027996416687981234,-0.0039994880982830334,0.9942525029182434
24,1,24,-0.027996416687981234,0.0039994880982830334,0.9920476078987122
24,1,25,-0.027996416687981234,0.7958981315583237,0.6449980139732361
24,1,26,-0.0119984642948491,0.7799001791651915,0.6597930192947388
24,1,27,-0.12398413104677404,1.5717988226252322,0.7046976089477539
24,1,28,-0.0839892500639437,1.563799846428666,0.6692609190940857
24,1,29,-0.21997184540556683,1.667786536984025,0.6927320957183838
24,1,30,-0.17197798822617044,1.683784489377157,0.6337022185325623
24,1,31,0.0359953928845473,1.6917834655737232,0.7403727173805237
24,1,32,0.1079861786536419,1.6997824417702891,0.6938216686248779
24,2,0,-0.23860506889114708,-1.3943483713326408,0.9981294870376588
24,2,1,-0.18641021007120864,-1.4539996385554275,0.9975910782814026
24,2,2,-0.17149739326551194,-1.4465432301525791,0.997645616531372
24,2,3,-0.15658457645981527,-1.4465432301525791,0.9979251623153688
24,2,4,-0.20877943527975368,-1.4465432301525791,0.997868835926056
24,2,5,-0.20877943527975368,-1.4465432301525791,0.9978346228599548
24,2,6,-0.20877943527975368,-1.4465432301525791,0.997952938079834
24,2,7,-0.10438971763987684,-1.4018047797354891,0.9964081645011902
24,2,8,-0.1640409848626636,-1.4018047797354891,0.996716558933258
24,2,9,-0.20132302687690534,-1.3123278789013089,0.9957461953163148
24,2,10,-0.22369225208545038,-1.3123278789013089,0.995427668094635
24,2,11,0.05219485881993842,-1.0289843595930717,0.997242033481598
24,2,12,-0.13421535125127024,-0.969333092370285,0.997564971446991
24,2,13,0.17149739326551194,-0.5070357713936875,0.596035897731781
24,2,14,-0.05219485881993842,-0.44738450417090075,0.5218791365623474
24,2,15,-0.2758871109053888,-0.3429947865310239,0.6300482749938965
24,2,16,-0.2982563361139338,-0.2684307025025405,0.5418572425842285
24,2,17,-0.39518964535096235,-0.2982563361139338,0.621168315410614
24,2,18,-0.39518964535096235,-0.22369225208545038,0.527765154838562
24,2,19,-0.41755887055950736,-0.33553837812817555,0.6206820011138916
24,2,20,-0.4026460537538107,-0.25351788569684375,0.5220265984535217
24,2,21,-0.3802768285452656,-0.3579076033367206,0.6136348843574524
24,2,22,-0.3504511949338723,-0.2684307025025405,0.5025927424430847
24,2,23,0.05965126722278677,0.0,0.9933807253837584
24,2,24,-0.05965126722278677,0.0,0.98976469039917
24,2,25,-0.0820204924313318,0.7307280234791379,0.6690489053726196
24,2,26,-0.07456408402848345,0.7158152066734412,0.622199296951294
24,2,27,0.08947690083418015,1.4539996385554275,0.7154114246368408
24,2,28,0.08947690083418015,1.3645227377212472,0.6329094171524048
24,2,29,0.193866618474057,1.573302173001001,0.7086865901947021
24,2,30,0.18641021007120864,1.4987380889725175,0.6163203716278076
24,2,31,-0.1640409848626636,1.550932947792456,0.7440600395202637
24,2,32,-0.10438971763987684,1.4912816805696691,0.6633366346359253
25,1,0,0.12149298063292092,-1.4187244835199153,0.9982598423957824
25,1,1,0.09013995337281229,-1.4657540244100782,0.9977418780326844
25,1,2,0.09013995337281229,-1.4657540244100782,0.9977783560752868
25,1,3,0.09013995337281229,-1.4657540244100782,0.9980354309082032
25,1,4,0.07446343974275799,-1.4657540244100782,0.9980040192604064
25,1,5,0.06662518292773083,-1.4579157675950511,0.9979760646820068
25,1,6,0.05878692611270367,-1.4579157675950511,0.9980886578559875
25,1,7,0.09797821018783945,-1.4187244835199153,0.9965453743934632
25,1,8,0.0352721556676222,-1.410886226704888,0.9969483613967896
25,1,9,0.12933123744794808,-1.3325036585546166,0.9960393905639648
25,1,10,0.11365472381789377,-1.3325036585546166,0.9957857728004456
25,1,11,0.011757385222540735,-1.0189733859535304,0.9971746802330016
25,1,12,0.05878692611270367,-0.9797821018783945,0.9977810978889464
25,1,13,0.06662518292773083,-0.4624571520866022,0.5435270071029663
25,1,14,0.07446343974275799,-0.4154276111964393,0.5680988430976868
25,1,15,-0.0352721556676222,-0.10189733859535303,0.5778565406799316
25,1,16,0.26258160330340974,-0.015676513630054314,0.578960657119751
25,1,17,0.0039191284075135785,0.015676513630054314,0.5715802311897278
25,1,18,0.325287657823627,0.1254121090404345,0.5611154437065125
25,1,19,0.0352721556676222,0.007838256815027157,0.5710773468017578
25,1,20,0.3644789418987628,0.11757385222540734,0.5550734400749207
25,1,21,0.04311041248264936,-0.03135302726010863,0.5644830465316772
25,1,22,0.33312591463865415,0.06270605452021726,0.5338044762611389
25,1,23,-0.01959564203756789,0.015676513630054314,0.9933550953865052
25,1,24,0.01959564203756789,-0.015676513630054314,0.99031263589859
25,1,25,-0.04311041248264936,0.7132813701674712,0.6224284172058105
25,1,26,0.11365472381789377,0.7367961406125527,0.6371563076972961
25,1,27,-0.12933123744794808,1.3716949426297524,0.6792281866073608
25,1,28,-0.0352721556676222,1.4735922812251054,0.6461756229400635
25,1,29,-0.2155520624132468,1.512783565300241,0.680566668510437
25,1,30,-0.15284600789302955,1.606842647080567,0.6230320334434509
25,1,31,0.05094866929767652,1.4579157675950511,0.7142419815063477
25,1,32,0.1998755487831925,1.5911661334505127,0.6713855266571045
25,2,0,-0.19198362611473754,-1.3837310410533914,0.9983359575271606
25,2,1,-0.1485156352963064,-1.4344436970082277,0.997855007648468
25,2,2,-0.13402630502349602,-1.4344436970082277,0.9978963136672974
25,2,3,-0.11953697475068564,-1.4344436970082277,0.9981452822685242
25,2,4,-0.16300496556911678,-1.4344436970082277,0.998045802116394
25,2,5,-0.16300496556911678,-1.4344436970082277,0.998005986213684
25,2,6,-0.1557603004327116,-1.4271990318718226,0.9980955123901368
25,2,7,-0.061579653659444115,-1.3909757061897965,0.9968212246894836
25,2,8,-0.11953697475068564,-1.3909757061897965,0.9969459772109984
25,2,9,-0.1557603004327116,-1.3040397245529343,0.9963909983634948
25,2,10,-0.17749429584192716,-1.3112843896893394,0.9960882663726808
25,2,11,0.054334988523038925,-1.0070084539603215,0.9974535703659058
25,2,12,-0.09780297934147007,-0.992519123687511,0.9977791905403136
25,2,13,0.24994094720597906,-0.4998818944119581,0.5890980362892151
25,2,14,-0.09055831420506488,-0.47090323386633737,0.5219811201095581
25,2,15,-0.17749429584192716,-0.26805261004699205,0.619949996471405
25,2,16,-0.26443027747878944,-0.23907394950137129,0.5599080324172974
25,2,17,-0.27167494261519465,-0.17387196327372456,0.6140875220298767
25,2,18,-0.3513662591156517,-0.17387196327372456,0.5479596257209778
25,2,19,-0.3078982682972206,-0.2245846192285609,0.6136041283607483
25,2,20,-0.3731002545248673,-0.20285062381934532,0.5437278151512146
25,2,21,-0.27891960775159985,-0.25356327977418164,0.607361376285553
25,2,22,-0.33687692884284137,-0.2245846192285609,0.5242844223976135
25,2,23,0.061579653659444115,0.02173399540921557,0.9932154417037964
25,2,24,-0.061579653659444115,-0.02173399540921557,0.9892882108688354
25,2,25,-0.061579653659444115,0.6520198622764671,0.6546511650085449
25,2,26,-0.047090323386633735,0.6375305320036567,0.612120509147644
25,2,27,0.12678163988709082,1.2823057291437188,0.6990076899528503
25,2,28,0.061579653659444115,1.260571733734503,0.6255676746368408
25,2,29,0.2209622866603583,1.376486375916986,0.7004913687705994
25,2,30,0.13402630502349602,1.376486375916986,0.6217257380485535
25,2,31,-0.13402630502349602,1.3547523805077706,0.7263222336769104
25,2,32,-0.09055831420506488,1.3837310410533914,0.6585205793380737
26,1,0,0.17343382209682745,-1.4287643439405309,0.9984560012817384
26,1,1,0.1238813014977339,-1.4865756179728067,0.9979976415634156
26,1,2,0.1238813014977339,-1.4865756179728067,0.9980354309082032
26,1,3,0.1238813014977339,-1.4865756179728067,0.9982682466506958
26,1,4,0.11562254806455163,-1.4783168645396245,0.9981685876846312
26,1,5,0.09910504119818711,-1.4700581111064421,0.9981409907341005
26,1,6,0.09084628776500485,-1.4700581111064421,0.9982281923294068
26,1,7,0.11562254806455163,-1.4370230973737133,0.997039794921875
26,1,8,0.05781127403227582,-1.4205055905073487,0.9971798062324524
26,1,9,0.17343382209682745,-1.3544355630418905,0.9966716766357422
26,1,10,0.15691631523046293,-1.3461768096087083,0.9964179396629332
26,1,11,0.01651750686636452,-1.0075679188482356,0.997517704963684
26,1,12,0.05781127403227582,-0.9910504119818712,0.9979824423789978
26,1,13,0.0,-0.44597268539184204,0.537433922290802
26,1,14,-0.03303501373272904,-0.37990265792638395,0.5683307647705078
26,1,15,-0.00825875343318226,-0.049552520599093555,0.5652891993522644
26,1,16,-0.049552520599093555,0.13214005493091616,0.5957663059234619
26,1,17,-0.03303501373272904,0.06607002746545808,0.5612347722053528
26,1,18,0.01651750686636452,0.29731512359456136,0.5801834464073181
26,1,19,-0.07432878089864034,0.06607002746545808,0.5607118010520935
26,1,20,0.0825875343318226,0.29731512359456136,0.575363039970398
26,1,21,-0.049552520599093555,0.024776260299546778,0.5552529692649841
26,1,22,0.06607002746545808,0.23950384956228551,0.5548732280731201
26,1,23,-0.024776260299546778,0.0,0.993465542793274
26,1,24,0.024776260299546778,0.0,0.9900200963020324
26,1,25,0.00825875343318226,0.7267703021200388,0.606570303440094
26,1,26,0.11562254806455163,0.7432878089864033,0.6324902176856995
26,1,27,-0.07432878089864034,1.4287643439405309,0.6515453457832336
26,1,28,-0.00825875343318226,1.5030931248391712,0.6326206922531128
26,1,29,-0.15691631523046293,1.5526456454382649,0.6637842655181885
26,1,30,-0.11562254806455163,1.6187156729037229,0.6229567527770996
26,1,31,0.09084628776500485,1.5443868920050825,0.6901732683181763
26,1,32,0.17343382209682745,1.6434919332032696,0.6603558659553528
26,2,0,-0.1553476666524184,-1.4220286408952145,0.9983507394790648
26,2,1,-0.09958183759770409,-1.485761016957745,0.9979085326194764
26,2,2,-0.08364874358207143,-1.485761016957745,0.9979732632637024
26,2,3,-0.06771564956643879,-1.4777944699499288,0.9982466101646424
26,2,4,-0.12348147862115308,-1.485761016957745,0.9978916645050048
26,2,5,-0.12348147862115308,-1.4777944699499288,0.9977919459342957
26,2,6,-0.12348147862115308,-1.4777944699499288,0.9978538751602172
26,2,7,-0.003983273503908163,-1.4299951879030308,0.9971614480018616
26,2,8,-0.07568219657425511,-1.4220286408952145,0.9961639046669006
26,2,9,-0.11551493161333674,-1.3423631708170511,0.996798813343048
26,2,10,-0.14738111964460204,-1.3423631708170511,0.9960591793060304
26,2,11,0.08364874358207143,-1.023701290504398,0.9977567791938782
26,2,12,-0.0438160085429898,-0.9759020084575001,0.996739149093628
26,2,13,0.3943440768869082,-0.5138422820041532,0.583585262298584
26,2,14,-0.09958183759770409,-0.43417681192598984,0.5180799961090088
26,2,15,-0.06771564956643879,-0.18721385468368368,0.6085145473480225
26,2,16,-0.25891277775403065,-0.09958183759770409,0.5536999702453613
26,2,17,-0.14738111964460204,-0.08364874358207143,0.6043484210968018
26,2,18,-0.31467860680874493,-0.035849461535173474,0.5425455570220947
26,2,19,-0.219080042714949,-0.1314480256289694,0.6037961840629578
26,2,20,-0.3465447948400102,-0.0438160085429898,0.5387014150619507
26,2,21,-0.18721385468368368,-0.17128076066805104,0.5983914136886597
26,2,22,-0.3067120598009286,-0.07568219657425511,0.5205147862434387
26,2,23,0.0438160085429898,-0.01194982051172449,0.9928272366523744
26,2,24,-0.0438160085429898,0.01194982051172449,0.9869808554649352
26,2,25,-0.003983273503908163,0.752838692238643,0.6357204914093018
26,2,26,0.01194982051172449,0.752838692238643,0.5975472331047058
26,2,27,0.12348147862115308,1.3901624528639491,0.6690396666526794
26,2,28,0.05974910255862245,1.4299951879030308,0.6012193560600281
26,2,29,0.23501313673058166,1.5654264870359083,0.6786933541297913
26,2,30,0.14738111964460204,1.5415268460124594,0.601927638053894
26,2,31,-0.09161529058988777,1.4379617349108471,0.6999450922012329
26,2,32,-0.08364874358207143,1.5654264870359083,0.6351551413536072
27,1,0,0.20280080993735203,-1.4534058045510228,0.9984483122825624
27,1,1,0.14365057370562434,-1.5125560407827505,0.99800843000412
27,1,2,0.14365057370562434,-1.5125560407827505,0.9980460405349731
27,1,3,0.1352005399582347,-1.5125560407827505,0.9983032941818236
27,1,4,0.12675050621084502,-1.504106007035361,0.9980088472366332
27,1,5,0.10985043871606569,-1.4956559732879713,0.9979162812232972
27,1,6,0.09295037122128634,-1.4872059395405814,0.9979811906814576
27,1,7,0.11830047246345535,-1.4449557708036331,0.9972408413887024
27,1,8,0.04225016873694834,-1.428055703308854,0.9964517951011658
27,1,9,0.2112508436847417,-1.3773555008245157,0.9970048069953918
27,1,10,0.17745070869518303,-1.3689054670771261,0.9963709115982056
27,1,11,0.1352005399582347,-1.0055540159393705,0.997769832611084
27,1,12,0.016900067494779337,-0.9886539484445911,0.9970497488975524
27,1,13,0.1352005399582347,-0.4732018898538214,0.5340153574943542
27,1,14,-0.19435077618996235,-0.3971515861273144,0.5648939609527588
27,1,15,0.14365057370562434,0.008450033747389668,0.5630059838294983
27,1,16,-0.15210060745301401,0.10985043871606569,0.5935116410255432
27,1,17,0.1605506412004037,0.10140040496867601,0.5589714050292969
27,1,18,-0.1605506412004037,0.2873011474112487,0.579695999622345
27,1,19,0.19435077618996235,0.15210060745301401,0.5590136647224426
27,1,20,-0.1352005399582347,0.29575118115863835,0.5756551623344421
27,1,21,0.16900067494779336,0.10140040496867601,0.5547695755958557
27,1,22,-0.11830047246345535,0.2366009449269107,0.556394100189209
27,1,23,0.07605030372650701,-0.008450033747389668,0.99316143989563
27,1,24,-0.07605030372650701,0.008450033747389668,0.9879487752914428
27,1,25,0.11830047246345535,0.7605030372650701,0.5809969902038574
27,1,26,-0.033800134989558674,0.7858531385072391,0.5822997093200684
27,1,27,-0.008450033747389668,1.4618558382984126,0.6131771802902222
27,1,28,-0.06760026997911735,1.5548062095196988,0.5747187733650208
27,1,29,-0.10985043871606569,1.5970563782566471,0.6286373138427734
27,1,30,-0.16900067494779336,1.681556715730544,0.5715198516845703
27,1,31,0.17745070869518303,1.5717062770144783,0.6505501866340637
27,1,32,0.15210060745301401,1.7069068169727128,0.6108370423316956
27,2,0,-0.24050632911392406,-1.4472573839662448,0.9985142350196838
27,2,1,-0.19831223628691982,-1.5063291139240507,0.998098373413086
27,2,2,-0.18143459915611815,-1.5063291139240507,0.9981477856636048
27,2,3,-0.16455696202531644,-1.5063291139240507,0.9984010457992554
27,2,4,-0.22362869198312235,-1.5063291139240507,0.9980707764625548
27,2,5,-0.22362869198312235,-1.5063291139240507,0.997969388961792
27,2,6,-0.22362869198312235,-1.4978902953586497,0.99802565574646
27,2,7,-0.08016877637130802,-1.4556962025316456,0.997458815574646
27,2,8,-0.13924050632911392,-1.4472573839662448,0.9965032935142516
27,2,9,-0.20675105485232068,-1.379746835443038,0.9972434639930724
27,2,10,-0.2320675105485232,-1.371308016877637,0.9965322017669678
27,2,11,0.11392405063291139,-1.0337552742616034,0.9979910850524902
27,2,12,-0.11392405063291139,-0.9662447257383966,0.996986210346222
27,2,13,0.4345991561181435,-0.5864978902953587,0.580550491809845
27,2,14,-0.13924050632911392,-0.4177215189873418,0.5182773470878601
27,2,15,0.08016877637130802,-0.05485232067510549,0.6065581440925598
27,2,16,-0.4092827004219409,-0.029535864978902954,0.56621253490448
27,2,17,-0.004219409282700422,-0.012658227848101266,0.6026183366775513
27,2,18,-0.46835443037974683,0.10548523206751055,0.5575193166732788
27,2,19,-0.06329113924050633,-0.02109704641350211,0.60260409116745
27,2,20,-0.5189873417721519,0.0970464135021097,0.5550913214683533
27,2,21,-0.05485232067510549,-0.046413502109704644,0.5983784198760986
27,2,22,-0.4430379746835443,0.046413502109704644,0.5365476012229919
27,2,23,0.08016877637130802,-0.012658227848101266,0.9933593273162842
27,2,24,-0.08016877637130802,0.012658227848101266,0.9877904057502748
27,2,25,0.012658227848101266,0.8565400843881856,0.6166446208953857
27,2,26,-0.07172995780590717,0.8396624472573839,0.5664350986480713
27,2,27,0.02109704641350211,1.6835443037974684,0.6430724859237671
27,2,28,0.004219409282700422,1.6329113924050633,0.565080463886261
27,2,29,0.08860759493670886,1.8523206751054853,0.6535606980323792
27,2,30,0.02109704641350211,1.8270042194092826,0.5666273236274719
27,2,31,-0.1308016877637131,1.8101265822784811,0.67413729429245
27,2,32,-0.1308016877637131,1.7932489451476794,0.6046178936958313
28,1,0,0.16086348353713592,-1.4564666752686632,0.9985954761505128
28,1,1,0.09130089606161769,-1.5086386158753018,0.998202919960022
28,1,2,0.09130089606161769,-1.5086386158753018,0.9982345700263976
28,1,3,0.08260557262717791,-1.5086386158753018,0.998473346233368
28,1,4,0.08260557262717791,-1.499943292440862,0.998196542263031
28,1,5,0.06521492575829835,-1.499943292440862,0.9981032609939576
28,1,6,0.04782427888941879,-1.4912479690064222,0.9981664419174194
28,1,7,0.00434766171721989,-1.4477713518342235,0.9975972771644592
28,1,8,-0.04782427888941879,-1.421685381530904,0.9968045353889464
28,1,9,0.16086348353713592,-1.378208764358705,0.9974285364151
28,1,10,0.14347283666825636,-1.3695134409242653,0.996828317642212
28,1,11,0.09999621949605747,-1.0043098566777946,0.9978658556938172
28,1,12,-0.08260557262717791,-0.9956145332433548,0.9972783923149108
28,1,13,0.00434766171721989,-0.5173717443491669,0.5267991423606873
28,1,14,-0.35216059909481107,-0.4304185100047691,0.5656648278236389
28,1,15,0.00434766171721989,0.01304298515165967,0.5517986416816711
28,1,16,-0.37824656939813045,0.09999621949605747,0.6053463816642761
28,1,17,-0.00434766171721989,0.07391024919273813,0.5487366914749146
28,1,18,-0.4043325397014498,0.2739026881848531,0.5924732089042664
28,1,19,-0.04782427888941879,0.1347775132338166,0.5488945245742798
28,1,20,-0.36955124596369066,0.2912933350537326,0.5894898176193237
28,1,21,-0.03912895545497901,0.08260557262717791,0.5454673171043396
28,1,22,-0.32607462879149174,0.23042607101265417,0.5701726675033569
28,1,23,0.08260557262717791,-0.00434766171721989,0.993561029434204
28,1,24,-0.08260557262717791,0.00434766171721989,0.9887861013412476
28,1,25,0.16955880697157572,0.7869267708168001,0.5766808986663818
28,1,26,-0.1260821897993768,0.7869267708168001,0.5788010358810425
28,1,27,0.04782427888941879,1.5260292627441814,0.5997055768966675
28,1,28,-0.10869154293049725,1.6390684673918985,0.5665478706359863
28,1,29,-0.01304298515165967,1.6303731439574587,0.6112571358680725
28,1,30,-0.19564477727489504,1.778193642342935,0.5491346716880798
28,1,31,0.19564477727489504,1.7434123486051758,0.6405865550041199
28,1,32,0.1347775132338166,1.8303655829495737,0.6039909720420837
28,2,0,-0.1998266146184704,-1.402949356800511,0.9986432790756226
28,2,1,-0.16652217884872533,-1.469558228340001,0.9982746243476868
28,2,2,-0.15819606990628907,-1.4778843372824373,0.9983175992965698
28,2,3,-0.14154385202141653,-1.4778843372824373,0.998555302619934
28,2,4,-0.19150050567603413,-1.4612321193975648,0.9982475638389589
28,2,5,-0.19150050567603413,-1.4612321193975648,0.9981382489204408
28,2,6,-0.1998266146184704,-1.4612321193975648,0.998192012310028
28,2,7,-0.06660887153949013,-1.4362537925702559,0.997793436050415
28,2,8,-0.13321774307898027,-1.4196015746853834,0.9968573451042176
28,2,9,-0.1498699609638528,-1.344666594203457,0.997626006603241
28,2,10,-0.1748482877911616,-1.3363404852610208,0.9969318509101868
28,2,11,0.16652217884872533,-1.0282744543908788,0.998077392578125
28,2,12,-0.08326108942436267,-0.969991691793825,0.9970032572746276
28,2,13,0.47458820971886717,-0.6702517698661195,0.5740326046943665
28,2,14,-0.12489163413654399,-0.46209904630521276,0.5135477781295776
28,2,15,0.0999133073092352,-0.19566356014725225,0.5961412787437439
28,2,16,-0.2914138129852693,-0.020815272356090667,0.558661162853241
28,2,17,0.08326108942436267,-0.05411970812583573,0.592366635799408
28,2,18,-0.31639213981257813,0.07077192601070827,0.5511564612388611
28,2,19,0.016652217884872533,-0.020815272356090667,0.5923479199409485
28,2,20,-0.33304435769745067,0.07909803495314453,0.5490659475326538
28,2,21,0.03330443576974507,-0.0874241438955808,0.5883764624595642
28,2,22,-0.2997399219277056,0.07077192601070827,0.5311275124549866
28,2,23,0.0999133073092352,-0.0124891634136544,0.9937970638275146
28,2,24,-0.0999133073092352,0.0124891634136544,0.98858642578125
28,2,25,0.13321774307898027,0.9200350381392074,0.6148210763931274
28,2,26,-0.0499566536546176,0.9200350381392074,0.5776196718215942
28,2,27,0.1748482877911616,1.7692981502677065,0.6345317363739014
28,2,28,0.08326108942436267,1.7276676055555251,0.5710362195968628
28,2,29,0.0999133073092352,1.9025158933466868,0.6420161128044128
28,2,30,0.04163054471218133,1.877537566519378,0.5562542676925659
28,2,31,-0.0499566536546176,2.010755309598358,0.669068455696106
28,2,32,-0.13321774307898027,1.9524725470013045,0.6111850738525391
29,1,0,0.2109629525468917,-1.4345480773188637,0.998744249343872
29,1,1,0.1350162896300107,-1.4851791859301176,0.9984060525894164
29,1,2,0.1350162896300107,-1.4936177040319933,0.9984312057495116
29,1,3,0.126577771528135,-1.4936177040319933,0.9986531138420104
29,1,4,0.126577771528135,-1.476740667828242,0.9983933568000792
29,1,5,0.1097007353243837,-1.476740667828242,0.9982919096946716
29,1,6,0.10126221722250803,-1.4683021497263662,0.998348593711853
29,1,7,0.050631108611254014,-1.4429865954207393,0.997941255569458
29,1,8,0.0,-1.4092325230132365,0.9971508979797364
29,1,9,0.2109629525468917,-1.3670399325038582,0.9978225827217102
29,1,10,0.1856473982412647,-1.3501628963001069,0.997219443321228
29,1,11,0.11813925342625936,-1.01262217222508,0.9980814456939696
29,1,12,-0.10126221722250803,-0.9873066179194532,0.9972981810569764
29,1,13,0.04219259050937834,-0.5485036766219185,0.5197129845619202
29,1,14,-0.2953481335656484,-0.46411849560316176,0.5615171194076538
29,1,15,0.033754072407502674,-0.033754072407502674,0.5427083969116211
29,1,16,-0.3206636878712754,0.050631108611254014,0.5998155474662781
29,1,17,0.04219259050937834,0.10126221722250803,0.5401189923286438
29,1,18,-0.3459792421769024,0.19408591634314037,0.5895296931266785
29,1,19,0.0,0.11813925342625936,0.5403313636779785
29,1,20,-0.31222516976939974,0.2194014706487674,0.5871195197105408
29,1,21,0.0,0.05906962671312968,0.5371949076652527
29,1,22,-0.27847109736189707,0.16877036203751336,0.5685533285140991
29,1,23,0.08438518101875668,-0.008438518101875668,0.9941436648368835
29,1,24,-0.08438518101875668,0.008438518101875668,0.989568054676056
29,1,25,0.2194014706487674,0.7763436653725615,0.5794750452041626
29,1,26,-0.05906962671312968,0.8016592196781885,0.5939674377441406
29,1,27,0.08438518101875668,1.4936177040319933,0.6010167002677917
29,1,28,-0.008438518101875668,1.5948799212545013,0.5822969675064087
29,1,29,-0.008438518101875668,1.5864414031526257,0.6127989292144775
29,1,30,-0.14345480773188637,1.7214576927826364,0.5529168844223022
29,1,31,0.2194014706487674,1.653949547967631,0.6503059267997742
29,1,32,0.2109629525468917,1.7889658375976416,0.6223958134651184
29,2,0,-0.1731626003089137,-1.3616877206110032,0.9987779855728148
29,2,1,-0.14954951844860728,-1.4325269661919224,0.9984585046768188
29,2,2,-0.13380746387506967,-1.4325269661919224,0.9984936714172364
29,2,3,-0.12593643658830087,-1.4325269661919224,0.9987177848815918
29,2,4,-0.1731626003089137,-1.4246559389051536,0.9984322786331176
29,2,5,-0.1731626003089137,-1.4246559389051536,0.9983130693435668
29,2,6,-0.1731626003089137,-1.4167849116183848,0.998368501663208
29,2,7,-0.06296821829415043,-1.408913884331616,0.998098373413086
29,2,8,-0.11806540930153206,-1.3853008024713096,0.9971628785133362
29,2,9,-0.12593643658830087,-1.3144615568903903,0.9979649186134338
29,2,10,-0.14954951844860728,-1.2987195023168527,0.9972648620605468
29,2,11,0.13380746387506967,-1.0311045745667133,0.9982717037200928
29,2,12,-0.07871027286768804,-0.9681363562725629,0.997002899646759
29,2,13,0.3935513643384402,-0.6769083466621172,0.5676544308662415
29,2,14,-0.13380746387506967,-0.49587471906643465,0.5089981555938721
29,2,15,0.07871027286768804,-0.2125177367427577,0.5880281925201416
29,2,16,-0.24400184588983292,-0.07871027286768804,0.5500454306602478
29,2,17,0.06296821829415043,-0.03935513643384402,0.5848835110664368
29,2,18,-0.25974390046337054,0.05509719100738163,0.5443328022956848
29,2,19,0.015742054573537608,-0.015742054573537608,0.5849416255950928
29,2,20,-0.28335698232367695,0.07083924558091924,0.5426152944564819
29,2,21,0.023613081860306414,-0.07871027286768804,0.5812321901321411
29,2,22,-0.25187287317660173,0.07083924558091924,0.5255281329154968
29,2,23,0.07871027286768804,-0.007871027286768804,0.9943777322769164
29,2,24,-0.07871027286768804,0.007871027286768804,0.9893773794174194
29,2,25,0.09445232744122566,0.8185868378239556,0.6176416277885437
29,2,26,-0.031484109147075216,0.8500709469710308,0.5884156823158264
29,2,27,0.13380746387506967,1.6135605937876047,0.6367693543434143
29,2,28,0.07083924558091924,1.5978185392140671,0.5862192511558533
29,2,29,0.03935513643384402,1.7552390849494433,0.6453894376754761
29,2,30,-0.031484109147075216,1.7316260030891368,0.5612401366233826
29,2,31,-0.07871027286768804,1.8182073032435937,0.6800287365913391
29,2,32,-0.12593643658830087,1.7945942213832873,0.629467248916626
30,1,0,0.33331943401995334,-1.4337301682502104,0.9987500309944152
30,1,1,0.26939515900242805,-1.4976544432677357,0.99846088886261
30,1,2,0.26939515900242805,-1.4976544432677357,0.9984933137893676
30,1,3,0.2602631197142102,-1.4976544432677357,0.9987369775772096
30,1,4,0.25113108042599225,-1.4885224039795177,0.9984952807426452
30,1,5,0.24199904113777437,-1.4793903646912998,0.9983758926391602
30,1,6,0.22373496256133857,-1.4702583254030819,0.998443067073822
30,1,7,0.19633884469668486,-1.4428622075384283,0.9981913566589355
30,1,8,0.13241456967915954,-1.4063340503855566,0.9974008202552797
30,1,9,0.3424514733081713,-1.369805893232685,0.9979626536369324
30,1,10,0.3150553554435176,-1.3515418146562492,0.9974374771118164
30,1,11,0.15981068754381325,-0.9953922824157512,0.997786819934845
30,1,12,0.03196213750876265,-0.9953922824157512,0.9972761869430542
30,1,13,0.041094176796980554,-0.456601964410895,0.5146054625511169
30,1,14,-0.3607155518846071,-0.456601964410895,0.5565417408943176
30,1,15,0.00456601964410895,0.09132039288217901,0.5346245765686035
30,1,16,-0.3789796304610429,0.1461126286114864,0.5837492346763611
30,1,17,0.01369805893232685,0.2556971000701012,0.5325025320053101
30,1,18,-0.44290390547856817,0.3378854536640623,0.5689436197280884
30,1,19,-0.00456601964410895,0.2830932179347549,0.532689094543457
30,1,20,-0.4155077876139145,0.3561495322404981,0.566160261631012
30,1,21,-0.03196213750876265,0.2191689429172296,0.529977560043335
30,1,22,-0.3972437090374787,0.2830932179347549,0.5486109256744385
30,1,23,0.09588641252628796,-0.0091320392882179,0.990073025226593
30,1,24,-0.09588641252628796,0.0091320392882179,0.9884276390075684
30,1,25,0.5250922590725293,0.4383378858344592,0.5731273293495178
30,1,26,0.15067864825559535,0.7944874180749574,0.621069610118866
30,1,27,0.05935825537341635,0.7031670251927783,0.5844842195510864
30,1,28,-0.32418739473173547,1.004524321703969,0.5878720283508301
30,1,29,-0.00456601964410895,0.7031670251927783,0.5967298150062561
30,1,30,-0.4520359447667861,0.9406000466864437,0.5677919387817383
30,1,31,-0.00456601964410895,0.922335968110008,0.6286264657974243
30,1,32,-0.3424514733081713,1.2967495789269419,0.6225491762161255
30,2,0,0.16997821566924493,-1.3639715354922337,0.998267948627472
30,2,1,0.14510335483959932,-1.413721257151525,0.9977694749832152
30,2,2,0.15339497511614786,-1.413721257151525,0.9979310035705566
30,2,3,0.15339497511614786,-1.413721257151525,0.9980971813201904
30,2,4,0.12022849400995374,-1.413721257151525,0.9978564977645874
30,2,5,0.10364525345685667,-1.413721257151525,0.9978116154670716
30,2,6,0.0870620129037596,-1.4054296368749764,0.9977311491966248
30,2,7,0.10364525345685667,-1.3722631557687823,0.997495174407959
30,2,8,0.029020670967919868,-1.355679915215685,0.9967527985572816
30,2,9,0.186561456222342,-1.2976385732798454,0.9968451857566832
30,2,10,0.14510335483959932,-1.305930193556394,0.9967409372329712
30,2,11,0.12022849400995374,-0.9410989013882586,0.9974783062934875
30,2,12,-0.0373122912444684,-1.057181585259938,0.9974973797798156
30,2,13,0.07877039262721107,-0.3855603428595068,0.4777409136295318
30,2,14,-0.3855603428595068,-0.5348095078373803,0.5986738801002502
30,2,15,0.14510335483959932,0.30264414009402146,0.5009082555770874
30,2,16,-0.435310064518798,0.07877039262721107,0.6203967928886414
30,2,17,0.20314469677543906,0.36897710230640973,0.4996080100536346
30,2,18,-0.46847654562499214,0.2611860387112788,0.6037492156028748
30,2,19,0.20314469677543906,0.37726872258295824,0.5006422996520996
30,2,20,-0.4104352036891524,0.2860608995409244,0.600822389125824
30,2,21,0.14510335483959932,0.3441022414767641,0.5001618266105652
30,2,22,-0.3938519631360553,0.24460279815818173,0.5839751362800598
30,2,23,0.12022849400995374,0.029020670967919868,0.9905011653900146
30,2,24,-0.12022849400995374,-0.029020670967919868,0.9893499612808228
30,2,25,0.4933514064546377,0.8664743188993217,0.5610024929046631
30,2,26,-0.020729050691371334,0.8996408000055158,0.652134120464325
30,2,27,-0.0373122912444684,1.4385961179811706,0.5657097697257996
30,2,28,-0.17826983594579346,1.6210117640652382,0.6198105216026306
30,2,29,-0.15339497511614786,1.4800542193639132,0.5822034478187561
30,2,30,-0.26947765898782733,1.7370944479369177,0.593966543674469
30,2,31,0.2114363170519876,1.6127201437886898,0.616150438785553
30,2,32,0.15339497511614786,1.8283022709789516,0.6492089629173279
31,1,0,0.15148548407889947,-1.3797461657997059,0.9984275698661804
31,1,1,0.10235505681006721,-1.4288765930685383,0.99797260761261
31,1,2,0.11054346135487259,-1.4288765930685383,0.998116374015808
31,1,3,0.11054346135487259,-1.4288765930685383,0.9982631206512452
31,1,4,0.07778984317565107,-1.4288765930685383,0.9980554580688475
31,1,5,0.061413034086040326,-1.4206881885237328,0.9980161786079408
31,1,6,0.04503622499642957,-1.4206881885237328,0.9979442358016968
31,1,7,0.061413034086040326,-1.3879345703445114,0.997708261013031
31,1,8,-0.02865941590681882,-1.3715577612549006,0.9970664381980896
31,1,9,0.15967388862370485,-1.3142389294412629,0.9971285462379456
31,1,10,0.12692027044448334,-1.3142389294412629,0.9970529675483704
31,1,11,0.03684782045162419,-0.9539491294698264,0.9975863695144652
31,1,12,-0.12692027044448334,-1.0440215794626855,0.9977460503578186
31,1,13,-0.08597824772045645,-0.44626804769189304,0.4367692470550537
31,1,14,-0.5199636885951414,-0.618224543132806,0.6381738781929016
31,1,15,0.02047101136201344,0.09416665226526183,0.4616155922412872
31,1,16,-0.5199636885951414,-0.012282606817208065,0.6548407077789307
31,1,17,0.012282606817208065,0.18423910225812098,0.4623252749443054
31,1,18,-0.5363404976847522,0.1432970795340941,0.6363977193832397
31,1,19,-0.004094202272402688,0.19242750680292636,0.4634273946285248
31,1,20,-0.47083326132630915,0.15148548407889947,0.6330292224884033
31,1,21,-0.02865941590681882,0.15148548407889947,0.4632585942745209
31,1,22,-0.4298912386022823,0.11054346135487259,0.6162140369415283
31,1,23,0.10235505681006721,0.004094202272402688,0.9910428524017334
31,1,24,-0.10235505681006721,-0.004094202272402688,0.9903712272644044
31,1,25,0.30706517043020165,0.683731779491249,0.5485366582870483
31,1,26,-0.08597824772045645,0.8311230612977457,0.6838814616203308
31,1,27,0.061413034086040326,1.2569200976276254,0.5596893429756165
31,1,28,-0.21699272043734247,1.6827171339575049,0.6532589793205261
31,1,29,-0.09416665226526183,1.3388041430756792,0.5768653154373169
31,1,30,-0.315253574975007,1.8219200112191962,0.6176180243492126
31,1,31,0.3234419795198124,1.445253402158149,0.6184712052345276
31,1,32,0.18423910225812098,1.9119924612120553,0.677406907081604
31,2,0,-0.1833236831991491,-1.3510158392285117,0.9985231161117554
31,2,1,-0.15144130351234056,-1.430721788445533,0.9981070160865784
31,2,2,-0.13550011366893627,-1.430721788445533,0.9982479810714722
31,2,3,-0.11158832890382989,-1.430721788445533,0.9983933568000792
31,2,4,-0.1833236831991491,-1.414780598602129,0.9981662631034852
31,2,5,-0.1833236831991491,-1.414780598602129,0.9981020092964172
31,2,6,-0.1833236831991491,-1.4068100036804267,0.998034656047821
31,2,7,-0.007970594921702134,-1.4068100036804267,0.9979168772697448
31,2,8,-0.09564713906042561,-1.3828982189153203,0.9971810579299928
31,2,9,-0.12752951874723414,-1.2792804849331925,0.9973732829093932
31,2,10,-0.1594118984340427,-1.2713098900114903,0.9971811771392822
31,2,11,0.27100022733787255,-1.0321920423604265,0.9978266954421996
31,2,12,-0.023911784765106404,-0.952486093143405,0.997426986694336
31,2,13,0.6057652140493622,-0.8648095490046815,0.4930091798305511
31,2,14,-0.13550011366893627,-0.6097505115102133,0.5766811966896057
31,2,15,0.32679439178978753,-0.38657385370255354,0.514683187007904
31,2,16,-0.17535308827744694,-0.1554266009731916,0.5945692658424377
31,2,17,0.27100022733787255,-0.20325017050340444,0.5137088298797607
31,2,18,-0.19926487304255336,-0.02789708222595747,0.579963743686676
31,2,19,0.22317665780765977,-0.2191913603468087,0.5144330859184265
31,2,20,-0.1833236831991491,-0.02789708222595747,0.5771708488464355
31,2,21,0.22317665780765977,-0.2749855247987236,0.5127522349357605
31,2,22,-0.16738249335574482,-0.08369124667787241,0.5623084306716919
31,2,23,0.11158832890382989,0.003985297460851067,0.9917993545532228
31,2,24,-0.11158832890382989,-0.003985297460851067,0.9906317591667176
31,2,25,0.14347070859063843,0.7053976505706389,0.5908948183059692
31,2,26,0.015941189843404268,0.888721333769788,0.682039737701416
31,2,27,0.3028826070246811,1.2553687001680862,0.600311815738678
31,2,28,0.06376475937361707,1.669839636096597,0.6578636169433594
31,2,29,0.2550590374944683,1.3271040544634054,0.6124251484870911
31,2,30,0.11955892382553202,1.8212809396089378,0.6251449584960938
31,2,31,0.031882379686808536,1.8212809396089378,0.6519036889076233
31,2,32,-0.09564713906042561,1.908957483747661,0.6846002340316772
32,1,0,0.3105881378994963,-1.4364701377851703,0.9985975623130798
32,1,1,0.24264698273398147,-1.4947054136413258,0.998217523097992
32,1,2,0.2329411034246222,-1.504411292950685,0.9983505606651306
32,1,3,0.2329411034246222,-1.504411292950685,0.9984737634658812
32,1,4,0.22323522411526295,-1.4849995343319666,0.9982959032058716
32,1,5,0.2135293448059037,-1.4849995343319666,0.9982449412345886
32,1,6,0.19411758618718516,-1.4752936550226072,0.9981900453567504
32,1,7,0.15529406894974815,-1.4558818964038889,0.9980718493461608
32,1,8,0.09705879309359258,-1.426764258475811,0.9974496364593506
32,1,9,0.300882258590137,-1.3394113446915776,0.9975146055221558
32,1,10,0.2814704999714185,-1.3297054653822185,0.997418999671936
32,1,11,0.09705879309359258,-0.9899996895546443,0.9978647828102112
32,1,12,-0.04852939654679629,-1.009411448173363,0.9976799488067628
32,1,13,-0.25235286204334073,-0.6697056723457888,0.4521652460098266
32,1,14,-0.5338233620147592,-0.6114703964896333,0.6181108355522156
32,1,15,-0.2135293448059037,-0.19411758618718516,0.4719308316707611
32,1,16,-0.4173528103024481,0.06794115516551481,0.6275485754013062
32,1,17,-0.2135293448059037,0.03882351723743704,0.4710721671581268
32,1,18,-0.4464704482305259,0.26205874135269996,0.6033951640129089
32,1,19,-0.2135293448059037,0.06794115516551481,0.4719461500644684
32,1,20,-0.33970577582757405,0.26205874135269996,0.5992431044578552
32,1,21,-0.22323522411526295,0.00970587930935926,0.4698646962642669
32,1,22,-0.300882258590137,0.19411758618718516,0.5843507051467896
32,1,23,0.04852939654679629,0.00970587930935926,0.9908578395843506
32,1,24,-0.04852939654679629,-0.00970587930935926,0.9912512898445128
32,1,25,0.1455881896403889,0.6697056723457888,0.5380938053131104
32,1,26,0.13588231033102963,0.8735291378423332,0.7007707953453064
32,1,27,0.04852939654679629,0.5241174827053999,0.5447552800178528
32,1,28,-0.1844117068778259,0.6405880344177111,0.6351847648620605
32,1,29,-0.00970587930935926,0.4658822068492444,0.5596885681152344
32,1,30,-0.22323522411526295,0.5435292413241185,0.623416006565094
32,1,31,-0.16499994825910738,0.6308821551083518,0.5958135724067688
32,1,32,-0.2911763792807778,0.7570585861300222,0.6614105105400085
32,2,0,0.12062827202798525,-1.3768261393539007,0.9984748363494872
32,2,1,0.0790323161562662,-1.443379668748651,0.9980422854423524
32,2,2,0.08735150733061,-1.443379668748651,0.9982263445854188
32,2,3,0.09567069850495383,-1.451698859922995,0.9982730746269226
32,2,4,0.04575555145889096,-1.443379668748651,0.9981364011764526
32,2,5,0.029117169110203338,-1.4350604775743072,0.9981364607810974
32,2,6,0.012478786761515715,-1.4350604775743072,0.9980475306510924
32,2,7,0.054074742633234765,-1.4184220952256197,0.9978188276290894
32,2,8,-0.054074742633234765,-1.3851453305282444,0.9975059032440186
32,2,9,0.13726665437667288,-1.3102726099591502,0.997077703475952
32,2,10,0.09567069850495383,-1.3019534187848063,0.9972962141036988
32,2,11,-0.004159595587171905,-0.9359090071136786,0.9977052211761476
32,2,12,-0.11230908085364144,-1.060696874728836,0.997890830039978
32,2,13,-0.17054341907404813,-0.5365878307451758,0.4207836985588074
32,2,14,-0.6197797424886139,-0.7112908454063958,0.6554789543151855
32,2,15,-0.27037371316617387,-0.11230908085364144,0.4358215630054474
32,2,16,-0.4533959190017377,-0.08735150733061,0.6591980457305908
32,2,17,-0.12894746320232905,0.020797977935859528,0.4361254274845123
32,2,18,-0.48667268369911293,0.08735150733061,0.6320308446884155
32,2,19,-0.020797977935859528,0.04575555145889096,0.4373592138290405
32,2,20,-0.395161580781331,0.10398988967929763,0.6280666589736938
32,2,21,-0.08735150733061,0.020797977935859528,0.4365104138851166
32,2,22,-0.37020400725829955,0.04575555145889096,0.6143173575401306
32,2,23,0.054074742633234765,0.012478786761515715,0.9901636242866516
32,2,24,-0.054074742633234765,-0.012478786761515715,0.9914999008178712
32,2,25,0.21213937494576718,0.794482757149834,0.5113452672958374
32,2,26,0.004159595587171905,0.8111211394985215,0.714893102645874
32,2,27,0.054074742633234765,1.3685069481795569,0.5088760852813721
32,2,28,-0.26205452199183005,1.451698859922995,0.6345459222793579
32,2,29,-0.04575555145889096,1.443379668748651,0.5251444578170776
32,2,30,-0.28701209551486145,1.543209962840777,0.6196496486663818
32,2,31,0.1539050367253605,1.6097634922355273,0.5581629276275635
32,2,32,-0.020797977935859528,1.7179129775019968,0.6497748494148254
33,1,0,0.034052420419664615,-1.379123026996417,0.9986059665679932
33,1,1,-0.008513105104916154,-1.4387147627308299,0.9982093572616576
33,1,2,-0.008513105104916154,-1.4387147627308299,0.9983748197555542
33,1,3,0.0,-1.4387147627308299,0.9984135031700134
33,1,4,-0.034052420419664615,-1.4302016576259138,0.9983016848564148
33,1,5,-0.05107863062949692,-1.4302016576259138,0.998303472995758
33,1,6,-0.06810484083932923,-1.4302016576259138,0.9982253909111024
33,1,7,-0.06810484083932923,-1.3961492372062492,0.9979941248893738
33,1,8,-0.15323589188849077,-1.379123026996417,0.9977421164512634
33,1,9,0.034052420419664615,-1.2939919759472553,0.9972934126853944
33,1,10,0.008513105104916154,-1.2939919759472553,0.9975376725196838
33,1,11,-0.09364415615407769,-0.9109022462260284,0.99771249294281
33,1,12,-0.22134073272781998,-1.0641381381145192,0.9980981945991516
33,1,13,-0.21282762762290383,-0.49376009608513693,0.3860260248184204
33,1,14,-0.7491532492326215,-0.7236139339178731,0.6895709037780762
33,1,15,-0.24688004804256847,-0.05959173573441308,0.3997342884540558
33,1,16,-0.5107863062949692,-0.10215726125899384,0.6910359859466553
33,1,17,-0.05959173573441308,0.05959173573441308,0.4018734395503998
33,1,18,-0.49376009608513693,0.11067036636390999,0.6636287569999695
33,1,19,-0.02553931531474846,0.07661794594424538,0.4030798673629761
33,1,20,-0.40862904503597536,0.14472278678357461,0.6596793532371521
33,1,21,-0.05959173573441308,0.05107863062949692,0.4031457006931305
33,1,22,-0.39160283482614305,0.06810484083932923,0.6465463638305664
33,1,23,0.06810484083932923,0.008513105104916154,0.989938497543335
33,1,24,-0.06810484083932923,-0.008513105104916154,0.992150902748108
33,1,25,0.17877520720323922,0.7151008288129569,0.4911902844905853
33,1,26,-0.07661794594424538,0.8002318798621184,0.7341199517250061
33,1,27,0.0,1.3025050810521714,0.4803639054298401
33,1,28,-0.3490373093015623,1.6855948107733985,0.6542713046073914
33,1,29,-0.11067036636390999,1.387636132101333,0.5051059126853943
33,1,30,-0.4511945705605561,1.8558569128717215,0.6343198418617249
33,1,31,0.17026210209832307,1.5323589188849076,0.5343119502067566
33,1,32,-0.1276965765737423,1.9324748588159668,0.6615879535675049
33,2,0,-0.27395037700094765,-1.4006817662790387,0.9987300038337708
33,2,1,-0.20325350551683213,-1.506727073505212,0.99836665391922
33,2,2,-0.16790506977477437,-1.5155641824407267,0.9985172152519226
33,2,3,-0.1325566340327166,-1.5155641824407267,0.9985564351081848
33,2,4,-0.2651132680654332,-1.4890528556341833,0.9984474778175354
33,2,5,-0.27395037700094765,-1.4802157466986687,0.9984430074691772
33,2,6,-0.2827874859364621,-1.4713786377631544,0.9983754754066468
33,2,7,-0.0441855446775722,-1.4978899645696977,0.998180091381073
33,2,8,-0.16790506977477437,-1.444867310956611,0.9979089498519896
33,2,9,-0.15906796083925992,-1.3299848947949233,0.9975507259368896
33,2,10,-0.22976483232337547,-1.3123106769238944,0.9977365136146544
33,2,11,0.07953398041962996,-1.0383602999229469,0.9979405999183656
33,2,12,-0.18557928764580325,-0.9588263195033168,0.9982202053070068
33,2,13,0.5567378629374098,-0.8616181212126579,0.447330892086029
33,2,14,-0.4153441199691787,-0.4992966548565659,0.6561368703842163
33,2,15,0.15906796083925992,-0.3844142386948782,0.4591121673583984
33,2,16,-0.5302265361308665,-0.0220927723387861,0.6809296607971191
33,2,17,0.12371952509720217,-0.20767205998458935,0.4595783352851867
33,2,18,-0.5920862986794675,0.1546494063715027,0.6517994403839111
33,2,19,0.07953398041962996,-0.2430204957266471,0.4604713916778564
33,2,20,-0.600923407614982,0.1546494063715027,0.6486222743988037
33,2,21,0.07953398041962996,-0.29604314933973375,0.459389179944992
33,2,22,-0.5567378629374098,0.10162675275841607,0.6357452273368835
33,2,23,0.0883710893551444,0.01325566340327166,0.9908780455589294
33,2,24,-0.0883710893551444,-0.01325566340327166,0.9926391243934632
33,2,25,-0.03534843574205776,0.6937130514378835,0.5344728827476501
33,2,26,-0.0441855446775722,0.8085954675995713,0.7047446370124817
33,2,27,0.07953398041962996,1.7541661236996164,0.5226022601127625
33,2,28,-0.07069687148411552,1.8778856487968185,0.6293689608573914
33,2,29,0.1502308519037455,1.7983516683771887,0.5393864512443542
33,2,30,0.03534843574205776,2.045790718571593,0.6198474168777466
33,2,31,-0.16790506977477437,2.0369536096360785,0.5686071515083313
33,2,32,-0.24743905019440435,2.1518360257977664,0.6454858779907227
34,1,0,0.04728177048145968,-1.3625746584202472,0.9988495707511902
34,1,1,-0.00429834277104179,-1.431348142756916,0.9985201358795166
34,1,2,-0.00429834277104179,-1.431348142756916,0.9986542463302612
34,1,3,-0.00429834277104179,-1.431348142756916,0.9986894726753236
34,1,4,-0.021491713855208944,-1.4227514572148323,0.9985958337783812
34,1,5,-0.030088399397292524,-1.4227514572148323,0.9985916018486024
34,1,6,-0.04728177048145968,-1.4141547716727487,0.998531937599182
34,1,7,-0.07307182710771042,-1.3969614005885815,0.9983500838279724
34,1,8,-0.12465194036021189,-1.3797680295044144,0.9981147050857544
34,1,9,0.038685084939376106,-1.285204488541495,0.9977814555168152
34,1,10,0.021491713855208944,-1.285204488541495,0.997957706451416
34,1,11,-0.05587845602354326,-0.9499337524002354,0.9980677962303162
34,1,12,-0.24500553794938199,-1.0273039222789877,0.998397171497345
34,1,13,-0.2020221102389641,-0.5888729596327251,0.4123099744319916
34,1,14,-0.7006298716798116,-0.7006298716798116,0.6902342438697815
34,1,15,-0.09026519819187757,-0.14184531144437904,0.4217192232608795
34,1,16,-0.5286961608381401,-0.09886188373396115,0.7106452584266663
34,1,17,-0.05587845602354326,-0.06447514156562684,0.4229622483253479
34,1,18,-0.5286961608381401,0.09886188373396115,0.6813861727714539
34,1,19,-0.021491713855208944,-0.030088399397292524,0.4241208136081695
34,1,20,-0.44272930541730426,0.09886188373396115,0.6780597567558289
34,1,21,-0.030088399397292524,-0.06447514156562684,0.4237741827964782
34,1,22,-0.41693924879105354,0.030088399397292524,0.6652653813362122
34,1,23,0.09026519819187757,0.00429834277104179,0.9910669326782228
34,1,24,-0.09026519819187757,-0.00429834277104179,0.9932451248168944
34,1,25,0.28798896565979987,0.7178232427639788,0.5130738019943237
34,1,26,-0.09026519819187757,0.795193412642731,0.7161364555358887
34,1,27,0.07307182710771042,1.3539779728781636,0.4874680042266845
34,1,28,-0.1934254246968805,1.6204752246827545,0.638247013092041
34,1,29,0.021491713855208944,1.4227514572148323,0.5082617402076721
34,1,30,-0.28798896565979987,1.732232136729841,0.6141393184661865
34,1,31,0.2020221102389641,1.6204752246827545,0.5396609306335449
34,1,32,-0.11605525481812831,1.8869724764873455,0.652039647102356
34,2,0,-0.37401409311654793,-1.3772518958291706,0.998951017856598
34,2,1,-0.3124117718973518,-1.4652552118565938,0.9986466765403748
34,2,2,-0.2948111086918672,-1.474055543459336,0.9987682104110718
34,2,3,-0.2684101138836403,-1.474055543459336,0.9988046288490297
34,2,4,-0.33881276670557875,-1.4564548802538515,0.9987149834632874
34,2,5,-0.33881276670557875,-1.4564548802538515,0.9987056255340576
34,2,6,-0.33881276670557875,-1.4564548802538515,0.998655378818512
34,2,7,-0.1364051398425057,-1.4564548802538515,0.9985012412071228
34,2,8,-0.18040679785621724,-1.4300538854456246,0.9982573986053468
34,2,9,-0.2860107770891249,-1.3068492430072323,0.9979894161224364
34,2,10,-0.3300124351028364,-1.29804891140449,0.9981186389923096
34,2,11,-0.013200497404113457,-1.034038963322221,0.9982603788375854
34,2,12,-0.2684101138836403,-0.9460356472947977,0.9984846115112304
34,2,13,0.462017409143971,-0.8404316680618901,0.4710177779197693
34,2,14,-0.41801575113025946,-0.4972187355549402,0.6536074876785278
34,2,15,0.11000414503427881,-0.34761309830832104,0.479200005531311
34,2,16,-0.576421719979621,-0.013200497404113457,0.6985548734664917
34,2,17,0.04840182381508268,-0.18040679785621724,0.4794888794422149
34,2,18,-0.6380240411988171,0.16280613465073263,0.6673930287361145
34,2,19,0.004400165801371153,-0.18920712945895954,0.4803933799266815
34,2,20,-0.6468243728015594,0.16280613465073263,0.664828896522522
34,2,21,0.004400165801371153,-0.24200911907541336,0.4793543219566345
34,2,22,-0.5940223831851056,0.1012038134315365,0.6525968909263611
34,2,23,0.07480281862330959,0.022000829006855762,0.991889715194702
34,2,24,-0.07480281862330959,-0.022000829006855762,0.9936739206314088
34,2,25,-0.11000414503427881,0.778829346842694,0.5567002296447754
34,2,26,-0.17160646625347495,0.8844333260756017,0.6903974413871765
34,2,27,0.03960149221234037,1.7820671495553166,0.5313237309455872
34,2,28,-0.11000414503427881,1.7996678127608012,0.6189982295036316
34,2,29,0.11880447663702111,1.8876711287882244,0.5447661280632019
34,2,30,0.004400165801371153,1.9844747764183897,0.6059191823005676
34,2,31,-0.21560812426718645,2.054877429240328,0.5764654874801636
34,2,32,-0.3300124351028364,2.081278424048555,0.6407318711280823
35,1,0,0.004203127870667537,-1.3492040464842796,0.9990452527999878
35,1,1,-0.046234406577342915,-1.4164540924149602,0.9987674951553344
35,1,2,-0.046234406577342915,-1.4164540924149602,0.9988730549812316
35,1,3,-0.05464066231867799,-1.4164540924149602,0.9989061951637268
35,1,4,-0.06304691806001307,-1.408047836673625,0.9988343715667723
35,1,5,-0.07985942954268321,-1.408047836673625,0.9988250732421876
35,1,6,-0.09667194102535337,-1.408047836673625,0.99878191947937
35,1,7,-0.10507819676668845,-1.38282906944962,0.9986231327056884
35,1,8,-0.17232824269736904,-1.3744228137082848,0.9984270930290222
35,1,9,-0.004203127870667537,-1.2735477448122638,0.9981704354286194
35,1,10,-0.021015639353337688,-1.2735477448122638,0.9983006119728088
35,1,11,-0.07145317380134814,-0.9709225381242012,0.9983561038970948
35,1,12,-0.2900158230760601,-0.9961413053482064,0.9986355900764464
35,1,13,-0.17232824269736904,-0.5590160067987825,0.4321993291378021
35,1,14,-0.727141121625484,-0.6598910756948034,0.6880112886428833
35,1,15,0.029421895094672763,-0.2647970558520549,0.4387079179286957
35,1,16,-0.40770340345475115,-0.17232824269736904,0.7270457744598389
35,1,17,0.029421895094672763,-0.13870321973202873,0.4404226243495941
35,1,18,-0.3320471017827355,-0.029421895094672763,0.6966046094894409
35,1,19,0.05464066231867799,-0.16392198695603397,0.4415308833122253
35,1,20,-0.2563908001107198,-0.08826568528401829,0.6937915086746216
35,1,21,0.03782815083600784,-0.19754700992137428,0.4409959614276886
35,1,22,-0.28160956733472503,-0.13870321973202873,0.6810793280601501
35,1,23,0.07985942954268321,-0.004203127870667537,0.992280900478363
35,1,24,-0.07985942954268321,0.004203127870667537,0.9942538738250732
35,1,25,0.2900158230760601,0.6767035871774736,0.5459462404251099
35,1,26,-0.08826568528401829,0.8700474692281803,0.7175261974334717
35,1,27,0.12189070824935859,1.2315164661055886,0.5249916315078735
35,1,28,-0.21435952140404443,1.7611105778096983,0.6532087922096252
35,1,29,0.05464066231867799,1.3071727677776042,0.5417686700820923
35,1,30,-0.3320471017827355,1.8872044139297244,0.6334010362625122
35,1,31,0.30682833455873026,1.3492040464842796,0.580834150314331
35,1,32,0.021015639353337688,1.9964857385670804,0.671295166015625
35,2,0,-0.22428651600295765,-1.3711100223577033,0.999131441116333
35,2,1,-0.1735046633230427,-1.4642100856042142,0.9988779425621032
35,2,2,-0.14811373698308525,-1.4642100856042142,0.998973786830902
35,2,3,-0.13118645275644694,-1.4726737277175332,0.9990053772926332
35,2,4,-0.19043194754968104,-1.4557464434908949,0.9989373683929444
35,2,5,-0.18196830543636186,-1.4557464434908949,0.9989263415336608
35,2,6,-0.16504102120972355,-1.4557464434908949,0.9988884925842284
35,2,7,-0.07194095796321283,-1.4557464434908949,0.998753011226654
35,2,8,-0.1565773790964044,-1.4303555171509374,0.9985631108283995
35,2,9,-0.14811373698308525,-1.294937243337831,0.9983457326889038
35,2,10,-0.1735046633230427,-1.286473601224512,0.9984487295150756
35,2,11,0.10579552641648945,-1.0579552641648946,0.9985197186470032
35,2,12,-0.20735923177631935,-0.9394642745784264,0.9987324476242064
35,2,13,0.5205139899691281,-0.7278732217454474,0.4888816177845001
35,2,14,-0.3343138634761067,-0.4655003162325536,0.6641051173210144
35,2,15,0.1565773790964044,-0.3554729687594046,0.4942225515842438
35,2,16,-0.4274139267226174,-0.09310006324651073,0.7192465662956238
35,2,17,0.10579552641648945,-0.22005469494629806,0.494672566652298
35,2,18,-0.4951230636291707,0.033854568453276626,0.6879194378852844
35,2,19,0.1396500948697661,-0.2539092633995747,0.4955008924007416
35,2,20,-0.5035867057424899,0.008463642113319157,0.6865452527999878
35,2,21,0.10579552641648945,-0.2877638318528513,0.4940323531627655
35,2,22,-0.4443412109492557,-0.05078185267991494,0.6735092401504517
35,2,23,0.08886824218985115,-0.016927284226638313,0.9929353594779968
35,2,24,-0.08886824218985115,0.016927284226638313,0.9945187568664552
35,2,25,-0.02962274739661705,0.8040460007653198,0.5857366919517517
35,2,26,-0.07194095796321283,0.9056097061251498,0.688357949256897
35,2,27,0.1396500948697661,1.6673374963238738,0.5638275146484375
35,2,28,0.0380863895099362,1.7604375595703845,0.632870078086853
35,2,29,0.22428651600295765,1.8196830543636187,0.5763692259788513
35,2,30,0.1565773790964044,1.9043194754968102,0.6240136027336121
35,2,31,-0.055013673736574516,1.9297104018367677,0.6111924052238464
35,2,32,-0.08886824218985115,2.0143468229699595,0.6541373133659363
36,1,0,0.007946713171674597,-1.3350478128413323,0.9992022514343262
36,1,1,-0.03178685268669839,-1.4065682313864039,0.998964548110962
36,1,2,-0.03178685268669839,-1.4065682313864039,0.9990386366844176
36,1,3,-0.03178685268669839,-1.4065682313864039,0.9990771412849426
36,1,4,-0.05562699220172218,-1.3986215182147292,0.9990284442901612
36,1,5,-0.06357370537339678,-1.3906748050430546,0.9990159869194032
36,1,6,-0.07946713171674598,-1.3906748050430546,0.9989874958992004
36,1,7,-0.07152041854507138,-1.3747813786997054,0.9987940788269044
36,1,8,-0.15098755026181734,-1.3588879523563562,0.9986978769302368
36,1,9,0.007946713171674597,-1.263527394296261,0.9984769821166992
36,1,10,-0.015893426343349195,-1.263527394296261,0.998592734336853
36,1,11,-0.03178685268669839,-0.9933391464593246,0.998605489730835
36,1,12,-0.19866782929186494,-0.9933391464593246,0.9988568425178528
36,1,13,-0.10330727123176976,-0.5880567747039203,0.4487245380878448
36,1,14,-0.6039502010472694,-0.5960034878755948,0.6973627805709839
36,1,15,0.15893426343349196,-0.2701882478369363,0.4559465944766998
36,1,16,-0.21456125563521414,-0.2701882478369363,0.745343029499054
36,1,17,0.19866782929186494,-0.20661454246353952,0.4586016833782196
36,1,18,-0.11125398440344436,-0.18277440294851574,0.7147859930992126
36,1,19,0.23045468197856334,-0.22250796880688872,0.4598148465156555
36,1,20,-0.05562699220172218,-0.23045468197856334,0.7130411863327026
36,1,21,0.19866782929186494,-0.26224153466526173,0.4590745568275451
36,1,22,-0.08741384488842058,-0.26224153466526173,0.6990582346916199
36,1,23,0.06357370537339678,-0.007946713171674597,0.993193745613098
36,1,24,-0.06357370537339678,0.007946713171674597,0.9947559237480164
36,1,25,0.03973356585837299,0.7946713171674598,0.5483401417732239
36,1,26,0.023840139515023794,0.8344048830258327,0.6968593001365662
36,1,27,-0.23045468197856334,1.5496090684765464,0.5390180945396423
36,1,28,-0.16688097660516654,1.6131827738499434,0.6480610370635986
36,1,29,-0.3417086663820077,1.6847031923950146,0.559969425201416
36,1,30,-0.2701882478369363,1.7323834714250623,0.6374053359031677
36,1,31,-0.03178685268669839,1.7482768977684116,0.5939761400222778
36,1,32,0.05562699220172218,1.7880104636267844,0.6696717739105225
36,2,0,-0.1621428263551196,-1.3511902196259964,0.9992547035217284
36,2,1,-0.12353739150866254,-1.4129589153803277,0.9990341663360596
36,2,2,-0.10809521757007971,-1.420680002349619,0.9991039633750916
36,2,3,-0.0926530436314969,-1.420680002349619,0.9991418719291688
36,2,4,-0.13125847847795394,-1.4129589153803277,0.99908846616745
36,2,5,-0.11581630453937113,-1.4052378284110363,0.9990723133087158
36,2,6,-0.0926530436314969,-1.4052378284110363,0.999047040939331
36,2,7,-0.10809521757007971,-1.3897956544724535,0.9988961219787598
36,2,8,-0.1853060872629938,-1.3743534805338706,0.9987793564796448
36,2,9,-0.10809521757007971,-1.281700436902374,0.9986130595207214
36,2,10,-0.11581630453937113,-1.2739793499330825,0.9986902475357056
36,2,11,0.11581630453937113,-1.0269045669157573,0.9987425804138184
36,2,12,-0.14670065241653676,-0.9728569581307175,0.998914897441864
36,2,13,0.44010195724961026,-0.6562923923897697,0.5037136673927307
36,2,14,-0.30884347877165635,-0.54819717481969,0.6632251143455505
36,2,15,0.14670065241653676,-0.34744891361811336,0.5096626877784729
36,2,16,-0.42465978331102744,-0.25479586998661646,0.7271203994750977
36,2,17,0.14670065241653676,-0.2625169569559079,0.5110105276107788
36,2,18,-0.48642847906535874,-0.21619043514015943,0.6974475383758545
36,2,19,0.06948978272362268,-0.2856802178637821,0.5119262337684631
36,2,20,-0.48642847906535874,-0.23935369604803367,0.6976715326309204
36,2,21,0.08493195666220549,-0.3242856527102392,0.5101179480552673
36,2,22,-0.4478230442189017,-0.2779591308944907,0.6840922832489014
36,2,23,0.07721086969291409,0.0,0.993513286113739
36,2,24,-0.07721086969291409,0.0,0.9945732951164246
36,2,25,-0.023163260907874225,0.756666522990558,0.5868820548057556
36,2,26,-0.030884347877165635,0.756666522990558,0.6696490049362183
36,2,27,0.0,1.528775219919699,0.5742425918579102
36,2,28,0.038605434846457044,1.5442173938582817,0.6276688575744629
36,2,29,0.13125847847795394,1.6754758723362355,0.5929678678512573
36,2,30,0.15442173938582818,1.6523126114283615,0.6288095712661743
36,2,31,-0.10037413060078831,1.814455437783481,0.6193233728408813
36,2,32,0.007721086969291409,1.7295234811212754,0.6517080068588257
37,1,0,0.003861953907638899,-1.3555458215812535,0.9992988109588624
37,1,1,-0.019309769538194493,-1.409613176288198,0.9990867376327516
37,1,2,-0.011585861722916696,-1.409613176288198,0.9991340637207032
37,1,3,0.003861953907638899,-1.4173370841034758,0.999187171459198
37,1,4,-0.03475758516875009,-1.409613176288198,0.9991415739059448
37,1,5,-0.04248149298402789,-1.4018892684729203,0.9991164803504944
37,1,6,-0.03475758516875009,-1.4018892684729203,0.9991053342819214
37,1,7,-0.03475758516875009,-1.3709936372118092,0.9988923668861388
37,1,8,-0.09654884769097248,-1.3555458215812535,0.9988676309585572
37,1,9,0.027033677353472292,-1.2783067434284756,0.998693585395813
37,1,10,0.003861953907638899,-1.2783067434284756,0.9987934827804564
37,1,11,-0.011585861722916696,-0.992522154263197,0.998804807662964
37,1,12,-0.15834011021319486,-1.0002460620784748,0.9990133047103882
37,1,13,-0.08110103206041688,-0.4904681462701402,0.4593257009983063
37,1,14,-0.42095297593264,-0.5290876853465292,0.6948407292366028
37,1,15,0.2819226352576396,-0.2587509118118062,0.4726989567279815
37,1,16,0.003861953907638899,-0.33598998996458423,0.7455519437789917
37,1,17,0.343713897779862,-0.20468355710486164,0.4779344499111175
37,1,18,0.12744447895208366,-0.27419872744236184,0.7137235999107361
37,1,19,0.3746095290409732,-0.23557918836597283,0.4796545207500458
37,1,20,0.15834011021319486,-0.3282660821493064,0.7124529480934143
37,1,21,0.33598998996458423,-0.2587509118118062,0.477902352809906
37,1,22,0.13516838676736145,-0.343713897779862,0.694071352481842
37,1,23,0.05020540079930569,-0.003861953907638899,0.9937251210212708
37,1,24,-0.05020540079930569,0.003861953907638899,0.9946245551109314
37,1,25,0.11199666332152806,0.7299092885437519,0.5454244613647461
37,1,26,0.08882493987569468,0.7221853807284742,0.6793451309204102
37,1,27,-0.22013137273541725,1.4173370841034758,0.546403169631958
37,1,28,-0.08110103206041688,1.4327848997340316,0.6383415460586548
37,1,29,-0.343713897779862,1.571815240409032,0.571571409702301
37,1,30,-0.28964654307291743,1.5949869638548653,0.6345749497413635
37,1,31,0.011585861722916696,1.5795391482243097,0.5977702736854553
37,1,32,0.08882493987569468,1.6104347794854208,0.6625974774360657
37,2,0,-0.14062392712867205,-1.367177069306534,0.9993177652359008
37,2,1,-0.10937416554452271,-1.43748903287087,0.99911767244339
37,2,2,-0.09374928475244805,-1.43748903287087,0.9991623759269714
37,2,3,-0.07031196356433603,-1.4453014732669074,0.9992172122001648
37,2,4,-0.12499904633659739,-1.4296765924748327,0.999152898788452
37,2,5,-0.11718660594056006,-1.4296765924748327,0.9991208910942078
37,2,6,-0.10937416554452271,-1.4296765924748327,0.9991121292114258
37,2,7,-0.07812440396037337,-1.4062392712867207,0.9989624619483948
37,2,8,-0.1484363675247094,-1.390614390494646,0.998846709728241
37,2,9,-0.10156172514848538,-1.3046775461382352,0.9987841248512268
37,2,10,-0.12499904633659739,-1.3046775461382352,0.9987993240356444
37,2,11,0.11718660594056006,-1.0234296918808912,0.998914897441864
37,2,12,-0.12499904633659739,-0.9765550495046671,0.9989444613456726
37,2,13,0.2968727350494188,-0.5468708277226136,0.5131011605262756
37,2,14,-0.21874833108904543,-0.5234335065345016,0.6447762250900269
37,2,15,0.03906220198018669,-0.28906029465338146,0.5244659185409546
37,2,16,-0.2109358906930081,-0.3359349370296055,0.717857837677002
37,2,17,-0.05468708277226136,-0.2109358906930081,0.5280198454856873
37,2,18,-0.35155981782168017,-0.2656229734652695,0.6925604939460754
37,2,19,-0.10937416554452271,-0.24999809267319478,0.5294235348701477
37,2,20,-0.3437473774256428,-0.2968727350494188,0.6929345726966858
37,2,21,-0.09374928475244805,-0.2812478542573441,0.526610255241394
37,2,22,-0.28906029465338146,-0.3124976158414935,0.6760862469673157
37,2,23,0.023437321188112013,-0.015624880792074674,0.9939317107200624
37,2,24,-0.023437321188112013,0.015624880792074674,0.9945232272148132
37,2,25,0.023437321188112013,0.7734315992076963,0.5817024111747742
37,2,26,0.023437321188112013,0.7343693972275097,0.6373294591903687
37,2,27,-0.007812440396037337,1.4218641520787954,0.5747491717338562
37,2,28,0.11718660594056006,1.43748903287087,0.6120566725730896
37,2,29,0.13281148673263474,1.6328000427718035,0.6012279987335205
37,2,30,0.2109358906930081,1.6406124831678408,0.6200211048126221
37,2,31,-0.0859368443564107,1.6718622447519902,0.6167011857032776
37,2,32,0.0,1.7031120063361394,0.6387227773666382
38,1,0,0.0969601408039691,-1.3953828959179901,0.9992592930793762
38,1,1,0.0969601408039691,-1.462833428651186,0.9990005493164062
38,1,2,0.12225409057891756,-1.462833428651186,0.9990175366401672
38,1,3,0.11382277398726807,-1.4712647452428356,0.9991382956504822
38,1,4,0.07166619102902064,-1.4544021120595365,0.9990296959877014
38,1,5,0.08009750762067012,-1.4544021120595365,0.9989681243896484
38,1,6,0.0969601408039691,-1.4544021120595365,0.9990013837814332
38,1,7,0.012646974887474231,-1.429108162284588,0.9987682700157166
38,1,8,-0.05480355784572167,-1.4038142125096396,0.9987422823905944
38,1,9,0.10539145739561859,-1.3195010465931447,0.9986986517906188
38,1,10,0.08009750762067012,-1.3195010465931447,0.9987968802452089
38,1,11,0.04637224125407218,-0.9906796995188147,0.9988720417022704
38,1,12,-0.13068540717056706,-1.0075423327021138,0.9990251064300536
38,1,13,0.06323487443737115,-0.44264412106159806,0.4682938456535339
38,1,14,-0.20656725649541244,-0.45950675424489706,0.6774884462356567
38,1,15,0.41735017128664964,-0.2149985730870619,0.4846179485321045
38,1,16,0.2740177892286083,-0.3836249049200517,0.7378606796264648
38,1,17,0.5438199201613919,-0.14754804035386604,0.4919598698616028
38,1,18,0.4089188546950001,-0.37519358832840216,0.7118002772331238
38,1,19,0.5859765031196393,-0.18970462331211346,0.4941087961196899
38,1,20,0.44264412106159806,-0.46793807083654654,0.711073637008667
38,1,21,0.5353886035697424,-0.2149985730870619,0.4917490482330322
38,1,22,0.39205622151170116,-0.45950675424489706,0.6893733143806458
38,1,23,0.08009750762067012,-0.012646974887474231,0.9938598275184632
38,1,24,-0.08009750762067012,0.012646974887474231,0.994357705116272
38,1,25,0.3161743721868558,0.6449957192611858,0.5396497845649719
38,1,26,0.13911672376221654,0.7630341515442786,0.6497747898101807
38,1,27,0.08852882421231961,1.3447949963680932,0.5380188822746277
38,1,28,-0.08009750762067012,1.530283961384382,0.6223192811012268
38,1,29,-0.012646974887474231,1.445970795467887,0.5679464340209961
38,1,30,-0.26558647263695884,1.6989102932173716,0.6221942901611328
38,1,31,0.24872383945365986,1.5218526447927325,0.5853899121284485
38,1,32,0.2234298896787114,1.7157729264006707,0.6455458402633667
38,2,0,-0.1693548387096774,-1.407258064516129,0.9991285800933838
38,2,1,-0.14516129032258066,-1.471774193548387,0.9988775849342346
38,2,2,-0.12903225806451613,-1.471774193548387,0.99888813495636
38,2,3,-0.12096774193548387,-1.471774193548387,0.9990313053131104
38,2,4,-0.1693548387096774,-1.4637096774193548,0.9988631010055542
38,2,5,-0.16129032258064516,-1.4637096774193548,0.9987767934799194
38,2,6,-0.1532258064516129,-1.4556451612903225,0.9988374710083008
38,2,7,-0.08870967741935484,-1.4314516129032258,0.998742938041687
38,2,8,-0.12903225806451613,-1.4153225806451613,0.9984976649284364
38,2,9,-0.13709677419354838,-1.3266129032258065,0.998698353767395
38,2,10,-0.16129032258064516,-1.3346774193548387,0.99855238199234
38,2,11,0.11290322580645161,-1.0120967741935485,0.9989711046218872
38,2,12,-0.11290322580645161,-0.9879032258064516,0.9988405704498292
38,2,13,0.1774193548387097,-0.4637096774193548,0.5210946202278137
38,2,14,-0.0967741935483871,-0.4314516129032258,0.6191697716712952
38,2,15,-0.1693548387096774,-0.3588709677419355,0.5348947048187256
38,2,16,0.008064516129032258,-0.3588709677419355,0.6869311332702637
38,2,17,-0.3225806451612903,-0.3346774193548387,0.540033221244812
38,2,18,-0.23387096774193547,-0.3185483870967742,0.6671186685562134
38,2,19,-0.3387096774193548,-0.4314516129032258,0.5417447686195374
38,2,20,-0.2903225806451613,-0.375,0.6673842072486877
38,2,21,-0.29838709677419356,-0.43951612903225806,0.5378443002700806
38,2,22,-0.23387096774193547,-0.3911290322580645,0.6478410959243774
38,2,23,0.07258064516129033,-0.004032258064516129,0.9937877655029296
38,2,24,-0.07258064516129033,0.004032258064516129,0.9934417009353638
38,2,25,0.04838709677419355,0.7540322580645161,0.5789716243743896
38,2,26,-0.10483870967741936,0.7298387096774194,0.6179812550544739
38,2,27,0.0967741935483871,1.278225806451613,0.5742928385734558
38,2,28,0.06451612903225806,1.4959677419354838,0.6060385704040527
38,2,29,0.23387096774193547,1.439516129032258,0.5992432236671448
38,2,30,0.18548387096774194,1.6653225806451613,0.6176544427871704
38,2,31,-0.03225806451612903,1.5362903225806452,0.6141893863677979
38,2,32,-0.04838709677419355,1.689516129032258,0.6362901329994202
39,1,0,0.1025603565460015,-1.401658206128687,0.9989932775497437
39,1,1,0.1025603565460015,-1.4614850807805213,0.9985857009887696
39,1,2,0.1025603565460015,-1.4614850807805213,0.9985892176628112
39,1,3,0.09401366016716804,-1.4700317771593547,0.9988166093826294
39,1,4,0.07692026740950113,-1.4614850807805213,0.9986124634742736
39,1,5,0.07692026740950113,-1.4529383844016879,0.9984755516052246
39,1,6,0.06837357103066767,-1.4529383844016879,0.9985776543617249
39,1,7,0.017093392757666918,-1.4272982952651876,0.99837464094162
39,1,8,-0.025640089136500375,-1.401658206128687,0.9981653094291688
39,1,9,0.11110705292483496,-1.3161912423403526,0.9984279274940492
39,1,10,0.08546696378833459,-1.324737938719186,0.9984471201896667
39,1,11,0.07692026740950113,-0.9743233871870143,0.9987452030181884
39,1,12,-0.09401366016716804,-1.025603565460015,0.9989232420921326
39,1,13,0.08546696378833459,-0.4273348189416729,0.4776230454444885
39,1,14,-0.17948062395550263,-0.3931480334263391,0.6536164879798889
39,1,15,0.4187881225628394,-0.2734942841226707,0.4911935031414032
39,1,16,0.299134373259171,-0.3846013370475056,0.7070087194442749
39,1,17,0.5469885682453414,-0.23076080222850337,0.4983224272727966
39,1,18,0.43588151532050634,-0.37605464066867217,0.685358464717865
39,1,19,0.5897220501395086,-0.3076810696380045,0.5004922151565552
39,1,20,0.4700683008358402,-0.47861499721467365,0.6838973164558411
39,1,21,0.5384418718665078,-0.34186785515333834,0.4972920715808868
39,1,22,0.4187881225628394,-0.47861499721467365,0.6589899063110352
39,1,23,0.07692026740950113,-0.008546696378833459,0.9923047423362732
39,1,24,-0.07692026740950113,0.008546696378833459,0.992944061756134
39,1,25,0.3931480334263391,0.4700683008358402,0.5342229604721069
39,1,26,0.11965374930366841,0.8290295487468454,0.6368783116340637
39,1,27,0.2820409805015041,1.0512436545965154,0.5299052596092224
39,1,28,-0.11110705292483496,1.6238723119783571,0.6229813694953918
39,1,29,0.19657401671316954,1.1538040111425167,0.5579758882522583
39,1,30,-0.23076080222850337,1.7862595431761927,0.6255844831466675
39,1,31,0.45297490807817326,1.2563643676885183,0.5735012292861938
39,1,32,0.205120713092003,1.7777128467973593,0.6443631649017334
39,2,0,-0.17283804266532105,-1.41562587325882,0.999010682106018
39,2,1,-0.16460765968125815,-1.4814689371313234,0.998634159564972
39,2,2,-0.15637727669719526,-1.4814689371313234,0.99863201379776
39,2,3,-0.14814689371313233,-1.4896993201153863,0.998850166797638
39,2,4,-0.18929880863344686,-1.4814689371313234,0.9986477494239808
39,2,5,-0.18106842564938397,-1.4814689371313234,0.9985108375549316
39,2,6,-0.18929880863344686,-1.4814689371313234,0.998615026473999
39,2,7,-0.0987645958087549,-1.4485474051950717,0.9984775185585022
39,2,8,-0.14814689371313233,-1.432086639226946,0.9982019662857056
39,2,9,-0.15637727669719526,-1.341552426402254,0.9985340237617492
39,2,10,-0.18106842564938397,-1.341552426402254,0.9984666705131532
39,2,11,0.12345574476094362,-1.0123371070397376,0.9988561272621156
39,2,12,-0.11522536177688071,-0.987645958087549,0.9988629817962646
39,2,13,0.2551418725059501,-0.46090144710752284,0.5295937061309814
39,2,14,-0.12345574476094362,-0.4032887662190825,0.6021721959114075
39,2,15,-0.18106842564938397,-0.3785976172668937,0.5409691333770752
39,2,16,-0.2222203405696985,-0.38682800025095665,0.6684637069702148
39,2,17,-0.3374457023465792,-0.3374457023465792,0.5459207892417908
39,2,18,-0.36213685129876794,-0.353906468314705,0.6523885726928711
39,2,19,-0.3456760853306421,-0.4362102981553341,0.5476754903793335
39,2,20,-0.36213685129876794,-0.4197495321872083,0.6520869731903076
39,2,21,-0.3045241704103276,-0.46090144710752284,0.5432270169258118
39,2,22,-0.3209849363784534,-0.444440681139397,0.6290943026542664
39,2,23,0.06584306387250326,-0.008230382984062907,0.99219810962677
39,2,24,-0.06584306387250326,0.008230382984062907,0.9923630952835084
39,2,25,0.06584306387250326,0.798347149454102,0.5760956406593323
39,2,26,-0.04938229790437745,0.8477294473584794,0.6073449850082397
39,2,27,0.16460765968125815,1.4814689371313234,0.5656718611717224
39,2,28,0.11522536177688071,1.5390816180197637,0.6093754768371582
39,2,29,0.2798330214581389,1.6213854478603928,0.590844452381134
39,2,30,0.2222203405696985,1.6954588947169589,0.6241989731788635
39,2,31,0.016460765968125814,1.596694298908204,0.6020599603652954
39,2,32,-0.07407344685656617,1.7283804266532106,0.6358020901679993
40,1,0,0.1459227467811159,-1.407725321888412,0.998964250087738
40,1,1,0.11158798283261803,-1.4763948497854078,0.9985618591308594
40,1,2,0.11158798283261803,-1.4763948497854078,0.998565137386322
40,1,3,0.11158798283261803,-1.4763948497854078,0.9988073706626892
40,1,4,0.0944206008583691,-1.4678111587982832,0.998553991317749
40,1,5,0.07725321888412018,-1.4678111587982832,0.9984080791473388
40,1,6,0.060085836909871244,-1.4592274678111588,0.9984998106956482
40,1,7,0.05150214592274678,-1.4334763948497855,0.9984389543533324
40,1,8,-0.02575107296137339,-1.407725321888412,0.9980655908584596
40,1,9,0.1630901287553648,-1.3304721030042919,0.9983625411987304
40,1,10,0.13733905579399142,-1.3304721030042919,0.9983430504798888
40,1,11,0.06866952789699571,-0.9785407725321889,0.998849391937256
40,1,12,-0.06866952789699571,-1.0214592274678111,0.9989264011383056
40,1,13,0.18025751072961374,-0.3776824034334764,0.4952068626880646
40,1,14,0.07725321888412018,-0.3948497854077253,0.6405245065689087
40,1,15,0.4978540772532189,-0.2832618025751073,0.5113350749015808
40,1,16,0.4978540772532189,-0.6437768240343348,0.697892427444458
40,1,17,0.6952789699570815,-0.24892703862660945,0.5171656012535095
40,1,18,0.6180257510729614,-0.703862660944206,0.6810892224311829
40,1,19,0.7381974248927039,-0.3605150214592275,0.5198227167129517
40,1,20,0.6266094420600858,-0.7811158798283262,0.680346667766571
40,1,21,0.6695278969957081,-0.3605150214592275,0.5151040554046631
40,1,22,0.5836909871244635,-0.7639484978540773,0.6560097336769104
40,1,23,0.05150214592274678,0.0,0.9924179315567015
40,1,24,-0.05150214592274678,0.0,0.9923856854438782
40,1,25,0.4892703862660944,0.5064377682403434,0.5349050760269165
40,1,26,0.22317596566523606,0.7896995708154506,0.6137712001800537
40,1,27,0.30042918454935624,1.2446351931330473,0.5218598246574402
40,1,28,-0.017167381974248927,1.51931330472103,0.6091370582580566
40,1,29,0.1888412017167382,1.3562231759656653,0.5497277975082397
40,1,30,-0.17167381974248927,1.7081545064377683,0.6210671067237854
40,1,31,0.43776824034334766,1.44206008583691,0.5618937611579895
40,1,32,0.1630901287553648,1.7682403433476395,0.6332054138183594
40,2,0,-0.13373291816756291,-1.3884623562691092,0.9990492463111876
40,2,1,-0.1179996336772614,-1.4513954942303153,0.9986833930015564
40,2,2,-0.1179996336772614,-1.4513954942303153,0.9986832737922668
40,2,3,-0.11013299143211064,-1.4513954942303153,0.9989054203033448
40,2,4,-0.13373291816756291,-1.4513954942303153,0.9986746907234192
40,2,5,-0.14946620265786445,-1.4513954942303153,0.9985396265983582
40,2,6,-0.16519948714816596,-1.4513954942303153,0.9986273646354676
40,2,7,-0.05506649571605532,-1.4120622830045615,0.9985706210136414
40,2,8,-0.14946620265786445,-1.4199289252497123,0.9982282519340516
40,2,9,-0.09439970694180912,-1.325529218307903,0.9985078573226928
40,2,10,-0.12586627592241217,-1.3333958605530538,0.9984725117683412
40,2,11,0.09439970694180912,-1.0108635285018728,0.9989474415779114
40,2,12,-0.1809327716384675,-0.9872636017664204,0.9989575147628784
40,2,13,0.10226634918695988,-0.44446528685101794,0.5453482866287231
40,2,14,-0.09439970694180912,-0.43659864460586717,0.5916125178337097
40,2,15,-0.24386590959967355,-0.5545982782831286,0.5593113899230957
40,2,16,-0.196666056128769,-0.4208653601155657,0.6567655205726624
40,2,17,-0.3539989010317842,-0.5939314895088824,0.563468337059021
40,2,18,-0.29106576307057813,-0.538864993792827,0.6438679695129395
40,2,19,-0.3303989742963319,-0.6804645542055408,0.5656948089599609
40,2,20,-0.2989324053157289,-0.609664773999184,0.6437357664108276
40,2,21,-0.2989324053157289,-0.67259791196039,0.560359537601471
40,2,22,-0.25173255184482435,-0.5860648472637316,0.6220899224281311
40,2,23,0.08653306469665836,-0.0039333211225753804,0.992749035358429
40,2,24,-0.08653306469665836,0.0039333211225753804,0.9925650358200072
40,2,25,0.04719985347090456,0.7119311231861438,0.5785242915153503
40,2,26,-0.015733284490301522,0.7827309033925006,0.6017435789108276
40,2,27,0.20453269837391977,1.4749954209657674,0.5616422891616821
40,2,28,0.14159956041271368,1.3097959338176015,0.6062282919883728
40,2,29,0.26746583633512583,1.592995054643029,0.5847326517105103
40,2,30,0.22813262510937204,1.4513954942303153,0.6249132752418518
40,2,31,0.0,1.592995054643029,0.5953285098075867
40,2,32,-0.06293313796120609,1.5379285589269736,0.6354992985725403
41,1,0,0.11063729618111963,-1.4127531666204507,0.9989315271377563
41,1,1,0.10212673493641812,-1.4723270953333611,0.9985609650611876
41,1,2,0.09361617369171661,-1.4723270953333611,0.9985495805740356
41,1,3,0.09361617369171661,-1.4723270953333611,0.9988441467285156
41,1,4,0.0851056124470151,-1.4723270953333611,0.9985447525978088
41,1,5,0.06808448995761208,-1.4723270953333611,0.9983831644058228
41,1,6,0.05106336746820906,-1.4638165340886597,0.99851256608963
41,1,7,0.04255280622350755,-1.4297742891098537,0.9984588027000428
41,1,8,-0.01702112248940302,-1.421263727865152,0.9979668259620668
41,1,9,0.14467954115992568,-1.3446686766628386,0.9982274174690248
41,1,10,0.11063729618111963,-1.3446686766628386,0.998099684715271
41,1,11,0.05106336746820906,-0.9872251043853751,0.998909592628479
41,1,12,-0.04255280622350755,-1.0127567881194797,0.9989856481552124
41,1,13,0.21276403111753775,-0.4085069397456725,0.5075814127922058
41,1,14,0.14467954115992568,-0.45105974596918,0.6310040354728699
41,1,15,0.38297525601156795,-0.1531901024046272,0.5262306928634644
41,1,16,0.5361653584161952,-0.885098369448957,0.6884611248970032
41,1,17,0.5191442359267922,-0.11914785742582114,0.5314698815345764
41,1,18,0.6297815321079118,-1.0042462268747783,0.6750388145446777
41,1,19,0.5276547971714937,-0.1702112248940302,0.5339488983154297
41,1,20,0.6042498483738072,-1.0553095943429873,0.6745786666870117
41,1,21,0.48510199094798606,-0.1531901024046272,0.5286713242530823
41,1,22,0.5702076033950012,-1.0212673493641813,0.6527025699615479
41,1,23,0.01702112248940302,0.0,0.9929152131080629
41,1,24,-0.01702112248940302,0.0,0.992661714553833
41,1,25,0.28084852107514985,0.6808448995761208,0.5348302125930786
41,1,26,0.22978515360694077,0.7659505120231359,0.6024287939071655
41,1,27,0.03404224497880604,1.4127531666204507,0.517309308052063
41,1,28,0.12765841867052266,1.5148799015568688,0.5954352617263794
41,1,29,-0.0765950512023136,1.5063693403121672,0.5431509613990784
41,1,30,0.00851056124470151,1.6595594427167943,0.617584764957428
41,1,31,0.20425346987283624,1.5574327077803762,0.5562114119529724
41,1,32,0.3234013272986574,1.6936016876956004,0.6300770044326782
41,2,0,-0.17241845010074056,-1.3833573322036161,0.9990269541740416
41,2,1,-0.1643989873053573,-1.4475130345666825,0.9986905455589294
41,2,2,-0.1643989873053573,-1.4475130345666825,0.9986788034439088
41,2,3,-0.156379524509974,-1.4475130345666825,0.9989457130432128
41,2,4,-0.18845737569150714,-1.4475130345666825,0.9986740350723268
41,2,5,-0.1964768384868904,-1.4475130345666825,0.9985259175300598
41,2,6,-0.2044963012822737,-1.4475130345666825,0.9986466765403748
41,2,7,-0.08420435935152445,-1.4154351833851493,0.9985896348953248
41,2,8,-0.156379524509974,-1.407415720589766,0.998144268989563
41,2,9,-0.14034059891920744,-1.3192016298405498,0.9983752369880676
41,2,10,-0.1643989873053573,-1.3272210926359331,0.9982450604438782
41,2,11,0.09222382214690775,-0.9984231180252187,0.9990001320838928
41,2,12,-0.2044963012822737,-0.9984231180252187,0.998982071876526
41,2,13,0.0681654337607579,-0.4530996479391554,0.5560874342918396
41,2,14,-0.12430167332844087,-0.4210217967576223,0.5914516448974609
41,2,15,-0.2927103920314898,-0.7097224573914205,0.5722009539604187
41,2,16,-0.14034059891920744,-0.18043791289612385,0.661364734172821
41,2,17,-0.3889439455760892,-0.7979365481406365,0.575435221195221
41,2,18,-0.22053522687304025,-0.156379524509974,0.6490880250930786
41,2,19,-0.3648855571899393,-0.8540727877083195,0.5773981213569641
41,2,20,-0.22855468966842354,-0.156379524509974,0.6489336490631104
41,2,21,-0.3328077060084062,-0.8219949365267863,0.5712787508964539
41,2,22,-0.2044963012822737,-0.1964768384868904,0.6296364665031433
41,2,23,0.09222382214690775,-0.012029194193074922,0.9934374690055848
41,2,24,-0.09222382214690775,0.012029194193074922,0.9931023120880128
41,2,25,0.04410704537460805,0.7979365481406365,0.5733330249786377
41,2,26,-0.028068119783841487,0.7979365481406365,0.577340304851532
41,2,27,0.1082627477376743,1.5678049764974316,0.5550143718719482
41,2,28,0.1162822105330576,1.5116687369297486,0.5831364393234253
41,2,29,0.18043791289612385,1.6961163812235642,0.5674751996994019
41,2,30,0.18845737569150714,1.664038530042031,0.6064673662185669
41,2,31,-0.09222382214690775,1.7281942324050972,0.5890273451805115
41,2,32,-0.020048656988458206,1.6720579928374142,0.6251030564308167
42,1,0,0.05601575291668957,-1.3702314944236373,0.9991124272346495
42,1,1,0.03878013663463124,-1.4305561514108416,0.9988128542900084
42,1,2,0.03878013663463124,-1.4391739595518707,0.998799443244934
42,1,3,0.03878013663463124,-1.4391739595518707,0.9990435242652892
42,1,4,0.021544520352572913,-1.4305561514108416,0.9987973570823668
42,1,5,0.012926712211543748,-1.4219383432698123,0.9986611008644104
42,1,6,0.004308904070514583,-1.4219383432698123,0.9987736940383912
42,1,7,-0.004308904070514583,-1.3960849188467248,0.9987177848815918
42,1,8,-0.030162328493602078,-1.3788493025646664,0.9983233213424684
42,1,9,0.0732513691987479,-1.301289029295404,0.9985246062278748
42,1,10,0.04739794477566041,-1.301289029295404,0.998409867286682
42,1,11,0.012926712211543748,-0.9824301280773249,0.9990189075469972
42,1,12,-0.06463356105771874,-1.0169013606414414,0.9990686178207396
42,1,13,0.16804725875006873,-0.4998328721796916,0.5161164402961731
42,1,14,0.1249582180449229,-0.48259725589763325,0.6304428577423096
42,1,15,0.36625684599373953,-0.9479588955132082,0.559540331363678
42,1,16,0.4093458866988854,-0.9134876629490916,0.6917279362678528
42,1,17,0.4610527355450604,-1.0686082094876166,0.5660277605056763
42,1,18,0.4696705436860895,-1.0255191687824707,0.6784783005714417
42,1,19,0.4179636948399145,-1.094461633910704,0.5669249296188354
42,1,20,0.4265815029809437,-1.0599904013465873,0.677777111530304
42,1,21,0.3576390378527104,-1.0513725932055582,0.5602853298187256
42,1,22,0.39211027041682706,-1.0255191687824707,0.6584804058074951
42,1,23,-0.004308904070514583,0.008617808141029165,0.9939204454421996
42,1,24,0.004308904070514583,-0.008617808141029165,0.9935879111289978
42,1,25,0.16804725875006873,0.7928383489746832,0.5377623438835144
42,1,26,0.19390068317315623,0.8703986222439457,0.5867576003074646
42,1,27,-0.1508116424680104,1.6287657386545122,0.5306593775749207
42,1,28,0.15942945060903957,1.7063260119237749,0.5856011509895325
42,1,29,-0.24560753201933122,1.7407972444878914,0.5502138733863831
42,1,30,-0.0991047936218354,1.7666506689109789,0.606843113899231
42,1,31,0.06463356105771874,1.7580328607699498,0.5764362215995789
42,1,32,0.26284314830138955,1.7838862851930373,0.6262679696083069
42,2,0,-0.1692874168190956,-1.3301154178643226,0.9991745352745056
42,2,1,-0.15316480569346747,-1.3865445568040211,0.9989070296287536
42,2,2,-0.15316480569346747,-1.3865445568040211,0.998893141746521
42,2,3,-0.14510350013065337,-1.3946058623668351,0.9991173148155212
42,2,4,-0.17734872238190968,-1.3865445568040211,0.9988871216773988
42,2,5,-0.17734872238190968,-1.3865445568040211,0.9987553358078004
42,2,6,-0.18541002794472375,-1.3865445568040211,0.9988638758659364
42,2,7,-0.104796972316583,-1.370421945678393,0.9988098740577698
42,2,8,-0.17734872238190968,-1.362360640115579,0.9984407424926758
42,2,9,-0.1370421945678393,-1.2736862789246242,0.9985973834991456
42,2,10,-0.16122611125628153,-1.2736862789246242,0.9984469413757324
42,2,11,0.06449044450251261,-0.9996018897889455,0.999088704586029
42,2,12,-0.12091958344221114,-0.9996018897889455,0.9987727999687196
42,2,13,0.06449044450251261,-0.5159235560201009,0.5631274580955505
42,2,14,-0.06449044450251261,-0.4514331115175883,0.576888382434845
42,2,15,-0.29826830582412084,-0.9028662230351766,0.600688099861145
42,2,16,-0.08061305562814076,-0.6610270561507543,0.6372066140174866
42,2,17,-0.3708200558894475,-1.0076631953517596,0.6044405102729797
42,2,18,-0.07255175006532669,-0.7013335839648246,0.6272528171539307
42,2,19,-0.3466361392010053,-1.056031028728644,0.6049189567565918
42,2,20,-0.09673566675376892,-0.9109275285979906,0.6262550354003906
42,2,21,-0.32245222251256306,-1.0237858064773877,0.5969502925872803
42,2,22,-0.09673566675376892,-0.8867436119095484,0.6091811656951904
42,2,23,0.07255175006532669,-0.008061305562814076,0.9943561553955078
42,2,24,-0.07255175006532669,0.008061305562814076,0.9937008023262024
42,2,25,-0.008061305562814076,0.9270501397236188,0.5766869187355042
42,2,26,-0.008061305562814076,0.9028662230351766,0.5569919347763062
42,2,27,-0.008061305562814076,1.7412420015678405,0.5687112808227539
42,2,28,0.06449044450251261,1.6525676403768856,0.5643776655197144
42,2,29,0.1370421945678393,1.8702228905728657,0.5806810259819031
42,2,30,0.1370421945678393,1.7815485293819109,0.5866982340812683
42,2,31,-0.15316480569346747,1.9669585573266346,0.6088586449623108
42,2,32,-0.08867436119095484,1.8379776683216094,0.61331707239151
43,1,0,-0.00850294332496273,-1.3349621020191487,0.9992303252220154
43,1,1,-0.00850294332496273,-1.4029856486188503,0.9989995956420898
43,1,2,-0.00850294332496273,-1.4029856486188503,0.998981773853302
43,1,3,-0.00850294332496273,-1.4029856486188503,0.9991901516914368
43,1,4,-0.025508829974888188,-1.3944827052938877,0.9989801645278932
43,1,5,-0.03401177329985092,-1.3944827052938877,0.9988577365875244
43,1,6,-0.042514716624813646,-1.3944827052938877,0.998962938785553
43,1,7,-0.042514716624813646,-1.3774768186439623,0.9989031553268432
43,1,8,-0.08502943324962729,-1.3604709319940367,0.9985874891281128
43,1,9,0.025508829974888188,-1.2839444420693722,0.9987078309059144
43,1,10,-0.00850294332496273,-1.2754414987444094,0.9985771775245668
43,1,11,0.042514716624813646,-0.9863414256956766,0.999104619026184
43,1,12,-0.12754414987444096,-1.0118502556705649,0.99888414144516
43,1,13,0.15305297984932914,-0.5441883727976147,0.5259689092636108
43,1,14,0.08502943324962729,-0.501673656172801,0.6180296540260315
43,1,15,0.24658535642391916,-0.9948443690206393,0.5861896276473999
43,1,16,0.32311184634858375,-0.9523296523958257,0.6713833808898926
43,1,17,0.34011773299850917,-1.1138855755701176,0.5904549956321716
43,1,18,0.3996383362732483,-1.062867915620341,0.6602333188056946
43,1,19,0.3061059596986583,-1.1393944055450058,0.589665412902832
43,1,20,0.34862067632347193,-1.1053826322451548,0.658728837966919
43,1,21,0.24658535642391916,-1.0883767455952293,0.5819401741027832
43,1,22,0.314608903023621,-1.0798738022702667,0.6412268280982971
43,1,23,0.059520603274739105,0.0,0.9947621822357178
43,1,24,-0.059520603274739105,0.0,0.9941306114196776
43,1,25,0.17005886649925459,0.850294332496273,0.5390432476997375
43,1,26,0.0,0.8758031624711612,0.56798255443573
43,1,27,-0.11904120654947821,1.6580739483677323,0.536003828048706
43,1,28,-0.17856180982421732,1.794121041567136,0.5681703686714172
43,1,29,-0.2295794697739937,1.8026239848920986,0.5549955368041992
43,1,30,-0.314608903023621,1.9301681347665396,0.5850818157196045
43,1,31,0.00850294332496273,1.7856180982421732,0.592070996761322
43,1,32,0.07652648992466457,2.006694624691204,0.6178758144378662
43,2,0,-0.20728967202427703,-1.2599960456377624,0.9992544651031494
43,2,1,-0.1747736450400767,-1.325028099606163,0.999052107334137
43,2,2,-0.16664463829402662,-1.333157106352213,0.9990327954292296
43,2,3,-0.15038662480192647,-1.333157106352213,0.999226689338684
43,2,4,-0.19103165853217688,-1.325028099606163,0.9990177750587464
43,2,5,-0.19103165853217688,-1.333157106352213,0.9988890290260316
43,2,6,-0.19103165853217688,-1.333157106352213,0.9990062713623048
43,2,7,-0.09348357757957591,-1.333157106352213,0.998946487903595
43,2,8,-0.1422576180558764,-1.333157106352213,0.9986499547958374
43,2,9,-0.16664463829402662,-1.211222005161462,0.9986932873725892
43,2,10,-0.1829026517861268,-1.2030929984154117,0.9985396265983582
43,2,11,0.06909655734142568,-0.9998678297641598,0.9991618990898132
43,2,12,-0.03658053035722536,-0.9998678297641598,0.9986949563026428
43,2,13,0.07722556408747576,-0.5446434519853554,0.5720201730728149
43,2,14,0.004064503373025039,-0.49586941150905484,0.5684406757354736
43,2,15,-0.23167669226242726,-0.9592227960339094,0.6240115761756897
43,2,16,-0.19103165853217688,-0.7072235869063569,0.6186692714691162
43,2,17,-0.28857973948477783,-1.0730288904786105,0.6247323751449585
43,2,18,-0.2154186787703271,-0.7803846476208076,0.6085639595985413
43,2,19,-0.26419271924662757,-1.113673924208861,0.6234273314476013
43,2,20,-0.23980569900847734,-0.821029681351058,0.6066332459449768
43,2,21,-0.23167669226242726,-1.0811578972246605,0.6136971712112427
43,2,22,-0.23167669226242726,-0.7966426611129078,0.5911630988121033
43,2,23,0.004064503373025039,-0.008129006746050079,0.9950278401374816
43,2,24,-0.004064503373025039,0.008129006746050079,0.9940440058708192
43,2,25,-0.012193510119075119,0.9592227960339094,0.5770757794380188
43,2,26,-0.052838543849325514,0.8941907420655087,0.5454594492912292
43,2,27,0.0609675505953756,1.8046394976231177,0.5748685598373413
43,2,28,0.09348357757957591,1.7070914166705167,0.5572839379310608
43,2,29,0.19916066527822696,1.942832612305969,0.5893528461456299
43,2,30,0.2235476855163772,1.861542544845468,0.5726604461669922
43,2,31,-0.09348357757957591,2.0322516865125198,0.625786304473877
43,2,32,-0.012193510119075119,1.934703605559919,0.6140010952949524
44,1,0,-0.04617774399646882,-1.3013727853550303,0.9992824792861938
44,1,1,-0.08815751126598592,-1.3685404129862577,0.9991203546524048
44,1,2,-0.06296965090427566,-1.376936366440161,0.999094307422638
44,1,3,-0.04617774399646882,-1.376936366440161,0.9992790222167968
44,1,4,-0.11334537162769619,-1.3685404129862577,0.9990839958190918
44,1,5,-0.10494941817379276,-1.3685404129862577,0.9989606738090516
44,1,6,-0.09655346471988935,-1.3685404129862577,0.9990795254707336
44,1,7,-0.0377817905425654,-1.3517485060784509,0.9990107417106628
44,1,8,-0.08815751126598592,-1.334956599170644,0.9987659454345704
44,1,9,-0.029385837088661975,-1.2509970646316098,0.9987616539001464
44,1,10,-0.05457369745037224,-1.2426011111777064,0.9986298084259032
44,1,11,0.004197976726951711,-0.9907225075606038,0.9991044998168944
44,1,12,-0.08815751126598592,-1.0075144144684105,0.9988036751747132
44,1,13,0.13013727853550303,-0.537341021049819,0.5259114503860474
44,1,14,0.08815751126598592,-0.5037572072342053,0.6098976731300354
44,1,15,0.2308887199823441,-0.9487427402910866,0.5921255350112915
44,1,16,0.3064523010674749,-0.9487427402910866,0.6533631086349487
44,1,17,0.28966039415966804,-1.074682042099638,0.5978242754936218
44,1,18,0.3820158821526057,-1.0662860886457346,0.641832172870636
44,1,19,0.26447253379795777,-1.0914739490074448,0.5957003831863403
44,1,20,0.3316401614291851,-1.1082658559152516,0.6394917368888855
44,1,21,0.2308887199823441,-1.0494941817379277,0.5867714285850525
44,1,22,0.29805634761357147,-1.0662860886457346,0.6234502196311951
44,1,23,0.004197976726951711,0.008395953453903421,0.9953455924987792
44,1,24,-0.004197976726951711,-0.008395953453903421,0.9944182634353638
44,1,25,0.08815751126598592,0.8395953453903421,0.5453675389289856
44,1,26,-0.0377817905425654,0.8647832057520524,0.5672969818115234
44,1,27,-0.13013727853550303,1.6456068769650705,0.5464276671409607
44,1,28,-0.18051299925892356,1.7883380856814288,0.5691902041435242
44,1,29,-0.2392846734362475,1.7799421322275253,0.5699805021286011
44,1,30,-0.29805634761357147,1.91427738748998,0.5747321248054504
44,1,31,0.020989883634758552,1.7967340391353321,0.6105514168739319
44,1,32,0.0797615578120825,1.9898409685751108,0.6214000582695007
44,2,0,-0.21457314025585575,-1.2712446422705415,0.9993051290512084
44,2,1,-0.19028184135896642,-1.3360214393289132,0.99916672706604
44,2,2,-0.17408764209437352,-1.3441185389612096,0.9991397261619568
44,2,3,-0.15789344282978063,-1.3441185389612096,0.9993135929107666
44,2,4,-0.21457314025585575,-1.3360214393289132,0.9991167187690736
44,2,5,-0.2064760406235593,-1.3360214393289132,0.9989855885505676
44,2,6,-0.2064760406235593,-1.3360214393289132,0.9991112947463988
44,2,7,-0.10931084503600198,-1.3360214393289132,0.9990500807762146
44,2,8,-0.1659905424620771,-1.3279243396966167,0.9988176822662354
44,2,9,-0.1659905424620771,-1.2145649448444664,0.998769223690033
44,2,10,-0.19028184135896642,-1.2145649448444664,0.9986140727996826
44,2,11,0.08501954613911265,-1.0121374540370554,0.999173641204834
44,2,12,-0.0931166457714091,-0.987846155140166,0.9986401796340942
44,2,13,0.060728247242223324,-0.5506027749961582,0.5722237825393677
44,2,14,-0.004048549816148221,-0.5101172768346759,0.5568880438804626
44,2,15,-0.23886443915274508,-0.9635548562432767,0.6305044293403625
44,2,16,-0.18218474172666996,-0.5263114760992688,0.5998486280441284
44,2,17,-0.3036412362111166,-1.0688171514631304,0.6335824131965637
44,2,18,-0.19837894099126285,-0.5425056753638617,0.5911535024642944
44,2,19,-0.28744703694652374,-1.1012055499923163,0.6312847137451172
44,2,20,-0.22267023988815218,-0.5910882731576403,0.5889833569526672
44,2,21,-0.25505863841733795,-1.0769142510954268,0.6213489174842834
44,2,22,-0.21457314025585575,-0.5829911735253439,0.575084924697876
44,2,23,0.02833984871303755,-0.008097099632296443,0.995633065700531
44,2,24,-0.02833984871303755,0.008097099632296443,0.9943506717681884
44,2,25,-0.012145649448444665,0.931166457714091,0.5819287300109863
44,2,26,-0.08501954613911265,0.8825838599203123,0.5406662821769714
44,2,27,0.0931166457714091,1.7651677198406246,0.5830188393592834
44,2,28,0.10121374540370554,1.6922938231499567,0.5531708598136902
44,2,29,0.22267023988815218,1.919012612854257,0.6005602478981018
44,2,30,0.23076733952044862,1.829944516898996,0.5607596039772034
44,2,31,-0.10931084503600198,2.0242749080741107,0.6404427289962769
44,2,32,-0.02024274908074111,1.9271097124865535,0.6118269562721252
45,1,0,-0.0882673252001067,-1.2838883665470064,0.999334454536438
45,1,1,-0.07221872061826912,-1.3480827848743568,0.9992223381996156
45,1,2,-0.05617011603643153,-1.3561070871652756,0.9991886019706726
45,1,3,-0.048145813745512744,-1.3561070871652756,0.9993513226509094
45,1,4,-0.0882673252001067,-1.340058482583438,0.9991732835769652
45,1,5,-0.09629162749102549,-1.340058482583438,0.9990494847297668
45,1,6,-0.09629162749102549,-1.340058482583438,0.9991742372512816
45,1,7,-0.05617011603643153,-1.3320341802925193,0.999090850353241
45,1,8,-0.12036453436378186,-1.3159855757106818,0.9989221096038818
45,1,9,-0.05617011603643153,-1.227718250510575,0.9988458156585692
45,1,10,-0.0802430229091879,-1.2196939482196563,0.9987192153930664
45,1,11,0.048145813745512744,-0.99501348407393,0.9991742968559264
45,1,12,-0.13641313894561943,-1.0030377863648487,0.998765230178833
45,1,13,0.12036453436378186,-0.5536768580733965,0.53141188621521
45,1,14,0.048145813745512744,-0.5215796489097214,0.6005235910415649
45,1,15,0.1765346504002134,-0.9147704611647421,0.6122184991836548
45,1,16,0.2648019756003201,-0.9388433680374985,0.6385068893432617
45,1,17,0.2648019756003201,-1.0672322046921991,0.617483377456665
45,1,18,0.345044998509508,-1.0592079024012804,0.6290661692619324
45,1,19,0.22468046414572612,-1.0913051115649555,0.6151931881904602
45,1,20,0.29689918476399524,-1.0993294138558742,0.6268238425254822
45,1,21,0.1765346504002134,-1.0511836001103616,0.605832040309906
45,1,22,0.2648019756003201,-1.0592079024012804,0.613152027130127
45,1,23,0.04012151145459395,0.0,0.9959291219711304
45,1,24,-0.04012151145459395,0.0,0.9947602152824402
45,1,25,0.04012151145459395,0.8265031359646354,0.5572083592414856
45,1,26,-0.06419441832735033,0.8265031359646354,0.5659359097480774
45,1,27,-0.1685103481092946,1.6931277833838647,0.5704346299171448
45,1,28,-0.18455895269113218,1.6610305742201896,0.5704559683799744
45,1,29,-0.27282627789123887,1.797443713165809,0.5942507982254028
45,1,30,-0.28887488247307647,1.7894194108748902,0.565412163734436
45,1,31,0.0,1.9418811544023473,0.63643878698349
45,1,32,0.032097209163675165,1.8857110383659157,0.6252692341804504
45,2,0,-0.25777216481186793,-1.2452378423219466,0.9993374943733216
45,2,1,-0.22604635991194572,-1.308689452121791,0.9992434978485109
45,2,2,-0.21018345746198464,-1.3166209033467715,0.9992089867591858
45,2,3,-0.20225200623700407,-1.3166209033467715,0.9993602633476256
45,2,4,-0.23397781113692628,-1.308689452121791,0.9991739988327026
45,2,5,-0.22604635991194572,-1.3166209033467715,0.9990398287773132
45,2,6,-0.22604635991194572,-1.3166209033467715,0.9991824626922609
45,2,7,-0.12293749398719855,-1.3166209033467715,0.9990988969802856
45,2,8,-0.17845765256206242,-1.308689452121791,0.9989436268806458
45,2,9,-0.21018345746198464,-1.1976491349720633,0.9987751841545104
45,2,10,-0.21018345746198464,-1.1976491349720633,0.998651087284088
45,2,11,0.05155443296237359,-0.9993628543475496,0.9992198348045348
45,2,12,-0.12293749398719855,-0.9993628543475496,0.99870365858078
45,2,13,0.01982862806245138,-0.5234757808487164,0.5755301713943481
45,2,14,-0.027760079287431932,-0.5234757808487164,0.5532346963882446
45,2,15,-0.25777216481186793,-0.9834999518975884,0.6436269283294678
45,2,16,-0.20225200623700407,-0.8565967322978996,0.5891401767730713
45,2,17,-0.2974294209367707,-1.0866088178223356,0.6438411474227905
45,2,18,-0.21811490868696518,-1.00729430557253,0.5809975862503052
45,2,19,-0.273635067261829,-1.1183346227222577,0.6409679651260376
45,2,20,-0.2498407135868874,-1.0152257567975107,0.5784978866577148
45,2,21,-0.25777216481186793,-1.094540269047316,0.6287032961845398
45,2,22,-0.23397781113692628,-1.0548830129224134,0.5661987662315369
45,2,23,0.043622981737393034,0.0,0.9961687326431274
45,2,24,-0.043622981737393034,0.0,0.9949344992637634
45,2,25,-0.06741733541233469,0.9041854396477829,0.5946852564811707
45,2,26,-0.07534878663731524,0.848665281072919,0.5495647192001343
45,2,27,0.115006042762218,1.7052620133708187,0.6089586615562439
45,2,28,0.1467318476621402,1.6259475011210132,0.5763567090034485
45,2,29,0.2657036160368485,1.824233781745527,0.6287036538124084
45,2,30,0.2974294209367707,1.7607821719456824,0.5686393976211548
45,2,31,-0.05155443296237359,1.9590684525701962,0.6691316962242126
45,2,32,-0.003965725612490276,1.8718224890954103,0.6362485885620117
46,1,0,-0.08148008437267105,-1.283311328869569,0.9993623495101928
46,1,1,-0.11407211812173947,-1.348495396367706,0.9992846846580504
46,1,2,-0.11407211812173947,-1.356643404804973,0.9992407560348512
46,1,3,-0.11407211812173947,-1.356643404804973,0.9993854761123656
46,1,4,-0.1466641518708079,-1.348495396367706,0.9992226362228394
46,1,5,-0.1711081771826092,-1.348495396367706,0.9990946650505066
46,1,6,-0.18740419405714343,-1.348495396367706,0.9992353320121764
46,1,7,-0.06518406749813684,-1.3403473879304388,0.9991103410720824
46,1,8,-0.1385161434335408,-1.3159033626186374,0.9990297555923462
46,1,9,-0.06518406749813684,-1.2262752698086994,0.9988126158714294
46,1,10,-0.09777610124720526,-1.2262752698086994,0.9987297058105468
46,1,11,0.024444025311801315,-0.9899830251279532,0.999109983444214
46,1,12,-0.1466641518708079,-1.0062790420024874,0.9988134503364564
46,1,13,0.09777610124720526,-0.5173985357664612,0.5336598753929138
46,1,14,0.008148008437267104,-0.5173985357664612,0.5969807505607605
46,1,15,0.24444025311801315,-0.9573909913788848,0.6231878399848938
46,1,16,0.25258826155528025,-0.9573909913788848,0.6282941102981567
46,1,17,0.3340683459279513,-1.0959071348124256,0.6265335083007812
46,1,18,0.3340683459279513,-1.0796111179378913,0.6191827058792114
46,1,19,0.2933283037416158,-1.11220315168696,0.6231788992881775
46,1,20,0.2933283037416158,-1.11220315168696,0.6166737079620361
46,1,21,0.25258826155528025,-1.0714631095006244,0.6125648021697998
46,1,22,0.25258826155528025,-1.0796111179378913,0.6045449376106262
46,1,23,0.024444025311801315,0.012222012655900658,0.9963400959968568
46,1,24,-0.024444025311801315,-0.012222012655900658,0.995211660861969
46,1,25,-0.04074004218633553,0.8433188732571454,0.5640442967414856
46,1,26,-0.04888805062360263,0.8433188732571454,0.5759178996086121
46,1,27,-0.21999622780621184,1.6825637422956572,0.5850327610969543
46,1,28,-0.1792561856198763,1.7151557760447256,0.5905424356460571
46,1,29,-0.3014763121788829,1.8210798857291979,0.6114305853843689
46,1,30,-0.2933283037416158,1.8455239110409993,0.5756520628929138
46,1,31,0.0,1.9514480207254716,0.6504033207893372
46,1,32,0.04074004218633553,1.9595960291627388,0.6418603658676147
46,2,0,-0.2866252031277672,-1.2539852636839814,0.9994053840637208
46,2,1,-0.2627397695337866,-1.3256415644659232,0.999337911605835
46,2,2,-0.25477795833579303,-1.3256415644659232,0.9992982149124146
46,2,3,-0.23885433593980598,-1.3336033756639167,0.9994302988052368
46,2,4,-0.2945870143257607,-1.3256415644659232,0.9992750287055968
46,2,5,-0.30254882552375423,-1.3336033756639167,0.9991515278816224
46,2,6,-0.3105106367217478,-1.3336033756639167,0.9992853403091432
46,2,7,-0.1751598463558577,-1.3256415644659232,0.9991817474365234
46,2,8,-0.27866339192977363,-1.3256415644659232,0.9990947246551514
46,2,9,-0.23089252474181243,-1.1823289629020395,0.9988840818405152
46,2,10,-0.2707015807317801,-1.190290774100033,0.998791515827179
46,2,11,0.0716563007819418,-1.0071691165461818,0.9991827607154846
46,2,12,-0.15127441276187711,-0.9912454941501948,0.9988276362419128
46,2,13,-0.03980905598996766,-0.5214986334685764,0.5793854594230652
46,2,14,-0.13535079036589004,-0.5055750110725893,0.5531142950057983
46,2,15,-0.3184724479197413,-0.9673600605562142,0.6582605242729187
46,2,16,-0.20700709114783183,-0.6011167454485117,0.5881104469299316
46,2,17,-0.374205126305696,-1.0788254173281235,0.6587595343589783
46,2,18,-0.2229307135438189,-0.6409258014384793,0.5803484916687012
46,2,19,-0.358281503909709,-1.1106726621200977,0.655356228351593
46,2,20,-0.21496890234582539,-0.6886966686264405,0.5774700045585632
46,2,21,-0.3343960703157284,-1.086787228526117,0.6439555287361145
46,2,22,-0.20700709114783183,-0.680734857428447,0.5661607384681702
46,2,23,0.0716563007819418,-0.003980905598996766,0.9965448379516602
46,2,24,-0.0716563007819418,0.003980905598996766,0.9954406023025512
46,2,25,-0.1671980351578642,0.8877419485762789,0.6016463041305542
46,2,26,-0.11942716796990299,0.903665570972266,0.5658168196678162
46,2,27,0.1671980351578642,1.667999445979645,0.6193463206291199
46,2,28,0.15923622395987064,1.6122667675936904,0.5909401178359985
46,2,29,0.3184724479197413,1.787426613949548,0.6386704444885254
46,2,30,0.3264342591177348,1.7476175579595803,0.5740721821784973
46,2,31,-0.06369448958394826,1.9705482715033993,0.6789336204528809
46,2,32,-0.0238854335939806,1.8670447259294833,0.6461033821105957
47,1,0,-0.044763553362099875,-1.2452406662547784,0.9992929697036744
47,1,1,-0.07731886489817251,-1.3184901172109418,0.9992440938949584
47,1,2,-0.07731886489817251,-1.32662894509496,0.9991674423217772
47,1,3,-0.07731886489817251,-1.32662894509496,0.999331533908844
47,1,4,-0.09359652066620883,-1.32662894509496,0.9991916418075562
47,1,5,-0.10173534855022699,-1.32662894509496,0.9990434646606444
47,1,6,-0.10987417643424514,-1.3347677729789782,0.9992172122001648
47,1,7,-0.07731886489817251,-1.3184901172109418,0.9988833069801332
47,1,8,-0.17498479950639043,-1.3184901172109418,0.9990273714065552
47,1,9,-0.02848589759406356,-1.171991215298615,0.998611569404602
47,1,10,-0.052902381246118034,-1.1801300431826331,0.9986271858215332
47,1,11,-0.01220824182602724,-0.9929370018502154,0.9988372921943665
47,1,12,-0.1424294879703178,-1.0010758297342337,0.9988913536071776
47,1,13,0.06918003701415436,-0.5046073288091258,0.5305648446083069
47,1,14,-0.01220824182602724,-0.48832967304108954,0.5954421162605286
47,1,15,0.2645119062305902,-0.9603816903141428,0.6231281757354736
47,1,16,0.24823425046255385,-0.9115487230100339,0.6260288953781128
47,1,17,0.3784554966068444,-1.066186452806379,0.6306660771369934
47,1,18,0.32962252930273545,-1.0092146576182517,0.6173645257949829
47,1,19,0.34590018507077175,-1.0987417643424515,0.6275654435157776
47,1,20,0.28892838988264463,-1.0417699691543243,0.6145079731941223
47,1,21,0.29706721776666284,-1.066186452806379,0.6169314384460449
47,1,22,0.256373078346572,-1.01735348550227,0.6022507548332214
47,1,23,0.02848589759406356,0.008138827884018159,0.9962545037269592
47,1,24,-0.02848589759406356,-0.008138827884018159,0.9954481720924376
47,1,25,-0.06104120913013619,0.8057439605177977,0.5791515111923218
47,1,26,-0.06104120913013619,0.8871322393579794,0.5938446521759033
47,1,27,-0.1994012831584449,1.4894055027753232,0.6084499359130859
47,1,28,-0.1994012831584449,1.7172926835278317,0.6141147017478943
47,1,29,-0.31334487353469914,1.733570339295868,0.6287875771522522
47,1,30,-0.31334487353469914,1.8475139296721221,0.5880951285362244
47,1,31,-0.02848589759406356,1.7579868229479223,0.6753685474395752
47,1,32,0.08545769278219068,1.9695963479323946,0.6626137495040894
47,2,0,-0.29190696921149295,-1.2425769635354091,0.9993590116500854
47,2,1,-0.2840175916652364,-1.3214707389979747,0.9993162751197816
47,2,2,-0.26823883657272324,-1.3214707389979747,0.9992471933364868
47,2,3,-0.2524600814802101,-1.3293601165442313,0.9993952512741088
47,2,4,-0.30768572430400604,-1.3214707389979747,0.9992680549621582
47,2,5,-0.3155751018502626,-1.3293601165442313,0.9991333484649658
47,2,6,-0.3155751018502626,-1.3293601165442313,0.9992907643318176
47,2,7,-0.16567692847138787,-1.3214707389979747,0.9989923238754272
47,2,8,-0.26823883657272324,-1.3214707389979747,0.9991183876991272
47,2,9,-0.2524600814802101,-1.1794619431653566,0.9987404942512512
47,2,10,-0.2840175916652364,-1.1794619431653566,0.9987505078315736
47,2,11,0.05522564282379596,-1.0058956371477121,0.9989424347877502
47,2,12,-0.18145568356390102,-0.990116882055199,0.9989405870437622
47,2,13,-0.08678315300882222,-0.5088648517335485,0.576837420463562
47,2,14,-0.17356630601764444,-0.44574983136349594,0.5552062392234802
47,2,15,-0.38657949976657174,-0.9585593718701727,0.6575422883033752
47,2,16,-0.23668132638769698,-0.44574983136349594,0.5943626761436462
47,2,17,-0.4812520303216505,-1.0769000350640212,0.6608350276947021
47,2,18,-0.26823883657272324,-0.44574983136349594,0.5886633396148682
47,2,19,-0.4575838976828808,-1.0926787901565345,0.6577256321907043
47,2,20,-0.23668132638769698,-0.5088648517335485,0.5849836468696594
47,2,21,-0.42602638749785454,-1.0611212799715082,0.6466627717018127
47,2,22,-0.19723443865641413,-0.5088648517335485,0.5731545686721802
47,2,23,0.0710043979163091,-0.003944688773128283,0.996557116508484
47,2,24,-0.0710043979163091,0.003944688773128283,0.9957784414291382
47,2,25,-0.14989817337887476,0.9112231065926334,0.616222083568573
47,2,26,-0.06311502037005252,0.8717762188613505,0.5791788101196289
47,2,27,0.18145568356390102,1.6528245959407506,0.6406604647636414
47,2,28,0.23668132638769698,1.6133777082094678,0.6091451644897461
47,2,29,0.30768572430400604,1.7948333917733688,0.6570001840591431
47,2,30,0.3471326120352889,1.7396077489495727,0.5860192775726318
47,2,31,-0.11045128564759192,1.9289528100597304,0.7000755667686462
47,2,32,0.0,1.8500590345971646,0.6580049991607666
48,1,0,0.015823260199624396,-1.2500375557703274,0.9993659257888794
48,1,1,-0.007911630099812198,-1.3212422266686372,0.9993401169776917
48,1,2,0.0,-1.3212422266686372,0.9992631077766418
48,1,3,0.007911630099812198,-1.3212422266686372,0.9994098544120787
48,1,4,-0.03164652039924879,-1.3212422266686372,0.999291181564331
48,1,5,-0.04746978059887319,-1.3212422266686372,0.9991607069969176
48,1,6,-0.06329304079849758,-1.3212422266686372,0.9993209838867188
48,1,7,0.07120467089830979,-1.3212422266686372,0.9990063905715942
48,1,8,-0.07120467089830979,-1.313330596568825,0.9991792440414428
48,1,9,0.023734890299436595,-1.1867445149718299,0.9988136291503906
48,1,10,-0.007911630099812198,-1.194656145071642,0.9988349080085754
48,1,11,0.007911630099812198,-0.9810421323767127,0.998932957649231
48,1,12,-0.16614423209605617,-1.0126886527759613,0.9990347027778624
48,1,13,0.10285119129755858,-0.4984326962881685,0.5291624069213867
48,1,14,0.055381410698685386,-0.5142559564877929,0.5984295010566711
48,1,15,0.19779075249530495,-0.8307211604802809,0.6196138858795166
48,1,16,0.25317216319399033,-0.9019258313785906,0.632526695728302
48,1,17,0.30855357389267574,-0.9810421323767127,0.6268510818481445
48,1,18,0.33228846419211233,-0.9889537624765248,0.6254872679710388
48,1,19,0.28481868359323914,-1.075981693574459,0.6244819760322571
48,1,20,0.30855357389267574,-1.0285119129755858,0.6218647360801697
48,1,21,0.24526053309417817,-1.0443351731752102,0.6142957806587219
48,1,22,0.2769070534934269,-1.0126886527759613,0.6091718673706055
48,1,23,0.07120467089830979,0.0,0.9964545965194702
48,1,24,-0.07120467089830979,0.0,0.9957725405693054
48,1,25,0.015823260199624396,0.7911630099812198,0.5865753889083862
48,1,26,-0.07911630099812199,0.838632790580093,0.5982220768928528
48,1,27,-0.23734890299436595,1.5427678694633786,0.6212942004203796
48,1,28,-0.23734890299436595,1.6535306908607494,0.6257310509681702
48,1,29,-0.34020009429192455,1.7405586219586837,0.6442810297012329
48,1,30,-0.3481117243917367,1.7959400326573691,0.5992202162742615
48,1,31,0.0,1.7326469918588714,0.6910744905471802
48,1,32,0.13449771169680738,1.867144703555679,0.6717402935028076
48,2,0,-0.21294808036547916,-1.2505859992372685,0.9994192123413086
48,2,1,-0.21294808036547916,-1.3357652313834603,0.999399483203888
48,2,2,-0.20520451380673446,-1.3357652313834603,0.9993299245834352
48,2,3,-0.19746094724798977,-1.3357652313834603,0.9994630813598632
48,2,4,-0.23617878004171325,-1.3357652313834603,0.999352753162384
48,2,5,-0.25166591315920267,-1.3357652313834603,0.9992328882217408
48,2,6,-0.26715304627669206,-1.343508797942205,0.9993791580200196
48,2,7,-0.1045381485430534,-1.3357652313834603,0.9991006851196288
48,2,8,-0.22069164692422386,-1.3357652313834603,0.9992443323135376
48,2,9,-0.18197381413050037,-1.188637466767311,0.9989134073257446
48,2,10,-0.21294808036547916,-1.188637466767311,0.9989164471626282
48,2,11,0.08905101542556401,-1.010535435916183,0.9990200996398926
48,2,12,-0.18197381413050037,-0.9873047362399489,0.99898761510849
48,2,13,-0.05033318263184053,-0.5072036095977777,0.5753609538078308
48,2,14,-0.1432559813367769,-0.49946004303903296,0.5579067468643188
48,2,15,-0.3600758449816284,-0.8169462719475655,0.65354984998703
48,2,16,-0.29812731251167085,-0.855664104741289,0.5992621779441833
48,2,17,-0.4529986436865648,-0.9098690706525019,0.6559609770774841
48,2,18,-0.4065372443340966,-0.9098690706525019,0.5934979915618896
48,2,19,-0.4297679440103307,-0.9718176031224595,0.653425395488739
48,2,20,-0.3523322784228837,-0.9485869034462253,0.5889458060264587
48,2,21,-0.3987936777753519,-0.9563304700049701,0.6420998573303223
48,2,22,-0.31361444562916024,-0.9330997703287359,0.5765190720558167
48,2,23,0.08905101542556401,0.0038717832793723483,0.996619999408722
48,2,24,-0.08905101542556401,-0.0038717832793723483,0.9958747029304504
48,2,25,-0.1045381485430534,0.8479205381825443,0.6207213997840881
48,2,26,-0.058076749190585225,0.8014591388300761,0.576373279094696
48,2,27,0.1355124147780322,1.622277194057014,0.6495127081871033
48,2,28,0.16648668101301098,1.544841528469567,0.6105645895004272
48,2,29,0.25940947971794737,1.7694049586731633,0.6697251200675964
48,2,30,0.28264017939418146,1.6842257265269716,0.5925498604774475
48,2,31,-0.1122817151017981,1.8855584570543338,0.7117124199867249
48,2,32,0.01935891639686174,1.7616613921144186,0.660660445690155
49,1,0,0.03485493314725884,-1.2354137415528412,0.9994526505470276
49,1,1,0.011618311049086281,-1.305123607847359,0.99943870306015
49,1,2,0.011618311049086281,-1.3128691485467499,0.9993686079978944
49,1,3,0.019363851748477136,-1.3128691485467499,0.9994952082633972
49,1,4,-0.003872770349695427,-1.3128691485467499,0.9993959069252014
49,1,5,-0.019363851748477136,-1.3128691485467499,0.9992841482162476
49,1,6,-0.042600473846649695,-1.3206146892461406,0.9994233846664428
49,1,7,0.019363851748477136,-1.3128691485467499,0.9991405010223388
49,1,8,-0.06583709594482226,-1.3128691485467499,0.9993082880973816
49,1,9,0.03485493314725884,-1.1811949566571052,0.9989957213401794
49,1,10,0.003872770349695427,-1.188940497356496,0.9990058541297911
49,1,11,-0.050346014546040554,-0.9875564391723339,0.9990520477294922
49,1,12,-0.1432925029387308,-1.0030475205711156,0.9990829229354858
49,1,13,0.10456479944177653,-0.48409629371192836,0.5292671322822571
49,1,14,0.06583709594482226,-0.5305695379082735,0.6013045310974121
49,1,15,0.25173007273020276,-0.8481367065832985,0.625006377696991
49,1,16,0.25173007273020276,-0.9488287356753796,0.6378851532936096
49,1,17,0.35242210182228384,-0.9643198170741614,0.6317871809005737
49,1,18,0.3291854797241113,-1.034029683368679,0.6312965750694275
49,1,19,0.32143993902472046,-0.9953019798717248,0.6299698352813721
49,1,20,0.2982033169265479,-1.0727573868656333,0.6269250512123108
49,1,21,0.2749666948283753,-0.9643198170741614,0.6198737025260925
49,1,22,0.26722115412898445,-1.0572663054668516,0.6142011880874634
49,1,23,0.02710939244786799,0.003872770349695427,0.996728539466858
49,1,24,-0.02710939244786799,-0.003872770349695427,0.9960572719573976
49,1,25,0.019363851748477136,0.8481367065832985,0.5863905549049377
49,1,26,-0.042600473846649695,0.8016634623869534,0.5975939035415649
49,1,27,-0.19751128783446678,1.5839630730254297,0.6316801905632019
49,1,28,-0.2130023692332485,1.5994541544242113,0.6318385601043701
49,1,29,-0.2982033169265479,1.7311283463138558,0.6611343622207642
49,1,30,-0.3291854797241113,1.7388738870132467,0.6120927333831787
49,1,31,0.05809155524543141,1.7698560498108102,0.7034085392951965
49,1,32,0.11231034014116738,1.7930926719089828,0.6784161329269409
49,2,0,-0.2134253239902503,-1.2572691813243837,0.9994909167289734
49,2,1,-0.2134253239902503,-1.3271174691757384,0.9994839429855348
49,2,2,-0.20566440311787756,-1.3271174691757384,0.9994209408760072
49,2,3,-0.19790348224550483,-1.334878390048111,0.9995366930961608
49,2,4,-0.2289471657349958,-1.334878390048111,0.999440610408783
49,2,5,-0.24446900747974126,-1.334878390048111,0.9993367791175842
49,2,6,-0.25999084922448673,-1.3426393109204837,0.9994651675224304
49,2,7,-0.1280551943941502,-1.334878390048111,0.9992172122001648
49,2,8,-0.2289471657349958,-1.334878390048111,0.9993500709533693
49,2,9,-0.1901425613731321,-1.1951818143454016,0.9990673661231996
49,2,10,-0.2134253239902503,-1.1951818143454016,0.9990463256835938
49,2,11,0.05820690654279554,-1.008919713408456,0.999129831790924
49,2,12,-0.20566440311787756,-0.9856369507913377,0.9989804029464722
49,2,13,-0.05820690654279554,-0.49669893583185526,0.5752143859863281
49,2,14,-0.14357703613889566,-0.4811770940871098,0.5572476387023926
49,2,15,-0.3531218996929596,-0.8148966915991376,0.6582075357437134
49,2,16,-0.28327361184160493,-0.8769840585781195,0.6020430326461792
49,2,17,-0.44625295016143246,-0.9002668211952376,0.6605742573738098
49,2,18,-0.34536097882058686,-0.9313105046847286,0.5974928140640259
49,2,19,-0.42297018754431426,-0.9468323464294741,0.6585283875465393
49,2,20,-0.3298391370758414,-1.0477243177703197,0.5923222303390503
49,2,21,-0.39192650405482327,-0.9313105046847286,0.6473121643066406
49,2,22,-0.3065563744587232,-1.0554852386426925,0.5798513293266296
49,2,23,0.0892505900322865,0.0,0.996942102909088
49,2,24,-0.0892505900322865,0.0,0.996150016784668
49,2,25,-0.0892505900322865,0.8769840585781195,0.6198847889900208
49,2,26,-0.1513379570112684,0.7916139289820193,0.5753069519996643
49,2,27,0.15909887788364113,1.6530761458153933,0.6602737903594971
49,2,28,0.1280551943941502,1.5599450953469205,0.6132521033287048
49,2,29,0.26775177009685946,1.7927727215181026,0.6824074387550354
49,2,30,0.24446900747974126,1.5909887788364114,0.6004228591918945
49,2,31,-0.10477243177703197,1.8859037719865754,0.724028468132019
49,2,32,0.019402302180931846,1.7074025919220024,0.667259156703949
50,1,0,0.053498279825950824,-1.24192435310243,0.9994322657585144
50,1,1,0.030570445614829043,-1.3107078557357952,0.9994176626205444
50,1,2,0.030570445614829043,-1.3107078557357952,0.9993274807929992
50,1,3,0.030570445614829043,-1.3107078557357952,0.9994710087776184
50,1,4,0.015285222807414522,-1.3183504671395025,0.9993829727172852
50,1,5,0.0,-1.3183504671395025,0.9992688894271852
50,1,6,-0.015285222807414522,-1.3183504671395025,0.9994233846664428
50,1,7,0.038213057018536306,-1.3183504671395025,0.9990291595458984
50,1,8,-0.04585566842224357,-1.3183504671395025,0.9993211627006532
50,1,9,0.053498279825950824,-1.188426073276479,0.9990171194076538
50,1,10,0.022927834211121784,-1.2037112960838936,0.9990274310112
50,1,11,0.007642611403707261,-0.9897181767800903,0.9990708231925964
50,1,12,-0.15285222807414522,-1.0050033995875047,0.9990717768669128
50,1,13,0.09171133684448714,-0.48530582413541107,0.5236215591430664
50,1,14,0.038213057018536306,-0.5311614925576547,0.6010116934776306
50,1,15,0.22163573070751058,-0.47002060132799656,0.6121744513511658
50,1,16,0.25984878772604686,-0.9515051197615539,0.6409664750099182
50,1,17,0.29041923334087594,-0.45473537852058205,0.6211226582527161
50,1,18,0.3592027359742413,-1.012646010991212,0.6360946893692017
50,1,19,0.30570445614829045,-0.5158762697502401,0.6201766729354858
50,1,20,0.33627490176311947,-1.0737869022208701,0.6313067078590393
50,1,21,0.27513401053346137,-0.5235188811539474,0.6103024482727051
50,1,22,0.2980618447445832,-1.0585016794134556,0.6189057230949402
50,1,23,0.04585566842224357,0.0038213057018536304,0.9965422749519348
50,1,24,-0.04585566842224357,-0.0038213057018536304,0.9959376454353333
50,1,25,0.06878350263336534,0.8445085601096524,0.5875271558761597
50,1,26,-0.038213057018536306,0.775725057476287,0.5951156616210938
50,1,27,-0.2139931193038033,1.539986197847013,0.6334633231163025
50,1,28,-0.18342267368897427,1.5781992548655495,0.6297227144241333
50,1,29,-0.27513401053346137,1.654625368902622,0.6638569235801697
50,1,30,-0.2827766219371687,1.6928384259211584,0.615232527256012
50,1,31,0.04585566842224357,1.685195814517451,0.7057744860649109
50,1,32,0.12228178245931617,1.6928384259211584,0.6817084550857544
50,2,0,-0.18762794623879614,-1.2674459225518677,0.999478280544281
50,2,1,-0.1569948121589927,-1.3287121907114747,0.999469518661499
50,2,2,-0.14167824511909097,-1.3287121907114747,0.9993883967399596
50,2,3,-0.12636167807918924,-1.3363704742314255,0.999518632888794
50,2,4,-0.17996966271884526,-1.3363704742314255,0.9994347095489502
50,2,5,-0.18762794623879614,-1.3363704742314255,0.9993306398391724
50,2,6,-0.19528622975874702,-1.3440287577513765,0.9994714856147766
50,2,7,-0.08041197695948406,-1.3363704742314255,0.9991214871406556
50,2,8,-0.16465309567894354,-1.3363704742314255,0.9993719458580016
50,2,9,-0.1340199615991401,-1.1985213708723101,0.9991002678871156
50,2,10,-0.17231137919889442,-1.2138379379122117,0.9990887641906738
50,2,11,0.10338682751933664,-0.9994059993535876,0.9991537928581238
50,2,12,-0.17231137919889442,-0.9994059993535876,0.999023973941803
50,2,13,0.034462275839778886,-0.4786427199969289,0.5702047348022461
50,2,14,-0.08807026047943492,-0.5092758540767324,0.5601649284362793
50,2,15,-0.2642107814383048,-0.6394666739158971,0.6474341750144958
50,2,16,-0.2642107814383048,-0.8998483135942263,0.6123835444450378
50,2,17,-0.3714267507176168,-0.6854163750356023,0.6520164608955383
50,2,18,-0.33313533311786253,-0.922823164154079,0.608992874622345
50,2,19,-0.3407936166378134,-0.7313660761553074,0.650608479976654
50,2,20,-0.31781876607796083,-0.9917477158336367,0.6033788323402405
50,2,21,-0.31016048255800993,-0.7160495091154057,0.6394519805908203
50,2,22,-0.27186906495825564,-0.9994059993535876,0.5908922553062439
50,2,23,0.08807026047943492,0.0038291417599754314,0.9967730045318604
50,2,24,-0.08807026047943492,-0.0038291417599754314,0.9959792494773864
50,2,25,-0.04977884287968061,0.8768734630343737,0.6211115717887878
50,2,26,-0.12636167807918924,0.7619992102351109,0.5809816718101501
50,2,27,0.12636167807918924,1.6350435315095093,0.661689817905426
50,2,28,0.14933652863904182,1.3823201753511307,0.6142909526824951
50,2,29,0.24889421439840304,1.765234351348674,0.6841443181037903
50,2,30,0.24889421439840304,1.4359281599907867,0.607683002948761
50,2,31,-0.08041197695948406,1.8265006195082807,0.7255362272262573
50,2,32,0.08807026047943492,1.6044103974297057,0.6728374361991882
51,1,0,0.05336945768197239,-1.2503701514062102,0.9993992447853088
51,1,1,0.03812104120140885,-1.318988025568746,0.999366283416748
51,1,2,0.045745249441690616,-1.318988025568746,0.999265432357788
51,1,3,0.045745249441690616,-1.318988025568746,0.99943870306015
51,1,4,0.01524841648056354,-1.318988025568746,0.99933660030365
51,1,5,0.0,-1.3266122338090278,0.9992242455482484
51,1,6,-0.01524841648056354,-1.3266122338090278,0.9993714690208436
51,1,7,0.045745249441690616,-1.318988025568746,0.998976469039917
51,1,8,-0.03812104120140885,-1.318988025568746,0.9991917610168456
51,1,9,0.06099366592225416,-1.197000693724238,0.9989259839057922
51,1,10,0.03049683296112708,-1.2122491102048014,0.9988762140274048
51,1,11,0.045745249441690616,-0.9758986547560665,0.999093532562256
51,1,12,-0.1448599565653536,-1.0216439041977572,0.999068319797516
51,1,13,0.10673891536394478,-0.45745249441690616,0.5365892052650452
51,1,14,-0.022872624720845308,-0.5565672015405692,0.6031538844108582
51,1,15,0.36596199553352493,-0.20585362248760777,0.6220150589942932
51,1,16,0.22110203896817132,-0.9454018217949395,0.6500999927520752
51,1,17,0.4650767026571879,-0.1524841648056354,0.6250213980674744
51,1,18,0.34308937081267965,-1.0216439041977572,0.6462146043777466
51,1,19,0.495573535618315,-0.16010837304591716,0.6249656677246094
51,1,20,0.3202167460918343,-1.059764945399166,0.6409399509429932
51,1,21,0.4345798696960609,-0.1753567895264807,0.6138103604316711
51,1,22,0.2744714966501437,-1.0445165289186025,0.6283507943153381
51,1,23,0.03812104120140885,0.00762420824028177,0.9966691136360168
51,1,24,-0.03812104120140885,-0.00762420824028177,0.995961844921112
51,1,25,-0.03049683296112708,0.7395481993073316,0.5966483354568481
51,1,26,-0.01524841648056354,0.7624208240281769,0.5944352149963379
51,1,27,-0.23635045544873487,1.5019690233355085,0.631847620010376
51,1,28,-0.1753567895264807,1.5324658562966358,0.6238467693328857
51,1,29,-0.3278409543321161,1.6010837304591716,0.6596441268920898
51,1,30,-0.28209570489042546,1.6620773963814257,0.6148662567138672
51,1,31,-0.03049683296112708,1.5400900645369175,0.7011004090309143
51,1,32,0.1524841648056354,1.6620773963814257,0.6789450645446777
51,2,0,-0.18483321077596734,-1.3016977184435148,0.9994564652442932
51,2,1,-0.1612374817407375,-1.3724849055492043,0.9994274973869324
51,2,2,-0.1455069957172509,-1.3724849055492043,0.9993364810943604
51,2,3,-0.12191126668202101,-1.3724849055492043,0.999492645263672
51,2,4,-0.18483321077596734,-1.3724849055492043,0.9994001984596252
51,2,5,-0.19269845378771064,-1.3803501485609477,0.9992985129356384
51,2,6,-0.20056369679945393,-1.3803501485609477,0.9994315505027772
51,2,7,-0.09831553764679114,-1.3724849055492043,0.9990765452384948
51,2,8,-0.20056369679945393,-1.3724849055492043,0.9992684125900269
51,2,9,-0.1376417527055076,-1.2387757743495684,0.999028742313385
51,2,10,-0.17696796776422405,-1.254506260373055,0.9989801049232484
51,2,11,0.12191126668202101,-1.0185489700207562,0.9991769790649414
51,2,12,-0.21629418282294052,-0.9792227549620398,0.9991242289543152
51,2,13,0.08258505162330457,-0.4915776882339557,0.5822432637214661
51,2,14,-0.25562039788165697,-0.4365209871517527,0.5839002132415771
51,2,15,-0.22415942583468382,-0.5702301183513886,0.6582793593406677
51,2,16,-0.38146428606954963,-0.5309039032926722,0.6543189883232117
51,2,17,-0.31067709896386003,-0.633152062445335,0.6594582796096802
51,2,18,-0.4286557441400094,-0.5387691463044154,0.6497111320495605
51,2,19,-0.28708136992863015,-0.688208763527538,0.6591402888298035
51,2,20,-0.4129252581165228,-0.6095563334101051,0.644316554069519
51,2,21,-0.26348564089340026,-0.6646130344923081,0.6477569937705994
51,2,22,-0.38146428606954963,-0.6095563334101051,0.6312656402587891
51,2,23,0.09831553764679114,0.003932621505871646,0.99690443277359
51,2,24,-0.09831553764679114,-0.003932621505871646,0.9961864948272704
51,2,25,-0.11404602367027773,0.8140526517154306,0.6334812045097351
51,2,26,-0.05898932258807468,0.8061874087036873,0.5826616287231445
51,2,27,0.1297765096937643,1.655633653971963,0.6617655754089355
51,2,28,0.1376417527055076,1.5612507378310434,0.6131166219711304
51,2,29,0.26348564089340026,1.7893427851715988,0.6845166087150574
51,2,30,0.24775515486991367,1.6870946260189361,0.6107223033905029
51,2,31,-0.1376417527055076,1.8443994862538018,0.7227398157119751
51,2,32,-0.011797864517614937,1.7028251120424227,0.671065092086792
52,1,0,0.11448297146332038,-1.2554965870477468,0.999427080154419
52,1,1,0.0915863771706563,-1.3165541718281843,0.9993643760681152
52,1,2,0.099218575268211,-1.3165541718281843,0.9992734789848328
52,1,3,0.099218575268211,-1.324186369925739,0.99944806098938
52,1,4,0.06868978287799223,-1.324186369925739,0.9993383288383484
52,1,5,0.053425386682882846,-1.3318185680232937,0.9992344379425048
52,1,6,0.03816099048777346,-1.3318185680232937,0.999354124069214
52,1,7,0.07632198097554692,-1.324186369925739,0.9989835619926452
52,1,8,-0.015264396195109385,-1.3318185680232937,0.9991250038146972
52,1,9,0.11448297146332038,-1.1944390022673093,0.9989563226699828
52,1,10,0.08395417907310161,-1.2173355965599735,0.9988781809806824
52,1,11,0.0915863771706563,-0.9654730593406685,0.999187469482422
52,1,12,-0.12974736765842976,-1.0341628422186608,0.9991728067398072
52,1,13,0.15264396195109384,-0.4312191925118401,0.5607646703720093
52,1,14,-0.07632198097554692,-0.5228055696824964,0.6247009038925171
52,1,15,0.40450649917039866,-0.20988544768275402,0.6549901366233826
52,1,16,0.23659814102419546,-0.904415474560231,0.6879398226737976
52,1,17,0.496092876341055,-0.18698885339008994,0.6520649790763855
52,1,18,0.3663455086826252,-0.9960018517308873,0.6830127835273743
52,1,19,0.5418860649263831,-0.20988544768275402,0.6531609892845154
52,1,20,0.3434489143899611,-1.0341628422186608,0.6779384016990662
52,1,21,0.4808284801459456,-0.21751764578030872,0.6405355334281921
52,1,22,0.3052879239021877,-1.003634049828442,0.6648886203765869
52,1,23,0.053425386682882846,0.011448297146332038,0.9969847798347472
52,1,24,-0.053425386682882846,-0.011448297146332038,0.9963045716285706
52,1,25,-0.12211516956087508,0.7670359088042465,0.611283004283905
52,1,26,0.07632198097554692,0.7746681069018012,0.6087865233421326
52,1,27,-0.22133374482908608,1.5684167090474892,0.647786557674408
52,1,28,-0.11448297146332038,1.5378879166572705,0.6353371143341064
52,1,29,-0.33581671629240645,1.7057962748034736,0.675380289554596
52,1,30,-0.22133374482908608,1.6600030862181454,0.6289017200469971
52,1,31,0.015264396195109385,1.675267482413255,0.712651252746582
52,1,32,0.16790835814620322,1.6828996805108096,0.6880832314491272
52,2,0,-0.21769931940750167,-1.3180704247763284,0.999482035636902
52,2,1,-0.1860339638573196,-1.3814011358766924,0.9994260668754578
52,2,2,-0.1702012860822286,-1.389317474764238,0.9993440508842468
52,2,3,-0.15436860830713756,-1.389317474764238,0.9995012879371644
52,2,4,-0.21769931940750167,-1.389317474764238,0.9994021654129028
52,2,5,-0.21769931940750167,-1.389317474764238,0.9993082880973816
52,2,6,-0.22561565829504718,-1.3972338136517835,0.9994164109230042
52,2,7,-0.14645226941959202,-1.389317474764238,0.9990828633308412
52,2,8,-0.24144833607013821,-1.3972338136517835,0.9992101192474364
52,2,9,-0.16228494719468306,-1.2547397136759642,0.999057412147522
52,2,10,-0.19395030274486513,-1.2626560525635098,0.9989848732948304
52,2,11,0.09103789720677342,-1.0251658859371442,0.9992628693580629
52,2,12,-0.2335319971825927,-0.9697515137243257,0.9992324709892272
52,2,13,0.0752052194316824,-0.4789385026965037,0.6039473414421082
52,2,14,-0.31269538605804786,-0.3997751138210485,0.6000444293022156
52,2,15,-0.2651973527327748,-0.6768469748851416,0.6882389783859253
52,2,16,-0.4868548415840492,-0.2335319971825927,0.6838502287864685
52,2,17,-0.376026097158412,-0.7560103637605967,0.6844774484634399
52,2,18,-0.5660182304595044,-0.13853593053204652,0.6793615221977234
52,2,19,-0.35227708049577544,-0.8114247359734154,0.6852527856826782
52,2,20,-0.5976835860096864,-0.1702012860822286,0.675186276435852
52,2,21,-0.32061172494559337,-0.7876757193107787,0.6728658676147461
52,2,22,-0.5343528749093223,-0.2731136916203203,0.6626952886581421
52,2,23,0.0831215583192279,-0.003958169443772757,0.9971907734870912
52,2,24,-0.0831215583192279,0.003958169443772757,0.9964627623558044
52,2,25,-0.19395030274486513,0.8035083970858699,0.6465413570404053
52,2,26,-0.043539863881500336,0.8035083970858699,0.5893150568008423
52,2,27,0.09895423609431894,1.618891302503058,0.6739388704299927
52,2,28,0.13061959164450102,1.4922298803023297,0.6167432069778442
52,2,29,0.21769931940750167,1.761385402478877,0.6990822553634644
52,2,30,0.22561565829504718,1.634723980278149,0.6242239475250244
52,2,31,-0.19395030274486513,1.713887369153604,0.7304373979568481
52,2,32,-0.059372541656591366,1.6426403191656944,0.6732819676399231
53,1,0,0.1659754957715575,-1.2764305984336446,0.9991183876991272
53,1,1,0.15807190073481667,-1.3475629537643121,0.9989110827445984
53,1,2,0.1659754957715575,-1.3475629537643121,0.9988154768943788
53,1,3,0.17387909080829833,-1.3475629537643121,0.999088168144226
53,1,4,0.13436111562459416,-1.3475629537643121,0.9987873435020448
53,1,5,0.1185539255511125,-1.3554665488010529,0.9986340999603271
53,1,6,0.10274673547763083,-1.3554665488010529,0.9987988471984864
53,1,7,0.15016830569807582,-1.3554665488010529,0.998255968093872
53,1,8,0.047421570220445,-1.3554665488010529,0.998348593711853
53,1,9,0.17387909080829833,-1.2211054331764588,0.9985488653182985
53,1,10,0.142264710661335,-1.2290090282131996,0.9984618425369264
53,1,11,0.13436111562459416,-0.9839975820742337,0.9992420077323914
53,1,12,-0.09484314044089,-1.015611962221197,0.9992707371711732
53,1,13,0.20549347095526166,-0.39122795431867124,0.5681024193763733
53,1,14,-0.047421570220445,-0.4544567146125979,0.6388200521469116
53,1,15,0.3872761568003008,-0.22525245854711376,0.675432562828064
53,1,16,0.2687222312491883,-0.8180220863026763,0.7143256068229675
53,1,17,0.46631210716770916,-0.20154167343689125,0.6728441119194031
53,1,18,0.3951797518370417,-0.9128652267435663,0.7092764377593994
53,1,19,0.49002289227793167,-0.2173488635103729,0.6746811866760254
53,1,20,0.36356537169007835,-0.9681903920007521,0.7052700519561768
53,1,21,0.4505049170942275,-0.23315605358385458,0.6602526307106018
53,1,22,0.32404739650637415,-0.9523832019272704,0.6922060251235962
53,1,23,0.08693954540414917,0.01185539255511125,0.9971352815628052
53,1,24,-0.08693954540414917,-0.01185539255511125,0.9964019060134888
53,1,25,-0.007903595036740834,0.7468897309720087,0.606570303440094
53,1,26,0.0237107851102225,0.7626969210454905,0.60407954454422
53,1,27,-0.142264710661335,1.5135384495358697,0.6451759338378906
53,1,28,-0.12645752058785334,1.5293456396093512,0.6246175765991211
53,1,29,-0.22130066102874332,1.632092375086982,0.6737422943115234
53,1,30,-0.20549347095526166,1.6716103502706863,0.6266090273857117
53,1,31,0.11065033051437166,1.584670804866537,0.7107120752334595
53,1,32,0.20549347095526166,1.687417540344168,0.6798245310783386
53,2,0,-0.29369473275207053,-1.3057509064247461,0.9992007613182068
53,2,1,-0.26194395083292776,-1.3771901657428174,0.999014675617218
53,2,2,-0.23813086439357073,-1.3771901657428174,0.9989286065101624
53,2,3,-0.22225547343399935,-1.385127861222603,0.9991748332977296
53,2,4,-0.28575703727228485,-1.385127861222603,0.9989018440246582
53,2,5,-0.29369473275207053,-1.385127861222603,0.998763382434845
53,2,6,-0.29369473275207053,-1.385127861222603,0.998913049697876
53,2,7,-0.1746293005552852,-1.385127861222603,0.9984260201454164
53,2,8,-0.26194395083292776,-1.385127861222603,0.9985067844390868
53,2,9,-0.2460685598733564,-1.2343116471066748,0.9986863136291504
53,2,10,-0.2778193417924992,-1.2422493425864607,0.998599648475647
53,2,11,0.047626172878714144,-1.0041184781928898,0.9993119239807128
53,2,12,-0.22225547343399935,-0.9882430872333184,0.9993025660514832
53,2,13,0.07143925931807121,-0.43260440364832015,0.6107944846153259
53,2,14,-0.16669160507549952,-0.41672901268874873,0.5929027795791626
53,2,15,-0.29369473275207053,-0.6707352680418909,0.7061941623687744
53,2,16,-0.3175078191914276,-0.2500374076132493,0.6777430772781372
53,2,17,-0.40482246946907025,-0.7659876137993191,0.7017349600791931
53,2,18,-0.38100938302971316,-0.18653584377496374,0.6753566861152649
53,2,19,-0.38100938302971316,-0.8136137866780333,0.7029776573181152
53,2,20,-0.40482246946907025,-0.22622432117389218,0.6718812584877014
53,2,21,-0.3492586011105704,-0.7898007002386762,0.6884527802467346
53,2,22,-0.38894707850949883,-0.23416201665367786,0.6603292226791382
53,2,23,0.10319004123721398,0.003968847739892845,0.997254192829132
53,2,24,-0.10319004123721398,-0.003968847739892845,0.996444821357727
53,2,25,-0.3175078191914276,0.7501122228397478,0.6408894658088684
53,2,26,-0.2778193417924992,0.742174527359962,0.5800308585166931
53,2,27,0.06350156383828552,1.5200686843789597,0.6719823479652405
53,2,28,0.12700312767657104,1.4248163386215316,0.6030732989311218
53,2,29,0.19050469151485658,1.6470718120555308,0.6947962045669556
53,2,30,0.26194395083292776,1.5041932934193885,0.6206554770469666
53,2,31,-0.20638008247442796,1.615321030136388,0.7293041944503784
53,2,32,-0.06350156383828552,1.5597571617778883,0.6636542677879333
54,1,0,0.14006085756013287,-1.2683288767945364,0.9991697072982788
54,1,1,0.12449854005345144,-1.338359305574603,0.998964250087738
54,1,2,0.13227969880679216,-1.338359305574603,0.9988741874694824
54,1,3,0.13227969880679216,-1.338359305574603,0.9991210103034972
54,1,4,0.1011550637934293,-1.338359305574603,0.9988412857055664
54,1,5,0.08559274628674786,-1.3461404643279438,0.9987081289291382
54,1,6,0.07003042878006643,-1.3461404643279438,0.9988623857498168
54,1,7,0.13227969880679216,-1.3461404643279438,0.9983153343200684
54,1,8,0.03112463501336286,-1.3461404643279438,0.998467206954956
54,1,9,0.14006085756013287,-1.2060796067678108,0.998622715473175
54,1,10,0.10893622254677,-1.2216419242744923,0.9985631108283995
54,1,11,0.13227969880679216,-0.9726448441675893,0.9993178248405457
54,1,12,-0.1011550637934293,-1.0271129554409744,0.999353289604187
54,1,13,0.14006085756013287,-0.42796373143373934,0.5707411766052246
54,1,14,-0.03890579376670358,-0.4668695252004429,0.6327409744262695
54,1,15,0.33458982639365076,-0.24899708010690288,0.6908178925514221
54,1,16,0.272340556366925,-0.8325839866074565,0.7091876864433289
54,1,17,0.43574489018708,-0.22565360384688074,0.6883004903793335
54,1,18,0.39683909642037646,-0.9570825266609079,0.7062845826148987
54,1,19,0.4513072076937615,-0.24121592135356215,0.6903753280639648
54,1,20,0.3657144614070136,-1.0037694791809522,0.7029902338981628
54,1,21,0.4046202551737172,-0.2567782388602436,0.6734915375709534
54,1,22,0.3190275088869693,-0.9804260029209301,0.6912935972213745
54,1,23,0.07781158753340715,0.01556231750668143,0.9972983598709106
54,1,24,-0.07781158753340715,-0.01556231750668143,0.9965611696243286
54,1,25,-0.06224927002672572,0.7392100815673679,0.6125059127807617
54,1,26,-0.007781158753340715,0.7236477640606864,0.6066148281097412
54,1,27,-0.17118549257349572,1.4939824806414173,0.6609252095222473
54,1,28,-0.1011550637934293,1.4317332106146916,0.6238306164741516
54,1,29,-0.3112463501336286,1.63404333820155,0.6842897534370422
54,1,30,-0.17896665132683645,1.5717940681748244,0.6349934339523315
54,1,31,0.09337390504008858,1.5951375444348466,0.7244349122047424
54,1,32,0.2023101275868586,1.610699861941528,0.6804728507995605
54,2,0,-0.29946810705689525,-1.2951023331161835,0.999247908592224
54,2,1,-0.2683545374925425,-1.365107864635977,0.9990640878677368
54,2,2,-0.25279775271036614,-1.365107864635977,0.9989829063415528
54,2,3,-0.22946257553710156,-1.3728862570270652,0.9992055296897888
54,2,4,-0.29946810705689525,-1.365107864635977,0.998952567577362
54,2,5,-0.29946810705689525,-1.3728862570270652,0.9988324642181396
54,2,6,-0.30724649944798343,-1.3728862570270652,0.998972237110138
54,2,7,-0.18279222119057242,-1.3728862570270652,0.9984808564186096
54,2,8,-0.2761329298836307,-1.3728862570270652,0.9986165165901184
54,2,9,-0.25279775271036614,-1.2250968015963897,0.9987555146217346
54,2,10,-0.2839113222747189,-1.232875193987478,0.9986973404884338
54,2,11,0.05055955054207323,-0.9995234222548323,0.999380588531494
54,2,12,-0.23724096792818974,-0.991745029863744,0.9993936419487
54,2,13,0.05055955054207323,-0.46281434726974724,0.6130788922309875
54,2,14,-0.18279222119057242,-0.4161439929232181,0.5897232890129089
54,2,15,-0.29946810705689525,-0.6883877266113048,0.7197788953781128
54,2,16,-0.3539168537945126,-0.29946810705689525,0.6780179738998413
54,2,17,-0.4083656005321299,-0.7739500429132747,0.7153404355049133
54,2,18,-0.4161439929232181,-0.29168971466580706,0.6770251989364624
54,2,19,-0.38503042335886534,-0.8283987896508921,0.7167462110519409
54,2,20,-0.4239223853143063,-0.33058167662124804,0.6740778684616089
54,2,21,-0.3539168537945126,-0.8050636124776276,0.7002509236335754
54,2,22,-0.4083656005321299,-0.33836006901233623,0.6637807488441467
54,2,23,0.09722990488860236,0.0038891961955440945,0.9974430799484252
54,2,24,-0.09722990488860236,-0.0038891961955440945,0.996642291545868
54,2,25,-0.3150248918390716,0.7506148657400102,0.6487570405006409
54,2,26,-0.18279222119057242,0.7117229037845693,0.5814811587333679
54,2,27,0.05833794293316141,1.4662269657201237,0.6867434978485107
54,2,28,0.16723543640839605,1.3339942950716244,0.6067448258399963
54,2,29,0.17501382879948424,1.6140164211507992,0.7067532539367676
54,2,30,0.29168971466580706,1.4117782189825063,0.6351526975631714
54,2,31,-0.22168418314601337,1.606238028759711,0.7416096925735474
54,2,32,-0.019445980977720472,1.4740053581112118,0.6697566509246826
55,1,0,0.20558730855628154,-1.303423536246825,0.999144434928894
55,1,1,0.18091683152952776,-1.3774349673270863,0.9989165663719176
55,1,2,0.18091683152952776,-1.3774349673270863,0.9988328218460084
55,1,3,0.18091683152952776,-1.3774349673270863,0.9990952610969543
55,1,4,0.16446984684502525,-1.3774349673270863,0.9988107681274414
55,1,5,0.1480228621605227,-1.3774349673270863,0.9986667037010192
55,1,6,0.1315758774760202,-1.3774349673270863,0.9988412261009216
55,1,7,0.15624635450277397,-1.3774349673270863,0.9983070492744446
55,1,8,0.0657879387380101,-1.3774349673270863,0.9984105229377748
55,1,9,0.1973638162140303,-1.237635597508815,0.998557984828949
55,1,10,0.1726933391872765,-1.2458590898510662,0.9985830187797546
55,1,11,0.13979936981827146,-0.990930827241277,0.9993396401405334
55,1,12,-0.057564446395758834,-1.0073778119257797,0.9994300603866576
55,1,13,0.1480228621605227,-0.4646273173371963,0.569840133190155
55,1,14,-0.016446984684502525,-0.4399568403104425,0.6301161050796509
55,1,15,0.28782223197879414,-0.23436953175416098,0.6822060942649841
55,1,16,0.31249270900554793,-0.7853435186849955,0.7095449566841125
55,1,17,0.4029511247703118,-0.19325207004290465,0.679865837097168
55,1,18,0.4358450941393169,-0.8758019344497594,0.7080601453781128
55,1,19,0.4276216017970656,-0.2261460394119097,0.6811028718948364
55,1,20,0.4111746171125631,-0.9333663808455183,0.705262303352356
55,1,21,0.3618336630590555,-0.2261460394119097,0.6650645136833191
55,1,22,0.3700571554013068,-0.9169193961610157,0.6947996020317078
55,1,23,0.057564446395758834,0.004111746171125631,0.9974129796028136
55,1,24,-0.057564446395758834,-0.004111746171125631,0.9966420531272888
55,1,25,0.189140323871779,0.6373206565244728,0.624904453754425
55,1,26,0.09045841576476388,0.7524495493159905,0.6057836413383484
55,1,27,-0.09868190810701515,1.3527644903003326,0.6616212725639343
55,1,28,0.024670477026753786,1.5007873524608553,0.6234486699104309
55,1,29,-0.1973638162140303,1.40210544435384,0.687558650970459
55,1,30,-0.09868190810701515,1.615916245252373,0.6429763436317444
55,1,31,0.0657879387380101,1.459669890749599,0.7257322669029236
55,1,32,0.2960457243210454,1.6652571993058805,0.6830592155456543
55,2,0,-0.3453253824145178,-1.3031922169690733,0.9992265105247498
55,2,1,-0.3124372507559923,-1.3771905132007556,0.9990207552909852
55,2,2,-0.29599318492672955,-1.3771905132007556,0.9989452362060548
55,2,3,-0.2795491190974668,-1.385412546115387,0.9991822242736816
55,2,4,-0.33710334949988646,-1.3771905132007556,0.998924732208252
55,2,5,-0.3453253824145178,-1.3771905132007556,0.998794674873352
55,2,6,-0.3453253824145178,-1.3771905132007556,0.9989526271820068
55,2,7,-0.19732878995115305,-1.3771905132007556,0.998473048210144
55,2,8,-0.29599318492672955,-1.3771905132007556,0.9985640048980712
55,2,9,-0.29599318492672955,-1.2374159536520222,0.9986966848373412
55,2,10,-0.3206592836706237,-1.2456379865666536,0.9987106323242188
55,2,11,-0.016444065829262753,-0.9989769991277122,0.9994040131568908
55,2,12,-0.2548830203535727,-0.9825329332984495,0.9994637966156006
55,2,13,0.07399829623168239,-0.46454485967667275,0.6123564839363098
55,2,14,-0.18088472412189027,-0.4234346951035159,0.5880700945854187
55,2,15,-0.32888131658525505,-0.6043194192254062,0.7129186987876892
55,2,16,-0.33710334949988646,-0.36588046470109625,0.6830537915229797
55,2,17,-0.4275457115608316,-0.7029838142009827,0.7094286680221558
55,2,18,-0.3782135140730433,-0.30010420138404525,0.6824363470077515
55,2,19,-0.4111016457315688,-0.7605380446034024,0.7103053331375122
55,2,20,-0.4275457115608316,-0.30010420138404525,0.6799231767654419
55,2,21,-0.3864355469876747,-0.7358719458595082,0.694481372833252
55,2,22,-0.3864355469876747,-0.3412143659572021,0.6712019443511963
55,2,23,0.09866439497557652,0.004111016457315688,0.9975995421409608
55,2,24,-0.09866439497557652,-0.004111016457315688,0.996877133846283
55,2,25,-0.1397745595487334,0.6865397483717199,0.6590536832809448
55,2,26,-0.36999148115841196,0.7029838142009827,0.6078550815582275
55,2,27,-0.032888131658525506,1.4758549081763321,0.6912029981613159
55,2,28,-0.18088472412189027,1.4183006777739124,0.6283724308013916
55,2,29,0.09866439497557652,1.5498532044080144,0.7089794874191284
55,2,30,-0.032888131658525506,1.5087430398348576,0.6519486308097839
55,2,31,-0.26310505326820405,1.5909633689811713,0.7484300136566162
55,2,32,-0.2713270861828354,1.6156294677250655,0.6895443201065063
56,1,0,0.24726917348745112,-1.3243569291870263,0.9988602995872498
56,1,1,0.21374114996372892,-1.3914129762344707,0.9984804391860962
56,1,2,0.20535914408279837,-1.3914129762344707,0.9983834624290466
56,1,3,0.20535914408279837,-1.3997949821154012,0.9987620115280152
56,1,4,0.19697713820186782,-1.3914129762344707,0.9984420537948608
56,1,5,0.18859513232093728,-1.3914129762344707,0.9982072710990906
56,1,6,0.1718311205590762,-1.3914129762344707,0.998441517353058
56,1,7,0.138303097035354,-1.3830309703535402,0.9976975321769714
56,1,8,0.07962905586884018,-1.3746489644726096,0.9979287385940552
56,1,9,0.23050516172559002,-1.257300882139582,0.9981235265731812
56,1,10,0.21374114996372892,-1.257300882139582,0.9984091520309448
56,1,11,0.16344911467814566,-0.997458699830735,0.9993107914924622
56,1,12,-0.020955014702326365,-0.997458699830735,0.9994880557060242
56,1,13,0.19697713820186782,-0.5196843646176939,0.5661216974258423
56,1,14,0.037719026464187455,-0.4358643058083884,0.6277392506599426
56,1,15,0.3143252205348955,-0.7124704998790964,0.687371015548706
56,1,16,0.3562352499395482,-0.7627625351646797,0.7135035395622253
56,1,17,0.4735833322725759,-0.6789424763553742,0.6907861828804016
56,1,18,0.4735833322725759,-0.8382005880930546,0.7122060656547546
56,1,19,0.49034734403443697,-0.7124704998790964,0.6915903687477112
56,1,20,0.4400553087488537,-0.8884926233786379,0.7097381949424744
56,1,21,0.4568193205107148,-0.6873244822363048,0.6752601861953735
56,1,22,0.3897632734632704,-0.8633466057358462,0.7002253532409668
56,1,23,0.07124704998790964,-0.008382005880930547,0.9966790080070496
56,1,24,-0.07124704998790964,0.008382005880930547,0.996015965938568
56,1,25,0.4065272852251315,0.5951224175460688,0.6182544231414795
56,1,26,0.21374114996372892,0.7795265469265408,0.6318337321281433
56,1,27,0.19697713820186782,1.2070088468539986,0.6487109661102295
56,1,28,-0.020955014702326365,1.517143064448429,0.6426421403884888
56,1,29,0.0628650441069791,1.3243569291870263,0.6723445653915405
56,1,30,-0.1550671087972151,1.5841991114958731,0.6618730425834656
56,1,31,0.2975612087730344,1.4249409997581928,0.7123612761497498
56,1,32,0.18859513232093728,1.7015471938289009,0.6981416940689087
56,2,0,-0.2988581152488339,-1.3033534470574146,0.9989705681800842
56,2,1,-0.2739532723114311,-1.378067975869623,0.9986282587051392
56,2,2,-0.25735004368649583,-1.378067975869623,0.998540222644806
56,2,3,-0.24074681506156065,-1.3863695901820905,0.9988824725151062
56,2,4,-0.2988581152488339,-1.378067975869623,0.9985928535461426
56,2,5,-0.3071597295613015,-1.378067975869623,0.9983798265457152
56,2,6,-0.3154613438737691,-1.378067975869623,0.9985917210578918
56,2,7,-0.20754035781169022,-1.378067975869623,0.9979249238967896
56,2,8,-0.2739532723114311,-1.3614647472446877,0.9981263279914856
56,2,9,-0.25735004368649583,-1.2369405325576737,0.998304545879364
56,2,10,-0.2822548866238987,-1.228638918245206,0.9985448718070984
56,2,11,0.04980968587480565,-0.996193717496113,0.9993754029273988
56,2,12,-0.22414358643662544,-0.996193717496113,0.9994529485702516
56,2,13,0.12452421468701412,-0.5063984730605241,0.6091729998588562
56,2,14,-0.23244520074909303,-0.5230017016854593,0.5784803032875061
56,2,15,-0.2988581152488339,-0.6641291449974087,0.7173442244529724
56,2,16,-0.33206457249870436,-0.6890339879348115,0.6652902364730835
56,2,17,-0.3901758726859776,-0.6973356022472791,0.7181650400161743
56,2,18,-0.4067791013109128,-0.7471452881220848,0.6622900366783142
56,2,19,-0.3901758726859776,-0.7554469024345524,0.7184440493583679
56,2,20,-0.3984774869984452,-0.7969549739968904,0.6590865254402161
56,2,21,-0.35696941543610716,-0.7388436738096171,0.7017595171928406
56,2,22,-0.3735726440610424,-0.7720501310594876,0.6519070267677307
56,2,23,0.11622260037454651,-0.008301614312467608,0.9969371557235718
56,2,24,-0.11622260037454651,0.008301614312467608,0.9963153600692748
56,2,25,-0.03320645724987043,0.6475259163724735,0.653876781463623
56,2,26,-0.45658878718571844,0.6973356022472791,0.6528120040893555
56,2,27,0.016603228624935216,1.3697663615571554,0.6796525716781616
56,2,28,-0.2739532723114311,1.3697663615571554,0.6590680480003357
56,2,29,0.12452421468701412,1.3365599043072849,0.6929382681846619
56,2,30,-0.21584197212415782,1.5191954191815724,0.6725213527679443
56,2,31,-0.14942905762441694,1.5274970334940399,0.7362422347068787
56,2,32,-0.46489040149818606,1.5773067193688457,0.7090741395950317
57,1,0,0.21734314343253383,-1.312418212265685,0.9989650845527648
57,1,1,0.18390573675060554,-1.3876523773000236,0.9986385703086852
57,1,2,0.18390573675060554,-1.3876523773000236,0.9985409379005432
57,1,3,0.18390573675060554,-1.3960117289705056,0.9988675713539124
57,1,4,0.1671870334096414,-1.3792930256295415,0.998605489730835
57,1,5,0.15046833006867727,-1.3792930256295415,0.9983842968940736
57,1,6,0.13374962672771312,-1.3709336739590594,0.9985974431037904
57,1,7,0.12539027505723105,-1.3792930256295415,0.9979335069656372
57,1,8,0.06687481336385656,-1.3625743222885773,0.998207688331604
57,1,9,0.20062444009156968,-1.2455433989018285,0.9983421564102172
57,1,10,0.17554638508012346,-1.2371840472313465,0.9986166954040528
57,1,11,0.13374962672771312,-1.0031222004578484,0.9993245601654052
57,1,12,-0.04179675835241035,-0.9947628487873663,0.999494969844818
57,1,13,0.24242119844398002,-0.6102326719451912,0.5646694898605347
57,1,14,0.05015611002289242,-0.5015611002289242,0.6188610196113586
57,1,15,0.37617082517169315,-0.8024977603662787,0.6753459572792053
57,1,16,0.37617082517169315,-0.7857790570253146,0.6966003179550171
57,1,17,0.4681236935469959,-0.8610132220596532,0.6810868978500366
57,1,18,0.476483045217478,-0.8610132220596532,0.6925511360168457
57,1,19,0.4263269351945856,-0.9278880354235097,0.6804198622703552
57,1,20,0.44304563853554974,-0.9195286837530277,0.6893395781517029
57,1,21,0.3845301768421752,-0.9111693320825456,0.6665542721748352
57,1,22,0.40960823185362144,-0.8944506287415815,0.6809731721878052
57,1,23,0.0835935167048207,-0.00835935167048207,0.9966872930526732
57,1,24,-0.0835935167048207,0.00835935167048207,0.9961200952529908
57,1,25,0.476483045217478,0.5600765619222987,0.6122695207595825
57,1,26,0.09195286837530277,0.7857790570253146,0.6628722548484802
57,1,27,0.3260147151488007,1.1535905305265257,0.629175066947937
57,1,28,-0.07523416503433863,1.429449135652434,0.6571576595306396
57,1,29,0.2257024951030159,1.2204653438903823,0.6469831466674805
57,1,30,-0.24242119844398002,1.6217142240735216,0.6687127947807312
57,1,31,0.4597643418765138,1.320777563936167,0.6898874044418335
57,1,32,0.07523416503433863,1.6217142240735216,0.7048642039299011
57,2,0,-0.2756857447326279,-1.2730194683241938,0.9990395307540894
57,2,1,-0.25136053196210195,-1.3459951066357716,0.9987396597862244
57,2,2,-0.24325212770525995,-1.3541035108926136,0.9986522197723388
57,2,3,-0.22703531919157593,-1.3622119151494556,0.998951256275177
57,2,4,-0.2756857447326279,-1.3378867023789296,0.9987032413482666
57,2,5,-0.2756857447326279,-1.3459951066357716,0.9984980225563048
57,2,6,-0.2837941489894699,-1.3459951066357716,0.998691201210022
57,2,7,-0.18649329790736596,-1.3622119151494556,0.998120367527008
57,2,8,-0.25136053196210195,-1.3459951066357716,0.998320460319519
57,2,9,-0.21892691493473396,-1.2081522342694577,0.9984686970710754
57,2,10,-0.25136053196210195,-1.1919354257557737,0.9986009001731871
57,2,11,0.056758829797893984,-1.0054421278484078,0.99938702583313
57,2,12,-0.20271010642104995,-0.9892253193347238,0.9993684887886048
57,2,13,0.17838489365052396,-0.6000219150063079,0.6078660488128662
57,2,14,-0.2675773404757859,-0.5270462766947299,0.5698180794715881
57,2,15,-0.2919025532463119,-0.7540815958863059,0.7067182064056396
57,2,16,-0.3973118085852579,-0.7459731916294638,0.6507847309112549
57,2,17,-0.4297454256126259,-0.7702984043999898,0.7100624442100525
57,2,18,-0.4865042554105199,-0.8594908512252518,0.6457222700119019
57,2,19,-0.4297454256126259,-0.9162496810231457,0.7091336250305176
57,2,20,-0.4702874468968359,-0.8919244682526197,0.6419183015823364
57,2,21,-0.3973118085852579,-0.8594908512252518,0.6945168375968933
57,2,22,-0.4297454256126259,-0.8675992554820938,0.6349520683288574
57,2,23,0.10540925533894598,0.0,0.9968361258506776
57,2,24,-0.10540925533894598,0.0,0.9962859749794006
57,2,25,0.032433617027367995,0.7054311703452538,0.6483757495880127
57,2,26,-0.45407063838315187,0.6973227660884118,0.6735627055168152
57,2,27,0.048650425541051985,1.4027539364336656,0.6613344550132751
57,2,28,-0.3892034043284159,1.3297782981220876,0.6703246235847473
57,2,29,0.14595127662315596,1.5243800002862957,0.6676626801490784
57,2,30,-0.3648781915578899,1.4838379790020857,0.6784508228302002
57,2,31,-0.024325212770525993,1.5730304258273475,0.7144071459770203
57,2,32,-0.7054311703452538,1.4919463832589277,0.7127916216850281
58,1,0,0.23104145717770394,-1.2938321601951421,0.99910706281662
58,1,1,0.19743542704276518,-1.3610442204650195,0.9988269805908204
58,1,2,0.19743542704276518,-1.3694457279987542,0.9987435936927797
58,1,3,0.19743542704276518,-1.3694457279987542,0.9990191459655762
58,1,4,0.1890339195090305,-1.3526427129312848,0.9987955093383788
58,1,5,0.1722309044415611,-1.3526427129312848,0.9986042380332948
58,1,6,0.16382939690782644,-1.3526427129312848,0.998781681060791
58,1,7,0.13862487430662238,-1.3610442204650195,0.9982312917709352
58,1,8,0.08821582910421423,-1.34424120539755,0.9984450340270996
58,1,9,0.21423844211023457,-1.2266200999252646,0.9985619783401488
58,1,10,0.19743542704276518,-1.2182185923915299,0.9987045526504515
58,1,11,0.05460979896927547,-0.9997793965144279,0.9993983507156372
58,1,12,-0.012602261300602033,-0.9997793965144279,0.9994263052940368
58,1,13,0.19743542704276518,-0.5460979896927548,0.5661960244178772
58,1,14,0.07141281403674485,-0.4956889444903466,0.6114466786384583
58,1,15,0.44948065305480583,-0.8149462307722648,0.6781592965126038
58,1,16,0.4326776379873365,-0.8317492458397342,0.6837159991264343
58,1,17,0.6259123112632343,-0.8821582910421423,0.6832985877990723
58,1,18,0.5502987434596222,-0.9073628136433464,0.6779050230979919
58,1,19,0.5923062811282955,-0.9409688437782852,0.6821637749671936
58,1,20,0.5166927133246834,-0.9661733663794893,0.6742323637008667
58,1,21,0.5166927133246834,-0.9241658287108158,0.6686795353889465
58,1,22,0.47468517565600993,-0.9493703513120199,0.6655254364013672
58,1,23,0.0378067839018061,-0.00840150753373469,0.9967459440231324
58,1,24,-0.0378067839018061,0.00840150753373469,0.996484100818634
58,1,25,0.49988969825721397,0.4704844218891426,0.6252454519271851
58,1,26,0.1134203517054183,0.8065447232385301,0.7023095488548279
58,1,27,0.4242761304536018,1.0753929643180402,0.6439475417137146
58,1,28,-0.07981432157047955,1.5542788937409173,0.6973357796669006
58,1,29,0.47468517565600993,1.1342035170541829,0.6507164239883423
58,1,30,-0.23104145717770394,1.671899999213203,0.6979172825813293
58,1,31,0.7015258790668465,1.1930140697903258,0.7044591903686523
58,1,32,0.15542788937409174,1.6634984916794684,0.7342649698257446
58,2,0,-0.2867709772557112,-1.2682547444830046,0.9991669654846193
58,2,1,-0.2625368101636793,-1.3409572457591004,0.998912751674652
58,2,2,-0.24638069876899132,-1.3490353014564442,0.9988376498222352
58,2,3,-0.23022458737430337,-1.3490353014564442,0.999090850353241
58,2,4,-0.2786929215583672,-1.3328791900617563,0.9988714456558228
58,2,5,-0.2786929215583672,-1.3328791900617563,0.9986957907676696
58,2,6,-0.2786929215583672,-1.3328791900617563,0.998856484889984
58,2,7,-0.20599042028227144,-1.3490353014564442,0.9983903169631958
58,2,8,-0.27061486586102323,-1.3328791900617563,0.9985209107398988
58,2,9,-0.23830264307164734,-1.2036302989042527,0.9986781477928162
58,2,10,-0.2544587544663353,-1.1874741875095647,0.9987117648124696
58,2,11,0.06866347342742381,-1.0097569621679972,0.9994555115699768
58,2,12,-0.20599042028227144,-0.9855227950759653,0.9993157386779784
58,2,13,0.1413659747035196,-0.5412297317220465,0.6091809272766113
58,2,14,-0.3029270886503992,-0.5089175089326706,0.5640559792518616
58,2,15,-0.2867709772557112,-0.6785566785768942,0.7092403769493103
58,2,16,-0.48064431399196667,-0.6866347342742382,0.6391811370849609
58,2,17,-0.4321759798079028,-0.6462444557875182,0.712254524230957
58,2,18,-0.5614248709654065,-0.6543225114848622,0.6333013772964478
58,2,19,-0.4402540355052468,-0.743181124155646,0.711016058921814
58,2,20,-0.5614248709654065,-0.735103068458302,0.6296496987342834
58,2,21,-0.4079418127158709,-0.7754933469450219,0.6966628432273865
58,2,22,-0.5129565367813426,-0.75125917985299,0.6222957968711853
58,2,23,0.11713180761148768,0.0,0.9969215989112854
58,2,24,-0.11713180761148768,0.0,0.9965593218803406
58,2,25,0.0363512506380479,0.7754933469450219,0.6584764719009399
58,2,26,-0.3998637570185269,0.735103068458302,0.6929693818092346
58,2,27,0.11713180761148768,1.4944403040086358,0.6683605909347534
58,2,28,-0.5533468152680625,1.454050025521916,0.6946750283241272
58,2,29,0.24638069876899132,1.6156111394687955,0.6540144681930542
58,2,30,-0.5371907038733745,1.5994550280741076,0.68927001953125
58,2,31,0.09289764051945575,1.6398453065608274,0.7192282676696777
58,2,32,-0.8118445975830698,1.6721575293502033,0.726603090763092
59,1,0,0.2508368280864005,-1.292447385394335,0.999229907989502
59,1,1,0.22532799811151233,-1.3689738753189995,0.998994529247284
59,1,2,0.22532799811151233,-1.3774768186439623,0.998924970626831
59,1,3,0.21682505478654962,-1.3774768186439623,0.9991546869277954
59,1,4,0.21682505478654962,-1.3604709319940367,0.9989567399024964
59,1,5,0.19981916813662415,-1.3604709319940367,0.9987958669662476
59,1,6,0.1913162248116614,-1.3604709319940367,0.9989432692527772
59,1,7,0.16580739483677323,-1.3689738753189995,0.9985065460205078
59,1,8,0.12329267821195958,-1.351967988669074,0.998640775680542
59,1,9,0.23383094143647506,-1.2244238387946331,0.9987691640853882
59,1,10,0.21682505478654962,-1.2244238387946331,0.9988147020339966
59,1,11,0.08077796158714594,-1.003347312345602,0.9994512796401978
59,1,12,0.004251471662481365,-0.9948443690206393,0.9993796348571776
59,1,13,0.22532799811151233,-0.5441883727976147,0.5650407075881958
59,1,14,0.08077796158714594,-0.47616482619791284,0.6058661341667175
59,1,15,0.4464045245605433,-0.8247855025213848,0.6688188910484314
59,1,16,0.45490746788550607,-0.8247855025213848,0.6721012592315674
59,1,17,0.5569427877850588,-0.8673002191461985,0.674335777759552
59,1,18,0.5654457311100215,-0.8928090491210866,0.6650464534759521
59,1,19,0.5739486744349842,-0.9353237657459003,0.6728612184524536
59,1,20,0.5314339578101706,-0.9523296523958257,0.6614331007003784
59,1,21,0.48891924118535696,-0.9268208224209376,0.6606303453445435
59,1,22,0.48891924118535696,-0.943826709070863,0.6519001722335815
59,1,23,0.038263244962332285,-0.01700588664992546,0.9967321157455444
59,1,24,-0.038263244962332285,0.01700588664992546,0.9967541694641112
59,1,25,0.48041629786039425,0.3826324496233228,0.6313751339912415
59,1,26,0.1317956215369223,0.8332884458463475,0.7194719314575195
59,1,27,0.5144280711602451,0.9523296523958257,0.6460304260253906
59,1,28,-0.0977838482370714,1.6155592317429186,0.718065083026886
59,1,29,0.6164633910597979,1.062867915620341,0.6333117485046387
59,1,30,-0.22532799811151233,1.7431033816173596,0.7047691345214844
59,1,31,0.803528144208978,1.0968796889201922,0.7046889662742615
59,1,32,0.19981916813662415,1.8111269282170614,0.7448168396949768
59,2,0,-0.268710334164255,-1.259329028769792,0.9992797374725342
59,2,1,-0.2446467221495456,-1.3315198648139204,0.9990622401237488
59,2,2,-0.22860431413973933,-1.3395410688188234,0.9990001320838928
59,2,3,-0.2205831101348362,-1.3475622728237266,0.9992110729217528
59,2,4,-0.26068913015935186,-1.3234986608090171,0.9990192651748656
59,2,5,-0.2526679261544487,-1.3315198648139204,0.9988727569580078
59,2,6,-0.2526679261544487,-1.3315198648139204,0.9990067481994628
59,2,7,-0.18849829411522365,-1.3475622728237266,0.9986369013786316
59,2,8,-0.23662551814464247,-1.3315198648139204,0.9987087845802308
59,2,9,-0.2205831101348362,-1.195159396730567,0.998862087726593
59,2,10,-0.23662551814464247,-1.187138192725664,0.998813271522522
59,2,11,0.08422264205148292,-1.0106717046177949,0.9995025992393494
59,2,12,-0.18849829411522365,-0.9866080926030856,0.9992928504943848
59,2,13,0.148392274090708,-0.5454418723334131,0.6081221699714661
59,2,14,-0.268710334164255,-0.5053358523088974,0.5572385787963867
59,2,15,-0.268710334164255,-0.6818023404167665,0.7006344199180603
59,2,16,-0.4130920062525114,-0.6818023404167665,0.6265650987625122
59,2,17,-0.4050708022476083,-0.6497175243971539,0.7037448883056641
59,2,18,-0.5013252503064459,-0.657738728402057,0.6196475625038147
59,2,19,-0.4130920062525114,-0.7379507684510883,0.7021435499191284
59,2,20,-0.48528284229663965,-0.7299295644461852,0.6159518361091614
59,2,21,-0.38100719023289886,-0.7620143804657977,0.6885722875595093
59,2,22,-0.4531980262770271,-0.7459719724559914,0.6079902648925781
59,2,23,0.11630745807109545,0.0,0.9969372153282166
59,2,24,-0.11630745807109545,0.0,0.996896743774414
59,2,25,0.06015903003677351,0.7459719724559914,0.6658355593681335
59,2,26,-0.389028394237802,0.7138871564363789,0.7209569811820984
59,2,27,0.148392274090708,1.4759015369021766,0.6761742830276489
59,2,28,-0.5093464543113491,1.4598591288923704,0.7280417680740356
59,2,29,0.27673153816915813,1.61226200498553,0.6487586498260498
59,2,30,-0.5013252503064459,1.5801771889659175,0.7091714143753052
59,2,31,0.04411662202696724,1.620283208990433,0.7270872592926025
59,2,32,-0.806131002492765,1.6523680250100456,0.7525219917297363
60,1,0,0.1900680405483821,-1.2602337471142726,0.9993395805358888
60,1,1,0.16527655699859312,-1.3346081977636395,0.9991419911384584
60,1,2,0.16527655699859312,-1.3346081977636395,0.9990851879119872
60,1,3,0.16527655699859312,-1.342872025613569,0.9992790818214417
60,1,4,0.15701272914866346,-1.3263443699137099,0.9991013407707214
60,1,5,0.14048507344880415,-1.3263443699137099,0.9989674091339112
60,1,6,0.1322212455988745,-1.3263443699137099,0.9990901350975036
60,1,7,0.1156935898990152,-1.3346081977636395,0.9987499117851256
60,1,8,0.08263827849929656,-1.3180805420637802,0.9988214373588562
60,1,9,0.18180421269845246,-1.202386952164765,0.9989437460899352
60,1,10,0.16527655699859312,-1.1941231243148354,0.9989094138145448
60,1,11,0.008263827849929656,-0.9957912559165236,0.9994839429855348
60,1,12,-0.03305531139971862,-1.0040550837664532,0.9993566870689392
60,1,13,0.12395741774894485,-0.5412807241703925,0.5630411505699158
60,1,14,0.0743744506493669,-0.4669062735210256,0.5997452139854431
60,1,15,0.3140254582973269,-0.8305146989179305,0.6643069386482239
60,1,16,0.3470807696970456,-0.8305146989179305,0.6597977876663208
60,1,17,0.4379828760462718,-0.913152977417227,0.6718286275863647
60,1,18,0.44624670389620147,-0.8883614938674381,0.651067316532135
60,1,19,0.40492756464655316,-0.9462082888169456,0.66999751329422
60,1,20,0.41319139249648285,-0.937944460967016,0.6472716927528381
60,1,21,0.33055311399718623,-0.937944460967016,0.6581223011016846
60,1,22,0.3636084253969049,-0.9214168052671567,0.6373752951622009
60,1,23,0.0578467949495076,-0.012395741774894485,0.9969024658203124
60,1,24,-0.0578467949495076,0.012395741774894485,0.9968982338905334
60,1,25,0.5949956051949352,0.5247530684705332,0.6419458985328674
60,1,26,0.25617866334781936,0.7891955596682821,0.7416036128997803
60,1,27,0.5123573266956387,1.2354422635644837,0.6544420719146729
60,1,28,-0.1322212455988745,1.5907868611114588,0.7428438067436218
60,1,29,0.4379828760462718,1.3841911648632175,0.6279979348182678
60,1,30,-0.2313871797980304,1.6982166231605444,0.718230128288269
60,1,31,0.7189530229438801,1.4337741319627955,0.712576150894165
60,1,32,0.1735403848485228,1.756063418110052,0.7637988924980164
60,2,0,-0.2693719027955204,-1.25036808611055,0.9993994235992432
60,2,1,-0.2532899981510117,-1.3227366570108392,0.9992218613624572
60,2,2,-0.23720809350650307,-1.3307776093330934,0.9991702437400818
60,2,3,-0.22916714118424872,-1.3388185616553478,0.999346137046814
60,2,4,-0.2613309504732661,-1.3227366570108392,0.9991844296455384
60,2,5,-0.2613309504732661,-1.3227366570108392,0.9990622997283936
60,2,6,-0.2613309504732661,-1.3227366570108392,0.9991739988327026
60,2,7,-0.14071666563945096,-1.3388185616553478,0.9988712668418884
60,2,8,-0.18092142725072266,-1.3227366570108392,0.998927354812622
60,2,9,-0.22112618886199437,-1.1940814198547696,0.9990406036376952
60,2,10,-0.23720809350650307,-1.177999515210261,0.9989947080612184
60,2,11,-0.020102380805635853,-1.0010985641206656,0.9995318055152892
60,2,12,-0.13267571331719663,-0.9930576117984111,0.9993086457252502
60,2,13,0.044225237772398875,-0.566887138718931,0.6064058542251587
60,2,14,-0.09247095170592493,-0.4864776154963876,0.5508612394332886
60,2,15,-0.2532899981510117,-0.6875014235527461,0.6967805624008179
60,2,16,-0.22112618886199437,-0.5990509480079484,0.6078691482543945
60,2,17,-0.33369952137355513,-0.6553376142637288,0.7019221782684326
60,2,18,-0.33369952137355513,-0.5749280910411854,0.6004744172096252
60,2,19,-0.34978142601806383,-0.7277061851640179,0.6999523043632507
60,2,20,-0.33369952137355513,-0.6312147572969657,0.5968421697616577
60,2,21,-0.3256585690513008,-0.7437880898085265,0.6876822113990784
60,2,22,-0.29349475976228345,-0.6553376142637288,0.5891503095626831
60,2,23,0.06030714241690756,-0.020102380805635853,0.996870756149292
60,2,24,-0.06030714241690756,0.020102380805635853,0.9966992139816284
60,2,25,-0.1487576179617053,0.7598699944530353,0.670036256313324
60,2,26,-0.0683480947391619,0.8563614223200873,0.7039703130722046
60,2,27,-0.2693719027955204,1.5720061790007236,0.673423171043396
60,2,28,0.0683480947391619,1.6122109406119953,0.7172027230262756
60,2,29,-0.21308523653974004,1.7167433208013019,0.6490844488143921
60,2,30,0.188962379572977,1.7489071300903192,0.7019232511520386
60,2,31,-0.5749280910411854,1.7810709393793365,0.7239032983779907
60,2,32,-0.16483952260621398,1.7408661777680647,0.7343027591705322
61,1,0,0.13045585680813854,-1.239330639677316,0.9993674159049988
61,1,1,0.0978418926061039,-1.312712059131894,0.9991995096206664
61,1,2,0.08968840155559524,-1.3208655501824027,0.9991381764411926
61,1,3,0.08968840155559524,-1.3208655501824027,0.9993330836296082
61,1,4,0.08968840155559524,-1.312712059131894,0.9991599321365356
61,1,5,0.08153491050508659,-1.3208655501824027,0.9990227222442628
61,1,6,0.06522792840406927,-1.3208655501824027,0.9991457462310792
61,1,7,0.08153491050508659,-1.3208655501824027,0.9988375902175904
61,1,8,0.04076745525254329,-1.312712059131894,0.9989095330238342
61,1,9,0.11414887470712122,-1.1822562023237555,0.9989426732063292
61,1,10,0.0978418926061039,-1.1822562023237555,0.99895441532135
61,1,11,-0.032613964202034634,-0.9865724171115476,0.9993109703063964
61,1,12,-0.06522792840406927,-1.0110328902630736,0.9993492960929872
61,1,13,0.07338141945457792,-0.5218234272325541,0.5558627843856812
61,1,14,0.08968840155559524,-0.4729024809295022,0.5912805795669556
61,1,15,0.26906520466678574,-0.8235025961013746,0.6538909673690796
61,1,16,0.3179861509698377,-0.8561165603034091,0.6409332156181335
61,1,17,0.3750605883233983,-0.9131909976569698,0.6635895371437073
61,1,18,0.3913675704244156,-0.9213444887074784,0.6322963833808899
61,1,19,0.3506001151718723,-0.9376514708084958,0.6616160273551941
61,1,20,0.35875360622238095,-0.9621119439600216,0.6285166144371033
61,1,21,0.30167916886882035,-0.9213444887074784,0.6512072682380676
61,1,22,0.334293133070855,-0.953958452909513,0.6186509728431702
61,1,23,0.024460473151525976,-0.016306982101017317,0.9965233206748962
61,1,24,-0.024460473151525976,0.016306982101017317,0.9963991641998292
61,1,25,0.4565954988284849,0.619665319838658,0.6262498497962952
61,1,26,0.22829774941424244,0.9131909976569698,0.7148523330688477
61,1,27,0.11414887470712122,1.2964050770308766,0.6268997192382812
61,1,28,-0.032613964202034634,1.647005192202749,0.7206286787986755
61,1,29,0.17937680311119047,1.4431679159400326,0.6113426089286804
61,1,30,-0.20383727626271647,1.7774610490108875,0.700202465057373
61,1,31,0.4729024809295022,1.4676283890915585,0.6877674460411072
61,1,32,0.14676283890915584,1.8100750132129222,0.7362327575683594
61,2,0,-0.3201110143203518,-1.2318195994099617,0.999423623085022
61,2,1,-0.3039028616965366,-1.312860362529038,0.9992727637290956
61,2,2,-0.29579878538462895,-1.3209644388409456,0.999216854572296
61,2,3,-0.27959063276081364,-1.3209644388409456,0.9993937611579896
61,2,4,-0.3201110143203518,-1.312860362529038,0.999237596988678
61,2,5,-0.3120069380084442,-1.312860362529038,0.9991121888160706
61,2,6,-0.3120069380084442,-1.3209644388409456,0.9992240071296692
61,2,7,-0.19044579332982958,-1.3290685151528532,0.998948335647583
61,2,8,-0.2309661748893678,-1.3209644388409456,0.999006986618042
61,2,9,-0.2633824801369984,-1.175091065226608,0.9990341663360596
61,2,10,-0.27959063276081364,-1.1669869889147004,0.9990265965461732
61,2,11,-0.06888464865121495,-1.0049054626765477,0.9993709325790404
61,2,12,-0.2309661748893678,-0.9724891574289171,0.9992971420288086
61,2,13,0.04457241971549203,-0.5267649602739968,0.5998579263687134
61,2,14,-0.1337172591464761,-0.47814050240255085,0.5505685210227966
61,2,15,-0.23907025120127542,-0.656430181264519,0.6875782608985901
61,2,16,-0.21475802226555252,-0.6240138760168884,0.6048869490623474
61,2,17,-0.35252731956798244,-0.6483261049526113,0.6948525309562683
61,2,18,-0.29579878538462895,-0.6483261049526113,0.5954137444496155
61,2,19,-0.35252731956798244,-0.7131587154478725,0.6927706599235535
61,2,20,-0.24717432751318308,-0.680742410200242,0.5911568999290466
61,2,21,-0.3282150906322595,-0.7293668680716877,0.6821335554122925
61,2,22,-0.23907025120127542,-0.6888464865121495,0.5832511782646179
61,2,23,0.06888464865121495,-0.03241630524763057,0.9964590668678284
61,2,24,-0.06888464865121495,0.03241630524763057,0.9963151216506958
61,2,25,-0.18234171701792193,0.7860954022550413,0.6548726558685303
61,2,26,-0.05267649602739967,0.9400728521812864,0.6859700083732605
61,2,27,-0.384943624815613,1.5721908045100825,0.6425761580467224
61,2,28,0.028364267091676748,1.6937519491886972,0.6929629445075989
61,2,29,-0.34442324325607476,1.7342723307482353,0.6341047883033752
61,2,30,0.14182133545838374,1.8234171701792194,0.6795167326927185
61,2,31,-0.6118577615490269,1.6937519491886972,0.6931918263435364
61,2,32,-0.18234171701792193,1.8234171701792194,0.699878990650177
62,1,0,0.05631944877275952,-1.2148909663838123,0.9993860125541688
62,1,1,0.01609127107793129,-1.2953473217734688,0.9992647767066956
62,1,2,0.008045635538965645,-1.2953473217734688,0.9992042183876038
62,1,3,0.008045635538965645,-1.3033929573124345,0.9993850588798524
62,1,4,0.0,-1.2953473217734688,0.9992170333862304
62,1,5,-0.008045635538965645,-1.2953473217734688,0.9990827441215516
62,1,6,-0.024136906616896936,-1.2953473217734688,0.999197006225586
62,1,7,0.01609127107793129,-1.3033929573124345,0.9989328384399414
62,1,8,-0.03218254215586258,-1.2953473217734688,0.9990134239196776
62,1,9,0.05631944877275952,-1.158571517611053,0.9989440441131592
62,1,10,0.04022817769482823,-1.1666171531500185,0.99897563457489
62,1,11,-0.09654762646758774,-0.9815675357538087,0.9991783499717712
62,1,12,-0.12873016862345033,-1.0057044423707056,0.9993430972099304
62,1,13,0.0,-0.49078376787690436,0.5465837717056274
62,1,14,0.0,-0.46664686126000743,0.5895602703094482
62,1,15,0.14482143970138162,-0.7643353762017363,0.639270007610321
62,1,16,0.23332343063000371,-0.7884722828186332,0.6342382431030273
62,1,17,0.25746033724690065,-0.8447917315913928,0.6527798175811768
62,1,18,0.3218254215586258,-0.8769742737472553,0.6233259439468384
62,1,19,0.23332343063000371,-0.885019909286221,0.6511893272399902
62,1,20,0.28964287940276323,-0.9172024514420836,0.619209349155426
62,1,21,0.18504961739620984,-0.860883002669324,0.6420097947120667
62,1,22,0.25746033724690065,-0.8930655448251866,0.6088190078735352
62,1,23,0.04827381323379387,-0.01609127107793129,0.9961629509925842
62,1,24,-0.04827381323379387,0.01609127107793129,0.9961304664611816
62,1,25,0.4425099546431105,0.6999702918900111,0.6244230270385742
62,1,26,0.14482143970138162,0.9091568159031179,0.7024223208427429
62,1,27,0.06436508431172516,1.4160318548579536,0.616178572177887
62,1,28,-0.09654762646758774,1.6895834631827855,0.7051317691802979
62,1,29,0.04022817769482823,1.5608532945593352,0.6102109551429749
62,1,30,-0.2655059727858663,1.81026799626727,0.6819561123847961
62,1,31,0.5068750389548357,1.5528076590203694,0.6794630289077759
62,1,32,0.15286707524034726,1.8424505384231327,0.7113719582557678
62,2,0,-0.3221268028926153,-1.212946603484539,0.9994407296180724
62,2,1,-0.31417305467304457,-1.2924840856802466,0.9993319511413574
62,2,2,-0.29826555823390305,-1.3004378338998175,0.9992764592170716
62,2,3,-0.2823580617947616,-1.3004378338998175,0.9994410276412964
62,2,4,-0.33008055111218604,-1.2924840856802466,0.9992887377738952
62,2,5,-0.33008055111218604,-1.2924840856802466,0.9991660118103028
62,2,6,-0.3380342993317568,-1.2924840856802466,0.9992703795433044
62,2,7,-0.22668182425776634,-1.308391582119388,0.9990349411964417
62,2,8,-0.2823580617947616,-1.3004378338998175,0.9990991950035096
62,2,9,-0.26645056535562006,-1.1493166177279732,0.9990370869636536
62,2,10,-0.2903118100143323,-1.1493166177279732,0.999048352241516
62,2,11,-0.027838118768497618,-1.0061491497756996,0.9992560148239136
62,2,12,-0.1869130831599126,-0.9822879051169875,0.9992873072624208
62,2,13,0.09146810452506361,-0.5130167601623132,0.5915004014968872
62,2,14,-0.21872807603819558,-0.4493867744057473,0.5481607913970947
62,2,15,-0.23463557247733707,-0.6084617387971623,0.6740341186523438
62,2,16,-0.2505430689164786,-0.6005079905775915,0.5984524488449097
62,2,17,-0.3539417957708983,-0.5925542423580208,0.6843370795249939
62,2,18,-0.3380342993317568,-0.5925542423580208,0.5880669355392456
62,2,19,-0.3539417957708983,-0.6641379763341575,0.6825719475746155
62,2,20,-0.31417305467304457,-0.6402767316754453,0.5836884379386902
62,2,21,-0.33008055111218604,-0.680045472773299,0.6728411912918091
62,2,22,-0.26645056535562006,-0.6561842281145868,0.5753346681594849
62,2,23,0.08351435630549287,-0.01988437054892687,0.9963298439979552
62,2,24,-0.08351435630549287,0.01988437054892687,0.99610698223114
62,2,25,-0.01988437054892687,0.8550279336038554,0.6515255570411682
62,2,26,-0.1232830974033466,0.8947966747017092,0.6590770483016968
62,2,27,-0.1550980902816296,1.6663102520000719,0.6258655786514282
62,2,28,-0.14714434206205884,1.6663102520000719,0.6595229506492615
62,2,29,-0.043745615207639116,1.761755230634921,0.6176658272743225
62,2,30,-0.05965311164678062,1.7697089788544915,0.6457406282424927
62,2,31,-0.2903118100143323,1.785616475293633,0.6815372705459595
62,2,32,-0.25849681713604933,1.785616475293633,0.669762372970581
63,1,0,0.015717729356852353,-1.1984768634599918,0.9994415640830994
63,1,1,-0.015717729356852353,-1.2770655102442536,0.9993446469306946
63,1,2,-0.015717729356852353,-1.2770655102442536,0.9992859363555908
63,1,3,-0.015717729356852353,-1.2849243749226797,0.9994461536407472
63,1,4,-0.031435458713704706,-1.2770655102442536,0.9992998242378236
63,1,5,-0.03929432339213088,-1.2770655102442536,0.9991792440414428
63,1,6,-0.055012052748983235,-1.2849243749226797,0.9992822408676147
63,1,7,-0.03929432339213088,-1.2849243749226797,0.9990191459655762
63,1,8,-0.09430637614111412,-1.2849243749226797,0.9991459250450134
63,1,9,0.0,-1.1434648107110086,0.9990392327308656
63,1,10,-0.02357659403527853,-1.1513236753894347,0.9990800619125366
63,1,11,-0.12574183485481882,-0.9784286524640589,0.9991933703422546
63,1,12,-0.20433048163908057,-0.9941463818209113,0.9993492960929872
63,1,13,-0.03929432339213088,-0.491179042401636,0.5374265909194946
63,1,14,-0.133600699533245,-0.44402585433107894,0.5902272462844849
63,1,15,0.055012052748983235,-0.6169208772564548,0.621137797832489
63,1,16,0.1650361582469497,-0.7269449827544213,0.6303343176841736
63,1,17,0.18075388760380204,-0.6012031478996025,0.6358185410499573
63,1,18,0.27506026374491616,-0.7976747648602569,0.6175265312194824
63,1,19,0.133600699533245,-0.7426627121112737,0.63493812084198
63,1,20,0.2593425343880638,-0.8448279529308139,0.6130457520484924
63,1,21,0.07858864678426176,-0.7190861180759951,0.6269389986991882
63,1,22,0.22004821099593294,-0.8291102235739616,0.6014940738677979
63,1,23,0.06287091742740941,-0.011788297017639265,0.996099889278412
63,1,24,-0.06287091742740941,0.011788297017639265,0.9959487915039062
63,1,25,0.24362480503121145,0.7348038474328474,0.6309842467308044
63,1,26,0.055012052748983235,0.8684045469660925,0.686504602432251
63,1,27,0.08644751146268793,1.559984638667596,0.6233146786689758
63,1,28,-0.20433048163908057,1.6621498794871363,0.6854128241539001
63,1,29,0.11788297017639264,1.6857264735224147,0.6120241284370422
63,1,30,-0.3536489105291779,1.787891714341955,0.6613052487373352
63,1,31,0.4872496100624229,1.6700087441655624,0.6861462593078613
63,1,32,0.02357659403527853,1.8193271730556597,0.6935864090919495
63,2,0,-0.29728126321055687,-1.2165062218221472,0.9994507431983948
63,2,1,-0.2738116897991971,-1.2947381331933463,0.9993584156036376
63,2,2,-0.25816530752495725,-1.3025613243304663,0.9993013739585876
63,2,3,-0.2346957341135975,-1.3025613243304663,0.999459981918335
63,2,4,-0.3051044543476768,-1.2947381331933463,0.9993175268173218
63,2,5,-0.3051044543476768,-1.2947381331933463,0.999190390110016
63,2,6,-0.3129276454847967,-1.3025613243304663,0.9992899298667908
63,2,7,-0.18775658729087802,-1.3103845154675862,0.9990838766098022
63,2,8,-0.2503421163878374,-1.3025613243304663,0.9991069436073304
63,2,9,-0.2346957341135975,-1.1617438838623078,0.9990633726119996
63,2,10,-0.2738116897991971,-1.1539206927251877,0.998966634273529
63,2,11,-0.015646382274239836,-1.0052800611199093,0.9992656111717224
63,2,12,-0.21122616070223776,-0.9818104877085496,0.9990260004997252
63,2,13,0.15646382274239834,-0.5358885928927143,0.5833056569099426
63,2,14,-0.1251710581939187,-0.4811262549328749,0.53670334815979
63,2,15,-0.24251892525071744,-0.5358885928927143,0.6578648686408997
63,2,16,-0.2190493518393577,-0.6141205042639135,0.5802968144416809
63,2,17,-0.3676899834446361,-0.48894944606999485,0.6693939566612244
63,2,18,-0.29728126321055687,-0.5906509308525537,0.5707814693450928
63,2,19,-0.37551317458175604,-0.575004548578314,0.6682769656181335
63,2,20,-0.32857402775903655,-0.6454132688123931,0.5662490129470825
63,2,21,-0.3520436011703963,-0.5984741219896736,0.6596185564994812
63,2,22,-0.281634880936317,-0.661059651086633,0.5563511848449707
63,2,23,0.09387829364543901,-0.011734786705679876,0.9962610006332396
63,2,24,-0.09387829364543901,0.011734786705679876,0.995826780796051
63,2,25,-0.015646382274239836,0.7471147535949522,0.6588453054428101
63,2,26,-0.14864063160527843,0.8331698561032712,0.6508264541625977
63,2,27,-0.039115955685599585,1.5763730141296632,0.6388455033302307
63,2,28,-0.1329942493310386,1.607665778678143,0.6504855751991272
63,2,29,0.07823191137119917,1.7406600280091815,0.6264663934707642
63,2,30,-0.046939146822719505,1.7250136457349419,0.6373724937438965
63,2,31,-0.24251892525071744,1.7797759836947813,0.6934574246406555
63,2,32,-0.3598667923075162,1.7719527925576612,0.6629225611686707
64,1,0,0.011652792278839606,-1.1963533406275328,0.999155819416046
64,1,1,-0.01942132046473268,-1.2740386224864637,0.999042510986328
64,1,2,-0.01942132046473268,-1.2740386224864637,0.9989702105522156
64,1,3,-0.01942132046473268,-1.2818071506723567,0.999196708202362
64,1,4,-0.03495837683651882,-1.2740386224864637,0.9989472031593324
64,1,5,-0.05049543320830496,-1.2818071506723567,0.9987809062004088
64,1,6,-0.0660324895800911,-1.2818071506723567,0.9989405274391174
64,1,7,-0.05049543320830496,-1.2895756788582498,0.998501718044281
64,1,8,-0.10487513050955646,-1.2818071506723567,0.9987593293190002
64,1,9,0.0038842640929465356,-1.1419736433262815,0.9982597231864928
64,1,10,-0.01942132046473268,-1.1497421715121745,0.9984488487243652
64,1,11,-0.10487513050955646,-0.978834551422527,0.9987386465072632
64,1,12,-0.2214030532979525,-0.9943716077943131,0.9990747570991516
64,1,13,-0.027189848650625747,-0.4894172757112635,0.5279654264450073
64,1,14,-0.12818071506723566,-0.4738802193394773,0.5796365141868591
64,1,15,0.04272690502241189,-0.5282599166407288,0.6010006666183472
64,1,16,0.1514862996249149,-0.7147045931021625,0.6139240264892578
64,1,17,0.1514862996249149,-0.4894172757112635,0.6157627105712891
64,1,18,0.2524771660415248,-0.7768528185893071,0.6024956703186035
64,1,19,0.15925482781080796,-0.5515655011984081,0.6152153611183167
64,1,20,0.23694010966973866,-0.8234639877046656,0.5979209542274475
64,1,21,0.12818071506723566,-0.5515655011984081,0.6076231002807617
64,1,22,0.1980974687402733,-0.8156954595187724,0.5844436287879944
64,1,23,0.08156954595187725,-0.007768528185893071,0.9956637024879456
64,1,24,-0.08156954595187725,0.007768528185893071,0.9953832626342772
64,1,25,0.29131980697099014,0.6447878394291249,0.6367502212524414
64,1,26,0.0038842640929465356,0.8390010440764517,0.6775860786437988
64,1,27,0.13594924325312874,1.4449462425761113,0.6247338652610779
64,1,28,-0.21363452511205944,1.6236223908516518,0.6728687286376953
64,1,29,0.1437177714390218,1.5692426935504002,0.6100045442581177
64,1,30,-0.31462539152866936,1.7401503136400478,0.6450833678245544
64,1,31,0.43115331431706544,1.5925482781080795,0.6885218620300293
64,1,32,-0.027189848650625747,1.7945300109412994,0.6822699904441833
64,2,0,-0.3154126118293497,-1.203953018324225,0.9991958141326904
64,2,1,-0.2923336402320802,-1.28857591418088,0.9990853667259216
64,2,2,-0.27694765916723385,-1.296268904713303,0.9990155100822448
64,2,3,-0.26156167810238756,-1.296268904713303,0.9992333650588988
64,2,4,-0.3154126118293497,-1.28857591418088,0.9989965558052064
64,2,5,-0.3231056023617729,-1.28857591418088,0.9988314509391784
64,2,6,-0.3231056023617729,-1.28857591418088,0.9989839792251588
64,2,7,-0.22309672544027173,-1.3039618952457261,0.9986074566841124
64,2,8,-0.27694765916723385,-1.296268904713303,0.9987739324569702
64,2,9,-0.26156167810238756,-1.150102084597263,0.9983674883842468
64,2,10,-0.2923336402320802,-1.150102084597263,0.9984312057495116
64,2,11,-0.030771962129692652,-1.0039352644812227,0.9988561868667604
64,2,12,-0.21540373490784856,-0.9808562928839534,0.9989047050476074
64,2,13,0.15385981064846327,-0.5346628420034099,0.5748129487037659
64,2,14,-0.19232476331057907,-0.49619788934129405,0.5309226512908936
64,2,15,-0.26156167810238756,-0.5269698514709867,0.6399906873703003
64,2,16,-0.27694765916723385,-0.6269787283924878,0.5699431896209717
64,2,17,-0.3923425171535813,-0.4808119082764477,0.6518645882606506
64,2,18,-0.36926354555631186,-0.588513775730372,0.5607955455780029
64,2,19,-0.4000355076860045,-0.5500488230682562,0.6510946750640869
64,2,20,-0.36926354555631186,-0.6423647094573341,0.5562888979911804
64,2,21,-0.36926354555631186,-0.5654348041331025,0.6430989503860474
64,2,22,-0.33849158342661917,-0.6577506905221805,0.5452138781547546
64,2,23,0.08462289585665479,-0.0038464952662115815,0.9958152770996094
64,2,24,-0.08462289585665479,0.0038464952662115815,0.9952096343040466
64,2,25,-0.030771962129692652,0.82699648223549,0.6621391177177429
64,2,26,-0.16924579171330958,0.7962245201057974,0.6441825032234192
64,2,27,-0.04615794319453898,1.4962866585563053,0.6394711136817932
64,2,28,-0.16924579171330958,1.5655235733481137,0.6362408995628357
64,2,29,0.015385981064846326,1.6424534786723453,0.6294500827789307
64,2,30,-0.07692990532423163,1.6809184313344612,0.6200734376907349
64,2,31,-0.284640649699657,1.7039974029317306,0.6941197514533997
64,2,32,-0.3923425171535813,1.7347693650614233,0.64970862865448
