frame,player_id,landmark_index,x_norm,y_norm,visibility
1,1,0,0.17227981098361847,-1.314569862070654,0.9993810653686525
1,1,1,0.14231810472559786,-1.3744932745866951,0.999324917793274
1,1,2,0.14231810472559786,-1.3744932745866951,0.999201476573944
1,1,3,0.14231810472559786,-1.3744932745866951,0.9992607235908508
1,1,4,0.11984682503208241,-1.36700284802219,0.9992995262145996
1,1,5,0.11235639846757726,-1.36700284802219,0.9991931319236756
1,1,6,0.09737554533856696,-1.36700284802219,0.9992970824241638
1,1,7,0.1647893844191133,-1.3445315683286747,0.9984472990036012
1,1,8,0.07490426564505151,-1.3520219948931798,0.9992144703865052
1,1,9,0.17227981098361847,-1.2471560229901077,0.9990915656089784
1,1,10,0.14980853129010302,-1.2471560229901077,0.9989154934883118
1,1,11,0.06741383908054636,-0.9999719463614377,0.9995993971824646
1,1,12,-0.08239469220955666,-0.9999719463614377,0.998910903930664
1,1,13,-0.04494255938703091,-0.5280750727976131,0.5492783188819885
1,1,14,-0.3220883422737215,-0.5730176321846441,0.5450354218482971
1,1,15,0.2846362094511957,-0.46815166028157196,0.6614426970481873
1,1,16,0.12733725159658757,-0.4456803805880565,0.5556004047393799
1,1,17,0.3670309016607524,-0.46815166028157196,0.6691109538078308
1,1,18,0.23969365006416482,-0.46815166028157196,0.555793821811676
1,1,19,0.3820117547897627,-0.5280750727976131,0.6732966899871826
1,1,20,0.2921266360157009,-0.43069952745904616,0.5547258257865906
1,1,21,0.3520500485317421,-0.5430559259266234,0.6584694385528564
1,1,22,0.25467450319317514,-0.4456803805880565,0.5461409687995911
1,1,23,0.037452132822525755,-0.018726066411262877,0.997420847415924
1,1,24,-0.037452132822525755,0.018726066411262877,0.9952178001403807
1,1,25,0.22471279693515453,0.7078453103457367,0.6863926649093628
1,1,26,0.08988511877406181,0.767768722861778,0.6563200354576111
1,1,27,0.29961706258020604,1.411945407409221,0.7947516441345215
1,1,28,-0.08239469220955666,1.5317922324413034,0.7143566012382507
1,1,29,0.22471279693515453,1.5767347918283343,0.8097553849220276
1,1,30,-0.20224151724163908,1.6216773512153653,0.7008103132247925
1,1,31,0.5692724189023914,1.554263512134819,0.8347825407981873
1,1,32,0.14231810472559786,1.704072043424922,0.7369695901870728
1,2,0,-0.2791623973205996,-1.3310786770793808,0.9993279576301576
1,2,1,-0.2225207514874345,-1.387720322912546,0.9992690682411194
1,2,2,-0.21442908779698233,-1.387720322912546,0.9991523027420044
1,2,3,-0.198245760416078,-1.387720322912546,0.9992300868034364
1,2,4,-0.2387040788683388,-1.387720322912546,0.999252200126648
1,2,5,-0.23061241517788666,-1.387720322912546,0.9991461038589478
1,2,6,-0.23061241517788666,-1.387720322912546,0.9992589354515076
1,2,7,-0.11732912351155637,-1.339170340769833,0.9984943270683287
1,2,8,-0.1577874419638172,-1.3553536681507374,0.9991421103477478
1,2,9,-0.25488740624924316,-1.2582537038653114,0.9990503787994384
1,2,10,-0.27107073363014744,-1.2582537038653114,0.9987913370132446
1,2,11,-0.07687080505929555,-1.0074121294612943,0.9996324181556702
1,2,12,-0.11732912351155637,-0.9831371383899379,0.9988296031951904
1,2,13,-0.02022915922613041,-0.5300039717246167,0.5935976505279541
1,2,14,-0.3115290520824083,-0.5219123080341646,0.4941864013671875
1,2,15,-0.3600790342251213,-0.39244568898692994,0.6934435963630676
1,2,16,-0.25488740624924316,-0.36817069791557344,0.5044556856155396
1,2,17,-0.42481234374873855,-0.3358040431537648,0.6988839507102966
1,2,18,-0.3034373883919561,-0.36817069791557344,0.505961537361145
1,2,19,-0.44908733482009505,-0.3762623616060256,0.702316403388977
1,2,20,-0.29534572470150394,-0.31962071577286044,0.5050145983695984
1,2,21,-0.42481234374873855,-0.4005373526773821,0.6867557764053345
1,2,22,-0.31962071577286044,-0.3277123794633126,0.4977984428405761
1,2,23,-0.0040458318452260816,0.0040458318452260816,0.9974033832550048
1,2,24,0.0040458318452260816,-0.0040458318452260816,0.9947078824043274
1,2,25,-0.10114579613065204,0.7322955639859208,0.6936793923377991
1,2,26,-0.036412486607034736,0.6756539181527557,0.6067196726799011
1,2,27,-0.036412486607034736,1.4605452961266154,0.7926635146141052
1,2,28,-0.06068747767839122,1.3634453318411894,0.6627534627914429
1,2,29,0.07687080505929555,1.6223785699356588,0.8147938251495361
1,2,30,-0.036412486607034736,1.5010036145788763,0.6680474877357483
1,2,31,-0.26297906993969533,1.6223785699356588,0.8283480405807495
1,2,32,-0.23061241517788666,1.4200869776743548,0.6925618648529053
2,1,0,0.036141955244320116,-1.3372523440398443,0.9993268251419068
2,1,1,-0.06023659207386686,-1.3934731633087867,0.9991984963417052
2,1,2,-0.0762996832935647,-1.3934731633087867,0.9990536570549012
2,1,3,-0.06023659207386686,-1.3934731633087867,0.9991433024406432
2,1,4,-0.10842586573296036,-1.3934731633087867,0.9992523789405824
2,1,5,-0.06826813768371577,-1.3934731633087867,0.9991535544395448
2,1,6,-0.04417350085416903,-1.3934731633087867,0.9992716312408448
2,1,7,0.05220504646401795,-1.3533154352595422,0.9982699751853944
2,1,8,-0.004015772804924458,-1.3533154352595422,0.99915212392807
2,1,9,0.04417350085416903,-1.2649684335512041,0.9987192153930664
2,1,10,-0.012047318414773371,-1.2649684335512041,0.9987738132476808
2,1,11,0.06023659207386686,-1.0159905196458876,0.999040424823761
2,1,12,-0.0843312289034136,-0.983864337206492,0.9989208579063416
2,1,13,0.13252050256250708,-0.5421293286648018,0.5568898320198059
2,1,14,-0.3092145059791832,-0.5100031462254061,0.5442241430282593
2,1,15,0.38149841646782345,-0.49394005500570826,0.6495473384857178
2,1,16,0.12448895695265817,-0.3975615076875213,0.5522805452346802
2,1,17,0.4778769637860104,-0.48590850939585933,0.6540634036064148
2,1,18,0.33330914280873,-0.3654353252481256,0.5519734025001526
2,1,19,0.5340977830549528,-0.5662239654943485,0.6584342122077942
2,1,20,0.34937223402842776,-0.4055930532973702,0.5508935451507568
2,1,21,0.4618138725663126,-0.4698454181761615,0.6451090574264526
2,1,22,0.3011829603693343,-0.42968769012691693,0.5427418947219849
2,1,23,0.012047318414773371,0.004015772804924458,0.9972928166389464
2,1,24,-0.012047318414773371,-0.004015772804924458,0.9949318766593932
2,1,25,0.09236277451326252,0.7589810601307224,0.6720156669616699
2,1,26,0.10842586573296036,0.710791786471629,0.6429766416549683
2,1,27,0.10842586573296036,1.5380409842860672,0.7809469103813171
2,1,28,0.012047318414773371,1.5059148018466715,0.6915425062179565
2,1,29,0.20480441305114733,1.6745772596534987,0.7949913740158081
2,1,30,-0.13252050256250708,1.6665457140436497,0.6871146559715271
2,1,31,0.6063816935435931,1.6906403508731966,0.8192006349563599
2,1,32,0.06023659207386686,1.6103248947747073,0.7162256240844727
2,2,0,-0.24944628946415223,-1.3262227723177427,0.9992879629135132
2,2,1,-0.20787190788679352,-1.3927417828415167,0.9991655945777892
2,2,2,-0.1995570315713218,-1.3844269065260448,0.9990289211273192
2,2,3,-0.1829272789403783,-1.3844269065260448,0.9991318583488464
2,2,4,-0.23281653683320877,-1.3927417828415167,0.999212384223938
2,2,5,-0.21618678420226528,-1.3927417828415167,0.9991088509559632
2,2,6,-0.20787190788679352,-1.3927417828415167,0.9992367029190063
2,2,7,-0.09146363947018915,-1.3428525249486862,0.998326301574707
2,2,8,-0.12472314473207612,-1.351167401264158,0.9990599751472472
2,2,9,-0.224501660517737,-1.2513888854784971,0.9987120032310486
2,2,10,-0.2411314131486805,-1.2597037617939688,0.9986321926116944
2,2,11,-0.016629752630943483,-1.0185723486452882,0.9991253018379213
2,2,12,-0.11640826841660439,-0.9769979670679296,0.9987452626228333
2,2,13,0.04988925789283045,-0.5196797697169838,0.6005590558052063
2,2,14,-0.0997785157856609,-0.4947351407705686,0.4936404228210449
2,2,15,-0.3325950526188697,-0.42821613024679467,0.6828476786613464
2,2,16,-0.2660760420950957,-0.3284376144611338,0.5024773478507996
2,2,17,-0.42405869208905883,-0.3700119960384925,0.6853752732276917
2,2,18,-0.2993355473569827,-0.3118078618301903,0.5036737322807312
2,2,19,-0.4406884447200023,-0.4032715013003795,0.6890665888786316
2,2,20,-0.29102067104151097,-0.32012273814566206,0.5028550624847412
2,2,21,-0.4074289394581153,-0.4032715013003795,0.6753309369087219
2,2,22,-0.27439091841056745,-0.34506736709207725,0.4962917864322662
2,2,23,-0.016629752630943483,0.004157438157735871,0.9972506165504456
2,2,24,0.016629752630943483,-0.004157438157735871,0.994469940662384
2,2,25,-0.024944628946415224,0.7940706881275513,0.6901630163192749
2,2,26,0.016629752630943483,0.7192368012883056,0.601733386516571
2,2,27,0.033259505261886965,1.5673541854664232,0.7862338423728943
2,2,28,-0.09146363947018915,1.4592607933652906,0.6479121446609497
2,2,29,0.0997785157856609,1.7253368354603864,0.7988336086273193
2,2,30,0.05820413420830219,1.5922988144128385,0.6553729176521301
2,2,31,-0.1829272789403783,1.7253368354603864,0.8184844255447388
2,2,32,-0.1829272789403783,1.542409556520008,0.6802797913551331
3,1,0,0.11203319502074689,-1.3443983402489628,0.999341070652008
3,1,1,0.03734439834024896,-1.4107883817427387,0.9992215633392334
3,1,2,0.02074688796680498,-1.4107883817427387,0.9990922212600708
3,1,3,0.012448132780082987,-1.4024896265560165,0.9991949200630188
3,1,4,0.02074688796680498,-1.4107883817427387,0.9992714524269104
3,1,5,0.004149377593360996,-1.4107883817427387,0.9991738200187684
3,1,6,-0.012448132780082987,-1.4107883817427387,0.9992944002151488
3,1,7,0.0954356846473029,-1.3609958506224067,0.9984308481216432
3,1,8,0.03734439834024896,-1.3692946058091287,0.999131441116333
3,1,9,0.0954356846473029,-1.2697095435684647,0.9987636804580688
3,1,10,0.07883817427385892,-1.2697095435684647,0.9987388849258424
3,1,11,0.04564315352697095,-0.995850622406639,0.9990186095237732
3,1,12,-0.04564315352697095,-1.004149377593361,0.9988545775413512
3,1,13,0.03734439834024896,-0.4979253112033195,0.5549694299697876
3,1,14,-0.18672199170124482,-0.48132780082987553,0.5433269739151001
3,1,15,0.3278008298755187,-0.6473029045643154,0.6451190710067749
3,1,16,0.23651452282157676,-0.4066390041493776,0.5494007468223572
3,1,17,0.42738589211618255,-0.6804979253112033,0.6504680514335632
3,1,18,0.4107883817427386,-0.3900414937759336,0.5484333634376526
3,1,19,0.4024896265560166,-0.7634854771784232,0.6547731757164001
3,1,20,0.4190871369294606,-0.46473029045643155,0.547267496585846
3,1,21,0.36929460580912865,-0.7302904564315352,0.6410732865333557
3,1,22,0.36929460580912865,-0.48132780082987553,0.5385832786560059
3,1,23,0.029045643153526972,0.008298755186721992,0.997288942337036
3,1,24,-0.029045643153526972,-0.008298755186721992,0.994780421257019
3,1,25,0.2697095435684647,0.7883817427385892,0.6716683506965637
3,1,26,0.2863070539419087,0.7717842323651453,0.6393114924430847
3,1,27,0.23651452282157676,1.5933609958506223,0.7765299677848816
3,1,28,0.004149377593360996,1.6016597510373445,0.6791883111000061
3,1,29,0.2697095435684647,1.7261410788381744,0.7798242568969727
3,1,30,-0.12033195020746888,1.7344398340248963,0.6775965094566345
3,1,31,0.6680497925311203,1.7261410788381744,0.814090371131897
3,1,32,0.14522821576763487,1.7344398340248963,0.7072833180427551
3,2,0,-0.21886037480437193,-1.3172152187300161,0.9993495345115662
3,2,1,-0.1864366155740946,-1.3739567973830016,0.9992437362670898
3,2,2,-0.17833067576652528,-1.3739567973830016,0.9991263747215272
3,2,3,-0.17833067576652528,-1.3739567973830016,0.9992303848266602
3,2,4,-0.20264849518923325,-1.3739567973830016,0.9992790818214417
3,2,5,-0.20264849518923325,-1.3739567973830016,0.9991812109947203
3,2,6,-0.2107544349968026,-1.3739567973830016,0.9992982745170592
3,2,7,-0.12158909711353996,-1.3172152187300161,0.9985350370407104
3,2,8,-0.1621187961513866,-1.3334270983451548,0.9991319179534912
3,2,9,-0.19454255538166393,-1.2442617604618922,0.9988386034965516
3,2,10,-0.2107544349968026,-1.2442617604618922,0.9987478256225586
3,2,11,-0.04863563884541598,-1.017295445849951,0.9991149306297302
3,2,12,-0.1053772174984013,-0.9767657468121044,0.9988036155700684
3,2,13,0.04052969903784665,-0.5390449972033605,0.5991446375846863
3,2,14,-0.07295345826812398,-0.5066212379730831,0.4939750134944916
3,2,15,-0.35666135153305056,-0.5552568768184991,0.6801868677139282
3,2,16,-0.2999197728800652,-0.3607143214368352,0.5039603114128113
3,2,17,-0.46203856903145185,-0.4823034185503752,0.68462073802948
3,2,18,-0.38908511076332786,-0.3526083816292659,0.5060551762580872
3,2,19,-0.4782504486465905,-0.5147271777806525,0.6884592175483704
3,2,20,-0.3809791709557585,-0.4093499602822512,0.5053212642669678
3,2,21,-0.44582668941631315,-0.5390449972033605,0.6755046844482422
3,2,22,-0.35666135153305056,-0.4012440204746819,0.4984906315803528
3,2,23,-0.00810593980756933,0.004052969903784665,0.9974282383918762
3,2,24,0.00810593980756933,-0.004052969903784665,0.9946535229682922
3,2,25,0.0,0.7903291312380097,0.6894253492355347
3,2,26,0.02431781942270799,0.7092697331623165,0.592764139175415
3,2,27,0.01621187961513866,1.5198637139192495,0.7833661437034607
3,2,28,0.0,1.4063805566132788,0.6282928586006165
3,2,29,0.17022473595895593,1.6738765702630667,0.7866905927658081
3,2,30,0.1053772174984013,1.5198637139192495,0.6400001645088196
3,2,31,-0.1378009767286786,1.6981943896857747,0.8157582879066467
3,2,32,-0.12158909711353996,1.6009231119949427,0.6666586995124817
4,1,0,0.10788010267573452,-1.3816951611930612,0.999407947063446
4,1,1,0.0663877554927597,-1.448082916685821,0.9993088841438292
4,1,2,0.058089286056164736,-1.448082916685821,0.9991994500160216
4,1,3,0.04979081661956977,-1.439784447249226,0.9992952942848206
4,1,4,0.04979081661956977,-1.439784447249226,0.999344289302826
4,1,5,0.03319387774637985,-1.439784447249226,0.99925434589386
4,1,6,0.016596938873189925,-1.431485977812631,0.9993613362312316
4,1,7,0.08298469436594963,-1.389993630629656,0.9986520409584044
4,1,8,0.03319387774637985,-1.389993630629656,0.9992092847824096
4,1,9,0.10788010267573452,-1.2987104668271117,0.9989209175109864
4,1,10,0.09128316380254459,-1.2987104668271117,0.9988594651222228
4,1,11,0.03319387774637985,-1.016562505982883,0.9991304278373718
4,1,12,-0.04979081661956977,-0.9833686282365031,0.998911440372467
4,1,13,0.11617857211232947,-0.5186543397871851,0.5665665864944458
4,1,14,-0.11617857211232947,-0.40247576767485566,0.5439676642417908
4,1,15,0.3236403080272035,-0.6597283202092995,0.6814355254173279
4,1,16,0.2904464302808237,-0.46886352316761537,0.5525404214859009
4,1,17,0.4149234718297481,-0.7012206673922743,0.6845093965530396
4,1,18,0.4647142884493179,-0.4771619926042103,0.5533573031425476
4,1,19,0.38172959408336826,-0.775906892321629,0.6887352466583252
4,1,20,0.45641581901272293,-0.5601466869701599,0.5524722337722778
4,1,21,0.3568341857735834,-0.7593099534484391,0.6728135943412781
4,1,22,0.3983265329565582,-0.5601466869701599,0.5447232127189636
4,1,23,0.041492347182974815,-0.004149234718297481,0.9975079894065856
4,1,24,-0.041492347182974815,0.004149234718297481,0.9949731826782228
4,1,25,0.2821479608442287,0.7676084228850341,0.6664043068885803
4,1,26,0.25725255253444385,0.7510114840118441,0.6294388771057129
4,1,27,0.2655510219710388,1.5476645499249604,0.7681264281272888
4,1,28,0.04979081661956977,1.5144706721785806,0.6583903431892395
4,1,29,0.2821479608442287,1.6887385303470748,0.7654593586921692
4,1,30,-0.058089286056164736,1.655544652600695,0.6586180925369263
4,1,31,0.6555790854910021,1.6721415914738849,0.8073247671127319
4,1,32,0.19086479704168413,1.7136339386568598,0.6921344995498657
4,2,0,-0.2332573806517552,-1.3191107043754433,0.9993181824684144
4,2,1,-0.241300738605264,-1.3754142100500049,0.9992268085479736
4,2,2,-0.2332573806517552,-1.3754142100500049,0.9991218447685242
4,2,3,-0.2171706647447376,-1.3754142100500049,0.9992422461509703
4,2,4,-0.2573874545122816,-1.3754142100500049,0.9992186427116394
4,2,5,-0.2573874545122816,-1.3754142100500049,0.9991028308868408
4,2,6,-0.2493440965587728,-1.3754142100500049,0.9992229342460632
4,2,7,-0.1126070113491232,-1.327154062328952,0.9986416697502136
4,2,8,-0.1528238011166672,-1.3351974202824608,0.9990136623382568
4,2,9,-0.2091273067912288,-1.246720482793864,0.9988967180252076
4,2,10,-0.2252140226982464,-1.246720482793864,0.998652994632721
4,2,11,-0.024130073860526402,-1.0215064600956176,0.999213695526123
4,2,12,-0.120650369302632,-0.9732463123745648,0.9988136887550354
4,2,13,0.024130073860526402,-0.5308616249315808,0.6094076633453369
4,2,14,-0.2091273067912288,-0.563035056745616,0.4962841272354126
4,2,15,-0.40216789767544003,-0.5871651306061424,0.7125557661056519
4,2,16,-0.4102112556289488,-0.4745581192570192,0.5091583728790283
4,2,17,-0.522818266978072,-0.5389049828850896,0.7146902084350586
4,2,18,-0.522818266978072,-0.4745581192570192,0.513110339641571
4,2,19,-0.5389049828850896,-0.5871651306061424,0.7184128165245056
4,2,20,-0.5147749090245632,-0.5147749090245632,0.5128877758979797
4,2,21,-0.4986881931175456,-0.6193385624201776,0.7031092643737793
4,2,22,-0.4906448351640368,-0.5389049828850896,0.5070846676826477
4,2,23,0.024130073860526402,0.0,0.9976086020469666
4,2,24,-0.024130073860526402,0.0,0.9948221445083618
4,2,25,-0.024130073860526402,0.7882490794438625,0.6804565191268921
4,2,26,-0.040216789767544,0.7158588578622832,0.5825647115707397
4,2,27,0.0563035056745616,1.5362813691201809,0.7726306319236755
4,2,28,0.0321734318140352,1.40758764186404,0.6114187240600586
4,2,29,0.160867159070176,1.6810618122833392,0.7694990038871765
4,2,30,0.1045636533956144,1.5201946532131632,0.6253978610038757
4,2,31,-0.1528238011166672,1.6971485281903569,0.8069860339164734
4,2,32,-0.160867159070176,1.5523680850271984,0.6561402082443237
5,1,0,0.14105941017587914,-1.3774036523056432,0.9993654489517212
5,1,1,0.07467851126958307,-1.4354869388486524,0.999276340007782
5,1,2,0.07467851126958307,-1.4354869388486524,0.9991766810417176
5,1,3,0.07467851126958307,-1.4354869388486524,0.99929016828537
5,1,4,0.06638089890629606,-1.4354869388486524,0.999270796775818
5,1,5,0.05808328654300905,-1.4437845512119394,0.9991599321365356
5,1,6,0.049785674179722045,-1.4437845512119394,0.99927020072937
5,1,7,0.09127373599615708,-1.3857012646689302,0.9987198710441588
5,1,8,0.049785674179722045,-1.3939988770322174,0.9990727305412292
5,1,9,0.13276179781259212,-1.3110227533993473,0.9989443421363832
5,1,10,0.1161665730860181,-1.3027251410360603,0.9987484812736512
5,1,11,0.024892837089861022,-1.012308708321015,0.999250590801239
5,1,12,-0.05808328654300905,-0.9874158712311539,0.998912513256073
5,1,13,0.2074403090821752,-0.5144519665237944,0.5793421864509583
5,1,14,0.05808328654300905,-0.4314758428909244,0.5458522439002991
5,1,15,0.4065830058010634,-0.6223209272465255,0.7216569185256958
5,1,16,0.34849971925805434,-0.6389161519730996,0.5575029253959656
5,1,17,0.5144519665237944,-0.6389161519730996,0.7222922444343567
5,1,18,0.4397734552542114,-0.7384875003325436,0.5602818131446838
5,1,19,0.5061543541605075,-0.6721066014262476,0.7261587381362915
5,1,20,0.38998778107448934,-0.8297612363287008,0.5598989129066467
5,1,21,0.4646662923440724,-0.6721066014262476,0.7089347839355469
5,1,22,0.36509494398462833,-0.8048683992388398,0.553322434425354
5,1,23,0.049785674179722045,0.0,0.9976953864097596
5,1,24,-0.049785674179722045,0.0,0.9950991272926332
5,1,25,0.3070116574416193,0.7716779497856917,0.662203848361969
5,1,26,0.2821188203517583,0.7716779497856917,0.6211376190185547
5,1,27,0.3402021068947673,1.5433558995713834,0.7642168402671814
5,1,28,0.14105941017587914,1.5101654501182353,0.6446249485015869
5,1,29,0.3567973316213413,1.6844153097472625,0.7552140355110168
5,1,30,-0.06638089890629606,1.6014391861143924,0.648282527923584
5,1,31,0.6057257025199515,1.6761176973839755,0.8036807775497437
5,1,32,0.2074403090821752,1.6097367984776796,0.6843123435974121
5,2,0,-0.20102380805635853,-1.3146957046885848,0.9993005394935608
5,2,1,-0.20102380805635853,-1.3709823709443651,0.9992155432701112
5,2,2,-0.19298285573410418,-1.3709823709443651,0.9991208910942078
5,2,3,-0.1769009510895955,-1.3709823709443651,0.999253273010254
5,2,4,-0.20906476037861288,-1.3790233232666196,0.9991828799247742
5,2,5,-0.20906476037861288,-1.3790233232666196,0.9990513324737548
5,2,6,-0.20102380805635853,-1.3790233232666196,0.999169111251831
5,2,7,-0.09649142786705209,-1.3227366570108392,0.998723804950714
5,2,8,-0.1366961894783238,-1.3388185616553478,0.9988908171653748
5,2,9,-0.18494190341184985,-1.25036808611055,0.9988957643508912
5,2,10,-0.20102380805635853,-1.25036808611055,0.9985187649726868
5,2,11,-0.016081904644508684,-1.0252214210874284,0.9993183612823486
5,2,12,-0.1366961894783238,-0.968934754831648,0.9986109733581544
5,2,13,0.040204761611271705,-0.518641424785405,0.620589554309845
5,2,14,-0.16081904644508682,-0.5025595201408963,0.4957284927368164
5,2,15,-0.4100885684349714,-0.5829690433634397,0.7482823729515076
5,2,16,-0.3618428545014453,-0.5347233294299136,0.5106322169303894
5,2,17,-0.5307028532687865,-0.591009995685694,0.747836709022522
5,2,18,-0.4985390439797691,-0.5990509480079484,0.5158560872077942
5,2,19,-0.5307028532687865,-0.6392557096192201,0.7511951327323914
5,2,20,-0.44225237772398873,-0.6312147572969657,0.5158723592758179
5,2,21,-0.4985390439797691,-0.6392557096192201,0.7343465089797974
5,2,22,-0.47441618701300614,-0.6633785665859832,0.5107571482658386
5,2,23,0.048245713933526044,-0.004020476161127171,0.9976768493652344
5,2,24,-0.048245713933526044,0.004020476161127171,0.9947144985198976
5,2,25,0.08845047554479775,0.7759518990975439,0.6806478500366211
5,2,26,-0.024122856966763022,0.7437880898085265,0.5826180577278137
5,2,27,0.11257333251156078,1.5398423697117063,0.7734972238540649
5,2,28,0.06432761857803473,1.419228084877891,0.6121389269828796
5,2,29,0.19298285573410418,1.6765385591900301,0.759545087814331
5,2,30,0.14473714180057815,1.5398423697117063,0.6235928535461426
5,2,31,-0.14473714180057815,1.6765385591900301,0.8081098198890686
5,2,32,-0.11257333251156078,1.6041699882897411,0.6636939644813538
6,1,0,0.15384474903164377,-1.40169660228831,0.9993596076965332
6,1,1,0.11965702702461181,-1.4615251158006157,0.999281644821167
6,1,2,0.11965702702461181,-1.4615251158006157,0.9991943836212158
6,1,3,0.1367508880281278,-1.4615251158006157,0.999315619468689
6,1,4,0.10256316602109584,-1.4615251158006157,0.9992502927780152
6,1,5,0.10256316602109584,-1.4615251158006157,0.9991284012794496
6,1,6,0.10256316602109584,-1.4615251158006157,0.9992344975471495
6,1,7,0.11111009652285384,-1.4187904632918258,0.9988245368003844
6,1,8,0.05128158301054792,-1.4187904632918258,0.9989863634109496
6,1,9,0.14529781852988577,-1.324774227772488,0.9989817142486572
6,1,10,0.11965702702461181,-1.31622729727073,0.9986513257026672
6,1,11,0.08546930501757986,-1.0085377992074425,0.9993616938591005
6,1,12,-0.07692237451582189,-0.9914439382039265,0.9987393617630004
6,1,13,0.28204870655801356,-0.5299096911089952,0.603154718875885
6,1,14,0.02564079150527396,-0.4102526640843834,0.5457018613815308
6,1,15,0.4102526640843834,-0.632472857130091,0.7608758807182312
6,1,16,0.3504241505720775,-0.5982851351230591,0.5590518712997437
6,1,17,0.5213627606072372,-0.6837544401406389,0.7584172487258911
6,1,18,0.47008117759668927,-0.700848301144155,0.5630757808685303
6,1,19,0.5042688996037212,-0.7264890926494288,0.761658787727356
6,1,20,0.42734652508789933,-0.7948645366634928,0.5629417896270752
6,1,21,0.4615342470949313,-0.7264890926494288,0.7440313100814819
6,1,22,0.3931588030808674,-0.7863176061617349,0.5572708249092102
6,1,23,0.08546930501757986,0.008546930501757987,0.9977803826332092
6,1,24,-0.08546930501757986,-0.008546930501757987,0.9950196743011476
6,1,25,0.4017057335826254,0.7777706756599768,0.6742787957191467
6,1,26,0.23931405404922362,0.8119583976670087,0.6224809885025024
6,1,27,0.43589345558965736,1.5982760038287436,0.7748149037361145
6,1,28,-0.02564079150527396,1.6324637258357755,0.6476162672042847
6,1,29,0.42734652508789933,1.7435738223586295,0.7550870776176453
6,1,30,-0.1880324710386757,1.7435738223586295,0.6492840051651001
6,1,31,0.666660579137123,1.7521207528603873,0.8109536170959473
6,1,32,0.2051263320421917,1.8204961968744513,0.6931063532829285
6,2,0,-0.21271799993561344,-1.3430430584170103,0.9993371963500975
6,2,1,-0.20437611758519722,-1.4014362348699239,0.9992637634277344
6,2,2,-0.18769235288436478,-1.4014362348699239,0.9991829991340636
6,2,3,-0.17100858818353237,-1.4014362348699239,0.9993096590042114
6,2,4,-0.21271799993561344,-1.40977811722034,0.9992196559906006
6,2,5,-0.21271799993561344,-1.40977811722034,0.999093770980835
6,2,6,-0.20437611758519722,-1.40977811722034,0.9991996884346008
6,2,7,-0.11261541173061887,-1.3597268231178428,0.9988571405410768
6,2,8,-0.14598294113228372,-1.3597268231178428,0.9989154934883118
6,2,9,-0.196034235234781,-1.2763079996136806,0.9989774227142334
6,2,10,-0.21271799993561344,-1.2679661172632644,0.9985471367836
6,2,11,0.004170941175208107,-1.017709646750778,0.9994180202484132
6,2,12,-0.16266670583311615,-0.9760002349986969,0.9985647797584534
6,2,13,0.05422223527770538,-0.5255385880762214,0.6421334147453308
6,2,14,-0.21271799993561344,-0.508854823375389,0.4991482496261596
6,2,15,-0.42126505869601877,-0.5922736468795511,0.7837614417076111
6,2,16,-0.429606941046435,-0.6089574115803835,0.5165296196937561
6,2,17,-0.5380514116018458,-0.625641176281216,0.780620276927948
6,2,18,-0.546393293952262,-0.6172992939307997,0.5223817229270935
6,2,19,-0.546393293952262,-0.6840343527341295,0.7834140062332153
6,2,20,-0.5380514116018458,-0.6756924703837133,0.5226216912269592
6,2,21,-0.5130257645505971,-0.6840343527341295,0.7662472128868103
6,2,22,-0.5046838822001809,-0.6840343527341295,0.5183289647102356
6,2,23,0.05422223527770538,0.0,0.997741997241974
6,2,24,-0.05422223527770538,0.0,0.99467533826828
6,2,25,0.08758976467937024,0.7924788232895402,0.6897847652435303
6,2,26,-0.01251282352562432,0.7674531762382916,0.5841511487960815
6,2,27,0.12095729408103509,1.5932995289294967,0.7827298045158386
6,2,28,0.07924788232895402,1.493196940724502,0.6147981286048889
6,2,29,0.196034235234781,1.7267696465361562,0.7614989280700684
6,2,30,0.16266670583311615,1.609983293630329,0.6253249049186707
6,2,31,-0.14598294113228372,1.7517952935874046,0.8149341940879822
6,2,32,-0.1292991764314513,1.6183251759807453,0.6713184118270874
7,1,0,0.15062629658411664,-1.3765569882270658,0.9993892908096312
7,1,1,0.1255219138200972,-1.4351338813431114,0.9993218779563904
7,1,2,0.13389004140810368,-1.4351338813431114,0.9992460012435912
7,1,3,0.14225816899611016,-1.4351338813431114,0.9993628859519958
7,1,4,0.10878565864408424,-1.4351338813431114,0.9992807507514954
7,1,5,0.10878565864408424,-1.4351338813431114,0.9991641640663148
7,1,6,0.10878565864408424,-1.4351338813431114,0.9992624521255492
7,1,7,0.10041753105607776,-1.393293243403079,0.9989363551139832
7,1,8,0.0418406379400324,-1.393293243403079,0.9990087747573853
7,1,9,0.14225816899611016,-1.3012438399350077,0.9990426301956176
7,1,10,0.11715378623209072,-1.3012438399350077,0.998668372631073
7,1,11,0.03347251035202592,-1.0167275019427873,0.9994367957115172
7,1,12,-0.0418406379400324,-0.9832549915907614,0.9986993670463562
7,1,13,0.1255219138200972,-0.4727992087223661,0.5937583446502686
7,1,14,0.07531314829205832,-0.4225904431943272,0.5486104488372803
7,1,15,0.31798884834424623,-0.6820023984225281,0.756577730178833
7,1,16,0.35982948628427863,-0.6903705260105346,0.5637929439544678
7,1,17,0.4602470173403564,-0.7656836743025929,0.7561291456222534
7,1,18,0.47698327251636935,-0.7656836743025929,0.5678731799125671
7,1,19,0.46861514492836287,-0.8158924398306318,0.7588947415351868
7,1,20,0.43514263457633695,-0.8326286950066447,0.5678643584251404
7,1,21,0.3765657414602916,-0.7991561846546188,0.7413601279258728
7,1,22,0.39330199663630455,-0.8242605674186383,0.5625101327896118
7,1,23,0.03347251035202592,-0.01255219138200972,0.997826337814331
7,1,24,-0.03347251035202592,0.01255219138200972,0.9949690103530884
7,1,25,0.40167012422431103,0.7740518018905994,0.6744303703308105
7,1,26,0.30962072075623975,0.7824199294786058,0.6238338947296143
7,1,27,0.2928844655802268,1.552287667575202,0.7795331478118896
7,1,28,0.0418406379400324,1.5941283055152344,0.6493760943412781
7,1,29,0.2928844655802268,1.7196502193353316,0.7532454133033752
7,1,30,-0.13389004140810368,1.7280183469233381,0.6510239243507385
7,1,31,0.5690326759844406,1.7280183469233381,0.8165244460105896
7,1,32,0.2594119552282009,1.7782271124513769,0.7000302076339722
7,2,0,-0.21247156079921578,-1.3402052296565918,0.9993829131126404
7,2,1,-0.19612759458389148,-1.3892371283025646,0.9993239045143129
7,2,2,-0.1797836283685672,-1.3892371283025646,0.9992501139640808
7,2,3,-0.1634396621532429,-1.3892371283025646,0.999369978904724
7,2,4,-0.21247156079921578,-1.397409111410227,0.9992740154266356
7,2,5,-0.20429957769155363,-1.397409111410227,0.9991570115089417
7,2,6,-0.19612759458389148,-1.397409111410227,0.9992592334747314
7,2,7,-0.10623578039960789,-1.348377212764254,0.9989815950393676
7,2,8,-0.13892371283025648,-1.3565491958719162,0.998982548713684
7,2,9,-0.19612759458389148,-1.2666573816876325,0.9990411996841432
7,2,10,-0.22881552701454008,-1.2666573816876325,0.9985937476158142
7,2,11,-0.008171983107662146,-1.0214978884577681,0.999483048915863
7,2,12,-0.14709569593791863,-0.9724659898117953,0.998595416545868
7,2,13,-0.008171983107662146,-0.48214700335206656,0.6333146095275879
7,2,14,-0.18795561147622936,-0.49849096956739086,0.501038670539856
7,2,15,-0.42494312159843156,-0.6455866655053095,0.7791174650192261
7,2,16,-0.42494312159843156,-0.6537586486129716,0.5215014815330505
7,2,17,-0.5393508851057016,-0.7027905472589445,0.7771007418632507
7,2,18,-0.5311789019980394,-0.6946185641512823,0.5273535847663879
7,2,19,-0.5148349357827151,-0.7599944290125795,0.7793771624565125
7,2,20,-0.5148349357827151,-0.7599944290125795,0.527296245098114
7,2,21,-0.48214700335206656,-0.7436504627972552,0.7618455290794373
7,2,22,-0.48214700335206656,-0.7518224459049174,0.5229582190513611
7,2,23,0.03268793243064858,-0.008171983107662146,0.9977259039878844
7,2,24,-0.03268793243064858,0.008171983107662146,0.9947760105133056
7,2,25,0.07354784796895932,0.7845103783355659,0.6807225942611694
7,2,26,0.0,0.7763383952279038,0.5741991400718689
7,2,27,0.10623578039960789,1.5363328242404835,0.771945059299469
7,2,28,0.06537586486129716,1.4954729087021725,0.6029361486434937
7,2,29,0.1797836283685672,1.6997724863937262,0.7487174868583679
7,2,30,0.15526767904558075,1.5771927397787942,0.6150488257408142
7,2,31,-0.14709569593791863,1.7242884357167128,0.8060353398323059
7,2,32,-0.09806379729194574,1.6752565370707397,0.662262499332428
8,1,0,0.1626002825731141,-1.3577123594855027,0.999437928199768
8,1,1,0.15447026844445838,-1.4146224583860927,0.9993856549263
8,1,2,0.1626002825731141,-1.4146224583860927,0.9993185997009276
8,1,3,0.17073029670176978,-1.4146224583860927,0.999427855014801
8,1,4,0.1463402543158027,-1.4146224583860927,0.9993389844894408
8,1,5,0.13821024018714698,-1.4146224583860927,0.9992323517799376
8,1,6,0.13008022605849126,-1.4146224583860927,0.9993247985839844
8,1,7,0.10569018367252415,-1.373972387742814,0.9990734457969666
8,1,8,0.056910098900589935,-1.373972387742814,0.9990791082382202
8,1,9,0.1626002825731141,-1.292672246456257,0.999129354953766
8,1,10,0.13821024018714698,-1.2845422323276012,0.998728334903717
8,1,11,0.06504011302924563,-1.0081217519533074,0.999510943889618
8,1,12,-0.056910098900589935,-0.991861723695996,0.9987298250198364
8,1,13,0.1463402543158027,-0.4878008477193423,0.5941587686538696
8,1,14,0.15447026844445838,-0.43902076294740805,0.5501963496208191
8,1,15,0.2926805086316054,-0.7479612998363249,0.7635042071342468
8,1,16,0.3170705510175725,-0.7398312857076691,0.56791752576828
8,1,17,0.40650070643278524,-0.853651483508849,0.7636467218399048
8,1,18,0.40650070643278524,-0.8292614411228819,0.571797788143158
8,1,19,0.37398064991816243,-0.9024315682807832,0.7659417986869812
8,1,20,0.37398064991816243,-0.8780415258948161,0.5714306831359863
8,1,21,0.3333305792748839,-0.8780415258948161,0.7491918206214905
8,1,22,0.3333305792748839,-0.8617814976375047,0.5658568739891052
8,1,23,0.048780084771934226,-0.008130014128655704,0.9978718161582948
8,1,24,-0.048780084771934226,0.008130014128655704,0.9951277375221252
8,1,25,0.4227607346900966,0.7479612998363249,0.6728094816207886
8,1,26,0.1788603108304255,0.772351342222292,0.6149036288261414
8,1,27,0.2601604521169825,1.5040526138013053,0.7745064496994019
8,1,28,-0.08130014128655705,1.6341328398597965,0.63987797498703
8,1,29,0.15447026844445838,1.650392868117108,0.7467182278633118
8,1,30,-0.22764039560235974,1.7398230235323209,0.6453665494918823
8,1,31,0.47154081946203086,1.682912924631731,0.8128410577774048
8,1,32,0.18699032495908122,1.7804730941755993,0.6930538415908813
8,2,0,-0.28512153267949975,-1.3677569176364408,0.9993909597396852
8,2,1,-0.23553517917002154,-1.4338720556490785,0.9993441104888916
8,2,2,-0.21900639466686214,-1.4256076633974988,0.9992673993110656
8,2,3,-0.21074200241528243,-1.4256076633974988,0.9993923902511596
8,2,4,-0.25206396367318096,-1.4338720556490785,0.999272882938385
8,2,5,-0.24379957142160125,-1.4421364479006582,0.99915212392807
8,2,6,-0.24379957142160125,-1.4421364479006582,0.9992777109146118
8,2,7,-0.1446268644026448,-1.3760213098880205,0.9990225434303284
8,2,8,-0.1694200411573839,-1.39255009439118,0.9989633560180664
8,2,9,-0.2685927481763404,-1.285112995120644,0.9990359544754028
8,2,10,-0.29338592493107946,-1.2933773873722236,0.998568832874298
8,2,11,-0.07024733413842747,-1.004123658566934,0.9995062947273254
8,2,12,-0.111569295396326,-0.9875948740637746,0.9984799027442932
8,2,13,-0.111569295396326,-0.4752025544658329,0.6328723430633545
8,2,14,-0.13636247215106512,-0.45040937771109385,0.5052470564842224
8,2,15,-0.4669381622142532,-0.7066055375100646,0.7828420400619507
8,2,16,-0.45040937771109385,-0.7148699297616443,0.5312425494194031
8,2,17,-0.5826396537363691,-0.7975138522774413,0.7801966667175293
8,2,18,-0.5743752614847893,-0.805778244529021,0.5366724133491516
8,2,19,-0.5578464769816299,-0.8553645980384993,0.7819922566413879
8,2,20,-0.5743752614847893,-0.8471002057869196,0.5375055074691772
8,2,21,-0.5165245157237315,-0.8305714212837602,0.7651747465133667
8,2,22,-0.5330533002268909,-0.7892494600258617,0.5337874293327332
8,2,23,0.012396588377369556,0.004132196125789852,0.9974344372749328
8,2,24,-0.012396588377369556,-0.004132196125789852,0.9946831464767456
8,2,25,0.04545415738368837,0.8305714212837602,0.6881194114685059
8,2,26,-0.07851172639000718,0.805778244529021,0.5830183625221252
8,2,27,0.07024733413842747,1.6322174696869913,0.7785516977310181
8,2,28,0.037189765132108664,1.5578379394227742,0.6151185035705566
8,2,29,0.1446268644026448,1.7727121379638464,0.7506163716316223
8,2,30,0.1198336876479057,1.6652750386933102,0.6270251870155334
8,2,31,-0.17768443340896362,1.7727121379638464,0.8128445148468018
8,2,32,-0.26032835592476067,1.7231257844543681,0.676209032535553
9,1,0,0.1578740364619056,-1.3560974926855993,0.99944806098938
9,1,1,0.16597014089584947,-1.4208663281571503,0.9994069337844848
9,1,2,0.17406624532979334,-1.4208663281571503,0.9993380308151244
9,1,3,0.17406624532979334,-1.4208663281571503,0.9994505047798156
9,1,4,0.1497779320279617,-1.4289624325910941,0.9993412494659424
9,1,5,0.14168182759401782,-1.4289624325910941,0.9992324709892272
9,1,6,0.12548961872613007,-1.4289624325910941,0.9993450045585632
9,1,7,0.09310520099035458,-1.3803858059874308,0.9991162419319152
9,1,8,0.03643246995274744,-1.3884819104213748,0.9990652799606324
9,1,9,0.16597014089584947,-1.291328657214048,0.999128758907318
9,1,10,0.1497779320279617,-1.291328657214048,0.9987090826034546
9,1,11,0.07691299212246683,-0.9998688975920687,0.9995460510253906
9,1,12,-0.10929740985824232,-0.9998688975920687,0.9986300468444824
9,1,13,0.14168182759401782,-0.49791042268754837,0.6043349504470825
9,1,14,0.04452857438669132,-0.44123769164994125,0.5543060898780823
9,1,15,0.263123394103176,-0.8622351222150227,0.7812912464141846
9,1,16,0.2469311852352882,-0.7974662867434718,0.5772247910499573
9,1,17,0.36837275174444634,-0.9593883754223493,0.7770715951919556
9,1,18,0.3440844384426147,-0.8946195399507982,0.5807299613952637
9,1,19,0.3440844384426147,-0.9998688975920687,0.778754472732544
9,1,20,0.3117000207068392,-0.9512922709884054,0.5811755657196045
9,1,21,0.2793156029710637,-0.9755805842902371,0.7627633213996887
9,1,22,0.263123394103176,-0.9270039576865738,0.5765899419784546
9,1,23,0.07691299212246683,-0.004048052216971938,0.9976505041122437
9,1,24,-0.07691299212246683,0.004048052216971938,0.9951565861701964
9,1,25,0.3440844384426147,0.7893701823095279,0.6946654319763184
9,1,26,0.028336365518803565,0.8136584956113595,0.623327374458313
9,1,27,0.10929740985824232,1.558500103534196,0.7869287729263306
9,1,28,-0.14168182759401782,1.6637494611754664,0.6519906520843506
9,1,29,0.02024026108485969,1.688037774477298,0.756802499294281
9,1,30,-0.23883508080134433,1.7851910276846246,0.6580981612205505
9,1,31,0.2955078118389515,1.704229983345186,0.8227272629737854
9,1,32,0.1497779320279617,1.8094793409864562,0.7066745162010193
9,2,0,-0.2674528163755029,-1.3492395811182085,0.9991752505302428
9,2,1,-0.2035834870918007,-1.4131089104019108,0.9991953372955322
9,2,2,-0.19559982093133793,-1.4051252442414481,0.9990854859352112
9,2,3,-0.1796324886104124,-1.4051252442414481,0.9992523789405824
9,2,4,-0.21955081941272625,-1.4131089104019108,0.9990450739860536
9,2,5,-0.21955081941272625,-1.4131089104019108,0.9988728165626526
9,2,6,-0.21955081941272625,-1.4210925765623736,0.9990972876548768
9,2,7,-0.12374682548717297,-1.3572232472786714,0.9988170266151428
9,2,8,-0.15568149012902407,-1.373190579599597,0.9986820816993712
9,2,9,-0.24350181789411457,-1.269402919513581,0.9986992478370668
9,2,10,-0.25946915021504013,-1.2773865856740436,0.9982196092605592
9,2,11,-0.06786116236393357,-0.9899746038973838,0.9993960857391356
9,2,12,-0.0598774962034708,-1.0059419362183093,0.998100519180298
9,2,13,-0.16366515628948686,-0.4790199696277664,0.6410159468650818
9,2,14,-0.16366515628948686,-0.4790199696277664,0.5059406757354736
9,2,15,-0.475028136547535,-0.7903829498858145,0.7956900596618652
9,2,16,-0.4430934719056839,-0.7344972867625751,0.5351141095161438
9,2,17,-0.5947831289544766,-0.878203277650905,0.7878744602203369
9,2,18,-0.5867994627940138,-0.8223176145276656,0.5410627126693726
9,2,19,-0.578815796633551,-0.9420726069346071,0.7890218496322632
9,2,20,-0.5947831289544766,-0.9181216084532189,0.5427735447883606
9,2,21,-0.5388974658312372,-0.9101379422927561,0.7721608877182007
9,2,22,-0.5388974658312372,-0.878203277650905,0.5402137041091919
9,2,23,-0.003991833080231387,0.007983666160462774,0.996678352355957
9,2,24,0.003991833080231387,-0.007983666160462774,0.994201123714447
9,2,25,0.03592649772208248,0.8223176145276656,0.7090001106262207
9,2,26,-0.07584482852439635,0.7823992837253517,0.5952118039131165
9,2,27,0.06786116236393357,1.5727822336111663,0.7892720103263855
9,2,28,0.05189383004300802,1.4849619058460757,0.6320036053657532
9,2,29,0.13971415780809854,1.7005208921785706,0.7616998553276062
9,2,30,0.13971415780809854,1.6206842305739428,0.6426360607147217
9,2,31,-0.18761615477087518,1.684553559857645,0.8202983140945435
9,2,32,-0.22753448557318903,1.6127005644134802,0.6911974549293518
10,1,0,0.19261581409150874,-1.3121952334984033,0.9992470741271972
10,1,1,0.1845901551710292,-1.384426163782719,0.9992671012878418
10,1,2,0.1845901551710292,-1.384426163782719,0.9991673231124878
10,1,3,0.1845901551710292,-1.3924518227031986,0.9993186593055724
10,1,4,0.16853883733007013,-1.384426163782719,0.9991291761398317
10,1,5,0.15248751948911107,-1.384426163782719,0.9989724159240724
10,1,6,0.136436201648152,-1.384426163782719,0.9991752505302428
10,1,7,0.1043335659662339,-1.3603491870212805,0.9989190101623536
10,1,8,0.024076976761438593,-1.3603491870212805,0.9988076090812684
10,1,9,0.19261581409150874,-1.247989962134567,0.9988175630569458
10,1,10,0.16853883733007013,-1.247989962134567,0.9983893036842346
10,1,11,0.040128294602397654,-0.991168876679222,0.9994343519210817
10,1,12,-0.12038488380719296,-1.007220194520181,0.9982871413230896
10,1,13,0.09630790704575437,-0.5016036825299707,0.6075402498245239
10,1,14,-0.048153953522877185,-0.461475387927573,0.5544562935829163
10,1,15,0.16853883733007013,-0.8868353107129882,0.7920516133308411
10,1,16,0.20064147301198826,-0.7905274036672337,0.5803001523017883
10,1,17,0.256821085455345,-0.975117558838263,0.7844275832176208
10,1,18,0.30497503897822215,-0.8868353107129882,0.5842199921607971
10,1,19,0.256821085455345,-1.0312971712816197,0.7850643396377563
10,1,20,0.272872403296304,-0.9670918999177834,0.5854209065437317
10,1,21,0.19261581409150874,-1.007220194520181,0.768451988697052
10,1,22,0.22471844977342686,-0.9430149231563448,0.5815161466598511
10,1,23,0.06420527136383625,0.0040128294602397654,0.9969111084938048
10,1,24,-0.06420527136383625,-0.0040128294602397654,0.9946656227111816
10,1,25,0.24076976761438593,0.8226300393491519,0.7094756960868835
10,1,26,0.0,0.8306556982696314,0.6335706114768982
10,1,27,0.0,1.5770419778742277,0.7910430431365967
10,1,28,-0.16051317840959062,1.6653242259995025,0.6663352847099304
10,1,29,-0.08828224812527484,1.7134781795223797,0.7627314329147339
10,1,30,-0.256821085455345,1.8017604276476546,0.6701626181602478
10,1,31,0.272872403296304,1.7295294973633388,0.8273494839668274
10,1,32,0.16051317840959062,1.8178117454886136,0.7195478081703186
10,2,0,-0.1819397247630939,-1.300675479157437,0.998978078365326
10,2,1,-0.1432291450262654,-1.3626124067363627,0.9990707039833068
10,2,2,-0.127744913131534,-1.3626124067363627,0.9988990426063538
10,2,3,-0.1122606812368026,-1.3626124067363627,0.9991092681884766
10,2,4,-0.1664554928683625,-1.3703545226837284,0.9988865852355956
10,2,5,-0.17419760881572818,-1.3703545226837284,0.9986154437065125
10,2,6,-0.1819397247630939,-1.3703545226837284,0.998951256275177
10,2,7,-0.08129221744733982,-1.3316439429469,0.9986768364906312
10,2,8,-0.1432291450262654,-1.3393860588942657,0.9984849691390992
10,2,9,-0.1664554928683625,-1.2387385515785116,0.99827641248703
10,2,10,-0.19742395665782528,-1.2464806675258773,0.9979318976402284
10,2,11,-0.05806586960524273,-0.9909908412628092,0.9988531470298768
10,2,12,-0.042581637710511336,-1.0064750731575407,0.997864067554474
10,2,13,-0.23613453639465376,-0.5032375365787704,0.6401759386062622
10,2,14,-0.17419760881572818,-0.4954954206314046,0.5096583962440491
10,2,15,-0.4529137829208933,-0.8206642904207639,0.7819358706474304
10,2,16,-0.4142032031840648,-0.7742115947365698,0.5418795347213745
10,2,17,-0.5535612902366474,-0.8748591020523238,0.7670323252677917
10,2,18,-0.538077058341916,-0.8748591020523238,0.546726644039154
10,2,19,-0.5458191742892816,-0.9135696817891523,0.7665075659751892
10,2,20,-0.538077058341916,-0.9135696817891523,0.549006998538971
10,2,21,-0.5071085945524532,-0.8903433339470552,0.7514822483062744
10,2,22,-0.5071085945524532,-0.8748591020523238,0.5467233657836914
10,2,23,-0.019355289868414245,0.015484231894731394,0.995945692062378
10,2,24,0.019355289868414245,-0.015484231894731394,0.994170606136322
10,2,25,0.019355289868414245,0.8051800585260325,0.7269231081008911
10,2,26,-0.06580798555260843,0.766469478789204,0.6084262728691101
10,2,27,0.05806586960524273,1.509712609736311,0.787903368473053
10,2,28,0.05806586960524273,1.432291450262654,0.6518905758857727
10,2,29,0.1509712609736311,1.6490706967888935,0.7675094604492188
10,2,30,0.1587133769209968,1.5716495373152366,0.6657654047012329
10,2,31,-0.17419760881572818,1.6413285808415279,0.8197371959686279
10,2,32,-0.19742395665782528,1.5871337692099678,0.7087867259979248
11,1,0,0.1851295868496185,-1.292050241554629,0.9990723133087158
11,1,1,0.16970212127881698,-1.3537601038378353,0.9991570711135864
11,1,2,0.16970212127881698,-1.3614738366232362,0.999001920223236
11,1,3,0.16970212127881698,-1.3614738366232362,0.9991917014122008
11,1,4,0.14656092292261466,-1.3614738366232362,0.9989895820617676
11,1,5,0.13113345735181312,-1.3614738366232362,0.9987444281578064
11,1,6,0.1079922589956108,-1.3614738366232362,0.9990471005439758
11,1,7,0.07713732785400772,-1.330618905481633,0.998796045780182
11,1,8,0.007713732785400771,-1.330618905481633,0.9986319541931152
11,1,9,0.1851295868496185,-1.230340379271423,0.9984386563301086
11,1,10,0.1619883884934162,-1.230340379271423,0.9981318116188048
11,1,11,0.03856866392700386,-0.9912146629239991,0.9989421367645264
11,1,12,-0.13113345735181312,-1.0066421284948006,0.9980746507644652
11,1,13,0.046282396712404625,-0.5129632302291512,0.597711443901062
11,1,14,-0.06942359506860694,-0.47439456630214744,0.5577993988990784
11,1,15,0.16970212127881698,-0.8446537400013845,0.7712261080741882
11,1,16,0.1851295868496185,-0.7983713432889799,0.5863545536994934
11,1,17,0.28540811305982855,-0.9449322662115944,0.7587869167327881
11,1,18,0.2931218458452293,-0.8909361367137891,0.5893486142158508
11,1,19,0.25455318191822546,-0.9912146629239991,0.7580980062484741
11,1,20,0.269980647489027,-0.9526459989969952,0.5910742282867432
11,1,21,0.19284331963501927,-0.9757871973531975,0.743473470211029
11,1,22,0.2159845179912216,-0.9295048006407929,0.5874921679496765
11,1,23,0.0539961294978054,0.011570599178101156,0.9962396621704102
11,1,24,-0.0539961294978054,-0.011570599178101156,0.9946354031562804
11,1,25,0.20055705242042005,0.7829438777181783,0.7194641828536987
11,1,26,0.030854931141603086,0.7906576105035791,0.6452205777168274
11,1,27,0.0,1.50032102676045,0.7869288325309753
11,1,28,-0.14656092292261466,1.569744621829057,0.683670699596405
11,1,29,-0.09256479342480925,1.6314544841122631,0.7655969262123108
11,1,30,-0.24683944913282468,1.7085918119662709,0.6900108456611633
11,1,31,0.23141198356202314,1.6468819496830647,0.8251385688781738
11,1,32,0.15427465570801543,1.731733010322473,0.7348688244819641
11,2,0,-0.20105058418440194,-1.3049320935742315,0.998618185520172
11,2,1,-0.18587695518935274,-1.3580397950569036,0.9988466501235962
11,2,2,-0.17829014069182814,-1.3580397950569036,0.998615026473999
11,2,3,-0.17070332619430353,-1.350452980559379,0.9988948702812196
11,2,4,-0.20105058418440194,-1.3656266095544283,0.9985796809196472
11,2,5,-0.20863739868192654,-1.373213424051953,0.9982477426528932
11,2,6,-0.20863739868192654,-1.373213424051953,0.9987430572509766
11,2,7,-0.12518243920915592,-1.3201057225692807,0.9983783960342408
11,2,8,-0.14794288270172973,-1.3276925370668053,0.9981979727745056
11,2,9,-0.20105058418440194,-1.2290639485989854,0.9976611137390136
11,2,10,-0.22381102767697575,-1.2442375775940346,0.9974069595336914
11,2,11,-0.08724836672153292,-0.9862858846781982,0.998413383960724
11,2,12,-0.049314294233909914,-1.009046328170772,0.997625470161438
11,2,13,-0.23139784217450035,-0.5083165713341483,0.6315842270851135
11,2,14,-0.18587695518935274,-0.5310770148267221,0.5127637982368469
11,2,15,-0.4438286481051892,-0.7662682642499847,0.7635586857795715
11,2,16,-0.4210682046126154,-0.7890287077425586,0.5468006134033203
11,2,17,-0.542457236573009,-0.8269627802301815,0.7442336082458496
11,2,18,-0.542457236573009,-0.8421364092252308,0.5514061450958252
11,2,19,-0.5348704220754844,-0.8724836672153292,0.7426665425300598
11,2,20,-0.542457236573009,-0.8724836672153292,0.5543357133865356
11,2,21,-0.504523164085386,-0.85731003822028,0.7293146252632141
11,2,22,-0.5121099785829106,-0.85731003822028,0.5525442361831665
11,2,23,-0.026553850741336107,0.015173628995049203,0.9952630996704102
11,2,24,0.026553850741336107,-0.015173628995049203,0.9940625429153442
11,2,25,0.0037934072487623006,0.7966155222400831,0.7325449585914612
11,2,26,-0.07207473772648372,0.743507820757411,0.6118981838226318
11,2,27,0.05690110873143451,1.4794288270172973,0.7795475721359253
11,2,28,0.06448792322895912,1.3808002385494775,0.6581169962882996
11,2,29,0.14794288270172973,1.6159914879727402,0.7654312252998352
11,2,30,0.16311651169677893,1.5021892705098712,0.673554003238678
11,2,31,-0.17829014069182814,1.6084046734752155,0.8140877485275269
11,2,32,-0.18587695518935274,1.5325365284999695,0.716356635093689
12,1,0,0.18135772019281568,-1.2733627162474292,0.998717188835144
12,1,1,0.15820567080649878,-1.335101514610941,0.9989274144172668
12,1,2,0.15820567080649878,-1.3428188644063799,0.9987106323242188
12,1,3,0.15820567080649878,-1.3428188644063799,0.9989713430404664
12,1,4,0.14277097121562085,-1.3428188644063799,0.9986851215362548
12,1,5,0.1350536214201819,-1.3428188644063799,0.9983783960342408
12,1,6,0.11961892182930396,-1.3428188644063799,0.9988352060317992
12,1,7,0.08103217285210913,-1.319666815020063,0.9984509348869324
12,1,8,0.027010724284036378,-1.311949465224624,0.9983540177345276
12,1,9,0.16592302060193775,-1.2116239178839174,0.9978373646736144
12,1,10,0.15048832101105983,-1.2116239178839174,0.9976350665092468
12,1,11,0.027010724284036378,-0.9878207738161875,0.9984533190727234
12,1,12,-0.09646687244298706,-1.0109728232025044,0.9978548884391784
12,1,13,0.011576024693158448,-0.5170624362944106,0.5810942649841309
12,1,14,-0.09646687244298706,-0.47847568731721585,0.5606094598770142
12,1,15,0.14277097121562085,-0.8257564281119693,0.7391412258148193
12,1,16,0.18907506998825466,-0.7794523293393355,0.5909214019775391
12,1,17,0.2430965185563274,-0.9106472758617978,0.7272199988365173
12,1,18,0.3048353169198391,-0.8643431770891641,0.5940502285957336
12,1,19,0.22766181896544946,-0.9646687244298706,0.7250869274139404
12,1,20,0.28168326753352224,-0.9183646256572369,0.5964071750640869
12,1,21,0.18135772019281568,-0.9415166750435537,0.7121778130531311
12,1,22,0.23537916876088844,-0.89521257627092,0.5933713912963867
12,1,23,0.03472807407947534,0.007717349795438965,0.9954586625099182
12,1,24,-0.03472807407947534,-0.007717349795438965,0.9943642020225524
12,1,25,0.14277097121562085,0.8180390783165303,0.7139309048652649
12,1,26,-0.0038586748977194824,0.7948870289302135,0.6463233828544617
12,1,27,-0.04244542387491431,1.520317909701476,0.7701224684715271
12,1,28,-0.14277097121562085,1.6052087574513048,0.6865826845169067
12,1,29,-0.111901572033865,1.6515128562239385,0.7578954696655273
12,1,30,-0.2430965185563274,1.7286863541783282,0.692275881767273
12,1,31,0.21222711937457153,1.6823822554056944,0.8135520815849304
12,1,32,0.15820567080649878,1.751838403564645,0.7391238808631897
12,2,0,-0.18923574147430605,-1.2937545590590311,0.998413383960724
12,2,1,-0.18151183365902826,-1.3555458215812535,0.998710870742798
12,2,2,-0.17378792584375044,-1.3478219137659757,0.998426914215088
12,2,3,-0.16606401802847265,-1.3478219137659757,0.9987834095954896
12,2,4,-0.19695964928958384,-1.3632697293965312,0.9984251856803894
12,2,5,-0.19695964928958384,-1.3555458215812535,0.9980459809303284
12,2,6,-0.19695964928958384,-1.3632697293965312,0.9986445903778076
12,2,7,-0.12744447895208366,-1.3092023746895867,0.9981206059455872
12,2,8,-0.15061620239791706,-1.3169262825048647,0.9979885816574096
12,2,9,-0.18923574147430605,-1.2165154809062533,0.9972859025001526
12,2,10,-0.21240746492013945,-1.2165154809062533,0.9970684051513672
12,2,11,-0.11199666332152806,-0.9770743386326415,0.9981855154037476
12,2,12,-0.05792930861458349,-1.0156938777090305,0.99724018573761
12,2,13,-0.24330309618125062,-0.4904681462701402,0.6158120036125183
12,2,14,-0.17378792584375044,-0.49819205408541795,0.5095003247261047
12,2,15,-0.45957251500902896,-0.7221853807284742,0.7345820665359497
12,2,16,-0.3746095290409732,-0.6912897494673629,0.5397765636444092
12,2,17,-0.5522594087923626,-0.7530810119895853,0.7162937521934509
12,2,18,-0.49819205408541795,-0.7299092885437519,0.5444394946098328
12,2,19,-0.5368115931618069,-0.7994244588812521,0.7134342193603516
12,2,20,-0.49819205408541795,-0.7608049198048631,0.5472114086151123
12,2,21,-0.5059159619006958,-0.7917005510659743,0.6999311447143555
12,2,22,-0.4441246993784734,-0.7453571041743074,0.5454279780387878
12,2,23,-0.019309769538194493,0.011585861722916696,0.9946810007095336
12,2,24,0.019309769538194493,-0.011585861722916696,0.9934751391410828
12,2,25,-0.019309769538194493,0.8225961823270855,0.7114102244377136
12,2,26,-0.07337712424513908,0.7299092885437519,0.6035072803497314
12,2,27,0.03475758516875009,1.533195701332643,0.7587314248085022
12,2,28,0.04248149298402789,1.3941653606576425,0.650428831577301
12,2,29,0.11972057113680587,1.6645021341923654,0.7480369806289673
12,2,30,0.13516838676736145,1.5100239778868094,0.6636823415756226
12,2,31,-0.20468355710486164,1.6799499498229211,0.799527645111084
12,2,32,-0.18151183365902826,1.494576162256254,0.7102048397064209
13,1,0,0.1574205457353761,-1.2947839886734682,0.9985384941101074
13,1,1,0.14167849116183848,-1.3656232342543875,0.998808205127716
13,1,2,0.14167849116183848,-1.3656232342543875,0.9985437989234924
13,1,3,0.14167849116183848,-1.3656232342543875,0.9988749623298644
13,1,4,0.12593643658830087,-1.3656232342543875,0.9985535740852356
13,1,5,0.11806540930153206,-1.3656232342543875,0.9982045292854308
13,1,6,0.10232335472799445,-1.3656232342543875,0.9987529516220092
13,1,7,0.07083924558091924,-1.3341391251073123,0.9982203245162964
13,1,8,0.015742054573537608,-1.3341391251073123,0.9981688261032104
13,1,9,0.1574205457353761,-1.223944743092549,0.9974974989891052
13,1,10,0.13380746387506967,-1.223944743092549,0.99733304977417
13,1,11,0.05509719100738163,-0.9956849517762537,0.998287796974182
13,1,12,-0.11019438201476325,-1.0035559790630226,0.9975062012672424
13,1,13,0.10232335472799445,-0.5706494782907383,0.5773934125900269
13,1,14,-0.10232335472799445,-0.46832612356274383,0.558050274848938
13,1,15,0.29909903689721457,-0.8854905697614904,0.732434868812561
13,1,16,0.2046467094559889,-0.743812078599652,0.5852411389350891
13,1,17,0.3541962279045962,-0.9248457061953345,0.7180013656616211
13,1,18,0.3148410914707522,-0.82252235146734,0.5887582302093506
13,1,19,0.3384541733310586,-0.9878139244894849,0.7145043611526489
13,1,20,0.29909903689721457,-0.8776195424747216,0.5910492539405823
13,1,21,0.30697006418398337,-0.9642008426291785,0.7010660767555237
13,1,22,0.25974390046337054,-0.8461354333276464,0.5884664058685303
13,1,23,0.03935513643384402,0.011806540930153207,0.9949406385421752
13,1,24,-0.03935513643384402,-0.011806540930153207,0.9937880635261536
13,1,25,0.13380746387506967,0.8067802968938024,0.6870244145393372
13,1,26,0.03935513643384402,0.8067802968938024,0.6365780830383301
13,1,27,-0.08658130015445685,1.5623989164236076,0.7416342496871948
13,1,28,-0.14954951844860728,1.625367134717758,0.674024760723114
13,1,29,-0.1731626003089137,1.6962063802986773,0.7339117527008057
13,1,30,-0.26761492775013934,1.751303571306059,0.6751490831375122
13,1,31,0.1652915730221449,1.711948434872215,0.7908850908279419
13,1,32,0.14167849116183848,1.7355615167325213,0.7278112173080444
13,2,0,-0.23019316891378502,-1.3057509064247461,0.9984869956970216
13,2,1,-0.19844238699464226,-1.3692524702630315,0.9987610578536988
13,2,2,-0.19844238699464226,-1.3692524702630315,0.9984903931617736
13,2,3,-0.19844238699464226,-1.3692524702630315,0.9988364577293396
13,2,4,-0.21431777795421364,-1.3771901657428174,0.9984918832778932
13,2,5,-0.22225547343399935,-1.3771901657428174,0.9981294870376588
13,2,6,-0.23019316891378502,-1.3771901657428174,0.9987066388130188
13,2,7,-0.14287851863614243,-1.3295639928641032,0.9981595873832704
13,2,8,-0.16669160507549952,-1.3454393838236747,0.9980323910713196
13,2,9,-0.20638008247442796,-1.2263739516268892,0.9973331689834596
13,2,10,-0.22225547343399935,-1.2263739516268892,0.9970614910125732
13,2,11,-0.09525234575742829,-0.9961807827131042,0.9983187317848206
13,2,12,-0.0793769547978569,-0.9961807827131042,0.9971458911895752
13,2,13,-0.19844238699464226,-0.5516698358451055,0.6160709261894226
13,2,14,-0.20638008247442796,-0.48023057652703427,0.5089962482452393
13,2,15,-0.46038633782757005,-0.7342368318801764,0.7470293641090393
13,2,16,-0.4206978604286416,-0.6786729635216765,0.5390508770942688
13,2,17,-0.5556386835849983,-0.742174527359962,0.7288709878921509
13,2,18,-0.5238879016658555,-0.7104237454408193,0.5440518260002136
13,2,19,-0.539763292625427,-0.7898007002386762,0.7253282070159912
13,2,20,-0.5080125107062842,-0.742174527359962,0.5468509197235107
13,2,21,-0.5080125107062842,-0.7898007002386762,0.7110055685043335
13,2,22,-0.47626172878714146,-0.742174527359962,0.5455006957054138
13,2,23,-0.01587539095957138,0.011906543219678536,0.9946950674057008
13,2,24,0.01587539095957138,-0.011906543219678536,0.9932880997657776
13,2,25,-0.047626172878714144,0.8294891776376047,0.6903678178787231
13,2,26,-0.0873146502776426,0.7580499183195335,0.5949689149856567
13,2,27,0.01587539095957138,1.591507943697031,0.741794764995575
13,2,28,0.01587539095957138,1.4486294250608884,0.6370255947113037
13,2,29,0.10319004123721398,1.7264487668533877,0.7345554828643799
13,2,30,0.11906543219678536,1.5676948572576739,0.6483528017997742
13,2,31,-0.21431777795421364,1.7343864623331735,0.7882276177406311
13,2,32,-0.19844238699464226,1.591507943697031,0.6993125677108765
14,1,0,0.12144156650915813,-1.3399052838177115,0.998625099658966
14,1,1,0.129537670943102,-1.4046741192892624,0.9988722801208496
14,1,2,0.129537670943102,-1.4046741192892624,0.9986244440078736
14,1,3,0.12144156650915813,-1.4046741192892624,0.998939573764801
14,1,4,0.11334546207521426,-1.4127702237232063,0.9986306428909302
14,1,5,0.09715325320732651,-1.4127702237232063,0.9983009099960328
14,1,6,0.08096104433943876,-1.4127702237232063,0.998823881149292
14,1,7,0.05667273103760713,-1.372289701553487,0.9983081221580504
14,1,8,-0.008096104433943875,-1.372289701553487,0.9982210397720336
14,1,9,0.14572987981098975,-1.2670403439122166,0.997577667236328
14,1,10,0.129537670943102,-1.2670403439122166,0.9973450303077698
14,1,11,0.08096104433943876,-1.0079650020260125,0.9984456300735474
14,1,12,-0.11334546207521426,-0.9917727931581248,0.9974257349967957
14,1,13,0.13763377537704588,-0.6031597803288188,0.5872447490692139
14,1,14,-0.09715325320732651,-0.4655260049517729,0.5576936602592468
14,1,15,0.259075341886204,-0.8541390177810789,0.752307116985321
14,1,16,0.2347870285843724,-0.716505242404033,0.5845829248428345
14,1,17,0.32384417735775506,-0.9351000621205177,0.7357040643692017
14,1,18,0.3643246995274744,-0.7731779734416402,0.588300883769989
14,1,19,0.2995558640559234,-0.9674844798562932,0.731891393661499
14,1,20,0.3400363862256428,-0.8298507044792472,0.5905901789665222
14,1,21,0.2671714463201479,-0.9351000621205177,0.7169991135597229
14,1,22,0.2914597596219795,-0.8136584956113595,0.5883920192718506
14,1,23,0.048576626603663256,0.004048052216971938,0.9950663447380066
14,1,24,-0.048576626603663256,-0.004048052216971938,0.9937465190887452
14,1,25,0.08905714877338264,0.8136584956113595,0.6631201505661011
14,1,26,0.12144156650915813,0.8055623911774157,0.6284347772598267
14,1,27,-0.07286493990549488,1.558500103534196,0.722835123538971
14,1,28,-0.129537670943102,1.623268939005747,0.6593095660209656
14,1,29,-0.17811429754676528,1.7204221922130736,0.7189875841140747
14,1,30,-0.25097923745226014,1.752806609948849,0.6590014696121216
14,1,31,0.15382598424493366,1.704229983345186,0.7749794721603394
14,1,32,0.14572987981098975,1.7285182966470176,0.7155725955963135
14,2,0,-0.25593858210955633,-1.3236823543478617,0.9986190795898438
14,2,1,-0.23194434003678546,-1.3876669998752509,0.9988824725151062
14,2,2,-0.22394625934586182,-1.3876669998752509,0.9986391663551332
14,2,3,-0.21594817865493818,-1.3876669998752509,0.998953640460968
14,2,4,-0.23994242072770908,-1.3956650805661746,0.9986344575881958
14,2,5,-0.23994242072770908,-1.3956650805661746,0.9983016848564148
14,2,6,-0.23994242072770908,-1.4036631612570982,0.9988250732421876
14,2,7,-0.15996161381847274,-1.3476765964206328,0.9983509182929992
14,2,8,-0.17595777520032,-1.3556746771115564,0.9982393980026244
14,2,9,-0.22394625934586182,-1.2516996281295492,0.9975910782814026
14,2,10,-0.24794050141863272,-1.2516996281295492,0.9973227381706238
14,2,11,-0.11197312967293091,-1.0037591267109163,0.9985478520393372
14,2,12,-0.07198272621831273,-0.987762965329069,0.9972090721130372
14,2,13,-0.15996161381847274,-0.5638646887101164,0.6264643669128418
14,2,14,-0.15996161381847274,-0.49188196249180366,0.5070355534553528
14,2,15,-0.45589059938264725,-0.7318243832195127,0.770824134349823
14,2,16,-0.38390787316433456,-0.6678397376921237,0.5357749462127686
14,2,17,-0.5598656483646546,-0.7558186252922836,0.7525587677955627
14,2,18,-0.47188676076449454,-0.6758378183830472,0.5415719151496887
14,2,19,-0.5518675676737309,-0.7958090287469018,0.7487936615943909
14,2,20,-0.47188676076449454,-0.723826302528589,0.5443135499954224
14,2,21,-0.5118771642191127,-0.7878109480559782,0.7332144975662231
14,2,22,-0.43989443800079997,-0.723826302528589,0.543524444103241
14,2,23,-0.039990403454618184,0.011997121036385455,0.9950328469276428
14,2,24,0.039990403454618184,-0.011997121036385455,0.9931684136390686
14,2,25,-0.1359673717457018,0.8038071094378254,0.673751711845398
14,2,26,-0.02399424207277091,0.7398224639104364,0.5842363834381104
14,2,27,-0.007998080690923635,1.563624775075571,0.7289178371429443
14,2,28,0.039990403454618184,1.4436535647117164,0.6160100698471069
14,2,29,0.08797888760016,1.7395825502758908,0.7275553941726685
14,2,30,0.11997121036385454,1.5556266943846473,0.6276299357414246
14,2,31,-0.24794050141863272,1.6835959854394253,0.7758217453956604
14,2,32,-0.19995201727309092,1.5396305330028,0.6781953573226929
15,1,0,0.12499565994826528,-1.3916183474240202,0.9987496733665466
15,1,1,0.12499565994826528,-1.4582826993964282,0.9989874362945556
15,1,2,0.12499565994826528,-1.4582826993964282,0.9987656474113464
15,1,3,0.12499565994826528,-1.4582826993964282,0.999049961566925
15,1,4,0.09999652795861222,-1.4582826993964282,0.9987643957138062
15,1,5,0.08333043996551019,-1.4582826993964282,0.9984625577926636
15,1,6,0.07499739596895917,-1.4499496553998772,0.9989355206489564
15,1,7,0.07499739596895917,-1.4166174794136732,0.9984967708587646
15,1,8,-0.008333043996551019,-1.3999513914205712,0.9984107613563538
15,1,9,0.15832783593446936,-1.3082879074585099,0.9978176951408386
15,1,10,0.1333287039448163,-1.3166209514550609,0.99758380651474
15,1,11,0.09999652795861222,-1.0166313675792242,0.9986615180969238
15,1,12,-0.08333043996551019,-0.9832991915930203,0.9974820017814636
15,1,13,0.2249921879068775,-0.5999791677516734,0.6006801724433899
15,1,14,-0.07499739596895917,-0.43331828782065296,0.5558350086212158
15,1,15,0.3249887158654897,-0.8083052676654489,0.7720034122467041
15,1,16,0.2749904518861836,-0.6999756957102856,0.5814051628112793
15,1,17,0.3916530678378979,-0.8583035316447549,0.7541218400001526
15,1,18,0.4083191558309999,-0.7249748276999386,0.5854780673980713
15,1,19,0.3583208918516938,-0.89996875162751,0.7499657273292542
15,1,20,0.38332002384134684,-0.7749730916792448,0.5876331925392151
15,1,21,0.3249887158654897,-0.874969619637857,0.7334564924240112
15,1,22,0.33332175986204077,-0.7666400476826937,0.5857158899307251
15,1,23,0.041665219982755096,0.0,0.995369553565979
15,1,24,-0.041665219982755096,0.0,0.9936224222183228
15,1,25,0.10832957195516324,0.8249713556585508,0.6425592303276062
15,1,26,0.19999305591722444,0.8249713556585508,0.6176646947860718
15,1,27,-0.06666435197240815,1.5999444473377955,0.710700511932373
15,1,28,-0.09166348396206121,1.5999444473377955,0.6401229500770569
15,1,29,-0.16666087993102038,1.766605327268816,0.7107089757919312
15,1,30,-0.2249921879068775,1.7416061952791628,0.6415167450904846
15,1,31,0.14999479193791834,1.7332731512826118,0.762854278087616
15,1,32,0.16666087993102038,1.6999409752964079,0.6971836686134338
15,2,0,-0.2623964707912016,-1.373481526797696,0.9987837076187134
15,2,1,-0.22959691194230142,-1.4308807547832714,0.9990191459655762
15,2,2,-0.22139702223007637,-1.4308807547832714,0.998807728290558
15,2,3,-0.20499724280562626,-1.4308807547832714,0.9990833401679992
15,2,4,-0.2459966913667515,-1.4390806444954964,0.9988024830818176
15,2,5,-0.23779680165452646,-1.4390806444954964,0.998505711555481
15,2,6,-0.23779680165452646,-1.4390806444954964,0.9989606142044068
15,2,7,-0.14759801482005092,-1.389881306222146,0.9985619187355042
15,2,8,-0.18039757366895112,-1.389881306222146,0.9984570145606996
15,2,9,-0.22959691194230142,-1.2914826296754454,0.9978852272033693
15,2,10,-0.2541965810789766,-1.2996825193876704,0.997629463672638
15,2,11,-0.09019878683447556,-1.0126863794597938,0.998753547668457
15,2,12,-0.0819988971222505,-0.9798868206108935,0.997360110282898
15,2,13,-0.11479845597115071,-0.561692445287416,0.6387967467308044
15,2,14,-0.15579790453227596,-0.4632937687407154,0.505876898765564
15,2,15,-0.44279404446015275,-0.7502899086685921,0.7901187539100647
15,2,16,-0.4017945958990275,-0.6682910115463416,0.5336592197418213
15,2,17,-0.5657923901435284,-0.7748895778052672,0.7717636227607727
15,2,18,-0.5083931621579532,-0.6928906806830167,0.5401595234870911
15,2,19,-0.5575925004313035,-0.8322888057908426,0.7678183913230896
15,2,20,-0.5001932724457281,-0.725690239531917,0.5429366230964661
15,2,21,-0.5083931621579532,-0.8240889160786176,0.7509698271751404
15,2,22,-0.45919382388460284,-0.725690239531917,0.5423836708068848
15,2,23,-0.0163997794244501,0.004099944856112525,0.995319664478302
15,2,24,0.0163997794244501,-0.004099944856112525,0.9931386709213256
15,2,25,-0.0819988971222505,0.7912893572297174,0.6544460654258728
15,2,26,0.0,0.7584897983808172,0.5765812397003174
15,2,27,0.04099944856112525,1.6030784387399974,0.7191334962844849
15,2,28,0.0655991176978004,1.4964798724810717,0.6028697490692139
15,2,29,0.11479845597115071,1.7588763432722734,0.720683217048645
15,2,30,0.13939812510782587,1.6440778873011226,0.6153662204742432
15,2,31,-0.23779680165452646,1.709677004998923,0.7673301100730896
15,2,32,-0.1967973530934012,1.5948785490277724,0.6670483350753784
16,1,0,0.12551312500102604,-1.4015632291781244,0.9988955855369568
16,1,1,0.12551312500102604,-1.4685035625120049,0.9991084933280944
16,1,2,0.12551312500102604,-1.4685035625120049,0.9989151358604432
16,1,3,0.13388066666776113,-1.4685035625120049,0.9991650581359864
16,1,4,0.10041050000082084,-1.4685035625120049,0.9989132285118104
16,1,5,0.0836754166673507,-1.4601360208452698,0.9986429810523988
16,1,6,0.06694033333388057,-1.4601360208452698,0.9990551471710204
16,1,7,0.07530787500061563,-1.4266658541783295,0.9986851215362548
16,1,8,-0.01673508333347014,-1.4015632291781244,0.9986055493354796
16,1,9,0.15898329166796635,-1.3262553541775086,0.998082399368286
16,1,10,0.12551312500102604,-1.3262553541775086,0.9978590607643129
16,1,11,0.11714558333429098,-1.025023854175046,0.998851716518402
16,1,12,-0.09204295833408578,-0.9748186041746357,0.9976182579994202
16,1,13,0.26776133333552227,-0.5982792291715575,0.6158164739608765
16,1,14,-0.0836754166673507,-0.4309283958368561,0.5547329187393188
16,1,15,0.3095990416691976,-0.8158353125066694,0.7877755165100098
16,1,16,0.2928639583357275,-0.6903221875056433,0.5791701674461365
16,1,17,0.35980429166960803,-0.8827756458405499,0.7692569494247437
16,1,18,0.4267446250034886,-0.7154248125058486,0.5833795666694641
16,1,19,0.3347016666694028,-0.9329808958409603,0.7647495269775391
16,1,20,0.41000954167001846,-0.7488949791727888,0.5854123830795288
16,1,21,0.3095990416691976,-0.8995107291740201,0.7472251057624817
16,1,22,0.35143675000287294,-0.7488949791727888,0.5834058523178101
16,1,23,0.05020525000041042,-0.004183770833367535,0.9956165552139282
16,1,24,-0.05020525000041042,0.004183770833367535,0.9935683012008668
16,1,25,0.12551312500102604,0.8074677708399343,0.6194360256195068
16,1,26,0.19245345833490662,0.8242028541734044,0.6073907613754272
16,1,27,-0.07530787500061563,1.6107517708465011,0.693027138710022
16,1,28,-0.09204295833408578,1.602384229179766,0.6208206415176392
16,1,29,-0.18408591666817156,1.7697350625144674,0.6963132619857788
16,1,30,-0.21755608333511184,1.7697350625144674,0.6226375699043274
16,1,31,0.1673508333347014,1.711162270847322,0.7471096515655518
16,1,32,0.18408591666817156,1.6944271875138517,0.6810837388038635
16,2,0,-0.2542286766533119,-1.3720277787639052,0.9989009499549866
16,2,1,-0.22194567009416116,-1.4285230402424192,0.9991113543510436
16,2,2,-0.21387491845437348,-1.4285230402424192,0.9989269375801086
16,2,3,-0.19773341517479812,-1.4285230402424192,0.9991744756698608
16,2,4,-0.23808717337373653,-1.4285230402424192,0.9989249110221864
16,2,5,-0.23808717337373653,-1.4285230402424192,0.9986558556556702
16,2,6,-0.23001642173394884,-1.4285230402424192,0.9990565776824952
16,2,7,-0.14123815369628437,-1.380098530403693,0.9987226724624634
16,2,8,-0.1735211602554351,-1.380098530403693,0.998610258102417
16,2,9,-0.23001642173394884,-1.2993910140058162,0.9981010556221008
16,2,10,-0.2542286766533119,-1.2993910140058162,0.997828722000122
16,2,11,-0.08474289221777062,-1.0169147066132476,0.9989274144172668
16,2,12,-0.07667214057798294,-0.9765609484143091,0.997417449951172
16,2,13,-0.10088439549734599,-0.5649526147851375,0.6528958678245544
16,2,14,-0.14123815369628437,-0.4600328434678977,0.5028170943260193
16,2,15,-0.4317852127286408,-0.7425091508604664,0.8051943182945251
16,2,16,-0.31072393813182564,-0.6375893795432266,0.5282261371612549
16,2,17,-0.5609172389652437,-0.7909336606991925,0.7864541411399841
16,2,18,-0.3914314545297024,-0.653730882822802,0.5347710847854614
16,2,19,-0.5447757356856683,-0.8393581705379186,0.7822185754776001
16,2,20,-0.37528995125012704,-0.6698723861023773,0.5371856689453125
16,2,21,-0.5044219774867299,-0.8312874188981308,0.7646719813346863
16,2,22,-0.31072393813182564,-0.6618016344625897,0.5361213088035583
16,2,23,-0.004035375819893839,0.0,0.9956482648849488
16,2,24,0.004035375819893839,0.0,0.9933291673660278
16,2,25,-0.05245988565861991,0.7747921574196172,0.6412125825881958
16,2,26,-0.06053063729840759,0.7505799025002541,0.571007490158081
16,2,27,0.036318382379044556,1.5576550664790219,0.7074940800666809
16,2,28,0.028247630739256874,1.4850183017209329,0.5885589718818665
16,2,29,0.11702589877692134,1.7109993476349878,0.7101768851280212
16,2,30,0.10895514713713365,1.6464333345166864,0.6005731821060181
16,2,31,-0.22194567009416116,1.6464333345166864,0.7571077346801758
16,2,32,-0.2058041668145858,1.5980088246779602,0.6556420922279358
17,1,0,0.14521696508273252,-1.418977201665558,0.9990078806877136
17,1,1,0.13691885279229069,-1.4770639876986509,0.9991976618766784
17,1,2,0.13691885279229069,-1.4770639876986509,0.9990305304527284
17,1,3,0.13691885279229069,-1.4687658754082091,0.9992538690567015
17,1,4,0.1120245159209651,-1.4687658754082091,0.9990296959877014
17,1,5,0.10372640363052324,-1.4687658754082091,0.9987863898277284
17,1,6,0.08713017904963952,-1.4687658754082091,0.9991478323936462
17,1,7,0.07053395446875581,-1.4272753139559997,0.9988431334495544
17,1,8,-0.00414905614522093,-1.4023809770846742,0.9987473487854004
17,1,9,0.15351507737317438,-1.3359960787611393,0.9982854127883912
17,1,10,0.12862074050184882,-1.344294191051581,0.9980428218841552
17,1,11,0.09542829134008138,-1.0206678117243486,0.9990235567092896
17,1,12,-0.07053395446875581,-0.9791772502721393,0.9976717829704284
17,1,13,0.21989997569670927,-0.5808678603309301,0.6206067800521851
17,1,14,-0.045639617597430224,-0.4232037268125348,0.5520594120025635
17,1,15,0.3941603337959883,-0.7385319938493254,0.8041770458221436
17,1,16,0.3277754354724534,-0.6389546463640231,0.5744959115982056
17,1,17,0.4771414567004069,-0.7800225553015347,0.7872365713119507
17,1,18,0.4771414567004069,-0.6721470955257905,0.5791832804679871
17,1,19,0.4854395689908487,-0.8464074536250696,0.7833538055419922
17,1,20,0.4605452321195232,-0.7219357692684417,0.5810750722885132
17,1,21,0.4439490075386395,-0.8298112290441859,0.765153706073761
17,1,22,0.410756558376872,-0.7136376569779999,0.5788224339485168
17,1,23,0.020745280726104647,0.0,0.9959532022476196
17,1,24,-0.020745280726104647,0.0,0.9937779307365416
17,1,25,0.10372640363052324,0.7966187798824185,0.6136624217033386
17,1,26,0.21989997569670927,0.8132150044633022,0.6067696213722229
17,1,27,-0.07053395446875581,1.5683432228935112,0.6946016550064087
17,1,28,-0.09542829134008138,1.5766413351839532,0.6161926984786987
17,1,29,-0.1701113019540581,1.7177092441214648,0.6992315649986267
17,1,30,-0.1950056388253837,1.709411131831023,0.618807315826416
17,1,31,0.18670752653494183,1.6762186826692556,0.7479426264762878
17,1,32,0.18670752653494183,1.6845167949596973,0.6776481866836548
17,2,0,-0.2584240152280454,-1.3809533313748676,0.9990512132644652
17,2,1,-0.20189376189691047,-1.4294078342301262,0.9992250204086304
17,2,2,-0.19381801142103405,-1.4294078342301262,0.99906724691391
17,2,3,-0.17766651046928122,-1.4294078342301262,0.9992787837982178
17,2,4,-0.2180452628486633,-1.4294078342301262,0.9990626573562622
17,2,5,-0.2180452628486633,-1.4294078342301262,0.9988325238227844
17,2,6,-0.20996951237278688,-1.4294078342301262,0.999176263809204
17,2,7,-0.12113625713814628,-1.3809533313748676,0.9988890886306764
17,2,8,-0.15343925904165195,-1.3809533313748676,0.9987765550613404
17,2,9,-0.23419676380041615,-1.30827157709198,0.998357892036438
17,2,10,-0.250348264752169,-1.30827157709198,0.9980873465538024
17,2,11,-0.04037875237938209,-1.0094688094845523,0.9990788698196412
17,2,12,-0.10498475618639344,-0.985241558056923,0.9976570010185242
17,2,13,-0.11306050666226987,-0.54107528188372,0.6561040878295898
17,2,14,-0.17766651046928122,-0.4683935276008323,0.5099231600761414
17,2,15,-0.40378752379382093,-0.7187417923530013,0.8185663819313049
17,2,16,-0.4280147752214502,-0.6622115390218664,0.5428218245506287
17,2,17,-0.5249237809319672,-0.7510447942565069,0.800390362739563
17,2,18,-0.5329995314078436,-0.6702872894977427,0.5484319925308228
17,2,19,-0.48454502855258513,-0.8156507980635183,0.796623706817627
17,2,20,-0.5249237809319672,-0.7268175428288777,0.5507900714874268
17,2,21,-0.44416627617320303,-0.7994992971117655,0.7782469987869263
17,2,22,-0.4764692780767087,-0.7187417923530013,0.549351692199707
17,2,23,0.024227251427629257,0.0,0.9958451390266418
17,2,24,-0.024227251427629257,0.0,0.9935349822044371
17,2,25,0.04037875237938209,0.7833477961600126,0.6359455585479736
17,2,26,-0.024227251427629257,0.7591205447323833,0.57673579454422
17,2,27,0.06460600380701136,1.5747713427959016,0.7107765078544617
17,2,28,0.04037875237938209,1.5020895885130139,0.5936797261238098
17,2,29,0.15343925904165195,1.7282106018375536,0.7111544609069824
17,2,30,0.11306050666226987,1.6151500951752837,0.6036341786384583
17,2,31,-0.2180452628486633,1.6636045980305423,0.7592024803161621
17,2,32,-0.20996951237278688,1.6151500951752837,0.6649069786071777
18,1,0,0.18180421269845246,-1.4048507344880417,0.9991387128829956
18,1,1,0.14048507344880415,-1.4626975294375493,0.9992969632148744
18,1,2,0.1322212455988745,-1.4626975294375493,0.9991536140441896
18,1,3,0.1322212455988745,-1.4626975294375493,0.999345600605011
18,1,4,0.12395741774894485,-1.4626975294375493,0.9991490840911864
18,1,5,0.1156935898990152,-1.4626975294375493,0.9989391565322876
18,1,6,0.09916593419915588,-1.4626975294375493,0.9992502927780152
18,1,7,0.06611062279943725,-1.4131145623379713,0.9989906549453736
18,1,8,0.008263827849929656,-1.4048507344880417,0.9988949298858644
18,1,9,0.19833186839831177,-1.3304762838386748,0.9985155463218688
18,1,10,0.18180421269845246,-1.3387401116886044,0.998273491859436
18,1,11,0.08263827849929656,-1.0081869976914182,0.9991653561592102
18,1,12,-0.0578467949495076,-0.9916593419915588,0.9978879690170288
18,1,13,0.20659569624824142,-0.5371488102454277,0.6181332468986511
18,1,14,-0.01652765569985931,-0.4379828760462718,0.5582575798034668
18,1,15,0.4627743595960608,-0.6941615393940912,0.8088487386703491
18,1,16,0.3636084253969049,-0.6693700558443022,0.5871856212615967
18,1,17,0.578467949495076,-0.7272168507938098,0.7934198379516602
18,1,18,0.4875658431458497,-0.7106891950939505,0.5906491875648499
18,1,19,0.603259433044865,-0.7520083343435987,0.7901409864425659
18,1,20,0.4627743595960608,-0.7850636457433173,0.59235680103302
18,1,21,0.5206211545455683,-0.7850636457433173,0.7714706063270569
18,1,22,0.4214552203464125,-0.7850636457433173,0.5893670916557312
18,1,23,0.03305531139971862,0.0,0.9961584210395812
18,1,24,-0.03305531139971862,0.0,0.9939854741096495
18,1,25,0.16527655699859312,0.8015913014431767,0.6112686395645142
18,1,26,0.23965100764796005,0.8263827849929657,0.6136720180511475
18,1,27,-0.06611062279943725,1.5535996357867754,0.6974705457687378
18,1,28,-0.10742976204908554,1.5535996357867754,0.622501015663147
18,1,29,-0.1900680405483821,1.7106123649354388,0.6977114081382751
18,1,30,-0.23965100764796005,1.6940847092355795,0.6238526105880737
18,1,31,0.19833186839831177,1.6775570535357203,0.7494133114814758
18,1,32,0.16527655699859312,1.68582088138565,0.6880826950073242
18,2,0,-0.2316370773712992,-1.3618662652347076,0.9991713166236876
18,2,1,-0.1916996502383166,-1.417778663220883,0.9993194341659546
18,2,2,-0.17572467938512354,-1.4097911777942866,0.999184548854828
18,2,3,-0.16773719395852701,-1.4097911777942866,0.9993657469749452
18,2,4,-0.1996871356649131,-1.417778663220883,0.9991753101348876
18,2,5,-0.1916996502383166,-1.417778663220883,0.9989744424819946
18,2,6,-0.1916996502383166,-1.417778663220883,0.999268114566803
18,2,7,-0.0958498251191583,-1.369853750661304,0.9990435242652892
18,2,8,-0.1277997668255444,-1.3618662652347076,0.9989210963249208
18,2,9,-0.20767462109150964,-1.2899788963953387,0.998591423034668
18,2,10,-0.22364959194470269,-1.2979663818219354,0.9983289241790771
18,2,11,-0.023962456279789573,-1.002429421037864,0.9992253184318542
18,2,12,-0.08786233969256177,-0.9944419356112674,0.997942328453064
18,2,13,-0.1277997668255444,-0.5151928100154758,0.6543903350830078
18,2,14,-0.17572467938512354,-0.5072053245888793,0.5140954852104187
18,2,15,-0.4233367276096158,-0.6829300039740028,0.824074387550354
18,2,16,-0.3993742713298262,-0.7068924602537925,0.5518718957901001
18,2,17,-0.5511364944351602,-0.7068924602537925,0.8077909350395203
18,2,18,-0.5271740381553707,-0.730854916533582,0.5562039613723755
18,2,19,-0.5191865527287741,-0.7388424019601786,0.8045600056648254
18,2,20,-0.5111990673021776,-0.7867673145197577,0.5580120086669922
18,2,21,-0.471261640169195,-0.7628048582399681,0.7854835391044617
18,2,22,-0.4632741547425984,-0.7787798290931611,0.5560801029205322
18,2,23,0.0319499417063861,-0.003993742713298262,0.996229350566864
18,2,24,-0.0319499417063861,0.003993742713298262,0.994046986103058
18,2,25,0.0958498251191583,0.7628048582399681,0.6293686032295227
18,2,26,-0.01597497085319305,0.7548173728133716,0.5787290334701538
18,2,27,0.0958498251191583,1.521615973766638,0.7092342972755432
18,2,28,0.05591239798617567,1.4417411195006726,0.5943294763565063
18,2,29,0.16773719395852701,1.6653907114453754,0.702260434627533
18,2,30,0.13578725225214092,1.5455784300464275,0.6043312549591064
18,2,31,-0.18371216481172006,1.6254532843123928,0.7569797039031982
18,2,32,-0.18371216481172006,1.5455784300464275,0.6700569987297058
19,1,0,0.20797338111071773,-1.3758239058093635,0.999224066734314
19,1,1,0.1439815715381892,-1.431816739185326,0.9993630647659302
19,1,2,0.13598259534162313,-1.431816739185326,0.9992353916168212
19,1,3,0.13598259534162313,-1.431816739185326,0.9994071125984192
19,1,4,0.13598259534162313,-1.431816739185326,0.9992297887802124
19,1,5,0.12798361914505707,-1.431816739185326,0.9990394115447998
19,1,6,0.119984642948491,-1.4238177629887598,0.9993143677711488
19,1,7,0.07998976196566067,-1.3838228820059295,0.9990946650505066
19,1,8,0.039994880982830334,-1.3678249296127973,0.9990118741989136
19,1,9,0.2159723573072838,-1.3038331200402689,0.9987029433250428
19,1,10,0.20797338111071773,-1.311832096236835,0.9984725117683412
19,1,11,0.0479938571793964,-0.9998720245707583,0.9992769956588744
19,1,12,-0.015997952393132134,-0.9998720245707583,0.9981409311294556
19,1,13,0.11198566675192494,-0.5279324289733605,0.5967971086502075
19,1,14,0.039994880982830334,-0.45594164320426583,0.5614344477653503
19,1,15,0.359953928845473,-0.7359058100840782,0.7703280448913574
19,1,16,0.3839508574351712,-0.7439047862806442,0.5940964221954346
19,1,17,0.47193959559739795,-0.7918986434600406,0.7643384337425232
19,1,18,0.5039355003836622,-0.8078965958531727,0.5961867570877075
19,1,19,0.46394061940083187,-0.839892500639437,0.7614291906356812
19,1,20,0.479938571793964,-0.8718884054257012,0.5972627997398376
19,1,21,0.3919498336317373,-0.8478914768360031,0.7442233562469482
19,1,22,0.4319447146145676,-0.8558904530325692,0.5931748151779175
19,1,23,-0.0239969285896982,0.0,0.9964151978492736
19,1,24,0.0239969285896982,0.0,0.9943110942840576
19,1,25,0.10398669055535886,0.7599027386737763,0.6019208431243896
19,1,26,0.2159723573072838,0.7998976196566067,0.6131880879402161
19,1,27,-0.05599283337596247,1.5038075249544205,0.6928062438964844
19,1,28,-0.07998976196566067,1.551801382133817,0.6215084791183472
19,1,29,-0.15997952393132134,1.6557880726891758,0.6892890930175781
19,1,30,-0.1919754287175856,1.6637870488857418,0.6216543316841125
19,1,31,0.2159723573072838,1.6157931917063455,0.7477107048034668
19,1,32,0.23197030970041593,1.6637870488857418,0.6913979649543762
19,2,0,-0.2287919488414404,-1.3569729379561293,0.9992378354072572
19,2,1,-0.19723443865641413,-1.4043092032336686,0.9993678331375122
19,2,2,-0.1893450611101576,-1.4043092032336686,0.9992406964302064
19,2,3,-0.17356630601764444,-1.4043092032336686,0.9994098544120787
19,2,4,-0.2051238162026707,-1.4121985807799253,0.999241054058075
19,2,5,-0.2051238162026707,-1.4121985807799253,0.9990509748458862
19,2,6,-0.19723443865641413,-1.4121985807799253,0.9993204474449158
19,2,7,-0.11045128564759192,-1.3648623155023858,0.9991095662117004
19,2,8,-0.1420087958326182,-1.3648623155023858,0.9990065693855286
19,2,9,-0.21301319374892727,-1.2859685400398202,0.9987130165100098
19,2,10,-0.2287919488414404,-1.2938579175860767,0.9984681010246276
19,2,11,-0.06311502037005252,-1.0019509483745839,0.9992848634719848
19,2,12,-0.06311502037005252,-0.9940615708283272,0.9981040358543396
19,2,13,-0.21301319374892727,-0.5049201629604202,0.6333467364311218
19,2,14,-0.17356630601764444,-0.4812520303216505,0.511805534362793
19,2,15,-0.4418051425903677,-0.7179333567093474,0.7821418642997742
19,2,16,-0.36291136712780203,-0.7179333567093474,0.5447273850440979
19,2,17,-0.5522564282379596,-0.7731589995331435,0.7724489569664001
19,2,18,-0.4654732752291374,-0.7889377546256565,0.5482727289199829
19,2,19,-0.5285882955991899,-0.8283846423569394,0.7695356607437134
19,2,20,-0.4575838976828808,-0.8441633974494526,0.5495592355728149
19,2,21,-0.48914140786790705,-0.8283846423569394,0.7514356970787048
19,2,22,-0.41813700995159797,-0.8283846423569394,0.5466287136077881
19,2,23,0.007889377546256566,0.0,0.9962698221206664
19,2,24,-0.007889377546256566,0.0,0.9941887259483336
19,2,25,0.0946725305550788,0.7573802444406303,0.6220305562019348
19,2,26,-0.0236681326387697,0.7889377546256565,0.583322286605835
19,2,27,0.08678315300882222,1.546317999066287,0.706862211227417
19,2,28,0.039446887731282826,1.491092356242491,0.6025909781455994
19,2,29,0.16567692847138787,1.6804374173526484,0.6982346177101135
19,2,30,0.12623004074010505,1.6094330194363393,0.6090381741523743
19,2,31,-0.19723443865641413,1.633101152075109,0.7577307224273682
19,2,32,-0.19723443865641413,1.5857648867975698,0.680608332157135
20,1,0,0.22036316768821226,-1.3693996849196048,0.9992856383323668
20,1,1,0.17314248889788106,-1.4244904768416577,0.9994134902954102
20,1,2,0.17314248889788106,-1.4244904768416577,0.9992967247962952
20,1,3,0.1652723757661592,-1.4244904768416577,0.9994512796401978
20,1,4,0.15740226263443732,-1.4244904768416577,0.9992926120758056
20,1,5,0.14953214950271546,-1.416620363709936,0.9991177320480348
20,1,6,0.13379192323927172,-1.416620363709936,0.9993638396263124
20,1,7,0.10231147071238426,-1.3772697980513267,0.9991658926010132
20,1,8,0.06296090505377493,-1.3693996849196048,0.9990938305854796
20,1,9,0.22036316768821226,-1.30643877986583,0.998814582824707
20,1,10,0.2124930545564904,-1.30643877986583,0.998596966266632
20,1,11,0.03148045252688746,-0.999504367728677,0.999332308769226
20,1,12,0.03148045252688746,-0.999504367728677,0.9982855319976808
20,1,13,0.07870113131721866,-0.5194274666936431,0.5768479108810425
20,1,14,0.13379192323927172,-0.472206787903312,0.5589585304260254
20,1,15,0.22823328081993413,-0.7240504081184117,0.7347853183746338
20,1,16,0.354155090927484,-0.8106216525673523,0.5866280794143677
20,1,17,0.31480452526887465,-0.8421021050942398,0.7339039444923401
20,1,18,0.4407263353764245,-0.9129331232797365,0.5873314738273621
20,1,19,0.33841486466404025,-0.9129331232797365,0.7320129871368408
20,1,20,0.40924588284953706,-0.9601538020700677,0.5878891348838806
20,1,21,0.26758384647854344,-0.8893227838845709,0.7153289318084717
20,1,22,0.3777654303226496,-0.9365434626749021,0.5829080939292908
20,1,23,-0.03148045252688746,0.0,0.9964795708656312
20,1,24,0.03148045252688746,0.0,0.9944509863853456
20,1,25,0.11018158384410613,0.7634009737770211,0.5891389846801758
20,1,26,0.14953214950271546,0.826361878830796,0.6134254336357117
20,1,27,-0.055090791922053066,1.5110617212905983,0.6871808767318726
20,1,28,-0.07870113131721866,1.5582824000809297,0.6281780004501343
20,1,29,-0.14953214950271546,1.64485364452987,0.6856390833854675
20,1,30,-0.18101260202960293,1.6684639839250357,0.6273497939109802
20,1,31,0.20462294142476853,1.6212433051347046,0.7488836050033569
20,1,32,0.22036316768821226,1.6684639839250357,0.7002344131469727
20,2,0,-0.2084755624179905,-1.3280665457738654,0.999158263206482
20,2,1,-0.2084755624179905,-1.3898370827866033,0.9993104934692384
20,2,2,-0.2084755624179905,-1.3898370827866033,0.9991804957389832
20,2,3,-0.20075424529139826,-1.3821157656600112,0.9993548393249512
20,2,4,-0.21619687954458275,-1.3898370827866033,0.9991567730903624
20,2,5,-0.21619687954458275,-1.3898370827866033,0.9989534020423888
20,2,6,-0.21619687954458275,-1.3898370827866033,0.9992457628250122
20,2,7,-0.1544263425318448,-1.3435091800270498,0.9990168809890748
20,2,8,-0.16214765965843705,-1.3435091800270498,0.9989099502563475
20,2,9,-0.19303292816480602,-1.2662960087611275,0.9985485672950744
20,2,10,-0.20075424529139826,-1.2662960087611275,0.9982933402061462
20,2,11,-0.1312623911520681,-0.996049909330399,0.9993088245391846
20,2,12,-0.046327902759553445,-0.996049909330399,0.9979970455169678
20,2,13,-0.25480346517754393,-0.5018856132284957,0.6145566701889038
20,2,14,-0.1544263425318448,-0.47872166184871895,0.5088617205619812
20,2,15,-0.46327902759553446,-0.7026398585198939,0.7465944886207581
20,2,16,-0.3397379535700586,-0.7180824927730783,0.5378276109695435
20,2,17,-0.5482135159880491,-0.7644103955326318,0.7415462732315063
20,2,18,-0.44783639334235,-0.7644103955326318,0.5407769083976746
20,2,19,-0.5250495646082723,-0.8107382982921852,0.7395976781845093
20,2,20,-0.44011507621575774,-0.7952956640390008,0.5417848825454712
20,2,21,-0.49416429610190343,-0.8030169811655931,0.7221195101737976
20,2,22,-0.40150849058279653,-0.7798530297858163,0.5382338166236877
20,2,23,-0.046327902759553445,0.0,0.9963882565498352
20,2,24,0.046327902759553445,0.0,0.9941735863685608
20,2,25,-0.06177053701273793,0.7566890784060396,0.6092669367790222
20,2,26,-0.023163951379776723,0.7258038098996706,0.5765188336372375
20,2,27,0.05404921988614569,1.505656839685487,0.7024100422859192
20,2,28,0.046327902759553445,1.3975583999131955,0.5985575914382935
20,2,29,0.13898370827866033,1.636919230837555,0.6998008489608765
20,2,30,0.1312623911520681,1.5133781568120792,0.6081898808479309
20,2,31,-0.18531161103821378,1.6060339623311861,0.7585552930831909
20,2,32,-0.16214765965843705,1.4979355225588946,0.6787154674530029
21,1,0,0.17963816767748644,-1.3550966126975608,0.9991979598999025
21,1,1,0.14839674721183663,-1.409769098512448,0.9993528127670288
21,1,2,0.14839674721183663,-1.409769098512448,0.999231457710266
21,1,3,0.14058639209542417,-1.409769098512448,0.9993940591812134
21,1,4,0.13277603697901172,-1.409769098512448,0.9992020726203918
21,1,5,0.12496568186259926,-1.409769098512448,0.9990100264549256
21,1,6,0.11715532674618681,-1.409769098512448,0.9992824196815492
21,1,7,0.09372426139694945,-1.3707173229303857,0.9990635514259338
21,1,8,0.046862130698474724,-1.3550966126975608,0.9989951848983764
21,1,9,0.19525887791031135,-1.2848034166498488,0.9986408948898317
21,1,10,0.17963816767748644,-1.2926137717662611,0.9984137415885924
21,1,11,0.0,-0.9958202773425879,0.9993455410003662
21,1,12,0.046862130698474724,-1.0036306324590003,0.9981839060783386
21,1,13,0.031241420465649816,-0.5115782601250157,0.5575150847434998
21,1,14,0.12496568186259926,-0.4725264845429535,0.5560123324394226
21,1,15,0.16401745744466154,-0.6443542971040275,0.6968482136726379
21,1,16,0.35146598023856046,-0.808371754548689,0.5797989964485168
21,1,17,0.23431065349237362,-0.7536992687338018,0.7013552784919739
21,1,18,0.429569531402685,-0.9099063710620509,0.5800405740737915
21,1,19,0.24993136372519853,-0.8318028198979264,0.7003191113471985
21,1,20,0.4061384660534476,-0.9489581466441132,0.5804002285003662
21,1,21,0.23431065349237362,-0.7068371380353271,0.684116005897522
21,1,22,0.36708669047138537,-0.9255270812948758,0.574907660484314
21,1,23,-0.046862130698474724,0.003905177558206227,0.996516764163971
21,1,24,0.046862130698474724,-0.003905177558206227,0.994343400001526
21,1,25,0.085913906280537,0.7615096238502143,0.5741004347801208
21,1,26,0.13277603697901172,0.8161821096651014,0.6028274893760681
21,1,27,-0.07029319604771209,1.51130371502581,0.6760136485099792
21,1,28,-0.07810355116412454,1.5347347803750473,0.6183083057403564
21,1,29,-0.16401745744466154,1.6440797520048216,0.6800705790519714
21,1,30,-0.17963816767748644,1.651890107121234,0.6196573376655579
21,1,31,0.17963816767748644,1.6128383315391719,0.7421486377716064
21,1,32,0.21087958814313626,1.6440797520048216,0.6938250064849854
21,2,0,-0.22910246020901626,-1.3319007432490269,0.9990931153297424
21,2,1,-0.19803771984169202,-1.3940302239836753,0.9992721676826476
21,2,2,-0.20580390493352307,-1.3940302239836753,0.9991430044174194
21,2,3,-0.21357009002535415,-1.3862640388918441,0.9993225336074828
21,2,4,-0.21357009002535415,-1.3940302239836753,0.9991099238395692
21,2,5,-0.22910246020901626,-1.3940302239836753,0.9988967180252076
21,2,6,-0.2368686453008473,-1.3940302239836753,0.99919992685318
21,2,7,-0.15144060929070566,-1.347433113432689,0.9989731311798096
21,2,8,-0.1669729794743678,-1.347433113432689,0.9988526701927184
21,2,9,-0.20580390493352307,-1.2620050774225473,0.9984534382820128
21,2,10,-0.21357009002535415,-1.2697712625143782,0.998187243938446
21,2,11,-0.1436744241988746,-0.9901885992084601,0.9993324279785156
21,2,12,-0.07377875837239507,-0.9979547843002912,0.9978666305541992
21,2,13,-0.3145304962191579,-0.4931527533312723,0.597368597984314
21,2,14,-0.17473916456619884,-0.4776203831476102,0.5048900842666626
21,2,15,-0.4698541980557791,-0.6407102700760624,0.7124309539794922
21,2,16,-0.3378290514946511,-0.7028397508107109,0.5292119383811951
21,2,17,-0.5552822340659208,-0.7261383060862041,0.7125532627105713
21,2,18,-0.4620880129639481,-0.7572030464535283,0.5316949486732483
21,2,19,-0.5475160489740897,-0.7882677868208525,0.7113507390022278
21,2,20,-0.454321827872117,-0.7882677868208525,0.5323870182037354
21,2,21,-0.5086851235149344,-0.718372120994373,0.6940438747406006
21,2,22,-0.40772471732113064,-0.7727354166371905,0.5281529426574707
21,2,23,-0.03494783291323977,0.0038830925459155297,0.9963058829307556
21,2,24,0.03494783291323977,-0.0038830925459155297,0.9937953948974608
21,2,25,-0.01164927763774659,0.7727354166371905,0.5905616283416748
21,2,26,0.01164927763774659,0.7494368613616973,0.5604188442230225
21,2,27,0.08154494346422612,1.5260553705448032,0.6868289709091187
21,2,28,0.08154494346422612,1.4483935196264925,0.5800698399543762
21,2,29,0.15920679438253674,1.6658467021977623,0.6896913647651672
21,2,30,0.1436744241988746,1.5726524810957896,0.5925336480140686
21,2,31,-0.1825053496580299,1.627015776738607,0.7480360865592957
21,2,32,-0.1436744241988746,1.5571201109121275,0.6623632907867432
22,1,0,0.1684979367900248,-1.3323092676420567,0.9991650581359864
22,1,1,0.15282371011188298,-1.395006174354624,0.9993315935134888
22,1,2,0.14498659677281206,-1.395006174354624,0.9992130994796752
22,1,3,0.14498659677281206,-1.395006174354624,0.9993775486946106
22,1,4,0.13714948343374114,-1.395006174354624,0.999179184436798
22,1,5,0.1214752567555993,-1.3871690610155532,0.9989840388298036
22,1,6,0.11363814341652836,-1.3871690610155532,0.999260663986206
22,1,7,0.11363814341652836,-1.3636577209983405,0.99904602766037
22,1,8,0.06661546338210284,-1.3479834943201985,0.9989564418792723
22,1,9,0.1684979367900248,-1.2696123609294894,0.9985867142677308
22,1,10,0.15282371011188298,-1.2696123609294894,0.9983468055725098
22,1,11,0.03526701002581915,-0.9953133940620071,0.9993679523468018
22,1,12,0.04310412336489007,-1.003150507401078,0.9980676770210266
22,1,13,0.0901268033993156,-0.5094123670396099,0.5582339763641357
22,1,14,0.1606608234509539,-0.4859010270223972,0.5512157678604126
22,1,15,0.31740309023237234,-0.8542453539587305,0.698201596736908
22,1,16,0.3330773169105142,-0.8777566939759432,0.5712238550186157
22,1,17,0.40361133696215246,-1.010987620740149,0.6977008581161499
22,1,18,0.4114484503012234,-1.003150507401078,0.5697183012962341
22,1,19,0.3722628836058688,-1.0580103007745745,0.6961613297462463
22,1,20,0.38009999694493973,-1.0501731874355036,0.569291889667511
22,1,21,0.3330773169105142,-1.010987620740149,0.6794497966766357
22,1,22,0.3409144302495851,-1.010987620740149,0.5626091957092285
22,1,23,-0.019592783347677306,0.007837113339070922,0.9964036345481871
22,1,24,0.019592783347677306,-0.007837113339070922,0.9938949942588806
22,1,25,0.09796391673838653,0.8072226739243049,0.5627853870391846
22,1,26,0.06661546338210284,0.8307340139415177,0.5911640524864197
22,1,27,-0.06661546338210284,1.5517484411360425,0.6661027073860168
22,1,28,-0.0901268033993156,1.606608234509539,0.6050973534584045
22,1,29,-0.1606608234509539,1.6928164812393192,0.67457515001297
22,1,30,-0.1920092768072376,1.7320020479346738,0.6087312698364258
22,1,31,0.1684979367900248,1.6693051412221063,0.7363419532775879
22,1,32,0.1998463901463085,1.724164934595603,0.6810897588729858
22,2,0,-0.2687348694050135,-1.3086219727548485,0.9988317489624025
22,2,1,-0.25315603639602724,-1.3709373047907936,0.9990923404693604
22,2,2,-0.2453666198915341,-1.3709373047907936,0.9989169836044312
22,2,3,-0.23757720338704094,-1.3709373047907936,0.9991396069526672
22,2,4,-0.2609454529005204,-1.3709373047907936,0.9988413453102112
22,2,5,-0.2609454529005204,-1.3631478882863006,0.9985954761505128
22,2,6,-0.2609454529005204,-1.3631478882863006,0.9990049600601196
22,2,7,-0.18305128785558894,-1.3242008057638348,0.998609721660614
22,2,8,-0.1986301208645752,-1.3242008057638348,0.9986030459403992
22,2,9,-0.2609454529005204,-1.2385172242144102,0.9980456233024596
22,2,10,-0.2765242859095067,-1.2463066407189034,0.9978419542312622
22,2,11,-0.15968303834210948,-0.9814664795661364,0.999184250831604
22,2,12,-0.07399945679268488,-1.0048347290796158,0.997675359249115
22,2,13,-0.29210311891849294,-0.4751544067740819,0.5964895486831665
22,2,14,-0.16747245484660264,-0.4985226562875613,0.5007703304290771
22,2,15,-0.5257856140532874,-0.7555734009358351,0.7074106931686401
22,2,16,-0.40894436648589017,-0.7166263184133694,0.5207115411758423
22,2,17,-0.611469195602712,-0.802309899962794,0.7020159363746643
22,2,18,-0.5491538635667668,-0.7789416504493146,0.5213550329208374
22,2,19,-0.6036797790982188,-0.8412569824852597,0.7003234624862671
22,2,20,-0.5491538635667668,-0.8100993164672872,0.5214964151382446
22,2,21,-0.5725221130802463,-0.8256781494762735,0.6827460527420044
22,2,22,-0.5102067810443011,-0.7867310669538077,0.5163941979408264
22,2,23,-0.06621004028819175,0.015578833008986291,0.995578408241272
22,2,24,0.06621004028819175,-0.015578833008986291,0.992838740348816
22,2,25,-0.09736770630616433,0.8178887329717803,0.5913010835647583
22,2,26,0.019473541261232866,0.7399945679268488,0.5591834783554077
22,2,27,0.05063120727920545,1.5578833008986293,0.6805779933929443
22,2,28,0.08957828980167118,1.4254632203222457,0.5820842385292053
22,2,29,0.13631478882863005,1.6980927979795057,0.6909281611442566
22,2,30,0.15968303834210948,1.5578833008986293,0.5962038040161133
22,2,31,-0.25315603639602724,1.6747245484660263,0.7419107556343079
22,2,32,-0.15968303834210948,1.5345150513851498,0.6615735292434692
23,1,0,0.17309425008690624,-1.317876676798036,0.9989311099052428
23,1,1,0.14949048871141904,-1.380820040466002,0.9991716146469116
23,1,2,0.15735840916991478,-1.380820040466002,0.9990124106407166
23,1,3,0.15735840916991478,-1.380820040466002,0.9992150664329528
23,1,4,0.1416225682529233,-1.3729521200075063,0.9989411234855652
23,1,5,0.13375464779442756,-1.3729521200075063,0.9987167716026306
23,1,6,0.12588672733593181,-1.3729521200075063,0.9990879893302916
23,1,7,0.11801880687743607,-1.3414804381735235,0.9987269639968872
23,1,8,0.07081128412646165,-1.3336125177150278,0.9987334609031676
23,1,9,0.15735840916991478,-1.2549333131300704,0.998220145702362
23,1,10,0.1416225682529233,-1.2549333131300704,0.9980345964431764
23,1,11,0.039339602292478695,-0.9874240175412152,0.9992384314537048
23,1,12,0.039339602292478695,-1.0110277789167024,0.9978968501091005
23,1,13,0.11801880687743607,-0.5153487900314708,0.5527356266975403
23,1,14,0.2203017728378807,-0.4996129491144794,0.5481385588645935
23,1,15,0.36192434109080396,-0.8694052106637791,0.6857228875160217
23,1,16,0.3855281024662912,-0.8772731311222749,0.5641821622848511
23,1,17,0.4642073070512486,-0.9874240175412152,0.6826918125152588
23,1,18,0.4642073070512486,-1.0031598584582067,0.5618312358856201
23,1,19,0.4406035456757614,-1.0424994607506854,0.6808053851127625
23,1,20,0.4248677047587699,-1.0582353016676769,0.5611425042152405
23,1,21,0.3855281024662912,-1.0031598584582067,0.6641333103179932
23,1,22,0.3933960229247869,-1.018895699375198,0.5538792014122009
23,1,23,-0.015735840916991477,0.011801880687743608,0.9957820177078248
23,1,24,0.015735840916991477,-0.011801880687743608,0.9931009411811828
23,1,25,0.039339602292478695,0.8221976879128047,0.5608892440795898
23,1,26,0.04720752275097443,0.8379335288297961,0.5878816843032837
23,1,27,-0.11015088641894034,1.5853859723868913,0.6542612910270691
23,1,28,-0.11801880687743607,1.6325934951378658,0.6013845801353455
23,1,29,-0.2045659319208892,1.7191406201813189,0.6688137054443359
23,1,30,-0.22816969329637643,1.774216063390789,0.6065348982810974
23,1,31,0.14949048871141904,1.6955368588058317,0.7233622074127197
23,1,32,0.22816969329637643,1.750612302015302,0.675528883934021
23,2,0,-0.27820179309790655,-1.3021389482499237,0.9979835152626038
23,2,1,-0.26274613792580065,-1.3639615689383473,0.998336136341095
23,2,2,-0.25501831033974764,-1.3639615689383473,0.9980369210243224
23,2,3,-0.2472904827536947,-1.3639615689383473,0.9984374046325684
23,2,4,-0.2704739655118536,-1.3639615689383473,0.9978616833686828
23,2,5,-0.2704739655118536,-1.3639615689383473,0.9974607229232788
23,2,6,-0.2704739655118536,-1.3639615689383473,0.9982163310050964
23,2,7,-0.20092351723737695,-1.3175946034220296,0.9974793195724488
23,2,8,-0.21637917240948287,-1.3175946034220296,0.997178852558136
23,2,9,-0.26274613792580065,-1.232588499975447,0.9964640140533448
23,2,10,-0.27820179309790655,-1.232588499975447,0.9961242079734802
23,2,11,-0.16228437930711215,-0.9775701896356994,0.9988864064216614
23,2,12,-0.13137306896290032,-1.0007536723938584,0.9971421360969543
23,2,13,-0.2318348275815888,-0.48298922412830997,0.590315580368042
23,2,14,-0.1545565517210592,-0.5061727068864689,0.4999233484268188
23,2,15,-0.4559418275771246,-0.6066344655051573,0.69264155626297
23,2,16,-0.378663551716595,-0.6375457758493691,0.5186893343925476
23,2,17,-0.571859241367919,-0.6298179482633162,0.6839316487312317
23,2,18,-0.5409479310237072,-0.676184913779634,0.5191527009010315
23,2,19,-0.564131413781866,-0.676184913779634,0.6819297075271606
23,2,20,-0.564131413781866,-0.7070962241238458,0.519647479057312
23,2,21,-0.5254922758516013,-0.676184913779634,0.6643288135528564
23,2,22,-0.5023087930934423,-0.6916405689517399,0.5144169330596924
23,2,23,-0.023183482758158878,0.0193195689651324,0.993652880191803
23,2,24,0.023183482758158878,-0.0193195689651324,0.9910549521446228
23,2,25,0.0,0.8152858103285873,0.5849381685256958
23,2,26,-0.023183482758158878,0.7843744999843754,0.5600268840789795
23,2,27,0.061822620688423674,1.5494294310036183,0.6686940789222717
23,2,28,0.06955044827447664,1.456695499970983,0.5834122896194458
23,2,29,0.14682872413500622,1.6885303275525716,0.6850254535675049
23,2,30,0.16228437930711215,1.5957963965199362,0.5980762243270874
23,2,31,-0.22410699999553582,1.649891189622307,0.7302587032318115
23,2,32,-0.1700122068931651,1.5417016034175655,0.6602808237075806
24,1,0,0.22100576465395552,-1.3299811194354108,0.998135268688202
24,1,1,0.18943351256053328,-1.3931256236222553,0.9984583854675292
24,1,2,0.18943351256053328,-1.3931256236222553,0.998183012008667
24,1,3,0.19732657558388886,-1.3931256236222553,0.9985565543174744
24,1,4,0.1736473865138222,-1.3931256236222553,0.9980267882347108
24,1,5,0.1736473865138222,-1.3931256236222553,0.9976532459259032
24,1,6,0.1736473865138222,-1.3852325605988998,0.9983482360839844
24,1,7,0.14207513442039996,-1.3536603085054775,0.9976484775543212
24,1,8,0.1183959453503333,-1.345767245482122,0.9974223971366882
24,1,9,0.21311270163059995,-1.2589435522252108,0.9967397451400756
24,1,10,0.2052196386072444,-1.2589435522252108,0.9964443445205688
24,1,11,0.03946531511677777,-0.990579409431122,0.9989498853683472
24,1,12,0.07103756721019998,-1.0063655354778331,0.997410774230957
24,1,13,0.1026098193036222,-0.4933164389597221,0.5430652499198914
24,1,14,0.14996819744375553,-0.4617441868662999,0.5487378239631653
24,1,15,0.3236155839575777,-0.6511776994268332,0.6601141095161438
24,1,16,0.4893699074480443,-0.7143222036136776,0.5633966326713562
24,1,17,0.44990459233126656,-0.7537875187304554,0.6577051281929016
24,1,18,0.5998727897750221,-0.8169320229172998,0.561427652835846
24,1,19,0.4814768444246888,-0.8248250859406554,0.6552136540412903
24,1,20,0.5604074746582444,-0.8563973380340776,0.5611997246742249
24,1,21,0.4183323402378444,-0.8011458968705887,0.6371012330055237
24,1,22,0.5288352225648221,-0.8248250859406554,0.5538328886032104
24,1,23,-0.04735837814013332,0.01183959453503333,0.9938933253288268
24,1,24,0.04735837814013332,-0.01183959453503333,0.9912785291671752
24,1,25,0.007893063023355554,0.8248250859406554,0.5634933114051819
24,1,26,0.1026098193036222,0.832718148964011,0.5964667797088623
24,1,27,-0.09471675628026664,1.590452199206144,0.6547886729240417
24,1,28,-0.0868236932569111,1.6535967033929886,0.6099245548248291
24,1,29,-0.1736473865138222,1.732527333626544,0.6704942584037781
24,1,30,-0.18943351256053328,1.7877787747900329,0.6172431707382202
24,1,31,0.19732657558388886,1.6930620185097662,0.7196440100669861
24,1,32,0.24468495372402216,1.7562065226966108,0.6800272464752197
24,2,0,-0.2917467472286751,-1.337172591464761,0.9979370832443236
24,2,1,-0.2512263656691369,-1.3857970493362068,0.9982523918151855
24,2,2,-0.24312228935722927,-1.3857970493362068,0.9979143142700196
24,2,3,-0.2350182130453216,-1.3857970493362068,0.9983451962471008
24,2,4,-0.2512263656691369,-1.3939011256481144,0.9978263974189758
24,2,5,-0.2512263656691369,-1.3939011256481144,0.9974100589752196
24,2,6,-0.2512263656691369,-1.3939011256481144,0.998177707195282
24,2,7,-0.22691413673341398,-1.337172591464761,0.9973354339599608
24,2,8,-0.21881006042150633,-1.3533807440885761,0.9970448613166808
24,2,9,-0.2836426709167675,-1.2561318283456844,0.9964465498924256
24,2,10,-0.2836426709167675,-1.2642359046575922,0.99606591463089
24,2,11,-0.21070598410959868,-0.9805932337408246,0.9989423155784608
24,2,12,-0.08914483943098406,-0.99680138636464,0.997194528579712
24,2,13,-0.24312228935722927,-0.4457241971549203,0.5823490619659424
24,2,14,-0.10535299205479934,-0.4457241971549203,0.4965319335460663
24,2,15,-0.5591812655216273,-0.4619323497787356,0.6715992093086243
24,2,16,-0.16208152623815283,-0.32416305247630567,0.5100162625312805
24,2,17,-0.656430181264519,-0.4457241971549203,0.6646318435668945
24,2,18,-0.2755385946048598,-0.3322671287882133,0.5092717409133911
24,2,19,-0.6645342575764266,-0.48624457871445853,0.6620750427246094
24,2,20,-0.2674345182929522,-0.3322671287882133,0.5091316103935242
24,2,21,-0.6240138760168884,-0.49434865502636616,0.6415318250656128
24,2,22,-0.2917467472286751,-0.38089158665965916,0.5030159950256348
24,2,23,-0.056728534183353496,0.016208152623815284,0.9937090873718262
24,2,24,0.056728534183353496,-0.016208152623815284,0.9906070828437804
24,2,25,0.016208152623815284,0.8266157838145795,0.5836728811264038
24,2,26,0.03241630524763057,0.769887249631226,0.5565762519836426
24,2,27,0.08104076311907642,1.6451274913172513,0.6714574098587036
24,2,28,0.10535299205479934,1.4911500413910062,0.5786631107330322
24,2,29,0.1701856025500605,1.7991049412434965,0.6834542155265808
24,2,30,0.17828967886196811,1.604607109757713,0.5970608592033386
24,2,31,-0.20260190779769105,1.7342723307482353,0.7281309366226196
24,2,32,-0.14587337361433755,1.5721908045100825,0.6550040245056152
25,1,0,0.18328304424756392,-1.3644404405096424,0.9979020357131958
25,1,1,0.1506993919368859,-1.421461832053329,0.9981632828712464
25,1,2,0.1506993919368859,-1.421461832053329,0.9978376626968384
25,1,3,0.15884530501455538,-1.421461832053329,0.9983115792274476
25,1,4,0.14255347885921638,-1.421461832053329,0.9977737665176392
25,1,5,0.14255347885921638,-1.421461832053329,0.9973490238189696
25,1,6,0.13440756578154686,-1.421461832053329,0.9981191158294678
25,1,7,0.11811573962620785,-1.3807322666649815,0.9970802068710328
25,1,8,0.06924026116019082,-1.3807322666649815,0.9970939755439758
25,1,9,0.1751371311698944,-1.2911272228106168,0.9963439106941224
25,1,10,0.15884530501455538,-1.2829813097329474,0.9960743188858032
25,1,11,0.0610943480825213,-0.9978743520145146,0.9989250898361206
25,1,12,0.06924026116019082,-0.9978743520145146,0.997440755367279
25,1,13,0.052948435004851795,-0.46839000196599667,0.5304023027420044
25,1,14,0.0610943480825213,-0.42766043657764913,0.5454540848731995
25,1,15,0.15884530501455538,-0.3543472188786236,0.6105314493179321
25,1,16,0.5172654804320137,-0.4928277411990052,0.5514020323753357
25,1,17,0.2891799142572675,-0.23215852271358095,0.6058896780014038
25,1,18,0.6638919158300648,-0.5254113935096832,0.5465428233146667
25,1,19,0.281034001179598,-0.3869308711893016,0.6036089062690735
25,1,20,0.6638919158300648,-0.5579950458203612,0.5455757975578308
25,1,21,0.297325827334937,-0.297325827334937,0.5853121876716614
25,1,22,0.6068705242863782,-0.5661409588980307,0.5355115532875061
25,1,23,-0.03665660884951278,-0.012218869616504261,0.9936097264289856
25,1,24,0.03665660884951278,0.012218869616504261,0.9905269145965576
25,1,25,0.052948435004851795,0.8023724381504465,0.5544424057006836
25,1,26,0.10996982654853835,0.8349560904611245,0.5883938670158386
25,1,27,-0.08553208731552982,1.6251096589950667,0.6504697799682617
25,1,28,-0.10182391347086883,1.6821310505387532,0.6041032671928406
25,1,29,-0.1751371311698944,1.7717360943931177,0.660767138004303
25,1,30,-0.22401260963591144,1.8206115728591348,0.6127883791923523
25,1,31,0.18328304424756392,1.7310065290047703,0.7124356627464294
25,1,32,0.20772078348057244,1.8124656597814652,0.6755275726318359
25,2,0,-0.34046607660755424,-1.3418368901591844,0.9979225397109984
25,2,1,-0.28438931104866294,-1.3899026892096626,0.9981696009635924
25,2,2,-0.2763783445402499,-1.3979136557180756,0.9978448152542114
25,2,3,-0.2603564115234238,-1.3979136557180756,0.9983100295066832
25,2,4,-0.292400277557076,-1.3979136557180756,0.997839629650116
25,2,5,-0.28438931104866294,-1.3979136557180756,0.997431218624115
25,2,6,-0.2763783445402499,-1.3979136557180756,0.998156189918518
25,2,7,-0.20427964596453255,-1.3498478566675973,0.9972038865089417
25,2,8,-0.24433447850659776,-1.3578588231760105,0.9971742033958436
25,2,9,-0.32444414359072815,-1.261727225075054,0.9965314269065856
25,2,10,-0.3324551100991412,-1.261727225075054,0.9962550401687622
25,2,11,-0.25234544501501077,-0.9813433972805975,0.9990016222000122
25,2,12,-0.13218094738881517,-0.9813433972805975,0.9975140690803528
25,2,13,-0.2603564115234238,-0.43659767470851074,0.5743798613548279
25,2,14,0.028038382779445644,-0.4526196077253368,0.4944288432598114
25,2,15,-0.5407402393178803,-0.2603564115234238,0.6365324854850769
25,2,16,0.020027416271032602,-0.22030157898135863,0.4985644519329071
25,2,17,-0.6128389378935977,-0.1962686794561195,0.6275074481964111
25,2,18,-0.012016449762619561,-0.1562138469140543,0.4947925508022308
25,2,19,-0.6368718374188368,-0.23632351199818472,0.6247565150260925
25,2,20,-0.06809321532151084,-0.17223577993088038,0.4939256012439728
25,2,21,-0.6048279713851846,-0.24433447850659776,0.6021909713745117
25,2,22,-0.05207128230468477,-0.1962686794561195,0.4852054417133331
25,2,23,-0.07610418182992389,0.00400548325420652,0.9936305284500122
25,2,24,0.07610418182992389,-0.00400548325420652,0.99005389213562
25,2,25,-0.044060315796271725,0.7730582680618584,0.5775229930877686
25,2,26,0.028038382779445644,0.7410144020282062,0.5463293790817261
25,2,27,0.07610418182992389,1.5421110528695103,0.6633186340332031
25,2,28,0.1161590143719891,1.3899026892096626,0.570041298866272
25,2,29,0.16422481342246734,1.7023303830377712,0.674328625202179
25,2,30,0.18825771294770646,1.5581329858863364,0.59480220079422
25,2,31,-0.16422481342246734,1.630231684462054,0.7153366208076477
25,2,32,-0.10013708135516301,1.5260891198526843,0.6447670459747314
26,1,0,0.14510350013065337,-1.370421945678393,0.9979647994041444
26,1,1,0.08061305562814076,-1.4268510846180915,0.9981451630592346
26,1,2,0.07255175006532669,-1.4268510846180915,0.9978406429290771
26,1,3,0.08867436119095484,-1.4268510846180915,0.9983276724815368
26,1,4,0.06449044450251261,-1.4268510846180915,0.9978539943695068
26,1,5,0.05642913893969854,-1.4268510846180915,0.9974545836448668
26,1,6,0.08061305562814076,-1.4268510846180915,0.9981585741043092
26,1,7,0.09673566675376892,-1.3865445568040211,0.9970966577529908
26,1,8,0.05642913893969854,-1.3865445568040211,0.9972612857818604
26,1,9,0.1370421945678393,-1.2978701956130663,0.9965391159057616
26,1,10,0.12091958344221114,-1.2898088900502522,0.9963477849960328
26,1,11,0.02418391668844223,-0.9996018897889455,0.9990023374557496
26,1,12,0.032245222251256304,-0.9996018897889455,0.9977373480796814
26,1,13,0.04836783337688446,-0.46755572264321643,0.5242388248443604
26,1,14,0.07255175006532669,-0.42724919482914603,0.5440385937690735
26,1,15,0.22571655575879415,-0.23377786132160822,0.5807855129241943
26,1,16,0.523984861582915,-0.35469744476381937,0.5439925193786621
26,1,17,0.29826830582412084,-0.17734872238190968,0.5746108889579773
26,1,18,0.6610270561507543,-0.36275875032663346,0.5376747250556946
26,1,19,0.3385748336381912,-0.22571655575879415,0.5721389651298523
26,1,20,0.6610270561507543,-0.30632961138693493,0.5362321734428406
26,1,21,0.30632961138693493,-0.24183916688442228,0.5519810318946838
26,1,22,0.6045979172110557,-0.29020700026130675,0.5244154334068298
26,1,23,-0.04030652781407038,-0.008061305562814076,0.9936436414718628
26,1,24,0.04030652781407038,0.008061305562814076,0.990163803100586
26,1,25,0.032245222251256304,0.7577627229045232,0.5489222407341003
26,1,26,0.12091958344221114,0.8061305562814076,0.5802226662635803
26,1,27,-0.08061305562814076,1.5235867513718604,0.643277108669281
26,1,28,-0.08867436119095484,1.6203224181256293,0.5969337224960327
26,1,29,-0.16122611125628153,1.70093547375377,0.6530152559280396
26,1,30,-0.2015326390703519,1.7654259182562828,0.6118954420089722
26,1,31,0.1692874168190956,1.6525676403768856,0.7008162140846252
26,1,32,0.209593944633166,1.7654259182562828,0.6664610505104065
26,2,0,-0.3465722903211297,-1.3384860867574664,0.9979849457740784
26,2,1,-0.29876921579407734,-1.394256340372361,0.9981562495231628
26,2,2,-0.29876921579407734,-1.394256340372361,0.9978544116020204
26,2,3,-0.2828348576183932,-1.394256340372361,0.9983279705047609
26,2,4,-0.3067363948819194,-1.394256340372361,0.9979133605957032
26,2,5,-0.3067363948819194,-1.394256340372361,0.9975276589393616
26,2,6,-0.2908020367062353,-1.394256340372361,0.9981924891471864
26,2,7,-0.22706460400349876,-1.3464532658453086,0.9972281455993652
26,2,8,-0.2748676785305511,-1.3544204449331505,0.9973276257514954
26,2,9,-0.33063793214544557,-1.2667814749668878,0.996714413166046
26,2,10,-0.3386051112332876,-1.2667814749668878,0.996500849723816
26,2,11,-0.25096614126702493,-0.9799630278045736,0.9990776181221008
26,2,12,-0.14739281312507815,-0.9799630278045736,0.9978086352348328
26,2,13,-0.26690049944270905,-0.4381948498313134,0.5688962340354919
26,2,14,-0.06772102224665752,-0.4620963870948396,0.493212342262268
26,2,15,-0.5377845884293392,-0.25494973081094596,0.6094374060630798
26,2,16,-0.04381948498313134,-0.20714665628389362,0.4917712211608886
26,2,17,-0.6174563793077598,-0.19917947719605156,0.5989530086517334
26,2,18,-0.08365538042234165,-0.13544204449331504,0.4866295754909515
26,2,19,-0.6333907374834439,-0.22308101445957773,0.5960285663604736
26,2,20,-0.12349127586155195,-0.15137640266899918,0.4853337109088897
26,2,21,-0.6094892002199177,-0.2469825517231039,0.5710496306419373
26,2,22,-0.10755691768586784,-0.1673107608446833,0.4750142395496368
26,2,23,-0.06772102224665752,0.0,0.9937320947647096
26,2,24,0.06772102224665752,0.0,0.9899198412895204
26,2,25,-0.03585230589528928,0.7568820133449958,0.5689947605133057
26,2,26,0.019917947719605155,0.7329804760814697,0.5381490588188171
26,2,27,0.08365538042234165,1.5057968476021497,0.6568564772605896
26,2,28,0.09958973859802578,1.3862891612845187,0.5634838938713074
26,2,29,0.16332717130076227,1.673107608446833,0.6664409637451172
26,2,30,0.17926152947644639,1.5217312057778338,0.5931937098503113
26,2,31,-0.17926152947644639,1.6014029966562544,0.7059856057167053
26,2,32,-0.12349127586155195,1.4659609521629393,0.6374194025993347
27,1,0,0.16124313943932495,-1.3705666852342622,0.9981327652931212
27,1,1,0.09674588366359498,-1.4350639410099921,0.998280107975006
27,1,2,0.09674588366359498,-1.4350639410099921,0.9979984164237976
27,1,3,0.08868372669162873,-1.4270017840380258,0.9984400868415833
27,1,4,0.09674588366359498,-1.4270017840380258,0.9980707764625548
27,1,5,0.08868372669162873,-1.4270017840380258,0.9977144002914428
27,1,6,0.08062156971966247,-1.4270017840380258,0.998324453830719
27,1,7,0.08868372669162873,-1.3866909991781946,0.9973639249801636
27,1,8,0.05643509880376373,-1.3866909991781946,0.9975367188453674
27,1,9,0.1531809824673587,-1.2980072724865659,0.9968393445014954
27,1,10,0.1370566685234262,-1.2899451155145996,0.9967004656791688
27,1,11,-0.03224862788786499,-0.9916453075518484,0.9989836812019348
27,1,12,0.08062156971966247,-1.007769621495781,0.9979985356330872
27,1,13,0.008062156971966248,-0.43535647648617737,0.516427755355835
27,1,14,0.07255941274769623,-0.45954294740207613,0.5423142313957214
27,1,15,0.2338025521870212,-0.19349176732718995,0.5521637201309204
27,1,16,0.4837294183179749,-0.2982998079627512,0.5321698188781738
27,1,17,0.25798902310291993,-0.1531809824673587,0.5438107848167419
27,1,18,0.6369104007853336,-0.25798902310291993,0.523668646812439
27,1,19,0.33861059282258243,-0.16124313943932495,0.5411535501480103
27,1,20,0.6691590286731985,-0.2902376509907849,0.5218073129653931
27,1,21,0.3144241219066837,-0.1854296103552237,0.5188419818878174
27,1,22,0.6207860868414011,-0.2982998079627512,0.5073508024215698
27,1,23,-0.08868372669162873,-0.008062156971966248,0.9937994480133056
27,1,24,0.08868372669162873,0.008062156971966248,0.9903351068496704
27,1,25,-0.008062156971966248,0.782029226280726,0.5379955768585205
27,1,26,0.20961608127112244,0.814277854168591,0.5729588270187378
27,1,27,-0.05643509880376373,1.5156855107296545,0.6290951371192932
27,1,28,-0.05643509880376373,1.564058452561452,0.5901759266853333
27,1,29,-0.1531809824673587,1.693052964112912,0.6399486064910889
27,1,30,-0.16930529641129122,1.693052964112912,0.6096550226211548
27,1,31,0.16930529641129122,1.628555708337182,0.6822968125343323
27,1,32,0.21767823824308868,1.660804336225047,0.6569789052009583
27,2,0,-0.33442285024572976,-1.3416257874563984,0.998012125492096
27,2,1,-0.27934143961702135,-1.3967071980851067,0.9981130361557008
27,2,2,-0.271472666670063,-1.3967071980851067,0.9978707432746888
27,2,3,-0.26360389372310467,-1.3888384251381485,0.9983314275741576
27,2,4,-0.2872102125639797,-1.3967071980851067,0.9978764057159424
27,2,5,-0.27934143961702135,-1.3967071980851067,0.9975107312202454
27,2,6,-0.27934143961702135,-1.3967071980851067,0.998096525669098
27,2,7,-0.1927849372004795,-1.3416257874563984,0.9973888993263244
27,2,8,-0.20852248309439622,-1.3494945604033566,0.9972748756408693
27,2,9,-0.3186853043518131,-1.2708068309337732,0.9969428181648254
27,2,10,-0.32655407729877145,-1.2708068309337732,0.9966793656349182
27,2,11,-0.2557351207761463,-0.9796622318963143,0.9990792870521544
27,2,12,-0.14557229951872944,-0.9796622318963143,0.9979479312896729
27,2,13,-0.23212880193527127,-0.4209793526622716,0.5638576745986938
27,2,14,-0.06688457004914596,-0.47606076329098007,0.4911170303821563
27,2,15,-0.44458567150314665,-0.12983475362481275,0.5944342017173767
27,2,16,-0.20065371014743788,-0.18491616425352117,0.4819189310073852
27,2,17,-0.5075358550788135,-0.03540947826131256,0.5847831964492798
27,2,18,-0.24786634782918796,-0.11409720773089604,0.4749315083026886
27,2,19,-0.5390109468666469,-0.04327825120827091,0.5820538401603699
27,2,20,-0.3029477584578964,-0.14557229951872944,0.4732970893383026
27,2,21,-0.5232734009727301,-0.06688457004914596,0.5589512586593628
27,2,22,-0.2557351207761463,-0.15344107246568778,0.4607115387916565
27,2,23,-0.07475334299610431,0.003934386473479174,0.9940685629844666
27,2,24,0.07475334299610431,-0.003934386473479174,0.9900860786437988
27,2,25,-0.15344107246568778,0.7042551787527721,0.5653687715530396
27,2,26,0.003934386473479174,0.6885176328588555,0.5349733233451843
27,2,27,0.05114702415522926,1.404575971032065,0.6473628282546997
27,2,28,0.07475334299610431,1.2550692850398566,0.5546043515205383
27,2,29,0.16130984541264612,1.5304763381833986,0.6556639671325684
27,2,30,0.1691786183596045,1.38096965219119,0.5890859365463257
27,2,31,-0.15344107246568778,1.4990012463955653,0.6919469833374023
27,2,32,-0.08262211594306265,1.3180194686155233,0.6278873682022095
28,1,0,0.1306122448979592,-1.3959183673469389,0.9981858134269714
28,1,1,0.08163265306122448,-1.453061224489796,0.9982672333717346
28,1,2,0.08163265306122448,-1.453061224489796,0.9980373978614808
28,1,3,0.08163265306122448,-1.453061224489796,0.998452603816986
28,1,4,0.05714285714285714,-1.453061224489796,0.998059093952179
28,1,5,0.0326530612244898,-1.4448979591836735,0.9977261424064636
28,1,6,0.0163265306122449,-1.4448979591836735,0.9982560276985168
28,1,7,0.04897959183673469,-1.4040816326530612,0.9975528120994568
28,1,8,0.024489795918367346,-1.3959183673469389,0.997517704963684
28,1,9,0.1306122448979592,-1.3224489795918368,0.9971507787704468
28,1,10,0.09795918367346938,-1.3142857142857143,0.9969462156295776
28,1,11,0.0,-0.9959183673469387,0.998985767364502
28,1,12,0.0,-1.0040816326530613,0.9981164336204528
28,1,13,0.04081632653061224,-0.4489795918367347,0.5124549865722656
28,1,14,-0.04897959183673469,-0.4489795918367347,0.534429669380188
28,1,15,0.3346938775510204,-0.12244897959183673,0.5434631705284119
28,1,16,0.07346938775510205,-0.04081632653061224,0.4989201426506042
28,1,17,0.42448979591836733,-0.0326530612244898,0.5365439653396606
28,1,18,0.12244897959183673,0.07346938775510205,0.4850877821445465
28,1,19,0.5061224489795918,-0.04081632653061224,0.534542977809906
28,1,20,0.0653061224489796,0.0653061224489796,0.4828068017959595
28,1,21,0.4326530612244898,-0.05714285714285714,0.5138059854507446
28,1,22,0.1306122448979592,0.0326530612244898,0.4672378897666931
28,1,23,0.0,0.0,0.9942142367362976
28,1,24,0.0,0.0,0.9905961155891418
28,1,25,0.09795918367346938,0.7346938775510204,0.5334327220916748
28,1,26,0.22857142857142856,0.726530612244898,0.5700225830078125
28,1,27,-0.00816326530612245,1.469387755102041,0.6268337368965149
28,1,28,-0.04897959183673469,1.4285714285714286,0.5839479565620422
28,1,29,-0.12244897959183673,1.616326530612245,0.6362676024436951
28,1,30,-0.17959183673469387,1.6,0.6038906574249268
28,1,31,0.17142857142857143,1.583673469387755,0.6730343699455261
28,1,32,0.17142857142857143,1.6,0.6488401293754578
28,2,0,-0.2934821582567339,-1.3841253139405423,0.9983155727386476
28,2,1,-0.23002655647149414,-1.431717015279472,0.9983727931976318
28,2,2,-0.2141626560251842,-1.423785065056317,0.99816632270813
28,2,3,-0.20623070580202923,-1.423785065056317,0.9985576272010804
28,2,4,-0.2379585066946491,-1.431717015279472,0.9981774687767028
28,2,5,-0.23002655647149414,-1.431717015279472,0.9978662133216858
28,2,6,-0.23002655647149414,-1.431717015279472,0.9983549118041992
28,2,7,-0.13484315379363448,-1.3682614134942324,0.9977557063102722
28,2,8,-0.15070705423994443,-1.3841253139405423,0.9976921081542968
28,2,9,-0.27761825781042393,-1.3048058117089927,0.997406542301178
28,2,10,-0.28555020803357894,-1.3127377619321476,0.9972059726715088
28,2,11,-0.13484315379363448,-0.9954597530059488,0.9990848898887634
28,2,12,-0.05552365156208479,-0.9954597530059488,0.9982110857963562
28,2,13,-0.07138755200839474,-0.4481551876082558,0.5608434081077576
28,2,14,-0.03172780089261988,-0.4481551876082558,0.4890584647655487
28,2,15,-0.28555020803357894,-0.011897925334732455,0.5883610844612122
28,2,16,-0.08725145245470467,-0.05155767645050731,0.4557164907455444
28,2,17,-0.3172780089261988,0.12294522845890203,0.5811005234718323
28,2,18,-0.10311535290101462,0.043625726227352335,0.4428844153881073
28,2,19,-0.3490058098188187,0.12294522845890203,0.5791235566139221
28,2,20,-0.13484315379363448,0.05155767645050731,0.4408119022846222
28,2,21,-0.3490058098188187,0.08328547734312719,0.5591933727264404
28,2,22,-0.11897925334732455,0.019829875557887424,0.4274205565452575
28,2,23,-0.03172780089261988,0.003965975111577485,0.9946049451828004
28,2,24,0.03172780089261988,-0.003965975111577485,0.9910029768943788
28,2,25,0.03965975111577485,0.6940456445260599,0.5713343024253845
28,2,26,0.1586390044630994,0.638521992963975,0.5400805473327637
28,2,27,0.08725145245470467,1.3365336126016125,0.6415011286735535
28,2,28,0.16657095468625438,1.2254863094774429,0.5532263517379761
28,2,29,0.1586390044630994,1.439648965502627,0.6569690108299255
28,2,30,0.2141626560251842,1.3603294632710774,0.5953014492988586
28,2,31,-0.08725145245470467,1.3920572641636972,0.6793888807296753
28,2,32,0.00793195022315497,1.2810099610395276,0.6237167716026306
29,1,0,0.1439815715381892,-1.4078198105956277,0.99843567609787
29,1,1,0.08798873816222673,-1.4558136677750242,0.9984578490257264
29,1,2,0.08798873816222673,-1.447814691578458,0.9982388615608216
29,1,3,0.08798873816222673,-1.447814691578458,0.9985783696174622
29,1,4,0.0479938571793964,-1.4558136677750242,0.9983119368553162
29,1,5,0.03199590478626427,-1.4558136677750242,0.9980295896530152
29,1,6,0.007998976196566067,-1.447814691578458,0.9984810948371888
29,1,7,0.039994880982830334,-1.3998208343990617,0.9977452754974364
29,1,8,-0.08798873816222673,-1.3918218582024957,0.9978923201560974
29,1,9,0.15997952393132134,-1.327830048629967,0.997466802597046
29,1,10,0.119984642948491,-1.327830048629967,0.997410774230957
29,1,11,0.039994880982830334,-1.0078710007673244,0.998655378818512
29,1,12,-0.007998976196566067,-0.9918730483741923,0.9983787536621094
29,1,13,-0.007998976196566067,-0.45594164320426583,0.507007896900177
29,1,14,-0.1679785001278874,-0.41594676222143545,0.5387799143791199
29,1,15,-0.0719907857690946,-0.0479938571793964,0.53429114818573
29,1,16,-0.039994880982830334,0.05599283337596247,0.5023279190063477
29,1,17,-0.0719907857690946,0.039994880982830334,0.5293605923652649
29,1,18,-0.015997952393132134,0.1679785001278874,0.4842595160007477
29,1,19,0.0,0.06399180957252854,0.5275221467018127
29,1,20,0.05599283337596247,0.15198054773475528,0.4819080829620361
29,1,21,-0.03199590478626427,0.03199590478626427,0.5097782015800476
29,1,22,0.039994880982830334,0.11198566675192494,0.4685715734958648
29,1,23,0.03199590478626427,-0.007998976196566067,0.994348406791687
29,1,24,-0.03199590478626427,0.007998976196566067,0.9915701746940612
29,1,25,0.0959877143587928,0.6959109291012479,0.5379694700241089
29,1,26,0.15198054773475528,0.6719140005115496,0.5659898519515991
29,1,27,-0.03199590478626427,1.327830048629967,0.60066157579422
29,1,28,-0.08798873816222673,1.3518269772196654,0.560480535030365
29,1,29,-0.13598259534162313,1.4558136677750242,0.6174732446670532
29,1,30,-0.19997440491415167,1.4078198105956277,0.5874913334846497
29,1,31,0.015997952393132134,1.439815715381892,0.6410666108131409
29,1,32,0.06399180957252854,1.4158187867921939,0.6253036260604858
29,2,0,-0.4105410661009181,-1.3671416084719894,0.9984720945358276
29,2,1,-0.34676769660951334,-1.414971635590543,0.9984474182128906
29,2,2,-0.3387960254230878,-1.4069999644041176,0.998244047164917
29,2,3,-0.32285268305023657,-1.4069999644041176,0.998592495918274
29,2,4,-0.36271103898236456,-1.414971635590543,0.9983269572257996
29,2,5,-0.35473936779593895,-1.414971635590543,0.9980514049530028
29,2,6,-0.35473936779593895,-1.414971635590543,0.9984830021858216
29,2,7,-0.25907931355883185,-1.359169937285564,0.9978427886962892
29,2,8,-0.29096599830453423,-1.3671416084719894,0.9979244470596312
29,2,9,-0.39459772372806695,-1.2874248966077335,0.9976171851158142
29,2,10,-0.4105410661009181,-1.2953965677941592,0.9975281953811646
29,2,11,-0.21124928644027827,-0.9924730627099866,0.9987818598747252
29,2,12,-0.1395042457624479,-0.9765297203371354,0.9984182715415956
29,2,13,-0.11558923220317112,-0.41851273728734373,0.555216372013092
29,2,14,-0.19530594406742707,-0.4105410661009181,0.488890677690506
29,2,15,-0.22719262881312946,0.04384419152534077,0.5780915021896362
29,2,16,-0.06775920508461755,-0.03587252033891518,0.4556396305561065
29,2,17,-0.24313597118598063,0.18733427288100146,0.5710403323173523
29,2,18,-0.08370254745746875,0.12356090338959672,0.4396051168441772
29,2,19,-0.2670509847452574,0.19530594406742707,0.5687841773033142
29,2,20,-0.09964588983031994,0.13153257457602233,0.4374408721923828
29,2,21,-0.2670509847452574,0.1474759169488735,0.5506545901298523
29,2,22,-0.09167421864389434,0.09167421864389434,0.4260212481021881
29,2,23,-0.051815862711766365,0.011957506779638392,0.9945750832557678
29,2,24,0.051815862711766365,-0.011957506779638392,0.991652011871338
29,2,25,-0.05978753389819196,0.6975212288122395,0.5732914209365845
29,2,26,0.06775920508461755,0.6178045169479836,0.5219808220863342
29,2,27,-0.05978753389819196,1.2953965677941592,0.6049607992172241
29,2,28,0.051815862711766365,1.2635098830484568,0.5217414498329163
29,2,29,0.05978753389819196,1.4707733338955222,0.6353036761283875
29,2,30,0.11558923220317112,1.3671416084719894,0.5738581418991089
29,2,31,-0.18733427288100146,1.3830849508448406,0.6358305215835571
29,2,32,-0.10761756101674552,1.319311581353436,0.588914155960083
30,1,0,0.12086952033243599,-1.4020864358562575,0.9985111951828004
30,1,1,0.048347808132974394,-1.4504342439892317,0.9984471201896667
30,1,2,0.04028984011081199,-1.4504342439892317,0.998224675655365
30,1,3,0.04028984011081199,-1.4504342439892317,0.998525083065033
30,1,4,0.024173904066487197,-1.4504342439892317,0.9983933568000792
30,1,5,0.008057968022162399,-1.4504342439892317,0.9981443881988524
30,1,6,-0.008057968022162399,-1.4504342439892317,0.998546540737152
30,1,7,-0.008057968022162399,-1.394028467834095,0.9977737665176392
30,1,8,-0.09669561626594879,-1.394028467834095,0.9980708360671996
30,1,9,0.1369854563767608,-1.3215067556346334,0.9975612759590148
30,1,10,0.11281155231027358,-1.3295647236567958,0.9976399540901184
30,1,11,-0.016115936044324798,-0.9991880347481374,0.9983921051025392
30,1,12,-0.06446374417729919,-0.9991880347481374,0.9985662698745728
30,1,13,-0.0886376482437864,-0.42707230517460715,0.5028191208839417
30,1,14,-0.29814481682000876,-0.46736214528541914,0.5388975143432617
30,1,15,-0.0886376482437864,0.0,0.5281438231468201
30,1,16,-0.29008684879784635,0.0,0.5067275762557983
30,1,17,-0.0886376482437864,0.12892748835459839,0.5239214897155762
30,1,18,-0.30620278484217117,0.12892748835459839,0.4893057346343994
30,1,19,-0.08057968022162398,0.12892748835459839,0.521852433681488
30,1,20,-0.2659129447313592,0.1369854563767608,0.4870006740093231
30,1,21,-0.0886376482437864,0.0886376482437864,0.5055954456329346
30,1,22,-0.24979700868703436,0.0886376482437864,0.4745140075683594
30,1,23,0.016115936044324798,0.008057968022162399,0.9944360256195068
30,1,24,-0.016115936044324798,-0.008057968022162399,0.9921531081199646
30,1,25,0.15310139242108559,0.6929852499059663,0.5442864298820496
30,1,26,0.14504342439892318,0.6768693138616415,0.556515634059906
30,1,27,-0.08057968022162398,1.3376226916789582,0.5752905607223511
30,1,28,-0.11281155231027358,1.394028467834095,0.5448882579803467
30,1,29,-0.18533326450973517,1.4987820521222062,0.6058723330497742
30,1,30,-0.22562310462054716,1.4826661160778813,0.579472005367279
30,1,31,0.05640577615513679,1.4182023719005823,0.6125876307487488
30,1,32,-0.024173904066487197,1.4907240841000438,0.6056250929832458
30,2,0,-0.39214717812431427,-1.3847697227514848,0.998483419418335
30,2,1,-0.32678931510359527,-1.4337881200170242,0.998399555683136
30,2,2,-0.31861958222600534,-1.4337881200170242,0.998226523399353
30,2,3,-0.3022801164708256,-1.4337881200170242,0.9985253810882568
30,2,4,-0.343128780858775,-1.4337881200170242,0.9983351230621338
30,2,5,-0.33495904798118514,-1.4337881200170242,0.9981184601783752
30,2,6,-0.33495904798118514,-1.4337881200170242,0.9985063076019288
30,2,7,-0.23692225345010656,-1.376599989873895,0.9978654384613036
30,2,8,-0.2696011849604661,-1.3847697227514848,0.9979977011680604
30,2,9,-0.36763797949154464,-1.303072393975586,0.997649073600769
30,2,10,-0.3839774452467244,-1.303072393975586,0.997633159160614
30,2,11,-0.18790385618456726,-0.9844528117495807,0.99854838848114
30,2,12,-0.16339465755179763,-0.9844528117495807,0.9985204935073853
30,2,13,-0.057188130143129165,-0.42891097607346873,0.5513851046562195
30,2,14,-0.10620652740866846,-0.4534201747062384,0.4878539443016052
30,2,15,-0.1307157260414381,0.044933530826744346,0.5716727375984192
30,2,16,-0.343128780858775,-0.028594065071564582,0.4587482213973999
30,2,17,-0.13888545891902798,0.18381898974577232,0.5650045871734619
30,2,18,-0.36763797949154464,0.08578219521469375,0.443621426820755
30,2,19,-0.12254599316384822,0.2001584555009521,0.5624703764915466
30,2,20,-0.16339465755179763,0.09395192809228363,0.4415465593338012
30,2,21,-0.1307157260414381,0.1511400582354128,0.5445971488952637
30,2,22,-0.16339465755179763,0.05310326370433423,0.4306558668613434
30,2,23,0.016339465755179763,0.01225459931638482,0.9945767521858216
30,2,24,-0.016339465755179763,-0.01225459931638482,0.9918269515037536
30,2,25,0.04084866438794941,0.7230213596667044,0.5603806972503662
30,2,26,0.057188130143129165,0.6331542980132158,0.5074593424797058
30,2,27,0.016339465755179763,1.376599989873895,0.5840336680412292
30,2,28,0.07352759589830893,1.303072393975586,0.4988851845264435
30,2,29,0.1307157260414381,1.4991459830377432,0.6161775588989258
30,2,30,0.15522492467420773,1.4174486542618443,0.5435726642608643
30,2,31,-0.15522492467420773,1.4828065172825635,0.6134163737297058
30,2,32,-0.15522492467420773,1.3929394556290746,0.5622019171714783
31,1,0,0.10100288751182286,-1.4059601941645743,0.998515784740448
31,1,1,0.0282808085033104,-1.4544415801702493,0.9984253644943236
31,1,2,0.0282808085033104,-1.4544415801702493,0.9982315301895142
31,1,3,0.020200577502364574,-1.4544415801702493,0.9984834790229796
31,1,4,0.012120346501418744,-1.4544415801702493,0.998414933681488
31,1,5,-0.004040115500472914,-1.4544415801702493,0.9982168674468994
31,1,6,-0.020200577502364574,-1.4544415801702493,0.9985752105712892
31,1,7,-0.020200577502364574,-1.3978799631636285,0.9978036284446716
31,1,8,-0.09292265651087704,-1.3978799631636285,0.9981541633605956
31,1,9,0.11716334951371453,-1.325157884155116,0.9976308941841124
31,1,10,0.09292265651087704,-1.325157884155116,0.9977504014968872
31,1,11,-0.03636103950425623,-1.001948644117283,0.99830162525177
31,1,12,-0.09292265651087704,-0.993868413116337,0.9986584782600404
31,1,13,-0.11716334951371453,-0.46057316705391227,0.4990723729133606
31,1,14,-0.29492843153452275,-0.5009743220586415,0.5378877520561218
31,1,15,-0.08484242550993121,-0.032320924003783315,0.5205502510070801
31,1,16,-0.3434098175401977,-0.048481386005674976,0.5091442465782166
31,1,17,-0.07676219450898537,0.0808023100094583,0.5165957808494568
31,1,18,-0.3595702795420894,0.06464184800756663,0.4927465915679931
31,1,19,-0.05252150150614789,0.0808023100094583,0.5143672823905945
31,1,20,-0.3030086625354686,0.06464184800756663,0.4905334711074829
31,1,21,-0.06868196350803955,0.048481386005674976,0.4984760284423828
31,1,22,-0.2787679695326311,0.024240693002837488,0.4784142673015594
31,1,23,0.03636103950425623,0.008080231000945829,0.9947019815444946
31,1,24,-0.03636103950425623,-0.008080231000945829,0.9924376606941224
31,1,25,0.19796565952317283,0.6787394040794497,0.545547366142273
31,1,26,0.1090831185127687,0.7676219450898538,0.5487769842147827
31,1,27,-0.06868196350803955,1.3413183461570077,0.5699074268341064
31,1,28,-0.1090831185127687,1.4059601941645743,0.5278682708740234
31,1,29,-0.18180519752128116,1.4786822731730869,0.6025334596633911
31,1,30,-0.23836681452790195,1.4948427351749785,0.5593574643135071
31,1,31,0.03636103950425623,1.430200887167412,0.6062284111976624
31,1,32,0.012120346501418744,1.5514043521815992,0.5866497755050659
31,2,0,-0.43274416001345456,-1.3806599390905454,0.9984681010246276
31,2,1,-0.35855944686829094,-1.4383591604256727,0.9983657598495485
31,2,2,-0.3503167009632727,-1.4301164145206546,0.9982088804244996
31,2,3,-0.3338312091532364,-1.4301164145206546,0.9984699487686156
31,2,4,-0.3750449386783273,-1.4383591604256727,0.9983510375022888
31,2,5,-0.3668021927733091,-1.4301164145206546,0.998172640800476
31,2,6,-0.3668021927733091,-1.4301164145206546,0.998525619506836
31,2,7,-0.26788924191309094,-1.3806599390905454,0.9978704452514648
31,2,8,-0.30086022553316366,-1.3806599390905454,0.998077630996704
31,2,9,-0.4080159222984,-1.3064752259453818,0.9976845979690552
31,2,10,-0.4245014141084364,-1.3064752259453818,0.9976949095726012
31,2,11,-0.22667551238800002,-0.9767653897446545,0.998465657234192
31,2,12,-0.20194727467294546,-0.9767653897446545,0.9986143112182616
31,2,13,-0.08654883200269091,-0.4409869059184727,0.5474797487258911
31,2,14,-0.08654883200269091,-0.4657151436335273,0.4868457913398742
31,2,15,-0.15249079924283637,0.028849610667563638,0.5625119805335999
31,2,16,-0.1772190369578909,-0.020606864762545456,0.4603879451751709
31,2,17,-0.14424805333781818,0.16073354514785454,0.5550254583358765
31,2,18,-0.15249079924283637,0.08654883200269091,0.4461954534053802
31,2,19,-0.14424805333781818,0.16897629105287273,0.5520440936088562
31,2,20,-0.21019002057796365,0.07830608609767273,0.444176435470581
31,2,21,-0.15249079924283637,0.12776256152778181,0.5338064432144165
31,2,22,-0.20194727467294546,0.03709235657258182,0.4335515201091766
31,2,23,0.004121372952509091,0.012364118857527273,0.9949058294296264
31,2,24,-0.004121372952509091,-0.012364118857527273,0.9922937750816344
31,2,25,-0.004121372952509091,0.7377257584991272,0.5477745532989502
31,2,26,0.028849610667563638,0.6965120289740364,0.4982030093669891
31,2,27,0.004121372952509091,1.4218736686156364,0.5665246248245239
31,2,28,0.053577848382618184,1.3229607177554181,0.4809106588363647
31,2,29,0.08654883200269091,1.5125438735708363,0.6108171939849854
31,2,30,0.11951981562276363,1.4301164145206546,0.5217421650886536
31,2,31,-0.16073354514785454,1.5125438735708363,0.597180962562561
31,2,32,-0.16073354514785454,1.4301164145206546,0.5401274561882019
32,1,0,0.12268732980126779,-1.4149938703746219,0.9978214502334596
32,1,1,0.08179155320084519,-1.464068802295129,0.99749755859375
32,1,2,0.07361239788076067,-1.464068802295129,0.9973206520080566
32,1,3,0.07361239788076067,-1.464068802295129,0.9974061250686646
32,1,4,0.05725408724059163,-1.464068802295129,0.9978436827659608
32,1,5,0.03271662128033808,-1.4558896469750444,0.9977391958236694
32,1,6,0.01635831064016904,-1.4558896469750444,0.9980741143226624
32,1,7,0.00817915532008452,-1.4149938703746219,0.9965773820877076
32,1,8,-0.05725408724059163,-1.3986355597344529,0.997882604598999
32,1,9,0.12268732980126779,-1.341381472493861,0.9962604641914368
32,1,10,0.09814986384101423,-1.3332023171737766,0.997192680835724
32,1,11,0.040895776600422595,-0.9814986384101423,0.9973292350769044
32,1,12,-0.17176226172177492,-1.0142152596904803,0.9987282156944276
32,1,13,-0.13904564044143683,-0.49074931920507114,0.4982058703899383
32,1,14,-0.425316076644395,-0.5152867851653247,0.5373039841651917
32,1,15,-0.16358310640169038,0.01635831064016904,0.5129976272583008
32,1,16,-0.45803269792473306,0.08179155320084519,0.5105369687080383
32,1,17,-0.16358310640169038,0.13904564044143683,0.5073163509368896
32,1,18,-0.5234659404854093,0.26173297024270464,0.4942162632942199
32,1,19,-0.13086648512135232,0.14722479576152134,0.5047469735145569
32,1,20,-0.48257016388498664,0.26991212556278915,0.4921731054782867
32,1,21,-0.13904564044143683,0.11450817448118326,0.4883913099765777
32,1,22,-0.43349523196447953,0.2126580383221975,0.4807505905628204
32,1,23,0.08179155320084519,0.00817915532008452,0.994192123413086
32,1,24,-0.08179155320084519,-0.00817915532008452,0.9926665425300598
32,1,25,0.2126580383221975,0.7851989107281139,0.5190623998641968
32,1,26,0.040895776600422595,0.8097363766883674,0.5324548482894897
32,1,27,-0.05725408724059163,1.3904564044143684,0.5444894433021545
32,1,28,-0.07361239788076067,1.5295020448558052,0.5170290470123291
32,1,29,-0.040895776600422595,1.5295020448558052,0.589909553527832
32,1,30,-0.13086648512135232,1.6358310640169038,0.5402747392654419
32,1,31,0.10632901916109876,1.5622186661361432,0.5822464227676392
32,1,32,0.13904564044143683,1.6276519086968193,0.5682820081710815
32,2,0,-0.5009151619358168,-1.5726406246822155,0.995806872844696
32,2,1,-0.40772164343612993,-1.6308865737445197,0.9961885809898376
32,2,2,-0.3844232638112082,-1.6192373839320588,0.99650776386261
32,2,3,-0.37277407399874735,-1.6192373839320588,0.9969767928123474
32,2,4,-0.4193708332485908,-1.6308865737445197,0.9943415522575378
32,2,5,-0.40772164343612993,-1.6308865737445197,0.9946090579032898
32,2,6,-0.39607245362366905,-1.6308865737445197,0.9954316020011902
32,2,7,-0.26793136568659964,-1.537693055244833,0.9965298771858216
32,2,8,-0.2912297453115214,-1.5493422450572938,0.9957390427589417
32,2,9,-0.4659675924984342,-1.4677979163700678,0.9951009154319764
32,2,10,-0.48926597212335593,-1.4794471061825285,0.9945411682128906
32,2,11,-0.08154432868722598,-0.966882754434251,0.9974347352981568
32,2,12,-0.19803622681183453,-1.0134795136840944,0.971546232700348
32,2,13,0.24463298606167797,-0.2795805554990605,0.5469540357589722
32,2,14,0.034947569437382565,-0.32617731474890393,0.4853246510028839
32,2,15,0.22133460643675626,0.45431840268597334,0.5596686005592346
32,2,16,0.011649189812460855,0.22133460643675626,0.4627847373485565
32,2,17,0.2912297453115214,0.6640038193102688,0.5527278184890747
32,2,18,0.06989513887476513,0.2912297453115214,0.4484595656394958
32,2,19,0.2096854166242954,0.6523546294978079,0.550383448600769
32,2,20,0.034947569437382565,0.30287893512398223,0.4466695189476013
32,2,21,0.17473784718691282,0.6057578702479645,0.5338798761367798
32,2,22,0.04659675924984342,0.26793136568659964,0.4367989003658294
32,2,23,0.08154432868722598,0.04659675924984342,0.9941561818122864
32,2,24,-0.08154432868722598,-0.04659675924984342,0.9911811947822572
32,2,25,0.1281410879370694,0.640705439685347,0.5284841060638428
32,2,26,0.17473784718691282,0.3611248841862865,0.4862229228019714
32,2,27,0.2562821758741388,0.5708103008105819,0.4976088106632232
32,2,28,0.2096854166242954,0.48926597212335593,0.4688638746738434
32,2,29,0.3378265045613648,0.803794097059799,0.5500727295875549
32,2,30,0.26793136568659964,0.6523546294978079,0.4972806274890899
32,2,31,0.37277407399874735,0.7571973378099556,0.5311089158058167
32,2,32,0.18638703699937367,0.7571973378099556,0.5171332359313965
33,1,0,-0.07408916149491487,-1.4771526573048652,0.9921665787696838
33,1,1,-0.0463057259343218,-1.5327195284260515,0.9917750954627992
33,1,2,-0.03704458074745744,-1.523458383239187,0.9925005435943604
33,1,3,-0.03704458074745744,-1.523458383239187,0.9924309849739076
33,1,4,-0.08335030668177923,-1.523458383239187,0.9904653429985046
33,1,5,-0.10187259705550795,-1.523458383239187,0.9911862015724182
33,1,6,-0.12039488742923667,-1.5141972380523228,0.9919479489326476
33,1,7,-0.055566871121186155,-1.4586303669311367,0.9909915328025818
33,1,8,-0.12965603261610104,-1.440108076557408,0.992689311504364
33,1,9,-0.07408916149491487,-1.3845412054362216,0.9894351959228516
33,1,10,-0.12965603261610104,-1.3845412054362216,0.9916502833366394
33,1,11,-0.0926114518686436,-0.9770508172141898,0.994914412498474
33,1,12,-0.17596175855042281,-1.0048342527747829,0.974286675453186
33,1,13,-0.3241400815402526,-0.46768783193665014,0.5004777908325195
33,1,14,-0.5556687112118616,-0.4769489771235145,0.5349333882331848
33,1,15,-0.3889680978483031,0.14354775039639756,0.5109099745750427
33,1,16,-0.6297578727067764,0.07871973408834705,0.5089544653892517
33,1,17,-0.4074903882220318,0.282464928199363,0.5058115720748901
33,1,18,-0.6390190178936408,0.23615920226504117,0.4910868108272552
33,1,19,-0.3889680978483031,0.3009872185730917,0.5039194226264954
33,1,20,-0.5741910015855902,0.23615920226504117,0.4893106818199157
33,1,21,-0.3889680978483031,0.26394263782563426,0.4889998435974121
33,1,22,-0.592713291959319,0.18985347633071936,0.4784094989299774
33,1,23,0.0463057259343218,-0.11576431483580449,0.9935001134872437
33,1,24,-0.0463057259343218,0.11576431483580449,0.9916948676109314
33,1,25,-0.00926114518686436,0.9955731075879186,0.5024967193603516
33,1,26,-0.07408916149491487,1.1159679950171553,0.5254096388816833
33,1,27,-0.1574394681766941,1.6808978514158812,0.489885151386261
33,1,28,-0.21300633929788026,1.8846430455268972,0.5065308809280396
33,1,29,-0.25931206523220207,1.8753819003400327,0.5465294122695923
33,1,30,-0.3148789363533882,2.0328213685167267,0.5256171226501465
33,1,31,0.14817832298982975,1.9124264810874902,0.5308996438980103
33,1,32,0.1389171778029654,2.06060480407732,0.5464243292808533
33,2,0,-0.34127973767254377,-1.4537630383973292,0.9928320050239564
33,2,1,-0.2703644675068204,-1.4980850822509064,0.9924809336662292
33,2,2,-0.261500058736105,-1.489220673480191,0.99315083026886
33,2,3,-0.25263564996538956,-1.489220673480191,0.993105411529541
33,2,4,-0.2792288762775358,-1.4980850822509064,0.9912531971931458
33,2,5,-0.2792288762775358,-1.489220673480191,0.9919063448905944
33,2,6,-0.2703644675068204,-1.489220673480191,0.9925999045372008
33,2,7,-0.16399156225823533,-1.427169812085183,0.9918393492698668
33,2,8,-0.19058478857038158,-1.427169812085183,0.9932310581207277
33,2,9,-0.3235509201311129,-1.365118950690175,0.990407645702362
33,2,10,-0.34127973767254377,-1.3562545419194596,0.992298185825348
33,2,11,-0.0753474745510811,-1.0016781910908428,0.995420515537262
33,2,12,-0.16399156225823533,-0.9839493735494119,0.9764928817749025
33,2,13,0.2349068324239587,-0.6027797964086488,0.5500597953796387
33,2,14,0.031025430697503978,-0.5141357087014945,0.4846008121967315
33,2,15,0.21717801488252786,-0.04432204385357711,0.5581174492835999
33,2,16,0.031025430697503978,-0.07977967893643881,0.4617226719856262
33,2,17,0.2437712411946741,0.1152373140193005,0.551104724407196
33,2,18,0.06648306578036567,0.053186452624292536,0.446431428194046
33,2,19,0.18172037979966615,0.14183054033144676,0.549101710319519
33,2,20,0.039889839468219404,0.07091527016572338,0.4448341429233551
33,2,21,0.1551271534875199,0.09750849647786965,0.5339696407318115
33,2,22,0.039889839468219404,0.017728817541430845,0.4351917803287506
33,2,23,0.039889839468219404,-0.017728817541430845,0.993813157081604
33,2,24,-0.039889839468219404,0.017728817541430845,0.991420030593872
33,2,25,0.013296613156073134,0.7800679718229572,0.4928373396396637
33,2,26,-0.031025430697503978,0.7180171104279492,0.4754195213317871
33,2,27,0.1551271534875199,1.444898629626614,0.473681628704071
33,2,28,0.06648306578036567,1.3562545419194596,0.459274560213089
33,2,29,0.1551271534875199,1.5512715348751989,0.55506432056427
33,2,30,0.08421188332179652,1.444898629626614,0.4837324917316437
33,2,31,-0.013296613156073134,1.595593578728776,0.5143540501594543
33,2,32,-0.14626274471680448,1.5424071261044836,0.5004794001579285
34,1,0,-0.13340372965596894,-1.316009765525099,0.9925187230110168
34,1,1,-0.21993587862200284,-1.3520648275942797,0.9918999671936036
34,1,2,-0.23435790344967516,-1.3520648275942797,0.9926496744155884
34,1,3,-0.2415689158635113,-1.3448538151804437,0.9924758672714232
34,1,4,-0.2632019531050198,-1.359275840008116,0.9909030199050904
34,1,5,-0.30646802758803676,-1.3520648275942797,0.9915672540664672
34,1,6,-0.3497341020710537,-1.3520648275942797,0.992101788520813
34,1,7,-0.35694511448488986,-1.2943767282835905,0.9908885955810548
34,1,8,-0.40742220138174295,-1.3015877406974266,0.9927617907524108
34,1,9,-0.1406147420698051,-1.2438996413867374,0.9891690611839294
34,1,10,-0.18388081655282204,-1.2438996413867374,0.9917156100273132
34,1,11,-0.364156126898726,-0.9338261075917825,0.9952388405799866
34,1,12,-0.2920460027603644,-0.9554591448332911,0.9787896871566772
34,1,13,-0.2632019531050198,-0.587697511727647,0.5253046154975891
34,1,14,-0.4218442262094153,-0.6237525737968277,0.5352069139480591
34,1,15,-0.2776239779326921,-0.14782575448364124,0.5423228144645691
34,1,16,-0.44347726345092375,-0.12619271724213277,0.5134925842285156
34,1,17,-0.27041296551885596,-0.03966056827609887,0.5331612229347229
34,1,18,-0.49395435034777685,-0.018027531034590396,0.4981555640697479
34,1,19,-0.37136713931256216,-0.018027531034590396,0.5315523743629456
34,1,20,-0.46511030069243225,0.0036055062069180795,0.4966745376586914
34,1,21,-0.2776239779326921,-0.06850461793144351,0.5154370069503784
34,1,22,-0.42905523862325146,-0.03244955586226272,0.4867818057537079
34,1,23,0.03966056827609887,-0.0036055062069180795,0.9936885833740234
34,1,24,-0.03966056827609887,0.0036055062069180795,0.9919599890708924
34,1,25,0.03244955586226272,0.6598076358660085,0.4781094789505005
34,1,26,0.11177069241446046,0.7102847227628616,0.5214149355888367
34,1,27,0.018027531034590396,1.3304317903527714,0.4708872735500335
34,1,28,-0.0036055062069180795,1.4097529269049691,0.50351881980896
34,1,29,-0.06129360551760735,1.4458079889741497,0.5518571734428406
34,1,30,-0.10455968000062431,1.5107071006986752,0.5162321925163269
34,1,31,0.227146891035839,1.5107071006986752,0.5186998844146729
34,1,32,0.21993587862200284,1.5756062124232006,0.538436233997345
34,2,0,-0.2755435749120129,-1.36984520099115,0.993175208568573
34,2,1,-0.21256218636069568,-1.4092085688357232,0.9926072359085084
34,2,2,-0.20468951279178102,-1.4092085688357232,0.9933043122291564
34,2,3,-0.18894416565395172,-1.4013358952668087,0.9931620359420776
34,2,4,-0.228307533498525,-1.417081242404638,0.991669237613678
34,2,5,-0.22043485992961034,-1.4092085688357232,0.9922675490379332
34,2,6,-0.22043485992961034,-1.4092085688357232,0.9927406907081604
34,2,7,-0.12596277710263448,-1.3540998538533207,0.9917658567428588
34,2,8,-0.1574534713782931,-1.3619725274222354,0.9933050274848938
34,2,9,-0.2597982277741836,-1.298991138870918,0.9901907444000244
34,2,10,-0.2676709013430983,-1.2911184653020034,0.9923703670501708
34,2,11,-0.039363367844573276,-1.0155748903899906,0.9957137703895568
34,2,12,-0.14170812424046378,-0.9762115225454172,0.980224907398224
34,2,13,0.2676709013430983,-0.7479039890468923,0.5725619792938232
34,2,14,-0.055108714982402586,-0.5904505176685991,0.4837536215782165
34,2,15,0.25192555420526896,-0.2597982277741836,0.5867713093757629
34,2,16,-0.09447208282697586,-0.25192555420526896,0.4650007784366607
34,2,17,0.28341624848092756,-0.11809010353371982,0.5765935778617859
34,2,18,-0.10234475639589051,-0.14958079780937844,0.4522853493690491
34,2,19,0.228307533498525,-0.10234475639589051,0.5748210549354553
34,2,20,-0.10234475639589051,-0.14170812424046378,0.4511399865150451
34,2,21,0.21256218636069568,-0.13383545067154914,0.5591575503349304
34,2,22,-0.09447208282697586,-0.18107149208503706,0.4425247609615326
34,2,23,0.039363367844573276,-0.007872673568914655,0.9941566586494446
34,2,24,-0.039363367844573276,0.007872673568914655,0.9917877912521362
34,2,25,-0.023618020706743965,0.7479039890468923,0.5090274214744568
34,2,26,-0.09447208282697586,0.7479039890468923,0.4760833084583282
34,2,27,0.0865994092580612,1.4485719366802965,0.4980206489562988
34,2,28,-0.039363367844573276,1.346227180284406,0.4636135995388031
34,2,29,0.25192555420526896,1.5666620402140163,0.5789223909378052
34,2,30,0.10234475639589051,1.4643172838181258,0.4887687563896179
34,2,31,-0.16532614494720776,1.6611341230409922,0.5396577715873718
34,2,32,-0.29128892204984225,1.527298672369443,0.5074556469917297
35,1,0,-0.007388932832074961,-1.3189245105253806,0.9933515787124634
35,1,1,-0.07388932832074961,-1.3632581075178303,0.9926980137825012
35,1,2,-0.07388932832074961,-1.3558691746857554,0.9934102296829224
35,1,3,-0.08127826115282458,-1.3558691746857554,0.9931701421737672
35,1,4,-0.11083399248112442,-1.3632581075178303,0.9918227195739746
35,1,5,-0.14777865664149922,-1.3632581075178303,0.9924339652061462
35,1,6,-0.18472332080187404,-1.3632581075178303,0.9928018450737
35,1,7,-0.17733438796979908,-1.3115355776933055,0.991630792617798
35,1,8,-0.37683557443582305,-1.3263134433574555,0.993429720401764
35,1,9,-0.007388932832074961,-1.252424115036706,0.9898501634597778
35,1,10,-0.04433359699244977,-1.252424115036706,0.9924038648605348
35,1,11,-0.1699454551377241,-0.9568668017537075,0.9958502054214478
35,1,12,-0.3029462461150734,-0.9864225330820073,0.9821640849113464
35,1,13,-0.16255652230564915,-0.653920555638634,0.5788169503211975
35,1,14,-0.40639130576412286,-0.6982541526310838,0.5349502563476562
35,1,15,-0.10344505964904946,-0.21797351854621136,0.5870081782341003
35,1,16,-0.4359470370924227,-0.2253624513782863,0.5176781415939331
35,1,17,-0.2290569177943238,-0.09975059323301198,0.5698548555374146
35,1,18,-0.48766956691694746,-0.10713952606508693,0.5053868293762207
35,1,19,-0.11083399248112442,-0.09975059323301198,0.5679293274879456
35,1,20,-0.4433359699244977,-0.0775837947367871,0.5043721795082092
35,1,21,-0.16255652230564915,-0.12191739172923687,0.5513677000999451
35,1,22,-0.40639130576412286,-0.1145284588971619,0.4960799515247345
35,1,23,0.022166798496224886,0.011083399248112443,0.9942557215690612
35,1,24,-0.022166798496224886,-0.011083399248112443,0.9923647046089172
35,1,25,-0.1551675894735742,0.7130320182952338,0.4870913922786712
35,1,26,-0.014777865664149922,0.7204209511273088,0.5210517644882202
35,1,27,0.007388932832074961,1.429758503006505,0.487135648727417
35,1,28,0.0,1.4667031671668798,0.5065001845359802
35,1,29,-0.029555731328299844,1.5405924954876293,0.5696722269058228
35,1,30,-0.05911146265659969,1.5701482268159292,0.5230157375335693
35,1,31,0.16255652230564915,1.636648622304604,0.5347837805747986
35,1,32,0.05911146265659969,1.6662043536329039,0.5441852807998657
35,2,0,-0.2908759005724776,-1.3308568601535276,0.9937240481376648
35,2,1,-0.24306068404001552,-1.3786720766859897,0.9930935502052308
35,2,2,-0.2271222785291948,-1.3786720766859897,0.9938044548034668
35,2,3,-0.21915307577378448,-1.3707028739305793,0.9936177730560304
35,2,4,-0.25102988679542587,-1.3866412794414,0.9922420382499696
35,2,5,-0.24306068404001552,-1.3866412794414,0.992811679840088
35,2,6,-0.23509148128460516,-1.3866412794414,0.9931132793426514
35,2,7,-0.13946104821968103,-1.3228876573981172,0.9923532009124756
35,2,8,-0.17930706199673274,-1.3467952656643483,0.9936817288398744
35,2,9,-0.2749374950616569,-1.2591340353548344,0.9906884431838988
35,2,10,-0.28290669781706723,-1.2591340353548344,0.9927088618278505
35,2,11,-0.06773822342098793,-1.0280271554479345,0.99626362323761
35,2,12,-0.10758423719803965,-0.9642735334046517,0.9831185340881348
35,2,13,0.3068143060832983,-0.8367662893180862,0.6207628846168518
35,2,14,0.09164583168721896,-0.7251974507423413,0.4833355247974396
35,2,15,0.3068143060832983,-0.3347065157272345,0.6272463202476501
35,2,16,0.12352264270886035,-0.34267571848264483,0.4687974154949188
35,2,17,0.34666031986035,-0.19923006888525863,0.6101073026657104
35,2,18,0.13149184546427067,-0.23907608266231034,0.4589718282222748
35,2,19,0.2908759005724776,-0.18329166337443792,0.6080092191696167
35,2,20,0.11555343995345,-0.2151684743960793,0.4581410586833954
35,2,21,0.2589990895508362,-0.2151684743960793,0.5920466184616089
35,2,22,0.11555343995345,-0.2470452854177207,0.4508357346057892
35,2,23,0.011953804133115517,0.007969202755410345,0.9946674108505248
35,2,24,-0.011953804133115517,-0.007969202755410345,0.9919615387916564
35,2,25,-0.027892209643936208,0.7730126672748034,0.5243154168128967
35,2,26,-0.10758423719803965,0.7331666534977517,0.4770502746105194
35,2,27,0.10758423719803965,1.4982101180171448,0.520075261592865
35,2,28,0.011953804133115517,1.362733671175169,0.467759221792221
35,2,29,0.2589990895508362,1.6097789565928895,0.5988498330116272
35,2,30,0.12352264270886035,1.482271712506324,0.4960828721523285
35,2,31,-0.12352264270886035,1.7532246061902759,0.5612473487854004
35,2,32,-0.2271222785291948,1.5779021455712483,0.5160201191902161
36,1,0,0.12092131254563401,-1.3044844626135064,0.9940842986106871
36,1,1,0.06229279737199327,-1.3484558489937368,0.9934650659561156
36,1,2,0.054964232975288185,-1.3484558489937368,0.9941142201423644
36,1,3,0.0476356685785831,-1.3411272845970317,0.9938982725143432
36,1,4,0.040307104181878,-1.355784413390442,0.9926899075508118
36,1,5,0.02564997538846782,-1.355784413390442,0.993225634098053
36,1,6,0.003664282198352546,-1.355784413390442,0.9934884905815125
36,1,7,-0.08427849056210855,-1.2971558982168012,0.9925411343574524
36,1,8,-0.10626418375222382,-1.3191415914069164,0.994068682193756
36,1,9,0.12092131254563401,-1.2385273830431605,0.990921914577484
36,1,10,0.09160705495881365,-1.2385273830431605,0.9930711388587952
36,1,11,-0.15756413452915946,-0.9746990647617771,0.996378481388092
36,1,12,-0.2894782936698511,-0.9746990647617771,0.9847793579101562
36,1,13,-0.06229279737199327,-0.7035421820836888,0.6136605143547058
36,1,14,-0.23084977849621038,-0.718199310877099,0.5344553589820862
36,1,15,-0.09893561935551873,-0.2638283182813833,0.6243516802787781
36,1,16,-0.23817834289291548,-0.24184262509126803,0.5208483934402466
36,1,17,-0.1282498769423391,-0.1685569811242171,0.6017186045646667
36,1,18,-0.2894782936698511,-0.12458559474398655,0.510914146900177
36,1,19,-0.09160705495881365,-0.1905426743143324,0.5995045900344849
36,1,20,-0.25283547168632564,-0.10259990155387128,0.5101279020309448
36,1,21,-0.08427849056210855,-0.19787123871103746,0.5825182199478149
36,1,22,-0.2235212140995053,-0.13191415914069166,0.5029013752937317
36,1,23,-0.010992846595057637,0.007328564396705092,0.9948714375495912
36,1,24,0.010992846595057637,-0.007328564396705092,0.9925978779792786
36,1,25,0.032978539785172914,0.7035421820836888,0.5060375928878784
36,1,26,-0.1942069565126849,0.7108707464803938,0.5237382650375366
36,1,27,0.09160705495881365,1.4070843641673776,0.5200762152671814
36,1,28,0.06962136176869836,1.436398621754198,0.5135645270347595
36,1,29,0.08427849056210855,1.524341394514659,0.5987417697906494
36,1,30,0.0476356685785831,1.5389985233080692,0.5313539505004883
36,1,31,0.09893561935551873,1.6269412960685303,0.5669028759002686
36,1,32,-0.24550690728962057,1.6342698604652355,0.5546927452087402
36,2,0,-0.28330414416639776,-1.312145509823316,0.994068443775177
36,2,1,-0.2311165386620613,-1.356877743112747,0.9934238195419312
36,2,2,-0.21620579423225092,-1.356877743112747,0.9941356778144836
36,2,3,-0.2087504220173457,-1.349422370897842,0.9940119981765748
36,2,4,-0.23857191087696653,-1.3643331153276523,0.9926397204399108
36,2,5,-0.2311165386620613,-1.3643331153276523,0.9931023716926576
36,2,6,-0.2236611664471561,-1.3643331153276523,0.9932969808578492
36,2,7,-0.14165207208319888,-1.312145509823316,0.9930484890937804
36,2,8,-0.1640181887279145,-1.3270562542531263,0.9938930869102478
36,2,9,-0.26093802752168216,-1.245047159889169,0.991445004940033
36,2,10,-0.27584877195149254,-1.245047159889169,0.9928489923477172
36,2,11,-0.07455372214905204,-1.0213859934420129,0.996735692024231
36,2,12,-0.11928595543848326,-0.9691983879376765,0.9852460622787476
36,2,13,0.27584877195149254,-0.842457060284288,0.6518828868865967
36,2,14,0.06709834993414683,-0.7231711048458047,0.4822291433811188
36,2,15,0.27584877195149254,-0.3802239829601654,0.659488320350647
36,2,16,0.05964297771924163,-0.3951347273899758,0.4709983766078949
36,2,17,0.31312563302601853,-0.26093802752168216,0.6363195776939392
36,2,18,0.052187605504336425,-0.29821488859620815,0.4635795056819916
36,2,19,0.26093802752168216,-0.26093802752168216,0.6337637305259705
36,2,20,0.044732233289431225,-0.28330414416639776,0.4630593955516815
36,2,21,0.23857191087696653,-0.29075951638130293,0.6168884038925171
36,2,22,0.052187605504336425,-0.32058100524092376,0.4568486511707306
36,2,23,0.014910744429810408,0.007455372214905204,0.9949619770050048
36,2,24,-0.014910744429810408,-0.007455372214905204,0.9916270971298218
36,2,25,0.0,0.7380818492756152,0.546416163444519
36,2,26,-0.05964297771924163,0.7082603604159944,0.4882819652557373
36,2,27,0.12674132765338847,1.3717884875425574,0.5554797649383545
36,2,28,0.06709834993414683,1.3046901376084106,0.4831545650959015
36,2,29,0.24602728309187172,1.4612529541214199,0.6288877129554749
36,2,30,0.1863843053726301,1.394154604187273,0.5148444175720215
36,2,31,-0.06709834993414683,1.5879942817748085,0.59482741355896
36,2,32,-0.15656281651300927,1.5283513040555667,0.5358321070671082
37,1,0,0.08889059000166315,-1.3294940417640053,0.9941903352737428
37,1,1,0.05797212391412814,-1.3913309739390753,0.9932469129562378
37,1,2,0.05797212391412814,-1.3913309739390753,0.9938507676124572
37,1,3,0.05024250739224439,-1.3836013574171917,0.9933796525001526
37,1,4,0.03478327434847689,-1.3836013574171917,0.9927262663841248
37,1,5,0.01932404130470938,-1.3836013574171917,0.9932209253311156
37,1,6,0.011594424782825628,-1.3836013574171917,0.9933475255966188
37,1,7,-0.03478327434847689,-1.3449532748077728,0.9912112951278688
37,1,8,-0.05024250739224439,-1.3526828913296567,0.9939748644828796
37,1,9,0.0966202065235469,-1.2676571095889353,0.9901947975158693
37,1,10,0.0657017404360119,-1.2599274930670517,0.9926674962043762
37,1,11,-0.12753867261108193,-0.9893909148011203,0.9958550930023192
37,1,12,-0.10434982304543065,-0.997120531323004,0.9866883754730223
37,1,13,-0.07343135695789564,-0.7111247200133052,0.6026292443275452
37,1,14,-0.31304946913629195,-0.7652320356664915,0.5334384441375732
37,1,15,-0.11980905608919816,-0.27053657826593136,0.6159895062446594
37,1,16,-0.21256445435180318,-0.2628069617440476,0.521982729434967
37,1,17,-0.12753867261108193,-0.13913309739390756,0.5945547223091125
37,1,18,-0.25894215348310573,-0.13913309739390756,0.5132586359977722
37,1,19,-0.12753867261108193,-0.12367386435014004,0.592764675617218
37,1,20,-0.25894215348310573,-0.11594424782825628,0.5128191113471985
37,1,21,-0.11980905608919816,-0.1623219469595588,0.5769821405410767
37,1,22,-0.22029407087368694,-0.15459233043767504,0.5066065788269043
37,1,23,-0.042512890870360635,0.023188849565651256,0.9941981434822084
37,1,24,0.042512890870360635,-0.023188849565651256,0.991992712020874
37,1,25,0.05024250739224439,0.7652320356664915,0.527330756187439
37,1,26,0.0657017404360119,0.7652320356664915,0.5336201786994934
37,1,27,-0.05024250739224439,1.4995456052454479,0.5612145066261292
37,1,28,-0.05797212391412814,1.5536529208986343,0.5270974040031433
37,1,29,0.003864808260941876,1.623219469595588,0.6293783187866211
37,1,30,-0.05797212391412814,1.654137935683123,0.5464186668395996
37,1,31,0.08889059000166315,1.7391637174238443,0.6040421724319458
37,1,32,0.17391637174238442,1.7700821835113794,0.5717167854309082
37,2,0,-0.30682886433089124,-1.3001873126021517,0.9943198561668396
37,2,1,-0.245463091464713,-1.36155308546833,0.993341326713562
37,2,2,-0.23012164824816844,-1.36155308546833,0.9939814209938048
37,2,3,-0.22245092663989616,-1.3538823638600577,0.9936168789863586
37,2,4,-0.25313381307298527,-1.36155308546833,0.99288010597229
37,2,5,-0.245463091464713,-1.36155308546833,0.9932793378829956
37,2,6,-0.245463091464713,-1.36155308546833,0.993338108062744
37,2,7,-0.1610851537737179,-1.3155287558186963,0.9918583035469056
37,2,8,-0.18409731859853476,-1.3231994774269686,0.9938868880271912
37,2,9,-0.2838166995060744,-1.2388215397359734,0.9908057451248168
37,2,10,-0.299158142722619,-1.231150818127701,0.992524027824402
37,2,11,-0.11506082412408422,-1.0317120563126219,0.9962640404701232
37,2,12,-0.11506082412408422,-0.9550048402298991,0.9868253469467164
37,2,13,0.2914874211143467,-0.8629561809306316,0.6421955227851868
37,2,14,0.15341443216544562,-0.763236800023092,0.4816610217094421
37,2,15,0.299158142722619,-0.38737144121775025,0.6532888412475586
37,2,16,0.11506082412408422,-0.3720299980012057,0.472516268491745
37,2,17,0.3835360804136141,-0.2569691738771214,0.6322035193443298
37,2,18,0.1304022673406288,-0.27998133870193825,0.4663292467594147
37,2,19,0.30682886433089124,-0.24162773066057686,0.6303167343139648
37,2,20,0.13807298894890108,-0.27998133870193825,0.4660823345184326
37,2,21,0.26847525628952984,-0.27998133870193825,0.6152529120445251
37,2,22,0.1304022673406288,-0.3106642251350274,0.4607157707214355
37,2,23,0.023012164824816845,0.003835360804136141,0.9943892955780028
37,2,24,-0.023012164824816845,-0.003835360804136141,0.9911081194877625
37,2,25,-0.023012164824816845,0.7709075216313643,0.5650484561920166
37,2,26,-0.0843779376909951,0.7325539135900029,0.495705634355545
37,2,27,0.1227315457323565,1.445931023159325,0.5927290320396423
37,2,28,0.07670721608272281,1.384565250293147,0.4959669411182403
37,2,29,0.23779236985644073,1.553321125675137,0.6599460244178772
37,2,30,0.18409731859853476,1.4919553528089589,0.529181957244873
37,2,31,-0.06136577286617825,1.7374184442736718,0.6307225227355957
37,2,32,-0.0843779376909951,1.6453697849744044,0.551058292388916
38,1,0,-0.04964834551518108,-1.3061333973993792,0.9947251677513124
38,1,1,-0.04964834551518108,-1.3672390534180636,0.9938215017318726
38,1,2,-0.04201013851284553,-1.359600846415728,0.9943841099739076
38,1,3,-0.03437193151050998,-1.359600846415728,0.9940415024757384
38,1,4,-0.08020117352452329,-1.359600846415728,0.9934471845626832
38,1,5,-0.08783938052685884,-1.359600846415728,0.9938158392906188
38,1,6,-0.10311579453152994,-1.359600846415728,0.9938891530036926
38,1,7,-0.05728655251751663,-1.3214098114040504,0.9923370480537416
38,1,8,-0.11839220853620104,-1.3214098114040504,0.994442105293274
38,1,9,-0.04201013851284553,-1.2373895343783592,0.9914156794548036
38,1,10,-0.07256296652218773,-1.2373895343783592,0.9931617379188538
38,1,11,-0.08020117352452329,-0.9929669103036216,0.9964051842689514
38,1,12,-0.1565832435478788,-0.9929669103036216,0.9881396889686584
38,1,13,-0.23296531357123432,-0.7256296652218773,0.5916076898574829
38,1,14,-0.4544733166389653,-0.7943735282428973,0.5333459377288818
38,1,15,-0.24060352057356987,-0.2826136590864154,0.5992713570594788
38,1,16,-0.3475384186062676,-0.2673372450817443,0.5246702432632446
38,1,17,-0.19477427855955656,-0.15276414004671102,0.5808310508728027
38,1,18,-0.339900211603932,-0.14512593304437546,0.5182557702064514
38,1,19,-0.17949786455488545,-0.13748772604203993,0.5792170166969299
38,1,20,-0.22532710656889876,-0.12984951903970438,0.5179929137229919
38,1,21,-0.187136071557221,-0.18331696805605324,0.5661084651947021
38,1,22,-0.22532710656889876,-0.16804055405138213,0.5126806497573853
38,1,23,0.02673372450817443,0.015276414004671102,0.9944205284118652
38,1,24,-0.02673372450817443,-0.015276414004671102,0.991827666759491
38,1,25,0.04964834551518108,0.7790971142382263,0.5443602800369263
38,1,26,0.0038191035011677756,0.7714589072358907,0.5402995944023132
38,1,27,-0.04964834551518108,1.481812158453097,0.5794389247894287
38,1,28,-0.08020117352452329,1.5200031934647746,0.5379635691642761
38,1,29,-0.10311579453152994,1.6040234704904657,0.6467175483703613
38,1,30,-0.13366862254087214,1.634576298499808,0.5622851848602295
38,1,31,0.10311579453152994,1.7491494035348412,0.6257949471473694
38,1,32,0.12603041553853658,1.7491494035348412,0.5874993801116943
38,2,0,-0.3320410144819634,-1.275932887110466,0.994745671749115
38,2,1,-0.2723482478335205,-1.335625653758909,0.9937665462493896
38,2,2,-0.2648866520024652,-1.335625653758909,0.9943830966949464
38,2,3,-0.24996346034035447,-1.335625653758909,0.9941811561584472
38,2,4,-0.2872714394956313,-1.335625653758909,0.9934879541397096
38,2,5,-0.2798098436645759,-1.335625653758909,0.9937460422515868
38,2,6,-0.2723482478335205,-1.335625653758909,0.9937724471092224
38,2,7,-0.18280909786085625,-1.290856078772577,0.9928789138793944
38,2,8,-0.21265548118507768,-1.2983176746036322,0.9941532015800476
38,2,9,-0.30965622698879736,-1.2162401204620232,0.9919122457504272
38,2,10,-0.32457941865090806,-1.2162401204620232,0.9929167628288268
38,2,11,-0.13803952287452412,-1.0147770330235286,0.996758222579956
38,2,12,-0.10819313955030269,-0.9700074580371965,0.9883180260658264
38,2,13,0.22011707701613303,-0.8282371372471447,0.6319418549537659
38,2,14,0.13057792704346877,-0.7536211789365911,0.4814416170120239
38,2,15,0.2574250561714098,-0.3432334082285464,0.6351085305213928
38,2,16,0.13803952287452412,-0.3432334082285464,0.4743313491344452
38,2,17,0.3171178228198527,-0.23877106659377142,0.6141010522842407
38,2,18,0.18280909786085625,-0.26115585408693753,0.4698557555675506
38,2,19,0.2648866520024652,-0.23130947076271607,0.6116875410079956
38,2,20,0.16788590619874555,-0.25369425825588215,0.4697069525718689
38,2,21,0.24250186450929911,-0.26115585408693753,0.5976701974868774
38,2,22,0.19773228952296698,-0.30592542907326964,0.4651036858558655
38,2,23,0.041038777070804465,0.007461595831055357,0.9947405457496644
38,2,24,-0.041038777070804465,-0.007461595831055357,0.991470217704773
38,2,25,0.0037307979155276785,0.7386979872744803,0.5851957201957703
38,2,26,-0.15296271453663482,0.6790052206260375,0.5187817811965942
38,2,27,0.10073154371924732,1.4102416120694625,0.6157132983207703
38,2,28,0.02611558540869375,1.2684712912794107,0.5199809074401855
38,2,29,0.13803952287452412,1.5221655495352928,0.6737798452377319
38,2,30,0.10819313955030269,1.380395228745241,0.5564586520195007
38,2,31,-0.13057792704346877,1.6788590619874555,0.6549186706542969
38,2,32,-0.15296271453663482,1.4923191662110715,0.5801400542259216
39,1,0,-0.217473312586648,-1.3010245542464383,0.9951752424240112
39,1,1,-0.12590560202384884,-1.3620696946216375,0.9942760467529296
39,1,2,-0.10301367438314907,-1.3620696946216375,0.9948362112045288
39,1,3,-0.08012174674244928,-1.3620696946216375,0.9946408271789552
39,1,4,-0.17168945730524843,-1.3620696946216375,0.9940491318702698
39,1,5,-0.17932009985214836,-1.3620696946216375,0.9942887425422668
39,1,6,-0.17932009985214836,-1.3620696946216375,0.9943187236785888
39,1,7,-0.05722981910174948,-1.3162858393402381,0.9934309720993042
39,1,8,-0.14879752966454865,-1.323916481887138,0.99470055103302
39,1,9,-0.17168945730524843,-1.2399794138712388,0.9924706220626832
39,1,10,-0.24036524022734782,-1.2399794138712388,0.9935296773910522
39,1,11,-0.07249110419554934,-0.995798852370441,0.9969120025634766
39,1,12,-0.11064431693004899,-0.995798852370441,0.9894823431968688
39,1,13,-0.15642817221144859,-0.7439876483227432,0.5827441215515137
39,1,14,-0.3700861635246466,-0.766879575963443,0.5331526398658752
39,1,15,-0.019076606367249827,-0.29377973805564733,0.5815955400466919
39,1,16,-0.10301367438314907,-0.2708878104149475,0.5260371565818787
39,1,17,-0.011445963820349896,-0.17168945730524843,0.5634773373603821
39,1,18,-0.17932009985214836,-0.16405881475834852,0.520891010761261
39,1,19,-0.011445963820349896,-0.15642817221144859,0.5613397359848022
39,1,20,-0.14116688711764871,-0.14879752966454865,0.5206979513168335
39,1,21,-0.019076606367249827,-0.19458138494594823,0.5491877794265747
39,1,22,-0.10301367438314907,-0.19458138494594823,0.5160605907440186
39,1,23,0.02670724891414976,0.011445963820349896,0.994713306427002
39,1,24,-0.02670724891414976,-0.011445963820349896,0.992162823677063
39,1,25,0.02670724891414976,0.7592489334165431,0.5613945126533508
39,1,26,-0.15642817221144859,0.7516182908696432,0.5622881054878235
39,1,27,0.011445963820349896,1.4841599753720365,0.5964797735214233
39,1,28,-0.02670724891414976,1.4536374051844367,0.5608678460121155
39,1,29,-0.05722981910174948,1.6062502561224354,0.6576434373855591
39,1,30,-0.0877523892893492,1.545205115747236,0.5896693468093872
39,1,31,0.04959917655484955,1.7359711794197341,0.6448989510536194
39,1,32,0.04959917655484955,1.6062502561224354,0.6143996119499207
39,2,0,-0.36397859003146565,-1.281507952402452,0.9954466223716736
39,2,1,-0.303315491692888,-1.3345881634487073,0.9945553541183472
39,2,2,-0.2957326044005658,-1.3345881634487073,0.9951353669166564
39,2,3,-0.2805668298159214,-1.3345881634487073,0.9949856400489808
39,2,4,-0.3184812662775324,-1.3421710507410296,0.99435156583786
39,2,5,-0.3108983789852102,-1.3421710507410296,0.9945712089538574
39,2,6,-0.303315491692888,-1.3421710507410296,0.9945499300956726
39,2,7,-0.2047379568926994,-1.2966737269870963,0.9939990043640136
39,2,8,-0.23506950606198823,-1.3042566142794185,0.9948121309280396
39,2,9,-0.33364704086217684,-1.213261966771552,0.9930676817893982
39,2,10,-0.35639570273914345,-1.213261966771552,0.99373596906662
39,2,11,-0.1213261966771552,-1.0161068971711749,0.9972182512283324
39,2,12,-0.16682352043108842,-0.9630266861249195,0.9894697666168212
39,2,13,0.23506950606198823,-0.7810373911091867,0.6243202090263367
39,2,14,0.0151657745846444,-0.7127914054782869,0.4814054369926452
39,2,15,0.2426523933543104,-0.2957326044005658,0.6226493716239929
39,2,16,0.037914436461611,-0.2881497171082436,0.4757272601127624
39,2,17,0.2729839425235992,-0.1592406331387662,0.6051029562950134
39,2,18,0.08341176021554421,-0.16682352043108842,0.4721457660198211
39,2,19,0.21990373147734382,-0.151657745846444,0.6029089689254761
39,2,20,0.0682459856308998,-0.151657745846444,0.472067654132843
39,2,21,0.2047379568926994,-0.1971550696003772,0.5909398794174194
39,2,22,0.075828872923222,-0.1971550696003772,0.468100756406784
39,2,23,0.0606630983385776,0.0,0.9949417114257812
39,2,24,-0.0606630983385776,0.0,0.9916113615036012
39,2,25,0.0,0.7127914054782869,0.6008712649345398
39,2,26,-0.18198929501573283,0.6748769690166758,0.53802090883255
39,2,27,0.0682459856308998,1.4331656982488958,0.6297599077224731
39,2,28,0.0151657745846444,1.3042566142794185,0.5403894782066345
39,2,29,0.10616042209251081,1.5620747822183734,0.6808063983917236
39,2,30,0.075828872923222,1.4255828109565738,0.5783941149711609
39,2,31,-0.1971550696003772,1.6834009788955284,0.6704761981964111
39,2,32,-0.189572182308055,1.5317432330490846,0.60162752866745
40,1,0,-0.17169945508996265,-1.285838141451498,0.9953314661979676
40,1,1,-0.1259129337326393,-1.3392557497017086,0.9944500923156738
40,1,2,-0.11065075994686482,-1.3468868365945958,0.995016872882843
40,1,3,-0.09538858616109036,-1.3468868365945958,0.9948421120643616
40,1,4,-0.17169945508996265,-1.3468868365945958,0.994452953338623
40,1,5,-0.1869616288757371,-1.3468868365945958,0.9946574568748474
40,1,6,-0.20222380266151158,-1.3468868365945958,0.9946617484092712
40,1,7,-0.08775749926820313,-1.316362489023047,0.9937554001808168
40,1,8,-0.1869616288757371,-1.3239935759159343,0.9950999021530152
40,1,9,-0.11065075994686482,-1.2247894463084001,0.9923557639122008
40,1,10,-0.15643728130418819,-1.2247894463084001,0.9937739968299866
40,1,11,-0.08775749926820313,-1.0034879264146706,0.9970723986625672
40,1,12,-0.16406836819707543,-0.980594665736009,0.99050372838974
40,1,13,-0.0038155434464436145,-0.7211377113778431,0.5716186761856079
40,1,14,-0.41589423566235395,-0.7058755375920687,0.5328454971313477
40,1,15,0.011446630339330844,-0.2937968453761583,0.5655733346939087
40,1,16,-0.17169945508996265,-0.24801032401883494,0.5245112776756287
40,1,17,0.019077717232218072,-0.16406836819707543,0.5505826473236084
40,1,18,-0.1259129337326393,-0.14880619441130097,0.5176264047622681
40,1,19,0.057233151696654216,-0.14117510751841372,0.5487303733825684
40,1,20,-0.08775749926820313,-0.1335440206255265,0.5174068212509155
40,1,21,0.04197097791087976,-0.17933054198284987,0.5383985638618469
40,1,22,-0.08775749926820313,-0.17169945508996265,0.512537956237793
40,1,23,0.07249532548242868,0.0038155434464436145,0.9941440224647522
40,1,24,-0.07249532548242868,-0.0038155434464436145,0.9920203685760498
40,1,25,0.049602064803766985,0.7287687982707304,0.571537971496582
40,1,26,-0.25564141091172216,0.7211377113778431,0.5729694366455078
40,1,27,-0.0267088041251053,1.4384598793092427,0.5984098315238953
40,1,28,-0.06486423858954145,1.3697800972732577,0.5724478960037231
40,1,29,-0.09538858616109036,1.5910816171669873,0.6541498303413391
40,1,30,-0.11828184683975204,1.4918774875594532,0.6041133999824524
40,1,31,0.03433989101799253,1.6826546598816339,0.6446556448936462
40,1,32,-0.019077717232218072,1.6597613992029723,0.6265648603439331
40,2,0,-0.3745601774531283,-1.3070589525708123,0.9957126379013062
40,2,1,-0.31213348121094026,-1.3616823117827268,0.994885265827179
40,2,2,-0.29652680715039326,-1.3616823117827268,0.9954248070716858
40,2,3,-0.28092013308984626,-1.3616823117827268,0.9952800273895264
40,2,4,-0.3199368182412138,-1.3616823117827268,0.9948810935020448
40,2,5,-0.3199368182412138,-1.3616823117827268,0.9950708150863647
40,2,6,-0.31213348121094026,-1.3694856488130005,0.9950557351112366
40,2,7,-0.20288676278711118,-1.3226656266313594,0.9943398237228394
40,2,8,-0.2497067849687522,-1.330468963661633,0.9954043030738832
40,2,9,-0.3433468293320343,-1.2368289192983508,0.9930568337440492
40,2,10,-0.3589535033925813,-1.2368289192983508,0.9942097067832948
40,2,11,-0.10144338139355559,-1.0183354824506927,0.9973640441894532
40,2,12,-0.21849343684765818,-0.9559087862085046,0.9910085201263428
40,2,13,0.25751012199902573,-0.7218086753002994,0.6143602728843689
40,2,14,-0.031213348121094026,-0.5813486087553762,0.4825320839881897
40,2,15,0.17167341466601715,-0.26141179051416247,0.608660876750946
40,2,16,0.0,-0.21459176833252144,0.4780444502830505
40,2,17,0.17947675169629065,-0.12875506099951287,0.5945384502410889
40,2,18,0.015606674060547013,-0.11314838693896585,0.4733332693576813
40,2,19,0.16387007763574363,-0.12095172396923935,0.5927589535713196
40,2,20,0.02341001109082052,-0.10534504990869234,0.4734382331371307
40,2,21,0.16387007763574363,-0.1599684091206069,0.5828294157981873
40,2,22,0.031213348121094026,-0.14436173506005986,0.4691708981990814
40,2,23,0.07023003327246156,-0.01170500554541026,0.994517982006073
40,2,24,-0.07023003327246156,0.01170500554541026,0.9920579195022584
40,2,25,0.054623359211914545,0.7452186863911199,0.6078963279724121
40,2,26,-0.17167341466601715,0.6905953271792054,0.5404961705207825
40,2,27,0.06242669624218805,1.4631256931762826,0.6265074610710144
40,2,28,0.007803337030273506,1.3382723006919064,0.5468042492866516
40,2,29,0.09364004436328208,1.611389096751479,0.6707064509391785
40,2,30,0.04682002218164104,1.4787323672368295,0.587472677230835
40,2,31,-0.17947675169629065,1.7050291411147611,0.6651921272277832
40,2,32,-0.2262967738779317,1.5645690745698382,0.6084666848182678
41,1,0,-0.25472185245145584,-1.2813281062709598,0.9954788684844972
41,1,1,-0.21612763238305346,-1.335360014366723,0.9946261644363404
41,1,2,-0.192971100342012,-1.335360014366723,0.9951475262641908
41,1,3,-0.16981456830097058,-1.3430788583804036,0.9949736595153807
41,1,4,-0.26244069646513635,-1.3430788583804036,0.9948367476463318
41,1,5,-0.2778783844924973,-1.3430788583804036,0.9950248599052428
41,1,6,-0.29331607251985825,-1.350797702394084,0.9950446486473083
41,1,7,-0.13893919224624865,-1.3122034823256816,0.9937708377838136
41,1,8,-0.2778783844924973,-1.3199223263393622,0.995591402053833
41,1,9,-0.208408788369373,-1.219577354161516,0.9920874834060668
41,1,10,-0.2392841644240949,-1.2272961981751964,0.994083821773529
41,1,11,-0.10806381619152673,-1.0034497217784624,0.9971626400947572
41,1,12,-0.20068994435569248,-0.9725743457237406,0.991888165473938
41,1,13,0.02315653204104144,-0.594350989053397,0.561627984046936
41,1,14,-0.385942200684024,-0.6020698330670775,0.5338840484619141
41,1,15,0.03087537605472192,-0.25472185245145584,0.5529739856719971
41,1,16,-0.1543768802736096,-0.208408788369373,0.5272768139839172
41,1,17,0.0385942200684024,-0.13893919224624865,0.5411728620529175
41,1,18,-0.12350150421888768,-0.11578266020520721,0.5200275182723999
41,1,19,0.09262612816416577,-0.13122034823256817,0.5396542549133301
41,1,20,-0.08490728415048529,-0.10034497217784624,0.5199682116508484
41,1,21,0.0771884401368048,-0.1620957242872901,0.5311086177825928
41,1,22,-0.08490728415048529,-0.13893919224624865,0.5148078203201294
41,1,23,0.06946959612312432,0.0,0.9939038157463074
41,1,24,-0.06946959612312432,0.0,0.9924079775810242
41,1,25,0.08490728415048529,0.7487278693270066,0.5740140080451965
41,1,26,-0.10034497217784624,0.6946959612312432,0.5736801624298096
41,1,27,-0.01543768802736096,1.4665803625992913,0.5928758382797241
41,1,28,-0.054031908095763366,1.335360014366723,0.5763273239135742
41,1,29,-0.06946959612312432,1.6132383988592205,0.6424245834350586
41,1,30,-0.10806381619152673,1.4665803625992913,0.6108899116516113
41,1,31,-0.06946959612312432,1.7058645270233863,0.6365137696266174
41,1,32,-0.10806381619152673,1.6132383988592205,0.6314851641654968
41,2,0,-0.39249429091560173,-1.3057235816598236,0.9958617091178894
41,2,1,-0.3380891416797758,-1.3601287308956496,0.9950714111328124
41,2,2,-0.3225448133266826,-1.3601287308956496,0.9955646395683287
41,2,3,-0.3070004849735895,-1.3601287308956496,0.995414972305298
41,2,4,-0.3458613058563223,-1.3601287308956496,0.9952557682991028
41,2,5,-0.3458613058563223,-1.3679008950721963,0.99543297290802
41,2,6,-0.3380891416797758,-1.3679008950721963,0.9954345226287842
41,2,7,-0.22927884320812378,-1.3212679100129168,0.9943634867668152
41,2,8,-0.26813966409085666,-1.3290400741894632,0.9959080815315248
41,2,9,-0.36917779838596204,-1.2357741040709045,0.9928272366523744
41,2,10,-0.38472212673905515,-1.2357741040709045,0.9945285320281982
41,2,11,-0.1282407089130184,-1.010381342951054,0.9974452257156372
41,2,12,-0.23705100738467036,-0.955976193715228,0.9922726154327391
41,2,13,0.23705100738467036,-0.6917226117126446,0.6053608059883118
41,2,14,-0.03497473879445956,-0.5751401490644461,0.4839983284473419
41,2,15,0.15932936561920466,-0.26425358200258336,0.5973013043403625
41,2,16,-0.011658246264819854,-0.22539276111985052,0.4817426204681396
41,2,17,0.15932936561920466,-0.1243546268247451,0.5860176682472229
41,2,18,-0.0038860820882732844,-0.1243546268247451,0.4768015742301941
41,2,19,0.19041802232539096,-0.1243546268247451,0.5845364928245544
41,2,20,0.0038860820882732844,-0.11658246264819853,0.4771654009819031
41,2,21,0.15932936561920466,-0.16321544770747795,0.5761929154396057
41,2,22,0.011658246264819854,-0.15544328353093137,0.472546637058258
41,2,23,0.07383555967719241,-0.007772164176546569,0.9942618608474731
41,2,24,-0.07383555967719241,0.007772164176546569,0.9922776222229004
41,2,25,0.05829123132409927,0.7383555967719241,0.6109014749526978
41,2,26,-0.18264585814884438,0.6839504475360981,0.5425385236740112
41,2,27,0.04274690297100613,1.461166865190755,0.6229426860809326
41,2,28,-0.011658246264819854,1.3290400741894632,0.5525524020195007
41,2,29,0.08937988803028554,1.6088379845451397,0.662437379360199
41,2,30,0.027202574617912992,1.4689390293673015,0.5966689586639404
41,2,31,-0.21373451485503064,1.7021039546636987,0.6592997908592224
41,2,32,-0.2525953357377635,1.5466606711327673,0.6155508756637573
42,1,0,-0.19885950340268937,-1.2984355810410895,0.9958391785621644
42,1,1,-0.15986744391196597,-1.3608228762262469,0.9950888752937316
42,1,2,-0.1442706201156766,-1.3608228762262469,0.9955289959907532
42,1,3,-0.13647220821753192,-1.3608228762262469,0.9953987002372742
42,1,4,-0.1910610915045447,-1.3608228762262469,0.9953651428222656
42,1,5,-0.19885950340268937,-1.3686212881243915,0.9955102205276488
42,1,6,-0.20665791530083405,-1.3686212881243915,0.995570719242096
42,1,7,-0.12867379631938725,-1.3296292286336682,0.9942018985748292
42,1,8,-0.20665791530083405,-1.3374276405318128,0.9961482286453248
42,1,9,-0.16766585581011065,-1.2438466977540767,0.992480993270874
42,1,10,-0.20665791530083405,-1.2438466977540767,0.9946489334106444
42,1,11,-0.1052785606249532,-1.0020959289115916,0.9974513053894044
42,1,12,-0.22225473909712343,-0.9709022813190128,0.9930309653282166
42,1,13,-0.22225473909712343,-0.6433689815969362,0.5538673996925354
42,1,14,-0.4250134484488851,-0.6121753340043575,0.5350446701049805
42,1,15,0.019496029745361704,-0.25344838668970215,0.542633593082428
42,1,16,-0.12867379631938725,-0.21445632719897875,0.5292149782180786
42,1,17,0.05068967733794043,-0.12867379631938725,0.5334751009941101
42,1,18,-0.05068967733794043,-0.1052785606249532,0.5210007429122925
42,1,19,0.09748014872680852,-0.12867379631938725,0.5321223735809326
42,1,20,-0.011697617847217023,-0.11307697252309788,0.520971417427063
42,1,21,0.06628650113422979,-0.15986744391196597,0.5249418616294861
42,1,22,-0.035092853541651065,-0.1520690320138213,0.5152146816253662
42,1,23,0.05068967733794043,-0.003899205949072341,0.99388587474823
42,1,24,-0.05068967733794043,0.003899205949072341,0.992627501487732
42,1,25,0.042891265439795746,0.7447483362728171,0.5765938758850098
42,1,26,-0.18326267960640003,0.6823610410876596,0.5745680928230286
42,1,27,-0.08188332493051916,1.4777990546984172,0.5875483155250549
42,1,28,-0.1052785606249532,1.4622022309021279,0.5786072611808777
42,1,29,-0.1442706201156766,1.625968880763166,0.6315122246742249
42,1,30,-0.17546426770825532,1.5869768212724427,0.6174752116203308
42,1,31,-0.16766585581011065,1.696154587846468,0.6292168498039246
42,1,32,-0.042891265439795746,1.672759352152034,0.6371399164199829
42,2,0,-0.3897365962935833,-1.3384893206042257,0.9962169528007508
42,2,1,-0.32674886355926686,-1.3936035867467524,0.9955414533615112
42,2,2,-0.3110019303756877,-1.385730120154963,0.995947003364563
42,2,3,-0.3031284637838981,-1.385730120154963,0.9958338737487792
42,2,4,-0.34249579674284597,-1.3936035867467524,0.9957777857780457
42,2,5,-0.3346223301510564,-1.3936035867467524,0.9959127306938172
42,2,6,-0.3346223301510564,-1.3936035867467524,0.9959614276885986
42,2,7,-0.22439379786600253,-1.346362787196015,0.9947673678398132
42,2,8,-0.2558876642331608,-1.3542362537878048,0.9964632391929626
42,2,9,-0.3739896631100042,-1.2676281212781195,0.9932106733322144
42,2,10,-0.3897365962935833,-1.2676281212781195,0.9951159358024596
42,2,11,-0.12203873217273821,-1.007803723749064,0.9977057576179504
42,2,12,-0.23226726445779208,-0.9605629241983266,0.993462085723877
42,2,13,0.15353259853989645,-0.6377507939349545,0.5984014868736267
42,2,14,-0.02755713307126347,-0.5590161280170589,0.485316663980484
42,2,15,0.02755713307126347,-0.23620399775368686,0.5881399512290955
42,2,16,-0.03543059966305303,-0.2125835979783182,0.484295129776001
42,2,17,-0.011810199887684343,-0.11022853228505387,0.5794496536254883
42,2,18,-0.059050999438421715,-0.11810199887684343,0.4784455895423889
42,2,19,-0.07479793262200084,-0.125975465468633,0.5781634449958801
42,2,20,-0.1062917989891591,-0.125975465468633,0.4786272943019867
42,2,21,-0.07479793262200084,-0.15746933183579123,0.571150541305542
42,2,22,-0.08267139921379041,-0.14959586524400167,0.4731744825839996
42,2,23,0.043304066254842594,0.0,0.99438738822937
42,2,24,-0.043304066254842594,0.0,0.9927043914794922
42,2,25,-0.09841833239736952,0.7243589264446397,0.6110847592353821
42,2,26,-0.1456591319481069,0.6534977271185337,0.5335828065872192
42,2,27,0.03543059966305303,1.4329709197057003,0.6187580823898315
42,2,28,0.003936733295894781,1.2833750544616986,0.5475224852561951
42,2,29,0.09054486580557997,1.5904402515414915,0.6582919359207153
42,2,30,0.05117753284663215,1.4250974531139107,0.5983518958091736
42,2,31,-0.23226726445779208,1.5904402515414915,0.6540520191192627
42,2,32,-0.22439379786600253,1.4408443862974898,0.6176610589027405
43,1,0,-0.06903649447445054,-1.3462116422517854,0.9952495098114014
43,1,1,-0.06903649447445054,-1.3999066935096913,0.994343400001526
43,1,2,-0.06903649447445054,-1.3999066935096913,0.9946312308311462
43,1,3,-0.06136577286617825,-1.3999066935096913,0.994790017604828
43,1,4,-0.0843779376909951,-1.3999066935096913,0.9948427081108092
43,1,5,-0.09204865929926738,-1.4075774151179636,0.9948654770851136
43,1,6,-0.09204865929926738,-1.4075774151179636,0.995204746723175
43,1,7,-0.06903649447445054,-1.36155308546833,0.9922804832458496
43,1,8,-0.09971938090753966,-1.3692238070766023,0.9958983659744264
43,1,9,-0.06136577286617825,-1.277175147777335,0.9912346005439758
43,1,10,-0.0843779376909951,-1.277175147777335,0.9944288730621338
43,1,11,-0.0843779376909951,-1.0010291698795328,0.9973400235176086
43,1,12,-0.14574371055717336,-0.9856877266629882,0.9940811991691588
43,1,13,-0.22245092663989616,-0.5254444301666513,0.5468921065330505
43,1,14,-0.3298410291557081,-0.5561273165997405,0.5355887413024902
43,1,15,0.0,-0.1419083497530372,0.5332798361778259
43,1,16,0.038353608041361405,-0.2569691738771214,0.5285004377365112
43,1,17,-0.015341443216544563,-0.05753041206204211,0.5264450311660767
43,1,18,0.14574371055717336,-0.18026195779439863,0.5182105898857117
43,1,19,-0.04602432964963369,-0.11889618492822036,0.5252716541290283
43,1,20,0.1687558753819902,-0.2339570090523046,0.5176367163658142
43,1,21,-0.0843779376909951,-0.17259123618612635,0.5190699696540833
43,1,22,0.1304022673406288,-0.2569691738771214,0.5082056522369385
43,1,23,0.0,0.003835360804136141,0.9941064119338988
43,1,24,0.0,-0.003835360804136141,0.9928454160690308
43,1,25,0.04602432964963369,0.6635174191155524,0.5679818987846375
43,1,26,0.04602432964963369,0.7248831919817306,0.5561676025390625
43,1,27,-0.05369505125790597,1.3538823638600577,0.5779995322227478
43,1,28,-0.09971938090753966,1.3155287558186963,0.5585708022117615
43,1,29,-0.14574371055717336,1.4842846312006865,0.621116578578949
43,1,30,-0.18409731859853476,1.4766139095924142,0.6078110933303833
43,1,31,0.023012164824816845,1.4919553528089589,0.6186411380767822
43,1,32,0.04602432964963369,1.5149675176337756,0.6282140016555786
43,2,0,-0.4036361291940567,-1.348066295560733,0.995642900466919
43,2,1,-0.3487729660026315,-1.4029294587521584,0.9948188662528992
43,2,2,-0.3330977765193672,-1.4029294587521584,0.995086431503296
43,2,3,-0.3174225870361028,-1.395091864010526,0.9952476620674132
43,2,4,-0.35661056074426367,-1.4029294587521584,0.9952573180198668
43,2,5,-0.35661056074426367,-1.4029294587521584,0.9952770471572876
43,2,6,-0.3487729660026315,-1.4029294587521584,0.9955909252166748
43,2,7,-0.24688423436141332,-1.348066295560733,0.992999792098999
43,2,8,-0.278234613327942,-1.3637414850439975,0.9961812496185304
43,2,9,-0.38012334496916017,-1.2775279428860435,0.9920608401298524
43,2,10,-0.3957985344524245,-1.2775279428860435,0.9948658347129822
43,2,11,-0.16067069220345948,-0.9875369374456533,0.9976038932800292
43,2,12,-0.1998586659116203,-0.9796993427040211,0.9944889545440674
43,2,13,0.003918797370816084,-0.5016060634644588,0.5919836759567261
43,2,14,-0.11364512375366645,-0.5251188476893554,0.4864992499351501
43,2,15,-0.2939098028112063,-0.1254015158661147,0.5793776512145996
43,2,16,-0.1998586659116203,-0.21161505802406858,0.4830818176269531
43,2,17,-0.3644481554858959,-0.031350378966528675,0.572347104549408
43,2,18,-0.2625594238446777,-0.1489143000910112,0.4749388098716736
43,2,19,-0.4036361291940567,-0.07837594741632169,0.5711472630500793
43,2,20,-0.2860722080695742,-0.16458948957427555,0.4744251668453216
43,2,21,-0.3879609397107924,-0.1254015158661147,0.5643962621688843
43,2,22,-0.2703970185863098,-0.16458948957427555,0.4664179682731628
43,2,23,-0.011756392112448253,0.015675189483264337,0.994501292705536
43,2,24,0.011756392112448253,-0.015675189483264337,0.992761492729187
43,2,25,-0.06661955530387344,0.6661955530387343,0.5999731421470642
43,2,26,-0.04310677107897693,0.6270075793305735,0.5155452489852905
43,2,27,-0.02743158159571259,1.30104072711094,0.6025116443634033
43,2,28,-0.06661955530387344,1.159964021761561,0.5233181715011597
43,2,29,0.04310677107897693,1.4421174324603192,0.6438422799110413
43,2,30,0.003918797370816084,1.2932031323693078,0.5846754312515259
43,2,31,-0.23904663961978115,1.3872542692688938,0.6340185403823853
43,2,32,-0.278234613327942,1.2775279428860435,0.5990592241287231
44,1,0,-0.02545572359794237,-1.3236976270930032,0.995717704296112
44,1,1,-0.04727491525332154,-1.3818821381740143,0.9948809742927552
44,1,2,-0.04727491525332154,-1.3818821381740143,0.995095670223236
44,1,3,-0.04727491525332154,-1.374609074288888,0.9953678846359252
44,1,4,-0.06182104302357432,-1.3818821381740143,0.9953415989875792
44,1,5,-0.06909410690870071,-1.374609074288888,0.995270848274231
44,1,6,-0.0763671707938271,-1.374609074288888,0.9956387281417848
44,1,7,-0.0763671707938271,-1.338243754863256,0.992949604988098
44,1,8,-0.11273249021945905,-1.338243754863256,0.9961654543876648
44,1,9,-0.018182659712815977,-1.2436939243566127,0.9920748472213744
44,1,10,-0.040001851368195146,-1.2509669882417391,0.9949393272399902
44,1,11,-0.12000555410458545,-0.9964097522623155,0.9975834488868712
44,1,12,-0.12000555410458545,-0.9891366883771892,0.9950016736984252
44,1,13,-0.10545942633433267,-0.4727491525332154,0.5394733548164368
44,1,14,-0.11273249021945905,-0.4727491525332154,0.5361462235450745
44,1,15,-0.040001851368195146,-0.3054686831753084,0.5281071066856384
44,1,16,0.2654668318071133,-0.42911076922245706,0.5250548124313354
44,1,17,0.09091329856407988,-0.3127417470604348,0.5238444805145264
44,1,18,0.4036550456245147,-0.42183770533733067,0.5144352912902832
44,1,19,0.11273249021945905,-0.35638013037119315,0.5230587124824524
44,1,20,0.3891089178542619,-0.4800222164183418,0.5137030482292175
44,1,21,0.02545572359794237,-0.3854723859116987,0.5169991850852966
44,1,22,0.3381974706583772,-0.4800222164183418,0.5023981332778931
44,1,23,-0.018182659712815977,-0.00727306388512639,0.9945075511932372
44,1,24,0.018182659712815977,0.00727306388512639,0.9930848479270936
44,1,25,0.11273249021945905,0.5527528552696057,0.580536961555481
44,1,26,0.1563708735302174,0.5745720469249849,0.5581127405166626
44,1,27,-0.06909410690870071,1.1855094132756017,0.5948421955108643
44,1,28,-0.11273249021945905,1.1782363493904753,0.5590554475784302
44,1,29,-0.1636439374153438,1.301878435437624,0.6294262409210205
44,1,30,-0.20000925684097576,1.2727861798971183,0.6089032292366028
44,1,31,0.09091329856407988,1.2946053715524977,0.6340408325195312
44,1,32,0.0763671707938271,1.301878435437624,0.6285502910614014
44,2,0,-0.3780487804878049,-1.3455284552845528,0.9958878755569458
44,2,1,-0.32113821138211385,-1.410569105691057,0.995140552520752
44,2,2,-0.3130081300813008,-1.410569105691057,0.995317280292511
44,2,3,-0.3048780487804878,-1.4024390243902438,0.995609700679779
44,2,4,-0.33739837398373984,-1.410569105691057,0.9955664873123168
44,2,5,-0.32926829268292684,-1.410569105691057,0.9955191016197203
44,2,6,-0.32926829268292684,-1.410569105691057,0.99590665102005
44,2,7,-0.27235772357723576,-1.3617886178861789,0.9933483600616456
44,2,8,-0.3130081300813008,-1.3699186991869918,0.9963131546974182
44,2,9,-0.34552845528455284,-1.2723577235772359,0.9926247000694276
44,2,10,-0.3617886178861789,-1.2723577235772359,0.995045006275177
44,2,11,-0.23983739837398374,-0.9796747967479674,0.9977840781211852
44,2,12,-0.1991869918699187,-0.9715447154471545,0.9952439665794371
44,2,13,-0.036585365853658534,-0.4186991869918699,0.5837892293930054
44,2,14,-0.1016260162601626,-0.45121951219512196,0.4875267744064331
44,2,15,-0.491869918699187,-0.23170731707317074,0.5703692436218262
44,2,16,-0.34552845528455284,-0.33739837398373984,0.4787640273571014
44,2,17,-0.5813008130081301,-0.1991869918699187,0.5632690191268921
44,2,18,-0.3943089430894309,-0.26422764227642276,0.4703602492809295
44,2,19,-0.5975609756097561,-0.23983739837398374,0.5619944334030151
44,2,20,-0.4349593495934959,-0.35365853658536583,0.4697171449661255
44,2,21,-0.5650406504065041,-0.26422764227642276,0.5529025793075562
44,2,22,-0.4186991869918699,-0.3861788617886179,0.4603143632411957
44,2,23,-0.028455284552845527,0.02032520325203252,0.9946961402893066
44,2,24,0.028455284552845527,-0.02032520325203252,0.9927195310592652
44,2,25,-0.11788617886178862,0.7195121951219512,0.6105607748031616
44,2,26,-0.06910569105691057,0.6463414634146342,0.516899585723877
44,2,27,-0.036585365853658534,1.410569105691057,0.6228251457214355
44,2,28,-0.02032520325203252,1.2804878048780488,0.5247050523757935
44,2,29,0.1016260162601626,1.548780487804878,0.6534860730171204
44,2,30,0.06097560975609756,1.386178861788618,0.5836841464042664
44,2,31,-0.2073170731707317,1.548780487804878,0.6521604061126709
44,2,32,-0.23170731707317074,1.3699186991869918,0.600178062915802
45,1,0,0.02441648365205448,-1.3713924984570598,0.9960954189300536
45,1,1,0.016277655768036317,-1.428364293645187,0.9953688979148864
45,1,2,0.016277655768036317,-1.428364293645187,0.9955111145973206
45,1,3,0.016277655768036317,-1.428364293645187,0.9958596229553224
45,1,4,0.0,-1.428364293645187,0.995783030986786
45,1,5,-0.008138827884018159,-1.428364293645187,0.9956916570663452
45,1,6,-0.016277655768036317,-1.428364293645187,0.9960905909538268
45,1,7,-0.032555311536072634,-1.3876701542250962,0.99351567029953
45,1,8,-0.07324945095616343,-1.3876701542250962,0.996475875377655
45,1,9,0.0406941394200908,-1.2900042196168782,0.9928748607635498
45,1,10,0.016277655768036317,-1.2900042196168782,0.9952144622802734
45,1,11,-0.07324945095616343,-0.9970064157922245,0.9979153871536256
45,1,12,-0.0813882788401816,-0.9970064157922245,0.9956993460655212
45,1,13,0.06511062307214527,-0.4191496360269352,0.5320553779602051
45,1,14,0.0,-0.4191496360269352,0.537821888923645
45,1,15,0.0813882788401816,-0.305206045650681,0.5239545702934265
45,1,16,0.3988025663168898,-0.6063426773593529,0.5268208980560303
45,1,17,0.19533186921643583,-0.3214837014187173,0.5207294821739197
45,1,18,0.5371626403451986,-0.6470368167794437,0.5169978737831116
45,1,19,0.17091538556438135,-0.40287198025889887,0.5198190808296204
45,1,20,0.5208849845771621,-0.7121474398515889,0.5161440968513489
45,1,21,0.1790542134483995,-0.4191496360269352,0.5116776823997498
45,1,22,0.4639131893890351,-0.7121474398515889,0.5047172904014587
45,1,23,-0.016277655768036317,0.01220824182602724,0.9949716925621032
45,1,24,0.016277655768036317,-0.01220824182602724,0.9931475520133972
45,1,25,0.1627765576803632,0.7121474398515889,0.5874910950660706
45,1,26,0.24416483652054477,0.6551756446634618,0.5592297315597534
45,1,27,-0.09766593460821792,1.4202254657611688,0.6124411225318909
45,1,28,-0.11394359037625423,1.4039478099931324,0.5577053427696228
45,1,29,-0.21160952498447214,1.5667243676734957,0.6367608904838562
45,1,30,-0.24416483652054477,1.5016137446013504,0.6075354218482971
45,1,31,0.13022124614429054,1.59114085132555,0.648929238319397
45,1,32,0.032555311536072634,1.5260302282534048,0.6288461089134216
45,2,0,-0.2976885149417289,-1.3194842283903658,0.9960517287254332
45,2,1,-0.2655059727858663,-1.383849312702091,0.9954484701156616
45,2,2,-0.2655059727858663,-1.383849312702091,0.9954391717910768
45,2,3,-0.2655059727858663,-1.383849312702091,0.995875120162964
45,2,4,-0.2815972438637976,-1.383849312702091,0.99582701921463
45,2,5,-0.28964287940276323,-1.383849312702091,0.995694935321808
45,2,6,-0.3057341504806945,-1.383849312702091,0.9962124824523926
45,2,7,-0.20918652401310678,-1.3436211350072627,0.9935823082923888
45,2,8,-0.22527779509103807,-1.3436211350072627,0.996440589427948
45,2,9,-0.27355160832483194,-1.247073508539675,0.9929409027099608
45,2,10,-0.2815972438637976,-1.247073508539675,0.9949146509170532
45,2,11,-0.12873016862345033,-0.99765880683174,0.9980170726776124
45,2,12,-0.09654762646758774,-0.9896131712927744,0.995774745941162
45,2,13,-0.08045635538965645,-0.40228177694828227,0.5733009576797485
45,2,14,-0.06436508431172516,-0.4425099546431105,0.4861774742603302
45,2,15,-0.5068750389548357,-0.4264186835651792,0.5506418943405151
45,2,16,-0.2815972438637976,-0.45055559018207614,0.4768354892730713
45,2,17,-0.611468300961389,-0.43446431910414485,0.5411729216575623
45,2,18,-0.45055559018207614,-0.46664686126000743,0.4690564572811126
45,2,19,-0.611468300961389,-0.4827381323379387,0.5396056175231934
45,2,20,-0.386190505870351,-0.4746924967989731,0.4683765172958374
45,2,21,-0.5712401232665608,-0.4827381323379387,0.5273805856704712
45,2,22,-0.37814487033138533,-0.4827381323379387,0.4586406648159027
45,2,23,-0.05631944877275952,0.01609127107793129,0.995065450668335
45,2,24,0.05631944877275952,-0.01609127107793129,0.9928485155105592
45,2,25,-0.15286707524034726,0.7401984695848394,0.5937550663948059
45,2,26,-0.06436508431172516,0.6999702918900111,0.5125414133071899
45,2,27,0.008045635538965645,1.4562600325527817,0.6216561794281006
45,2,28,-0.008045635538965645,1.3516667705462284,0.5174344182014465
45,2,29,0.12068453308448468,1.5930358367151978,0.6529889702796936
45,2,30,0.08045635538965645,1.4562600325527817,0.5765032172203064
45,2,31,-0.20114088847414113,1.6010814722541633,0.6544573307037354
45,2,32,-0.21723215955207242,1.4643056680917474,0.5924137830734253
46,1,0,0.08433462901344033,-1.3332903253553423,0.9957152605056764
46,1,1,0.09236649844329178,-1.397545280794154,0.9950512647628784
46,1,2,0.09236649844329178,-1.397545280794154,0.9949691891670228
46,1,3,0.08433462901344033,-1.397545280794154,0.9956947565078736
46,1,4,0.07630275958358886,-1.397545280794154,0.9953855276107788
46,1,5,0.0682708901537374,-1.397545280794154,0.9950485825538636
46,1,6,0.052207151294034485,-1.397545280794154,0.9957471489906312
46,1,7,0.04417528186418303,-1.3573859336448966,0.9928712248802184
46,1,8,-0.004015934714925729,-1.3573859336448966,0.9958710670471193
46,1,9,0.1084302373029947,-1.261003500486679,0.9922666549682616
46,1,10,0.09236649844329178,-1.261003500486679,0.9943476915359496
46,1,11,-0.012047804144777189,-1.0039836787314325,0.9980390667915344
46,1,12,-0.004015934714925729,-0.9959518093015809,0.9961360692977904
46,1,13,0.052207151294034485,-0.4176572103522759,0.5200889110565186
46,1,14,0.2048126704612122,-0.4176572103522759,0.5350902676582336
46,1,15,0.25300388704032095,-0.5060077740806419,0.5052089691162109
46,1,16,0.4216731450672016,-0.578294598949305,0.5221220254898071
46,1,17,0.32529071190898406,-0.4738802963612361,0.500644326210022
46,1,18,0.5582149253746764,-0.6425495543881167,0.5124251246452332
46,1,19,0.41364127563735015,-0.5863264683791565,0.4995818734169006
46,1,20,0.5421511865149735,-0.698772640397077,0.5112322568893433
46,1,21,0.3172588424791326,-0.5541989906597506,0.4886329770088196
46,1,22,0.5019918393657162,-0.698772640397077,0.497876912355423
46,1,23,-0.020079673574628646,0.008031869429851459,0.994791865348816
46,1,24,0.020079673574628646,-0.008031869429851459,0.992435097694397
46,1,25,0.19678080103136075,0.7228682486866314,0.5544627904891968
46,1,26,0.18071706217165784,0.7389319875463343,0.541356086730957
46,1,27,0.028111543004480107,1.3895134113643024,0.5856044292449951
46,1,28,-0.0682708901537374,1.3332903253553423,0.5366215705871582
46,1,29,-0.0682708901537374,1.5421189305314802,0.6180199980735779
46,1,30,-0.17268519274180638,1.4778639750926685,0.5878596901893616
46,1,31,0.1887489316015093,1.5421189305314802,0.6260859370231628
46,1,32,0.16465332331195492,1.5099914528120744,0.608709454536438
46,2,0,-0.25603072553070616,-1.324158908604121,0.9957838654518129
46,2,1,-0.21602592466653334,-1.3881665899867974,0.9951826333999634
46,2,2,-0.20802496449369876,-1.3881665899867974,0.99503755569458
46,2,3,-0.20802496449369876,-1.3881665899867974,0.9957592487335204
46,2,4,-0.2240268848393679,-1.3881665899867974,0.9954553246498108
46,2,5,-0.23202784501220247,-1.3881665899867974,0.9951484799385072
46,2,6,-0.25603072553070616,-1.3801656298139628,0.9958969354629515
46,2,7,-0.16001920345669135,-1.3481617891226245,0.9930345416069032
46,2,8,-0.17602112380236049,-1.3481617891226245,0.9958654642105104
46,2,9,-0.2240268848393679,-1.2521502670486098,0.9925475120544434
46,2,10,-0.23202784501220247,-1.2521502670486098,0.9941326379776
46,2,11,-0.06400768138267654,-1.0041205016907382,0.9981966614723206
46,2,12,-0.11201344241968395,-0.9881185813450691,0.9962902665138244
46,2,13,-0.03200384069133827,-0.4120494489009802,0.5632514357566833
46,2,14,-0.08000960172834568,-0.4200504090738148,0.4852824509143829
46,2,15,-0.4320518493330667,-0.4680561701108222,0.5398073196411133
46,2,16,-0.28803456622204443,-0.38804656838247653,0.474156767129898
46,2,17,-0.5680681722712543,-0.46005520993798765,0.5310565233230591
46,2,18,-0.4480537696787358,-0.5800696125305062,0.4667955040931701
46,2,19,-0.5680681722712543,-0.5160619311478296,0.5293164253234863
46,2,20,-0.46405569002440494,-0.5960715328761753,0.4657470285892486
46,2,21,-0.5280633714070815,-0.5160619311478296,0.5139871835708618
46,2,22,-0.45605472985157036,-0.5960715328761753,0.4543232023715973
46,2,23,0.0,0.004000480086417284,0.9950404167175292
46,2,24,0.0,-0.004000480086417284,0.9923951625823976
46,2,25,-0.08801056190118024,0.7400888159871974,0.5593147277832031
46,2,26,-0.08801056190118024,0.6760811346045209,0.4937856495380401
46,2,27,0.05600672120984197,1.4041685103324666,0.59787917137146
46,2,28,-0.024002880518503703,1.3081569882584518,0.4938820898532867
46,2,29,0.18402208397519507,1.5561867536163234,0.6325953602790833
46,2,30,0.06400768138267654,1.4201704306781358,0.5522119402885437
46,2,31,-0.13601632293818766,1.564187713789158,0.635921061038971
46,2,32,-0.19202304414802962,1.4121694705053012,0.5718713998794556
47,1,0,0.04015772804924457,-1.317173480015222,0.995782732963562
47,1,1,0.08031545609848914,-1.3894573905038623,0.995188295841217
47,1,2,0.08031545609848914,-1.3894573905038623,0.9949442148208618
47,1,3,0.08031545609848914,-1.3894573905038623,0.9957860112190248
47,1,4,0.06425236487879132,-1.3814258448940133,0.9955124855041504
47,1,5,0.0562208192689424,-1.3814258448940133,0.9951198697090148
47,1,6,0.03212618243939566,-1.3733942992841643,0.9959437847137452
47,1,7,0.0562208192689424,-1.3653627536743156,0.9928753972053528
47,1,8,0.0,-1.3492996624546176,0.9958793520927428
47,1,9,0.08031545609848914,-1.2609526607462795,0.9925651550292968
47,1,10,0.07228391048864023,-1.2609526607462795,0.9942324757575988
47,1,11,0.0562208192689424,-1.0039432012311142,0.998196542263031
47,1,12,-0.03212618243939566,-0.9959116556212654,0.9966177344322203
47,1,13,0.23291482268561853,-0.4337034629318414,0.5153172016143799
47,1,14,0.1525993665871294,-0.4256719173219925,0.5348296165466309
47,1,15,0.3694510980530501,-0.7067760136667045,0.5120325088500977
47,1,16,0.3935457348825968,-0.6907129224470067,0.5243611335754395
47,1,17,0.45779809976138813,-0.8111861065947404,0.5112690329551697
47,1,18,0.4818927365909349,-0.8192176522045893,0.5165140628814697
47,1,19,0.4337034629318414,-0.8674069258636828,0.5095019340515137
47,1,20,0.4417350085416903,-0.8754384714735317,0.5151921510696411
47,1,21,0.40157728049244573,-0.8352807434242872,0.4945604503154754
47,1,22,0.40157728049244573,-0.843312289034136,0.5026072263717651
47,1,23,-0.008031545609848915,0.0,0.9948704838752748
47,1,24,0.008031545609848915,0.0,0.9923426508903505
47,1,25,0.13653627536743154,0.7228391048864024,0.5290500521659851
47,1,26,0.18472554902652505,0.7067760136667045,0.5302438735961914
47,1,27,0.008031545609848915,1.397488936113711,0.569861888885498
47,1,28,-0.07228391048864023,1.4778043922122004,0.5190798044204712
47,1,29,-0.09637854731818697,1.5581198483106895,0.6051992177963257
47,1,30,-0.1686624578068272,1.606309121969783,0.5645123720169067
47,1,31,0.17669400341667613,1.5420567570909915,0.6120836734771729
47,1,32,0.13653627536743154,1.606309121969783,0.5896909236907959
47,2,0,-0.31405435355412825,-1.328691495805927,0.9960643649101256
47,2,1,-0.2657382991611854,-1.3850602259310272,0.9955527782440186
47,2,2,-0.2576856234290283,-1.3850602259310272,0.9953244924545288
47,2,3,-0.24158027196471402,-1.3850602259310272,0.9961028695106506
47,2,4,-0.2818436506254997,-1.3931129016631842,0.995799958705902
47,2,5,-0.2737909748933426,-1.3931129016631842,0.9954386949539183
47,2,6,-0.2737909748933426,-1.3931129016631842,0.9962074756622314
47,2,7,-0.1610535146431427,-1.3528495230023985,0.993493914604187
47,2,8,-0.19326421757177123,-1.3528495230023985,0.9960600137710572
47,2,9,-0.2818436506254997,-1.256217414216513,0.9931922554969788
47,2,10,-0.29794900208981395,-1.256217414216513,0.9945478439331056
47,2,11,-0.04831605439294281,-1.0065844665196417,0.9983565211296082
47,2,12,-0.1610535146431427,-0.9824264393231703,0.9966425895690918
47,2,13,-0.04026337866078567,-0.4670551924651138,0.5609033703804016
47,2,14,-0.22547492050039974,-0.5234239225902138,0.4858103692531585
47,2,15,-0.44289716526864237,-0.6522667343047278,0.5520181655883789
47,2,16,-0.45900251673295667,-0.5878453284474708,0.4796755611896515
47,2,17,-0.5717399769831565,-0.6844774372333564,0.547157347202301
47,2,18,-0.5958980041796279,-0.7086354644298278,0.4750590622425079
47,2,19,-0.5475819497866852,-0.7408461673584563,0.5451194047927856
47,2,20,-0.5878453284474708,-0.7408461673584563,0.4740222096443176
47,2,21,-0.5234239225902138,-0.7327934916262993,0.5272579193115234
47,2,22,-0.5556346255188422,-0.7408461673584563,0.4636547267436981
47,2,23,0.08052675732157134,0.0,0.9951250553131104
47,2,24,-0.08052675732157134,0.0,0.9923595786094666
47,2,25,0.07247408158941421,0.7569515188227706,0.560371458530426
47,2,26,-0.06442140585725707,0.6925301129655136,0.4940584897994995
47,2,27,0.12884281171451414,1.4816923347169126,0.5982277989387512
47,2,28,0.016105351464314268,1.4011655773953413,0.4947381019592285
47,2,29,0.22547492050039974,1.6185878221635839,0.6168463230133057
47,2,30,0.12079013598235701,1.4897450104490697,0.5439334511756897
47,2,31,-0.1610535146431427,1.7232726066816266,0.6348006129264832
47,2,32,-0.22547492050039974,1.4816923347169126,0.5776669979095459
48,1,0,0.075939272862856,-1.3029580501732134,0.9963657855987548
48,1,1,0.09192648820240462,-1.3669069115314079,0.9959099888801576
48,1,2,0.09992009587217894,-1.3669069115314079,0.995683491230011
48,1,3,0.09992009587217894,-1.3749005192011823,0.9964105486869812
48,1,4,0.075939272862856,-1.3669069115314079,0.996125876903534
48,1,5,0.06794566519308168,-1.3669069115314079,0.995765209197998
48,1,6,0.059952057523307366,-1.3589133038616337,0.9964854121208192
48,1,7,0.075939272862856,-1.342926088522085,0.9939997792243958
48,1,8,0.027977626844210103,-1.3349324808523106,0.9963723421096802
48,1,9,0.09192648820240462,-1.2470027964847932,0.993727445602417
48,1,10,0.08393288053263032,-1.2470027964847932,0.9949701428413392
48,1,11,0.06794566519308168,-1.0071945663915638,0.99847811460495
48,1,12,0.011990411504661473,-0.9912073510520151,0.9969576001167296
48,1,13,0.25979224926766525,-0.49560367552600754,0.521320641040802
48,1,14,0.09992009587217894,-0.4796164601864589,0.535416841506958
48,1,15,0.31574750295608545,-0.7833735516378829,0.556920051574707
48,1,16,0.36370914897473133,-0.7434055132890113,0.5292937755584717
48,1,17,0.4116707949933772,-0.887290451344949,0.5570893287658691
48,1,18,0.4836132640213461,-0.8553160206658518,0.5233883857727051
48,1,19,0.4516388333422488,-0.9512393127031435,0.5544058084487915
48,1,20,0.4356516180027002,-0.9112712743542719,0.521975576877594
48,1,21,0.4196644026631515,-0.9112712743542719,0.5351935029029846
48,1,22,0.3876899719840543,-0.8792968436751747,0.5102172493934631
48,1,23,-0.011990411504661473,0.0,0.9952303767204284
48,1,24,0.011990411504661473,0.0,0.9925079345703124
48,1,25,0.075939272862856,0.7434055132890113,0.5339013338088989
48,1,26,0.1318945265512762,0.75939272862856,0.5324880480766296
48,1,27,-0.05195844985353305,1.4788174189082484,0.5777094960212708
48,1,28,-0.08393288053263032,1.598721533954863,0.5262844562530518
48,1,29,-0.14788174189082484,1.622702356964186,0.5997450351715088
48,1,30,-0.1798561725699221,1.7106320413317035,0.565900444984436
48,1,31,0.1398881342210505,1.670664002982832,0.6200212240219116
48,1,32,0.15587534956059915,1.7665872950201236,0.6017604470252991
48,2,0,-0.3069225308817189,-1.2827787829159019,0.9966211915016174
48,2,1,-0.24396406300854578,-1.3378674423049284,0.9962289333343506
48,2,2,-0.23609425452439914,-1.3378674423049284,0.9960082173347472
48,2,3,-0.22035463755610585,-1.3378674423049284,0.9966826438903807
48,2,4,-0.25183387149269243,-1.3378674423049284,0.9963948726654052
48,2,5,-0.24396406300854578,-1.3378674423049284,0.9960424304008484
48,2,6,-0.23609425452439914,-1.3378674423049284,0.9967201948165894
48,2,7,-0.15739616968293277,-1.3063882083683418,0.9945030808448792
48,2,8,-0.16526597816707939,-1.3063882083683418,0.9966025352478028
48,2,9,-0.28331310542927896,-1.219820315042729,0.9942262172698976
48,2,10,-0.28331310542927896,-1.2119505065585823,0.9952451586723328
48,2,11,-0.07869808484146638,-1.0152052944549164,0.9986209869384766
48,2,12,-0.11017731877805292,-0.9758562520341831,0.9971426725387572
48,2,13,-0.07869808484146638,-0.5194073599536781,0.5666329264640808
48,2,14,-0.10230751029390629,-0.5036677429853849,0.4840510487556457
48,2,15,-0.4407092751122117,-0.6925431466049041,0.5959112048149109
48,2,16,-0.29905272239757225,-0.6059752532792911,0.4809856116771698
48,2,17,-0.5508865938902646,-0.7318921890256374,0.5937744379043579
48,2,18,-0.3384017648183054,-0.6059752532792911,0.478067398071289
48,2,19,-0.5272771684378247,-0.7869808484146638,0.5909696817398071
48,2,20,-0.369880998754892,-0.8184600823512503,0.4769881069660187
48,2,21,-0.48792812601709157,-0.7712412314463705,0.5707817673683167
48,2,22,-0.3541413817865987,-0.7555016144780772,0.4672302007675171
48,2,23,0.06295846787317311,0.0,0.995595395565033
48,2,24,-0.06295846787317311,0.0,0.9929897785186768
48,2,25,0.047218850904879824,0.7555016144780772,0.5623970031738281
48,2,26,-0.05508865938902646,0.7161525720573441,0.5017335414886475
48,2,27,0.14165655271463948,1.479523995019568,0.6031258702278137
48,2,28,0.06295846787317311,1.455914569567128,0.5071109533309937
48,2,29,0.19674521210366594,1.6211805477342074,0.6189664006233215
48,2,30,0.14165655271463948,1.5739616968293275,0.5528936982154846
48,2,31,-0.07082827635731974,1.77857671741714,0.64094477891922
48,2,32,-0.16526597816707939,1.6369201647025007,0.5898576378822327
49,1,0,0.04342097745682156,-1.2671030694217926,0.9969255924224854
49,1,1,0.07499987015269179,-1.330260854813533,0.9965794682502748
49,1,2,0.08289459332665934,-1.330260854813533,0.9963732957839966
49,1,3,0.0907893165006269,-1.3381555779875007,0.9969883561134338
49,1,4,0.05921042380475667,-1.3223661316395656,0.9967238903045654
49,1,5,0.04342097745682156,-1.3223661316395656,0.9963959455490112
49,1,6,0.035526254282854004,-1.3223661316395656,0.997015118598938
49,1,7,0.07499987015269179,-1.3065766852916305,0.9950116276741028
49,1,8,0.011842084760951334,-1.2986819621176628,0.9969218969345092
49,1,9,0.06710514697872423,-1.2118400072040199,0.9947604537010192
49,1,10,0.06710514697872423,-1.2118400072040199,0.995678722858429
49,1,11,0.09868403967459445,-1.0144719278548309,0.998735785484314
49,1,12,0.003947361586983778,-0.9828930351589608,0.9974170923233032
49,1,13,0.248683779979978,-0.5092096447209074,0.5344817042350769
49,1,14,0.16973654824030246,-0.4855254751990047,0.5343983769416809
49,1,15,0.2328943336320429,-0.7855249558097718,0.6045199036598206
49,1,16,0.35131518124155625,-0.7539460631139016,0.5310089588165283
49,1,17,0.3039468421977509,-0.8960510802453175,0.6036474108695984
49,1,18,0.49342019837297224,-0.8486827412015122,0.5265772342681885
49,1,19,0.2723679495018807,-0.943419419289123,0.6002109050750732
49,1,20,0.43815713615519936,-0.9197352497672203,0.5250877737998962
49,1,21,0.24078905680601045,-0.8960510802453175,0.5785656571388245
49,1,22,0.38289407393742647,-0.8960510802453175,0.5142441987991333
49,1,23,0.003947361586983778,-0.003947361586983778,0.9958202838897704
49,1,24,-0.003947361586983778,0.003947361586983778,0.993321418762207
49,1,25,0.011842084760951334,0.8092091253316744,0.5374110341072083
49,1,26,0.05921042380475667,0.8249985716796095,0.5409466028213501
49,1,27,-0.11447348602252956,1.6223656122503327,0.5880867838859558
49,1,28,-0.11447348602252956,1.6776286744681057,0.539910614490509
49,1,29,-0.20131544093617268,1.7407864598598461,0.606339156627655
49,1,30,-0.20131544093617268,1.7881547989036515,0.5752080082893372
49,1,31,0.12236820919649712,1.8197336915995217,0.6315126419067383
49,1,32,0.15394710189236735,1.8907862001652296,0.6150741577148438
49,2,0,-0.31185114375752404,-1.2590989929210032,0.9971161484718324
49,2,1,-0.24168463641208113,-1.31367294307857,0.996818780899048
49,2,2,-0.22609207922420493,-1.3214692216725081,0.9966170191764832
49,2,3,-0.2104995220363287,-1.3214692216725081,0.9971935153007508
49,2,4,-0.2494809150060192,-1.31367294307857,0.9969154000282288
49,2,5,-0.2494809150060192,-1.3214692216725081,0.9965834021568298
49,2,6,-0.24168463641208113,-1.3214692216725081,0.9971765875816344
49,2,7,-0.1481292932848239,-1.2902841072967557,0.9953884482383728
49,2,8,-0.17931440766057632,-1.2824878287028176,0.9970675706863404
49,2,9,-0.28066602938177165,-1.2045250427634366,0.9951353669166564
49,2,10,-0.2884623079757097,-1.2045250427634366,0.9958603978157043
49,2,11,-0.07796278593938101,-1.0096180779149841,0.9988535046577454
49,2,12,-0.14033301469088583,-0.9784329635392316,0.9975512623786926
49,2,13,-0.0935553431272572,-0.5028599693090074,0.5790749788284302
49,2,14,-0.1637218504727001,-0.5028599693090074,0.4869856536388397
49,2,15,-0.46777671563628603,-0.6899706555635219,0.6406298279762268
49,2,16,-0.44438787985447176,-0.6899706555635219,0.4887714684009552
49,2,17,-0.5925171731392956,-0.7445446057210886,0.63796466588974
49,2,18,-0.5535357801696051,-0.7367483271271505,0.4872244298458099
49,2,19,-0.5691283373574814,-0.7991185558786553,0.6346243619918823
49,2,20,-0.5379432229817289,-0.7913222772847173,0.4859377145767212
49,2,21,-0.5301469443877909,-0.7835259986907791,0.6125020384788513
49,2,22,-0.4989618300120384,-0.7835259986907791,0.4769964814186096
49,2,23,0.0155925571878762,-0.00389813929696905,0.9961082339286804
49,2,24,-0.0155925571878762,0.00389813929696905,0.9936811327934264
49,2,25,0.0155925571878762,0.7991185558786553,0.5592844486236572
49,2,26,0.0077962785939381,0.7055632127513981,0.5006299614906311
49,2,27,0.1247404575030096,1.5865426938664036,0.6088739633560181
49,2,28,0.07796278593938101,1.4618022363633938,0.5091552138328552
49,2,29,0.2104995220363287,1.6723017583997226,0.6246064305305481
49,2,30,0.17151812906663821,1.5787464152724653,0.5538739562034607
49,2,31,-0.0623702287515048,1.8126347730906085,0.6497470140457153
49,2,32,-0.11694417890907151,1.703486872775475,0.5925509333610535
50,1,0,0.11854374404450188,-1.2605151450065368,0.9973407983779908
50,1,1,0.14225249285340227,-1.3237384751636043,0.9970824718475342
50,1,2,0.16596124166230264,-1.3237384751636043,0.996886909008026
50,1,3,0.18176707420156957,-1.331641391433238,0.9974250197410583
50,1,4,0.1343495765837688,-1.3237384751636043,0.9971491098403932
50,1,5,0.1343495765837688,-1.3237384751636043,0.9968239068984984
50,1,6,0.1501554091230357,-1.331641391433238,0.997382640838623
50,1,7,0.11854374404450188,-1.300029726354704,0.9957542419433594
50,1,8,0.07112624642670114,-1.300029726354704,0.9973121881484984
50,1,9,0.12644666031413535,-1.2051947311191025,0.9955452680587769
50,1,10,0.11064082777486843,-1.2051947311191025,0.9961949586868286
50,1,11,0.015805832539266918,-1.007621824378266,0.9989479780197144
50,1,12,0.031611665078533836,-0.9918159918389992,0.9977843165397644
50,1,13,0.2766020694371711,-0.5097380993913581,0.5407384634017944
50,1,14,0.15805832539266917,-0.5097380993913581,0.5369242429733276
50,1,15,0.28450498570680455,-0.83375766644633,0.645087480545044
50,1,16,0.3240195670549718,-0.8258547501766965,0.5376080274581909
50,1,17,0.3714370646727726,-0.920689745412298,0.6433995366096497
50,1,18,0.4267574785602068,-0.9364955779515649,0.533890426158905
50,1,19,0.35563123213350567,-0.9681072430300988,0.6391463279724121
50,1,20,0.3714370646727726,-0.9918159918389992,0.5320398211479187
50,1,21,0.31611665078533835,-0.9443984942211984,0.6164823174476624
50,1,22,0.33982539959423874,-0.9681072430300988,0.5219739675521851
50,1,23,-0.039514581348167294,-0.0039514581348167295,0.9962337017059326
50,1,24,0.039514581348167294,0.0039514581348167295,0.9938138127326964
50,1,25,-0.055320413887434215,0.8416605827159634,0.5261681079864502
50,1,26,0.06322333015706767,0.8574664152552303,0.5368874073028564
50,1,27,-0.15805832539266917,1.6477580422185762,0.5834694504737854
50,1,28,-0.14225249285340227,1.6872726235667435,0.5376660823822021
50,1,29,-0.2528933206282707,1.7742047025327117,0.6059911251068115
50,1,30,-0.23708748808900376,1.7900105350719784,0.5769183039665222
50,1,31,0.055320413887434215,1.8058163676112453,0.633333683013916
50,1,32,0.18176707420156957,1.9006513628468469,0.6153513193130493
50,2,0,-0.31157666017972585,-1.2540960572233966,0.997526466846466
50,2,1,-0.28041899416175325,-1.3164113892593416,0.9973048567771912
50,2,2,-0.264840161152767,-1.3164113892593416,0.997115671634674
50,2,3,-0.24926132814378066,-1.3164113892593416,0.9976146817207336
50,2,4,-0.2882084106662464,-1.3164113892593416,0.9973369240760804
50,2,5,-0.2882084106662464,-1.3164113892593416,0.997014820575714
50,2,6,-0.2726295776572601,-1.3242008057638348,0.9975445866584778
50,2,7,-0.19473541261232866,-1.2930431397458622,0.9960824251174928
50,2,8,-0.2181036621258081,-1.2930431397458622,0.9974584579467772
50,2,9,-0.2882084106662464,-1.1917807251874513,0.9958831071853638
50,2,10,-0.3037872436752327,-1.1995701416919444,0.996378779411316
50,2,11,-0.1168412475673972,-1.0048347290796158,0.9990413784980774
50,2,12,-0.1168412475673972,-0.9814664795661364,0.9978629350662231
50,2,13,-0.12463066407189033,-0.5141014892965476,0.5846903324127197
50,2,14,-0.17915657960334236,-0.4985226562875613,0.488698810338974
50,2,15,-0.4751544067740819,-0.7633628174403283,0.6764671802520752
50,2,16,-0.45178615726060245,-0.802309899962794,0.4945663809776306
50,2,17,-0.5997850708459722,-0.8646252319987392,0.6727221012115479
50,2,18,-0.5764168213324928,-0.7789416504493146,0.4937737882137298
50,2,19,-0.5842062378369859,-0.9113617310256981,0.6688761711120605
50,2,20,-0.591995654341479,-0.8100993164672872,0.4920391142368316
50,2,21,-0.5452591553145202,-0.9113617310256981,0.6462759375572205
50,2,22,-0.529680322305534,-0.802309899962794,0.4836535155773163
50,2,23,-0.015578833008986291,0.0,0.9964930415153505
50,2,24,0.015578833008986291,0.0,0.9942057728767396
50,2,25,-0.007789416504493146,0.8178887329717803,0.5539674758911133
50,2,26,0.015578833008986291,0.7244157349178626,0.5062562227249146
50,2,27,0.14020949708087663,1.5656727174031224,0.6136850714683533
50,2,28,0.1012624145584109,1.4644103028447115,0.5225061774253845
50,2,29,0.24926132814378066,1.6591457154570401,0.6360318064689636
50,2,30,0.19473541261232866,1.5734621339076154,0.5687462687492371
50,2,31,-0.015578833008986291,1.7837763795289303,0.6603912115097046
50,2,32,-0.062315332035945165,1.705882214483999,0.6099169254302979
51,1,0,0.12838037513262543,-1.2487909217446291,0.9977187514305116
51,1,1,0.12838037513262543,-1.3110359521119626,0.9975237846374512
51,1,2,0.1439416327244588,-1.3110359521119626,0.997340977191925
51,1,3,0.1439416327244588,-1.3110359521119626,0.9978055953979492
51,1,4,0.12059974633670872,-1.3110359521119626,0.9975377321243286
51,1,5,0.12838037513262543,-1.3110359521119626,0.9972211122512816
51,1,6,0.12059974633670872,-1.3188165809078793,0.997717261314392
51,1,7,0.09725785994895865,-1.2954746945201292,0.9963931441307068
51,1,8,0.04279345837754181,-1.2876940657242126,0.9976649284362792
51,1,9,0.12838037513262543,-1.1943265201732123,0.996227502822876
51,1,10,0.11281911754079203,-1.1943265201732123,0.9966749548912048
51,1,11,0.027232200785708423,-1.0075914290712116,0.9991149306297302
51,1,12,0.011670943193875039,-0.9920301714793782,0.9980646371841432
51,1,13,0.2373091782754591,-0.5251924437243767,0.5502539873123169
51,1,14,0.21396729188770905,-0.49406992854070997,0.5381240248680115
51,1,15,0.3073348374387093,-0.8364175955610444,0.6822684407234192
51,1,16,0.31511546623462605,-0.8286369667651278,0.5428447723388672
51,1,17,0.39292175419379294,-0.9297851411120447,0.6797219514846802
51,1,18,0.40848301178562635,-0.9375657699079614,0.540107250213623
51,1,19,0.4473861557652098,-0.9764689138875449,0.6752209663391113
51,1,20,0.3617992390101262,-0.9920301714793782,0.5379851460456848
51,1,21,0.3306767238264594,-0.9531270274997948,0.6522035002708435
51,1,22,0.32289609503054273,-0.9609076562957115,0.5284988284111023
51,1,23,-0.019451571989791732,-0.003890314397958346,0.9964985847473145
51,1,24,0.019451571989791732,0.003890314397958346,0.99425208568573
51,1,25,-0.011670943193875039,0.8052950803773776,0.5302245020866394
51,1,26,0.0505740871734585,0.8364175955610444,0.5440446138381958
51,1,27,-0.1439416327244588,1.560016073581297,0.595801055431366
51,1,28,-0.1439416327244588,1.6378223615404637,0.554446280002594
51,1,29,-0.2373091782754591,1.6689448767241304,0.6230502128601074
51,1,30,-0.24508980707137581,1.7467511646832974,0.594237744808197
51,1,31,0.0505740871734585,1.6922867631118805,0.6505981683731079
51,1,32,0.17506414790812558,1.8634605966220479,0.6341344714164734
51,2,0,-0.30131780405733416,-1.2516278014689266,0.9978750348091124
51,2,1,-0.2704134138976076,-1.3134365817883797,0.997704803943634
51,2,2,-0.26268731635767595,-1.3134365817883797,0.9975292086601256
51,2,3,-0.2549612188177443,-1.3134365817883797,0.9979616403579712
51,2,4,-0.27813951143753923,-1.3134365817883797,0.9976943731307985
51,2,5,-0.27813951143753923,-1.3211626793283113,0.9973867535591124
51,2,6,-0.2704134138976076,-1.3211626793283113,0.9978562593460084
51,2,7,-0.19315243849829114,-1.2902582891685848,0.9966579079627992
51,2,8,-0.21633073111808607,-1.2902582891685848,0.99778014421463
51,2,9,-0.2858656089774709,-1.1898190211494735,0.9965012669563292
51,2,10,-0.2935917065174025,-1.197545118689405,0.9968132972717284
51,2,11,-0.10816536555904303,-1.0043926801911138,0.9991922974586488
51,2,12,-0.13134365817883797,-0.981214387571319,0.9981172680854796
51,2,13,-0.12361756063890632,-0.5176485351754202,0.5934533476829529
51,2,14,-0.1854263409583595,-0.4944702425556253,0.4915095865726471
51,2,15,-0.4635658523958987,-0.7648836564532329,0.710621178150177
51,2,16,-0.4635658523958987,-0.718527071213643,0.5024296641349792
51,2,17,-0.587183413034805,-0.7648836564532329,0.7064127922058105
51,2,18,-0.5949095105747367,-0.7262531687535746,0.5021218657493591
51,2,19,-0.56400512041501,-0.8189663392327544,0.7023798823356628
51,2,20,-0.587183413034805,-0.7571575589133013,0.5001441240310669
51,2,21,-0.5253746327153519,-0.826692436772686,0.6797870397567749
51,2,22,-0.5408268277952152,-0.7571575589133013,0.4920250475406647
51,2,23,0.0,-0.007726097539931645,0.9967450499534608
51,2,24,0.0,0.007726097539931645,0.9946309924125672
51,2,25,0.007726097539931645,0.8035141441528911,0.5604795813560486
51,2,26,-0.007726097539931645,0.7494314613733696,0.5140551328659058
51,2,27,0.1545219507986329,1.5297673129064657,0.6264355182647705
51,2,28,0.09271317047917975,1.4447802399672176,0.5417327284812927
51,2,29,0.2704134138976076,1.6302065809255772,0.6515008807182312
51,2,30,0.20087853603822278,1.5761238981460557,0.5862059593200684
51,2,31,-0.01545219507986329,1.7383719464846201,0.6774696111679077
51,2,32,-0.08498707293924809,1.676563166165167,0.6324166059494019
52,1,0,0.14453125,-1.2578125,0.998063027858734
52,1,1,0.12890625,-1.3203125,0.9979111552238464
52,1,2,0.12890625,-1.3203125,0.997749090194702
52,1,3,0.13671875,-1.328125,0.9981445670127868
52,1,4,0.12109375,-1.3203125,0.9978960156440736
52,1,5,0.11328125,-1.3203125,0.9976134300231934
52,1,6,0.10546875,-1.328125,0.9980422258377076
52,1,7,0.12109375,-1.3125,0.9969447255134584
52,1,8,0.08203125,-1.3046875,0.9979848861694336
52,1,9,0.13671875,-1.1953125,0.996819019317627
52,1,10,0.12890625,-1.203125,0.9971024990081788
52,1,11,0.01171875,-0.9921875,0.9992474913597108
52,1,12,-0.01171875,-1.0078125,0.9982988238334656
52,1,13,0.12890625,-0.515625,0.5543544292449951
52,1,14,0.18359375,-0.4921875,0.540973424911499
52,1,15,0.20703125,-0.828125,0.6983402967453003
52,1,16,0.29296875,-0.8359375,0.5488495826721191
52,1,17,0.30078125,-0.9140625,0.6950457096099854
52,1,18,0.39453125,-0.9453125,0.5452674031257629
52,1,19,0.30859375,-0.9765625,0.6905863881111145
52,1,20,0.37109375,-0.9921875,0.542633056640625
52,1,21,0.23828125,-0.9375,0.6683152914047241
52,1,22,0.32421875,-0.96875,0.5326811075210571
52,1,23,-0.02734375,0.0078125,0.9967525005340576
52,1,24,0.02734375,-0.0078125,0.9946299195289612
52,1,25,-0.02734375,0.84375,0.532322108745575
52,1,26,0.05859375,0.8671875,0.5534535050392151
52,1,27,-0.21484375,1.609375,0.6089690327644348
52,1,28,-0.19140625,1.65625,0.5760504603385925
52,1,29,-0.30078125,1.7265625,0.6373604536056519
52,1,30,-0.28515625,1.75,0.6137217283248901
52,1,31,0.08984375,1.8125,0.6701068878173828
52,1,32,0.12890625,1.859375,0.6585889458656311
52,2,0,-0.2995517338648822,-1.2455045776487206,0.9981629848480223
52,2,1,-0.25225409167569024,-1.3164510409325085,0.9980388283729552
52,2,2,-0.24437115131082493,-1.3164510409325085,0.9978697299957277
52,2,3,-0.2286052705810943,-1.3164510409325085,0.9982495903968812
52,2,4,-0.2601370320405556,-1.3164510409325085,0.9980082511901855
52,2,5,-0.2601370320405556,-1.3243339812973738,0.9977236986160278
52,2,6,-0.25225409167569024,-1.3243339812973738,0.9981493353843688
52,2,7,-0.18130762839190237,-1.2928022198379125,0.9971455335617064
52,2,8,-0.21283938985136366,-1.300685160202778,0.998054563999176
52,2,9,-0.2680199724054209,-1.1745581143649328,0.9969691634178162
52,2,10,-0.2759029127702862,-1.1903239950946634,0.9972185492515564
52,2,11,-0.17342468802703706,-0.9853675456081651,0.999273955821991
52,2,12,-0.11824410547297981,-0.9932504859730305,0.9983032941818236
52,2,13,-0.18130762839190237,-0.48085936225678455,0.596284806728363
52,2,14,-0.11824410547297981,-0.46509348152705393,0.4936959147453308
52,2,15,-0.4966252429865152,-0.6858158117432829,0.7192132472991943
52,2,16,-0.3783811375135354,-0.6542840502838216,0.5019803047180176
52,2,17,-0.5675717062703031,-0.7094646328378789,0.7112631797790527
52,2,18,-0.5281570044459765,-0.6936987521081482,0.5002524256706238
52,2,19,-0.5596887659054378,-0.7567622750270708,0.7069125175476074
52,2,20,-0.5202740640811112,-0.7252305135676095,0.4980397820472717
52,2,21,-0.5281570044459765,-0.7488793346622055,0.6848915815353394
52,2,22,-0.47297642189191924,-0.7252305135676095,0.4897217750549316
52,2,23,-0.08671234401351853,0.01576588072973064,0.9966155886650084
52,2,24,0.08671234401351853,-0.01576588072973064,0.9945870637893676
52,2,25,-0.16554174766217172,0.8198257979459933,0.5728365778923035
52,2,26,0.03153176145946128,0.7331134539324748,0.5312023162841797
52,2,27,0.09459528437838385,1.5687051326081989,0.6359334588050842
52,2,28,0.14189292656757577,1.4898757289595457,0.5687670707702637
52,2,29,0.22072233021622897,1.6554174766217173,0.6678173542022705
52,2,30,0.24437115131082493,1.5923539537027949,0.6168837547302246
52,2,31,-0.0788294036486532,1.8367251050136197,0.689702033996582
52,2,32,-0.01576588072973064,1.6869492380811786,0.647951066493988
53,1,0,0.08516327542102267,-1.2387385515785116,0.9983333945274352
53,1,1,0.06193692757892558,-1.308417595104803,0.9982199668884276
53,1,2,0.06193692757892558,-1.308417595104803,0.9980642795562744
53,1,3,0.06193692757892558,-1.3161597110521686,0.9984105825424194
53,1,4,0.05419481163155988,-1.308417595104803,0.998191773891449
53,1,5,0.04645269568419418,-1.308417595104803,0.9979322552680968
53,1,6,0.03096846378946279,-1.3161597110521686,0.998319447040558
53,1,7,0.06193692757892558,-1.300675479157437,0.9973984360694884
53,1,8,0.007742115947365697,-1.300675479157437,0.9982396364212036
53,1,9,0.07742115947365698,-1.1845437399469516,0.9972547888755798
53,1,10,0.06193692757892558,-1.1845437399469516,0.9974828362464904
53,1,11,-0.03096846378946279,-0.9909908412628092,0.999325156211853
53,1,12,-0.06967904352629127,-1.0064750731575407,0.9984692931175232
53,1,13,0.04645269568419418,-0.5032375365787704,0.5621951818466187
53,1,14,0.08516327542102267,-0.48001118873667326,0.5432436466217041
53,1,15,0.18581078273677673,-0.8516327542102267,0.7113816142082214
53,1,16,0.23226347842097092,-0.8206642904207639,0.5493429899215698
53,1,17,0.3096846378946279,-0.9677644934207121,0.7052255272865295
53,1,18,0.3174267538419936,-0.9290539136838837,0.5453526973724365
53,1,19,0.2787161741051651,-1.0064750731575407,0.700194239616394
53,1,20,0.3019425219472622,-0.9755066093680779,0.5427456498146057
53,1,21,0.20129501463150812,-0.9677644934207121,0.6781534552574158
53,1,22,0.255489826263068,-0.9522802615259808,0.5331398248672485
53,1,23,-0.04645269568419418,0.015484231894731394,0.9967666268348694
53,1,24,0.04645269568419418,-0.015484231894731394,0.994823157787323
53,1,25,-0.10064750731575406,0.8361485223154953,0.550155758857727
53,1,26,0.04645269568419418,0.843890638262861,0.5704946517944336
53,1,27,-0.2942004059998965,1.6026180011046993,0.6265531182289124
53,1,28,-0.2477477103157023,1.6413285808415279,0.6024911999702454
53,1,29,-0.37936368142091914,1.7110076243678192,0.6604813933372498
53,1,30,-0.3406531016840907,1.7419760881572819,0.6439846754074097
53,1,31,-0.02322634784209709,1.8039130157362075,0.6895543932914734
53,1,32,0.06967904352629127,1.8348814795256703,0.675040066242218
53,2,0,-0.290535849957229,-1.2367404423855017,0.9984084367752076
53,2,1,-0.25127424861165754,-1.3074113248075305,0.9983143210411072
53,2,2,-0.24342192834254323,-1.3074113248075305,0.9981482028961182
53,2,3,-0.22771728780431463,-1.3074113248075305,0.9984844923019408
53,2,4,-0.2591265688807718,-1.3074113248075305,0.9982784986495972
53,2,5,-0.25127424861165754,-1.3152636450766448,0.9980189204216005
53,2,6,-0.24342192834254323,-1.3152636450766448,0.998406708240509
53,2,7,-0.14919408511317164,-1.2838543640001876,0.9975539445877076
53,2,8,-0.18845568645874314,-1.291706684269302,0.99830424785614
53,2,9,-0.2591265688807718,-1.1739218802325875,0.9973618388175964
53,2,10,-0.2669788891498861,-1.1739218802325875,0.9975658655166626
53,2,11,-0.16489872565140024,-0.9854661937738444,0.999344527721405
53,2,12,-0.12563712430582877,-0.9933185140429586,0.9984313249588012
53,2,13,-0.14134176484405736,-0.475065376281415,0.6042903065681458
53,2,14,-0.09422784322937157,-0.4593607357431864,0.4944874048233032
53,2,15,-0.4240252945321721,-0.6164071411254723,0.7344373464584351
53,2,16,-0.3219451310336862,-0.5928501803181294,0.5013415813446045
53,2,17,-0.5182531377615436,-0.6399641019328153,0.7246178388595581
53,2,18,-0.44758225533951496,-0.6164071411254723,0.4988892376422882
53,2,19,-0.5025484972233151,-0.6949303438166153,0.7195550799369812
53,2,20,-0.47899153641597214,-0.6713733830092724,0.4966447055339813
53,2,21,-0.48684385668508645,-0.6949303438166153,0.6976195573806763
53,2,22,-0.43187761480128634,-0.6635210627401581,0.4885331690311432
53,2,23,-0.09422784322937157,0.019630800672785744,0.9964536428451538
53,2,24,0.09422784322937157,-0.019630800672785744,0.9945366978645324
53,2,25,-0.13348944457494305,0.8127151478533298,0.5905335545539856
53,2,26,0.09422784322937157,0.7498965857004154,0.5435130000114441
53,2,27,0.10993248376760016,1.558685573419188,0.6530611515045166
53,2,28,0.18845568645874314,1.4880146909971594,0.5943533182144165
53,2,29,0.2591265688807718,1.6686180571867881,0.6889209747314453
53,2,30,0.290535849957229,1.6136518153029882,0.6452125310897827
53,2,31,-0.09422784322937157,1.849221423376417,0.7094154953956604
53,2,32,-0.03140928107645719,1.692175017994131,0.667746365070343
54,1,0,0.07226476669189585,-1.2246976249889718,0.9985547065734864
54,1,1,0.04183749650583444,-1.2855521653610946,0.9984680414199828
54,1,2,0.03423067895931909,-1.29315898290761,0.9983171820640564
54,1,3,0.026623861412803734,-1.29315898290761,0.998621940612793
54,1,4,0.03423067895931909,-1.29315898290761,0.9984353184700012
54,1,5,0.019017043866288382,-1.29315898290761,0.99820077419281
54,1,6,0.01141022631977303,-1.3007658004541254,0.998551905155182
54,1,7,-0.019017043866288382,-1.2855521653610946,0.9977657198905944
54,1,8,-0.05705113159886515,-1.2855521653610946,0.9984649419784546
54,1,9,0.04183749650583444,-1.163843084616849,0.9976034164428712
54,1,10,0.03423067895931909,-1.163843084616849,0.997793972492218
54,1,11,-0.11029885442447261,-0.9888862810469958,0.999370276927948
54,1,12,-0.05705113159886515,-1.0040999161400266,0.99858295917511
54,1,13,-0.049444314052349794,-0.4944431405234979,0.556616485118866
54,1,14,-0.0038034087732576765,-0.4716226878839519,0.5439544916152954
54,1,15,0.03423067895931909,-0.8139294774771427,0.711922287940979
54,1,16,0.15593975970356475,-0.7835022072910813,0.5482439398765564
54,1,17,0.18636702988962614,-0.8976044704888116,0.708432137966156
54,1,18,0.26243520535477965,-0.8747840178492656,0.5433791875839233
54,1,19,0.1635465772500801,-0.9584590108609344,0.7028250694274902
54,1,20,0.23200793516871826,-0.928031740674873,0.5407124757766724
54,1,21,0.08747840178492655,-0.9204249231283577,0.6807295680046082
54,1,22,0.18636702988962614,-0.9128181055818424,0.531165361404419
54,1,23,-0.10269203687795726,0.007606817546515353,0.9965108633041382
54,1,24,0.10269203687795726,-0.007606817546515353,0.9946720600128174
54,1,25,-0.18636702988962614,0.8139294774771427,0.5851259231567383
54,1,26,0.0646579491453805,0.8443567476632041,0.5860124230384827
54,1,27,-0.3461101983664486,1.5593975970356473,0.6611598134040833
54,1,28,-0.21679430007568756,1.6278589549542855,0.631353497505188
54,1,29,-0.42978519137811744,1.681106677779893,0.6967174410820007
54,1,30,-0.3156829281803871,1.7115339479659544,0.6756832003593445
54,1,31,-0.11790567197098797,1.7419612181520159,0.7195813059806824
54,1,32,0.049444314052349794,1.787602123431108,0.6967408061027527
54,2,0,-0.26555379306435384,-1.2405155761720528,0.9985685348510742
54,2,1,-0.22003028568189317,-1.2936263347849235,0.998512327671051
54,2,2,-0.21244303445148305,-1.2936263347849235,0.9983540177345276
54,2,3,-0.20485578322107295,-1.2936263347849235,0.998650074005127
54,2,4,-0.22761753691230327,-1.2936263347849235,0.9984695911407472
54,2,5,-0.22003028568189317,-1.2936263347849235,0.998230755329132
54,2,6,-0.22003028568189317,-1.3012135860153338,0.9985836744308472
54,2,7,-0.14415777337779206,-1.2708645810936932,0.9978774785995485
54,2,8,-0.1517450246082022,-1.2708645810936932,0.998519241809845
54,2,9,-0.2427920393731235,-1.179817566328772,0.9976892471313475
54,2,10,-0.2503792906035336,-1.179817566328772,0.997846782207489
54,2,11,-0.14415777337779206,-0.9977235367989293,0.9994196891784668
54,2,12,-0.0758725123041011,-0.9901362855685192,0.998607099056244
54,2,13,-0.0834597635345112,-0.489377704361452,0.5992642045021057
54,2,14,-0.05311075861287076,-0.4742032019006318,0.4917694926261902
54,2,15,-0.38694981275091556,-0.5880119703567834,0.7351747155189514
54,2,16,-0.18968128076025273,-0.4590286994398116,0.4960286319255829
54,2,17,-0.47040957628542673,-0.5880119703567834,0.7295680642127991
54,2,18,-0.27314104429476393,-0.45144144820940146,0.4929578900337219
54,2,19,-0.46282232505501664,-0.6487099802000643,0.7240171432495117
54,2,20,-0.2959027979859942,-0.5273139605135025,0.4906269311904907
54,2,21,-0.44006057136378635,-0.6487099802000643,0.7010903358459473
54,2,22,-0.27314104429476393,-0.5349012117439127,0.4823677241802215
54,2,23,-0.11380876845615163,0.018968128076025274,0.996671736240387
54,2,24,0.11380876845615163,-0.018968128076025274,0.9947141408920288
54,2,25,-0.09863426599533141,0.7776932511170361,0.6181669235229492
54,2,26,0.09863426599533141,0.694233487582525,0.5496043562889099
54,2,27,0.11380876845615163,1.4453713593931257,0.681267499923706
54,2,28,0.1745067782994325,1.3998478520106652,0.6026793718338013
54,2,29,0.2503792906035336,1.597116384001328,0.71938556432724
54,2,30,0.2579665418339437,1.536418374158047,0.6599021553993225
54,2,31,-0.0758725123041011,1.7033379012270695,0.7335422039031982
54,2,32,0.015174502460820218,1.5819418815405077,0.6719502806663513
55,1,0,0.04782709806569113,-1.2214305044468812,0.9986941814422609
55,1,1,0.033111067891632325,-1.2802946251431164,0.9986408352851868
55,1,2,0.033111067891632325,-1.2802946251431164,0.9984917044639589
55,1,3,0.033111067891632325,-1.2802946251431164,0.99876469373703
55,1,4,0.011037022630544107,-1.2802946251431164,0.9986051917076112
55,1,5,-0.0036790075435147026,-1.2876526402301458,0.9983865022659302
55,1,6,-0.01839503771757351,-1.2876526402301458,0.9987101554870604
55,1,7,-0.011037022630544107,-1.272936610056087,0.99802964925766
55,1,8,-0.07725915841380875,-1.272936610056087,0.9986544847488404
55,1,9,0.033111067891632325,-1.1772824139247047,0.9978784322738647
55,1,10,0.011037022630544107,-1.1772824139247047,0.9980378746986388
55,1,11,-0.08461717350083815,-0.9933320367489696,0.9993854761123656
55,1,12,-0.06990114332677935,-1.0006900518359991,0.9987360835075378
55,1,13,-0.025753052804602918,-0.5297770862661172,0.5511035919189453
55,1,14,-0.040469082978661725,-0.49298701083097013,0.5413452982902527
55,1,15,0.09197518858786756,-0.8388137199213521,0.7131499648094177
55,1,16,0.18762938471924984,-0.7725915841380875,0.5438799858093262
55,1,17,0.18762938471924984,-0.9050358557046168,0.714529812335968
55,1,18,0.27592556576360266,-0.853529750095411,0.5392342805862427
55,1,19,0.19498739980627922,-0.9491839462267933,0.7083237767219543
55,1,20,0.23913549032845566,-0.9050358557046168,0.5366601943969727
55,1,21,0.12876526402301458,-0.927109900965705,0.6847595572471619
55,1,22,0.20970342998033803,-0.8829618104435286,0.5272433161735535
55,1,23,-0.07725915841380875,0.007358015087029405,0.9967800974845886
55,1,24,0.07725915841380875,-0.007358015087029405,0.994956910610199
55,1,25,-0.136123279110044,0.7578755539640287,0.6141465306282043
55,1,26,0.09197518858786756,0.7799495992251169,0.5914810299873352
55,1,27,-0.3200736562857791,1.4495289721447928,0.6921790242195129
55,1,28,-0.17291335454519102,1.5157511079280575,0.6384157538414001
55,1,29,-0.40101182224310256,1.5525411833632043,0.7264041304588318
55,1,30,-0.2906415959376615,1.618763319146469,0.6867548227310181
55,1,31,-0.11404923384895578,1.6040472889724102,0.7459678649902344
55,1,32,0.025753052804602918,1.6849854549297336,0.7006886005401611
55,2,0,-0.27101615076035174,-1.2288540534476222,0.998699188232422
55,2,1,-0.23389065065619397,-1.2808297535934432,0.998658299446106
55,2,2,-0.21904045061453084,-1.2808297535934432,0.998501718044281
55,2,3,-0.2116153505936993,-1.2808297535934432,0.9987781047821044
55,2,4,-0.24131575067702551,-1.2882548536142746,0.998612344264984
55,2,5,-0.23389065065619397,-1.2882548536142746,0.998379111289978
55,2,6,-0.23389065065619397,-1.2882548536142746,0.998702585697174
55,2,7,-0.1447894504062153,-1.26597955355178,0.9981238842010498
55,2,8,-0.16706475046870997,-1.26597955355178,0.9986427426338196
55,2,9,-0.24131575067702551,-1.1768783533018015,0.997975528240204
55,2,10,-0.25616595071868864,-1.1768783533018015,0.998060703277588
55,2,11,-0.10766395030205754,-0.9986759528018441,0.9994375109672546
55,2,12,-0.09281375026039443,-0.9912508527810125,0.9987394213676452
55,2,13,-0.033412950093742,-0.516044451447793,0.5948050022125244
55,2,14,-0.0631133501770682,-0.5086193514269615,0.4896779954433441
55,2,15,-0.3601173510103304,-0.6125707517186032,0.7388529777526855
55,2,16,-0.3081416508645095,-0.5754452516144455,0.4935613572597503
55,2,17,-0.46406875130197217,-0.582870351635277,0.7383331060409546
55,2,18,-0.38981775109365663,-0.5086193514269615,0.4912266731262207
55,2,19,-0.4714938513228037,-0.6348460517810979,0.732397198677063
55,2,20,-0.39724285111448815,-0.5754452516144455,0.489090085029602
55,2,21,-0.4417934512394775,-0.649696251822761,0.7089015245437622
55,2,22,-0.3749675510519935,-0.5902954516561085,0.4811136424541473
55,2,23,-0.040838050114573546,0.011137650031247332,0.9969221353530884
55,2,24,0.040838050114573546,-0.011137650031247332,0.995041847229004
55,2,25,-0.018562750052078886,0.7610727521352343,0.642694890499115
55,2,26,0.07053845019789977,0.7239472520310766,0.5569415092468262
55,2,27,0.1299392503645522,1.4367568540309057,0.7089422345161438
55,2,28,0.12251415034372065,1.347655653780927,0.6188141703605652
55,2,29,0.23389065065619397,1.5407082543225474,0.7436696290969849
55,2,30,0.2116153505936993,1.4887325541767267,0.6742687225341797
55,2,31,-0.0631133501770682,1.6298094545725261,0.758538007736206
55,2,32,-0.040838050114573546,1.5258580542808844,0.6879004836082458
56,1,0,0.04773962347105203,-1.2045074229619281,0.9988149404525756
56,1,1,0.03305050855688218,-1.2632638826186076,0.9987747073173524
56,1,2,0.03305050855688218,-1.2706084400756925,0.9986284375190736
56,1,3,0.040395066013967106,-1.2706084400756925,0.9988824725151062
56,1,4,0.011016836185627392,-1.2632638826186076,0.9987357258796692
56,1,5,-0.003672278728542464,-1.2706084400756925,0.9985227584838868
56,1,6,-0.01836139364271232,-1.2706084400756925,0.9988191723823548
56,1,7,0.003672278728542464,-1.2632638826186076,0.9982600808143616
56,1,8,-0.07711785329939175,-1.2632638826186076,0.9987678527832032
56,1,9,0.040395066013967106,-1.1677846356765036,0.998143196105957
56,1,10,0.011016836185627392,-1.1677846356765036,0.998235821723938
56,1,11,-0.03305050855688218,-0.9915152567064653,0.9993954300880432
56,1,12,-0.062428738385221894,-1.0062043716206353,0.9988569617271424
56,1,13,0.01836139364271232,-0.5434972518242847,0.5484513640403748
56,1,14,-0.040395066013967106,-0.4920853496246902,0.5396839380264282
56,1,15,0.12852975549898624,-0.8299349926505969,0.7167112827301025
56,1,16,0.17259710024149583,-0.7858676479080873,0.541920006275177
56,1,17,0.2166644449840054,-0.9107251246785311,0.7211743593215942
56,1,18,0.26073178972651495,-0.8519686650218516,0.5379948616027832
56,1,19,0.22400900244109032,-0.9401033545068708,0.7142773270606995
56,1,20,0.23135355989817524,-0.9033805672214462,0.5356034636497498
56,1,21,0.16525254278441087,-0.925414239592701,0.6903190016746521
56,1,22,0.1946307726127506,-0.8886914523072763,0.5267073512077332
56,1,23,-0.01836139364271232,0.007344557457084928,0.9970173835754396
56,1,24,0.01836139364271232,-0.007344557457084928,0.9952950477600098
56,1,25,-0.09915152567064653,0.7638339755368325,0.6403795480728149
56,1,26,0.0918069682135616,0.7785230904510024,0.5990643501281738
56,1,27,-0.2974545770119396,1.4542223765028157,0.7211319208145142
56,1,28,-0.17259710024149583,1.4982897212453254,0.6537302136421204
56,1,29,-0.3782447090398738,1.5570461809020049,0.7516090273857117
56,1,30,-0.2754209046406848,1.6011135256445144,0.700197696685791
56,1,31,-0.09915152567064653,1.6084580831015993,0.7714290022850037
56,1,32,0.003672278728542464,1.6672145427582787,0.7157015800476074
56,2,0,-0.27986243602198513,-1.223931720202815,0.998802661895752
56,2,1,-0.2350844462584675,-1.2836357065541717,0.9987776875495912
56,2,2,-0.22762144796454792,-1.2836357065541717,0.998628556728363
56,2,3,-0.2126954513767087,-1.2836357065541717,0.9988833665847778
56,2,4,-0.2425474445523871,-1.2836357065541717,0.9987205862998962
56,2,5,-0.2350844462584675,-1.2910987048480913,0.9984978437423706
56,2,6,-0.2350844462584675,-1.2910987048480913,0.998794972896576
56,2,7,-0.14552846673143227,-1.2687097099663327,0.9983274936676024
56,2,8,-0.16791746161319107,-1.2687097099663327,0.9987509250640868
56,2,9,-0.2425474445523871,-1.1791537304392974,0.9982160925865172
56,2,10,-0.2574734411402263,-1.1791537304392974,0.998232901096344
56,2,11,-0.07836148208615584,-1.0000417713852268,0.999448537826538
56,2,12,-0.09328747867399505,-0.9925787730913073,0.9988345503807068
56,2,13,-0.011194497440879405,-0.5149468822804526,0.5927493572235107
56,2,14,-0.07089848379223623,-0.507483883986533,0.4885154664516449
56,2,15,-0.3619554172551008,-0.6045028618074879,0.7430048584938049
56,2,16,-0.32464042578550273,-0.6045028618074879,0.4922231435775757
56,2,17,-0.45897439507605564,-0.5821138669257291,0.745505154132843
56,2,18,-0.39927040872469877,-0.5671878703378899,0.4904541671276092
56,2,19,-0.4664373933699752,-0.6343548549831663,0.7390080094337463
56,2,20,-0.414196405312538,-0.6045028618074879,0.4883910119533539
56,2,21,-0.4365854001942968,-0.6492808515710055,0.7154662609100342
56,2,22,-0.39180741043077916,-0.6194288583953271,0.4808355867862701
56,2,23,-0.026120494028718612,0.014925996587839207,0.9971358776092528
56,2,24,0.026120494028718612,-0.014925996587839207,0.9952793121337892
56,2,25,-0.033583492322638214,0.7686888242737192,0.6668331623077393
56,2,26,0.07089848379223623,0.7239108345102016,0.5631510019302368
56,2,27,0.12313947184967346,1.4403586707264835,0.7356134653091431
56,2,28,0.14552846673143227,1.3508026911994482,0.6300575137138367
56,2,29,0.22762144796454792,1.544840646841358,0.767906904220581
56,2,30,0.2350844462584675,1.470210663902162,0.6855571866035461
56,2,31,-0.07089848379223623,1.6343966263683931,0.7817997932434082
56,2,32,-0.026120494028718612,1.544840646841358,0.6992828249931335
57,1,0,0.029605070450547194,-1.22490978989139,0.9988797903060912
57,1,1,0.0074012676126367985,-1.2915211984051214,0.9988515377044678
57,1,2,0.0074012676126367985,-1.2915211984051214,0.9987066388130188
57,1,3,0.0074012676126367985,-1.298922466017758,0.9989530444145204
57,1,4,0.0074012676126367985,-1.298922466017758,0.9988059401512146
57,1,5,0.0,-1.298922466017758,0.9985945820808412
57,1,6,0.0,-1.306323733630395,0.9988741874694824
57,1,7,-0.014802535225273597,-1.2915211984051214,0.9983763098716736
57,1,8,-0.022203802837910395,-1.298922466017758,0.9988146424293518
57,1,9,0.03700633806318399,-1.1805021842155694,0.9982799291610718
57,1,10,0.029605070450547194,-1.1805021842155694,0.998332977294922
57,1,11,-0.03700633806318399,-0.9880692262870127,0.999318778514862
57,1,12,-0.04440760567582079,-1.010273029124923,0.998904585838318
57,1,13,0.03700633806318399,-0.5365919019161679,0.545123279094696
57,1,14,-0.03700633806318399,-0.4995855638529839,0.536690354347229
57,1,15,0.25904436644228795,-0.714222324619451,0.718930721282959
57,1,16,0.17763042270328316,-0.7734324655205455,0.5388041138648987
57,1,17,0.31825450734338234,-0.8326426064216398,0.7283280491828918
57,1,18,0.25164309882965114,-0.8770502120974606,0.5353801250457764
57,1,19,0.30345197211810876,-0.8622476768721871,0.721801221370697
57,1,20,0.22203802837910397,-0.9066552825480079,0.5328394770622253
57,1,21,0.28124816928019836,-0.8252413388090031,0.6970065236091614
57,1,22,0.19983422554119357,-0.8770502120974606,0.522884726524353
57,1,23,-0.05921014090109439,-0.0037006338063183992,0.9969860911369324
57,1,24,0.05921014090109439,0.0037006338063183992,0.995351493358612
57,1,25,-0.10361774657691518,0.714222324619451,0.6580243706703186
57,1,26,0.11842028180218878,0.8178400711963663,0.6034594774246216
57,1,27,-0.29605070450547194,1.372935142144126,0.739208996295929
57,1,28,-0.14802535225273597,1.4839541563336782,0.6633595824241638
57,1,29,-0.3700633806318399,1.4839541563336782,0.7665781378746033
57,1,30,-0.23684056360437755,1.5875719029105932,0.7094974517822266
57,1,31,-0.11101901418955198,1.5135592267842253,0.7853376269340515
57,1,32,0.05921014090109439,1.5949731705232302,0.724392294883728
57,2,0,-0.3335308687755709,-1.2674173013471695,0.9989508986473083
57,2,1,-0.2785963727419475,-1.3301995825284534,0.9989290237426758
57,2,2,-0.270748587594287,-1.3301995825284534,0.9987918734550476
57,2,3,-0.255053017298966,-1.322351797380793,0.9990248680114746
57,2,4,-0.29429194303726847,-1.3301995825284534,0.9988787174224854
57,2,5,-0.286444157889608,-1.338047367676114,0.998676896095276
57,2,6,-0.286444157889608,-1.338047367676114,0.99893981218338
57,2,7,-0.18442295097002157,-1.2988084419378114,0.9985032081604004
57,2,8,-0.20011852126534255,-1.306656227085472,0.9988582730293274
57,2,9,-0.30213972818492896,-1.2046350201658855,0.9983941912651062
57,2,10,-0.31783529848024994,-1.2046350201658855,0.9983855485916138
57,2,11,-0.12164066978873764,-0.9927448211790523,0.9993741512298584
57,2,12,-0.17657516582236107,-0.9848970360313918,0.998828947544098
57,2,13,-0.035315033164472216,-0.4983343568764413,0.5892624855041504
57,2,14,-0.19227073611768206,-0.5061821420241017,0.4902561604976654
57,2,15,-0.38846536480919436,-0.6003555637960276,0.7437082529067993
57,2,16,-0.4433998608428178,-0.6317467043866697,0.4944760501384735
57,2,17,-0.5218777123194227,-0.5925077786483671,0.7493809461593628
57,2,18,-0.5454210677624042,-0.6238989192390092,0.493331640958786
57,2,19,-0.5218777123194227,-0.6552900598296512,0.743175745010376
57,2,20,-0.5297254974670832,-0.6788334152726326,0.4910680949687958
57,2,21,-0.4826387865811203,-0.6709856301249721,0.7187164425849915
57,2,22,-0.4983343568764413,-0.6709856301249721,0.4827748835086822
57,2,23,0.027467248016811722,-0.003923892573830246,0.9970623254776
57,2,24,-0.027467248016811722,0.003923892573830246,0.995355486869812
57,2,25,0.0510106034597932,0.7573112667492375,0.6567949056625366
57,2,26,0.027467248016811722,0.7259201261585956,0.5580215454101562
57,2,27,0.17657516582236107,1.4400685745957003,0.7352334260940552
57,2,28,0.16872738067470058,1.3458951528237744,0.6205928921699524
57,2,29,0.286444157889608,1.5813287072535893,0.7710475921630859
57,2,30,0.2629008024466265,1.4557641448910212,0.6740860342979431
57,2,31,-0.058858388607453696,1.5499375666629474,0.78229820728302
57,2,32,-0.011771677721490738,1.5106986409246448,0.6896618008613586
58,1,0,0.15264396195109384,-1.2860253794379657,0.9990409016609192
58,1,1,0.12974736765842976,-1.354715162315958,0.9990165829658508
58,1,2,0.12974736765842976,-1.354715162315958,0.99888813495636
58,1,3,0.12974736765842976,-1.3623473604135126,0.9991050958633424
58,1,4,0.12211516956087508,-1.354715162315958,0.998974084854126
58,1,5,0.11448297146332038,-1.3623473604135126,0.998786211013794
58,1,6,0.10685077336576569,-1.3623473604135126,0.9990274906158448
58,1,7,0.11448297146332038,-1.3470829642184032,0.998615860939026
58,1,8,0.0915863771706563,-1.3470829642184032,0.9989535808563232
58,1,9,0.13737956575598445,-1.2325999927550828,0.9985268712043762
58,1,10,0.12211516956087508,-1.2325999927550828,0.9985311627388
58,1,11,0.053425386682882846,-0.9960018517308873,0.9994083046913148
58,1,12,-0.015264396195109385,-1.003634049828442,0.9989401698112488
58,1,13,0.11448297146332038,-0.5151733715849417,0.554207444190979
58,1,14,0.022896594292664076,-0.4846445791947229,0.5405725836753845
58,1,15,0.3052879239021877,-0.705978324023809,0.7422877550125122
58,1,16,0.33581671629240645,-0.7365071164140278,0.5439137816429138
58,1,17,0.3663455086826252,-0.7517715126091372,0.7498794198036194
58,1,18,0.4655640839508362,-0.7365071164140278,0.5417958498001099
58,1,19,0.42740309346306277,-0.80519689929202,0.7438374757766724
58,1,20,0.44266748965817215,-0.7899325030969107,0.5394905805587769
58,1,21,0.396874301072844,-0.80519689929202,0.7181066274642944
58,1,22,0.3892421029752893,-0.7899325030969107,0.530325710773468
58,1,23,0.0,-0.011448297146332038,0.9971572756767272
58,1,24,0.0,0.011448297146332038,0.995583713054657
58,1,25,0.06105758478043754,0.6754495316335902,0.6511701941490173
58,1,26,0.2747591315119689,0.7365071164140278,0.5989579558372498
58,1,27,-0.2060693486339767,1.3394507661208483,0.7379150390625
58,1,28,-0.12211516956087508,1.2707609832428561,0.6540950536727905
58,1,29,-0.2823913296095236,1.469198133779278,0.7695430517196655
58,1,30,-0.22133374482908608,1.469198133779278,0.7004843354225159
58,1,31,-0.08395417907310161,1.446301539486614,0.7857261300086975
58,1,32,0.12974736765842976,1.4081405489988408,0.7160847187042236
58,2,0,-0.34813370902132723,-1.3045010246086515,0.9987421631813048
58,2,1,-0.30011526639769587,-1.360522541002888,0.998778223991394
58,2,2,-0.29211219262709065,-1.360522541002888,0.9986567497253418
58,2,3,-0.2761060450858802,-1.360522541002888,0.9988996982574464
58,2,4,-0.30811834016830114,-1.360522541002888,0.9986474514007568
58,2,5,-0.30011526639769587,-1.3685256147734932,0.9984302520751952
58,2,6,-0.29211219262709065,-1.3685256147734932,0.9987017512321472
58,2,7,-0.22008452869164366,-1.3285102459204672,0.9984278082847596
58,2,8,-0.2360906762328541,-1.3285102459204672,0.9986204504966736
58,2,9,-0.3241244877095116,-1.2324733606732046,0.9983516931533812
58,2,10,-0.340130635250722,-1.2324733606732046,0.9979448318481444
58,2,11,-0.14005379098559143,-0.9923811475550477,0.9994550943374634
58,2,12,-0.21208145492103844,-0.9763750000138373,0.998748242855072
58,2,13,-0.044016905738328733,-0.4721813524657082,0.5971028208732605
58,2,14,-0.22008452869164366,-0.49619057377752385,0.4908532500267029
58,2,15,-0.4041552254155638,-0.6002305327953917,0.7652063965797424
58,2,16,-0.42016137295677425,-0.608233606565997,0.4970992803573608
58,2,17,-0.5402074795158526,-0.6242397541072074,0.7702454924583435
58,2,18,-0.5081951844334317,-0.6322428278778127,0.497220903635025
58,2,19,-0.5081951844334317,-0.6962674180426545,0.7645472288131714
58,2,20,-0.49218903689222127,-0.6722581967308388,0.4949566125869751
58,2,21,-0.4681798155804056,-0.7042704918132597,0.7386426329612732
58,2,22,-0.4681798155804056,-0.6722581967308388,0.4871366620063782
58,2,23,-0.004001536885302612,0.0,0.9971063733100892
58,2,24,0.004001536885302612,0.0,0.9950679540634156
58,2,25,-0.07602920082074963,0.7282797131250753,0.6577101349830627
58,2,26,-0.012004610655907836,0.6482489754190232,0.5515134334564209
58,2,27,0.09203534836196008,1.3845317623147038,0.7415161728858948
58,2,28,0.060023053279539176,1.25648258198502,0.6083472371101379
58,2,29,0.2040783811504332,1.4885717213325715,0.7764033079147339
58,2,30,0.16406301229740708,1.3765286885440984,0.6654051542282104
58,2,31,-0.11604456967377574,1.504577868873782,0.785434901714325
58,2,32,-0.15605993852680186,1.3685256147734932,0.6777727007865906
59,1,0,0.16527421792530808,-1.3060694294585322,0.9988588094711304
59,1,1,0.14108774700940935,-1.3705666852342622,0.998888909816742
59,1,2,0.1330255900374431,-1.3786288422062283,0.998775839805603
59,1,3,0.1330255900374431,-1.3786288422062283,0.9989972710609436
59,1,4,0.1330255900374431,-1.3705666852342622,0.998773992061615
59,1,5,0.12496343306547684,-1.3705666852342622,0.9985747933387756
59,1,6,0.1169012760935106,-1.3786288422062283,0.9988219738006592
59,1,7,0.1169012760935106,-1.3463802143183634,0.9985620975494384
59,1,8,0.09271480517761185,-1.3463802143183634,0.9987499117851256
59,1,9,0.1491499039813756,-1.233510016710836,0.9984838962554932
59,1,10,0.14108774700940935,-1.233510016710836,0.9981353282928468
59,1,11,0.012093235457949372,-1.007769621495781,0.9994744062423706
59,1,12,0.036279706373848114,-0.9916453075518484,0.9988682270050048
59,1,13,0.0685283342617131,-0.4837294183179749,0.5494143962860107
59,1,14,0.028217549401881866,-0.43535647648617737,0.5407184362411499
59,1,15,0.20558500278513933,-0.6772211856451649,0.7302321195602417
59,1,16,0.41520108405626177,-0.6530347147292661,0.5443257689476013
59,1,17,0.391014613140363,-0.6852833426171311,0.7422547936439514
59,1,18,0.5683820665236204,-0.7014076565610635,0.5424562096595764
59,1,19,0.43938755497216053,-0.749780598392861,0.7366496920585632
59,1,20,0.5603199095516542,-0.749780598392861,0.5402215123176575
59,1,21,0.294268729476768,-0.8062156971966248,0.7112988829612732
59,1,22,0.5038848107478905,-0.7417184414208948,0.5313873291015625
59,1,23,-0.05240402031778061,-0.008062156971966248,0.9971466064453124
59,1,24,0.05240402031778061,0.008062156971966248,0.9953515529632568
59,1,25,0.16527421792530808,0.7255941274769623,0.6448149681091309
59,1,26,0.34264167130856554,0.6852833426171311,0.5939489006996155
59,1,27,-0.012093235457949372,1.3141315864304983,0.7297673225402832
59,1,28,-0.07659049123367935,1.3866909991781946,0.6399900317192078
59,1,29,-0.12496343306547684,1.4108774700940934,0.7573806047439575
59,1,30,-0.20558500278513933,1.5076233537576884,0.6886284351348877
59,1,31,0.1169012760935106,1.4673125688978572,0.7720515727996826
59,1,32,0.09271480517761185,1.5479341386175196,0.7013837099075317
59,2,0,-0.45103116234826834,-1.297778344492659,0.9986855387687684
59,2,1,-0.40848105269277135,-1.3658585199414541,0.9987703561782836
59,2,2,-0.39997103076167195,-1.3658585199414541,0.9986305236816406
59,2,3,-0.38295098689947316,-1.3658585199414541,0.9988561272621156
59,2,4,-0.40848105269277135,-1.3658585199414541,0.998656451702118
59,2,5,-0.39997103076167195,-1.3658585199414541,0.9984549283981324
59,2,6,-0.39146100883057255,-1.3658585199414541,0.9987277388572692
59,2,7,-0.3148708114506779,-1.3233084102859571,0.9984396696090698
59,2,8,-0.3233808333817773,-1.3318184322170565,0.9987363815307616
59,2,9,-0.43401111848606955,-1.2211881471127644,0.998370885848999
59,2,10,-0.43401111848606955,-1.2211881471127644,0.997933566570282
59,2,11,-0.2723207017951809,-0.9829075330419811,0.999468207359314
59,2,12,-0.21275054827748507,-0.9573774672486829,0.9987652897834778
59,2,13,-0.14467037282868986,-0.42124608558942045,0.5924368500709534
59,2,14,-0.21275054827748507,-0.43826612945161925,0.4930613934993744
59,2,15,-0.5361313816592624,-0.5403863926248121,0.7541487216949463
59,2,16,-0.4935812720037654,-0.5318763706937127,0.5009414553642273
59,2,17,-0.6637817106257534,-0.5148563268315138,0.7631880044937134
59,2,18,-0.6042115571080576,-0.5318763706937127,0.5010746717453003
59,2,19,-0.6297416229013558,-0.6169765900047067,0.7577200531959534
59,2,20,-0.612721579039157,-0.5659164584181103,0.4989693462848663
59,2,21,-0.5957015351769582,-0.6339966338669055,0.7325095534324646
59,2,22,-0.6042115571080576,-0.5318763706937127,0.4918335080146789
59,2,23,-0.06808017544879523,0.004255010965549702,0.9963963627815248
59,2,24,0.06808017544879523,-0.004255010965549702,0.9942004680633544
59,2,25,-0.26381067986408147,0.7105868312468001,0.6748282313346863
59,2,26,-0.06808017544879523,0.6510166777291043,0.5628727078437805
59,2,27,-0.12765032896649103,1.3147983883548577,0.7414364814758301
59,2,28,-0.034040087724397615,1.340328454148156,0.6107441186904907
59,2,29,-0.008510021931099404,1.4509587392524481,0.7756333351135254
59,2,30,0.05106013158659642,1.484998826976846,0.6739581227302551
59,2,31,-0.2893407456573797,1.4764888050457463,0.7740700840950012
59,2,32,-0.2893407456573797,1.4509587392524481,0.6676284670829773
60,1,0,0.08473359271643843,-1.292187288925686,0.9987501502037048
60,1,1,0.0593135149015069,-1.351500803827193,0.9988016486167908
60,1,2,0.06778687417315074,-1.351500803827193,0.998657524585724
60,1,3,0.06778687417315074,-1.351500803827193,0.9988905191421508
60,1,4,0.042366796358219216,-1.351500803827193,0.9987170696258544
60,1,5,0.025420077814931528,-1.351500803827193,0.9985191822052002
60,1,6,0.008473359271643843,-1.351500803827193,0.9987793564796448
60,1,7,0.050840155629863056,-1.3345540852839053,0.9984752535820008
60,1,8,0.025420077814931528,-1.3176073667406176,0.998754620552063
60,1,9,0.08473359271643843,-1.2159270554808914,0.998319447040558
60,1,10,0.0593135149015069,-1.2159270554808914,0.997985541820526
60,1,11,-0.016946718543287685,-1.0125664329614392,0.9994400143623352
60,1,12,0.050840155629863056,-0.9871463551465077,0.9988651275634766
60,1,13,0.016946718543287685,-0.5550050322926717,0.549369752407074
60,1,14,0.09320695198808228,-0.40248456540308253,0.5423020124435425
60,1,15,0.12710038907465765,-0.7753123733554116,0.7077745795249939
60,1,16,0.41519460431054833,-0.5804251101076032,0.5465428233146667
60,1,17,0.11015367053136996,-0.868519325343494,0.720538318157196
60,1,18,0.6016085082867129,-0.6143185471941787,0.5447894930839539
60,1,19,0.1779405447045207,-0.8854660438867816,0.716086745262146
60,1,20,0.5846617897434252,-0.6736320620956855,0.542948842048645
60,1,21,0.16946718543287687,-0.8430992475285624,0.6921947598457336
60,1,22,0.5084015562986306,-0.6566853435523978,0.5347129702568054
60,1,23,-0.016946718543287685,-0.004236679635821921,0.9965221881866456
60,1,24,0.016946718543287685,0.004236679635821921,0.9945245981216432
60,1,25,0.16946718543287687,0.7414189362688363,0.6509851813316345
60,1,26,0.21183398179109608,0.7583656548121239,0.5976512432098389
60,1,27,0.11015367053136996,1.3853942409137683,0.7169205546379089
60,1,28,-0.016946718543287685,1.4616544743585629,0.6380465626716614
60,1,29,0.1779405447045207,1.5463880670750014,0.747237503528595
60,1,30,-0.20336062251945222,1.6057015819765084,0.6921305060386658
60,1,31,0.24572741887767144,1.563334785618289,0.7513555884361267
60,1,32,0.06778687417315074,1.6311216597914397,0.6890746355056763
60,2,0,-0.4782976914003143,-1.3286046983342064,0.9985809922218324
60,2,1,-0.41629613881138466,-1.3817488862675746,0.9987198710441588
60,2,2,-0.39858140950026194,-1.3817488862675746,0.9985411763191224
60,2,3,-0.3897240448447005,-1.3728915216120132,0.9988009333610536
60,2,4,-0.425153503466946,-1.390606250923136,0.9986090064048768
60,2,5,-0.425153503466946,-1.390606250923136,0.9983839392662048
60,2,6,-0.41629613881138466,-1.390606250923136,0.998692750930786
60,2,7,-0.32772249225577094,-1.3286046983342064,0.9984113574028016
60,2,8,-0.354294586222455,-1.3374620629897678,0.998715877532959
60,2,9,-0.45172559743363017,-1.2400310517785926,0.9982155561447144
60,2,10,-0.4605829620891915,-1.248888416434154,0.9977408051490784
60,2,11,-0.27457830432240266,-0.9831674767673128,0.9993735551834106
60,2,12,-0.212576751733473,-0.9565953828006286,0.9986745119094848
60,2,13,-0.1771472931112275,-0.41629613881138466,0.5887712836265564
60,2,14,-0.1505751991445434,-0.4074387741558233,0.4934152662754059
60,2,15,-0.5934434319226122,-0.5137271500225599,0.7271977663040161
60,2,16,-0.4960124207114371,-0.5048697853669984,0.5000192523002625
60,2,17,-0.7351612664115942,-0.5137271500225599,0.7352224588394165
60,2,18,-0.5580139733003667,-0.4960124207114371,0.5005690455436707
60,2,19,-0.6997318077893487,-0.6200155258892963,0.7303211092948914
60,2,20,-0.6111581612337349,-0.5402992439892439,0.4989306926727295
60,2,21,-0.6465876198559805,-0.6023007965781736,0.7048996090888977
60,2,22,-0.5757287026114895,-0.5580139733003667,0.492519348859787
60,2,23,-0.05314418793336825,0.008857364655561376,0.9954731464385986
60,2,24,0.05314418793336825,-0.008857364655561376,0.9928756952285768
60,2,25,-0.3011503982890868,0.7351612664115942,0.6564280986785889
60,2,26,-0.1505751991445434,0.6997318077893487,0.5477232336997986
60,2,27,-0.2214341163890344,1.3817488862675746,0.6959726810455322
60,2,28,-0.12400310517785927,1.41717834488982,0.5841525197029114
60,2,29,-0.11514574052229788,1.4791798974787498,0.7519094347953796
60,2,30,-0.026572093966684127,1.558896179378802,0.6472726464271545
60,2,31,-0.3011503982890868,1.5146093561009952,0.7215903401374817
60,2,32,-0.31000776294464816,1.550038814723241,0.6311582922935486
61,1,0,0.10571764038481342,-1.3170656031274672,0.9986525774002076
61,1,1,0.07928823028861007,-1.387544030050676,0.9987515211105348
61,1,2,0.07928823028861007,-1.387544030050676,0.9985649585723876
61,1,3,0.07928823028861007,-1.387544030050676,0.9988341331481934
61,1,4,0.061668623557807827,-1.3963538334160772,0.998681902885437
61,1,5,0.05285882019240671,-1.3963538334160772,0.9984601736068726
61,1,6,0.035239213461604475,-1.3963538334160772,0.9987553358078004
61,1,7,0.04404901682700559,-1.3611146199544728,0.9984312057495116
61,1,8,0.0,-1.3611146199544728,0.9987549185752868
61,1,9,0.0969078370194123,-1.237777372838857,0.998160481452942
61,1,10,0.07047842692320895,-1.237777372838857,0.997819185256958
61,1,11,-0.04404901682700559,-1.008722485338428,0.9993454217910768
61,1,12,0.017619606730802238,-0.9911028786076258,0.9987878799438475
61,1,13,0.07047842692320895,-0.48894408677976203,0.5463316440582275
61,1,14,0.13214705048101677,-0.4008460531257509,0.5429220795631409
61,1,15,0.1409568538464179,-0.7708577944725978,0.6850710511207581
61,1,16,0.41406075817385257,-0.5682323170683721,0.5472977757453918
61,1,17,0.15857646057722014,-0.8501460247612079,0.6971145868301392
61,1,18,0.599066628847276,-0.5858519237991744,0.546464204788208
61,1,19,0.16738626394262124,-0.8677656314920101,0.6930797100067139
61,1,20,0.5726372187510727,-0.6210911372607788,0.5449339747428894
61,1,21,0.17619606730802237,-0.8325264180304056,0.6689174175262451
61,1,22,0.5021587918278637,-0.6210911372607788,0.5371795296669006
61,1,23,-0.008809803365401119,0.013214705048101677,0.9956499338150024
61,1,24,0.008809803365401119,-0.013214705048101677,0.9932525157928468
61,1,25,0.1409568538464179,0.7708577944725978,0.6358338594436646
61,1,26,0.2026254774042257,0.7708577944725978,0.586137056350708
61,1,27,0.035239213461604475,1.466832260339286,0.6787932515144348
61,1,28,-0.035239213461604475,1.5020714738008907,0.6152195334434509
61,1,29,-0.07047842692320895,1.5901695074549018,0.7273702621459961
61,1,30,-0.17619606730802237,1.6430283276473086,0.6680033206939697
61,1,31,0.1938156740388246,1.616598917551105,0.7078378200531006
61,1,32,0.04404901682700559,1.6870773444743141,0.6573877930641174
61,2,0,-0.5004960820381523,-1.3258755857501932,0.998603343963623
61,2,1,-0.43903165091066,-1.3873400168776855,0.9987463355064392
61,2,2,-0.42147038487423355,-1.3785593838594723,0.9985570907592772
61,2,3,-0.41268975185602036,-1.3785593838594723,0.9988251328468324
61,2,4,-0.4478122839288732,-1.3961206498958987,0.998663604259491
61,2,5,-0.43903165091066,-1.3961206498958987,0.9984329342842102
61,2,6,-0.4302510178924468,-1.3961206498958987,0.9987319707870485
61,2,7,-0.3424446877103148,-1.3258755857501932,0.9984686374664308
61,2,8,-0.3775672197831676,-1.3434368517866195,0.9987407326698304
61,2,9,-0.47415418298351275,-1.238069255568061,0.9981600642204284
61,2,10,-0.482934816001726,-1.2468498885862744,0.9977053999900818
61,2,11,-0.2721996235646092,-0.9746502650216652,0.999347686767578
61,2,12,-0.2458577245099696,-0.9570889989852387,0.9986230134963988
61,2,13,-0.1580513943278376,-0.40390911883780717,0.5889437198638916
61,2,14,-0.1843932933824772,-0.40390911883780717,0.4922169148921966
61,2,15,-0.6322055773113504,-0.4917154490199392,0.7112019062042236
61,2,16,-0.5356186141110052,-0.47415418298351275,0.4983783960342407
61,2,17,-0.7639150725845484,-0.482934816001726,0.7192291617393494
61,2,18,-0.6409862103295636,-0.5180573480745788,0.4992386698722839
61,2,19,-0.7375731735299088,-0.570741146183858,0.7150285243988037
61,2,20,-0.65854747636599,-0.526837981092792,0.4978589415550232
61,2,21,-0.6848893754206296,-0.570741146183858,0.6887869834899902
61,2,22,-0.6409862103295636,-0.526837981092792,0.4915600121021271
61,2,23,-0.0351225320728528,0.0,0.9955366253852844
61,2,24,0.0351225320728528,0.0,0.9931013584136964
61,2,25,-0.35122532072852797,0.7024506414570559,0.6598085165023804
61,2,26,-0.1843932933824772,0.7024506414570559,0.5520634055137634
61,2,27,-0.20195455941890358,1.369778750841259,0.6960022449493408
61,2,28,-0.11414822923677159,1.4663657140416042,0.5937342047691345
61,2,29,-0.0965869632003452,1.457585081023391,0.7476638555526733
61,2,30,-0.0175612660364264,1.6068558423330155,0.6557095050811768
61,2,31,-0.29854152261924877,1.5629526772419495,0.7205911874771118
61,2,32,-0.36000595374674116,1.6156364753512287,0.6330858469009399
62,1,0,0.14599548960745612,-1.359582996969435,0.9986597895622252
62,1,1,0.11862133530605809,-1.4417054598736292,0.998772144317627
62,1,2,0.11862133530605809,-1.4417054598736292,0.9985770583152772
62,1,3,0.11862133530605809,-1.4417054598736292,0.9988551139831544
62,1,4,0.10949661720559208,-1.450830177974095,0.998710572719574
62,1,5,0.09124718100466007,-1.450830177974095,0.9984802007675172
62,1,6,0.08212246290419406,-1.450830177974095,0.9987714290618896
62,1,7,0.09124718100466007,-1.405206587471765,0.9983882308006288
62,1,8,0.04562359050233004,-1.405206587471765,0.998758852481842
62,1,9,0.1368707715069901,-1.277460534065241,0.9980427026748656
62,1,10,0.11862133530605809,-1.277460534065241,0.9977387189865112
62,1,11,-0.07299774480372806,-1.0037189910512607,0.9993194937705994
62,1,12,-0.009124718100466007,-0.9945942729507947,0.998734176158905
62,1,13,0.11862133530605809,-0.47448534122423236,0.5399760007858276
62,1,14,0.20074379821025215,-0.3923628783200383,0.5413576364517212
62,1,15,0.2646168249135142,-0.6569797032335525,0.6647801995277405
62,1,16,0.48361005932469836,-0.6752291394344845,0.5446555614471436
62,1,17,0.32848985161677624,-0.6752291394344845,0.6765437722206116
62,1,18,0.6204808308316885,-0.7573516023386786,0.5430773496627808
62,1,19,0.33761456971724224,-0.7208527299368146,0.6734494566917419
62,1,20,0.5839819584298245,-0.7847257566400766,0.5416123270988464
62,1,21,0.31936513351631024,-0.7117280118363485,0.6496970057487488
62,1,22,0.5201089317265624,-0.7756010385396106,0.5326427221298218
62,1,23,-0.02737415430139802,-0.009124718100466007,0.9957838654518129
62,1,24,0.02737415430139802,0.009124718100466007,0.9934105277061462
62,1,25,0.20074379821025215,0.7664763204391446,0.6333013772964478
62,1,26,0.2554921068130482,0.8029751928410086,0.5900135636329651
62,1,27,0.2554921068130482,1.4964537684764252,0.6869911551475525
62,1,28,0.09124718100466007,1.5329526408782892,0.6245580315589905
62,1,29,0.2554921068130482,1.6059503856820172,0.7292649745941162
62,1,30,-0.19161908010978615,1.6606986942848132,0.6726782321929932
62,1,31,0.6843538575349505,1.6698234123852793,0.716776967048645
62,1,32,0.08212246290419406,1.7519458752894732,0.6602678298950195
62,2,0,-0.5009227454595404,-1.3343163396754127,0.998753786087036
62,2,1,-0.4388615203583584,-1.3963775647765948,0.9988746047019958
62,2,2,-0.4299956310581895,-1.3963775647765948,0.998693585395813
62,2,3,-0.4122638524578518,-1.3963775647765948,0.9989500045776368
62,2,4,-0.44772740965852725,-1.4052434540767638,0.9988152384757996
62,2,5,-0.4388615203583584,-1.4052434540767638,0.998599648475647
62,2,6,-0.4388615203583584,-1.4052434540767638,0.998870313167572
62,2,7,-0.36793440595700755,-1.3431822289755817,0.9985279440879822
62,2,8,-0.38566618455734525,-1.3609140075759194,0.9988622665405272
62,2,9,-0.46545918825886495,-1.2456574466737242,0.9982019662857056
62,2,10,-0.4743250775590338,-1.2545233359738932,0.9978955388069152
62,2,11,-0.279275512955319,-0.9619489890683209,0.9993686079978944
62,2,12,-0.2349460664544747,-0.9708148783684898,0.9987459778785706
62,2,13,-0.2349460664544747,-0.3945320738575141,0.5830212235450745
62,2,14,-0.15515306275295498,-0.40339796315768295,0.4898694455623626
62,2,15,-0.6605087528625798,-0.5097886347597093,0.6937580108642578
62,2,16,-0.527520413360047,-0.4743250775590338,0.4951792657375335
62,2,17,-0.7934970923651127,-0.5009227454595404,0.7020625472068787
62,2,18,-0.6339110849620733,-0.4743250775590338,0.4952853620052337
62,2,19,-0.766899424464606,-0.5895816384612289,0.6988125443458557
62,2,20,-0.6959723100632552,-0.5363863026602158,0.4939587712287903
62,2,21,-0.7225699779637618,-0.5984475277613978,0.6731876134872437
62,2,22,-0.5541180812605535,-0.46545918825886495,0.4863602519035339
62,2,23,-0.04876239115092871,0.004432944650084428,0.9960712790489196
62,2,24,0.04876239115092871,-0.004432944650084428,0.9937936067581176
62,2,25,-0.5186545240598781,0.651642863562411,0.6622810363769531
62,2,26,-0.2349460664544747,0.6782405314629175,0.5667597651481628
62,2,27,-0.2970072915556567,1.449572900577608,0.7127848267555237
62,2,28,-0.03989650185075985,1.4939023470784523,0.6187694072723389
62,2,29,-0.2970072915556567,1.564829461479803,0.7512591481208801
62,2,30,0.013298833950253284,1.6534883544814916,0.671743631362915
62,2,31,-0.7048381993634241,1.6534883544814916,0.7383447885513306
62,2,32,-0.34133673805650094,1.6268906865809851,0.6496655941009521
63,1,0,0.1354055206986996,-1.3022825078963167,0.9988682866096495
63,1,1,0.11947545944002906,-1.3660027529309988,0.998976707458496
63,1,2,0.11151042881069378,-1.373967783560334,0.9988138675689696
63,1,3,0.11151042881069378,-1.373967783560334,0.999045729637146
63,1,4,0.11947545944002906,-1.3660027529309988,0.9989200234413148
63,1,5,0.11151042881069378,-1.373967783560334,0.9987246990203856
63,1,6,0.10354539818135852,-1.373967783560334,0.9989675283432008
63,1,7,0.07168527566401743,-1.3500726916723282,0.9986555576324464
63,1,8,0.06372024503468217,-1.3421076610429932,0.9989647269248962
63,1,9,0.11151042881069378,-1.2305972322322993,0.9983618259429932
63,1,10,0.10354539818135852,-1.2305972322322993,0.998089075088501
63,1,11,-0.10354539818135852,-0.9996113439815765,0.9994195699691772
63,1,12,0.04779018377601162,-0.9996113439815765,0.9988675117492676
63,1,13,-0.031860122517341084,-0.4978144143334544,0.5441955327987671
63,1,14,0.20709079636271704,-0.4500242305574428,0.540145754814148
63,1,15,0.1354055206986996,-0.601359812514813,0.656827986240387
63,1,16,0.2867411026560697,-0.7765904863601889,0.5427467226982117
63,1,17,0.2548809801387287,-0.6730450881788304,0.6663333773612976
63,1,18,0.3902865008374283,-0.8482757620242063,0.5402340292930603
63,1,19,0.2787760720267345,-0.752695394472183,0.6649641990661621
63,1,20,0.3504613476907519,-0.8960659458002179,0.5388709306716919
63,1,21,0.23895091888005812,-0.6969401800668361,0.6437586545944214
63,1,22,0.31860122517341083,-0.8642058232828769,0.5297509431838989
63,1,23,-0.04779018377601162,-0.0039825153146676355,0.996399700641632
63,1,24,0.04779018377601162,0.0039825153146676355,0.9942799806594848
63,1,25,0.22302085762138757,0.48188435307478383,0.6529329419136047
63,1,26,0.10354539818135852,0.6411849656614893,0.6077162623405457
63,1,27,0.24691594950939338,1.2385622628616346,0.717029869556427
63,1,28,-0.1911607351040465,1.4376880285950162,0.6535516977310181
63,1,29,0.18319570447471123,1.3898978448190047,0.7500929832458496
63,1,30,-0.33453128643208135,1.5412334267763748,0.6978070735931396
63,1,31,0.557552144053469,1.3660027529309988,0.7477190494537354
63,1,32,0.07965030629335271,1.485478212371028,0.6811155080795288
63,2,0,-0.4324687805093221,-1.2932875912374013,0.9989436268806458
63,2,1,-0.3912812776036724,-1.3674250964675707,0.9990547299385072
63,2,2,-0.37480627644141246,-1.3674250964675707,0.9989014267921448
63,2,3,-0.3665687758602825,-1.3674250964675707,0.9991178512573242
63,2,4,-0.3912812776036724,-1.3674250964675707,0.9990071058273317
63,2,5,-0.38304377702254244,-1.3674250964675707,0.9988250732421876
63,2,6,-0.37480627644141246,-1.3756625970487006,0.9990524053573608
63,2,7,-0.3089062717923729,-1.326237593561921,0.9987661838531494
63,2,8,-0.3171437723735029,-1.334475094143051,0.999049186706543
63,2,9,-0.3995187781848023,-1.2191500860072317,0.998487949371338
63,2,10,-0.40775627876593223,-1.2191500860072317,0.9982303380966188
63,2,11,-0.25124376772446333,-0.9720250685733335,0.9994244575500488
63,2,12,-0.14415626016977404,-0.9885000697355933,0.998861849308014
63,2,13,-0.25124376772446333,-0.41187502905649725,0.5823221206665039
63,2,14,-0.16063126133203393,-0.4201125296376272,0.4901844561100006
63,2,15,-0.5725062903885312,-0.5272000371923165,0.6738677620887756
63,2,16,-0.49836878515836164,-0.5272000371923165,0.4955180585384369
63,2,17,-0.6878312985243503,-0.5354375377734464,0.6767327785491943
63,2,18,-0.6466437956187007,-0.5272000371923165,0.4948789775371551
63,2,19,-0.6878312985243503,-0.593100041841356,0.6739552021026611
63,2,20,-0.6631187967809605,-0.5766250406790961,0.4937307238578796
63,2,21,-0.6466437956187007,-0.593100041841356,0.6499677896499634
63,2,22,-0.6136937932941808,-0.5766250406790961,0.4862148463726043
63,2,23,-0.09473125668299437,0.0,0.996459662914276
63,2,24,0.09473125668299437,0.0,0.9942843317985536
63,2,25,-0.45718128225271193,0.5848625412602261,0.6787558197975159
63,2,26,-0.22653126598107348,0.6425250453281357,0.5787613987922668
63,2,27,-0.46541878283384186,1.3756625970487006,0.7388938069343567
63,2,28,-0.028831252033954806,1.4168500999543505,0.6405817270278931
63,2,29,-0.3912812776036724,1.5568876098335596,0.769996166229248
63,2,30,0.09473125668299437,1.5816001115769494,0.688457727432251
63,2,31,-0.7949188060790396,1.49098760518452,0.7646287083625793
63,2,32,-0.25124376772446333,1.4992251057656498,0.6643628478050232
64,1,0,0.13584359821046166,-1.2945095829467523,0.9990448355674744
64,1,1,0.11187119852626254,-1.3664267819993496,0.9991450905799866
64,1,2,0.11187119852626254,-1.3664267819993496,0.9990071654319764
64,1,3,0.1038803986315295,-1.3744175818940827,0.9992024302482604
64,1,4,0.11187119852626254,-1.3664267819993496,0.999100387096405
64,1,5,0.11187119852626254,-1.3744175818940827,0.9989362359046936
64,1,6,0.1038803986315295,-1.3824083817888158,0.9991403222084044
64,1,7,0.07191719905259734,-1.3504451822098835,0.9988815188407898
64,1,8,0.07191719905259734,-1.3584359821046166,0.999140202999115
64,1,9,0.11187119852626254,-1.2305831837888879,0.9986315369606018
64,1,10,0.11187119852626254,-1.238573983683621,0.9983999133110046
64,1,11,-0.1038803986315295,-0.9908591869468968,0.9994758367538452
64,1,12,0.00799079989473304,-1.006840786736363,0.998973548412323
64,1,13,0.039953999473665194,-0.48743879357871533,0.5462502837181091
64,1,14,0.22374239705252508,-0.4634663938945162,0.5402930974960327
64,1,15,0.11187119852626254,-0.81506158926277,0.6550140976905823
64,1,16,0.2317331969472581,-0.81506158926277,0.5431346893310547
64,1,17,0.19976999736832596,-0.9189419878942994,0.656550943851471
64,1,18,0.32762279568405456,-0.9029603881048334,0.5393739938735962
64,1,19,0.207760797263059,-0.9509051874732316,0.6553419232368469
64,1,20,0.2876687962103894,-0.9509051874732316,0.5379106402397156
64,1,21,0.13584359821046166,-0.9189419878942994,0.6341142654418945
64,1,22,0.2317331969472581,-0.9269327877890324,0.5286743640899658
64,1,23,-0.023972399684199116,-0.00799079989473304,0.9967802166938782
64,1,24,0.023972399684199116,0.00799079989473304,0.9947784543037416
64,1,25,0.2477147967367242,0.5833283923155118,0.6661733984947205
64,1,26,0.07990799894733039,0.6792179910523083,0.6183999180793762
64,1,27,0.21575159715779205,1.3264727825256843,0.7425049543380737
64,1,28,-0.21575159715779205,1.486288780420345,0.6736986041069031
64,1,29,0.1678067977893938,1.478297980525612,0.7694577574729919
64,1,30,-0.3356135955787876,1.5901691790518746,0.7138204574584961
64,1,31,0.5833283923155118,1.438343981051947,0.7731102108955383
64,1,32,0.08789879884206342,1.5981599789466077,0.6950141191482544
64,2,0,-0.37387708851763213,-1.3025395341904602,0.9990801215171814
64,2,1,-0.3336752510426179,-1.3588221066554802,0.9991901516914368
64,2,2,-0.32563488354761505,-1.3588221066554802,0.9990562200546264
64,2,3,-0.31759451605261224,-1.3588221066554802,0.9992437958717346
64,2,4,-0.3336752510426179,-1.366862474150483,0.999150574207306
64,2,5,-0.3336752510426179,-1.366862474150483,0.9989941120147704
64,2,6,-0.32563488354761505,-1.3749028416454858,0.9991941452026368
64,2,7,-0.27739267857759803,-1.3266606366754687,0.998954713344574
64,2,8,-0.27739267857759803,-1.3427413716654746,0.9991868138313292
64,2,9,-0.3497559860326236,-1.2221358592404319,0.998712420463562
64,2,10,-0.3497559860326236,-1.2301762267354348,0.9984785318374634
64,2,11,-0.22111010611257814,-0.9728844668953438,0.9994948506355286
64,2,12,-0.12462569617254404,-0.9970055693803523,0.9989469051361084
64,2,13,-0.1969890036275696,-0.4341798447301534,0.5867793560028076
64,2,14,-0.11658532867754119,-0.45830094721516196,0.4902071058750152
64,2,15,-0.5266440709226861,-0.5628257246501989,0.6763009428977966
64,2,16,-0.42211929348764915,-0.5547853571551961,0.4939437210559845
64,2,17,-0.6392092158527258,-0.5628257246501989,0.6714377403259277
64,2,18,-0.5588055409026975,-0.5628257246501989,0.4916914999485016
64,2,19,-0.631168848357723,-0.6191082971152188,0.6691823601722717
64,2,20,-0.5668459083977003,-0.6110679296202159,0.4903595447540283
64,2,21,-0.5909670108827089,-0.6271486646102216,0.6449671387672424
64,2,22,-0.5266440709226861,-0.6110679296202159,0.4826300144195556
64,2,23,-0.08442385869752983,0.01608073499000568,0.9968596696853638
64,2,24,0.08442385869752983,-0.01608073499000568,0.9947564005851746
64,2,25,-0.430159660982652,0.6271486646102216,0.6926827430725098
64,2,26,-0.18894863613256677,0.6432293996002273,0.5870895385742188
64,2,27,-0.4382000284776548,1.4311854141105058,0.7640066742897034
64,2,28,0.020100918737507103,1.4392257816055085,0.6625422239303589
64,2,29,-0.38191745601263494,1.5598312940305512,0.7880880236625671
64,2,30,0.13266606366754688,1.5839523965155597,0.7049789428710938
64,2,31,-0.73569362579276,1.616113866495571,0.7901188731193542
64,2,32,-0.2532715760925895,1.519629456555537,0.6834515929222107
65,1,0,0.12578264559782032,-1.3146315217320577,0.9991694092750548
65,1,1,0.10143761741759703,-1.3876666062727274,0.9992689490318298
65,1,2,0.10143761741759703,-1.3876666062727274,0.9991482496261596
65,1,3,0.09332260802418928,-1.3876666062727274,0.999317467212677
65,1,4,0.09332260802418928,-1.3957816156661353,0.9992319941520692
65,1,5,0.08520759863078152,-1.3957816156661353,0.9990905523300172
65,1,6,0.07709258923737375,-1.403896625059543,0.9992706179618835
65,1,7,0.06086257045055822,-1.371436587485912,0.9990549683570862
65,1,8,0.05274756105715046,-1.3795515968793197,0.9992656111717224
65,1,9,0.10143761741759703,-1.2578264559782033,0.9988362789154052
65,1,10,0.09332260802418928,-1.2578264559782033,0.9986250400543212
65,1,11,-0.02840253287692717,-0.9900311459957472,0.9995386600494384
65,1,12,-0.09332260802418928,-1.0062611647825626,0.9990493655204772
65,1,13,0.08520759863078152,-0.4625555354242425,0.5534861087799072
65,1,14,0.10143761741759703,-0.48690056360446576,0.5384595394134521
65,1,15,0.1338976549912281,-0.8520759863078151,0.6724878549575806
65,1,16,0.20693273953189795,-0.8358459675209996,0.5388240814208984
65,1,17,0.239392777105529,-0.9656861178155238,0.6658130884170532
65,1,18,0.2880828334659756,-0.9413410896353005,0.5319727659225464
65,1,19,0.21504774892530573,-0.9981461553891549,0.664090633392334
65,1,20,0.23127776771212125,-0.9900311459957472,0.5297792553901672
65,1,21,0.15824268317145138,-0.9494560990287083,0.6412809491157532
65,1,22,0.19070272074508243,-0.957571108422116,0.5197466015815735
65,1,23,0.036517542270334935,0.0,0.997143030166626
65,1,24,-0.036517542270334935,0.0,0.9952099323272704
65,1,25,0.23127776771212125,0.6654307702594365,0.6753455996513367
65,1,26,0.05274756105715046,0.7384658548001064,0.6242762804031372
65,1,27,0.20693273953189795,1.436356662633174,0.762279748916626
65,1,28,-0.23127776771212125,1.5661968129276982,0.6917292475700378
65,1,29,0.15012767377804362,1.5661968129276982,0.7778491973876953
65,1,30,-0.38546294618686877,1.6879219538288148,0.72371906042099
65,1,31,0.547763134055024,1.5743118223211061,0.7935172319412231
65,1,32,0.05274756105715046,1.6960369632222225,0.7107154726982117
65,2,0,-0.35345782270651815,-1.323411847808126,0.9991848468780518
65,2,1,-0.31235807588017883,-1.389171442730269,0.9992915987968444
65,2,2,-0.30413812651491096,-1.3809514933650011,0.9991714358329772
65,2,3,-0.29591817714964314,-1.3809514933650011,0.9993379712104796
65,2,4,-0.31235807588017883,-1.389171442730269,0.9992589354515076
65,2,5,-0.31235807588017883,-1.397391392095537,0.9991198182106018
65,2,6,-0.30413812651491096,-1.397391392095537,0.9993008971214294
65,2,7,-0.2548184303233038,-1.3480716959039298,0.9991036653518676
65,2,8,-0.26303837968857163,-1.3645115946344655,0.999285101890564
65,2,9,-0.3287979746107146,-1.2494323035207153,0.9988803863525392
65,2,10,-0.33701792397598246,-1.2576522528859833,0.9986649751663208
65,2,11,-0.20549873413169661,-0.969954025101608,0.9995545148849488
65,2,12,-0.12329924047901797,-1.0028338225626794,0.9989847540855408
65,2,13,-0.18905883540116086,-0.41921741762866105,0.5929077863693237
65,2,14,-0.13151918984428582,-0.46031716445500037,0.487619936466217
65,2,15,-0.5014169112813397,-0.5836164049340183,0.6908866763114929
65,2,16,-0.36167777207178603,-0.5753964555687505,0.4886526763439178
65,2,17,-0.6082762530298219,-0.5753964555687505,0.678567111492157
65,2,18,-0.4767570631855361,-0.5753964555687505,0.4835489988327026
65,2,19,-0.6000563036645541,-0.6329361011256256,0.6757476329803467
65,2,20,-0.5014169112813397,-0.6247161517603577,0.4815508425235748
65,2,21,-0.5589565568382148,-0.6411560504908934,0.650014340877533
65,2,22,-0.46031716445500037,-0.6329361011256256,0.4729910790920257
65,2,23,-0.08219949365267865,0.016439898730535727,0.9972125887870787
65,2,24,0.08219949365267865,-0.016439898730535727,0.9950780868530272
65,2,25,-0.3452378733412503,0.7151355947783042,0.6984996795654297
65,2,26,-0.14795908857482157,0.6822557973172327,0.5850955843925476
65,2,27,-0.4274373669939289,1.5042507338440192,0.779777467250824
65,2,28,0.032879797461071454,1.4795908857482156,0.6693277359008789
65,2,29,-0.3781176708023217,1.643989873053573,0.7941898107528687
65,2,30,0.14795908857482157,1.6193300249577693,0.7074666023254395
65,2,31,-0.7315754935088399,1.701529518610448,0.8061555624008179
65,2,32,-0.23837853159276806,1.5453504806703584,0.6908949613571167
66,1,0,0.16088802240133473,-1.3077308487493107,0.999264359474182
66,1,1,0.14438668677042862,-1.3902375269038412,0.9993609189987184
66,1,2,0.13613601895497554,-1.3902375269038412,0.9992526769638062
66,1,3,0.13613601895497554,-1.3902375269038412,0.9994028210639954
66,1,4,0.13613601895497554,-1.3902375269038412,0.9993306994438172
66,1,5,0.12788535113952249,-1.3902375269038412,0.9992050528526306
66,1,6,0.11963468332406943,-1.3984881947192942,0.9993679523468018
66,1,7,0.09488267987771024,-1.3737361912729351,0.9991903305053712
66,1,8,0.08663201206225717,-1.3819868590883881,0.9993550777435304
66,1,9,0.14438668677042862,-1.2499761740411393,0.9989892244338988
66,1,10,0.12788535113952249,-1.2582268418565923,0.9987950921058656
66,1,11,-0.045378672984991854,-0.9942054717620942,0.9995949268341064
66,1,12,-0.07013067643135104,-1.0024561395775473,0.9990844130516052
66,1,13,0.10313334769316329,-0.4909147350194573,0.5651804804801941
66,1,14,0.11138401550861636,-0.4661627315730981,0.5370405316352844
66,1,15,0.18564002584769393,-0.8704454545302982,0.688467800617218
66,1,16,0.24339470055586537,-0.8044401120066738,0.536059558391571
66,1,17,0.2598960361867715,-0.9859548039466411,0.6740095019340515
66,1,18,0.33415204652584907,-0.9116987936075636,0.5272557139396667
66,1,19,0.23514403274041232,-1.0107068073930003,0.6719679236412048
66,1,20,0.26814670400222457,-0.961202800500282,0.5246581435203552
66,1,21,0.20214136147860007,-0.969453468315735,0.6481879353523254
66,1,22,0.21864269710950618,-0.9282001292384696,0.513813316822052
66,1,23,0.02062666953863266,0.004125333907726532,0.9974689483642578
66,1,24,-0.02062666953863266,-0.004125333907726532,0.9955121278762816
66,1,25,0.30114937526403684,0.705432098221237,0.6865155100822449
66,1,26,0.08663201206225717,0.7631867729294084,0.622519850730896
66,1,27,0.24339470055586537,1.489245540689278,0.7814333438873291
66,1,28,-0.22689336492495926,1.5965042222901678,0.6986277103424072
66,1,29,0.18564002584769393,1.613005557921074,0.7892278432846069
66,1,30,-0.35065338215675523,1.7202642395219638,0.7274712920188904
66,1,31,0.589922748804894,1.6460082291828861,0.8111073970794678
66,1,32,0.07838134424680411,1.73676557515287,0.7179016470909119
66,2,0,-0.3695913368805941,-1.3145691868593858,0.9993021488189696
66,2,1,-0.3275923213259811,-1.3817676117467665,0.9994001984596252
66,2,2,-0.3191925182150585,-1.3817676117467665,0.9992945790290833
66,2,3,-0.3107927151041359,-1.3817676117467665,0.9994369149208068
66,2,4,-0.3275923213259811,-1.390167414857689,0.9993748664855956
66,2,5,-0.3191925182150585,-1.390167414857689,0.9992563724517822
66,2,6,-0.3107927151041359,-1.390167414857689,0.9994127750396729
66,2,7,-0.27719350266044557,-1.3481683993030762,0.9992481470108032
66,2,8,-0.27719350266044557,-1.3565682024139987,0.9993959665298462
66,2,9,-0.3443919275478263,-1.2473707619720051,0.9990508556365968
66,2,10,-0.3443919275478263,-1.2473707619720051,0.9988649487495422
66,2,11,-0.21839488088398742,-0.9701772593115595,0.9996033906936646
66,2,12,-0.15119645599660667,-0.9953766686443273,0.9990874528884888
66,2,13,-0.20159527466214222,-0.42419005710159097,0.603060781955719
66,2,14,-0.17639586532937446,-0.44098966332343614,0.4885018169879913
66,2,15,-0.5123879897662782,-0.5837863162091202,0.7041943669319153
66,2,16,-0.45358936798982,-0.5585869068763524,0.489274263381958
66,2,17,-0.6299852333191944,-0.5753865130981977,0.6844244003295898
66,2,18,-0.5879862177645815,-0.5585869068763524,0.4827413260936737
66,2,19,-0.6215854302082718,-0.6257853317637332,0.6812728643417358
66,2,20,-0.6047858239864267,-0.608985725541888,0.4803357422351837
66,2,21,-0.5795864146536589,-0.6341851348746558,0.6548289656639099
66,2,22,-0.5543870053208911,-0.6173855286528106,0.4713189005851745
66,2,23,-0.07559822799830333,0.012599704666383889,0.9974982142448424
66,2,24,0.07559822799830333,-0.012599704666383889,0.9954994916915894
66,2,25,-0.3611915337696715,0.7685819846494173,0.7099218964576721
66,2,26,-0.17639586532937446,0.6929837566511139,0.582597017288208
66,2,27,-0.43678976176797485,1.5665632801870635,0.7974661588668823
66,2,28,0.008399803110922593,1.5245642646324506,0.6751649975776672
66,2,29,-0.3695913368805941,1.700960129961825,0.8052520751953125
66,2,30,0.1343968497747615,1.68416052373998,0.7095822095870972
66,2,31,-0.7559822799830334,1.7765583579601283,0.8225466012954712
66,2,32,-0.2351944871058326,1.6253619019635217,0.6961910128593445
67,1,0,0.1726291430872225,-1.278277702383957,0.9993704557418824
67,1,1,0.15618827231701082,-1.3604820562350153,0.9994590282440186
67,1,2,0.147967836931905,-1.3604820562350153,0.9993639588356018
67,1,3,0.147967836931905,-1.3604820562350153,0.9994921684265136
67,1,4,0.147967836931905,-1.3604820562350153,0.9994356036186218
67,1,5,0.13974740154679915,-1.3687024916201211,0.9993288516998292
67,1,6,0.13152696616169332,-1.3687024916201211,0.999469518661499
67,1,7,0.10686566000637583,-1.3522616208499094,0.9993210434913636
67,1,8,0.09864522462127,-1.3604820562350153,0.999455451965332
67,1,9,0.147967836931905,-1.220734654688216,0.9991435408592224
67,1,10,0.13974740154679915,-1.228955090073322,0.9989762902259828
67,1,11,-0.05754304769574083,-0.9905624639052528,0.9996381402015686
67,1,12,-0.041102176925529164,-1.0070033346754645,0.9991775155067444
67,1,13,0.08220435385105833,-0.4808954700286912,0.5671875476837158
67,1,14,0.09864522462127,-0.4315728577180562,0.5381141901016235
67,1,15,0.147967836931905,-0.8014924500478187,0.69413822889328
67,1,16,0.25483349693828083,-0.735728966966972,0.5371670126914978
67,1,17,0.23839262616806914,-0.9165785454393004,0.6744279265403748
67,1,18,0.3534787215595508,-0.834374191588242,0.5279963612556458
67,1,19,0.21373132001275166,-0.9412398515946179,0.6722826361656189
67,1,20,0.30415610924891584,-0.8919172392839828,0.5252589583396912
67,1,21,0.16440870770211666,-0.9083581100541945,0.6484560966491699
67,1,22,0.26305393232338664,-0.8672559331286653,0.5144538879394531
67,1,23,0.016440870770211665,-0.004110217692552916,0.9977219700813292
67,1,24,-0.016440870770211665,0.004110217692552916,0.9958898425102234
67,1,25,0.25483349693828083,0.7603902731222896,0.7075845003128052
67,1,26,0.041102176925529164,0.834374191588242,0.6221728920936584
67,1,27,0.24661306155317497,1.5495520700924494,0.8024594783782959
67,1,28,-0.24661306155317497,1.672858600869037,0.705371618270874
67,1,29,0.20551088462764583,1.664638165483931,0.8032607436180115
67,1,30,-0.36169915694465665,1.7961651316456244,0.731087327003479
67,1,31,0.5836509123425141,1.6892994716392487,0.8290514349937439
67,1,32,0.08220435385105833,1.8290468731860479,0.7237618565559387
67,2,0,-0.3448171412365929,-1.2878712504017324,0.9994049668312072
67,2,1,-0.30327290735266604,-1.3543420246160156,0.9994919896125792
67,2,2,-0.2949640605758807,-1.3543420246160156,0.999399483203888
67,2,3,-0.2866552137990953,-1.3543420246160156,0.9995230436325072
67,2,4,-0.30327290735266604,-1.362650871392801,0.9994708895683287
67,2,5,-0.2949640605758807,-1.362650871392801,0.9993691444396972
67,2,6,-0.2949640605758807,-1.3709597181695863,0.999505579471588
67,2,7,-0.25341982669195384,-1.3294154842856594,0.9993658065795898
67,2,8,-0.25341982669195384,-1.34603317783923,0.9994861483573914
67,2,9,-0.31158175412945144,-1.2297093229642349,0.9991968870162964
67,2,10,-0.3198906009062368,-1.2297093229642349,0.9990344047546388
67,2,11,-0.19525789925445622,-0.9804439196606738,0.9996586441993712
67,2,12,-0.10386058470981714,-0.9970616132142446,0.9991755485534668
67,2,13,-0.19525789925445622,-0.4320600323928393,0.606923520565033
67,2,14,-0.10386058470981714,-0.4237511856160539,0.4868995249271393
67,2,15,-0.4694498428883735,-0.515148500160693,0.7124691605567932
67,2,16,-0.20356674603124159,-0.3822069517321271,0.4861734509468078
67,2,17,-0.5774648509865833,-0.5400750404910492,0.6886498332023621
67,2,18,-0.2949640605758807,-0.3738981049553417,0.4787746071815491
67,2,19,-0.569156004209798,-0.5982369679285467,0.6858468055725098
67,2,20,-0.30327290735266604,-0.44867772594641003,0.4763022661209106
67,2,21,-0.5359206171026565,-0.5982369679285467,0.6599572896957397
67,2,22,-0.25341982669195384,-0.3655892581785563,0.4670177400112152
67,2,23,-0.0872428911562464,0.01661769355357074,0.9978397488594056
67,2,24,0.0872428911562464,-0.01661769355357074,0.9960072636604308
67,2,25,-0.38636137512051977,0.7644139034642542,0.7242486476898193
67,2,26,-0.12878712504017326,0.7228696695803273,0.5808146595954895
67,2,27,-0.44452330255801736,1.586989734366006,0.814018726348877
67,2,28,0.05400750404910491,1.5537543472588644,0.6763303279876709
67,2,29,-0.36143483479016364,1.7116224360177865,0.8134387731552124
67,2,30,0.15371366537052936,1.6700782021338596,0.7070738077163696
67,2,31,-0.7519506332990761,1.7780932102320695,0.8361597657203674
67,2,32,-0.22849328636159771,1.636842815026718,0.6981345415115356
68,1,0,0.1506993919368859,-1.2992731358882863,0.9994624853134156
68,1,1,0.13440756578154686,-1.3644404405096424,0.9995412826538086
68,1,2,0.13440756578154686,-1.3644404405096424,0.9994578957557678
68,1,3,0.13440756578154686,-1.372586353587312,0.9995692372322084
68,1,4,0.12626165270387735,-1.372586353587312,0.999521553516388
68,1,5,0.12626165270387735,-1.372586353587312,0.9994296431541444
68,1,6,0.11811573962620785,-1.372586353587312,0.999552309513092
68,1,7,0.10182391347086883,-1.3562945274319729,0.9994257092475892
68,1,8,0.08553208731552982,-1.3644404405096424,0.9995362162590028
68,1,9,0.13440756578154686,-1.2341058312669304,0.9992743134498596
68,1,10,0.11811573962620785,-1.2422517443445997,0.9991282224655152
68,1,11,-0.0610943480825213,-0.9978743520145146,0.9996865391731262
68,1,12,-0.06924026116019082,-0.9978743520145146,0.9992569088935852
68,1,13,0.04480252192718229,-0.47653591504366616,0.5683051943778992
68,1,14,0.028510695771843276,-0.4032226973446406,0.5366395711898804
68,1,15,0.15884530501455538,-0.7046214812184124,0.7005640268325806
68,1,16,0.3054717404126065,-0.6557460027523954,0.5342079997062683
68,1,17,0.24845034886891995,-0.7779346989174379,0.6798363924026489
68,1,18,0.3869308711893016,-0.7372051335290903,0.5247156023979187
68,1,19,0.24845034886891995,-0.8349560904611245,0.6782124638557434
68,1,20,0.3543472188786236,-0.7779346989174379,0.5220196843147278
68,1,21,0.18328304424756392,-0.8023724381504465,0.6544440984725952
68,1,22,0.3217635665679455,-0.7453510466067599,0.5109571814537048
68,1,23,0.028510695771843276,-0.004072956538834754,0.998015284538269
68,1,24,-0.028510695771843276,0.004072956538834754,0.9963305592536926
68,1,25,0.18328304424756392,0.7779346989174379,0.7258478403091431
68,1,26,0.052948435004851795,0.8512479166164635,0.6210507750511169
68,1,27,0.20772078348057244,1.5599423543737105,0.8214952349662781
68,1,28,-0.26474217502425895,1.6739851374610837,0.7067660093307495
68,1,29,0.1914289573252334,1.6739851374610837,0.8156940937042236
68,1,30,-0.36249313195629307,1.7880279205484568,0.7287753224372864
68,1,31,0.5498491327426918,1.6984228766940923,0.8440054059028625
68,1,32,0.052948435004851795,1.8369033990144739,0.7259134650230408
68,2,0,-0.35994943522292006,-1.2942002165318474,0.9995012879371644
68,2,1,-0.30332817574965176,-1.3508214760051158,0.9995750784873962
68,2,2,-0.2952394243963277,-1.3508214760051158,0.9994961023330688
68,2,3,-0.2871506730430037,-1.3508214760051158,0.9996010065078736
68,2,4,-0.3114169271029758,-1.35891022735844,0.9995580911636353
68,2,5,-0.30332817574965176,-1.35891022735844,0.9994726181030272
68,2,6,-0.2952394243963277,-1.35891022735844,0.999588131904602
68,2,7,-0.24670691627638341,-1.3346439732984676,0.9994706511497498
68,2,8,-0.25479566762970746,-1.3346439732984676,0.999570608139038
68,2,9,-0.31950567845629985,-1.2214014543519311,0.9993295073509216
68,2,10,-0.31950567845629985,-1.229490205705255,0.9991930723190308
68,2,11,-0.20626315950976318,-0.9787389137522097,0.9997020959854126
68,2,12,-0.11728689462319868,-0.9949164164588578,0.9992594122886658
68,2,13,-0.19817440815643914,-0.4287038217261745,0.6076570749282837
68,2,14,-0.10110939191655058,-0.4287038217261745,0.4854567348957062
68,2,15,-0.4327481974028365,-0.47723632984611875,0.7144449949264526
68,2,16,-0.23861816492305937,-0.39634881631287827,0.4831560552120209
68,2,17,-0.5379019649960491,-0.49341383255276683,0.6887028813362122
68,2,18,-0.351860683869596,-0.39634881631287827,0.475394606590271
68,2,19,-0.5217244622894011,-0.5500350920260352,0.6859354376792908
68,2,20,-0.3275944298096239,-0.41252631901952636,0.4729773104190826
68,2,21,-0.48936945687610484,-0.5419463406727111,0.6607417464256287
68,2,22,-0.3114169271029758,-0.4206150703728504,0.4634818434715271
68,2,23,-0.09302064056322654,0.008088751353324047,0.9981325268745422
68,2,24,0.09302064056322654,-0.008088751353324047,0.9964704513549804
68,2,25,-0.3923044406362163,0.7684313785657845,0.7467638254165649
68,2,26,-0.09302064056322654,0.7603426272124604,0.5813125967979431
68,2,27,-0.46510320281613265,1.5449515084848928,0.8337185978889465
68,2,28,0.04448813244328226,1.5287740057782448,0.6833373308181763
68,2,29,-0.3923044406362163,1.6743715301380777,0.8275201320648193
68,2,30,0.14964190003649486,1.6581940274314295,0.7121016383171082
68,2,31,-0.7482095001824743,1.73908154096467,0.8523388504981995
68,2,32,-0.23861816492305937,1.6339277733714574,0.7082273364067078
69,1,0,0.1286937272561408,-1.30704566744518,0.9995471835136414
69,1,1,0.1126070113491232,-1.3713925310732504,0.9996142387390136
69,1,2,0.1126070113491232,-1.3713925310732504,0.9995428919792176
69,1,3,0.1045636533956144,-1.3794358890267593,0.9996374249458312
69,1,4,0.1045636533956144,-1.3713925310732504,0.9995979070663452
69,1,5,0.09652029544210561,-1.3794358890267593,0.9995206594467164
69,1,6,0.08847693748859681,-1.3794358890267593,0.9996245503425598
69,1,7,0.080433579535088,-1.3633491731197416,0.9995150566101074
69,1,8,0.0563035056745616,-1.3633491731197416,0.9996112585067748
69,1,9,0.1126070113491232,-1.2426988038171096,0.9993907809257508
69,1,10,0.1045636533956144,-1.2507421617706185,0.9992691874504088
69,1,11,-0.0563035056745616,-1.0013980652118457,0.9997192025184632
69,1,12,-0.08847693748859681,-0.9933547072583369,0.9993324279785156
69,1,13,0.0080433579535088,-0.4785797982337736,0.5585328936576843
69,1,14,-0.024130073860526402,-0.4142329346057032,0.5361542701721191
69,1,15,0.160867159070176,-0.5670567357223704,0.6780651807785034
69,1,16,0.281517528372808,-0.5348833039083352,0.5329235792160034
69,1,17,0.2332573806517552,-0.5590133777688616,0.6594365239143372
69,1,18,0.39412453972193123,-0.5911868095828968,0.5241422057151794
69,1,19,0.2171706647447376,-0.663577031164476,0.6585238575935364
69,1,20,0.37803782381491363,-0.6153168834434232,0.5217379927635193
69,1,21,0.2332573806517552,-0.6716203891179848,0.6367907524108887
69,1,22,0.3297776760938608,-0.6314035993504408,0.5111363530158997
69,1,23,0.0321734318140352,-0.0040216789767544,0.9982428550720216
69,1,24,-0.0321734318140352,0.0040216789767544,0.9967105388641356
69,1,25,0.1367370852096496,0.7761840425135992,0.7448879480361938
69,1,26,-0.0080433579535088,0.8566176220486872,0.6215096116065979
69,1,27,0.17695387497719361,1.548346406050444,0.8394078016281128
69,1,28,-0.281517528372808,1.6609534173995673,0.7131507992744446
69,1,29,0.160867159070176,1.6609534173995673,0.8293721079826355
69,1,30,-0.38608118176842243,1.7735604287486904,0.7334348559379578
69,1,31,0.522818266978072,1.6931268492136025,0.8588709831237793
69,1,32,0.024130073860526402,1.8218205764697433,0.7350395917892456
69,2,0,-0.3496599489648081,-1.3132577152980585,0.9995831251144408
69,2,1,-0.2927385619240254,-1.3701791023388412,0.9996453523635864
69,2,2,-0.2846069352039136,-1.3701791023388412,0.9995781779289246
69,2,3,-0.2764753084838018,-1.3701791023388412,0.9996665716171264
69,2,4,-0.3008701886441372,-1.3783107290589531,0.9996314644813538
69,2,5,-0.2927385619240254,-1.3783107290589531,0.999560296535492
69,2,6,-0.2846069352039136,-1.3864423557790648,0.9996570348739624
69,2,7,-0.24394880160335453,-1.3539158488986176,0.9995558857917786
69,2,8,-0.25208042832346633,-1.3539158488986176,0.9996429681777954
69,2,9,-0.3171334420843609,-1.240073074817052,0.9994407892227172
69,2,10,-0.3171334420843609,-1.248204701537164,0.9993286728858948
69,2,11,-0.1951590412826836,-0.9879926464935858,0.9997323751449584
69,2,12,-0.11384277408156544,-0.9879926464935858,0.999350368976593
69,2,13,-0.17076416112234816,-0.44317365624609406,0.5987328290939331
69,2,14,-0.10571114736145362,-0.4106471493656468,0.4851115942001343
69,2,15,-0.3903180825653672,-0.45130528296620587,0.694301962852478
69,2,16,-0.22768554816313089,-0.3862522692053113,0.4826982021331787
69,2,17,-0.47976597648659725,-0.44317365624609406,0.670503556728363
69,2,18,-0.3252650688044727,-0.3699890157650877,0.4758944511413574
69,2,19,-0.47976597648659725,-0.5000950432868768,0.6683176159858704
69,2,20,-0.3171334420843609,-0.39438389592542317,0.4737248122692108
69,2,21,-0.43910784288603816,-0.5082266700069886,0.6450092792510986
69,2,22,-0.3008701886441372,-0.4106471493656468,0.4647460877895355
69,2,23,-0.08944789392123,0.012197440080167725,0.9983342289924622
69,2,24,0.08944789392123,-0.012197440080167725,0.9968549013137816
69,2,25,-0.3496599489648081,0.7847019784907904,0.7644239068031311
69,2,26,-0.07318464048100635,0.7521754716103431,0.578865647315979
69,2,27,-0.4309762161659263,1.5734697703416367,0.8485676646232605
69,2,28,0.05692138704078272,1.5328116367410776,0.685230016708374
69,2,29,-0.3659232024050318,1.7035757978634258,0.8400104641914368
69,2,30,0.16263253440223635,1.6710492909829784,0.7153728008270264
69,2,31,-0.7318464048100636,1.7523655581840967,0.8639673590660095
69,2,32,-0.24394880160335453,1.605996277222084,0.7138132452964783
70,1,0,0.1251741323760845,-1.328460953281671,0.9996182918548584
70,1,1,0.10094688094845523,-1.3930669570886822,0.9996755123138428
70,1,2,0.10094688094845523,-1.3930669570886822,0.9996140599250792
70,1,3,0.10094688094845523,-1.3930669570886822,0.9996936321258544
70,1,4,0.09287113047257882,-1.3930669570886822,0.9996614456176758
70,1,5,0.08479537999670239,-1.3930669570886822,0.9995964169502258
70,1,6,0.07671962952082598,-1.3930669570886822,0.9996843338012696
70,1,7,0.06864387904494956,-1.368839705661053,0.9995840191841124
70,1,8,0.036340877141443885,-1.368839705661053,0.9996756315231324
70,1,9,0.10902263142433165,-1.2557791989987832,0.9994882345199584
70,1,10,0.09287113047257882,-1.2638549494746596,0.9993906021118164
70,1,11,-0.036340877141443885,-0.9973551837707377,0.9997445940971376
70,1,12,-0.10902263142433165,-0.9973551837707377,0.9994145035743712
70,1,13,-0.028265126665567467,-0.4724314028387705,0.545983076095581
70,1,14,-0.10902263142433165,-0.423976899983512,0.5358647108078003
70,1,15,0.173628635231343,-0.49665865426639977,0.6453683376312256
70,1,16,0.27053764094186,-0.5047344047422762,0.5319092273712158
70,1,17,0.27861339141773644,-0.5128101552181525,0.6302134394645691
70,1,18,0.40782539903175913,-0.520885905694029,0.5238980650901794
70,1,19,0.2866891418936129,-0.5693404085492875,0.6302918195724487
70,1,20,0.41590114950763557,-0.5531889075975347,0.5218129754066467
70,1,21,0.2624618904659836,-0.5693404085492875,0.6104633808135986
70,1,22,0.35937089617650064,-0.5531889075975347,0.511460542678833
70,1,23,0.044416627617320306,-0.00403787523793821,0.9983850717544556
70,1,24,-0.044416627617320306,0.00403787523793821,0.9970383644104004
70,1,25,0.173628635231343,0.8116129228255801,0.756207287311554
70,1,26,-0.05249237809319672,0.8842946771084679,0.6186587810516357
70,1,27,0.1655528847554666,1.5707334675579634,0.8523118495941162
70,1,28,-0.3028406428453657,1.6837939742202332,0.714256763458252
70,1,29,0.14940138380371373,1.6918697246961096,0.8421810865402222
70,1,30,-0.39974964855588274,1.7887787304066267,0.7346487641334534
70,1,31,0.5128101552181525,1.7080212256478626,0.8686406016349792
70,1,32,0.00403787523793821,1.8291574827860089,0.7392497658729553
70,2,0,-0.359023214620494,-1.3287985644574607,0.9996396899223328
70,2,1,-0.3095027712245638,-1.394825822318701,0.9996935129165648
70,2,2,-0.30124936399190877,-1.394825822318701,0.9996322393417358
70,2,3,-0.2847425495265987,-1.386572415086046,0.9997100830078124
70,2,4,-0.3095027712245638,-1.394825822318701,0.9996832609176636
70,2,5,-0.3095027712245638,-1.394825822318701,0.9996218681335448
70,2,6,-0.30124936399190877,-1.4030792295513559,0.9997065663337708
70,2,7,-0.25172892059597857,-1.3618121933880807,0.9996069669723512
70,2,8,-0.2599823278286336,-1.3618121933880807,0.9996950626373292
70,2,9,-0.32600958568987387,-1.2545178993635653,0.9995186924934388
70,2,10,-0.3342629929225289,-1.2627713065962203,0.9994266033172609
70,2,11,-0.2104618844327034,-0.9821554606859492,0.9997506737709044
70,2,12,-0.11967440487349801,-0.9904088679186042,0.999419331550598
70,2,13,-0.1691948482694282,-0.4374305833307168,0.5868025422096252
70,2,14,-0.08666077594287787,-0.4209237688654068,0.4850441515445709
70,2,15,-0.3920368435511142,-0.4209237688654068,0.6640363335609436
70,2,16,-0.2104618844327034,-0.35489651100416647,0.4815666377544403
70,2,17,-0.4745709158776645,-0.40441695440009673,0.6434654593467712
70,2,18,-0.2599823278286336,-0.3136294748408913,0.4751442968845367
70,2,19,-0.4745709158776645,-0.45393739779602693,0.6421242952346802
70,2,20,-0.2847425495265987,-0.3383896965388564,0.4732734858989715
70,2,21,-0.4415572869470444,-0.46219080502868193,0.6206781268119812
70,2,22,-0.27648914229394367,-0.35489651100416647,0.4644413590431213
70,2,23,-0.0949141831755329,0.01650681446531007,0.9984660148620604
70,2,24,0.0949141831755329,-0.01650681446531007,0.9971371293067932
70,2,25,-0.32600958568987387,0.7758202798695732,0.7725721001625061
70,2,26,-0.08666077594287787,0.7345532437062982,0.573883593082428
70,2,27,-0.4498106941796994,1.625921224833042,0.8571596741676331
70,2,28,-0.0041267036163275175,1.5186269308085265,0.68077552318573
70,2,29,-0.4085436580164242,1.7497223333228673,0.8502295613288879
70,2,30,0.11142099764084297,1.6671882609963171,0.7127155661582947
70,2,31,-0.7634401690205908,1.7909893694861425,0.8692556619644165
70,2,32,-0.30124936399190877,1.5929075959024217,0.7121538519859314
