frame,player_id,landmark_index,x_norm,y_norm,visibility
1,1,0,0.0034628621323221074,-1.3609048180025882,0.9994939565658568
1,1,1,-0.02424003492625475,-1.4301620606490302,0.9993555545806884
1,1,2,-0.031165759190898965,-1.4301620606490302,0.9993525147438048
1,1,3,-0.031165759190898965,-1.4301620606490302,0.9994181990623474
1,1,4,-0.04501720772018739,-1.4301620606490302,0.9993765354156494
1,1,5,-0.05886865624947582,-1.4301620606490302,0.999298632144928
1,1,6,-0.07964582904340846,-1.4370877849136745,0.9993178844451904
1,1,7,-0.07964582904340846,-1.4024591635904533,0.9988808035850524
1,1,8,-0.14890307168985062,-1.3955334393258092,0.9992664456367492
1,1,9,-0.0034628621323221074,-1.2847218510915017,0.999165177345276
1,1,10,-0.02424003492625475,-1.291647575356146,0.9993457198143004
1,1,11,0.11427445036662953,-1.000767156241089,0.9996085166931152
1,1,12,-0.3358976268352444,-0.9869157077118006,0.9995972514152528
1,1,13,0.21123459007164855,-0.612926597421013,0.6731389760971069
1,1,14,-0.7722182555078299,-0.6198523216856572,0.6178004741668701
1,1,15,0.3151204540413118,-0.7029610128613878,0.8199441432952881
1,1,16,-0.612926597421013,-0.841475498154272,0.6729355454444885
1,1,17,0.4259320422756192,-0.7029610128613878,0.8039359450340271
1,1,18,-0.5782979760977919,-0.9315099135946469,0.6631388068199158
1,1,19,0.43978349080490764,-0.7168124613906762,0.8065549731254578
1,1,20,-0.5713722518331477,-0.9869157077118006,0.6652750968933105
1,1,21,0.3843776966877539,-0.7168124613906762,0.7846353650093079
1,1,22,-0.5575208033038592,-0.9522870863885795,0.6584681272506714
1,1,23,0.06579438051412004,-0.010388586396966321,0.99711811542511
1,1,24,-0.06579438051412004,0.010388586396966321,0.9960897564888
1,1,25,0.17660596874842746,0.6960352885967436,0.8505609631538391
1,1,26,-0.16968024448378324,0.7583668069785415,0.7330197095870972
1,1,27,0.12812589889591797,1.3955334393258092,0.9014028310775756
1,1,28,-0.30819472977666756,1.5201964760894051,0.8062180280685425
1,1,29,0.04501720772018739,1.5063450275601167,0.8508768677711487
1,1,30,-0.40515486948168655,1.6171566157944242,0.7820570468902588
1,1,31,0.41208059374633077,1.5963794430004914,0.9068754315376282
1,1,32,-0.22508603860093696,1.7487453768226642,0.8192469477653503
1,2,0,-0.25481749786535685,-1.328921634437051,0.9995236396789552
1,2,1,-0.20965996659807845,-1.3998834692856315,0.9993987679481506
1,2,2,-0.19030673891210195,-1.3998834692856315,0.9993980526924132
1,2,3,-0.177404587121451,-1.3998834692856315,0.9994603991508484
1,2,4,-0.2225621183887294,-1.4063345451809568,0.9994130730628968
1,2,5,-0.2225621183887294,-1.4127856210762824,0.9993402361869812
1,2,6,-0.21611104249340393,-1.4127856210762824,0.9993579387664796
1,2,7,-0.08063844869156862,-1.3611770139136785,0.9989790320396424
1,2,8,-0.13224705585417254,-1.3740791657043294,0.999295711517334
1,2,9,-0.21611104249340393,-1.2579597995884706,0.9992330074310304
1,2,10,-0.24191534607470588,-1.251508723693145,0.999370574951172
1,2,11,0.08708952458689412,-1.0063678396707765,0.9996447563171388
1,2,12,-0.11289382816819608,-0.9934656878801256,0.9995290040969848
1,2,13,0.33223040860926273,-0.5805968305792941,0.7053889632225037
1,2,14,-0.2483664219700314,-0.5741457546839687,0.5630410313606262
1,2,15,0.13224705585417254,-0.4128688573008314,0.8364332914352417
1,2,16,-0.31932825681861177,-0.34190702245225096,0.6181425452232361
1,2,17,0.06773629690091765,-0.3290048706616,0.8207586407661438
1,2,18,-0.34513256039991375,-0.25804303581301963,0.6121500730514526
1,2,19,0.029029841528964706,-0.3806134778242039,0.8228413462638855
1,2,20,-0.3580347121905647,-0.29029841528964706,0.6147673726081848
1,2,21,0.035480917424290194,-0.4064177814055059,0.801568865776062
1,2,22,-0.34513256039991375,-0.31610271887094904,0.6089219450950623
1,2,23,0.016127689738313727,0.012902151790650981,0.9973029494285583
1,2,24,-0.016127689738313727,-0.012902151790650981,0.9960112571716307
1,2,25,-0.1645024353308,0.7612269556484078,0.8590773344039917
1,2,26,-0.05483414511026667,0.6580097413232,0.706855297088623
1,2,27,0.0032255379476627453,1.5031006836108392,0.9064788222312928
1,2,28,0.06773629690091765,1.3740791657043294,0.7834488153457642
1,2,29,0.08708952458689412,1.632122201517349,0.8596491813659668
1,2,30,0.11934490406352158,1.4772963800295373,0.7714776992797852
1,2,31,-0.31287718092328626,1.696632960470604,0.9089069366455078
1,2,32,-0.10644275227287059,1.5482582148781177,0.8039156794548035
2,1,0,0.025653414711794633,-1.3179441808184493,0.9985306262969972
2,1,1,-0.032066768389743296,-1.3884910712758847,0.9977105259895324
2,1,2,-0.032066768389743296,-1.382077717597936,0.9977559447288512
2,1,3,-0.03848012206769195,-1.382077717597936,0.997643768787384
2,1,4,-0.07054689045743524,-1.3884910712758847,0.997803509235382
2,1,5,-0.10261365884717853,-1.3884910712758847,0.9975926876068116
2,1,6,-0.1410937809148705,-1.3884910712758847,0.9971717000007628
2,1,7,-0.12826707355897318,-1.3500109492081926,0.9970768690109252
2,1,8,-0.16033384194871647,-1.343597595530244,0.9962721467018129
2,1,9,0.006413353677948658,-1.247397290361014,0.9971747994422911
2,1,10,-0.057720183101537925,-1.247397290361014,0.9973430633544922
2,1,11,0.057720183101537925,-0.9972764969210164,0.999350607395172
2,1,12,-0.20522731769435706,-0.9972764969210164,0.9993451833724976
2,1,13,0.3399077449312789,-0.6637821056676861,0.7006841897964478
2,1,14,-0.5002415868799953,-0.6509553983117888,0.6051943302154541
2,1,15,0.4938282332020467,-0.554755093142559,0.8029083609580994
2,1,16,-0.3399077449312789,-0.779222471870762,0.6502231955528259
2,1,17,0.5130682942358927,-0.49062155636307236,0.7781365513801575
2,1,18,-0.3399077449312789,-0.8048758865825566,0.6386070251464844
2,1,19,0.5194816479138413,-0.46496814165127776,0.7823730707168579
2,1,20,-0.3270810375753816,-0.8305293012943513,0.64106684923172
2,1,21,0.4810015258461494,-0.47779484900717506,0.765152633190155
2,1,22,-0.32066768389743294,-0.8048758865825566,0.6346699595451355
2,1,23,0.12185371988102452,-0.009620030516922987,0.9968414902687072
2,1,24,-0.12185371988102452,0.009620030516922987,0.9958027601242064
2,1,25,0.33349439125333025,0.5675818004984563,0.8626259565353394
2,1,26,-0.1090270125251272,0.6573687519897375,0.7338042259216309
2,1,27,0.22446737872820305,1.2345705830051168,0.9060106873512268
2,1,28,-0.11544036620307585,1.324357534496398,0.8024234175682068
2,1,29,0.1410937809148705,1.3115308271405006,0.8571844100952148
2,1,30,-0.17316054930461378,1.4077311323097306,0.7827469706535339
2,1,31,0.45534811113435475,1.5039314374789605,0.9085294604301452
2,1,32,-0.12185371988102452,1.5744783279363956,0.8191545009613037
2,2,0,-0.23348166236941162,-1.2901358523232873,0.9984772205352784
2,2,1,-0.191574697328748,-1.3679630731130912,0.9977453351020812
2,2,2,-0.17960127874570125,-1.3619763638215678,0.9977989196777344
2,2,3,-0.16164115087113112,-1.3619763638215678,0.9977335929870604
2,2,4,-0.20354811591179475,-1.3739497824046145,0.9977731108665466
2,2,5,-0.20354811591179475,-1.3739497824046145,0.9975464344024658
2,2,6,-0.19756140662027136,-1.3739497824046145,0.9971734881401062
2,2,7,-0.0718405114982805,-1.3260561080724276,0.9972427487373352
2,2,8,-0.1197341858304675,-1.332042817363951,0.996124267578125
2,2,9,-0.191574697328748,-1.2182953408250068,0.997294783592224
2,2,10,-0.2155215344948415,-1.2182953408250068,0.997185468673706
2,2,11,0.10177405795589738,-1.0027738063301652,0.999396562576294
2,2,12,-0.05986709291523375,-0.9967870970386419,0.99863463640213
2,2,13,0.37117597607444924,-0.6735047952963796,0.7299435138702393
2,2,14,-0.20953482520331812,-0.6675180860048563,0.5473703742027283
2,2,15,0.143681022996561,-0.33824907497107065,0.8197829723358154
2,2,16,-0.11374747653894413,-0.34423578426259405,0.5896092057228088
2,2,17,0.095787348664374,-0.2604218541812668,0.7945314645767212
2,2,18,-0.12572089512199086,-0.17660792409993956,0.5807375311851501
2,2,19,0.04190696504066362,-0.3083155285134538,0.7978406548500061
2,2,20,-0.16164115087113112,-0.24844843559822005,0.5830991268157959
2,2,21,0.05986709291523375,-0.33824907497107065,0.7802449464797974
2,2,22,-0.1197341858304675,-0.21851488914060319,0.5776949524879456
2,2,23,0.05388038362371037,0.0029933546457616873,0.996529459953308
2,2,24,-0.05388038362371037,-0.0029933546457616873,0.9940046668052672
2,2,25,-0.03592025574914025,0.631597830255716,0.8676208853721619
2,2,26,-0.0718405114982805,0.6136377023811459,0.7015953063964844
2,2,27,0.11374747653894413,1.3140826894893807,0.905765175819397
2,2,28,0.10776076724742074,1.2362554686995768,0.7696785926818848
2,2,29,0.18558798803722462,1.4158567474452781,0.8619981408119202
2,2,30,0.17960127874570125,1.3260561080724276,0.7618545293807983
2,2,31,-0.191574697328748,1.5595377704418392,0.9031952619552612
2,2,32,-0.10776076724742074,1.4517770031944184,0.7916931509971619
3,1,0,-0.0750341483079884,-1.2935887168297198,0.9972931742668152
3,1,1,-0.10504780763118375,-1.3656214992053888,0.9963584542274476
3,1,2,-0.09904507576654467,-1.3596187673407496,0.9964507818222046
3,1,3,-0.0930423439019056,-1.3596187673407496,0.9960737824440002
3,1,4,-0.1350614669543791,-1.3656214992053888,0.9962218999862672
3,1,5,-0.15306966254829632,-1.3716242310700277,0.9958610534667968
3,1,6,-0.1770805900068526,-1.3716242310700277,0.9948596954345704
3,1,7,-0.1170532713604619,-1.3296051080175544,0.9956276416778564
3,1,8,-0.12905873508974003,-1.3236023761529152,0.9934548139572144
3,1,9,-0.05102322084943211,-1.2275586663186902,0.9956962466239928
3,1,10,-0.0930423439019056,-1.2275586663186902,0.9952003955841064
3,1,11,0.06903141644334931,-0.9934521235977664,0.9988844394683838
3,1,12,-0.1350614669543791,-1.0054575873270444,0.9981960654258728
3,1,13,0.35716254594602476,-0.6332882117194221,0.7087711095809937
3,1,14,-0.291132495434995,-0.7233291896890081,0.582490086555481
3,1,15,0.4291953283216936,-0.4291953283216936,0.7796919345855713
3,1,16,-0.2190997130593261,-0.6512964073133393,0.6004378795623779
3,1,17,0.4892226469680843,-0.3871762052692201,0.7529064416885376
3,1,18,-0.1950887856007698,-0.549249965614475,0.5857306122779846
3,1,19,0.45320625578024987,-0.40518440086313734,0.7581200003623962
3,1,20,-0.21309698119468704,-0.6693046029072565,0.5884668827056885
3,1,21,0.4111871327277764,-0.43519806018633267,0.7447142601013184
3,1,22,-0.1950887856007698,-0.6633018710426174,0.5846980214118958
3,1,23,0.02701229339087582,-0.0030013659323195356,0.9958269000053406
3,1,24,-0.02701229339087582,0.0030013659323195356,0.9937732815742492
3,1,25,0.08703961203726654,0.5912690886669485,0.8676203489303589
3,1,26,-0.17107785814221355,0.5912690886669485,0.7278611660003662
3,1,27,0.1170532713604619,1.1075040290259086,0.9016120433807372
3,1,28,-0.08103688017262746,1.1795368114015776,0.7876357436180115
3,1,29,0.08103688017262746,1.1975450069954947,0.8605145812034607
3,1,30,-0.08103688017262746,1.2635750575065245,0.7748127579689026
3,1,31,-0.02701229339087582,1.3656214992053888,0.900517463684082
3,1,32,-0.15306966254829632,1.4016378903932232,0.8042858242988586
3,2,0,-0.27215503174304934,-1.2663540252533725,0.9969838857650756
3,2,1,-0.22772155717275558,-1.3385584214300998,0.9961210489273072
3,2,2,-0.21105900420889542,-1.3385584214300998,0.9962502121925354
3,2,3,-0.19995063556632198,-1.333004237108813,0.9960297346115112
3,2,4,-0.23882992581532902,-1.3441126057513866,0.9956987500190736
3,2,5,-0.23327574149404232,-1.3496667900726733,0.995199978351593
3,2,6,-0.23327574149404232,-1.3441126057513866,0.9942694306373596
3,2,7,-0.11108368642573443,-1.2941249468598062,0.9956557750701904
3,2,8,-0.15551716099602822,-1.3052333155023796,0.9920883178710938
3,2,9,-0.23327574149404232,-1.1997038133979319,0.9956160187721252
3,2,10,-0.2554924787791892,-1.1997038133979319,0.994167983531952
3,2,11,0.05554184321286722,-0.9941989935103231,0.99897563457489
3,2,12,-0.09997531778316099,-1.0053073621528965,0.9968968033790588
3,2,13,0.31103432199205644,-0.6442853812692597,0.7374247312545776
3,2,14,-0.06665021185544066,-0.6331770126266862,0.5272919535636902
3,2,15,0.06109602753415394,-0.33880524359849,0.8004300594329834
3,2,16,-0.14440879235345477,-0.3943470868113572,0.5456860065460205
3,2,17,0.005554184321286721,-0.22772155717275558,0.774685800075531
3,2,18,-0.15551716099602822,-0.17773389828117508,0.5342955589294434
3,2,19,-0.049987658891580494,-0.2832634003856228,0.7791342735290527
3,2,20,-0.16662552963860164,-0.18884226692374853,0.5368794798851013
3,2,21,-0.038879290249007055,-0.32214269063462986,0.7657883763313293
3,2,22,-0.17217971395988838,-0.3165885063133431,0.5338770747184753
3,2,23,0.038879290249007055,0.011108368642573443,0.9954091906547546
3,2,24,-0.038879290249007055,-0.011108368642573443,0.9913681149482728
3,2,25,-0.05554184321286722,0.5165391418796651,0.8675394654273987
3,2,26,-0.13330042371088133,0.5220933262009518,0.679376482963562
3,2,27,0.11663787074702116,1.1441619701850647,0.8924615979194641
3,2,28,0.04443347457029377,1.094174311293484,0.7360334396362305
3,2,29,0.12219205506830788,1.2496914722895123,0.8610954284667969
3,2,30,0.15551716099602822,1.1941496290766451,0.7410715818405151
3,2,31,-0.11108368642573443,1.3441126057513866,0.8884178996086121
3,2,32,-0.13330042371088133,1.3107874998236664,0.7592775225639343
4,1,0,0.04091451482257769,-1.2858847515667275,0.9955342411994934
4,1,1,-0.011689861377879342,-1.3443340584561243,0.9933692216873168
4,1,2,-0.029224653444698354,-1.3384891277671846,0.9937859177589417
4,1,3,-0.052604376200457034,-1.3326441970782448,0.9929714798927308
4,1,4,0.005844930688939671,-1.350178989145064,0.9932873845100404
4,1,5,0.0,-1.3560239198340036,0.9927960634231568
4,1,6,-0.005844930688939671,-1.3560239198340036,0.991354525089264
4,1,7,-0.15196819791243144,-1.2975746129446069,0.9912184476852416
4,1,8,-0.05844930688939671,-1.3092644743224862,0.9887670874595642
4,1,9,0.017534792066819013,-1.2157455832994515,0.992404043674469
4,1,10,0.029224653444698354,-1.2274354446773308,0.9919994473457336
4,1,11,0.052604376200457034,-0.9644135636750456,0.9986103773117064
4,1,12,-0.11689861377879342,-1.0345527319423218,0.9970587491989136
4,1,13,0.18703778204606947,-0.6429423757833638,0.7005771994590759
4,1,14,-0.2805566730691042,-0.6546322371612431,0.5715766549110413
4,1,15,0.08182902964515539,-0.3682306334031992,0.7619802951812744
4,1,16,-0.16365805929031077,-0.4091451482257769,0.5811802744865417
4,1,17,0.029224653444698354,-0.30393639582486287,0.7357102036476135
4,1,18,-0.16365805929031077,-0.3097813265138025,0.5643909573554993
4,1,19,0.005844930688939671,-0.32731611858062154,0.7412692904472351
4,1,20,-0.07013916826727605,-0.31562625720274223,0.5661585330963135
4,1,21,-0.08182902964515539,-0.3506958413363802,0.7298943400382996
4,1,22,-0.0993638217119744,-0.3799204947810786,0.5615614652633667
4,1,23,0.07013916826727605,0.017534792066819013,0.9952459335327148
4,1,24,-0.07013916826727605,-0.017534792066819013,0.9918439984321594
4,1,25,-0.09351889102303473,0.5201988313156307,0.8506779670715332
4,1,26,-0.08767396033409505,0.53188869269351,0.7049928307533264
4,1,27,0.06429423757833637,1.0754672467648994,0.8743005394935608
4,1,28,-0.07013916826727605,1.1222266922764168,0.7538791298866272
4,1,29,0.0,1.1748310684768737,0.8458636403083801
4,1,30,-0.12858847515667274,1.2215905139883911,0.7518834471702576
4,1,31,-0.017534792066819013,1.3034195436335465,0.8760204911231995
4,1,32,-0.1402783365345521,1.3209543357003655,0.7713189721107483
4,2,0,-0.23670363152313717,-1.2361189646208275,0.9958452582359314
4,2,1,-0.19988306661953806,-1.3045000137275116,0.9939154982566832
4,2,2,-0.18936290521850974,-1.2992399330269973,0.994304358959198
4,2,3,-0.17884274381748141,-1.2992399330269973,0.99358332157135
4,2,4,-0.21040322802056638,-1.3097600944280257,0.9937759637832642
4,2,5,-0.2051431473200522,-1.3150201751285397,0.9932627081871032
4,2,6,-0.19988306661953806,-1.3150201751285397,0.9919127821922302
4,2,7,-0.11572177541131151,-1.2676794488239125,0.9920312166213988
4,2,8,-0.13150201751285398,-1.283459690925455,0.9893582463264464
4,2,9,-0.19988306661953806,-1.1729979962146575,0.9930415153503418
4,2,10,-0.21566330872108053,-1.1782580769151716,0.9922707080841064
4,2,11,0.03156048420308496,-0.9836350909961478,0.9987360239028932
4,2,12,-0.09994153330976903,-1.0151955751992328,0.996796727180481
4,2,13,0.1841028245179956,-0.6101693612596425,0.7298796772956848
4,2,14,-0.026300403502570797,-0.5891290384575858,0.517979621887207
4,2,15,-0.026300403502570797,-0.35768548763496283,0.7839469909667969
4,2,16,-0.15780242101542477,-0.3997661332390761,0.5286335945129395
4,2,17,-0.10520161401028319,-0.2577439543251938,0.7579892873764038
4,2,18,-0.22618347012210885,-0.2472237929241655,0.5153208374977112
4,2,19,-0.13676209821336816,-0.32086492273136374,0.7626993656158447
4,2,20,-0.22618347012210885,-0.2577439543251938,0.517004668712616
4,2,21,-0.12098185611182566,-0.3524254069344487,0.7511042952537537
4,2,22,-0.21040322802056638,-0.2840443578277646,0.5129109025001526
4,2,23,0.06312096840616992,0.0,0.9955365061759948
4,2,24,-0.06312096840616992,0.0,0.9918238520622252
4,2,25,-0.07364112980719822,0.0,0.8490706086158752
4,2,26,-0.13676209821336816,0.4260665367416469,0.6738371253013611
4,2,27,-0.01578024210154248,0.5891290384575858,0.8487132787704468
4,2,28,0.026300403502570797,0.9310342839910062,0.7120296955108643
4,2,29,0.01578024210154248,0.7048508138688974,0.8472853302955627
4,2,30,0.1420221789138823,1.0783165436054027,0.7394340634346008
4,2,31,-0.13150201751285398,0.7048508138688974,0.8552471399307251
4,2,32,-0.1420221789138823,1.1414375120115725,0.7261795997619629
5,1,0,0.041825533148240855,-1.2995790656774837,0.9961286783218384
5,1,1,-0.017925228492103224,-1.3593298273178278,0.9942651987075806
5,1,2,-0.02390030465613763,-1.3593298273178278,0.9946054816246032
5,1,3,-0.03585045698420645,-1.3593298273178278,0.9939117431640624
5,1,4,-0.02390030465613763,-1.3653049034818623,0.994250476360321
5,1,5,-0.041825533148240855,-1.3653049034818623,0.9937848448753356
5,1,6,-0.053775685476309676,-1.3653049034818623,0.9925675988197328
5,1,7,-0.10157629478858494,-1.317504294169587,0.9922771453857422
5,1,8,-0.1434018279368258,-1.3234793703336214,0.9902941584587096
5,1,9,0.02390030465613763,-1.2398283040371396,0.993368685245514
5,1,10,0.011950152328068816,-1.2398283040371396,0.9929047226905824
5,1,11,0.04780060931227526,-0.9888751051476945,0.9985479712486268
5,1,12,-0.17925228492103223,-1.0068003336397977,0.99709290266037
5,1,13,0.08365106629648171,-0.5825699259933548,0.692177414894104
5,1,14,-0.39435502682627094,-0.5347693166810795,0.5656828284263611
5,1,15,0.1434018279368258,-0.30771642244777203,0.7381327748298645
5,1,16,-0.16132705642892903,-0.28979119395566877,0.5732977390289307
5,1,17,0.19120243724910105,-0.23004043231532473,0.7110720276832581
5,1,18,-0.1434018279368258,-0.17626474683901505,0.5585340261459351
5,1,19,0.20912766574120428,-0.27186596546356556,0.7175606489181519
5,1,20,-0.0717009139684129,-0.19418997533111826,0.5598059892654419
5,1,21,0.16730213259296342,-0.2957662701197032,0.7087674736976624
5,1,22,-0.0717009139684129,-0.23601550847935912,0.5547076463699341
5,1,23,0.0717009139684129,-0.01493769041008602,0.9957455992698668
5,1,24,-0.0717009139684129,0.01493769041008602,0.9925253987312316
5,1,25,0.0717009139684129,0.38539241258021933,0.8475233912467957
5,1,26,-0.1434018279368258,0.63037053530563,0.7046496272087097
5,1,27,-0.02390030465613763,0.923149267343316,0.8521299362182617
5,1,28,-0.2748535035455828,1.1382520092485549,0.7381977438926697
5,1,29,-0.11352644711665376,1.054600942952073,0.8480252623558044
5,1,30,-0.3107039605297892,1.2099529232169677,0.7553959488868713
5,1,31,0.13145167560875698,1.0127754098038322,0.8614469766616821
5,1,32,-0.17925228492103223,1.3354295226616901,0.7500258684158325
5,2,0,-0.2887842951714483,-1.2816522052370944,0.9964832663536072
5,2,1,-0.2612810289646437,-1.3531606973747865,0.994813859462738
5,2,2,-0.2502797224819219,-1.3476600441334254,0.9951248168945312
5,2,3,-0.24477906924056095,-1.3476600441334254,0.9945033192634584
5,2,4,-0.2612810289646437,-1.3531606973747865,0.9947822690010072
5,2,5,-0.2557803757232828,-1.3531606973747865,0.994362771511078
5,2,6,-0.2502797224819219,-1.3531606973747865,0.9932645559310912
5,2,7,-0.173270577102869,-1.309155471443899,0.9930317401885986
5,2,8,-0.18427188358559082,-1.31465612468526,0.9912030100822448
5,2,9,-0.2557803757232828,-1.2156443663407634,0.9940027594566344
5,2,10,-0.2612810289646437,-1.2156443663407634,0.9934982657432556
5,2,11,-0.03575424606884598,-1.0011188899276875,0.9986894726753236
5,2,12,-0.15126796413742533,-0.9901175834449657,0.9968156814575196
5,2,13,0.15126796413742533,-0.555565977377453,0.7224368453025818
5,2,14,-0.024752939586124144,-0.5115607514465657,0.5123758316040039
5,2,15,-0.18977253682695175,-0.33553984772301615,0.7633835077285767
5,2,16,-0.2007738433096736,-0.28053331530940695,0.5199166536331177
5,2,17,-0.2667816822060046,-0.23102743613715865,0.7377310991287231
5,2,18,-0.2502797224819219,-0.14851763751674485,0.5079119801521301
5,2,19,-0.2942849484128092,-0.2970352750334897,0.7434227466583252
5,2,20,-0.2557803757232828,-0.23652808937851957,0.5092021226882935
5,2,21,-0.2722823354473656,-0.3245385412402943,0.7345125675201416
5,2,22,-0.23927841599920005,-0.275032662068046,0.5051356554031372
5,2,23,0.03575424606884598,0.01100130648272184,0.9959149360656738
5,2,24,-0.03575424606884598,-0.01100130648272184,0.991675615310669
5,2,25,-0.18427188358559082,0.07150849213769196,0.8575083017349243
5,2,26,-0.382295400274584,0.22552678289579775,0.6959538459777832
5,2,27,0.008250979862041381,0.9296103977899955,0.8595676422119141
5,2,28,-0.173270577102869,0.8085960264800554,0.7105167508125305
5,2,29,0.03575424606884598,1.1496365274444325,0.8577837944030762
5,2,30,-0.14026665765470347,0.8636025588936646,0.7398176193237305
5,2,31,-0.14026665765470347,1.1496365274444325,0.8665652871131897
5,2,32,-0.17877123034422993,1.0286221561344921,0.7212392687797546
6,1,0,0.06770319863718603,-1.3186003925051946,0.9964379072189332
6,1,1,0.02256773287906201,-1.3895275529822466,0.9945456981658936
6,1,2,0.02256773287906201,-1.3895275529822466,0.994816780090332
6,1,3,0.016119809199330006,-1.3895275529822466,0.9941117763519288
6,1,4,0.009671885519598003,-1.3959754766619785,0.9948309659957886
6,1,5,-0.0032239618398660014,-1.3959754766619785,0.9944437742233276
6,1,6,-0.016119809199330006,-1.3959754766619785,0.993432343006134
6,1,7,-0.10639074071557804,-1.3508400109038545,0.9922061562538148
6,1,8,-0.17086997751289806,-1.3572879345835867,0.9915515184402466
6,1,9,0.04191150391825802,-1.2476732320281425,0.9935452342033386
6,1,10,0.02256773287906201,-1.2476732320281425,0.9936264157295228
6,1,11,0.03546358023852601,-0.9897562848388625,0.9982491731643676
6,1,12,-0.2095575195912901,-1.0026521321983264,0.9970818758010864
6,1,13,0.16442205383316608,-0.5126099325386942,0.6857857704162598
6,1,14,-0.35141184054539415,-0.4481306957413742,0.5600894093513489
6,1,15,0.2417971379899501,-0.2095575195912901,0.7204725742340088
6,1,16,-0.016119809199330006,-0.2289012906304861,0.5645051598548889
6,1,17,0.29982845110753814,-0.17731790119263008,0.6947758793830872
6,1,18,0.08059904599665003,-0.08059904599665003,0.5509248971939087
6,1,19,0.31917222214673413,-0.19021374855209408,0.7015617489814758
6,1,20,0.13218243543450606,-0.16442205383316608,0.5517899394035339
6,1,21,0.2546929853494141,-0.1966616722318261,0.6953563690185547
6,1,22,0.10639074071557804,-0.20310959591155808,0.5463520288467407
6,1,23,0.08704696967638204,-0.009671885519598003,0.9957334399223328
6,1,24,-0.08704696967638204,0.009671885519598003,0.9922250509262084
6,1,25,0.04191150391825802,0.5061620088589622,0.853819727897644
6,1,26,-0.37720353526432215,0.5835370930157463,0.7234777212142944
6,1,27,-0.04191150391825802,1.2089856899497504,0.8585896492004395
6,1,28,-0.3127242984670021,1.2025377662700185,0.735719621181488
6,1,29,-0.13863035911423807,1.3250483161849265,0.8556327223777771
6,1,30,-0.38365145894405417,1.2734649267470706,0.7549469470977783
6,1,31,0.13863035911423807,1.4088713240214426,0.867389440536499
6,1,32,-0.1966616722318261,1.4282150950606387,0.7429801225662231
6,2,0,-0.25732511773283273,-1.2866255886641635,0.9967763423919678
6,2,1,-0.22904763226768626,-1.371458045059603,0.995077908039093
6,2,2,-0.2177366380816277,-1.371458045059603,0.9953230619430542
6,2,3,-0.20642564389556908,-1.371458045059603,0.9946900010108948
6,2,4,-0.24035862645374484,-1.371458045059603,0.9953256249427797
6,2,5,-0.23470312936071555,-1.3771135421526322,0.9949742555618286
6,2,6,-0.23470312936071555,-1.3771135421526322,0.9940643906593324
6,2,7,-0.24035862645374484,-1.3375250625014272,0.99297297000885
6,2,8,-0.2799471061049499,-1.3431805595944564,0.9923624992370604
6,2,9,-0.2177366380816277,-1.2244151206408413,0.9941734075546264
6,2,10,-0.24035862645374484,-1.2244151206408413,0.9942046403884888
6,2,11,-0.05372722238377826,-1.0095062311057283,0.9984182119369508
6,2,12,-0.1385596787792176,-0.9812287456405818,0.997148871421814
6,2,13,0.0933157020349833,-0.5118224869191508,0.7167631387710571
6,2,14,-0.059382719476807545,-0.44395652180279926,0.5127885341644287
6,2,15,-0.27429160901192057,-0.34781307122130134,0.7473143935203552
6,2,16,-0.22339213517465698,-0.24035862645374484,0.5193226933479309
6,2,17,-0.36477956250038923,-0.27429160901192057,0.7227973937988281
6,2,18,-0.27429160901192057,-0.14421517587224691,0.508863627910614
6,2,19,-0.38174605377947707,-0.3308465799422135,0.7287624478340149
6,2,20,-0.30256909447706704,-0.2120811409885984,0.5098102688789368
6,2,21,-0.35346856831433066,-0.35346856831433066,0.7220684885978699
6,2,22,-0.2516696206398034,-0.24035862645374484,0.5052420496940613
6,2,23,0.025449736918631807,0.014138742732573225,0.9959670305252076
6,2,24,-0.025449736918631807,-0.014138742732573225,0.9920704364776612
6,2,25,-0.18380365552345193,0.2516696206398034,0.8628363609313965
6,2,26,-0.3421575741282721,0.3930570479655357,0.7160329222679138
6,2,27,0.025449736918631807,1.0264727223848162,0.8647125959396362
6,2,28,-0.014138742732573225,0.9133627805242304,0.7130773663520813
6,2,29,0.1555261700583055,1.201793132268724,0.8658779859542847
6,2,30,0.11593769040710045,1.0943386875011676,0.7438644766807556
6,2,31,-0.087660204941954,1.218759623547812,0.8725966215133667
6,2,32,-0.16683716424436407,1.1565491555244898,0.7199676036834717
7,1,0,0.09802619638562947,-1.3344211249914721,0.9969707131385804
7,1,1,0.05375630124373229,-1.4166366445407097,0.995233416557312
7,1,2,0.04743203050917555,-1.4166366445407097,0.9954416751861572
7,1,3,0.04743203050917555,-1.4166366445407097,0.99485582113266
7,1,4,0.034783489040062066,-1.410312373806153,0.995578408241272
7,1,5,0.01581067683639185,-1.410312373806153,0.9952738285064696
7,1,6,0.00316213536727837,-1.410312373806153,0.9944474697113036
7,1,7,-0.09170192565107273,-1.3786910201333693,0.9927401542663574
7,1,8,-0.15494463299664013,-1.3723667493988125,0.9929015636444092
7,1,9,0.09170192565107273,-1.2585298761767911,0.9943353533744812
7,1,10,0.060080571978289025,-1.264854146911348,0.9946118593215942
7,1,11,0.06640484271284576,-1.0055590467945217,0.9983280301094056
7,1,12,-0.2434844232804345,-0.9865862345908514,0.9974057078361512
7,1,13,0.07905338418195924,-0.5185902002336527,0.6746250987052917
7,1,14,-0.4079154623789097,-0.4300504099498583,0.5609093308448792
7,1,15,0.22451161107676426,-0.2529708293822696,0.7218124866485596
7,1,16,-0.01581067683639185,-0.20870093424037242,0.56491619348526
7,1,17,0.2877543184223317,-0.1770795805675887,0.6966002583503723
7,1,18,0.07905338418195924,-0.10751260248746458,0.5532724261283875
7,1,19,0.30040285989144516,-0.2529708293822696,0.7047147154808044
7,1,20,0.12964755005841316,-0.18340385130214545,0.5538304448127747
7,1,21,0.25613296474954794,-0.2719436415859398,0.6966726779937744
7,1,22,0.09170192565107273,-0.22767374644404262,0.5470083355903625
7,1,23,0.11067473785474294,-0.01264854146911348,0.9961102604866028
7,1,24,-0.11067473785474294,0.01264854146911348,0.9926669001579284
7,1,25,0.08537765491651599,0.5502115539064364,0.8589735627174377
7,1,26,-0.21818734034220752,0.6197785319865605,0.7429684996604919
7,1,27,-0.04110775977461881,1.16366581515844,0.8693413734436035
7,1,28,-0.3699698379715693,1.16366581515844,0.7398762106895447
7,1,29,-0.1359718207929699,1.2522056054422344,0.867429792881012
7,1,30,-0.4521853575208069,1.2522056054422344,0.7598524689674377
7,1,31,0.18024171593486707,1.3027997713186883,0.8790539503097534
7,1,32,-0.25613296474954794,1.3976638323370394,0.745113730430603
7,2,0,-0.17815071813673486,-1.3552179629687329,0.9971550107002258
7,2,1,-0.15906314119351325,-1.4379307963893597,0.9956250786781312
7,2,2,-0.1463380898980322,-1.4379307963893597,0.99581116437912
7,2,3,-0.13997556425029167,-1.4379307963893597,0.9953051805496216
7,2,4,-0.17815071813673486,-1.4379307963893597,0.9958782196044922
7,2,5,-0.17815071813673486,-1.4379307963893597,0.9955657124519348
7,2,6,-0.17815071813673486,-1.4379307963893597,0.9948436617851256
7,2,7,-0.1908757694322159,-1.3997556425029167,0.9933895468711852
7,2,8,-0.23541344896639962,-1.3997556425029167,0.9933688044548036
7,2,9,-0.13361303860255114,-1.2661426039003656,0.9948004484176636
7,2,10,-0.1654256668412538,-1.2661426039003656,0.9948588013648988
7,2,11,-0.01908757694322159,-1.0116415779907444,0.99848210811615
7,2,12,-0.1654256668412538,-0.9798289497520416,0.9970690011978148
7,2,13,0.0063625256477405304,-0.4644643722850587,0.7066344618797302
7,2,14,-0.10816293601158901,-0.4008391158076534,0.5109472274780273
7,2,15,-0.27995112850058335,-0.2672260772051023,0.748568594455719
7,2,16,-0.2290509233186591,-0.15906314119351325,0.5187285542488098
7,2,17,-0.3817515388644318,-0.15906314119351325,0.7246591448783875
7,2,18,-0.30540123109154543,-0.05726273082966477,0.5098410248756409
7,2,19,-0.40720164145539395,-0.24813850026188067,0.7317629456520081
7,2,20,-0.32448880803476704,-0.11452546165932954,0.5104379057884216
7,2,21,-0.37538901321669127,-0.2735886028528428,0.7232301831245422
7,2,22,-0.2735886028528428,-0.15270061554577272,0.5050640106201172
7,2,23,0.03817515388644318,-0.012725051295481061,0.996077299118042
7,2,24,-0.03817515388644318,0.012725051295481061,0.9916293025016784
7,2,25,-0.15906314119351325,0.6044399365353503,0.8607088327407837
7,2,26,-0.26086355155736174,0.6044399365353503,0.6996777653694153
7,2,27,0.09543788471610795,1.3743055399119546,0.8601502180099487
7,2,28,0.01908757694322159,1.2343299756616628,0.6913829445838928
7,2,29,0.20360082072769697,1.5206436298099868,0.8670364022254944
7,2,30,0.17178819248899432,1.4506558476848408,0.7259949445724487
7,2,31,-0.03181262823870265,1.5142811041622461,0.8631285429000854
7,2,32,-0.21632587202317802,1.4506558476848408,0.6983582973480225
8,1,0,0.16493736008468557,-1.3733559778479942,0.9970561861991882
8,1,1,0.1312766743531171,-1.4406773493111311,0.995305836200714
8,1,2,0.1312766743531171,-1.4406773493111311,0.9954656362533568
8,1,3,0.1245445372068034,-1.447409486457445,0.9950566291809082
8,1,4,0.111080262914176,-1.4406773493111311,0.9957732558250428
8,1,5,0.0976159886215486,-1.4406773493111311,0.9954792857170104
8,1,6,0.07741957718260752,-1.4406773493111311,0.9948565363883972
8,1,7,0.043758891451039034,-1.400284526433249,0.9922652244567872
8,1,8,-0.010098205719470546,-1.3935523892869353,0.9935207962989808
8,1,9,0.16493736008468557,-1.2858381949459161,0.9941990971565248
8,1,10,0.13800881149943078,-1.2858381949459161,0.9948908090591432
8,1,11,0.1312766743531171,-1.0098205719470545,0.9982443451881408
8,1,12,-0.17840163437731296,-0.9896241605081135,0.9973160028457642
8,1,13,0.1178124000604897,-0.5183745602661547,0.6569663286209106
8,1,14,-0.25918728013307735,-0.3904639544861944,0.5591313242912292
8,1,15,0.333240788742528,-0.39719609163250813,0.7056081295013428
8,1,16,0.23225873154782256,-0.37699968019356705,0.5628533363342285
8,1,17,0.42749070879091977,-0.35007113160831227,0.6833544373512268
8,1,18,0.4072942973519787,-0.3568032687546259,0.5515944957733154
8,1,19,0.45441925737617456,-0.40392822877882184,0.6923691630363464
8,1,20,0.4342228459372335,-0.4241246402177629,0.5518029928207397
8,1,21,0.3938300230593513,-0.4173925030714492,0.6832237243652344
8,1,22,0.38709788591303756,-0.444321051656704,0.5430768132209778
8,1,23,0.1245445372068034,-0.013464274292627395,0.9960007071495056
8,1,24,-0.1245445372068034,0.013464274292627395,0.992157518863678
8,1,25,0.17840163437731296,0.7001422632166245,0.8506197333335876
8,1,26,-0.09088385147523491,0.733802948948193,0.7283589243888855
8,1,27,0.06395530288998012,1.2791060577996025,0.8642672896385193
8,1,28,-0.333240788742528,1.2993024692385435,0.7204035520553589
8,1,29,-0.0033660685731568486,1.3531595664090532,0.8643357753753662
8,1,30,-0.41402643449829235,1.3800881149943078,0.7424184679985046
8,1,31,0.31977651444990063,1.4406773493111311,0.869134247303009
8,1,32,-0.19859804581625407,1.5147308579205818,0.7257364392280579
8,2,0,-0.1031485544652339,-1.3409312080480407,0.9971587657928468
8,2,1,-0.07736141584892542,-1.4053990545888118,0.9956469535827636
8,2,2,-0.0709146311948483,-1.411845839242889,0.9957678914070128
8,2,3,-0.0709146311948483,-1.411845839242889,0.9954403638839722
8,2,4,-0.09025498515707965,-1.4053990545888118,0.9959665536880492
8,2,5,-0.1031485544652339,-1.411845839242889,0.9956433176994324
8,2,6,-0.12893569308154237,-1.411845839242889,0.9951555132865906
8,2,7,-0.1031485544652339,-1.3796119159725033,0.9928827285766602
8,2,8,-0.14827604704377373,-1.3796119159725033,0.9938660860061646
8,2,9,-0.0709146311948483,-1.2571230075450381,0.9946480393409728
8,2,10,-0.08380820050300254,-1.2571230075450381,0.9951000809669496
8,2,11,0.045127492578539825,-0.9928048367278762,0.9983897805213928
8,2,12,-0.12248890842746525,-1.0056984060360303,0.9970690011978148
8,2,13,0.03868070792446271,-0.4254877871690898,0.6901660561561584
8,2,14,-0.1740631856600822,-0.438381356477244,0.5071503520011902
8,2,15,-0.27076495547123897,-0.438381356477244,0.7316704392433167
8,2,16,-0.2062971089304678,-0.3739135099364729,0.5113955736160278
8,2,17,-0.38036029459055,-0.438381356477244,0.7088240385055542
8,2,18,-0.27076495547123897,-0.3416795866660873,0.5026183724403381
8,2,19,-0.3674667252823957,-0.5157427723261695,0.7166392803192139
8,2,20,-0.2836585247793932,-0.4254877871690898,0.5029158592224121
8,2,21,-0.328786017357933,-0.5221895569802466,0.7055397033691406
8,2,22,-0.2514246015090076,-0.4190410025150127,0.4956701695919037
8,2,23,0.05157427723261695,0.0064467846540771185,0.9957879185676576
8,2,24,-0.05157427723261695,-0.0064467846540771185,0.9907960891723632
8,2,25,-0.032233923270385594,0.7284866659107143,0.848343551158905
8,2,26,-0.019340353962231355,0.7026995272944059,0.6744896769523621
8,2,27,0.18695675496823644,1.3925054852806575,0.856020987033844
8,2,28,0.06446784654077119,1.2571230075450381,0.66768878698349
8,2,29,0.27076495547123897,1.482760470437737,0.8623253107070923
8,2,30,0.12248890842746525,1.315144069431732,0.7038366794586182
8,2,31,0.07736141584892542,1.3538247773561949,0.8549281358718872
8,2,32,-0.15472283169785084,1.4311861932051202,0.6801977753639221
9,1,0,0.20068723590873838,-1.3667492790336493,0.997299313545227
9,1,1,0.15916573882417182,-1.4290315246604992,0.9958983063697816
9,1,2,0.15916573882417182,-1.4290315246604992,0.99600088596344
9,1,3,0.1522454893100774,-1.4290315246604992,0.9957069158554076
9,1,4,0.1522454893100774,-1.4290315246604992,0.996204912662506
9,1,5,0.13148474076779412,-1.4290315246604992,0.9959002137184144
9,1,6,0.11764424173960526,-1.4290315246604992,0.9954662322998048
9,1,7,0.08996324368322756,-1.4013505266041215,0.9931600689888
9,1,8,0.041521497084566567,-1.394430277090027,0.9943447709083556
9,1,9,0.18684673688054954,-1.2906265343786107,0.9949409365653992
9,1,10,0.16608598833826627,-1.2906265343786107,0.9954565167427064
9,1,11,0.14532523979598297,-0.9999760547866448,0.9983269572257996
9,1,12,-0.15916573882417182,-0.9999760547866448,0.9973312616348268
9,1,13,0.2283682339651161,-0.49479784025775153,0.639823317527771
9,1,14,-0.18684673688054954,-0.4117548460886184,0.5553585886955261
9,1,15,0.4152149708456656,-0.5570800858846013,0.7048267126083374
9,1,16,0.29757072910606036,-0.5432395868564125,0.5568467974662781
9,1,17,0.5397794620993653,-0.5916813334550736,0.6854152679443359
9,1,18,0.4290554698738545,-0.5916813334550736,0.5461382269859314
9,1,19,0.5190187135570821,-0.6539635790819234,0.6944724321365356
9,1,20,0.42213522035976003,-0.6747243276242066,0.5457932949066162
9,1,21,0.4636567174443266,-0.647043329567829,0.6820938587188721
9,1,22,0.3806137232751935,-0.6608838285960178,0.5355188846588135
9,1,23,0.12456449125369969,-0.0034601247570472137,0.9958925247192384
9,1,24,-0.12456449125369969,0.0034601247570472137,0.9914061427116394
9,1,25,0.2076074854228328,0.7992888188779064,0.8323912620544434
9,1,26,-0.08996324368322756,0.7854483198497175,0.7055299878120422
9,1,27,0.0761227446550387,1.394430277090027,0.8569281101226807
9,1,28,-0.33909222619062696,1.394430277090027,0.698238730430603
9,1,29,-0.0069202495140944275,1.4843935207732546,0.8558129072189331
9,1,30,-0.43597571938794893,1.4636327722309714,0.7189463973045349
9,1,31,0.32525172716243805,1.5328352673719157,0.8598442673683167
9,1,32,-0.2076074854228328,1.6158782615410487,0.7084102034568787
9,2,0,-0.23052147190514766,-1.3106792259749824,0.9975214600563048
9,2,1,-0.21734881636771067,-1.383128831430886,0.9962727427482604
9,2,2,-0.20417616083027365,-1.383128831430886,0.9963585138320924
9,2,3,-0.19758983306155514,-1.3897151591996044,0.9961010813713074
9,2,4,-0.23710779967386617,-1.383128831430886,0.9965353608131408
9,2,5,-0.23710779967386617,-1.3897151591996044,0.996249794960022
9,2,6,-0.23710779967386617,-1.3897151591996044,0.9958715438842772
9,2,7,-0.11855389983693308,-1.3699561758934489,0.9938021302223206
9,2,8,-0.17783084975539962,-1.3765425036621675,0.994841992855072
9,2,9,-0.20417616083027365,-1.2316432927503604,0.99539315700531
9,2,10,-0.23052147190514766,-1.2250569649816418,0.9958012700080872
9,2,11,0.03951796661231103,-1.0011218208452126,0.998452603816986
9,2,12,-0.1712445219866811,-0.9945354930764942,0.9974284172058104
9,2,13,-0.08562226099334055,-0.5005609104226063,0.6746736168861389
9,2,14,-0.34907537174208075,-0.46762927157901385,0.5209997296333313
9,2,15,-0.40176599389182877,-0.5861831714159469,0.7315652966499329
9,2,16,-0.36883435504823625,-0.49397458265388783,0.535900354385376
9,2,17,-0.5005609104226063,-0.6322874657969765,0.7117998600006104
9,2,18,-0.4215249771979843,-0.5071472381913249,0.5261431932449341
9,2,19,-0.48738825488516935,-0.70473707125288,0.7196018695831299
9,2,20,-0.4083523216605473,-0.5927694991846654,0.5252971649169922
9,2,21,-0.4478702882728583,-0.691564415715443,0.7060134410858154
9,2,22,-0.3754206828169548,-0.5927694991846654,0.5161357522010803
9,2,23,0.06586327768718504,0.006586327768718505,0.9957144856452942
9,2,24,-0.06586327768718504,-0.006586327768718505,0.9912779927253724
9,2,25,-0.15807186644924412,0.7508413656339096,0.836788535118103
9,2,26,-0.22393514413642915,0.691564415715443,0.6708221435546875
9,2,27,0.1448992109118071,1.4160604702744786,0.8557142615318298
9,2,28,0.05927694991846654,1.3106792259749824,0.6613554358482361
9,2,29,0.2568667829800217,1.528028042342693,0.8586010336875916
9,2,30,0.15807186644924412,1.4358194535806341,0.6937513947486877
9,2,31,-0.05927694991846654,1.448992109118071,0.8564578890800476
9,2,32,-0.15807186644924412,1.488510075730382,0.6776663661003113
10,1,0,0.1814900650253516,-1.3843065744090541,0.9976655840873718
10,1,1,0.14590377776547872,-1.4554791489288,0.9965298175811768
10,1,2,0.14590377776547872,-1.4554791489288,0.996611475944519
10,1,3,0.1530210352174533,-1.4554791489288,0.996373176574707
10,1,4,0.13166926286152958,-1.4554791489288,0.996738612651825
10,1,5,0.11743474795758044,-1.4554791489288,0.99647057056427
10,1,6,0.1032002330536313,-1.4625964063807746,0.9961101412773132
10,1,7,0.1032002330536313,-1.4341273765728761,0.9941789507865906
10,1,8,0.039144915985860146,-1.4270101191209017,0.9952282309532166
10,1,9,0.174372807573377,-1.306016742437334,0.9957128167152404
10,1,10,0.1530210352174533,-1.3131339998893086,0.996119499206543
10,1,11,0.20995909483324987,-0.9928574145504527,0.9985218048095704
10,1,12,-0.19572457992930073,-1.0070919294544018,0.9976515769958496
10,1,13,0.2597798969970719,-0.5088839078161819,0.6577069759368896
10,1,14,-0.174372807573377,-0.44482859074841075,0.5683031678199768
10,1,15,0.47329762055630903,-0.722401631375419,0.7452178597450256
10,1,16,0.24554538209312274,-0.7508706611833174,0.5813222527503967
10,1,17,0.6085255121438259,-0.7793396909912156,0.7236024737358093
10,1,18,0.3309524715168176,-0.822043235703063,0.5710542798042297
10,1,19,0.5942909972398768,-0.8291604931550376,0.7311356663703918
10,1,20,0.3096006991608939,-0.8860985527708342,0.5699219703674316
10,1,21,0.5302356801721057,-0.822043235703063,0.7167540192604065
10,1,22,0.2811316693529956,-0.8647467804149105,0.5598446726799011
10,1,23,0.13878652031350416,0.003558628725987286,0.9959059357643129
10,1,24,-0.13878652031350416,-0.003558628725987286,0.9918671250343324
10,1,25,0.18860732247732614,0.8149259782510885,0.8200753331184387
10,1,26,-0.11743474795758044,0.7864569484431903,0.7011195421218872
10,1,27,0.08184846069770758,1.505299951092622,0.8510406613349915
10,1,28,-0.3594215013247159,1.505299951092622,0.6903980374336243
10,1,29,-0.003558628725987286,1.604941555420266,0.8463988304138184
10,1,30,-0.423476818392487,1.5978242979682915,0.7014728784561157
10,1,31,0.3096006991608939,1.6832313873919862,0.856351375579834
10,1,32,-0.19572457992930073,1.7330521895558082,0.7038227319717407
10,2,0,-0.15905814591232365,-1.3706074275423634,0.9978800415992736
10,2,1,-0.14552128243042375,-1.4315233132109129,0.9968623518943788
10,2,2,-0.14552128243042375,-1.4315233132109129,0.9969349503517152
10,2,3,-0.14552128243042375,-1.4382917449518628,0.9967212677001952
10,2,4,-0.15905814591232365,-1.4315233132109129,0.9970464110374452
10,2,5,-0.17936344113517347,-1.4382917449518628,0.9968023896217346
10,2,6,-0.18613187287612343,-1.4382917449518628,0.9964802861213684
10,2,7,-0.09814226024377416,-1.4112180179880631,0.994750678539276
10,2,8,-0.1522897141713737,-1.4112180179880631,0.9956779479980468
10,2,9,-0.12521598720757393,-1.296154678391914,0.9961217641830444
10,2,10,-0.14552128243042375,-1.296154678391914,0.9964650869369508
10,2,11,0.118447555466624,-0.9915752500491666,0.9986422657966614
10,2,12,-0.23351089506277303,-1.0051121135310666,0.9978110790252686
10,2,13,0.0033842158704749715,-0.5313218916645704,0.6907181739807129
10,2,14,-0.3215005076951223,-0.46363757425507107,0.525678813457489
10,2,15,-0.355342666399872,-0.7682170025978184,0.7671780586242676
10,2,16,-0.31473207595417235,-0.58546934559217,0.5510935187339783
10,2,17,-0.46363757425507107,-0.8494381834892178,0.7444201707839966
10,2,18,-0.4094901203274715,-0.6396167995197696,0.5438051819801331
10,2,19,-0.42979541555032136,-0.9035856374168173,0.7507758140563965
10,2,20,-0.3891848251046217,-0.7276064121521189,0.5424243807792664
10,2,21,-0.3824163933636718,-0.8765119104530176,0.7348948121070862
10,2,22,-0.3756479616227218,-0.6463852312607196,0.5333709716796875
10,2,23,0.13875285068947382,0.010152647611424913,0.99590402841568
10,2,24,-0.13875285068947382,-0.010152647611424913,0.9922571778297424
10,2,25,0.0710685332799744,0.8426697517482679,0.8285491466522217
10,2,26,-0.21320559983992318,0.7411432756340187,0.6666395664215088
10,2,27,0.19966873635802332,1.4992076306204123,0.8510370850563049
10,2,28,0.09814226024377416,1.4382917449518628,0.6669461131095886
10,2,29,0.27412148550847265,1.6210394019575112,0.8452099561691284
10,2,30,0.17259500939422354,1.5736603797708617,0.6857578158378601
10,2,31,0.0033842158704749715,1.6210394019575112,0.8556736707687378
10,2,32,-0.1658265776532736,1.6142709702165614,0.6890506148338318
11,1,0,0.15623493177102432,-1.3783392869577034,0.9977757930755616
11,1,1,0.13540360753488773,-1.447777034411492,0.9967623949050904
11,1,2,0.13540360753488773,-1.4547208091568709,0.9968281984329224
11,1,3,0.13540360753488773,-1.4547208091568709,0.996649444103241
11,1,4,0.1076285085533723,-1.447777034411492,0.9967700839042664
11,1,5,0.09374095906261459,-1.4547208091568709,0.9964643120765686
11,1,6,0.08679718431723574,-1.4547208091568709,0.9960421323776244
11,1,7,0.07985340957185687,-1.4338894849207342,0.9943846464157104
11,1,8,-0.024303211608826005,-1.4269457101753553,0.9953433871269226
11,1,9,0.16317870651640318,-1.3019577647585359,0.9960541129112244
11,1,10,0.13540360753488773,-1.3019577647585359,0.9963508248329164
11,1,11,0.2256726792248129,-0.9964316759618662,0.9986722469329834
11,1,12,-0.25344777820632836,-1.003375450707245,0.9979345798492432
11,1,13,0.2742791024424649,-0.5381425427668616,0.6761941313743591
11,1,14,-0.15623493177102432,-0.46870479531307296,0.5718445181846619
11,1,15,0.46870479531307296,-0.808949757836637,0.7832968831062317
11,1,16,0.12845983278950887,-0.9339377032534565,0.5952591300010681
11,1,17,0.6006365154752713,-0.8853312800358044,0.7600964903831482
11,1,18,0.16317870651640318,-1.0172630001980028,0.5878798365592957
11,1,19,0.6075802902206501,-0.9200501537626987,0.7661683559417725
11,1,20,0.14929115702564547,-1.0658694234156547,0.5864329934120178
11,1,21,0.5520300922576192,-0.9061626042719411,0.7506052851676941
11,1,22,0.13540360753488773,-1.0380943244341394,0.576932966709137
11,1,23,0.14929115702564547,0.010415662118068287,0.995944619178772
11,1,24,-0.14929115702564547,-0.010415662118068287,0.9925400614738464
11,1,25,0.17012248126178203,0.8853312800358044,0.8139259219169617
11,1,26,-0.13540360753488773,0.7672871093643638,0.6965000629425049
11,1,27,0.09374095906261459,1.4755521333930075,0.8474765419960022
11,1,28,-0.3437168498962535,1.4824959081383862,0.6945589184761047
11,1,29,0.003471887372689429,1.5588774303375537,0.837435245513916
11,1,30,-0.40621082260466324,1.5588774303375537,0.6920616626739502
11,1,31,0.2881666519332226,1.6977529252451309,0.8566584587097168
11,1,32,-0.2048413549886763,1.7463593484627828,0.7132521271705627
11,2,0,-0.20982138396944822,-1.3536863481899886,0.9979928731918336
11,2,1,-0.1759792252646985,-1.421370665599488,0.9970813989639282
11,2,2,-0.16921079352374857,-1.428139097340438,0.9971405863761902
11,2,3,-0.15567393004184868,-1.4349075290813877,0.9969794154167176
11,2,4,-0.19628452048754833,-1.421370665599488,0.9970871806144714
11,2,5,-0.19628452048754833,-1.428139097340438,0.9968113303184508
11,2,6,-0.19628452048754833,-1.428139097340438,0.9964317083358764
11,2,7,-0.13536863481899886,-1.414602233858538,0.9949427247047424
11,2,8,-0.19628452048754833,-1.407833802117588,0.9958022832870485
11,2,9,-0.1624423617827986,-1.2860020307804891,0.9964423179626464
11,2,10,-0.18274765700564846,-1.2860020307804891,0.996704399585724
11,2,11,0.10152647611424914,-0.9949594659196416,0.9987953305244446
11,2,12,-0.21658981571039818,-1.0017278976605914,0.998118817806244
11,2,13,0.020305295222849826,-0.5076323805712457,0.7077131867408752
11,2,14,-0.39256904097509665,-0.3858006092341467,0.5370292067527771
11,2,15,-0.3181162918246473,-0.7851380819501933,0.8027798533439636
11,2,16,-0.2910425648608475,-0.23012667919229804,0.5816598534584045
11,2,17,-0.41964276793889643,-0.8731276945825426,0.7794928550720215
11,2,18,-0.4399480631617463,-0.3181162918246473,0.5768194794654846
11,2,19,-0.3858006092341467,-0.940812011992042,0.7847468256950378
11,2,20,-0.3451900187884471,-0.2639688378970478,0.5759773850440979
11,2,21,-0.33842158704749714,-0.9137382850282423,0.7690081596374512
11,2,22,-0.3181162918246473,-0.2707372696379977,0.5668020248413086
11,2,23,0.1286002030780489,0.013536863481899886,0.996151089668274
11,2,24,-0.1286002030780489,-0.013536863481899886,0.9931238293647766
11,2,25,0.006768431740949943,0.832517104136843,0.8279587030410767
11,2,26,-0.1624423617827986,0.7580643549863936,0.683070719242096
11,2,27,0.16921079352374857,1.5432024369365869,0.854738175868988
11,2,28,0.07445274915044937,1.5025918464908872,0.6946883797645569
11,2,29,0.2707372696379977,1.6718026400146357,0.8420200943946838
11,2,30,0.15567393004184868,1.6108867543460863,0.6912258267402649
11,2,31,0.013536863481899886,1.7394869574241352,0.8628549575805664
11,2,32,-0.19628452048754833,1.7191816622012854,0.7171100974082947
12,1,0,0.14537544709667,-1.3899311039486497,0.9980455040931702
12,1,1,0.12410099142398659,-1.4537544709667,0.9972192049026488
12,1,2,0.12410099142398659,-1.460845956190928,0.9972628355026244
12,1,3,0.1311924766482144,-1.460845956190928,0.9971196055412292
12,1,4,0.09573505052707537,-1.4537544709667,0.997144103050232
12,1,5,0.08155208007861976,-1.460845956190928,0.9968492984771729
12,1,6,0.07446059485439195,-1.4679374414151556,0.9964551329612732
12,1,7,0.07446059485439195,-1.4466629857424722,0.9950709939002992
12,1,8,-0.02482019828479732,-1.4395715005182446,0.9959176182746888
12,1,9,0.1524669323208978,-1.311924766482144,0.9965887069702148
12,1,10,0.11700950619975879,-1.3190162517063717,0.9968175888061525
12,1,11,0.20919881411472024,-0.9998994166161206,0.9988411664962769
12,1,12,-0.23756475501163146,-0.9998994166161206,0.998220145702362
12,1,13,0.2730221811327705,-0.5247699065928576,0.6941637992858887
12,1,14,-0.17374138799358121,-0.4254891134536683,0.5820230841636658
12,1,15,0.47867525263537686,-0.8084293155619698,0.8169418573379517
12,1,16,0.11700950619975879,-0.9289845643738425,0.6227980256080627
12,1,17,0.6134134718957052,-0.8793441678042478,0.7935464382171631
12,1,18,0.14537544709667,-1.021173872288804,0.6176090240478516
12,1,19,0.6205049571199329,-0.9218930791496147,0.7985267639160156
12,1,20,0.1311924766482144,-1.0495398131857152,0.6166558265686035
12,1,21,0.5637730753261105,-0.9077101087011591,0.7829388976097107
12,1,22,0.12410099142398659,-1.0282653575130318,0.6071320176124573
12,1,23,0.14537544709667,0.007091485224227805,0.9962380528450012
12,1,24,-0.14537544709667,-0.007091485224227805,0.99333393573761
12,1,25,0.1524669323208978,0.8864356530284756,0.8137158751487732
12,1,26,-0.1382839618724422,0.8226122860104254,0.7111828327178955
12,1,27,0.10282653575130317,1.5459437788816615,0.8498352766036987
12,1,28,-0.34393703337504855,1.5601267493301172,0.7195047736167908
12,1,29,0.01772871306056951,1.6310416015723952,0.8327629566192627
12,1,30,-0.400668915168871,1.6168586311239397,0.695887565612793
12,1,31,0.30138812202968174,1.857969128747685,0.8619537949562073
12,1,32,-0.20919881411472024,1.8437861582992294,0.738582193851471
12,2,0,-0.23974297403366882,-1.3608939408381788,0.9982362985610962
12,2,1,-0.20448665432283517,-1.4314065802598461,0.9974929690361024
12,2,2,-0.1903841264385017,-1.4384578442020128,0.9975322484970092
12,2,3,-0.17628159855416825,-1.4455091081441795,0.997403085231781
12,2,4,-0.22564044614933534,-1.4314065802598461,0.9974246025085448
12,2,5,-0.22564044614933534,-1.4384578442020128,0.997158706188202
12,2,6,-0.22564044614933534,-1.4455091081441795,0.9968042969703674
12,2,7,-0.15512780672766804,-1.4314065802598461,0.995560586452484
12,2,8,-0.2185891822071686,-1.4243553163176794,0.9963198304176332
12,2,9,-0.1903841264385017,-1.2833300374743448,0.9969239830970764
12,2,10,-0.2185891822071686,-1.2903813014165115,0.9971257448196412
12,2,11,0.09166643124816748,-0.9942282158455089,0.9989465475082396
12,2,12,-0.22564044614933534,-1.0012794797876756,0.99837726354599
12,2,13,-0.0070512639421667295,-0.47243468412517087,0.7239898443222046
12,2,14,-0.3596144610505032,-0.3525631971083365,0.5477491021156311
12,2,15,-0.3596144610505032,-0.782690297580507,0.8333700895309448
12,2,16,-0.3102556134553361,-0.19743539038066843,0.6074706315994263
12,2,17,-0.47243468412517087,-0.8673054648865077,0.8101562857627869
12,2,18,-0.46538342018300416,-0.22564044614933534,0.6039721965789795
12,2,19,-0.4301271004721705,-0.937818104308175,0.8144285082817078
12,2,20,-0.4301271004721705,-0.16217907066983478,0.6038228273391724
12,2,21,-0.38781951681917015,-0.9096130485395081,0.7987167239189148
12,2,22,-0.42307583653000375,-0.32435814133966956,0.5945540070533752
12,2,23,0.12692275095900113,0.0070512639421667295,0.9964051842689514
12,2,24,-0.12692275095900113,-0.0070512639421667295,0.9938238263130188
12,2,25,-0.028205055768666918,0.8955105206551747,0.827995240688324
12,2,26,-0.1903841264385017,0.8461516730600075,0.6957507133483887
12,2,27,0.16217907066983478,1.642944498524848,0.8573269844055176
12,2,28,0.08461516730600076,1.6076881788140143,0.7169240713119507
12,2,29,0.2820505576866692,1.7910210413103493,0.8378762602806091
12,2,30,0.17628159855416825,1.7275596658308487,0.6944800615310669
12,2,31,-0.0070512639421667295,1.87563620861635,0.868209958076477
12,2,32,-0.1903841264385017,1.8403798889055165,0.7400462627410889
13,1,0,0.14928103147334137,-1.368409455172296,0.998297154903412
13,1,1,0.1350637903806422,-1.4394956606357918,0.997585117816925
13,1,2,0.1350637903806422,-1.4466042811821413,0.9976152181625366
13,1,3,0.1421724109269918,-1.4466042811821413,0.997510313987732
13,1,4,0.09952068764889425,-1.4394956606357918,0.9974837899208068
13,1,5,0.08530344655619507,-1.4466042811821413,0.9972044229507446
13,1,6,0.06397758491714631,-1.453712901728491,0.996852457523346
13,1,7,0.07819482600984548,-1.4323870400894423,0.9956378936767578
13,1,8,-0.028434482185398357,-1.4323870400894423,0.9964128732681274
13,1,9,0.14928103147334137,-1.2902146291624506,0.9969877004623412
13,1,10,0.10662930819524384,-1.2902146291624506,0.9971820116043092
13,1,11,0.16349827256604055,-0.9987611867621173,0.9989584684371948
13,1,12,-0.2630189602149348,-0.9987611867621173,0.998440146446228
13,1,13,0.24880171912223564,-0.5438094717957436,0.7008655667304993
13,1,14,-0.16349827256604055,-0.44428878414684936,0.5913832783699036
13,1,15,0.4976034382444713,-0.7997198114643288,0.841096818447113
13,1,16,0.014217241092699178,-0.9490008429376702,0.6457070112228394
13,1,17,0.6611017108105118,-0.8636973963814751,0.8169452548027039
13,1,18,0.0,-1.0840646333183124,0.6415993571281433
13,1,19,0.6611017108105118,-0.9063491196595727,0.8215196132659912
13,1,20,-0.028434482185398357,-1.1124991155037107,0.6412795782089233
13,1,21,0.5971241258933655,-0.8921318785668735,0.8064452409744263
13,1,22,-0.03554310273174795,-1.0769560127719628,0.6316342353820801
13,1,23,0.1421724109269918,0.0035543102731747946,0.9964628219604492
13,1,24,-0.1421724109269918,-0.0035543102731747946,0.9939913153648376
13,1,25,0.1350637903806422,0.8423715347424263,0.8190870881080627
13,1,26,-0.15638965201969096,0.8281542936497271,0.723050057888031
13,1,27,0.09241206710254467,1.5461249688310357,0.8575316071510315
13,1,28,-0.3341051656784307,1.560342209923735,0.7404252886772156
13,1,29,0.014217241092699178,1.6314284153872307,0.8357783555984497
13,1,30,-0.39097413004922743,1.6243197948408812,0.7035337686538696
13,1,31,0.3198879245857315,1.8446870317777184,0.8709973096847534
13,1,32,-0.18482413420508934,1.8589042728704177,0.760056734085083
13,2,0,-0.18646373879617612,-1.3185650100586739,0.9984424710273744
13,2,1,-0.1598260618252938,-1.3851592024858796,0.9978033304214478
13,2,2,-0.14650722333985267,-1.3918186217286002,0.9978318810462952
13,2,3,-0.1331883848544115,-1.398478040971321,0.9977343678474426
13,2,4,-0.18646373879617612,-1.3851592024858796,0.9977079033851624
13,2,5,-0.19312315803889668,-1.3851592024858796,0.9974555373191832
13,2,6,-0.19978257728161727,-1.3918186217286002,0.997137486934662
13,2,7,-0.09989128864080864,-1.3851592024858796,0.996062159538269
13,2,8,-0.18646373879617612,-1.3851592024858796,0.9967289566993712
13,2,9,-0.1331883848544115,-1.2453113983887476,0.9972598552703856
13,2,10,-0.1664854810680144,-1.238651979146027,0.997400999069214
13,2,11,0.11321012712624978,-0.9989128864080863,0.9990429282188416
13,2,12,-0.20644199652433784,-0.9989128864080863,0.9985198974609376
13,2,13,0.03995651545632345,-0.5061158624467638,0.7295619249343872
13,2,14,-0.39956515456323455,-0.4728187662331608,0.554283857345581
13,2,15,-0.3196521236505876,-0.7791520513983073,0.853224515914917
13,2,16,-0.3929057353205139,-0.7924708898837485,0.6222249269485474
13,2,17,-0.4328622507768374,-0.8324274053400719,0.8275094628334045
13,2,18,-0.486137604718602,-0.8657245015536748,0.6186003684997559
13,2,19,-0.4062245738059551,-0.8923621785245571,0.8312910199165344
13,2,20,-0.46615934699044026,-0.9389781132236011,0.6166044473648071
13,2,21,-0.36626805834963166,-0.879043340039116,0.8146288394927979
13,2,22,-0.4128839930486757,-0.9056810170099983,0.6061665415763855
13,2,23,0.11321012712624978,0.0,0.9964559078216552
13,2,24,-0.11321012712624978,0.0,0.9943245649337769
13,2,25,0.06659419242720575,0.8257679860973514,0.8306840062141418
13,2,26,-0.0799130309126469,0.7991303091264691,0.6991526484489441
13,2,27,0.1664854810680144,1.5116881680975707,0.8610082864761353
13,2,28,0.07325361166992633,1.4850504911266884,0.729580283164978
13,2,29,0.28635502743698477,1.6448765529519822,0.8351742625236511
13,2,30,0.1664854810680144,1.5782823605247764,0.6970091462135315
13,2,31,0.006659419242720575,1.7847243570491143,0.8738551139831543
13,2,32,-0.19978257728161727,1.7314490031073495,0.7577785849571228
14,1,0,0.13432632201397615,-1.3329304261386863,0.9985499978065492
14,1,1,0.12743779267992608,-1.408704248813237,0.997956156730652
14,1,2,0.13432632201397615,-1.408704248813237,0.9979757070541382
14,1,3,0.1412148513480262,-1.415592778147287,0.9978923201560974
14,1,4,0.09299514600967579,-1.408704248813237,0.997857630252838
14,1,5,0.07921808734157568,-1.408704248813237,0.997614860534668
14,1,6,0.0585524993394255,-1.415592778147287,0.9973068237304688
14,1,7,0.09988367534372586,-1.401815719479187,0.9963101744651794
14,1,8,-0.024109852669175206,-1.408704248813237,0.9968923330307008
14,1,9,0.1412148513480262,-1.2640451327981859,0.9974029660224916
14,1,10,0.09988367534372586,-1.2640451327981859,0.9975180625915528
14,1,11,0.16188043935017637,-0.9953924887702335,0.999083697795868
14,1,12,-0.2583198500268772,-1.0022810181042836,0.9985396265983582
14,1,13,0.2445427913587771,-0.49941837671862926,0.7154746651649475
14,1,14,-0.16188043935017637,-0.47186425938242904,0.5955479145050049
14,1,15,0.5063069060526794,-0.7474054327444314,0.8631789684295654
14,1,16,-0.09299514600967579,-1.0022810181042836,0.658550500869751
14,1,17,0.6371889633996305,-0.8025136674168318,0.8375656008720398
14,1,18,-0.07921808734157568,-1.1400516047852847,0.6544395089149475
14,1,19,0.6440774927336805,-0.8851760194254326,0.8415021300315857
14,1,20,-0.11366073401182597,-1.174494251455535,0.6524589657783508
14,1,21,0.58896925806128,-0.8576219020892323,0.8252972960472107
14,1,22,-0.10677220467777591,-1.1331630754512347,0.6414947509765625
14,1,23,0.13432632201397615,0.0034442646670250292,0.996518611907959
14,1,24,-0.13432632201397615,-0.0034442646670250292,0.9945282340049744
14,1,25,0.12743779267992608,0.7818480794146817,0.8222938179969788
14,1,26,-0.13432632201397615,0.7887366087487317,0.7264481782913208
14,1,27,0.07921808734157568,1.4707010128196876,0.8629491925239563
14,1,28,-0.2927624966971275,1.5120321888239878,0.7531388401985168
14,1,29,-0.017221323335125147,1.5533633648282883,0.8363902568817139
14,1,30,-0.34787073136952795,1.5740289528304385,0.7119147181510925
14,1,31,0.29965102603117755,1.7806848328519402,0.8772925138473511
14,1,32,-0.14810338068207626,1.8082389501881404,0.7771227359771729
14,2,0,-0.20644199652433784,-1.3152353004373136,0.99866384267807
14,2,1,-0.17980431955345552,-1.3818294928645194,0.9981304407119752
14,2,2,-0.1664854810680144,-1.38848891210724,0.9981480240821838
14,2,3,-0.15316664258257323,-1.38848891210724,0.9980708956718444
14,2,4,-0.20644199652433784,-1.3818294928645194,0.9980378746986388
14,2,5,-0.2131014157670584,-1.38848891210724,0.997816801071167
14,2,6,-0.219760835009779,-1.38848891210724,0.9975409507751464
14,2,7,-0.1065507078835292,-1.3818294928645194,0.996664583683014
14,2,8,-0.19312315803889668,-1.38848891210724,0.997150182723999
14,2,9,-0.1598260618252938,-1.2419816887673873,0.9976320266723632
14,2,10,-0.19312315803889668,-1.2419816887673873,0.9976956248283386
14,2,11,0.08657245015536748,-0.995583176786726,0.999146044254303
14,2,12,-0.17980431955345552,-1.0022425960294465,0.9986064434051514
14,2,13,0.07325361166992633,-0.47614847585452114,0.7427862882614136
14,2,14,-0.2530579312233819,-0.5294238297962858,0.5565078854560852
14,2,15,-0.3196521236505876,-0.7092281493497413,0.8727864027023315
14,2,16,-0.4062245738059551,-0.8224382764759911,0.6345312595367432
14,2,17,-0.45284050850499913,-0.7558440840487853,0.8453090190887451
14,2,18,-0.49945644320404314,-0.902351307388638,0.631065309047699
14,2,19,-0.41954341229139624,-0.8490759534468734,0.8484017252922058
14,2,20,-0.486137604718602,-0.9423078228449614,0.6279663443565369
14,2,21,-0.3795868968350728,-0.8357571149614322,0.8304104804992676
14,2,22,-0.44618108926227856,-0.9289889843595203,0.6163594126701355
14,2,23,0.11321012712624978,-0.0033297096213602876,0.9963971376419068
14,2,24,-0.11321012712624978,0.0033297096213602876,0.99473237991333
14,2,25,0.07325361166992633,0.8424165342041527,0.8352111577987671
14,2,26,-0.11321012712624978,0.7691629225342265,0.7105001211166382
14,2,27,0.20644199652433784,1.4550831045344457,0.8680311441421509
14,2,28,0.11321012712624978,1.435104846806284,0.7455945611000061
14,2,29,0.3263115428933082,1.5816120701461367,0.8383351564407349
14,2,30,0.20644199652433784,1.528336716204372,0.7088645100593567
14,2,31,0.01331883848544115,1.7281192934859892,0.881414532661438
14,2,32,-0.12652896561169094,1.7081410357578275,0.7750219702720642
15,1,0,0.19030686163759675,-1.342528405734319,0.9987220764160156
15,1,1,0.1764663626094079,-1.4186511503893575,0.9982303977012634
15,1,2,0.1764663626094079,-1.4186511503893575,0.9982501864433287
15,1,3,0.1764663626094079,-1.4186511503893575,0.9981824159622192
15,1,4,0.14878536455303018,-1.4186511503893575,0.9981131553649902
15,1,5,0.1280246160107469,-1.4186511503893575,0.9978920221328736
15,1,6,0.10726386746846363,-1.4186511503893575,0.9976063370704652
15,1,7,0.1280246160107469,-1.4048106513611687,0.9968518614768982
15,1,8,0.03806137232751935,-1.4048106513611687,0.9972617626190186
15,1,9,0.19030686163759675,-1.2664056610792802,0.9977543354034424
15,1,10,0.1557056140671246,-1.2664056610792802,0.997794270515442
15,1,11,0.18338661212350232,-0.9965159300295975,0.999189794063568
15,1,12,-0.19722711115169117,-1.003436179543692,0.9986633062362672
15,1,13,0.2802701053208243,-0.4844174659866099,0.7177345156669617
15,1,14,-0.09342336844027477,-0.49825796501479874,0.598806619644165
15,1,15,0.5224788383141292,-0.6781844523812539,0.8758605122566223
15,1,16,0.10726386746846363,-0.8927121873181811,0.6691220998764038
15,1,17,0.6678040781101122,-0.6989452009235372,0.8484697341918945
15,1,18,0.12110436649665247,-1.0103564290577864,0.6645864248275757
15,1,19,0.6816445771383011,-0.7543071970362926,0.8522210717201233
15,1,20,0.07958286941208591,-1.0449576766282584,0.6615309119224548
15,1,21,0.6193623315114513,-0.7543071970362926,0.8348130583763123
15,1,22,0.07266261989799148,-1.0172766785718808,0.6489527821540833
15,1,23,0.13494486552484133,0.0,0.9964712262153624
15,1,24,-0.13494486552484133,0.0,0.9948312640190125
15,1,25,0.14186511503893576,0.7819881950926703,0.8243162631988525
15,1,26,-0.1280246160107469,0.8027489436349535,0.7372336983680725
15,1,27,0.10034361795436919,1.474013146502113,0.867427408695221
15,1,28,-0.2318283587221633,1.522454893100774,0.7676984071731567
15,1,29,-0.0034601247570472137,1.570896639699435,0.8362691402435303
15,1,30,-0.2802701053208243,1.5916573882417182,0.7232913970947266
15,1,31,0.32179160240539084,1.7577433765799846,0.883385956287384
15,1,32,-0.0519018713557082,1.81310537269274,0.7932183146476746
15,2,0,-0.25605622364659436,-1.3178360310344723,0.998833417892456
15,2,1,-0.22191539382704845,-1.3929458566374733,0.9983927011489868
15,2,2,-0.20825906189923007,-1.3929458566374733,0.9984092712402344
15,2,3,-0.1946027299714117,-1.3997740226013824,0.9983488917350768
15,2,4,-0.242399891718776,-1.3929458566374733,0.9982853531837464
15,2,5,-0.242399891718776,-1.3929458566374733,0.9980843663215636
15,2,6,-0.242399891718776,-1.3997740226013824,0.9978295564651488
15,2,7,-0.15363373418795662,-1.3929458566374733,0.9971578121185304
15,2,8,-0.21508722786313925,-1.3929458566374733,0.9975123405456544
15,2,9,-0.2014308959353209,-1.2495543713953805,0.9979594945907592
15,2,10,-0.22874355979095762,-1.2427262054314712,0.9979737997055054
15,2,11,0.08535207454886479,-0.9969122307307406,0.9992517828941344
15,2,12,-0.242399891718776,-0.9969122307307406,0.9987393617630004
15,2,13,0.07169574262104642,-0.4643152855458244,0.7446762323379517
15,2,14,-0.3038533853939586,-0.5121124472931887,0.5586104989051819
15,2,15,-0.35165054714132293,-0.6281912686796448,0.8836288452148438
15,2,16,-0.41310404081650554,-0.7306137581382826,0.6356224417686462
15,2,17,-0.4745575344916882,-0.6555039325352815,0.8542643189430237
15,2,18,-0.5223546962390525,-0.7579264219939192,0.6320502161979675
15,2,19,-0.44724487063605145,-0.7306137581382826,0.8571675419807434
15,2,20,-0.5086983643112342,-0.8535207454886479,0.6281565427780151
15,2,21,-0.41310404081650554,-0.7306137581382826,0.8376631736755371
15,2,22,-0.46090120256386985,-0.8466925795247386,0.616361677646637
15,2,23,0.1194929043684107,-0.013656331927818366,0.9965375661849976
15,2,24,-0.1194929043684107,0.013656331927818366,0.9951072931289672
15,2,25,0.02389858087368214,0.8330362475969203,0.8362705111503601
15,2,26,-0.15363373418795662,0.8057235837412836,0.7130374908447266
15,2,27,0.22191539382704845,1.5090246780239294,0.8720187544822693
15,2,28,0.13314923629622907,1.4885401801322018,0.7560156583786011
15,2,29,0.3448223811774137,1.6114471674825672,0.8408006429672241
15,2,30,0.242399891718776,1.5773063376630212,0.7167559266090393
15,2,31,0.02389858087368214,1.7821513165802967,0.886886715888977
15,2,32,-0.07169574262104642,1.7684949846524782,0.787541925907135
16,1,0,0.23591403049184645,-1.3697098188257952,0.998844027519226
16,1,1,0.19366077129927695,-1.4401319174800777,0.998452365398407
16,1,2,0.19366077129927695,-1.4401319174800777,0.9984678030014038
16,1,3,0.1866185614338487,-1.4471741273455059,0.9984115958213806
16,1,4,0.1725341417029922,-1.4401319174800777,0.9983290433883668
16,1,5,0.1584497219721357,-1.4471741273455059,0.9981324076652528
16,1,6,0.1373230923758509,-1.4471741273455059,0.997894287109375
16,1,7,0.13028088251042266,-1.4330897076146494,0.997233510017395
16,1,8,0.0669009937215684,-1.4260474977492212,0.9976579546928406
16,1,9,0.22182961076098995,-1.2992877201715125,0.998066544532776
16,1,10,0.19366077129927695,-1.2992877201715125,0.9981040954589844
16,1,11,0.2147874008955617,-1.003514905823526,0.999240517616272
16,1,12,-0.20774519103013345,-0.9964726959580977,0.9988402128219604
16,1,13,0.28520949954984426,-0.5105602152435483,0.6953047513961792
16,1,14,-0.13028088251042266,-0.4894335856472636,0.601684033870697
16,1,15,0.4330959067238375,-0.6302777829558286,0.8566480875015259
16,1,16,0.29929391928070076,-0.7288687210718241,0.6699288487434387
16,1,17,0.5809823138978308,-0.6584466224175416,0.8281331658363342
16,1,18,0.44013811658926577,-0.7711219802643937,0.6645978689193726
16,1,19,0.5880245237632591,-0.7218265112063958,0.8314964771270752
16,1,20,0.4049270672621245,-0.8556284986495327,0.6604866981506348
16,1,21,0.5105602152435483,-0.7288687210718241,0.8109246492385864
16,1,22,0.362673808069555,-0.8556284986495327,0.646614670753479
16,1,23,0.1373230923758509,-0.003521104932714126,0.9964789152145386
16,1,24,-0.1373230923758509,0.003521104932714126,0.9952086806297302
16,1,25,0.1584497219721357,0.778164190129822,0.821050763130188
16,1,26,-0.11619646277956616,0.806333029591535,0.7389745116233826
16,1,27,0.08098541345242491,1.5035118062689319,0.8680930137634277
16,1,28,-0.19366077129927695,1.5528072753269297,0.7751383185386658
16,1,29,-0.01056331479814238,1.5809761147886428,0.8356217741966248
16,1,30,-0.2570406600881312,1.6373137937120688,0.7267633676528931
16,1,31,0.3204205488769855,1.7499891515589208,0.8864597082138062
16,1,32,-0.01056331479814238,1.8556222995403446,0.8030570149421692
16,2,0,-0.23394419473165742,-1.3373227848093252,0.9989376068115234
16,2,1,-0.1990271507418578,-1.4141402815868844,0.9985887408256532
16,2,2,-0.18506033314593795,-1.4211236903848443,0.9986007213592528
16,2,3,-0.17109351555001812,-1.4211236903848443,0.998551607131958
16,2,4,-0.21997737713573756,-1.4141402815868844,0.9984745979309082
16,2,5,-0.22696078593369748,-1.4211236903848443,0.9982945919036864
16,2,6,-0.22696078593369748,-1.4281070991828042,0.9980840086936952
16,2,7,-0.07332579237857918,-1.4071568727889245,0.9975008368492126
16,2,8,-0.1361764715602185,-1.4071568727889245,0.99786114692688
16,2,9,-0.18506033314593795,-1.260505288031766,0.998241662979126
16,2,10,-0.21299396833777764,-1.260505288031766,0.998257339000702
16,2,11,0.08030920117653911,-1.002119162507249,0.9993028044700624
16,2,12,-0.18506033314593795,-0.995135753709289,0.9988957643508912
16,2,13,0.12220965396429864,-0.450429867468415,0.7243637442588806
16,2,14,-0.1990271507418578,-0.4853469114582146,0.5546300411224365
16,2,15,-0.2898114651153368,-0.5551809994378138,0.8634339570999146
16,2,16,-0.3037782827112566,-0.5691478170337337,0.6214303374290466
16,2,17,-0.40154600588269557,-0.5831146346296535,0.8311099410057068
16,2,18,-0.38757918828677573,-0.5970814522255734,0.6182947754859924
16,2,19,-0.3805957794888158,-0.6529487226092527,0.8337024450302124
16,2,20,-0.359645553094936,-0.6529487226092527,0.6142450571060181
16,2,21,-0.3456787354990162,-0.6529487226092527,0.8112446069717407
16,2,22,-0.3177451003071765,-0.6529487226092527,0.6022071838378906
16,2,23,0.07332579237857918,-0.0034917043989799615,0.9963796734809875
16,2,24,-0.07332579237857918,0.0034917043989799615,0.9952267408370972
16,2,25,0.010475113196939884,0.8484841689521306,0.8277435302734375
16,2,26,-0.05935897478265934,0.8554675777500905,0.6957866549491882
16,2,27,0.20601055953981773,1.5887255015358823,0.8631724715232849
16,2,28,0.15014328915613834,1.546825048748123,0.7427956461906433
16,2,29,0.33171191790309634,1.7283936774950808,0.8317979574203491
16,2,30,0.23394419473165742,1.6445927719195619,0.7069036364555359
16,2,31,0.0034917043989799615,1.8121945830705999,0.8812459707260132
16,2,32,-0.15014328915613834,1.8191779918685598,0.7803820967674255
17,1,0,0.2155355931161315,-1.3921479293074723,0.9989827871322632
17,1,1,0.16606840781078985,-1.4628153368865318,0.9986745119094848
17,1,2,0.1590016670528839,-1.4628153368865318,0.9986860156059264
17,1,3,0.1590016670528839,-1.4628153368865318,0.998632311820984
17,1,4,0.14486818553707198,-1.4628153368865318,0.9985637664794922
17,1,5,0.13073470402126008,-1.4628153368865318,0.9984010457992554
17,1,6,0.10953448174754224,-1.4628153368865318,0.9982048869132996
17,1,7,0.10953448174754224,-1.434548373854908,0.9976519346237184
17,1,8,0.04593381492638868,-1.434548373854908,0.99803364276886
17,1,9,0.20846885235822554,-1.3144137809705068,0.9983644485473632
17,1,10,0.18020188932660175,-1.3144137809705068,0.99839049577713
17,1,11,0.2155355931161315,-1.003477187622645,0.9992985129356384
17,1,12,-0.19433537084241365,-0.9964104468647391,0.9989883303642272
17,1,13,0.34273692675843864,-0.5653392606324761,0.6841886043548584
17,1,14,-0.10953448174754224,-0.48053837153760465,0.5982424020767212
17,1,15,0.4699382604007457,-0.586539482906194,0.8315871357917786
17,1,16,0.3003364822110029,-0.6784071127589713,0.6568820476531982
17,1,17,0.5476724087377112,-0.586539482906194,0.7982586026191711
17,1,18,0.42753781585331,-0.7632080018538427,0.651655912399292
17,1,19,0.5264721864639933,-0.6642736312431594,0.8007786273956299
17,1,20,0.38513737130587433,-0.8197419279170903,0.6473573446273804
17,1,21,0.4628715196428398,-0.6572068904852534,0.7787248492240906
17,1,22,0.34980366751634456,-0.8126751871591843,0.6335405707359314
17,1,23,0.13073470402126008,0.0,0.99652498960495
17,1,24,-0.13073470402126008,0.0,0.995537281036377
17,1,25,0.13073470402126008,0.7844082241275605,0.8105202317237854
17,1,26,-0.09540100023173034,0.8338754094329022,0.7234655022621155
17,1,27,0.08833425947382438,1.5052157814339675,0.8577171564102173
17,1,28,-0.1731351485686958,1.568816448255121,0.7628492116928101
17,1,29,-0.010600111136858926,1.6112168928025568,0.8242563605308533
17,1,30,-0.22260233387403747,1.6677508188658043,0.7163518667221069
17,1,31,0.25086929690566123,1.74548496720277,0.8803932666778564
17,1,32,-0.03180033341057678,1.858552819329265,0.7962329983711243
17,2,0,-0.2576354699453866,-1.3552331569729925,0.9990626573562622
17,2,1,-0.22234293981588157,-1.4328767232579034,0.998788356781006
17,2,2,-0.20822592776407955,-1.4328767232579034,0.998796820640564
17,2,3,-0.18705040968637657,-1.4399352292838044,0.9987501502037048
17,2,4,-0.2435184578935846,-1.4328767232579034,0.9986854195594788
17,2,5,-0.2435184578935846,-1.4399352292838044,0.9985358119010924
17,2,6,-0.23645995186768357,-1.4399352292838044,0.9983627200126648
17,2,7,-0.09528983134966353,-1.4187597112061014,0.9978768229484558
17,2,8,-0.15881638558277256,-1.4187597112061014,0.9981957077980042
17,2,9,-0.20116742173817856,-1.2775895906880814,0.9985091090202332
17,2,10,-0.22940144584178257,-1.2705310846621805,0.9985103011131288
17,2,11,0.09528983134966353,-1.0023078556779423,0.9993504285812378
17,2,12,-0.19410891571227756,-0.9952493496520413,0.9990195631980896
17,2,13,0.15175787955687156,-0.4517443856576641,0.7141672372817993
17,2,14,-0.23645995186768357,-0.47291990373536713,0.5514695644378662
17,2,15,-0.3070450121266936,-0.5435049639943772,0.8410484790802002
17,2,16,-0.34939604828209964,-0.5505634700202782,0.6115369200706482
17,2,17,-0.4270396145670106,-0.5576219760461791,0.8046231865882874
17,2,18,-0.43409812059291164,-0.5787974941238822,0.6087197065353394
17,2,19,-0.4058640964893076,-0.6352655423310902,0.8065911531448364
17,2,20,-0.4270396145670106,-0.6493825543828922,0.6045947074890137
17,2,21,-0.3705715663598026,-0.6282070363051891,0.7825872302055359
17,2,22,-0.38468857841160464,-0.6493825543828922,0.5923497676849365
17,2,23,0.10940684340146553,0.0,0.9963467717170716
17,2,24,-0.10940684340146553,0.0,0.9955211281776428
17,2,25,0.017646265064752507,0.8329037110563182,0.8217730522155762
17,2,26,-0.09528983134966353,0.8752547472117242,0.699047863483429
17,2,27,0.21528443378998058,1.6234563859572304,0.8601928353309631
17,2,28,0.13058236147916855,1.5881638558277256,0.7502338290214539
17,2,29,0.3423375422561986,1.7575680004493495,0.8256344199180603
17,2,30,0.22940144584178257,1.7010999522421415,0.7079789042472839
17,2,31,0.02470477109065351,1.8493285787860625,0.8812304139137268
17,2,32,-0.11646534942736654,1.8563870848119637,0.7881193161010742
18,1,0,0.22967624334488748,-1.370990498735636,0.9990988373756408
18,1,1,0.19434143667644327,-1.4416601120725245,0.9988487362861632
18,1,2,0.1872744753427544,-1.4416601120725245,0.9988541007041932
18,1,3,0.18020751400906557,-1.4487270734062134,0.9987990260124208
18,1,4,0.17314055267537673,-1.4487270734062134,0.998753011226654
18,1,5,0.15900663000799903,-1.4487270734062134,0.9986193776130676
18,1,6,0.1378057460069325,-1.4557940347399023,0.9984636306762696
18,1,7,0.08127005533742172,-1.4275261894051468,0.9979251623153688
18,1,8,0.045935248668977496,-1.4345931507388356,0.998348832130432
18,1,9,0.20847535934382094,-1.28618696273137,0.9985952973365784
18,1,10,0.1872744753427544,-1.2932539240650587,0.9986262321472168
18,1,11,0.16607359134168787,-1.003508509383816,0.9993042945861816
18,1,12,-0.1519396686743102,-0.9964415480501273,0.9991112947463988
18,1,13,0.22967624334488748,-0.5088212160255969,0.651451587677002
18,1,14,-0.1519396686743102,-0.4522855253560861,0.5953555107116699
18,1,15,0.3074128180154648,-0.5794908293624853,0.7869952917098999
18,1,16,0.22967624334488748,-0.5653569066951076,0.6485165953636169
18,1,17,0.434618122021864,-0.6006917133635519,0.7578921914100647
18,1,18,0.3568815473512867,-0.6077586746972408,0.6444167494773865
18,1,19,0.4134172380207975,-0.6713613267004404,0.7602017521858215
18,1,20,0.3568815473512867,-0.6572274040330627,0.6403264403343201
18,1,21,0.3568815473512867,-0.6784282880341292,0.7380054593086243
18,1,22,0.31447977934915367,-0.6501604426993738,0.6269285678863525
18,1,23,0.1236718233395548,0.0,0.9962640404701232
18,1,24,-0.1236718233395548,0.0,0.995691180229187
18,1,25,0.13073878467324365,0.7773657467057731,0.8111099600791931
18,1,26,-0.11660486200586595,0.826834476041595,0.7266057729721069
18,1,27,0.03180132600159981,1.5335306094104795,0.8575954437255859
18,1,28,-0.19434143667644327,1.5829993387463015,0.7706960439682007
18,1,29,-0.045935248668977496,1.6112671840810568,0.8232685923576355
18,1,30,-0.23674320467857635,1.6678028747505675,0.7228536605834961
18,1,31,0.23674320467857635,1.7526064107548338,0.8817633986473083
18,1,32,-0.045935248668977496,1.8586108307601665,0.804317057132721
18,2,0,-0.23499515710281588,-1.3117640112903453,0.9991692900657654
18,2,1,-0.19992125305761949,-1.4029561618078559,0.998948335647583
18,2,2,-0.1858916914395409,-1.4029561618078559,0.998950183391571
18,2,3,-0.16484734901242307,-1.4099709426168952,0.9989052414894104
18,2,4,-0.2279803762937766,-1.4029561618078559,0.9988565444946288
18,2,5,-0.2279803762937766,-1.4029561618078559,0.9987303018569946
18,2,6,-0.2279803762937766,-1.4099709426168952,0.9985955357551576
18,2,7,-0.08066997930395171,-1.4029561618078559,0.9981227517127992
18,2,8,-0.14380300658530523,-1.4099709426168952,0.9984713196754456
18,2,9,-0.17186212982146234,-1.2486309840089918,0.99871426820755
18,2,10,-0.19992125305761949,-1.2416162031999525,0.9987115859985352
18,2,11,0.08768476011299099,-1.003113655692617,0.9993621706962584
18,2,12,-0.14380300658530523,-0.9960988748835777,0.9990556240081788
18,2,13,0.13678822577626595,-0.4489459717785139,0.6850025057792664
18,2,14,-0.1578325682033838,-0.4559607525875532,0.5441014766693115
18,2,15,-0.263054280338973,-0.5120789990598674,0.8016306757926941
18,2,16,-0.24902471872089443,-0.44193119096947464,0.594867467880249
18,2,17,-0.39633511571071933,-0.4910346566327496,0.7694860696792603
18,2,18,-0.3542464308564836,-0.4208868485423568,0.5933322310447693
18,2,19,-0.4033498965197586,-0.5752120263412209,0.7710322141647339
18,2,20,-0.3542464308564836,-0.46999031420563175,0.5898577570915222
18,2,21,-0.3612612116655229,-0.5822268071502602,0.7475373148918152
18,2,22,-0.3191725268112872,-0.5120789990598674,0.5788750648498535
18,2,23,0.10171432173106956,0.0,0.996348798274994
18,2,24,-0.10171432173106956,0.0,0.99562007188797
18,2,25,0.05962563687683388,0.8207293546575958,0.8213436007499695
18,2,26,-0.14380300658530523,0.8277441354666351,0.6964710354804993
18,2,27,0.17887691063050162,1.6695178325513487,0.8611478805541992
18,2,28,0.08066997930395171,1.5923552436519166,0.7538880109786987
18,2,29,0.2840986227660908,1.8098134487321342,0.8242196440696716
18,2,30,0.17186212982146234,1.725636079023663,0.7106146812438965
18,2,31,-0.010522171213558919,1.879961256822527,0.8833147883415222
18,2,32,-0.17887691063050162,1.85190213358637,0.7938191294670105
19,1,0,0.23157324541964963,-1.3403178750046387,0.9990413188934326
19,1,1,0.19648639005303606,-1.4245263278845113,0.998843550682068
19,1,2,0.19648639005303606,-1.4245263278845113,0.998814046382904
19,1,3,0.18946901897971333,-1.431543698957834,0.9987691044807434
19,1,4,0.18245164790639062,-1.4245263278845113,0.9987647533416748
19,1,5,0.16139953468642246,-1.431543698957834,0.9986323714256288
19,1,6,0.14736479253977702,-1.4385610700311569,0.9985460042953492
19,1,7,0.09824319502651803,-1.4245263278845113,0.9978077411651612
19,1,8,0.06315633965990444,-1.431543698957834,0.9985117316246032
19,1,9,0.2105211321996815,-1.2701441642714115,0.998668134212494
19,1,10,0.18245164790639062,-1.2771615353447343,0.99875408411026
19,1,11,0.18245164790639062,-1.0034840634851483,0.9991833567619324
19,1,12,-0.1684169057597452,-0.9964666924118257,0.9991294741630554
19,1,13,0.23859061649297233,-0.5263028304992037,0.6300217509269714
19,1,14,-0.18245164790639062,-0.45612911976597653,0.5890721082687378
19,1,15,0.3438511825928131,-0.6034939123057536,0.7617042660713196
19,1,16,0.2245558743463269,-0.6034939123057536,0.634339451789856
19,1,17,0.45612911976597653,-0.5894591701591081,0.7346661686897278
19,1,18,0.3578859247394585,-0.5824417990857854,0.6317135095596313
19,1,19,0.46314649083929926,-0.6455981387456898,0.7363026142120361
19,1,20,0.3719206668861039,-0.6596328808923353,0.6282520890235901
19,1,21,0.4070075222527175,-0.6596328808923353,0.7138006687164307
19,1,22,0.3227990693728449,-0.6806849941123034,0.6165450811386108
19,1,23,0.12631267931980888,0.0,0.9958456158638
19,1,24,-0.12631267931980888,0.0,0.9953019618988036
19,1,25,0.15438216361309975,0.7719108180654988,0.7908800840377808
19,1,26,-0.15438216361309975,0.7789281891388214,0.7179771661758423
19,1,27,-0.056138968586581725,1.4806652964710931,0.8356868028640747
19,1,28,-0.18946901897971333,1.5438216361309975,0.7608594298362732
19,1,29,-0.13333005039313162,1.5648737493509657,0.803179144859314
19,1,30,-0.25262535863961777,1.6350474600841929,0.7076088786125183
19,1,31,0.12631267931980888,1.7403080261840336,0.8683064579963684
19,1,32,-0.049121597513259015,1.8245164790639061,0.7993021607398987
19,2,0,-0.2200162759304631,-1.3061283682221143,0.999126672744751
19,2,1,-0.19207770120913448,-1.3969287360664324,0.9989510774612428
19,2,2,-0.17810841384847015,-1.4039133797467647,0.9989227652549744
19,2,3,-0.15715448280747366,-1.4039133797467647,0.9988847970962524
19,2,4,-0.21303163225013094,-1.3969287360664324,0.998876690864563
19,2,5,-0.21303163225013094,-1.4039133797467647,0.998753547668457
19,2,6,-0.21303163225013094,-1.4039133797467647,0.9986782670021056
19,2,7,-0.08730804600415203,-1.4039133797467647,0.9980217814445496
19,2,8,-0.14318519544680933,-1.410898023427097,0.9986360669136048
19,2,9,-0.16413912648780582,-1.243266575099125,0.9987906217575072
19,2,10,-0.19207770120913448,-1.2362819314187927,0.998848557472229
19,2,11,0.06635411496315555,-1.0057886899678314,0.9992582201957704
19,2,12,-0.16413912648780582,-0.991819402607167,0.9990952610969543
19,2,13,0.17810841384847015,-0.4889250576232514,0.6659762263298035
19,2,14,-0.25493949433212393,-0.45400183922159054,0.5388699173927307
19,2,15,-0.21303163225013094,-0.558771494426573,0.7812806367874146
19,2,16,-0.31081664377478124,-0.5378175633855765,0.5856021046638489
19,2,17,-0.35970914953710637,-0.5308329197052444,0.7524678707122803
19,2,18,-0.4225709426600958,-0.5028943449839157,0.5851531028747559
19,2,19,-0.35970914953710637,-0.6146486438692303,0.7534894943237305
19,2,20,-0.4155862989797637,-0.5797254254675694,0.5820595026016235
19,2,21,-0.31081664377478124,-0.6286179312298946,0.7299960851669312
19,2,22,-0.36669379321743856,-0.5936947128282338,0.5728528499603271
19,2,23,0.10826197704514852,0.0,0.9960712790489196
19,2,24,-0.10826197704514852,0.0,0.9954047203063964
19,2,25,0.10826197704514852,0.817203310598863,0.806252658367157
19,2,26,-0.10826197704514852,0.7962493795578666,0.7009516358375549
19,2,27,0.17810841384847015,1.6623451959190547,0.8453242182731628
19,2,28,0.08730804600415203,1.6064680464763974,0.7545390129089355
19,2,29,0.2828780690534526,1.8090227132060301,0.8097379803657532
19,2,30,0.1501698391271415,1.7321916327223763,0.7029755115509033
19,2,31,-0.03143089656149473,1.8788691500093517,0.8740930557250977
19,2,32,-0.17810841384847015,1.850930575288023,0.79562908411026
20,1,0,0.276510569567427,-1.3293777383049374,0.9990525841712952
20,1,1,0.24106049654596198,-1.4144579135564534,0.9988465905189514
20,1,2,0.23397048194166897,-1.4144579135564534,0.9988076090812684
20,1,3,0.23397048194166897,-1.4215479281607464,0.9987918138504028
20,1,4,0.22688046733737596,-1.4144579135564534,0.9987834095954896
20,1,5,0.21270043812878997,-1.4215479281607464,0.9986371397972108
20,1,6,0.19852040892020398,-1.4215479281607464,0.9985827207565308
20,1,7,0.148890306690153,-1.4144579135564534,0.9977775812149048
20,1,8,0.09926020446010199,-1.4215479281607464,0.9985423684120178
20,1,9,0.24106049654596198,-1.2584775922620073,0.9986783862113952
20,1,10,0.21979045273308298,-1.2655676068663004,0.9988507628440856
20,1,11,0.19852040892020398,-1.0032370665074595,0.9991592168807985
20,1,12,-0.148890306690153,-0.9961470519031664,0.9991410970687866
20,1,13,0.24815051115025497,-0.5282060880198285,0.6320491433143616
20,1,14,-0.24815051115025497,-0.45730594197689844,0.5842494368553162
20,1,15,0.411220847048994,-0.6274662924799305,0.7785857319831848
20,1,16,0.19852040892020398,-0.6629163655013954,0.6259793043136597
20,1,17,0.5246610807176819,-0.6061962486670515,0.7508366703987122
20,1,18,0.32614067179747797,-0.6912764239185675,0.6244499683380127
20,1,19,0.49630102230050993,-0.6629163655013954,0.7519143223762512
20,1,20,0.30487062798459896,-0.7763565991700834,0.6213428974151611
20,1,21,0.43958090546616596,-0.6770963947099814,0.7275084853172302
20,1,22,0.26233054035884096,-0.7763565991700834,0.6111646294593811
20,1,23,0.12053024827298099,0.0035450073021464994,0.9956191778182985
20,1,24,-0.12053024827298099,-0.0035450073021464994,0.9949771761894226
20,1,25,0.22688046733737596,0.7550865553572044,0.7768784165382385
20,1,26,-0.12053024827298099,0.7692665845657904,0.7253757119178772
20,1,27,-0.042540087625758,1.4357279573693322,0.827420175075531
20,1,28,-0.21270043812878997,1.5420781764337272,0.7696359753608704
20,1,29,-0.134710277481567,1.5349881618294343,0.7958795428276062
20,1,30,-0.29069059877601294,1.6555184101024154,0.7117871046066284
20,1,31,0.18434037971161799,1.6413383808938293,0.8651303052902222
20,1,32,-0.007090014604292999,1.7547786145625173,0.8059940934181213
20,2,0,-0.17522049062133463,-1.3055644399236699,0.9990904927253724
20,2,1,-0.1408635316759749,-1.3880211413925332,0.998909592628479
20,2,2,-0.127120748097831,-1.3880211413925332,0.9988723397254944
20,2,3,-0.10650657273061517,-1.394892533181605,0.9988657832145692
20,2,4,-0.1546063152541188,-1.3880211413925332,0.9988309741020204
20,2,5,-0.1546063152541188,-1.394892533181605,0.998682141304016
20,2,6,-0.14773492346504685,-1.401763924970677,0.9986318349838256
20,2,7,-0.09276378915247127,-1.3880211413925332,0.9979671239852904
20,2,8,-0.14773492346504685,-1.394892533181605,0.9985604286193848
20,2,9,-0.127120748097831,-1.2299791302438785,0.9987733960151672
20,2,10,-0.1546063152541188,-1.2299791302438785,0.9988375902175904
20,2,11,0.127120748097831,-1.0032232012045041,0.9992361068725586
20,2,12,-0.16834909883226268,-0.9963518094154322,0.9990681409835817
20,2,13,0.26454858387926994,-0.515354384180396,0.6684971451759338
20,2,14,-0.25080580030112604,-0.5016116006022521,0.5400825142860413
20,2,15,-0.13399213988690295,-0.6115538692274032,0.7998542189598083
20,2,16,-0.31264832640277357,-0.6596536117509069,0.5945701599121094
20,2,17,-0.29203415103555774,-0.5840683020711155,0.7736234068870544
20,2,18,-0.4225905950279247,-0.6596536117509069,0.5953177809715271
20,2,19,-0.32639110998091747,-0.6596536117509069,0.7743721008300781
20,2,20,-0.4363333786060686,-0.7077533542744104,0.5925012230873108
20,2,21,-0.29203415103555774,-0.6733963953290507,0.750870943069458
20,2,22,-0.40197641966070885,-0.7146247460634825,0.5832051038742065
20,2,23,0.10650657273061517,0.006871391789071947,0.9955177903175354
20,2,24,-0.10650657273061517,-0.006871391789071947,0.9943867325782776
20,2,25,0.12024935630875906,0.8108242311104896,0.7839831709861755
20,2,26,-0.07214961378525543,0.7421103132197702,0.6869867444038391
20,2,27,0.2301916249339102,1.525448977173972,0.8241484761238098
20,2,28,0.16834909883226268,1.4842206264395403,0.7345907092094421
20,2,29,0.32639110998091747,1.6834909883226268,0.7970381379127502
20,2,30,0.25080580030112604,1.6491340293772672,0.694869339466095
20,2,31,-0.0652782219961835,1.6147770704319073,0.8573223948478699
20,2,32,-0.10650657273061517,1.6972337719007708,0.7770665884017944
21,1,0,0.2802037120985695,-1.330967632468205,0.999106466770172
21,1,1,0.2521833408887125,-1.4150287460977757,0.9989259243011476
21,1,2,0.2521833408887125,-1.4150287460977757,0.9988860487937928
21,1,3,0.24517824808624827,-1.4150287460977757,0.9988927245140076
21,1,4,0.2311680624813198,-1.4150287460977757,0.9988673329353333
21,1,5,0.21715787687639135,-1.42203383890024,0.9987186193466188
21,1,6,0.20314769127146287,-1.4290389317027044,0.998672366142273
21,1,7,0.17512732006160592,-1.4080236532953117,0.9980396032333374
21,1,8,0.10507639203696355,-1.4150287460977757,0.9985951781272888
21,1,9,0.2591884336911768,-1.2539116116410984,0.9987608194351196
21,1,10,0.23817315528378405,-1.2609167044435625,0.9988817572593688
21,1,11,0.24517824808624827,-0.9947231779499216,0.9992246627807616
21,1,12,-0.12609167044435626,-1.0017282707523858,0.99910706281662
21,1,13,0.2521833408887125,-0.5183768673823536,0.6555543541908264
21,1,14,-0.3012189905059622,-0.48335140337003235,0.5852485299110413
21,1,15,0.504366681777425,-0.5884277954069959,0.8058496117591858
21,1,16,0.1330967632468205,-0.6724889090365668,0.6341849565505981
21,1,17,0.6304583522217813,-0.5744176098020674,0.7782119512557983
21,1,18,0.21715787687639135,-0.7425398370612091,0.6338520050048828
21,1,19,0.6234532594193171,-0.6304583522217813,0.779453456401825
21,1,20,0.2101527840739271,-0.8195958578883157,0.6310268044471741
21,1,21,0.5744176098020674,-0.6374634450242456,0.7558659315109253
21,1,22,0.1891375056665344,-0.798580579480923,0.6210575699806213
21,1,23,0.11908657764189202,0.0,0.9952465295791626
21,1,24,-0.11908657764189202,0.0,0.99416983127594
21,1,25,0.30822408330842643,0.7075143730488879,0.7637156844139099
21,1,26,-0.10507639203696355,0.7565500226661376,0.7120199799537659
21,1,27,-0.014010185604928473,1.2959421684558838,0.8045478463172913
21,1,28,-0.19614259846899862,1.4290389317027044,0.7507233023643494
21,1,29,-0.11908657764189202,1.4010185604928473,0.7803918719291687
21,1,30,-0.2802037120985695,1.5341153237396679,0.7001613974571228
21,1,31,0.17512732006160592,1.5060949525298108,0.8442922234535217
21,1,32,0.04203055681478542,1.625181530171703,0.7872483134269714
21,2,0,-0.20841626437916885,-1.3100450903833472,0.9990789890289308
21,2,1,-0.16210153896157578,-1.382825373182422,0.9989272952079772
21,2,2,-0.14225237092546447,-1.3894417625277924,0.9988970756530762
21,2,3,-0.1290195922347236,-1.3894417625277924,0.9989105463027954
21,2,4,-0.18856709634305754,-1.3894417625277924,0.9988404512405396
21,2,5,-0.18856709634305754,-1.3894417625277924,0.99868905544281
21,2,6,-0.1819507069976871,-1.396058151873163,0.9986438751220704
21,2,7,-0.10917042419861227,-1.382825373182422,0.9981729984283448
21,2,8,-0.16871792830694624,-1.382825373182422,0.9985913634300232
21,2,9,-0.15548514961620535,-1.2372648075842723,0.9988373517990112
21,2,10,-0.1819507069976871,-1.2372648075842723,0.9988220930099488
21,2,11,0.09593764550787139,-1.0123075698416772,0.9992944598197936
21,2,12,-0.1819507069976871,-0.9858420124601955,0.9990742802619934
21,2,13,0.2679637684875028,-0.5293111476296352,0.6895522475242615
21,2,14,-0.33412766194120724,-0.5425439263203761,0.5527392625808716
21,2,15,-0.0496229200902783,-0.5822422623925987,0.8243657350540161
21,2,16,-0.4598390595032456,-0.7079536599546371,0.6267731189727783
21,2,17,-0.2282654324152802,-0.5888586517379691,0.7983485460281372
21,2,18,-0.5326193423023204,-0.7476519960268597,0.6252274513244629
21,2,19,-0.2282654324152802,-0.661638934537044,0.7992494702339172
21,2,20,-0.5326193423023204,-0.8071995001351937,0.6220910549163818
21,2,21,-0.19518348568842797,-0.6682553238824145,0.7762951254844666
21,2,22,-0.48630461688472737,-0.7939667214444528,0.6122785210609436
21,2,23,0.11578681354398271,0.0,0.9950956106185912
21,2,24,-0.11578681354398271,0.0,0.993684709072113
21,2,25,0.06285569878101918,0.7278028279907484,0.7775772213935852
21,2,26,-0.22164904306990973,0.6550225451916736,0.6902211904525757
21,2,27,0.16871792830694624,1.2504975862750132,0.8108981847763062
21,2,28,0.10255403485324183,1.3034287010379768,0.7161064743995667
21,2,29,0.25473098979676195,1.3762089838370515,0.786213219165802
21,2,30,0.20179987503379843,1.4159073199092742,0.6825718283653259
21,2,31,-0.05623930943564874,1.4622220453268673,0.8436551094055176
21,2,32,-0.08932125616250094,1.50192038139909,0.7586690187454224
22,1,0,0.28300753547250507,-1.3416653533511351,0.9990634322166444
22,1,1,0.2690318547084308,-1.418531597553544,0.9988872408866882
22,1,2,0.26204401432639357,-1.418531597553544,0.9988600611686708
22,1,3,0.26204401432639357,-1.418531597553544,0.9988916516304016
22,1,4,0.24806833356231928,-1.418531597553544,0.9988200068473816
22,1,5,0.23409265279824495,-1.4255194379355811,0.9986581802368164
22,1,6,0.21312913165213346,-1.4325072783176183,0.9986071586608888
22,1,7,0.18517777012398481,-1.4115437571715068,0.998148798942566
22,1,8,0.12228720668565034,-1.418531597553544,0.9985329508781432
22,1,9,0.26204401432639357,-1.2717869495307637,0.9987543225288392
22,1,10,0.2410804931802821,-1.2717869495307637,0.9988383054733276
22,1,11,0.22011697203417063,-0.9992611746313143,0.9992918968200684
22,1,12,-0.14325072783176182,-0.9992611746313143,0.999114990234375
22,1,13,0.2690318547084308,-0.5310758690348244,0.6722385883331299
22,1,14,-0.30397105661861656,-0.48914882674260135,0.5968070030212402
22,1,15,0.5066184276976943,-0.5730029113270473,0.8317086696624756
22,1,16,0.10831152592157602,-0.7057718785857534,0.6634929776191711
22,1,17,0.6463752353384375,-0.5799907517090845,0.8055392503738403
22,1,18,0.20614129127009628,-0.8036016439342737,0.6614020466804504
22,1,19,0.6603509161025118,-0.6358934747653818,0.8068512678146362
22,1,20,0.20614129127009628,-0.859504366990571,0.658393383026123
22,1,21,0.5974603526641774,-0.642881315147419,0.784015417098999
22,1,22,0.18517777012398481,-0.8385408458444595,0.6482982635498047
22,1,23,0.12228720668565034,0.0,0.9948666095733644
22,1,24,-0.12228720668565034,0.0,0.9934576749801636
22,1,25,0.34589809891083956,0.6568569959114933,0.7672761082649231
22,1,26,-0.11529936630361318,0.6778205170576047,0.7161511778831482
22,1,27,0.010481760573055743,1.2298599072385406,0.7973530292510986
22,1,28,-0.18517777012398481,1.376604555261321,0.7351032495498657
22,1,29,-0.08734800477546453,1.334677512969098,0.772717297077179
22,1,30,-0.2760196950904679,1.4744343206098414,0.6910095810890198
22,1,31,0.19915345088805914,1.4744343206098414,0.8353428244590759
22,1,32,0.05939664324731588,1.5722640859583616,0.77226322889328
22,2,0,-0.19515239177936866,-1.3055022070757765,0.9990946054458618
22,2,1,-0.15477603485949928,-1.3862549209155153,0.9989417195320128
22,2,2,-0.13458785639956458,-1.3862549209155153,0.9989201426506042
22,2,3,-0.12112907075960813,-1.3929843137354936,0.9989522695541382
22,2,4,-0.1816936061394122,-1.3862549209155153,0.9988553524017334
22,2,5,-0.1816936061394122,-1.3929843137354936,0.9986986517906188
22,2,6,-0.18842299895939044,-1.399713706555472,0.9986479878425598
22,2,7,-0.08075271383973875,-1.3862549209155153,0.9983062744140624
22,2,8,-0.14131724921954283,-1.3862549209155153,0.9985899925231934
22,2,9,-0.14131724921954283,-1.2449376716959726,0.9988536834716796
22,2,10,-0.174964213319434,-1.2449376716959726,0.9988479614257812
22,2,11,0.1143996779396299,-1.0094089229967345,0.9993573427200316
22,2,12,-0.18842299895939044,-0.9892207445367998,0.9990999102592468
22,2,13,0.2759051056191074,-0.5248926399583019,0.7046079039573669
22,2,14,-0.3162814625389768,-0.5181632471383237,0.5627937912940979
22,2,15,-0.04037635691986938,-0.5921865681580842,0.847787082195282
22,2,16,-0.4306811404786067,-0.7133156389176923,0.6596925258636475
22,2,17,-0.21534057023930336,-0.5921865681580842,0.8231732845306396
22,2,18,-0.5047044614983672,-0.7738801742974964,0.656712532043457
22,2,19,-0.2220699630592816,-0.6594804963578665,0.8241382241249084
22,2,20,-0.5047044614983672,-0.8344447096773004,0.6531130075454712
22,2,21,-0.1816936061394122,-0.6662098891778447,0.8020311594009399
22,2,22,-0.4643281045784978,-0.8277153168573222,0.6428824663162231
22,2,23,0.13458785639956458,0.0,0.9949522018432616
22,2,24,-0.13458785639956458,0.0,0.993383765220642
22,2,25,0.10767028511965168,0.7402332101976052,0.7816624641418457
22,2,26,-0.21534057023930336,0.6258335322579753,0.6949443817138672
22,2,27,0.1816936061394122,1.1507261722162774,0.8035238981246948
22,2,28,0.10094089229967344,1.318960992715733,0.7034882307052612
22,2,29,0.26917571279912916,1.2987728142557984,0.7777981162071228
22,2,30,0.19515239177936866,1.4199018850154064,0.6749489903450012
22,2,31,-0.04037635691986938,1.40644309937545,0.8344354629516602
22,2,32,-0.10767028511965168,1.5141133844951018,0.7462596893310547
23,1,0,0.30657166373694617,-1.3777691240883934,0.9991586208343506
23,1,1,0.2705044091796584,-1.449903633202969,0.9990019798278807
23,1,2,0.2705044091796584,-1.4571170841144265,0.9989834427833556
23,1,3,0.26329095826820087,-1.4571170841144265,0.9990200996398926
23,1,4,0.24886405644528573,-1.4571170841144265,0.9989292621612548
23,1,5,0.2344371546223706,-1.4643305350258842,0.9987820982933044
23,1,6,0.21279680188799793,-1.4643305350258842,0.9987291097640992
23,1,7,0.18394299824216773,-1.4354767313800538,0.9984312057495116
23,1,8,0.12623539095050726,-1.4354767313800538,0.9986632466316224
23,1,9,0.277717860091116,-1.3056346149738178,0.9989084601402284
23,1,10,0.2560775073567433,-1.3056346149738178,0.9989291429519652
23,1,11,0.21279680188799793,-0.9954562257811429,0.9993950724601746
23,1,12,-0.12623539095050726,-1.0026696766926004,0.9991523623466492
23,1,13,0.24886405644528573,-0.5121550147134866,0.6959629654884338
23,1,14,-0.3209985655598613,-0.4688743092447412,0.6055759787559509
23,1,15,0.5229751910806729,-0.5337953674478593,0.8506690859794617
23,1,16,0.06131433274738924,-0.6708509347655528,0.6926856637001038
23,1,17,0.6600307583983666,-0.5265819165364017,0.824478805065155
23,1,18,0.1550891945963375,-0.7429854438801284,0.6891587972640991
23,1,19,0.6744576602212816,-0.569862622005147,0.8262461423873901
23,1,20,0.16230264550779505,-0.8223334039061615,0.6857204437255859
23,1,21,0.6167500529296212,-0.5770760729166046,0.8039271831512451
23,1,22,0.14066229277342238,-0.8006930511717889,0.6749206185340881
23,1,23,0.1190219400390497,-0.007213450911457558,0.995232343673706
23,1,24,-0.1190219400390497,0.007213450911457558,0.9937185645103456
23,1,25,0.4869079365233851,0.5915029747395197,0.7866820693016052
23,1,26,-0.02524707819010145,0.7213450911457557,0.7224927544593811
23,1,27,0.1550891945963375,1.1036579894530063,0.7999168634414673
23,1,28,-0.21279680188799793,1.384982574999851,0.7287664413452148
23,1,29,0.05410088183593168,1.1685790476561242,0.7688713073730469
23,1,30,-0.3209985655598613,1.4787574368487992,0.6907260417938232
23,1,31,0.29935821282548863,1.370555673176936,0.8324891924858093
23,1,32,0.018033627278643893,1.5941726514321202,0.7661924958229065
23,2,0,-0.21100956235585466,-1.3606478676049938,0.999191164970398
23,2,1,-0.27649528860422334,-1.433409785658737,0.9990569353103638
23,2,2,-0.27649528860422334,-1.433409785658737,0.999029815196991
23,2,3,-0.27649528860422334,-1.440685977464111,0.999072015285492
23,2,4,-0.30560005582572053,-1.440685977464111,0.9989838004112244
23,2,5,-0.32015243943646915,-1.440685977464111,0.9988361597061156
23,2,6,-0.3274286312418434,-1.4479621692694853,0.9988011121749878
23,2,7,-0.24011432957735185,-1.4188574020479883,0.9985479712486268
23,2,8,-0.28377148040959765,-1.4188574020479883,0.99873024225235
23,2,9,-0.2619429049934747,-1.2806097577458766,0.9989748001098632
23,2,10,-0.2983238640203462,-1.287885949551251,0.998932719230652
23,2,11,0.014552383610748596,-0.9968382773362788,0.9994348883628844
23,2,12,-0.24739052138272616,-0.9895620855309046,0.9991874098777772
23,2,13,0.15280002791286026,-0.487504850960078,0.7257558107376099
23,2,14,-0.39291435749021214,-0.5093334263762009,0.583373486995697
23,2,15,-0.10186668527524018,-0.5093334263762009,0.8638661503791809
23,2,16,-0.5384381935976981,-0.6912382215105584,0.6876382231712341
23,2,17,0.04365715083224579,-0.5384381935976981,0.8379271626472473
23,2,18,-0.6039239198460667,-0.7640001395643014,0.6817740201950073
23,2,19,0.021828575416122896,-0.5893715362353181,0.8391005396842957
23,2,20,-0.633028687067564,-0.8222096740072957,0.6774588227272034
23,2,21,0.08003810985911729,-0.5820953444299439,0.816142201423645
23,2,22,-0.5893715362353181,-0.7931049067857985,0.6658982038497925
23,2,23,0.06548572624836868,0.0,0.9951106309890748
23,2,24,-0.06548572624836868,0.0,0.9939501881599426
23,2,25,-0.27649528860422334,0.6766858378998097,0.7966700792312622
23,2,26,-0.3638095902687149,0.6912382215105584,0.6931208372116089
23,2,27,0.0,1.2005716478867592,0.7856396436691284
23,2,28,-0.021828575416122896,1.440685977464111,0.6939267516136169
23,2,29,0.13097145249673736,1.3388192921888709,0.7728438973426819
23,2,30,0.10186668527524018,1.5643812381554743,0.6799209117889404
23,2,31,-0.14552383610748598,1.5716574299608486,0.8143064379692078
23,2,32,-0.2619429049934747,1.6662479234307144,0.7248054146766663
24,1,0,0.3320219541814066,-1.361290012143767,0.9991880059242249
24,1,1,0.29513062593902806,-1.435072668628524,0.9990032315254213
24,1,2,0.29513062593902806,-1.435072668628524,0.9989862442016602
24,1,3,0.2877523602905524,-1.4424509342769998,0.9990457892417908
24,1,4,0.2803740946420767,-1.4424509342769998,0.9989385604858398
24,1,5,0.25823929769664955,-1.4424509342769998,0.9987908005714417
24,1,6,0.24348276639969818,-1.4498291999254755,0.9987339973449708
24,1,7,0.24348276639969818,-1.4276944029800485,0.9984554052352904
24,1,8,0.18445664121189256,-1.4276944029800485,0.9986543655395508
24,1,9,0.29513062593902806,-1.28750735565901,0.99886155128479
24,1,10,0.272995828993601,-1.2948856213074857,0.9989222884178162
24,1,11,0.15494357861798974,-0.9997549953684576,0.9994372129440308
24,1,12,-0.11067398472713554,-0.9997549953684576,0.9992207288742064
24,1,13,0.22872623510274676,-0.5127894625690613,0.6940622329711914
24,1,14,-0.24348276639969818,-0.43162854043582854,0.6240648031234741
24,1,15,0.5238568610417749,-0.43900680608430426,0.8560001254081726
24,1,16,0.19921317250884396,-0.6529765098900996,0.7175402641296387
24,1,17,0.6714221740112889,-0.40211547784192575,0.8298535943031311
24,1,18,0.29513062593902806,-0.7341374320233324,0.7111334204673767
24,1,19,0.6861787053082403,-0.43900680608430426,0.8325677514076233
24,1,20,0.2877523602905524,-0.7857852915626623,0.70704185962677
24,1,21,0.6345308457689104,-0.4537633373812557,0.8100785613059998
24,1,22,0.26561756334512526,-0.7710287602657109,0.6941746473312378
24,1,23,0.11805225037561123,-0.018445664121189254,0.995434820652008
24,1,24,-0.11805225037561123,0.018445664121189254,0.9941717386245728
24,1,25,0.47958726715092065,0.5349242595144884,0.803734302520752
24,1,26,0.014756531296951404,0.7341374320233324,0.7218542098999023
24,1,27,0.3615350167753094,1.1989681678773016,0.7973769307136536
24,1,28,-0.2508610320481739,1.4276944029800485,0.7219210267066956
24,1,29,0.2803740946420767,1.3022638869559615,0.7784547805786133
24,1,30,-0.346778485478358,1.530990122058708,0.6965754628181458
24,1,31,0.5902612518780561,1.412937871683097,0.8242143392562866
24,1,32,0.0,1.634285841137368,0.7481739521026611
24,2,0,-0.22851148889967068,-1.3202886025314307,0.9991335272789
24,2,1,-0.2865461527472061,-1.4000862653217918,0.9989755749702454
24,2,2,-0.29380048572814804,-1.4073405983027336,0.9989511966705322
24,2,3,-0.29380048572814804,-1.4073405983027336,0.9990262985229492
24,2,4,-0.30830915169003187,-1.4073405983027336,0.9988948702812196
24,2,5,-0.32281781765191575,-1.4073405983027336,0.9987396001815796
24,2,6,-0.3445808165947415,-1.4145949312836756,0.9987143874168396
24,2,7,-0.25027448784249645,-1.4000862653217918,0.9984813928604126
24,2,8,-0.30830915169003187,-1.4000862653217918,0.998603582382202
24,2,9,-0.29380048572814804,-1.2404909397410695,0.998831868171692
24,2,10,-0.3155634846709738,-1.2404909397410695,0.998585283756256
24,2,11,-0.018135832452354814,-0.986589285408102,0.999448835849762
24,2,12,-0.30830915169003187,-0.986589285408102,0.9990840554237366
24,2,13,0.061661830338006374,-0.4352599788565156,0.7234078645706177
24,2,14,-0.4243784793851027,-0.45702297779934137,0.583829939365387
24,2,15,-0.27929181976626416,-0.45702297779934137,0.8669402003288269
24,2,16,-0.46790447727075424,-0.6456356353038315,0.6850292682647705
24,2,17,-0.3881068144803931,-0.42800564587557366,0.8400192856788635
24,2,18,-0.6057368039086508,-0.7181789651132507,0.6791011691093445
24,2,19,-0.3808524814994511,-0.493294642704051,0.8418968319892883
24,2,20,-0.591228137946767,-0.7689592959798442,0.674357533454895
24,2,21,-0.3518351495756834,-0.4715316437612252,0.8174262046813965
24,2,22,-0.5477021400611154,-0.7544506300179603,0.6621281504631042
24,2,23,0.11244216120459986,0.0,0.994948387145996
24,2,24,-0.11244216120459986,0.0,0.9937731623649596
24,2,25,-0.3155634846709738,0.6528899682847734,0.8142759799957275
24,2,26,-0.5041761421754639,0.6601443012657153,0.6972261667251587
24,2,27,-0.1559681590902514,1.2622539386838951,0.8045811057090759
24,2,28,-0.22125715591872874,1.4145949312836756,0.6948676705360413
24,2,29,-0.10518782822365794,1.3493059344551983,0.789690375328064
24,2,30,-0.0689161633189483,1.5596815909025141,0.6843581795692444
24,2,31,-0.3590894825566254,1.5596815909025141,0.8258828520774841
24,2,32,-0.5114304751564058,1.6177162547500497,0.718219518661499
25,1,0,0.3029116386700399,-1.3393803782157185,0.9991351366043092
25,1,1,0.266416260517023,-1.4196702101523555,0.9989200830459596
25,1,2,0.266416260517023,-1.4196702101523555,0.9988988041877748
25,1,3,0.25911718488641966,-1.426969285782959,0.9989886283874512
25,1,4,0.25181810925581627,-1.4196702101523555,0.9988689422607422
25,1,5,0.22992088236400618,-1.426969285782959,0.9987109899520874
25,1,6,0.21532273110279943,-1.426969285782959,0.998680293560028
25,1,7,0.20802365547219606,-1.4196702101523555,0.9982378482818604
25,1,8,0.14233197479676574,-1.4196702101523555,0.9986114501953124
25,1,9,0.266416260517023,-1.2663896219096848,0.998747944831848
25,1,10,0.2445190336252129,-1.2736886975402881,0.9986497163772584
25,1,11,0.16422920168857583,-1.0036228992079634,0.9994372129440308
25,1,12,-0.17882735294978258,-0.99632382357736,0.9991609454154968
25,1,13,0.2445190336252129,-0.5145848319575376,0.6839044690132141
25,1,14,-0.25181810925581627,-0.42699592439029715,0.624667763710022
25,1,15,0.44159407565150394,-0.4196968487596938,0.8339855670928955
25,1,16,0.2956125630394365,-0.521883907588141,0.7145217061042786
25,1,17,0.5583792857411578,-0.33940701682305674,0.8098282814025879
25,1,18,0.42699592439029715,-0.4780894538045208,0.707575798034668
25,1,19,0.5583792857411578,-0.3905005462372803,0.8138347268104553
25,1,20,0.43429500002090055,-0.5875755882635714,0.7030432820320129
25,1,21,0.5072857563269343,-0.44159407565150394,0.7899217009544373
25,1,22,0.383201470606677,-0.6094728151553814,0.6884192228317261
25,1,23,0.1204347479049556,-0.003649537815301685,0.9952720403671264
25,1,24,-0.1204347479049556,0.003649537815301685,0.994070291519165
25,1,25,0.40509869749848704,0.5145848319575376,0.814595639705658
25,1,26,-0.04744399159892191,0.6897626470920185,0.7257019281387329
25,1,27,0.4707903781739174,1.2590905462790813,0.8156152963638306
25,1,28,-0.2810144117782298,1.3977729832605454,0.7226241827011108
25,1,29,0.43429500002090055,1.3831748319993387,0.7961292266845703
25,1,30,-0.35400516808426347,1.507259117719596,0.6987987756729126
25,1,31,0.8065478571816724,1.4342683614135623,0.835286557674408
25,1,32,-0.08393936975193876,1.6167452521786465,0.7411659955978394
25,2,0,-0.22695814506348433,-1.311313727033465,0.9991840720176696
25,2,1,-0.21254810410707262,-1.3977739727719352,0.9989908933639526
25,2,2,-0.19813806315066093,-1.3977739727719352,0.9989715218544006
25,2,3,-0.18372802219424922,-1.404978993250141,0.9990548491477966
25,2,4,-0.22695814506348433,-1.3977739727719352,0.998944103717804
25,2,5,-0.22695814506348433,-1.3977739727719352,0.9987998008728028
25,2,6,-0.2197531245852785,-1.404978993250141,0.9987773299217224
25,2,7,-0.1404978993250141,-1.3977739727719352,0.9983877539634703
25,2,8,-0.19093304267245506,-1.3977739727719352,0.9986907243728638
25,2,9,-0.18372802219424922,-1.2464685427296123,0.998841106891632
25,2,10,-0.19813806315066093,-1.2536735632078182,0.9986926317214966
25,2,11,0.1116778174121907,-1.0014978464706135,0.9994742274284364
25,2,12,-0.24136818601989604,-0.9942928259924075,0.9991231560707092
25,2,13,0.01801255119551463,-0.4178911877359394,0.7140181660652161
25,2,14,-0.3782635751058072,-0.439506249170557,0.5733056664466858
25,2,15,-0.342238472714778,-0.45391629012696866,0.8450701832771301
25,2,16,-0.32782843175836623,-0.5475815563436447,0.6633389592170715
25,2,17,-0.46472382084427744,-0.39627612630132186,0.8193431496620178
25,2,18,-0.4719288413224833,-0.5547865768218506,0.6580652594566345
25,2,19,-0.46472382084427744,-0.45391629012696866,0.8222750425338745
25,2,20,-0.45751880036607157,-0.6340418020821149,0.6535201668739319
25,2,21,-0.4286987184532482,-0.46112131060517453,0.7954469323158264
25,2,22,-0.40708365701863064,-0.6412468225603208,0.6406968235969543
25,2,23,0.11888283789039655,0.007205020478205852,0.9954773783683776
25,2,24,-0.11888283789039655,-0.007205020478205852,0.994264543056488
25,2,25,-0.20534308362886677,0.6700669044731442,0.8307843804359436
25,2,26,-0.25577822697630775,0.7205020478205851,0.7031540274620056
25,2,27,-0.291803329367337,1.5418743823360523,0.8320915102958679
25,2,28,0.04683263310833804,1.4265940546847586,0.7269459366798401
25,2,29,-0.25577822697630775,1.6643597304655517,0.8120285272598267
25,2,30,0.16211296075963166,1.5346693618578464,0.7068179249763489
25,2,31,-0.6304392918430121,1.6139245871181107,0.8487756848335266
25,2,32,-0.35664851367118966,1.6211296075963166,0.7458118796348572
26,1,0,0.25089605734767023,-1.3297491039426523,0.9990634918212892
26,1,1,0.2222222222222222,-1.4086021505376345,0.9987041354179382
26,1,2,0.2222222222222222,-1.4086021505376345,0.9987061023712158
26,1,3,0.21505376344086022,-1.4157706093189963,0.9988232254981996
26,1,4,0.2007168458781362,-1.4086021505376345,0.9987157583236694
26,1,5,0.1863799283154122,-1.4086021505376345,0.9985252022743224
26,1,6,0.17204301075268819,-1.4157706093189963,0.9985241889953612
26,1,7,0.14336917562724014,-1.4086021505376345,0.9977771639823914
26,1,8,0.1003584229390681,-1.4086021505376345,0.9985129237174988
26,1,9,0.23655913978494625,-1.2508960573476702,0.9984406232833862
26,1,10,0.21505376344086022,-1.2580645161290323,0.9985993504524232
26,1,11,0.15770609318996415,-1.007168458781362,0.999407172203064
26,1,12,-0.15770609318996415,-0.992831541218638,0.9991836547851562
26,1,13,0.12903225806451613,-0.4910394265232975,0.6591350436210632
26,1,14,-0.22939068100358423,-0.41935483870967744,0.6150121688842773
26,1,15,0.24372759856630824,-0.3906810035842294,0.7835937142372131
26,1,16,0.2724014336917563,-0.4838709677419355,0.6927081942558289
26,1,17,0.3655913978494624,-0.3333333333333333,0.7619135975837708
26,1,18,0.40860215053763443,-0.46953405017921146,0.6847886443138123
26,1,19,0.37992831541218636,-0.3835125448028674,0.7663600444793701
26,1,20,0.4229390681003584,-0.5483870967741935,0.6803152561187744
26,1,21,0.35842293906810035,-0.4551971326164875,0.7421075105667114
26,1,22,0.3870967741935484,-0.5627240143369175,0.6633889675140381
26,1,23,0.11469534050179211,0.0035842293906810036,0.9957333207130432
26,1,24,-0.11469534050179211,-0.0035842293906810036,0.99454665184021
26,1,25,0.37992831541218636,0.6415770609318996,0.8225239515304565
26,1,26,0.035842293906810034,0.7132616487455197,0.7301434874534607
26,1,27,0.5734767025089605,1.4086021505376345,0.8359194397926331
26,1,28,-0.25806451612903225,1.4014336917562724,0.75030517578125
26,1,29,0.4946236559139785,1.5304659498207884,0.8105720281600952
26,1,30,-0.33691756272401435,1.5017921146953406,0.7186911702156067
26,1,31,0.967741935483871,1.5519713261648747,0.8530812859535217
26,1,32,-0.007168458781362007,1.5878136200716846,0.7645946145057678
26,2,0,-0.09944032065902204,-1.310481368684969,0.9991396069526672
26,2,1,-0.07813168051780303,-1.388613049202772,0.998818337917328
26,2,2,-0.06392592042365702,-1.395715929249845,0.9988194108009338
26,2,3,-0.04972016032951102,-1.395715929249845,0.9989264011383056
26,2,4,-0.09944032065902204,-1.388613049202772,0.9988278150558472
26,2,5,-0.09233744061194904,-1.395715929249845,0.998655378818512
26,2,6,-0.09233744061194904,-1.395715929249845,0.9986574649810792
26,2,7,-0.007102880047073002,-1.395715929249845,0.9979888796806335
26,2,8,-0.05682304037658402,-1.395715929249845,0.9986377954483032
26,2,9,-0.035514400235365014,-1.246555448261312,0.998580813407898
26,2,10,-0.05682304037658402,-1.246555448261312,0.9987008571624756
26,2,11,0.22729216150633608,-1.00505752666083,0.9994561076164246
26,2,12,-0.09944032065902204,-0.9908517665666838,0.9992008805274964
26,2,13,0.04972016032951102,-0.4155184827537707,0.6913037300109863
26,2,14,-0.12074896080024104,-0.43682712289498965,0.5590924024581909
26,2,15,-0.22729216150633608,-0.42972424284791666,0.7954468131065369
26,2,16,0.04261728028243802,-0.42972424284791666,0.6307222843170166
26,2,17,-0.34804112230657713,-0.38710696256547866,0.7701223492622375
26,2,18,0.09944032065902204,-0.3373868022359676,0.6254034042358398
26,2,19,-0.34093824225950414,-0.43682712289498965,0.7735655307769775
26,2,20,0.10654320070609503,-0.40841560270669763,0.6214900016784668
26,2,21,-0.2983209619770661,-0.5007530433186467,0.7459449172019958
26,2,22,0.09233744061194904,-0.42972424284791666,0.6068092584609985
26,2,23,0.11364608075316804,0.010654320070609504,0.9959061741828918
26,2,24,-0.11364608075316804,-0.010654320070609504,0.9946974515914916
26,2,25,-0.05682304037658402,0.7351480848720557,0.8354506492614746
26,2,26,-0.07102880047073003,0.7422509649191288,0.7011297941207886
26,2,27,-0.17757200117682506,1.5803908104737432,0.8487203121185303
26,2,28,0.15626336103560606,1.438333209532283,0.751674234867096
26,2,29,-0.14205760094146005,1.7082426513210571,0.8209595084190369
26,2,30,0.2841152018829201,1.544876410238378,0.72577965259552
26,2,31,-0.5043044833421831,1.7082426513210571,0.8631693720817566
26,2,32,-0.12785184084731405,1.5803908104737432,0.767764687538147
27,1,0,0.3029460884438512,-1.3187065026379405,0.9991216063499452
27,1,1,0.27443351541384164,-1.404244221727969,0.9987209439277648
27,1,2,0.27443351541384164,-1.404244221727969,0.9987292885780334
27,1,3,0.26730537215633926,-1.4113723649854715,0.9988600611686708
27,1,4,0.2601772288988369,-1.404244221727969,0.9987663626670836
27,1,5,0.24592094238383214,-1.404244221727969,0.9985742568969728
27,1,6,0.22453651261132498,-1.4113723649854715,0.998590052127838
27,1,7,0.20315208283881786,-1.404244221727969,0.997750461101532
27,1,8,0.14612693677879882,-1.3971160784704666,0.9985438585281372
27,1,9,0.2886898019288464,-1.254553213320419,0.9983604550361632
27,1,10,0.27443351541384164,-1.254553213320419,0.9986544251441956
27,1,11,0.20315208283881786,-1.0050681993078356,0.9994171261787416
27,1,12,-0.074845504203775,-0.9908119127928309,0.9992582201957704
27,1,13,0.13899879352129643,-0.4704574549951571,0.6409331560134888
27,1,14,-0.16751136655130594,-0.4276885954501428,0.6023880243301392
27,1,15,0.31007423170135356,-0.4276885954501428,0.7391492128372192
27,1,16,0.32433051821635833,-0.46332931173765474,0.6642663478851318
27,1,17,0.4383808103363964,-0.3777915926476262,0.7168924808502197
27,1,18,0.47402152662390834,-0.4276885954501428,0.6569975018501282
27,1,19,0.4811496698814107,-0.44907302522264997,0.721854031085968
27,1,20,0.49540595639641544,-0.49897002802516666,0.6531266570091248
27,1,21,0.42412452382139165,-0.4775855982526595,0.6959131956100464
27,1,22,0.4455089535938988,-0.5132263145401714,0.6358639597892761
27,1,23,0.09622993397628214,0.0,0.9961442351341248
27,1,24,-0.09622993397628214,0.0,0.9949784278869628
27,1,25,0.35997123450387025,0.6058921768877024,0.8231428861618042
27,1,26,0.13187065026379405,0.7341987555227452,0.7279060482978821
27,1,27,0.6308406782889607,1.4327567947579785,0.8474339842796326
27,1,28,-0.19602393958131548,1.4185005082429738,0.7708998322486877
27,1,29,0.5381748159414298,1.5468070868780166,0.8156527876853943
27,1,30,-0.28156165867134403,1.5111663705905047,0.7357895374298096
27,1,31,0.9801196979065774,1.5610633733930215,0.8642596006393433
27,1,32,0.024948501401258334,1.5824478031655285,0.7836620211601257
27,2,0,-0.16197269644696075,-1.3061202543276196,0.9991934895515442
27,2,1,-0.13440287577513763,-1.381937261175133,0.998832106590271
27,2,2,-0.12061796543922608,-1.388829716343089,0.998839795589447
27,2,3,-0.10683305510331453,-1.388829716343089,0.9989578723907472
27,2,4,-0.15508024127900497,-1.381937261175133,0.998870313167572
27,2,5,-0.14818778611104919,-1.388829716343089,0.9986971616744996
27,2,6,-0.14818778611104919,-1.388829716343089,0.9987130165100098
27,2,7,-0.04480095859171255,-1.388829716343089,0.9979653358459472
27,2,8,-0.09994059993535875,-1.388829716343089,0.9986618161201476
27,2,9,-0.09304814476740297,-1.2440881578160177,0.9985117316246032
27,2,10,-0.11372551027127031,-1.2440881578160177,0.9987541437149048
27,2,11,0.18954251711878384,-1.0028522269375655,0.9994682669639589
27,2,12,-0.12061796543922608,-0.9959597717696097,0.9992583990097046
27,2,13,0.07237077926353565,-0.41699353766132446,0.6749812364578247
27,2,14,-0.1412953309430934,-0.45834826866905914,0.5487952828407288
27,2,15,-0.22400479295856274,-0.4652407238370149,0.7558733224868774
27,2,16,-0.12751042060718187,-0.5065954548447495,0.6065101027488708
27,2,17,-0.3480689859817667,-0.4032086273254129,0.7306422591209412
27,2,18,-0.2033274274546954,-0.492810544508838,0.6020444631576538
27,2,19,-0.33428407564585516,-0.492810544508838,0.7343811392784119
27,2,20,-0.12061796543922608,-0.5617350961883958,0.5985784530639648
27,2,21,-0.29982179980607626,-0.5065954548447495,0.7056663632392883
27,2,22,-0.1412953309430934,-0.5686275513563516,0.5836424827575684
27,2,23,0.08615568959944721,0.010338682751933665,0.9963287115097046
27,2,24,-0.08615568959944721,-0.010338682751933665,0.9949871301651
27,2,25,-0.08615568959944721,0.6995841995475113,0.8330655097961426
27,2,26,-0.05169341375966832,0.6995841995475113,0.6938666701316833
27,2,27,-0.16886515161491653,1.4991089990303814,0.8571360111236572
27,2,28,0.12751042060718187,1.381937261175133,0.75849848985672
27,2,29,-0.14818778611104919,1.6162807368856296,0.8224685788154602
27,2,30,0.23089724812651852,1.4853240886944699,0.7337283492088318
27,2,31,-0.49970299967679377,1.6162807368856296,0.8712757229804993
27,2,32,-0.1757576067828723,1.4991089990303814,0.778337836265564
28,1,0,0.25975858280256753,-1.352909285430039,0.999252200126648
28,1,1,0.23089651804672667,-1.4322799635086014,0.9989178776741028
28,1,2,0.23089651804672667,-1.4322799635086014,0.9989269375801086
28,1,3,0.23089651804672667,-1.4394954796975616,0.9990308880805968
28,1,4,0.20924996947984606,-1.4250644473196412,0.9989532828330994
28,1,5,0.19481893710192563,-1.4250644473196412,0.9987924695014954
28,1,6,0.17317238853504502,-1.4322799635086014,0.9988040924072266
28,1,7,0.17317238853504502,-1.417848931130681,0.9981011152267456
28,1,8,0.11544825902336334,-1.4034178987527606,0.9987719655036926
28,1,9,0.2525430666136073,-1.2735386073514767,0.9986057877540588
28,1,10,0.22368100185776646,-1.2735386073514767,0.99885094165802
28,1,11,0.20924996947984606,-1.0137800245489093,0.9994624257087708
28,1,12,-0.13709480759024395,-0.9849179597930685,0.9993199706077576
28,1,13,0.19481893710192563,-0.515909407510655,0.6234307289123535
28,1,14,-0.18760342091296542,-0.414892180865212,0.5930611491203308
28,1,15,0.3391292608811298,-0.515909407510655,0.7151950597763062
28,1,16,0.25975858280256753,-0.515909407510655,0.6428091526031494
28,1,17,0.4112844227707319,-0.5014783751327345,0.6951696276664734
28,1,18,0.3607758094480104,-0.5592025046444161,0.6363075375556946
28,1,19,0.4184999389596921,-0.5808490532112968,0.7007068395614624
28,1,20,0.3679913256369706,-0.6385731827229785,0.6327811479568481
28,1,21,0.38963787420385126,-0.5808490532112968,0.6729766130447388
28,1,22,0.3319137446921696,-0.6313576665340183,0.6163522005081177
28,1,23,0.12266377521232355,-0.010823274283440314,0.9965603947639464
28,1,24,-0.12266377521232355,0.010823274283440314,0.9953158497810364
28,1,25,0.3679913256369706,0.6385731827229785,0.8257928490638733
28,1,26,0.021646548566880627,0.7756679903132224,0.721695601940155
28,1,27,0.5916723274947371,1.453926512075482,0.8573312759399414
28,1,28,-0.2381120342356869,1.4611420282644423,0.7774205803871155
28,1,29,0.5050861332272146,1.5693747710988453,0.8159396052360535
28,1,30,-0.3391292608811298,1.5549437387209248,0.73777836561203
28,1,31,0.9235860721869067,1.5982368358546861,0.8731315732002258
28,1,32,-0.03607758094480104,1.627098900610527,0.7933008670806885
28,2,0,-0.17781631042212825,-1.311814667453814,0.999309539794922
28,2,1,-0.15097611262256172,-1.385625211402622,0.9990074634552002
28,2,2,-0.13755601372277845,-1.385625211402622,0.999015212059021
28,2,3,-0.12413591482299519,-1.3923352608525137,0.999109387397766
28,2,4,-0.164396211522345,-1.385625211402622,0.999035894870758
28,2,5,-0.164396211522345,-1.385625211402622,0.9988911151885986
28,2,6,-0.15768616207245334,-1.3923352608525137,0.9989036917686462
28,2,7,-0.05703542032407887,-1.3722051125028387,0.998278021812439
28,2,8,-0.11071581592321193,-1.3789151619527305,0.9988688826560974
28,2,9,-0.11742586537310357,-1.2447141729548978,0.998732566833496
28,2,10,-0.1442660631726701,-1.2447141729548978,0.9989356398582458
28,2,11,0.17781631042212825,-1.0098624422086906,0.9995087385177612
28,2,12,-0.13755601372277845,-0.9897322938590157,0.9993283748626708
28,2,13,0.13084596427288683,-0.44621828841779354,0.659878134727478
28,2,14,-0.15097611262256172,-0.4663484367674684,0.5401480793952942
28,2,15,-0.23820675547115294,-0.5066087334668182,0.7376568913459778
28,2,16,-0.19123640932191152,-0.4663484367674684,0.5873293280601501
28,2,17,-0.37240774446898556,-0.4730584862173601,0.7156985402107239
28,2,18,-0.31872734886985254,-0.43279818951801025,0.5837564468383789
28,2,19,-0.36569769501909394,-0.5535790796160597,0.7202649712562561
28,2,20,-0.29859720052017763,-0.45292833786768516,0.5809091925621033
28,2,21,-0.32543739831974416,-0.5669991785158429,0.6917535066604614
28,2,22,-0.2717570027206111,-0.4596383873175768,0.5668968558311462
28,2,23,0.07716556867375376,0.010065074174837449,0.9967012405395508
28,2,24,-0.07716556867375376,-0.010065074174837449,0.995310604572296
28,2,25,-0.07045551922386213,0.7012001675136755,0.8376430869102478
28,2,26,-0.07716556867375376,0.674359969714109,0.6857476830482483
28,2,27,-0.15097611262256172,1.4661458048013216,0.8654982447624207
28,2,28,0.1040057664733203,1.331944815803489,0.7630721926689148
28,2,29,-0.13084596427288683,1.5936367443492625,0.8262418508529663
28,2,30,0.2113665576715864,1.4393056070017551,0.7359731197357178
28,2,31,-0.4797685356672517,1.5735065959995878,0.8788519501686096
28,2,32,-0.164396211522345,1.4460156564516466,0.7871326804161072
29,1,0,0.235700757360074,-1.3499225194258784,0.9993571639060974
29,1,1,0.19998852139642642,-1.4356318857386325,0.999075412750244
29,1,2,0.19998852139642642,-1.4356318857386325,0.9990858435630798
29,1,3,0.1928460742036969,-1.442774332931362,0.9991695284843444
29,1,4,0.1857036270109674,-1.4356318857386325,0.9990967512130736
29,1,5,0.17141873262550836,-1.4356318857386325,0.9989571571350098
29,1,6,0.14999139104731982,-1.442774332931362,0.9989600777626038
29,1,7,0.12856404946913128,-1.4213469913531736,0.9983872175216676
29,1,8,0.07856691912002467,-1.4213469913531736,0.9989432096481324
29,1,9,0.21427341578188544,-1.2713556003058537,0.9988088011741638
29,1,10,0.1928460742036969,-1.2784980474985832,0.9990086555480956
29,1,11,0.15713383824004934,-1.0070850541748617,0.9995288848876952
29,1,12,-0.17856117981823788,-0.9928001597894026,0.999376893043518
29,1,13,0.21427341578188544,-0.471401514720148,0.634587824344635
29,1,14,-0.2428432045528035,-0.4285468315637709,0.5852811336517334
29,1,15,0.32855257086555767,-0.5928231169965498,0.7375843524932861
29,1,16,0.20713096858915594,-0.6499626945383858,0.6264170408248901
29,1,17,0.40711948998558234,-0.6356778001529269,0.7143213152885437
29,1,18,0.3142676764800987,-0.6999598248874924,0.6209228038787842
29,1,19,0.39997704279285284,-0.6999598248874924,0.7195749282836914
29,1,20,0.29998278209463963,-0.7642418496220581,0.6178076267242432
29,1,21,0.35712235963647576,-0.6785324833093039,0.690563976764679
29,1,22,0.25712809893826255,-0.7570994024293286,0.6022376418113708
29,1,23,0.12142160227640175,-0.007142447192729515,0.9968996047973632
29,1,24,-0.12142160227640175,0.007142447192729515,0.9955614805221558
29,1,25,0.29998278209463963,0.6785324833093039,0.8317486643791199
29,1,26,0.01428489438545903,0.7428145080438696,0.7135459780693054
29,1,27,0.5713957754183612,1.4642016745095505,0.8619543313980103
29,1,28,-0.2428432045528035,1.4499167801240915,0.7787078022956848
29,1,29,0.485686409105607,1.5856232767859524,0.8164709210395813
29,1,30,-0.3356950180582872,1.5427685936295752,0.7332704067230225
29,1,31,0.8856634518984599,1.6141930655568704,0.8771002292633057
29,1,32,-0.049997130349106605,1.6141930655568704,0.7975679636001587
29,2,0,-0.17928369940878577,-1.306702347614035,0.999373733997345
29,2,1,-0.15170159180743412,-1.3825531435177518,0.9991095662117004
29,2,2,-0.1379105380067583,-1.3894486704180897,0.9991169571876526
29,2,3,-0.12411948420608246,-1.3894486704180897,0.9992007613182068
29,2,4,-0.17928369940878577,-1.3894486704180897,0.9991238117218018
29,2,5,-0.17928369940878577,-1.3894486704180897,0.9989885687828064
29,2,6,-0.1861792263091237,-1.3963441973184276,0.9989990592002868
29,2,7,-0.0965373766047308,-1.3825531435177518,0.9984959363937378
29,2,8,-0.17238817250844787,-1.3825531435177518,0.998931646347046
29,2,9,-0.12411948420608246,-1.2377470786106557,0.9988894462585448
29,2,10,-0.15859711870777204,-1.2377470786106557,0.9990119338035583
29,2,11,0.12411948420608246,-1.0032991639991666,0.9995640516281128
29,2,12,-0.15859711870777204,-0.9964036370988286,0.9993219375610352
29,2,13,0.15170159180743412,-0.4171793774704438,0.6699649095535278
29,2,14,-0.1861792263091237,-0.4516570119721334,0.5323687791824341
29,2,15,-0.2758210760135166,-0.4171793774704438,0.7590118050575256
29,2,16,-0.1930747532094616,-0.32753752776605094,0.5718598961830139
29,2,17,-0.4275226678209507,-0.3413285815667268,0.7345176339149475
29,2,18,-0.2758210760135166,-0.2172090973606443,0.5680906772613525
29,2,19,-0.4620003023226403,-0.38270174296875425,0.7386664152145386
29,2,20,-0.31029871051520613,-0.23789567806165804,0.5655443668365479
29,2,21,-0.42062714092061276,-0.4102838505701059,0.7085715532302856
29,2,22,-0.24134344151182702,-0.24479120496199597,0.5522899031639099
29,2,23,0.0965373766047308,0.003447763450168957,0.9970335960388184
29,2,24,-0.0965373766047308,-0.003447763450168957,0.9955434203147888
29,2,25,-0.08964184970439289,0.72747808798565,0.8411169648170471
29,2,26,-0.1310150111064204,0.7481646686866638,0.6789817810058594
29,2,27,-0.17928369940878577,1.5618368429265377,0.8693402409553528
29,2,28,0.0482686883023654,1.4239263049197795,0.7666678428649902
29,2,29,-0.15859711870777204,1.692851854032958,0.8235390782356262
29,2,30,0.1379105380067583,1.541150262225524,0.7334723472595215
29,2,31,-0.5447466251266952,1.6445831657305927,0.8810096383094788
29,2,32,-0.2758210760135166,1.534254735325186,0.7904342412948608
30,1,0,0.20053144752809798,-1.35716818952052,0.9994171261787416
30,1,1,0.17904593529294463,-1.435948401049416,0.9991671442985536
30,1,2,0.17904593529294463,-1.4431102384611336,0.9991756081581116
30,1,3,0.17188409788122683,-1.4431102384611336,0.9992501735687256
30,1,4,0.15039858564607347,-1.435948401049416,0.999175190925598
30,1,5,0.1360749108226379,-1.435948401049416,0.9990400075912476
30,1,6,0.11458939858748456,-1.4431102384611336,0.9990389347076416
30,1,7,0.10026572376404899,-1.4216247262259802,0.9985715746879578
30,1,8,0.021485512235153353,-1.4216247262259802,0.9989899396896362
30,1,9,0.1862077727046624,-1.2783879779916245,0.9989601373672484
30,1,10,0.15756042305779128,-1.2783879779916245,0.9990813136100768
30,1,11,0.16472226046950905,-0.999076318934631,0.9995864033699036
30,1,12,-0.25066430941012247,-0.999076318934631,0.999370574951172
30,1,13,0.2936353338804292,-0.44045300082064376,0.6675567030906677
30,1,14,-0.2864734964687114,-0.44045300082064376,0.5782909393310547
30,1,15,0.40106289505619597,-0.6767936354073306,0.7727487087249756
30,1,16,0.12175123599920235,-0.7269264972893551,0.6132469177246094
30,1,17,0.4870049439968094,-0.7412501721127908,0.7459246516227722
30,1,18,0.2291787971749691,-0.7913830339948152,0.6080559492111206
30,1,19,0.4870049439968094,-0.7842211965830974,0.7502102851867676
30,1,20,0.20053144752809798,-0.8486777332885574,0.6053116917610168
30,1,21,0.4440339195265027,-0.7698975217596619,0.7205794453620911
30,1,22,0.17188409788122683,-0.8271922210534042,0.5909022688865662
30,1,23,0.1360749108226379,-0.0035809187058588924,0.9972248077392578
30,1,24,-0.1360749108226379,0.0035809187058588924,0.995791792869568
30,1,25,0.25066430941012247,0.7484120095245085,0.8379259705543518
30,1,26,-0.02864734964687114,0.7770593591713797,0.7083573341369629
30,1,27,0.5442996432905516,1.5004049377548758,0.8696934580802917
30,1,28,-0.25782614682184024,1.464595750696287,0.7840794920921326
30,1,29,0.45119575693822045,1.6149943363423604,0.8198001980781555
30,1,30,-0.3366063583507359,1.5576996370486182,0.7346788644790649
30,1,31,0.8880678390530053,1.6436416859892315,0.883097767829895
30,1,32,-0.0931038863523312,1.6508035234009493,0.8037252426147461
30,2,0,-0.28880043462006977,-1.3489093470669111,0.9994415044784546
30,2,1,-0.27471260854104196,-1.426392390501564,0.9992048144340516
30,2,2,-0.26766869550152805,-1.433436303541078,0.9992119669914246
30,2,3,-0.25358086942250024,-1.433436303541078,0.9992865920066832
30,2,4,-0.2958443476595836,-1.426392390501564,0.9992141723632812
30,2,5,-0.3028882606990975,-1.433436303541078,0.9990888237953186
30,2,6,-0.3028882606990975,-1.433436303541078,0.9990930557250975
30,2,7,-0.16905391294833352,-1.4052606513830224,0.9986725449562072
30,2,8,-0.22540521726444468,-1.4123045644225363,0.9990031719207764
30,2,9,-0.26766869550152805,-1.2714263036322584,0.9990349411964417
30,2,10,-0.2958443476595836,-1.2714263036322584,0.9990988373756408
30,2,11,0.07043913039513897,-1.0037576081307302,0.999616801738739
30,2,12,-0.23244913030395858,-0.9896697820517024,0.9993340969085692
30,2,13,0.13383434775076403,-0.41911282585107684,0.6998114585876465
30,2,14,-0.3028882606990975,-0.4543323910486463,0.5314454436302185
30,2,15,-0.28175652158055586,-0.36276152153496566,0.7916147708892822
30,2,16,-0.3803713041337504,-0.2923223911398267,0.5675360560417175
30,2,17,-0.4719421736474311,-0.271190652021285,0.7640460133552551
30,2,18,-0.49307391276597273,-0.20075152162614604,0.563412606716156
30,2,19,-0.5282934779635422,-0.3204980432978823,0.7672646045684814
30,2,20,-0.5071617388450005,-0.23597108682371554,0.5615561008453369
30,2,21,-0.4789860866869449,-0.34162978241642394,0.7365186214447021
30,2,22,-0.4719421736474311,-0.2782345650607989,0.5498371124267578
30,2,23,0.09157086951368065,0.003521956519756948,0.997183918952942
30,2,24,-0.09157086951368065,-0.003521956519756948,0.9955713152885436
30,2,25,-0.2113173911854169,0.75017673870823,0.8456845879554749
30,2,26,-0.16905391294833352,0.7431328256687161,0.6723999381065369
30,2,27,-0.26766869550152805,1.6165780425684393,0.8769760131835938
30,2,28,0.0,1.482743694817675,0.7698436379432678
30,2,29,-0.23949304334347246,1.7504123903192033,0.8255653977394104
30,2,30,0.09157086951368065,1.6024902164894115,0.7298995852470398
30,2,31,-0.6269082605167368,1.6799732599240642,0.8865095973014832
30,2,32,-0.3099321737386114,1.6729293468845503,0.7931247353553772
31,1,0,0.14256286515004762,-1.386423863584213,0.9994955062866212
31,1,1,0.12117843537754047,-1.457705296159237,0.9992819428443908
31,1,2,0.12830657863504286,-1.457705296159237,0.9992883205413818
31,1,3,0.12830657863504286,-1.457705296159237,0.9993556141853333
31,1,4,0.09266586234753095,-1.457705296159237,0.9992900490760804
31,1,5,0.08553771909002857,-1.457705296159237,0.9991761445999146
31,1,6,0.07840957583252618,-1.4648334394167393,0.999178946018219
31,1,7,0.06415328931752143,-1.443449009644232,0.9987982511520386
31,1,8,-0.014256286515004761,-1.4363208663867297,0.9990996718406676
31,1,9,0.14256286515004762,-1.308014287751687,0.9991281032562256
31,1,10,0.1069221488625357,-1.3151424310091893,0.999186635017395
31,1,11,0.17820358143755952,-1.0015041276790846,0.9996515512466432
31,1,12,-0.30651016007260234,-0.9943759844215821,0.9993957281112672
31,1,13,0.3278945898451095,-0.5025340996539178,0.7169923186302185
31,1,14,-0.38491973590512857,-0.4526370968514012,0.5779528021812439
31,1,15,0.4704574549951571,-0.7520191136665012,0.8109002709388733
31,1,16,0.0071281432575023805,-0.7591472569240035,0.6103531718254089
31,1,17,0.6201484634027071,-0.8019161164690178,0.7847911715507507
31,1,18,0.04276885954501428,-0.8446849760140321,0.6058796048164368
31,1,19,0.6058921768877024,-0.8446849760140321,0.7878817915916443
31,1,20,0.04276885954501428,-0.9017101220740512,0.6040186285972595
31,1,21,0.541738887570181,-0.8375568327565297,0.7595073580741882
31,1,22,0.035640716287511906,-0.880325692301544,0.5923364162445068
31,1,23,0.14256286515004762,-0.0035640716287511903,0.9974237084388732
31,1,24,-0.14256286515004762,0.0035640716287511903,0.9959149956703186
31,1,25,0.2708694437850905,0.7377628271514964,0.8477188944816589
31,1,26,-0.07840957583252618,0.7591472569240035,0.703673779964447
31,1,27,0.5132263145401714,1.4862178691892465,0.8825890421867371
31,1,28,-0.2993820168151,1.4291927231292274,0.7896844148635864
31,1,29,0.44907302522264997,1.6002681613092844,0.8306205868721008
31,1,30,-0.35640716287511903,1.5289867287342607,0.7386124730110168
31,1,31,0.8696334774152904,1.6145244478242893,0.8919954299926758
31,1,32,-0.14969100840755,1.685805880399313,0.8091261386871338
31,2,0,-0.366031537827246,-1.3717298407894851,0.999515414237976
31,2,1,-0.32338708681824646,-1.4499113343059842,0.9993121027946472
31,2,2,-0.30917226981524665,-1.4570187428074841,0.9993175864219666
31,2,3,-0.28785004431074684,-1.4570187428074841,0.9993844032287598
31,2,4,-0.34470931232274626,-1.4570187428074841,0.9993265867233276
31,2,5,-0.33760190382124633,-1.464126151308984,0.9992217421531676
31,2,6,-0.33760190382124633,-1.464126151308984,0.9992283582687378
31,2,7,-0.19545373379124786,-1.4285891088014844,0.9988738894462584
31,2,8,-0.24520559330174732,-1.4285891088014844,0.9991204142570496
31,2,9,-0.3162796783167466,-1.2935483472729858,0.9991915225982666
31,2,10,-0.34470931232274626,-1.3006557557744858,0.9992019534111024
31,2,11,0.060412972262749345,-1.0021445987114892,0.9996657967567444
31,2,12,-0.25942041030474716,-0.9879297817084892,0.999373197555542
31,2,13,0.13148705727774856,-0.4690889610989949,0.7444043159484863
31,2,14,-0.3802463548302459,-0.4690889610989949,0.5520416498184204
31,2,15,-0.2523130018032472,-0.369585242077996,0.8261899352073669
31,2,16,-0.6574352863887428,-0.3411556080719963,0.5949230194091797
31,2,17,-0.25942041030474716,-0.277188931558497,0.7994629740715027
31,2,18,-0.7995834564187413,-0.277188931558497,0.5869061350822449
31,2,19,-0.2665278188062471,-0.3056185655644967,0.8015762567520142
31,2,20,-0.8137982734217412,-0.277188931558497,0.5870141386985779
31,2,21,-0.28785004431074684,-0.3411556080719963,0.7721355557441711
31,2,22,-0.7569390054097418,-0.2914037485614968,0.5781739354133606
31,2,23,0.10305742327174888,0.007107408501499922,0.9974530339241028
31,2,24,-0.10305742327174888,-0.007107408501499922,0.9958687424659728
31,2,25,-0.28785004431074684,0.732063075654492,0.8587032556533813
31,2,26,-0.23809818480024741,0.7462778926574919,0.6781954765319824
31,2,27,-0.30917226981524665,1.5920595043359826,0.8920103311538696
31,2,28,-0.01776852125374981,1.4925557853149838,0.7830706238746643
31,2,29,-0.25942041030474716,1.755529899870481,0.8428070545196533
31,2,30,0.06752038076424927,1.6062743213389825,0.738958477973938
31,2,31,-0.6858649203947426,1.656026180849482,0.8989807963371277
31,2,32,-0.32338708681824646,1.670240997852482,0.8041559457778931
32,1,0,0.18388081655282204,-1.3881198896634606,0.9995619058609008
32,1,1,0.2127248662081667,-1.4674410262156583,0.999378740787506
32,1,2,0.2559909406911836,-1.4674410262156583,0.9993836283683776
32,1,3,0.23435790344967516,-1.4746520386294946,0.9994438290596008
32,1,4,0.19830284138049437,-1.4674410262156583,0.9993912577629088
32,1,5,0.2127248662081667,-1.4674410262156583,0.9992958307266236
32,1,6,0.16945879172514974,-1.4746520386294946,0.9993005394935608
32,1,7,0.10455968000062431,-1.460230013801822,0.9989792704582214
32,1,8,0.025238543448426555,-1.4458079889741497,0.999205768108368
32,1,9,0.21993587862200284,-1.316009765525099,0.9992693662643432
32,1,10,0.19830284138049437,-1.316009765525099,0.9992796778678894
32,1,11,0.19109182896665822,-0.998725219316308,0.9996960759162904
32,1,12,-0.2920460027603644,-0.998725219316308,0.9994324445724488
32,1,13,0.34252308965721756,-0.49395435034777685,0.7501964569091797
32,1,14,-0.37136713931256216,-0.4578992882785961,0.5965660810470581
32,1,15,0.5083763751754492,-0.7823948469012232,0.8415703177452087
32,1,16,-0.05408259310377119,-0.7535507972458786,0.6351222991943359
32,1,17,0.6381745986245001,-0.8400829462119125,0.8163890838623047
32,1,18,0.025238543448426555,-0.8400829462119125,0.6273471117019653
32,1,19,0.6309635862106638,-0.8761380082810933,0.8185237050056458
32,1,20,0.018027531034590396,-0.9049820579364379,0.6273009777069092
32,1,21,0.5732754868999747,-0.8689269958672571,0.7912607192993164
32,1,22,0.0036055062069180795,-0.8833490206949295,0.6183956265449524
32,1,23,0.1406147420698051,-0.0036055062069180795,0.9976826310157776
32,1,24,-0.1406147420698051,0.0036055062069180795,0.996210753917694
32,1,25,0.30646802758803676,0.7391287724182063,0.8583008646965027
32,1,26,-0.09013765517295198,0.775183834487387,0.7084223628044128
32,1,27,0.5300094124169576,1.4890740634571669,0.8967810273170471
32,1,28,-0.30646802758803676,1.460230013801822,0.8015676736831665
32,1,29,0.4867433379339407,1.6044502620785452,0.8481219410896301
32,1,30,-0.37136713931256216,1.5611841875955283,0.7508541345596313
32,1,31,0.8472939586257486,1.6260832993200538,0.9029189944267272
32,1,32,-0.13340372965596894,1.6981934234584153,0.81930011510849
32,2,0,-0.3699028563698467,-1.3708164677235495,0.9995948672294616
32,2,1,-0.3191318760837893,-1.4578524339282193,0.9994258284568788
32,2,2,-0.29737288453262184,-1.4578524339282193,0.9994298219680786
32,2,3,-0.28286689016517685,-1.4651054311119418,0.9994857907295228
32,2,4,-0.34089086763495674,-1.4578524339282193,0.9994398355484008
32,2,5,-0.3336378704512343,-1.4651054311119418,0.999352216720581
32,2,6,-0.34089086763495674,-1.4651054311119418,0.9993572235107422
32,2,7,-0.20308392114422955,-1.436093442377052,0.9990634918212892
32,2,8,-0.2683608957977319,-1.4433464395607742,0.9992563724517822
32,2,9,-0.3191318760837893,-1.2982864958863247,0.999332845211029
32,2,10,-0.34814386481867926,-1.3055394930700472,0.9993244409561156
32,2,11,0.04351798310233491,-0.9936606141699803,0.9997155666351318
32,2,12,-0.2683608957977319,-0.9936606141699803,0.9994333982467652
32,2,13,0.1450599436744497,-0.464191819758239,0.7745595574378967
32,2,14,-0.3989148451047366,-0.47144481694196144,0.5691714286804199
32,2,15,-0.21033691832795204,-0.39166184792101416,0.8550041913986206
32,2,16,-0.718046721188526,-0.3191318760837893,0.6230939030647278
32,2,17,-0.07252997183722484,-0.29737288453262184,0.8299129605293274
32,2,18,-0.8340946761280856,-0.2611078986140094,0.6123022437095642
32,2,19,-0.1813249295930621,-0.3263848732675118,0.8314006328582764
32,2,20,-0.8631066648629756,-0.2611078986140094,0.613994836807251
32,2,21,-0.014505994367444968,-0.3699028563698467,0.8041061162948608
32,2,22,-0.7978296902094733,-0.2756138929814544,0.6074690818786621
32,2,23,0.10879495775583727,0.0,0.9977956414222716
32,2,24,-0.10879495775583727,0.0,0.9963157176971436
32,2,25,-0.28286689016517685,0.7398057127396934,0.8701163530349731
32,2,26,-0.24660190424656445,0.7760706986583058,0.6893123984336853
32,2,27,-0.3046258817163443,1.6246713691538364,0.905379354953766
32,2,28,-0.014505994367444968,1.5158764113979992,0.7988917231559753
32,2,29,-0.2611078986140094,1.7842373071957311,0.8599163293838501
32,2,30,0.08703596620466982,1.6391773635212814,0.7554212212562561
32,2,31,-0.7107937240048035,1.7117073353585062,0.909646451473236
32,2,32,-0.3553968620024017,1.7334663269096737,0.8172557950019836
33,1,0,0.11746152625815445,-1.370384473011802,0.999633252620697
33,1,1,0.13881816739600072,-1.4486921571839049,0.9994801878929138
33,1,2,0.17441256929241117,-1.4486921571839049,0.9994832277297974
33,1,3,0.18865033005097534,-1.455811037563187,0.9995337724685668
33,1,4,0.12458040663743654,-1.4486921571839049,0.9994930028915404
33,1,5,0.1459370477752828,-1.4486921571839049,0.9994131326675416
33,1,6,0.10322376549959028,-1.455811037563187,0.999416172504425
33,1,7,0.04627272246533357,-1.4415732768046228,0.9991470575332642
33,1,8,-0.032034961706769394,-1.4273355160460586,0.9993268847465516
33,1,9,0.1459370477752828,-1.306314549598263,0.9993935823440552
33,1,10,0.11746152625815445,-1.299195669218981,0.9993882179260254
33,1,11,0.16017480853384697,-0.9859649325305692,0.9997386932373048
33,1,12,-0.323909057257335,-1.0073215736684153,0.9994820952415466
33,1,13,0.35238457877446333,-0.5232377078772334,0.7880873084068298
33,1,14,-0.45916778446369466,-0.487643305980823,0.6120307445526123
33,1,15,0.5517132293943618,-0.8008740426692349,0.8688715100288391
33,1,16,-0.17441256929241117,-0.8008740426692349,0.660638153553009
33,1,17,0.7154474781178498,-0.8578250857034916,0.845605731010437
33,1,18,-0.08186712436174401,-0.88630060722062,0.6506511569023132
33,1,19,0.7012097173592857,-0.9005383679791842,0.8470758199691772
33,1,20,-0.0889860047410261,-0.9574894110134409,0.6521115303039551
33,1,21,0.6371397939457468,-0.8934194875999021,0.8221355080604553
33,1,22,-0.10322376549959028,-0.9361327698755946,0.6456956267356873
33,1,23,0.13881816739600072,-0.003559440189641044,0.9979640245437622
33,1,24,-0.13881816739600072,0.003559440189641044,0.9965534806251526
33,1,25,0.28831465536092454,0.7154474781178498,0.868836522102356
33,1,26,-0.10322376549959028,0.7652796407728245,0.7184705138206482
33,1,27,0.5161188274979513,1.4415732768046228,0.9088757038116456
33,1,28,-0.30967129649877084,1.4202166356667765,0.8164098858833313
33,1,29,0.45916778446369466,1.5697131236317003,0.8632021546363831
33,1,30,-0.37374121991230963,1.5056432002181617,0.76617431640625
33,1,31,0.8435873249449274,1.6053075255281108,0.9127526879310608
33,1,32,-0.1459370477752828,1.6764963293209316,0.8313853740692139
33,2,0,-0.3018995793501555,-1.335992391377125,0.9996614456176758
33,2,1,-0.2741386984903711,-1.4192750339564781,0.9995235800743104
33,2,2,-0.2533180378455328,-1.4192750339564781,0.9995260834693908
33,2,3,-0.23249737720069447,-1.4192750339564781,0.999573290348053
33,2,4,-0.2880191389202633,-1.4192750339564781,0.9995355010032654
33,2,5,-0.2810789187053172,-1.4262152541714244,0.9994624853134156
33,2,6,-0.2949593591352094,-1.4262152541714244,0.9994662404060364
33,2,7,-0.17003539526617953,-1.39845437331164,0.9992245435714722
33,2,8,-0.23249737720069447,-1.405394593526586,0.999383509159088
33,2,9,-0.2741386984903711,-1.2665901892276639,0.9994497895240784
33,2,10,-0.2949593591352094,-1.2665901892276639,0.9994379878044128
33,2,11,0.045111431397149675,-0.9820411604148737,0.9997624158859252
33,2,12,-0.22555715698574835,-1.009802041274658,0.9995153546333312
33,2,13,0.21861693677080227,-0.530926846443377,0.8089010715484619
33,2,14,-0.39906266235940097,-0.5239866262284308,0.6110620498657227
33,2,15,-0.045111431397149675,-0.4476442038640237,0.8811264634132385
33,2,16,-0.6974921316020835,-0.41294310278929314,0.6718664169311523
33,2,17,-0.024290770752311362,-0.37130178149961657,0.8592924475669861
33,2,18,-0.7877149943963827,-0.3504811208547782,0.6566884517669678
33,2,19,-0.03817121118220357,-0.42682354321918536,0.8604167699813843
33,2,20,-0.808535655041221,-0.3435409006398321,0.6596156358718872
33,2,21,-0.05899187182704188,-0.45458442407896976,0.8364143371582031
33,2,22,-0.7668943337515445,-0.36436156128467045,0.6541468501091003
33,2,23,0.05899187182704188,0.01735055053736526,0.9980518221855164
33,2,24,-0.05899187182704188,-0.01735055053736526,0.9965428113937378
33,2,25,-0.22555715698574835,0.7044323518170296,0.8772321939468384
33,2,26,-0.2533180378455328,0.7183127922469217,0.6893928647041321
33,2,27,-0.2533180378455328,1.5233783371806697,0.9143672585487366
33,2,28,-0.1145136335466107,1.4331554743863704,0.7824141383171082
33,2,29,-0.20473649634091007,1.669122961694538,0.8724559545516968
33,2,30,-0.003470110107473052,1.5511392180404542,0.7470843195915222
33,2,31,-0.6558508103124068,1.5858403191151846,0.9151809811592102
33,2,32,-0.3435409006398321,1.6066609797600229,0.8017807006835938
