frame,player_id,landmark_index,x_norm,y_norm,visibility
1,1,0,0.044664015508688794,-1.3399204652606638,0.9976348280906676
1,1,1,0.0669960232630332,-1.3994724859389156,0.9971312284469604
1,1,2,0.0669960232630332,-1.3994724859389156,0.9969800114631652
1,1,3,0.07444002584781466,-1.3994724859389156,0.997603476047516
1,1,4,0.05210801809347026,-1.3994724859389156,0.9970974326133728
1,1,5,0.05210801809347026,-1.406916488523697,0.9968475103378296
1,1,6,0.044664015508688794,-1.406916488523697,0.9972484111785888
1,1,7,0.03722001292390733,-1.3622524730150083,0.9958474040031432
1,1,8,-0.007444002584781465,-1.377140478184571,0.9965401291847228
1,1,9,0.03722001292390733,-1.2654804394128492,0.9953559637069702
1,1,10,0.022332007754344397,-1.2654804394128492,0.9955353140830994
1,1,11,0.01488800516956293,-0.9677203360215906,0.9986438751220704
1,1,12,-0.15632405428041077,-1.0272723566998423,0.9987504482269288
1,1,13,-0.02977601033912586,-0.431752149917325,0.5205591320991516
1,1,14,-0.35731212406951035,-0.5136361783499211,0.5646264553070068
1,1,15,0.10421603618694052,-0.08188402843259612,0.5975908041000366
1,1,16,-0.09677203360215905,-0.3722001292390733,0.5967683792114258
1,1,17,0.20098806978909958,0.0669960232630332,0.5983515381813049
1,1,18,0.0,-0.2754280956369142,0.5932323336601257
1,1,19,0.23076408012822544,0.0669960232630332,0.5999419689178467
1,1,20,0.08188402843259612,-0.32009211114560304,0.5921885967254639
1,1,21,0.17121205944997372,0.0,0.5829336047172546
1,1,22,0.0669960232630332,-0.35731212406951035,0.5837380886077881
1,1,23,0.0669960232630332,0.0,0.9962088465690612
1,1,24,-0.0669960232630332,0.0,0.9948930740356444
1,1,25,0.05210801809347026,0.751844261062928,0.6956415176391602
1,1,26,-0.15632405428041077,0.751844261062928,0.7471636533737183
1,1,27,-0.20843207237388103,1.436692498862823,0.727516233921051
1,1,28,-0.2530960878825698,1.533464532464982,0.7462290525436401
1,1,29,-0.2828720982216957,1.5557965402193263,0.7052605748176575
1,1,30,-0.33498011631516594,1.6674565789910483,0.7118498682975769
1,1,31,0.044664015508688794,1.5557965402193263,0.7794221639633179
1,1,32,0.03722001292390733,1.6376805686519225,0.7787153124809265
1,2,0,-0.13898681564536056,-1.3937289013326435,0.9977620840072632
1,2,1,-0.07721489758075586,-1.455500819397248,0.9972511529922484
1,2,2,-0.06177191806460469,-1.4477793296391726,0.9971157312393188
1,2,3,-0.04632893854845352,-1.4477793296391726,0.9976965188980104
1,2,4,-0.10037936685498262,-1.455500819397248,0.9971810579299928
1,2,5,-0.10037936685498262,-1.455500819397248,0.9969592690467834
1,2,6,-0.09265787709690704,-1.4632223091553236,0.9973317980766296
1,2,7,0.02316446927422676,-1.4091718808487945,0.9961180686950684
1,2,8,-0.030885959032302346,-1.4246148603649458,0.9965804815292358
1,2,9,-0.10810085661305821,-1.3165140037518874,0.995718002319336
1,2,10,-0.13126532588728498,-1.3242354935099632,0.9957005381584167
1,2,11,0.10037936685498262,-1.007654413428864,0.9987618923187256
1,2,12,-0.12354383612920938,-0.9922114339127128,0.998587727546692
1,2,13,0.2856951210487967,-0.4517071508474218,0.5679892897605896
1,2,14,-0.3629100186295526,-0.5134790689120265,0.5169660449028015
1,2,15,-0.19303724395188968,-0.2663913966536077,0.6363517642021179
1,2,16,-0.2779736312907211,-0.37449225326666596,0.5548564791679382
1,2,17,-0.31658108008109903,0.027025214153264553,0.6350934505462646
1,2,18,-0.355188528871477,-0.3127203352020613,0.5536938905715942
1,2,19,-0.3397455493553258,0.05018968342749131,0.6362651586532593
1,2,20,-0.38607448790377935,-0.35904927375051476,0.5535951852798462
1,2,21,-0.3011381005649479,-0.042468193669415726,0.6192827820777893
1,2,22,-0.355188528871477,-0.335884804476288,0.5460144877433777
1,2,23,0.08493638733883145,-0.0038607448790377932,0.9962530732154846
1,2,24,-0.08493638733883145,0.0038607448790377932,0.9945518374443054
1,2,25,0.10037936685498262,0.7065163128639161,0.7020781636238098
1,2,26,-0.14670830540343616,0.7065163128639161,0.6988237500190735
1,2,27,-0.06949340782268028,1.4091718808487945,0.7284620404243469
1,2,28,0.015442979516151173,1.5790446555264575,0.7118865847587585
1,2,29,0.06177191806460469,1.5172727374618529,0.712508499622345
1,2,30,0.07721489758075586,1.6562595531072133,0.690895140171051
1,2,31,0.0,1.5481586964941552,0.7787865400314331
1,2,32,-0.13898681564536056,1.586766145284533,0.7577865123748779
2,1,0,0.03445747651964525,-1.3897848862923585,0.9979365468025208
2,1,1,0.07274356154147331,-1.4433854053229178,0.9974445104599
2,1,2,0.07274356154147331,-1.4433854053229178,0.9973103404045104
2,1,3,0.08040077854583892,-1.4433854053229178,0.997853934764862
2,1,4,0.04977191052837648,-1.4510426223272834,0.9973922967910768
2,1,5,0.042114693524010864,-1.4510426223272834,0.9971929788589478
2,1,6,0.026800259515279642,-1.4510426223272834,0.9975415468215942
2,1,7,0.042114693524010864,-1.4050993203010897,0.9962911009788512
2,1,8,-0.01914304251091403,-1.4127565373054554,0.9968515634536744
2,1,9,0.042114693524010864,-1.3132127162487024,0.9960106611251832
2,1,10,0.03445747651964525,-1.3132127162487024,0.9960569739341736
2,1,11,0.07274356154147331,-0.9839523850609811,0.9986431002616882
2,1,12,-0.14931573158512942,-1.0145812530784435,0.9987117648124696
2,1,13,0.0650863445371077,-0.4479471947553883,0.5222416520118713
2,1,14,-0.36371780770736656,-0.5168621477946788,0.564355731010437
2,1,15,0.22588790162878555,-0.11102964656330137,0.5871952772140503
2,1,16,-0.1340012975763982,-0.394346675724829,0.5952180027961731
2,1,17,0.29480285466807604,0.011485825506548418,0.5871625542640686
2,1,18,0.09571521255457015,-0.28714563766371043,0.5910634994506836
2,1,19,0.31011728867680727,-0.003828608502182806,0.5888802409172058
2,1,20,0.17228738259822626,-0.34840337369863533,0.5901273488998413
2,1,21,0.2718312036549792,-0.042114693524010864,0.5736933946609497
2,1,22,0.1416585145807638,-0.37137502471173217,0.5793734788894653
2,1,23,0.0650863445371077,0.003828608502182806,0.9962944984436036
2,1,24,-0.0650863445371077,-0.003828608502182806,0.9947738647460938
2,1,25,0.09571521255457015,0.7312642239169159,0.6688807010650635
2,1,26,-0.08040077854583892,0.7236070069125503,0.7203379273414612
2,1,27,-0.10337242955893576,1.4663570563360147,0.7078325152397156
2,1,28,-0.12634408057203259,1.5659008773927676,0.7296173572540283
2,1,29,-0.17228738259822626,1.59652974541023,0.6962528824806213
2,1,30,-0.21823068462441994,1.696073566466983,0.6985226273536682
2,1,31,0.1416585145807638,1.6348158304320581,0.7706803679466248
2,1,32,0.07274356154147331,1.696073566466983,0.7716724872589111
2,2,0,-0.10194118965911701,-1.41933502525386,0.9980985522270204
2,2,1,-0.031366519895112924,-1.4742264350703076,0.9976329207420348
2,2,2,-0.015683259947556462,-1.4742264350703076,0.997513473033905
2,2,3,0.0,-1.4742264350703076,0.9980081915855408
2,2,4,-0.06273303979022585,-1.4820680650440858,0.9975740313529968
2,2,5,-0.06273303979022585,-1.4820680650440858,0.9973952174186708
2,2,6,-0.06273303979022585,-1.4820680650440858,0.9977118372917176
2,2,7,0.04704977984266939,-1.4271766552276381,0.996614158153534
2,2,8,-0.007841629973778231,-1.4428599151751946,0.9970699548721312
2,2,9,-0.07057466976400409,-1.3330770955422995,0.9963787198066713
2,2,10,-0.09409955968533879,-1.3409187255160777,0.9963662624359132
2,2,11,0.16467422944934287,-1.0115702666173918,0.9987707138061525
2,2,12,-0.1254660795804517,-0.9880453766960572,0.9987304210662842
2,2,13,0.3528733488200204,-0.45481453847913744,0.5696825385093689
2,2,14,-0.14114933952800818,-0.5253892082431415,0.5212357044219971
2,2,15,-0.10978281963289524,-0.40776475863646805,0.6272691488265991
2,2,16,-0.28229867905601636,-0.3999231286626898,0.5609906315803528
2,2,17,-0.24309052918712518,-0.305823568977351,0.6256491541862488
2,2,18,-0.337190088872464,-0.31366519895112926,0.5597314834594727
2,2,19,-0.2744570490822381,-0.3685566087675769,0.6269959211349487
2,2,20,-0.36071497879379866,-0.3685566087675769,0.559988260269165
2,2,21,-0.23524889921334696,-0.3999231286626898,0.6120116710662842
2,2,22,-0.31366519895112926,-0.3999231286626898,0.5504887104034424
2,2,23,0.06273303979022585,0.0,0.9964835047721864
2,2,24,-0.06273303979022585,0.0,0.994842290878296
2,2,25,0.10194118965911701,0.7606381074564885,0.6852930784225464
2,2,26,-0.07057466976400409,0.7214299575875973,0.6821037530899048
2,2,27,0.16467422944934287,1.4428599151751946,0.7168558835983276
2,2,28,0.1254660795804517,1.4507015451489729,0.7011839747428894
2,2,29,0.25877378913468163,1.5683259947556463,0.7070111036300659
2,2,30,0.20388237931823402,1.5291178448867553,0.6814749836921692
2,2,31,0.03920814986889116,1.5996925146507592,0.7750890851020813
2,2,32,-0.07841629973778232,1.6467422944934287,0.7546262741088867
3,1,0,0.08601036985049464,-1.395713728937572,0.997875154018402
3,1,1,0.07819124531863149,-1.4660858497243403,0.9971363544464112
3,1,2,0.07819124531863149,-1.4660858497243403,0.9968936443328856
3,1,3,0.07819124531863149,-1.4660858497243403,0.9976217150688172
3,1,4,0.05473387172304204,-1.4660858497243403,0.9972547888755798
3,1,5,0.04691474719117889,-1.4660858497243403,0.9970536828041076
3,1,6,0.039095622659315744,-1.4660858497243403,0.9974993467330932
3,1,7,0.0156382490637263,-1.4191711025331615,0.9952989220619202
3,1,8,-0.0312764981274526,-1.4269902270650245,0.9968381524086
3,1,9,0.09382949438235778,-1.3175224836189405,0.9960578680038452
3,1,10,0.07037212078676834,-1.3253416081508038,0.9963297843933104
3,1,11,0.023457373595589446,-0.9969383778125515,0.9984349608421326
3,1,12,-0.17983986423285242,-0.9969383778125515,0.9988327026367188
3,1,13,0.039095622659315744,-0.4417805360502679,0.5162838101387024
3,1,14,-0.2267546114240313,-0.5043335323051731,0.5677556991577148
3,1,15,0.14074424157353668,-0.30885541900859437,0.5690823793411255
3,1,16,0.16420161516912612,-0.4261422869865416,0.5982938408851624
3,1,17,0.2267546114240313,-0.2150259246262366,0.5692540407180786
3,1,18,0.2893076076789365,-0.3635892907316364,0.5937045812606812
3,1,19,0.2736693586152102,-0.2932171699448681,0.5708200335502625
3,1,20,0.31276498127452595,-0.41832316245467843,0.5930604934692383
3,1,21,0.2267546114240313,-0.30885541900859437,0.5578925609588623
3,1,22,0.2580311095514839,-0.4417805360502679,0.5787187218666077
3,1,23,0.07819124531863149,0.003909562265931575,0.9956198334693908
3,1,24,-0.07819124531863149,-0.003909562265931575,0.9941738843917848
3,1,25,0.18765898876471557,0.7467263927929307,0.6398040056228638
3,1,26,-0.05473387172304204,0.7389072682610676,0.6870516538619995
3,1,27,-0.10946774344608408,1.442628476128751,0.6725531220436096
3,1,28,-0.14074424157353668,1.5599153441066982,0.6959695219993591
3,1,29,-0.17983986423285242,1.5833727177022876,0.6730285882949829
3,1,30,-0.2267546114240313,1.6928404611483716,0.6707912087440491
3,1,31,0.13292511704167354,1.6224683403616034,0.7430756092071533
3,1,32,0.08601036985049464,1.6928404611483716,0.7498931288719177
3,2,0,-0.05485979337349645,-1.410680401032766,0.9980615973472596
3,2,1,-0.007837113339070922,-1.4812144210844043,0.9973874092102052
3,2,2,0.007837113339070922,-1.4812144210844043,0.9971675276756288
3,2,3,0.015674226678141844,-1.4812144210844043,0.9978254437446594
3,2,4,-0.03134845335628369,-1.4812144210844043,0.997487723827362
3,2,5,-0.03134845335628369,-1.4812144210844043,0.9973054528236388
3,2,6,-0.03134845335628369,-1.4812144210844043,0.997708022594452
3,2,7,-0.03134845335628369,-1.4341917410499787,0.9957455396652222
3,2,8,-0.06269690671256738,-1.4341917410499787,0.9971005320549012
3,2,9,-0.023511340017212765,-1.3323092676420567,0.9964351654052734
3,2,10,-0.06269690671256738,-1.3401463809811276,0.9966487884521484
3,2,11,0.16457938012048937,-1.010987620740149,0.998583436012268
3,2,12,-0.08620824672978014,-0.9874762807229361,0.998866319656372
3,2,13,0.3369958735800496,-0.4623896870051844,0.5641357898712158
3,2,14,-0.08620824672978014,-0.5094123670396099,0.5225075483322144
3,2,15,-0.13323092676420567,-0.5094123670396099,0.6102385520935059
3,2,16,-0.25862474018934045,-0.4623896870051844,0.5630629062652588
3,2,17,-0.2507876268502695,-0.4623896870051844,0.6083617806434631
3,2,18,-0.3369958735800496,-0.40752989363168796,0.5625154376029968
3,2,19,-0.26646185352841134,-0.5250865937177518,0.6095074415206909
3,2,20,-0.3369958735800496,-0.45455257366611346,0.5628517866134644
3,2,21,-0.22727628683305673,-0.5485979337349646,0.5963262319564819
3,2,22,-0.30564742022376595,-0.47806391368332624,0.5502493381500244
3,2,23,0.10188247340792199,0.0,0.995919942855835
3,2,24,-0.10188247340792199,0.0,0.9944213032722472
3,2,25,0.13323092676420567,0.7680371072289504,0.6580305695533752
3,2,26,-0.04702268003442553,0.7210144271945248,0.6528725028038025
3,2,27,0.2116020601549149,1.4341917410499787,0.6856312155723572
3,2,28,0.1489051534423475,1.3871690610155532,0.6723966598510742
3,2,29,0.3213216469019078,1.5595855544751134,0.6836230754852295
3,2,30,0.2194391734939858,1.512562874440688,0.6577024459838867
3,2,31,0.0705340200516383,1.5830968944923263,0.7513827085494995
3,2,32,-0.06269690671256738,1.5674226678141845,0.737943172454834
4,1,0,0.05467999136145478,-1.4021512070544475,0.9979574680328368
4,1,1,0.05467999136145478,-1.464642625753253,0.997144877910614
4,1,2,0.05467999136145478,-1.464642625753253,0.9968956112861632
4,1,3,0.05467999136145478,-1.464642625753253,0.9976544380187988
4,1,4,0.031245709349402732,-1.464642625753253,0.9973586201667786
4,1,5,0.015622854674701366,-1.464642625753253,0.9971863031387328
4,1,6,0.007811427337350683,-1.464642625753253,0.997633934020996
4,1,7,-0.031245709349402732,-1.4255854890664996,0.99525386095047
4,1,8,-0.08592570071085752,-1.4255854890664996,0.9969623684883118
4,1,9,0.062491418698805465,-1.3240369336809408,0.9961860179901124
4,1,10,0.031245709349402732,-1.3318483610182914,0.9965553283691406
4,1,11,0.03905713668675342,-0.9959569855122121,0.998219907283783
4,1,12,-0.21871996544581912,-0.9959569855122121,0.9989446401596068
4,1,13,0.14841711940966298,-0.46477992657236566,0.5161916017532349
4,1,14,-0.10935998272290956,-0.503837063259119,0.5690557360649109
4,1,15,0.2812113841446246,-0.27730567047594923,0.5583598613739014
4,1,16,0.20309711077111775,-0.5350827726085218,0.6027204394340515
4,1,17,0.35932565751813145,-0.2070028244397931,0.5582826137542725
4,1,18,0.3280799481687287,-0.5350827726085218,0.6000078320503235
4,1,19,0.35932565751813145,-0.24605996112654652,0.5600394010543823
4,1,20,0.35151423018078076,-0.5897627639699766,0.5998430848121643
4,1,21,0.320268520831378,-0.27730567047594923,0.5488481521606445
4,1,22,0.30464566615667665,-0.5975741913073273,0.5843533873558044
4,1,23,0.11717141006026024,0.0039057136686753416,0.99529367685318
4,1,24,-0.11717141006026024,-0.0039057136686753416,0.994193971157074
4,1,25,0.19528568343376707,0.7459913107169902,0.6248573064804077
4,1,26,-0.0937371280482082,0.7459913107169902,0.6694570183753967
4,1,27,-0.0468685640241041,1.441208343741201,0.650700569152832
4,1,28,-0.16403997408436435,1.5974368904882148,0.6844021677970886
4,1,29,-0.1874742560964164,1.5583797538014612,0.654893159866333
4,1,30,-0.24215424745787117,1.6911740185364228,0.6595571637153625
4,1,31,0.11717141006026024,1.613059745162916,0.730197548866272
4,1,32,0.07030284603615615,1.7067968732111243,0.745714545249939
4,2,0,-0.07049668428601202,-1.3942677558789045,0.99812650680542
4,2,1,-0.023498894762004008,-1.4569314752442486,0.9973816871643066
4,2,2,-0.015665929841336006,-1.4569314752442486,0.9971548914909364
4,2,3,-0.007832964920668003,-1.4569314752442486,0.997845470905304
4,2,4,-0.046997789524008016,-1.4569314752442486,0.9975701570510864
4,2,5,-0.05483075444467602,-1.4569314752442486,0.9974086284637452
4,2,6,-0.05483075444467602,-1.4647644401649165,0.9978155493736268
4,2,7,0.03133185968267201,-1.4099336857202405,0.9956885576248168
4,2,8,-0.046997789524008016,-1.4177666506409086,0.997174859046936
4,2,9,-0.03916482460334002,-1.3237710715928925,0.996523916721344
4,2,10,-0.07049668428601202,-1.3237710715928925,0.9967970848083496
4,2,11,0.16449226333402805,-1.0182854396868404,0.9983778595924376
4,2,12,-0.06266371936534403,-0.9791206150835003,0.998772919178009
4,2,13,0.2819867371440481,-0.5013097549227522,0.5637284517288208
4,2,14,-0.10182854396868404,-0.4778108601607482,0.5187950730323792
4,2,15,-0.18015819317536408,-0.5639734742880962,0.599247932434082
4,2,16,-0.2428219125407081,-0.39164824603340015,0.5541689395904541
4,2,17,-0.2976526669853841,-0.5718064392087642,0.5957722067832947
4,2,18,-0.2976526669853841,-0.3524834214300601,0.5534585118293762
4,2,19,-0.3054856319060521,-0.6266371936534403,0.596895694732666
4,2,20,-0.3289845266680561,-0.39948121095406813,0.5537676811218262
4,2,21,-0.2663208073027121,-0.6344701585741083,0.58460932970047
4,2,22,-0.3054856319060521,-0.41514714079540416,0.5404801964759827
4,2,23,0.12532743873068805,-0.007832964920668003,0.9955359101295472
4,2,24,-0.12532743873068805,0.007832964920668003,0.9941611886024476
4,2,25,0.16449226333402805,0.7362987025427923,0.649616003036499
4,2,26,-0.046997789524008016,0.7441316674634603,0.6388053297996521
4,2,27,0.21932301777870408,1.4412655454029126,0.6648565530776978
4,2,28,0.09399557904801603,1.3472699663548966,0.6624173521995544
4,2,29,0.2663208073027121,1.5744259490542687,0.6571438908576965
4,2,30,0.14099336857202405,1.4725974050855846,0.6443464159965515
4,2,31,0.023498894762004008,1.5900918788956047,0.734673023223877
4,2,32,-0.09399557904801603,1.5195951946095927,0.7287810444831848
5,1,0,0.042931426573803055,-1.3855142212454623,0.9981529712677002
5,1,1,0.042931426573803055,-1.4479599326255395,0.9974384307861328
5,1,2,0.042931426573803055,-1.4479599326255395,0.997204601764679
5,1,3,0.050737140496312706,-1.4479599326255395,0.9978911876678468
5,1,4,0.01170857088376447,-1.4479599326255395,0.9976382851600648
5,1,5,-0.0039028569612548233,-1.4479599326255395,0.9974839091300964
5,1,6,-0.027319998728783764,-1.4479599326255395,0.9978923797607422
5,1,7,-0.01170857088376447,-1.4089313630129912,0.99577397108078
5,1,8,-0.12098856579889952,-1.4089313630129912,0.9972773194313048
5,1,9,0.050737140496312706,-1.307457082020366,0.9965730309486388
5,1,10,0.01170857088376447,-1.307457082020366,0.9969101548194884
5,1,11,0.027319998728783764,-1.0108399529649992,0.9981449842453004
5,1,12,-0.22246284679152492,-0.9796170972749607,0.9988653063774108
5,1,13,0.1678228493339574,-0.5034685480018722,0.5153481364250183
5,1,14,-0.08195999618635129,-0.4878571201568529,0.5655279755592346
5,1,15,0.19123999110148635,-0.5581085454594398,0.5567753314971924
5,1,16,0.199045705023996,-0.6751942542970845,0.5950949192047119
5,1,17,0.24587998855905388,-0.55030283153693,0.5578840970993042
5,1,18,0.32393712778415035,-0.6986113960646134,0.5924489498138428
5,1,19,0.2302685607140346,-0.6127485429170073,0.5595203638076782
5,1,20,0.33174284170665996,-0.7610571074446906,0.5922232270240784
5,1,21,0.199045705023996,-0.6205542568395169,0.5479657649993896
5,1,22,0.2849085581716021,-0.753251393522181,0.5772346258163452
5,1,23,0.11318285187638988,-0.0039028569612548233,0.99483060836792
5,1,24,-0.11318285187638988,0.0039028569612548233,0.993916153907776
5,1,25,0.19123999110148635,0.729834251754652,0.6084526777267456
5,1,26,-0.0039028569612548233,0.753251393522181,0.6580247282981873
5,1,27,-0.12098856579889952,1.4401542187030298,0.6227317452430725
5,1,28,-0.16001713541144777,1.6040742110757324,0.6651266813278198
5,1,29,-0.21465713286901528,1.5884627832307132,0.625273585319519
5,1,30,-0.23807427463654424,1.7133542059908675,0.6427997946739197
5,1,31,0.08976571010886093,1.6040742110757324,0.700176477432251
5,1,32,0.07415428226384164,1.6899370642233384,0.7230681777000427
5,2,0,-0.10184807372593564,-1.3710317616952876,0.9983281493186952
5,2,1,-0.0940136065162483,-1.4337074993727865,0.9976835250854492
5,2,2,-0.07051020488718622,-1.4337074993727865,0.9974722266197203
5,2,3,-0.04700680325812415,-1.4337074993727865,0.9980918765068054
5,2,4,-0.12535147535499772,-1.4415419665824738,0.997861623764038
5,2,5,-0.12535147535499772,-1.4415419665824738,0.9977202415466307
5,2,6,-0.12535147535499772,-1.4415419665824738,0.9980887174606324
5,2,7,0.04700680325812415,-1.3945351633243497,0.996188461780548
5,2,8,-0.03133786883874943,-1.402369630534037,0.9975230097770692
5,2,9,-0.08617913930656093,-1.3005215568081014,0.9969016909599304
5,2,10,-0.11751700814531037,-1.3005215568081014,0.997179925441742
5,2,11,0.1645238114034345,-1.0263152044690438,0.9983190894126892
5,2,12,-0.07051020488718622,-0.9714739340012324,0.9987748265266418
5,2,13,0.22719954908093337,-0.5327437702587403,0.5629855990409851
5,2,14,-0.1645238114034345,-0.47006803258124147,0.5191342830657959
5,2,15,-0.23503401629062073,-0.6894331144524874,0.5990079045295715
5,2,16,-0.2820408195487449,-0.6189229095653013,0.5563946962356567
5,2,17,-0.36038549164561845,-0.7129365160815495,0.597663402557373
5,2,18,-0.3838888932746805,-0.6815986472428001,0.5544217824935913
5,2,19,-0.36038549164561845,-0.767777786549361,0.5987809896469116
5,2,20,-0.39955782769405523,-0.7207709832912369,0.5537371039390564
5,2,21,-0.329047622806869,-0.7599433193396737,0.5866363644599915
5,2,22,-0.3525510244359311,-0.7207709832912369,0.5404612421989441
5,2,23,0.11751700814531037,-0.007834467209687357,0.9952164888381958
5,2,24,-0.11751700814531037,0.007834467209687357,0.994246542453766
5,2,25,0.14102040977437244,0.7207709832912369,0.6399691104888916
5,2,26,-0.109682540935623,0.7051020488718622,0.643165111541748
5,2,27,0.21153061466155865,1.425873032163099,0.6458523869514465
5,2,28,0.04700680325812415,1.339693892856538,0.6569916009902954
5,2,29,0.31337868838749433,1.598231310776221,0.6330485939979553
5,2,30,0.11751700814531037,1.449376433792161,0.6355540752410889
5,2,31,0.015668934419374714,1.6687415156634071,0.714607834815979
5,2,32,-0.1645238114034345,1.5668934419374716,0.7202274203300476
6,1,0,0.0446623409039588,-1.4088938448794275,0.9984313249588012
6,1,1,0.0446623409039588,-1.4738572498306404,0.9978497624397278
6,1,2,0.052782766522860396,-1.4738572498306404,0.9976508617401124
6,1,3,0.0690236177606636,-1.4738572498306404,0.9982256889343262
6,1,4,0.0121806384283524,-1.4738572498306404,0.9980013966560364
6,1,5,-0.0040602128094507995,-1.481977675449542,0.9978621602058412
6,1,6,-0.020301064047253996,-1.481977675449542,0.9982064366340636
6,1,7,0.036541915285057194,-1.4332551217361322,0.9964838027954102
6,1,8,-0.08526446899846679,-1.4332551217361322,0.9977121353149414
6,1,9,0.06090319214176199,-1.3276895886904114,0.997136652469635
6,1,10,0.020301064047253996,-1.335810014309313,0.9973994493484496
6,1,11,0.1096257458551716,-1.010992989553249,0.9983795881271362
6,1,12,-0.2070708532819908,-0.9866317126965443,0.9988734126091005
6,1,13,0.3288772375655148,-0.5318878780380547,0.5336916446685791
6,1,14,-0.0446623409039588,-0.4994061755624484,0.5659269690513611
6,1,15,0.31263638632771157,-0.7755006466051028,0.6049017906188965
6,1,16,0.2476729813764988,-0.8567049027941187,0.5982665419578552
6,1,17,0.4100814937545308,-0.8567049027941187,0.6032425165176392
6,1,18,0.34511808880331796,-0.9054274565075283,0.5944964289665222
6,1,19,0.37759979127892435,-0.9135478821264299,0.6039705872535706
6,1,20,0.32075681194661315,-0.9785112870776427,0.5933951735496521
6,1,21,0.3369976631844164,-0.9054274565075283,0.5905014276504517
6,1,22,0.2801546838521052,-0.9622704358398395,0.5793398022651672
6,1,23,0.1258665970929748,-0.0040602128094507995,0.9951251745224
6,1,24,-0.1258665970929748,0.0040602128094507995,0.9942357540130616
6,1,25,0.19083000204418757,0.7917414978429059,0.6013243198394775
6,1,26,-0.020301064047253996,0.7998619234618075,0.6605085730552673
6,1,27,-0.10150532023626999,1.579422782876361,0.6057502031326294
6,1,28,-0.15834829956858118,1.6931087415409833,0.6527767777442932
6,1,29,-0.2070708532819908,1.7499517208732946,0.6023929119110107
6,1,30,-0.26391383261430196,1.8149151258245075,0.6280355453491211
6,1,31,0.1177461714740732,1.7580721464921962,0.6815666556358337
6,1,32,0.0446623409039588,1.8230355514434091,0.7074881792068481
6,2,0,-0.1355776456493887,-1.3886437645301026,0.9985813498497008
6,2,1,-0.06984302957695782,-1.4543783806025334,0.9980565309524536
6,2,2,-0.045192548549796235,-1.4543783806025334,0.9978767037391664
6,2,3,-0.020542067522634655,-1.4543783806025334,0.9983954429626464
6,2,4,-0.10271033761317327,-1.4625952076115873,0.9981921911239624
6,2,5,-0.10271033761317327,-1.4625952076115873,0.9980649352073668
6,2,6,-0.10271033761317327,-1.4625952076115873,0.9983763098716736
6,2,7,0.07805985658601168,-1.4132942455572641,0.9968274235725404
6,2,8,-0.012325240513580792,-1.421511072566318,0.9979208707809448
6,2,9,-0.09449351060411941,-1.3229091484576716,0.9974054098129272
6,2,10,-0.12736081864033486,-1.3229091484576716,0.9976216554641724
6,2,11,0.2013122617218196,-1.0271033761317327,0.9985206127166748
6,2,12,-0.08627668359506555,-0.9695855870683556,0.9988368153572084
6,2,13,0.2259627427489812,-0.5505274096066087,0.5793483257293701
6,2,14,-0.21774591573992733,-0.47657596652512396,0.5331354141235352
6,2,15,-0.2259627427489812,-0.8216827009053862,0.6418673992156982
6,2,16,-0.34921514788478913,-0.7888153928691707,0.5857147574424744
6,2,17,-0.34921514788478913,-0.8627668359506555,0.6376211047172546
6,2,18,-0.41494976395722,-0.8216827009053862,0.5808979272842407
6,2,19,-0.357431974893843,-0.9120677980049786,0.6378275752067566
6,2,20,-0.41494976395722,-0.8627668359506555,0.5786600112915039
6,2,21,-0.3163478398485737,-0.8956341439868709,0.6240827441215515
6,2,22,-0.38208245592100454,-0.8627668359506555,0.5653781890869141
6,2,23,0.1355776456493887,-0.016433654018107723,0.995469868183136
6,2,24,-0.1355776456493887,0.016433654018107723,0.9945824146270752
6,2,25,0.14379447265844258,0.7641649118420091,0.6292582750320435
6,2,26,-0.11914399163128099,0.7477312578239014,0.6371840238571167
6,2,27,0.2423963967670889,1.536546650693072,0.6247356534004211
6,2,28,0.09449351060411941,1.4708120346206413,0.6346467733383179
6,2,29,0.3245646668576275,1.6926663638650954,0.6084221005439758
6,2,30,0.1848786077037119,1.5776307857383414,0.6137186288833618
6,2,31,-0.012325240513580792,1.7337504989103647,0.6932339668273926
6,2,32,-0.1355776456493887,1.6433654018107724,0.6960886716842651
7,1,0,0.0497497216592912,-1.4095754470132507,0.998670220375061
7,1,1,0.0746245824889368,-1.475908409225639,0.9982036352157592
7,1,2,0.08291620276548534,-1.475908409225639,0.998034417629242
7,1,3,0.08291620276548534,-1.475908409225639,0.998515784740448
7,1,4,0.0497497216592912,-1.475908409225639,0.9983139038085938
7,1,5,0.033166481106194134,-1.4842000295021875,0.9981884956359864
7,1,6,0.0248748608296456,-1.4842000295021875,0.998482346534729
7,1,7,0.04145810138274267,-1.4344503078428963,0.9970744252204896
7,1,8,-0.04145810138274267,-1.4344503078428963,0.9980842471122742
7,1,9,0.0746245824889368,-1.3349508645243138,0.9976142644882202
7,1,10,0.0497497216592912,-1.3349508645243138,0.9978158473968506
7,1,11,0.10779106359513094,-0.994994433185824,0.998587131500244
7,1,12,-0.19070726636061627,-1.0032860534623724,0.9989340901374816
7,1,13,0.21558212719026187,-0.5306636976991062,0.54548180103302
7,1,14,-0.04145810138274267,-0.5057888368694605,0.5786868333816528
7,1,15,0.3067899502322957,-0.7628290654424651,0.6522402763366699
7,1,16,0.20729050691371334,-0.870620129037596,0.625669538974762
7,1,17,0.3979977732743296,-0.8291620276548534,0.648030161857605
7,1,18,0.3067899502322957,-0.9203698506968871,0.6199378371238708
7,1,19,0.38141453272123255,-0.870620129037596,0.6481496691703796
7,1,20,0.28191508940265014,-0.994994433185824,0.6174925565719604
7,1,21,0.33995643133848985,-0.8623285087610475,0.6330536603927612
7,1,22,0.248748608296456,-0.9867028129092754,0.6038241982460022
7,1,23,0.10779106359513094,-0.008291620276548534,0.995456874370575
7,1,24,-0.10779106359513094,0.008291620276548534,0.9946571588516236
7,1,25,0.14095754470132507,0.8291620276548534,0.5972375273704529
7,1,26,-0.033166481106194134,0.8374536479314019,0.6591084003448486
7,1,27,-0.10779106359513094,1.6831989161393524,0.5964509844779968
7,1,28,-0.1492491649778736,1.774406739181386,0.6453589200973511
7,1,29,-0.20729050691371334,1.8407397013937743,0.5871192812919617
7,1,30,-0.248748608296456,1.9070726636061626,0.6164538264274597
7,1,31,0.124374304148228,1.8407397013937743,0.6753407120704651
7,1,32,0.0746245824889368,1.8904894230530656,0.6998510360717773
7,2,0,-0.1205980199000157,-1.3889565050553534,0.9987936615943908
7,2,1,-0.04574407651379906,-1.4554933436208792,0.9983697533607484
7,2,2,-0.029109866872417584,-1.4554933436208792,0.9982159733772278
7,2,3,-0.012475657231036108,-1.4554933436208792,0.9986512064933776
7,2,4,-0.07069539097587127,-1.46381044844157,0.9984673857688904
7,2,5,-0.07901249579656201,-1.46381044844157,0.9983510375022888
7,2,6,-0.07069539097587127,-1.46381044844157,0.9986176490783693
7,2,7,0.07901249579656201,-1.4139078195174255,0.9973547458648682
7,2,8,0.004158552410345369,-1.4222249243381162,0.9982449412345886
7,2,9,-0.07069539097587127,-1.3141025616691366,0.997836172580719
7,2,10,-0.10396381025863423,-1.3224196664898273,0.9979976415634156
7,2,11,0.21208617292761384,-1.0230038929449607,0.9987152814865112
7,2,12,-0.08732960061725276,-0.9731012640208164,0.9989207983016968
7,2,13,0.21208617292761384,-0.5489289181655888,0.5901155471801758
7,2,14,-0.22040327774830457,-0.4823920796000628,0.5447553992271423
7,2,15,-0.22040327774830457,-0.8150762724276923,0.6855387687683105
7,2,16,-0.3534769548793564,-0.7818078531449294,0.6172109246253967
7,2,17,-0.3534769548793564,-0.856661796531146,0.6800653338432312
7,2,18,-0.428330898265573,-0.8150762724276923,0.6103711128234863
7,2,19,-0.36179405970004713,-0.9065644254552905,0.679868757724762
7,2,20,-0.428330898265573,-0.8816131109932183,0.607346773147583
7,2,21,-0.3202085355965934,-0.889930215813909,0.6650463342666626
7,2,22,-0.39506247898281005,-0.8732960061725276,0.5944008827209473
7,2,23,0.1372322295413972,-0.016634209641381476,0.9957820773124696
7,2,24,-0.1372322295413972,0.016634209641381476,0.9949820637702942
7,2,25,0.18713485846554162,0.7818078531449294,0.632414698600769
7,2,26,-0.1205980199000157,0.7818078531449294,0.6616460680961609
7,2,27,0.24535459221037678,1.5636157062898588,0.6258553266525269
7,2,28,0.08732960061725276,1.4887617629036423,0.6536582112312317
7,2,29,0.3368427452379749,1.6883722786002198,0.5955400466918945
7,2,30,0.1372322295413972,1.6135183352140032,0.6169314980506897
7,2,31,0.11228091507932497,1.7549091171657458,0.6949183940887451
7,2,32,-0.1205980199000157,1.713323593062292,0.7073798775672913
8,1,0,0.05346897417724536,-1.3778543345674765,0.998890459537506
8,1,1,0.06169497020451387,-1.4436623027856248,0.9985129833221436
8,1,2,0.06992096623178239,-1.4436623027856248,0.998371958732605
8,1,3,0.0781469622590509,-1.4436623027856248,0.9987701773643494
8,1,4,0.02879098609543981,-1.4518882988128932,0.9985939860343932
8,1,5,0.012338994040902775,-1.4518882988128932,0.9984851479530334
8,1,6,-0.012338994040902775,-1.4518882988128932,0.998729407787323
8,1,7,0.06169497020451387,-1.4107583186765507,0.9975902438163756
8,1,8,-0.08637295828631943,-1.402532322649282,0.9984014630317688
8,1,9,0.08637295828631943,-1.3038203703220599,0.99802565574646
8,1,10,0.05346897417724536,-1.3120463663493285,0.9981710314750672
8,1,11,0.11105094636812497,-0.9994585173131247,0.9988014698028564
8,1,12,-0.17685891458627312,-0.9994585173131247,0.9990110397338868
8,1,13,0.2262148907498842,-0.5388027397860878,0.5803341269493103
8,1,14,-0.037016982122708326,-0.5305767437588194,0.5895915627479553
8,1,15,0.24266688280442125,-0.9747805292313192,0.7082051038742065
8,1,16,0.23444088677715272,-0.8925205689586341,0.6543512940406799
8,1,17,0.28379686294076384,-1.065266485531273,0.7013447880744934
8,1,18,0.33315283910437493,-0.9665545332040507,0.6468411087989807
8,1,19,0.23444088677715272,-1.1228484577221525,0.7008618712425232
8,1,20,0.2591188748589583,-1.0570404895040044,0.6437602639198303
8,1,21,0.2262148907498842,-1.0899444736130786,0.6855507493019104
8,1,22,0.2262148907498842,-1.0405884974494675,0.6307727694511414
8,1,23,0.10282495034085647,-0.012338994040902775,0.9959823489189148
8,1,24,-0.10282495034085647,0.012338994040902775,0.995230495929718
8,1,25,0.11105094636812497,0.85961658484956,0.6088316440582275
8,1,26,-0.004112998013634258,0.8513905888222915,0.6852635145187378
8,1,27,-0.11105094636812497,1.6986681796309486,0.6094322204589844
8,1,28,-0.15218092650446757,1.7562501518218283,0.6665831208229065
8,1,29,-0.2179888947226157,1.8467361081217821,0.5894327759742737
8,1,30,-0.26734487088622677,1.8960920842853932,0.6206657290458679
8,1,31,0.18508491061354163,1.8385101120945135,0.6850396394729614
8,1,32,0.06992096623178239,1.879640092230856,0.7127568125724792
8,2,0,-0.10319922936056813,-1.382869673431613,0.9989851117134094
8,2,1,-0.061919537616340885,-1.4406612418735312,0.9986414313316344
8,2,2,-0.04540766091864998,-1.4406612418735312,0.9985126852989196
8,2,3,-0.020639845872113628,-1.4406612418735312,0.9988741278648376
8,2,4,-0.08668735266287723,-1.4489171802223766,0.998711347579956
8,2,5,-0.09494329101172269,-1.4489171802223766,0.998608410358429
8,2,6,-0.09494329101172269,-1.4489171802223766,0.9988322854042052
8,2,7,0.07017547596518633,-1.3993815501293039,0.9978055357933044
8,2,8,-0.012383907523268177,-1.4076374884781495,0.9985135197639464
8,2,9,-0.07017547596518633,-1.3168221666408495,0.9981842637062072
8,2,10,-0.10319922936056813,-1.3168221666408495,0.9982701539993286
8,2,11,0.18575861284902265,-1.0196083860824132,0.998895525932312
8,2,12,-0.09494329101172269,-0.9783286943381859,0.9988858699798584
8,2,13,0.1609907978024863,-0.5737877152447588,0.6212920546531677
8,2,14,-0.18575861284902265,-0.5159961468028407,0.5584675073623657
8,2,15,-0.2600620579886317,-0.9122811875474224,0.7358299493789673
8,2,16,-0.35087737982593165,-0.8297218040589678,0.6470575332641602
8,2,17,-0.3673892565236226,-0.9783286943381859,0.7280247211456299
8,2,18,-0.40866894826784983,-0.887513372500886,0.6373152732849121
8,2,19,-0.3673892565236226,-1.0278643244312586,0.7272549271583557
8,2,20,-0.40866894826784983,-0.9535608792916496,0.633152961730957
8,2,21,-0.33436550312824076,-1.0113524477335678,0.7122003436088562
8,2,22,-0.3839011332213135,-0.9453049409428042,0.6200663447380066
8,2,23,0.11971110605825903,-0.012383907523268177,0.9962191581726074
8,2,24,-0.11971110605825903,0.012383907523268177,0.9954310059547424
8,2,25,0.1444789211047954,0.8379777424078133,0.6331848502159119
8,2,26,-0.11145516770941359,0.7719302356170497,0.6483038663864136
8,2,27,0.22703830459324992,1.5727562554550585,0.6274382472038269
8,2,28,0.07017547596518633,1.473684995268913,0.6394472718238831
8,2,29,0.301341749732859,1.6883393923388947,0.6001593470573425
8,2,30,0.15273485945364085,1.581012193803904,0.6037125587463379
8,2,31,0.03715172256980453,1.7378750224319675,0.6967923045158386
8,2,32,-0.11971110605825903,1.6635715772923585,0.697129487991333
9,1,0,0.0737605810768548,-1.380961990161115,0.999073326587677
9,1,1,0.06556496095720428,-1.4383313309986687,0.9987662434577942
9,1,2,0.0737605810768548,-1.4383313309986687,0.9986478090286256
9,1,3,0.08195620119650535,-1.4383313309986687,0.9989774227142334
9,1,4,0.03278248047860214,-1.4465269511183194,0.998826265335083
9,1,5,0.01639124023930107,-1.4465269511183194,0.9987308979034424
9,1,6,-0.008195620119650535,-1.4465269511183194,0.9989356398582458
9,1,7,0.06556496095720428,-1.4055488505200666,0.9980071783065796
9,1,8,-0.06556496095720428,-1.4055488505200666,0.9986526370048524
9,1,9,0.09834744143580641,-1.3072014090842603,0.9983496069908142
9,1,10,0.05736934083755374,-1.3153970292039108,0.9984281063079834
9,1,11,0.09834744143580641,-1.0039634646571904,0.9989715814590454
9,1,12,-0.13112992191440856,-0.99576784453754,0.998985230922699
9,1,13,0.20489050299126335,-0.5613999781960616,0.6040688157081604
9,1,14,0.01639124023930107,-0.5613999781960616,0.6017417311668396
9,1,15,0.1884992627519623,-1.0367459451357925,0.7509270906448364
9,1,16,0.22128174323056443,-0.905616023221384,0.6809273958206177
9,1,17,0.2130861231109139,-1.1514846268109,0.7421421408653259
9,1,18,0.3278248047860214,-0.9875722244178894,0.6706703901290894
9,1,19,0.17210802251266122,-1.1842671072895021,0.7410863041877747
9,1,20,0.2622598438288171,-1.0613328054947442,0.6665279865264893
9,1,21,0.17210802251266122,-1.135093386571599,0.7255108952522278
9,1,22,0.19669488287161283,-1.044941565255443,0.6532495617866516
9,1,23,0.0737605810768548,-0.0040978100598252675,0.996446967124939
9,1,24,-0.0737605810768548,0.0040978100598252675,0.9957093596458436
9,1,25,0.08195620119650535,0.8646379226231313,0.6049512028694153
9,1,26,0.0737605810768548,0.8400510622641798,0.6723657846450806
9,1,27,-0.10654306155545695,1.6841999345881848,0.6112738251686096
9,1,28,-0.13112992191440856,1.7251780351864374,0.6536324620246887
9,1,29,-0.22128174323056443,1.8317210967418944,0.5959608554840088
9,1,30,-0.24586860358951604,1.856307957100846,0.6094822883605957
9,1,31,0.15571678227336017,1.839916716861545,0.6876039505004883
9,1,32,0.08195620119650535,1.8645035772204965,0.7042528986930847
9,2,0,-0.08466978614720877,-1.3801175141995028,0.999110460281372
9,2,1,-0.050801871688325256,-1.439386364502549,0.998826503753662
9,2,2,-0.03386791445888351,-1.439386364502549,0.998716413974762
9,2,3,-0.008466978614720877,-1.439386364502549,0.99902081489563
9,2,4,-0.07620280753248788,-1.4478533431172698,0.9988736510276794
9,2,5,-0.08466978614720877,-1.4563203217319907,0.9987749457359314
9,2,6,-0.08466978614720877,-1.4563203217319907,0.9989709854125975
9,2,7,0.07620280753248788,-1.3970514714289446,0.998141586780548
9,2,8,-0.016933957229441753,-1.4139854286583864,0.9986563324928284
9,2,9,-0.042334893073604385,-1.3123816852817358,0.9983920454978944
9,2,10,-0.08466978614720877,-1.3208486638964567,0.9983498454093932
9,2,11,0.18627352952385928,-1.0160374337665052,0.9990139603614808
9,2,12,-0.10160374337665051,-0.9821695193076216,0.9987085461616516
9,2,13,0.12700467922081315,-0.5418866313421361,0.6416781544685364
9,2,14,-0.1778065509091384,-0.5249526741126943,0.5621834993362427
9,2,15,-0.22860842259746367,-0.9313676476192964,0.772597074508667
9,2,16,-0.37254705904771857,-0.8720987973162503,0.6623738408088684
9,2,17,-0.3217451873593933,-1.0160374337665052,0.7618534564971924
9,2,18,-0.4233489307360438,-0.9483016048487382,0.6505427360534668
9,2,19,-0.30481123012995154,-1.0668393054548304,0.7602676749229431
9,2,20,-0.40641497350660205,-1.0075704551517843,0.6452875733375549
9,2,21,-0.2794102942857889,-1.0414383696106677,0.7438952922821045
9,2,22,-0.38101403766243946,-0.9821695193076216,0.6316801905632019
9,2,23,0.11853770060609227,-0.008466978614720877,0.9965438842773438
9,2,24,-0.11853770060609227,0.008466978614720877,0.9957987666130066
9,2,25,0.15240561506497577,0.821296925627925,0.637405276298523
9,2,26,-0.06773582891776701,0.8043629683984832,0.6559943556785583
9,2,27,0.2540093584416263,1.6764617657147336,0.6391569375991821
9,2,28,0.008466978614720877,1.574858022338083,0.6505067944526672
9,2,29,0.3217451873593933,1.8034664449355466,0.6082040071487427
9,2,30,0.10160374337665051,1.6933957229441752,0.6058587431907654
9,2,31,0.03386791445888351,1.8119334235502675,0.7065767049789429
9,2,32,-0.16933957229441754,1.7441975946325006,0.7062703371047974
10,1,0,0.03792609924992507,-1.3864096281361498,0.9991464018821716
10,1,1,0.05478214336100288,-1.445405782524922,0.9988985061645508
10,1,2,0.06321016541654179,-1.445405782524922,0.9988003373146056
10,1,3,0.07163818747208069,-1.445405782524922,0.9990810751914978
10,1,4,0.02107005513884726,-1.453833804580461,0.9989292621612548
10,1,5,0.004214011027769452,-1.453833804580461,0.998836874961853
10,1,6,-0.012642033083308357,-1.462261826636,0.9990176558494568
10,1,7,0.06321016541654179,-1.4032656722472276,0.9982601404190063
10,1,8,-0.04635412130546397,-1.4201217163583053,0.998748779296875
10,1,9,0.06321016541654179,-1.3189854516918385,0.9984562993049622
10,1,10,0.029498077194386164,-1.3274134737473775,0.9984257221221924
10,1,11,0.25705467269393656,-0.9987206135813602,0.999020516872406
10,1,12,-0.15591840802746973,-0.9987206135813602,0.9988043308258056
10,1,13,0.20648654036070316,-0.5436074225822594,0.6234789490699768
10,1,14,-0.029498077194386164,-0.5604634666933371,0.6050739288330078
10,1,15,0.2823387388605533,-0.9734365474147435,0.7843269109725952
10,1,16,0.2401986285828588,-0.9312964371370489,0.6947572231292725
10,1,17,0.37504698147148124,-1.0577167679701325,0.772280216217041
10,1,18,0.3329068711937867,-1.007148635636899,0.6826409697532654
10,1,19,0.3244788491382478,-1.1251409444144438,0.7706844210624695
10,1,20,0.2654826947494755,-1.099856878247827,0.6775689125061035
10,1,21,0.2907667609160922,-1.091428856192288,0.7542604207992554
10,1,22,0.2401986285828588,-1.0745728120812104,0.6639201641082764
10,1,23,0.12220631980531411,-0.004214011027769452,0.9967015981674194
10,1,24,-0.12220631980531411,0.004214011027769452,0.9960045218467712
10,1,25,0.1053502756942363,0.8975843489148934,0.6176326870918274
10,1,26,-0.03792609924992507,0.830160172470582,0.6783310770988464
10,1,27,-0.0969222536386974,1.7488145765243226,0.6250433921813965
10,1,28,-0.16434643008300864,1.7825266647464784,0.6592518091201782
10,1,29,-0.20648654036070316,1.9005189735240229,0.606345534324646
10,1,30,-0.2654826947494755,1.9173750176351008,0.6044371724128723
10,1,31,0.12220631980531411,1.892090951468484,0.6996493339538574
10,1,32,-0.029498077194386164,1.9005189735240229,0.7072755694389343
10,2,0,-0.10577185162790641,-1.3919575674232483,0.9992106556892396
10,2,1,-0.038077866586046304,-1.4511898043348759,0.9989873766899108
10,2,2,-0.02115437032558128,-1.4427280562046434,0.9988973736763
10,2,3,-0.012692622195348769,-1.4427280562046434,0.9991539120674132
10,2,4,-0.07192485910697635,-1.4596515524651084,0.9990067481994628
10,2,5,-0.08038660723720886,-1.4596515524651084,0.9989148378372192
10,2,6,-0.08884835536744137,-1.4681133005953408,0.9990829229354858
10,2,7,0.05500136284651133,-1.4004193155534808,0.9984116554260254
10,2,8,-0.029616118455813793,-1.4258045599441782,0.9988164901733398
10,2,9,-0.06346311097674384,-1.3158018342511557,0.9985610246658324
10,2,10,-0.10577185162790641,-1.3242635823813882,0.9984774589538574
10,2,11,0.20731282919069655,-1.0027171534325527,0.9990792274475098
10,2,12,-0.09731010349767388,-0.9942554053023201,0.9987283945083618
10,2,13,0.06346311097674384,-0.528859258139532,0.658898115158081
10,2,14,-0.18192758479999901,-0.528859258139532,0.5608082413673401
10,2,15,-0.27500681423255663,-0.9434849165209251,0.802450954914093
10,2,16,-0.36808604366511427,-0.9096379239999951,0.6597012877464294
10,2,17,-0.3596242955348818,-1.0196406496930177,0.7890170812606812
10,2,18,-0.41885653244650933,-0.9688701609116226,0.6482455730438232
10,2,19,-0.33423905114418423,-1.0788728866046453,0.787207841873169
10,2,20,-0.4019330361860443,-1.0873346347348778,0.6427980661392212
10,2,21,-0.30885380675348667,-1.0534876422139479,0.7706189751625061
10,2,22,-0.36808604366511427,-1.0534876422139479,0.6305634379386902
10,2,23,0.12269534788837143,-0.004230874065116256,0.9968190789222716
10,2,24,-0.12269534788837143,0.004230874065116256,0.996186137199402
10,2,25,0.18192758479999901,0.8165586945674375,0.6435762047767639
10,2,26,-0.12269534788837143,0.7742499539162748,0.6632437109947205
10,2,27,0.26654506610232415,1.5950395225488285,0.644562304019928
10,2,28,0.02115437032558128,1.4934985449860383,0.6525585651397705
10,2,29,0.3173155548837192,1.6881187519813863,0.6097349524497986
10,2,30,0.09731010349767388,1.6288865150697587,0.5987560749053955
10,2,31,0.10577185162790641,1.8065832258046413,0.712744951248169
10,2,32,-0.19038933293023153,1.6965805001116188,0.7068740725517273
11,1,0,0.029251854697276796,-1.38319484354266,0.999064564704895
11,1,1,0.06268254577987885,-1.4416985529372135,0.9988732933998108
11,1,2,0.07104021855052936,-1.4416985529372135,0.9987886548042296
11,1,3,0.07939789132117987,-1.4416985529372135,0.9990505576133728
11,1,4,0.029251854697276796,-1.4500562257078642,0.9988659620285034
11,1,5,0.01253650915597577,-1.4500562257078642,0.9987703561782836
11,1,6,-0.004178836385325257,-1.4500562257078642,0.9989618062973022
11,1,7,0.06268254577987885,-1.399910189083961,0.9982441067695618
11,1,8,-0.03760952746792731,-1.4082678618546116,0.9987514019012452
11,1,9,0.06268254577987885,-1.316333461377456,0.9982653260231018
11,1,10,0.020894181926626284,-1.3246911341481065,0.998266100883484
11,1,11,0.23819367396353963,-0.9987418960927363,0.9988940954208374
11,1,12,-0.13790160071573349,-0.9987418960927363,0.9987905025482178
11,1,13,0.1546169462570345,-0.5223545481656571,0.6139217019081116
11,1,14,-0.03760952746792731,-0.5307122209363077,0.6033426523208618
11,1,15,0.20476298288093758,-0.9068074956155807,0.7771372199058533
11,1,16,0.20476298288093758,-0.9068074956155807,0.6915355324745178
11,1,17,0.3969894566058994,-0.9987418960927363,0.7664597034454346
11,1,18,0.31341272889939426,-0.9820265505514354,0.6795257925987244
11,1,19,0.36355876552329736,-1.040530259945989,0.7650478482246399
11,1,20,0.28833971058744273,-1.0656032782579405,0.6743631958961487
11,1,21,0.2799820378167922,-1.0154572416340375,0.7492375373840332
11,1,22,0.24655134673419016,-1.040530259945989,0.661692202091217
11,1,23,0.12118625517443245,0.004178836385325257,0.996685028076172
11,1,24,-0.12118625517443245,-0.004178836385325257,0.9961268305778505
11,1,25,0.12954392794508296,0.8065154223677745,0.6255494356155396
11,1,26,-0.054324873009228336,0.7898000768264736,0.6848623752593994
11,1,27,-0.07104021855052936,1.642282699432826,0.6285092234611511
11,1,28,-0.13790160071573349,1.6589980449741268,0.6612139940261841
11,1,29,-0.162974619027685,1.776005463763234,0.6019967198371887
11,1,30,-0.22983600119288913,1.7843631365338846,0.596188485622406
11,1,31,0.17133229179833553,1.8512245186990888,0.7001845240592957
11,1,32,-0.029251854697276796,1.8177938276164867,0.704784631729126
11,2,0,-0.1720503537439766,-1.384795530134446,0.9991475343704224
11,2,1,-0.07133795155238054,-1.443544431412877,0.9989711046218872
11,2,2,-0.04615985100448153,-1.443544431412877,0.9988934993743896
11,2,3,-0.020981750456582512,-1.443544431412877,0.9991318583488464
11,2,4,-0.10490875228291256,-1.4519371315955099,0.9989617466926576
11,2,5,-0.11330145246554557,-1.4519371315955099,0.9988692998886108
11,2,6,-0.11330145246554557,-1.4519371315955099,0.9990450739860536
11,2,7,0.07133795155238054,-1.3931882303170788,0.9984042048454284
11,2,8,-0.03776715082184852,-1.4183663308649779,0.9988443851470948
11,2,9,-0.11330145246554557,-1.3092612284907488,0.9984148740768432
11,2,10,-0.1636576535613436,-1.3176539286733817,0.9984011650085448
11,2,11,0.18044305392660961,-0.9987313217333276,0.998988151550293
11,2,12,-0.07973065173501355,-0.9987313217333276,0.9988213777542114
11,2,13,-0.004196350091316503,-0.5119547111406133,0.6515580415725708
11,2,14,-0.1888357541092426,-0.5035620109579803,0.5533409714698792
11,2,15,-0.3147262568487377,-0.9064116197243646,0.797120988368988
11,2,16,-0.3147262568487377,-0.3776715082184852,0.6421767473220825
11,2,17,-0.40704595885770073,-0.9903386215506945,0.7853155732154846
11,2,18,-0.3650824579445357,-0.3189226069400542,0.6330508589744568
11,2,19,-0.38186785830980174,-1.0406948226464927,0.7837352156639099
11,2,20,-0.3566897577619027,-0.3692788080358522,0.6287024021148682
11,2,21,-0.3566897577619027,-1.0155167220985937,0.7680761218070984
11,2,22,-0.3315116572140037,-0.3944569085837512,0.618468165397644
11,2,23,0.10490875228291256,0.0,0.9968905448913574
11,2,24,-0.10490875228291256,0.0,0.9963675141334534
11,2,25,0.1552649533787106,0.8140919177154015,0.6599016785621643
11,2,26,-0.12169415264817857,0.8140919177154015,0.6934131979942322
11,2,27,0.26437005575293965,1.644969235796069,0.6613732576370239
11,2,28,0.08812335191764654,1.5778276343350048,0.6808661222457886
11,2,29,0.3315116572140037,1.770859738535564,0.6208922266960144
11,2,30,0.1720503537439766,1.6953254368918669,0.611355721950531
11,2,31,0.04615985100448153,1.854786740361894,0.7252026796340942
11,2,32,-0.21401385465714162,1.78764513890083,0.7227448225021362
12,1,0,-0.012499565994826527,-1.3791187814291936,0.999208927154541
12,1,1,0.05416478597758162,-1.4457831334016018,0.999054491519928
12,1,2,0.06249782997413264,-1.4374500894050508,0.9989797472953796
12,1,3,0.07083087397068366,-1.4374500894050508,0.999200403690338
12,1,4,0.012499565994826527,-1.4457831334016018,0.9990410208702089
12,1,5,-0.004166521998275509,-1.4457831334016018,0.99895179271698
12,1,6,-0.020832609991377548,-1.4457831334016018,0.9991174936294556
12,1,7,0.06249782997413264,-1.3957848694222956,0.9985340237617492
12,1,8,-0.045831741981030606,-1.4124509574153976,0.99894517660141
12,1,9,0.045831741981030606,-1.3124544294567855,0.9985480308532716
12,1,10,-0.004166521998275509,-1.3207874734533365,0.9985398650169371
12,1,11,0.07916391796723468,-0.9874657135912958,0.9990411996841432
12,1,12,-0.09583000596033671,-1.0124648455809488,0.998928964138031
12,1,13,0.07916391796723468,-0.5041491617913366,0.6130087971687317
12,1,14,-0.020832609991377548,-0.5041491617913366,0.5968143939971924
12,1,15,0.18749348992239792,-0.8958022296292345,0.7839211821556091
12,1,16,0.20415957791549996,-0.7208083057016631,0.6759841442108154
12,1,17,0.3291552378637652,-0.9791326695947447,0.7740523219108582
12,1,18,0.3041561058741122,-0.7958057016706223,0.6661804914474487
12,1,19,0.28749001788101014,-1.0291309335740508,0.772011399269104
12,1,20,0.2624908858913571,-0.8541370096464794,0.6619695425033569
12,1,21,0.23749175390170404,-1.0041318015843979,0.7567965388298035
12,1,22,0.220825665908602,-0.8291378776568263,0.65141361951828
12,1,23,0.037498697984479586,-0.004166521998275509,0.9969429969787598
12,1,24,-0.037498697984479586,0.004166521998275509,0.9964563846588136
12,1,25,0.05416478597758162,0.8541370096464794,0.6331234574317932
12,1,26,0.029165653987928565,0.9208013616188876,0.7137153744697571
12,1,27,-0.10416304995688773,1.6624422773119283,0.6390584111213684
12,1,28,-0.14582826993964282,1.7541057612739894,0.6914947628974915
12,1,29,-0.22915870990515302,1.8041040252532956,0.6093112230300903
12,1,30,-0.2708239298879081,1.8791014212222548,0.6161437630653381
12,1,31,0.14582826993964282,1.8624353332291528,0.7102075815200806
12,1,32,0.012499565994826527,1.9124335972084587,0.7279572486877441
12,2,0,-0.16430996165443454,-1.3861019842130504,0.9992784261703492
12,2,1,-0.06319613909785944,-1.4450850473710526,0.9991384744644164
12,2,2,-0.03791768345871566,-1.4450850473710526,0.9990698099136353
12,2,3,-0.021065379699286478,-1.4450850473710526,0.999270498752594
12,2,4,-0.09690074661671781,-1.4450850473710526,0.999123215675354
12,2,5,-0.09690074661671781,-1.453511199250767,0.999037504196167
12,2,6,-0.09690074661671781,-1.453511199250767,0.9991892576217652
12,2,7,0.07162229097757403,-1.394528136092765,0.9986715912818908
12,2,8,-0.021065379699286478,-1.4198065917319087,0.9990217089653016
12,2,9,-0.08847459473700321,-1.310266617295619,0.998673141002655
12,2,10,-0.13903150601529077,-1.3186927691753336,0.9986445903778076
12,2,11,0.1811622654138637,-0.9900728458664645,0.9991166591644288
12,2,12,-0.07162229097757403,-1.0069251496258937,0.998923659324646
12,2,13,-0.012639227819571887,-0.5013560368430182,0.6501392126083374
12,2,14,-0.1811622654138637,-0.5013560368430182,0.5521496534347534
12,2,15,-0.3075545436095826,-0.897385175189604,0.8027290105819702
12,2,16,-0.35811145488787016,-0.796271352633029,0.6405046582221985
12,2,17,-0.4086683661661577,-0.9900728458664645,0.7913795113563538
12,2,18,-0.4507991255647307,-0.8889590233098894,0.6314826607704163
12,2,19,-0.38338991052701393,-1.0490559090244667,0.7891719341278076
12,2,20,-0.4255206699255869,-0.9058113270693187,0.626580536365509
12,2,21,-0.34968530300815553,-1.0153513015056084,0.7736157178878784
12,2,22,-0.36653760676758473,-0.8636805676707456,0.6171505451202393
12,2,23,0.11375305037614698,-0.004213075939857296,0.9971286654472352
12,2,24,-0.11375305037614698,0.004213075939857296,0.9966869950294496
12,2,25,0.1895884172935783,0.8299759601518872,0.6654911637306213
12,2,26,-0.08847459473700321,0.8384021120316019,0.7201108336448669
12,2,27,0.28227608797043885,1.6388865406044881,0.6687389016151428
12,2,28,0.08004844285728863,1.5883296293262006,0.7055758237838745
12,2,29,0.34125915112844096,1.7400003631610632,0.6224736571311951
12,2,30,0.1811622654138637,1.6978696037624903,0.6255651712417603
12,2,31,0.16430996165443454,1.9000972488756405,0.7321445941925049
12,2,32,-0.1811622654138637,1.7821311225596361,0.742167055606842
13,1,0,0.04131667046665284,-1.3799767935862048,0.9993286728858948
13,1,1,0.11568667730662795,-1.4378201322395188,0.9992071390151978
13,1,2,0.11568667730662795,-1.4378201322395188,0.9991405606269836
13,1,3,0.12395001139995851,-1.4378201322395188,0.9993265271186828
13,1,4,0.0743700068399751,-1.4378201322395188,0.9991892576217652
13,1,5,0.0743700068399751,-1.4460834663328492,0.9991060495376588
13,1,6,0.0743700068399751,-1.4460834663328492,0.9992492198944092
13,1,7,0.06610667274664454,-1.3882401276795353,0.9987753033638
13,1,8,0.016526668186661136,-1.4130301299595271,0.9991054534912108
13,1,9,0.08263334093330568,-1.3056067867462298,0.9987817406654358
13,1,10,0.03305333637332227,-1.3056067867462298,0.99876070022583
13,1,11,0.04131667046665284,-0.9916000911996681,0.9991608262062072
13,1,12,-0.0743700068399751,-1.0081267593863292,0.9990209341049194
13,1,13,0.12395001139995851,-0.5123267137864952,0.611747682094574
13,1,14,0.0,-0.49580004559983404,0.5959088206291199
13,1,15,0.305743361453231,-0.9007034161730318,0.7912780046463013
13,1,16,0.2313733546132559,-0.8180700752397262,0.6748459935188293
13,1,17,0.42969337285318954,-0.9833367571063375,0.7806007266044617
13,1,18,0.33879669782655325,-0.9007034161730318,0.6652596592903137
13,1,19,0.39664003647986723,-1.049443429852982,0.7781885862350464
13,1,20,0.3140066955465616,-0.9420200866396847,0.6605437397956848
13,1,21,0.3470600319198838,-1.01639009347966,0.7633782029151917
13,1,22,0.27269002507990875,-0.9254934184530236,0.6507197022438049
13,1,23,0.04131667046665284,0.0,0.9972036480903624
13,1,24,-0.04131667046665284,0.0,0.9967762231826782
13,1,25,0.0743700068399751,0.8098067411463956,0.6387045979499817
13,1,26,0.049580004559983404,0.8676500797997097,0.7368451952934265
13,1,27,-0.05784333865331397,1.6113501481994608,0.6467798948287964
13,1,28,-0.10742334321329738,1.7187734914127581,0.7133186459541321
13,1,29,-0.1817933500532725,1.776616830066072,0.6103966236114502
13,1,30,-0.22311002051992532,1.8592501709993776,0.6281121969223022
13,1,31,0.21484668642659477,1.8427235028127167,0.7189825773239136
13,1,32,0.05784333865331397,1.8592501709993776,0.7467618584632874
13,2,0,-0.12852011428650226,-1.3764089659070564,0.9993422031402588
13,2,1,-0.05389553179756547,-1.4344503078428963,0.9992408752441406
13,2,2,-0.0373122912444684,-1.4344503078428963,0.999177098274231
13,2,3,-0.020729050691371334,-1.4344503078428963,0.9993519186973572
13,2,4,-0.09535363318030814,-1.4427419281194447,0.9992082715034484
13,2,5,-0.09535363318030814,-1.4427419281194447,0.999111533164978
13,2,6,-0.09535363318030814,-1.4510335483959933,0.9992544054985046
13,2,7,0.045603911521016935,-1.3929922064601536,0.9988467693328856
13,2,8,-0.029020670967919868,-1.4178670672897993,0.999068558216095
13,2,9,-0.0870620129037596,-1.2934927631415711,0.9987795352935792
13,2,10,-0.12852011428650226,-1.3100760036946684,0.998673975467682
13,2,11,0.12022849400995374,-1.0032860534623724,0.9991809725761414
13,2,12,-0.0373122912444684,-0.994994433185824,0.998745620250702
13,2,13,-0.045603911521016935,-0.497497216592912,0.6483383178710938
13,2,14,-0.16997821566924493,-0.497497216592912,0.5510991215705872
13,2,15,-0.31922738064711853,-0.8954949898672416,0.8077513575553894
13,2,16,-0.3358106212002156,-0.8125787871017562,0.6308071613311768
13,2,17,-0.4104352036891524,-0.994994433185824,0.7947789430618286
13,2,18,-0.435310064518798,-0.9120782304203386,0.6212341785430908
13,2,19,-0.37726872258295824,-1.0447441548451153,0.7921786904335022
13,2,20,-0.4104352036891524,-0.9535363318030813,0.6160434484481812
13,2,21,-0.3441022414767641,-1.028160914292018,0.7764869928359985
13,2,22,-0.36068548202986117,-0.9203698506968871,0.6067773699760437
13,2,23,0.045603911521016935,0.0,0.9969462752342224
13,2,24,-0.045603911521016935,0.0,0.9963410496711732
13,2,25,0.029020670967919868,0.7959955465486592,0.6412668228149414
13,2,26,-0.045603911521016935,0.8125787871017562,0.6851109266281128
13,2,27,0.1368117345630508,1.5919910930973185,0.6521527767181396
13,2,28,0.045603911521016935,1.5422413714380272,0.6707075834274292
13,2,29,0.20314469677543906,1.741240258075192,0.625537633895874
13,2,30,0.12852011428650226,1.6583240553097067,0.604716956615448
13,2,31,-0.004145810138274267,1.7495318783517406,0.7228026390075684
13,2,32,-0.1368117345630508,1.7080737769689978,0.7155242562294006
14,1,0,0.06221442585208509,-1.37701262552615,0.9993466734886168
14,1,1,0.09539545297319714,-1.443374679768374,0.999264121055603
14,1,2,0.09539545297319714,-1.435079422988096,0.9991986751556396
14,1,3,0.09539545297319714,-1.435079422988096,0.9993680715560912
14,1,4,0.0705096826323631,-1.443374679768374,0.9992191791534424
14,1,5,0.06221442585208509,-1.443374679768374,0.9991190433502196
14,1,6,0.05391916907180708,-1.451669936548652,0.9992629885673524
14,1,7,0.02903339873097304,-1.3936031390867059,0.9988787174224854
14,1,8,0.004147628390139006,-1.41848890942754,0.9991209506988524
14,1,9,0.09539545297319714,-1.2940600577233698,0.9988386034965516
14,1,10,0.05391916907180708,-1.3106505712839258,0.9987519979476928
14,1,11,0.05391916907180708,-1.0037260704136395,0.9991971254348756
14,1,12,-0.11198596653375316,-0.9954308136333614,0.9988559484481812
14,1,13,0.09539545297319714,-0.4977154068166807,0.6004515886306763
14,1,14,0.012442885170417018,-0.4977154068166807,0.5949428677558899
14,1,15,0.2778911021393134,-0.8295256780278012,0.781409740447998
14,1,16,0.2613005885787574,-0.8129351644672451,0.6658267974853516
14,1,17,0.4272057241843176,-0.9124782458305812,0.7719807624816895
14,1,18,0.36913892672237153,-0.9041829890503033,0.6555101275444031
14,1,19,0.41061521062376155,-0.9622497865122493,0.7698607444763184
14,1,20,0.3525484131618155,-0.9539545297319714,0.6504899263381958
14,1,21,0.3442531563815375,-0.9373640161714153,0.7555415034294128
14,1,22,0.31107212926042543,-0.9290687593911373,0.6405615210533142
14,1,23,0.05391916907180708,0.0,0.9969279170036316
14,1,24,-0.05391916907180708,0.0,0.9963091015815736
14,1,25,0.03732865551125105,0.8129351644672451,0.6041267514228821
14,1,26,-0.020738141950695028,0.8378209348080792,0.6998009085655212
14,1,27,-0.05391916907180708,1.6092798153739343,0.6203225255012512
14,1,28,-0.10369070975347515,1.7005276399569924,0.6684727668762207
14,1,29,-0.1451669936548652,1.7502991806386605,0.6042454242706299
14,1,30,-0.19493853433653327,1.8415470052217187,0.5983437299728394
14,1,31,0.1368717368745872,1.7751849509794946,0.6987810730934143
14,1,32,0.0788049394126411,1.8415470052217187,0.7099065780639648
14,2,0,-0.12801067821432502,-1.370953069908255,0.9993327260017396
14,2,1,-0.053681897315684686,-1.4287643439405309,0.9992588758468628
14,2,2,-0.03716439044932017,-1.4287643439405309,0.9991937279701232
14,2,3,-0.012388130149773389,-1.4205055905073487,0.9993606209754944
14,2,4,-0.08671691104841373,-1.4287643439405309,0.999198079109192
14,2,5,-0.09497566448159599,-1.4370230973737133,0.9990633130073548
14,2,6,-0.09497566448159599,-1.4370230973737133,0.9992063641548156
14,2,7,0.06194065074886695,-1.3792118233414374,0.998920440673828
14,2,8,-0.02890563701613791,-1.4122468370741663,0.998961329460144
14,2,9,-0.08671691104841373,-1.2883655355764325,0.9987988471984864
14,2,10,-0.12801067821432502,-1.304883042442797,0.998591423034668
14,2,11,0.11149317134796051,-1.015826672281418,0.9992167949676514
14,2,12,-0.03716439044932017,-0.9827916585486889,0.9985409379005432
14,2,13,-0.07845815761523146,-0.4872664525577533,0.6377401947975159
14,2,14,-0.1775631988134186,-0.5037839594241178,0.545711874961853
14,2,15,-0.317962007177517,-0.8506516036177727,0.797803521156311
14,2,16,-0.34273826747706376,-0.825875343318226,0.6206550598144531
14,2,17,-0.41706704837570413,-0.9332391379495953,0.7857202291488647
14,2,18,-0.4335845552420686,-0.9167216310832308,0.6124703288078308
14,2,19,-0.3840320346429751,-0.9910504119818712,0.7833775281906128
14,2,20,-0.40880829494252185,-0.9580153982491421,0.6068904995918274
14,2,21,-0.35099702091024604,-0.9662741516823243,0.7681126594543457
14,2,22,-0.36751452777661053,-0.9249803845164131,0.5975399017333984
14,2,23,0.07845815761523146,0.0,0.9968104362487792
14,2,24,-0.07845815761523146,0.0,0.995981514453888
14,2,25,0.0701994041820492,0.7845815761523146,0.61161208152771
14,2,26,-0.10323441791477825,0.7845815761523146,0.6534830331802368
14,2,27,0.20233945911296536,1.6104569194705407,0.624481201171875
14,2,28,-0.00412937671659113,1.5196106317055358,0.6313275694847107
14,2,29,0.28492699344478795,1.7343382209682745,0.6090762615203857
14,2,30,0.07845815761523146,1.6352331797700874,0.5774590373039246
14,2,31,-0.012388130149773389,1.750855727834639,0.7002171874046326
14,2,32,-0.1940807056797831,1.651750686636452,0.6823750138282776
15,1,0,0.06249945747234193,-1.387487955885991,0.9993500709533693
15,1,1,0.09583250145759097,-1.4458207828601766,0.9992923736572266
15,1,2,0.10416576245390322,-1.4458207828601766,0.9992296695709229
15,1,3,0.10416576245390322,-1.4458207828601766,0.9993895292282104
15,1,4,0.07083271846865419,-1.4458207828601766,0.9992245435714722
15,1,5,0.054166196476029674,-1.4541540438564888,0.999094545841217
15,1,6,0.03749967448340516,-1.4541540438564888,0.999233603477478
15,1,7,0.04583293547971742,-1.3958212168823032,0.998969554901123
15,1,8,-0.020833152490780642,-1.429154260867552,0.999032497406006
15,1,9,0.09583250145759097,-1.3041553459228683,0.9988723993301392
15,1,10,0.054166196476029674,-1.3208218679154928,0.9986886978149414
15,1,11,0.15416532843177677,-1.004157950055627,0.999230146408081
15,1,12,-0.162498589428089,-0.9958246890593148,0.9986718893051147
15,1,13,0.11249902345021548,-0.4791625072879548,0.5995217561721802
15,1,14,-0.012499891494468385,-0.5124955512732038,0.59046471118927
15,1,15,0.29583076536908515,-0.8041596861441328,0.7833213210105896
15,1,16,0.2874975043727729,-0.8374927301293819,0.6568587422370911
15,1,17,0.42916294131008126,-0.8708257741146309,0.7707561254501343
15,1,18,0.40416315832114447,-0.9124920790961922,0.6473852396011353
15,1,19,0.41249641931745673,-0.9208253400925045,0.7685787677764893
15,1,20,0.3958298973248322,-0.9624916450740657,0.6418547034263611
15,1,21,0.3624968533395832,-0.90415881809988,0.7531217336654663
15,1,22,0.35416359234327094,-0.9374918620851289,0.6314690709114075
15,1,23,0.10416576245390322,0.0041666304981561285,0.9968310594558716
15,1,24,-0.10416576245390322,-0.0041666304981561285,0.9960535168647766
15,1,25,0.054166196476029674,0.8624925131183186,0.5814350843429565
15,1,26,-0.10416576245390322,0.8708257741146309,0.6754131317138672
15,1,27,-0.04583293547971742,1.67915209075692,0.6010801196098328
15,1,28,-0.12916554544283998,1.7624847007200424,0.6404109001159668
15,1,29,-0.12916554544283998,1.812484266697916,0.5927352905273438
15,1,30,-0.19583163341333804,1.8874836156647263,0.5772770643234253
15,1,31,0.162498589428089,1.845817310683165,0.6835864186286926
15,1,32,0.04583293547971742,1.879150354668414,0.6858944296836853
15,2,0,-0.1597502245012129,-1.359924988061607,0.9992676973342896
15,2,1,-0.08601935165449925,-1.41727122249794,0.9992139935493468
15,2,2,-0.06963471324411843,-1.41727122249794,0.9991524815559388
15,2,3,-0.045057755628547226,-1.4090789032927495,0.9993249773979188
15,2,4,-0.11878862847526087,-1.4254635417031305,0.999125838279724
15,2,5,-0.12698094768045126,-1.4254635417031305,0.9989417195320128
15,2,6,-0.13517326688564169,-1.4336558609083208,0.999092936515808
15,2,7,0.028673117218166417,-1.3681173072667976,0.9989226460456848
15,2,8,-0.06144239403892804,-1.4008865840875593,0.9986752271652222
15,2,9,-0.11059630927007047,-1.2780017960097032,0.9986266493797302
15,2,10,-0.15155790529602248,-1.294386434420084,0.9981878399848938
15,2,11,0.11059630927007047,-1.01584758144361,0.9992207884788512
15,2,12,-0.045057755628547226,-0.9830783046228486,0.9980177283287048
15,2,13,-0.09421167085968965,-0.5161161099269955,0.6362482309341431
15,2,14,-0.22528877814273612,-0.5243084291321859,0.541128933429718
15,2,15,-0.3481735662205922,-0.8601935165449925,0.7978108525276184
15,2,16,-0.3563658854257826,-0.8601935165449925,0.6093627214431763
15,2,17,-0.44648139668287706,-0.9421167085968966,0.7824727892875671
15,2,18,-0.43009675827249627,-0.9339243893917062,0.6020798087120056
15,2,19,-0.4137121198621154,-0.9994629430332294,0.780036985874176
15,2,20,-0.4137121198621154,-0.9748859854176581,0.5963485836982727
15,2,21,-0.38094284304135384,-0.9748859854176581,0.763017475605011
15,2,22,-0.3727505238361634,-0.9421167085968966,0.586611807346344
15,2,23,0.07782703244930884,0.0,0.9966596364974976
15,2,24,-0.07782703244930884,0.0,0.9955249428749084
15,2,25,0.05325007483373763,0.7946549629034693,0.5963574647903442
15,2,26,-0.12698094768045126,0.7864626436982789,0.6321896314620972
15,2,27,0.1925195013219745,1.6302715218328905,0.6147724390029907
15,2,28,-0.028673117218166417,1.5155790529602249,0.6081624627113342
15,2,29,0.26625037416868813,1.761348629115937,0.600709855556488
15,2,30,0.12698094768045126,1.6466561602432714,0.5571718811988831
15,2,31,-0.06963471324411843,1.7367716715003658,0.6928310394287109
15,2,32,-0.22528877814273612,1.6220792026277002,0.6634133458137512
16,1,0,0.06632099425698013,-1.401031003678705,0.9993021488189696
16,1,1,0.09948149138547017,-1.4590618736535628,0.9992570877075196
16,1,2,0.10777161566759269,-1.4590618736535628,0.9991936683654784
16,1,3,0.10777161566759269,-1.45077174937144,0.9993610382080078
16,1,4,0.07461111853910264,-1.4590618736535628,0.9991678595542908
16,1,5,0.06632099425698013,-1.4673519979356853,0.9989895224571228
16,1,6,0.04974074569273509,-1.4673519979356853,0.9991343021392822
16,1,7,0.04974074569273509,-1.41761125224295,0.9989699125289916
16,1,8,-0.03316049712849006,-1.434191500807195,0.9987671375274658
16,1,9,0.10777161566759269,-1.3181297608574798,0.9987249374389648
16,1,10,0.06632099425698013,-1.334710009421725,0.9983304142951964
16,1,11,0.06632099425698013,-0.9865247895725793,0.9992599487304688
16,1,12,-0.15751236136032779,-1.0113951624189468,0.9981979131698608
16,1,13,0.12435186423183772,-0.5056975812094734,0.6081568002700806
16,1,14,-0.01658024856424503,-0.5388580783379635,0.5861096978187561
16,1,15,0.34818521984914563,-0.7875618068016389,0.8014441728591919
16,1,16,0.2652839770279205,-0.8787531739049866,0.6472221612930298
16,1,17,0.4559568355167383,-0.837302552494374,0.7853220105171204
16,1,18,0.3730555926955132,-0.9450741681619668,0.6393358707427979
16,1,19,0.4476667112346158,-0.8870432981871091,0.783198356628418
16,1,20,0.34818521984914563,-1.0113951624189468,0.6338297128677368
16,1,21,0.3979259655418807,-0.8870432981871091,0.7651468515396118
16,1,22,0.31502472272065557,-0.9782346652904568,0.6234444379806519
16,1,23,0.07461111853910264,0.0,0.996584177017212
16,1,24,-0.07461111853910264,0.0,0.9954301118850708
16,1,25,0.04145062141061258,0.837302552494374,0.5638946294784546
16,1,26,-0.04974074569273509,0.853882801058619,0.6465922594070435
16,1,27,-0.08290124282122516,1.658024856424503,0.5856304168701172
16,1,28,-0.13264198851396025,1.724345850681483,0.6083539128303528
16,1,29,-0.16580248564245031,1.8072470935027083,0.578850507736206
16,1,30,-0.19896298277094035,1.8486977149133208,0.5534049868583679
16,1,31,0.14093211279608275,1.7575063478099733,0.6705155968666077
16,1,32,0.0580308699748576,1.8155372177848308,0.6614022254943848
16,2,0,-0.13933373121982556,-1.3728470576071048,0.9992181062698364
16,2,1,-0.07376491652814295,-1.430219770462327,0.999158263206482
16,2,2,-0.05737271285522229,-1.430219770462327,0.9990924000740052
16,2,3,-0.03278440734584131,-1.4220236686258667,0.9992755055427552
16,2,4,-0.11474542571044458,-1.4384158722987874,0.9990484714508056
16,2,5,-0.1229415275469049,-1.4384158722987874,0.998799741268158
16,2,6,-0.13113762938336523,-1.4466119741352477,0.998948872089386
16,2,7,0.04917661101876196,-1.3892392612800255,0.9988852739334106
16,2,8,-0.07376491652814295,-1.4138275667894065,0.9983235597610474
16,2,9,-0.09015712020106359,-1.2908860392425014,0.9984821677207948
16,2,10,-0.13933373121982556,-1.3154743447518824,0.9978251457214355
16,2,11,0.1229415275469049,-1.0122185768028504,0.9992434978485109
16,2,12,-0.09835322203752392,-0.9876302712934694,0.9976660013198853
16,2,13,-0.04098050918230164,-0.5368446702881514,0.6447736620903015
16,2,14,-0.2540791569302701,-0.5450407721246118,0.5399259924888611
16,2,15,-0.3278440734584131,-0.8810809474194852,0.8163795471191406
16,2,16,-0.34423627713133376,-0.8974731510924058,0.606828510761261
16,2,17,-0.43439339733239735,-0.9466497621111678,0.7985541224479675
16,2,18,-0.426197295495937,-0.9630419657840884,0.6004747748374939
16,2,19,-0.40980509182301633,-1.00402247496639,0.7962039709091187
16,2,20,-0.40980509182301633,-0.9958263731299297,0.5944207906723022
16,2,21,-0.377020684477175,-0.9876302712934694,0.7771090865135193
16,2,22,-0.377020684477175,-0.9712380676205488,0.5843454599380493
16,2,23,0.09835322203752392,-0.0040980509182301636,0.996632754802704
16,2,24,-0.09835322203752392,0.0040980509182301636,0.9952806830406188
16,2,25,0.09015712020106359,0.7909238272184216,0.5788012146949768
16,2,26,-0.15572593489274622,0.7827277253819612,0.6104113459587097
16,2,27,0.20490254591150817,1.602337909027994,0.5997220277786255
16,2,28,-0.016392203672920654,1.4712002796446286,0.5847065448760986
16,2,29,0.26227525876673047,1.700691131065518,0.5900503993034363
16,2,30,0.08196101836460327,1.6105340108644541,0.54002845287323
16,2,31,0.04098050918230164,1.7498677420842799,0.6807339191436768
16,2,32,-0.2458830550938098,1.6269262145373748,0.6452106833457947
17,1,0,0.08788126474091949,-1.3781380152553284,0.9992240071296692
17,1,1,0.11184888239753389,-1.4340624564540954,0.9991702437400818
17,1,2,0.11184888239753389,-1.4340624564540954,0.9990925192832948
17,1,3,0.11983808828307203,-1.4260732505685572,0.99928480386734
17,1,4,0.09587047062645762,-1.4420516623396333,0.9990596175193788
17,1,5,0.07989205885538135,-1.4420516623396333,0.9988122582435608
17,1,6,0.06391364708430508,-1.4420516623396333,0.9989650845527648
17,1,7,0.055924441198766946,-1.3941164270264046,0.9988699555397034
17,1,8,-0.01597841177107627,-1.4100948387974808,0.9984132647514344
17,1,9,0.11983808828307203,-1.2982459563999469,0.9985604882240297
17,1,10,0.07989205885538135,-1.3142243681710233,0.9979766607284546
17,1,11,0.06391364708430508,-0.9946561327494978,0.9992587566375732
17,1,12,-0.16777332359630084,-1.002645338635036,0.9978748559951782
17,1,13,0.15179491182522456,-0.531282191388286,0.6117108464241028
17,1,14,-0.023967617656614405,-0.5472606031593623,0.5849707722663879
17,1,15,0.34353585307813983,-0.7869367797255064,0.8143090009689331
17,1,16,0.26364379422275847,-0.890796456237502,0.6449726819992065
17,1,17,0.4553847354756737,-0.8428612209242733,0.7962737083435059
17,1,18,0.3834818825058305,-0.946720897436269,0.6380226016044617
17,1,19,0.4553847354756737,-0.882807250351964,0.7942389249801636
17,1,20,0.35152505896367797,-1.010634544520574,0.6322116851806641
17,1,21,0.4074495001624449,-0.882807250351964,0.77435702085495
17,1,22,0.31157902953598726,-0.9866669268639597,0.6213987469673157
17,1,23,0.07989205885538135,0.0039946029427690675,0.9963736534118652
17,1,24,-0.07989205885538135,-0.0039946029427690675,0.994970440864563
17,1,25,0.07190285296984322,0.8188936032676588,0.547244668006897
17,1,26,-0.07190285296984322,0.826882809153197,0.6255006194114685
17,1,27,-0.11983808828307203,1.537922132966091,0.5719671249389648
17,1,28,-0.15179491182522456,1.6098249859359341,0.5906127691268921
17,1,29,-0.19973014713845338,1.665749427134701,0.5719793438911438
17,1,30,-0.22369776479506778,1.7536306918756206,0.5436956882476807
17,1,31,0.17576252948183899,1.665749427134701,0.6600068807601929
17,1,32,0.06391364708430508,1.7376522801045444,0.648443877696991
17,2,0,-0.1422470436835589,-1.3615074181140636,0.9991109371185304
17,2,1,-0.07721982371393196,-1.4102778330912837,0.999062955379486
17,2,2,-0.060963018721525236,-1.4102778330912837,0.9989786744117736
17,2,3,-0.04470621372911851,-1.4102778330912837,0.999194324016571
17,2,4,-0.10973343369874543,-1.4184062355874871,0.9989274740219116
17,2,5,-0.11786183619494879,-1.4265346380836905,0.998601734638214
17,2,6,-0.12599023869115217,-1.4265346380836905,0.998776078224182
17,2,7,0.03657781123291514,-1.369635820610267,0.9987884163856506
17,2,8,-0.0690914212177286,-1.3940210280988772,0.9979540705680848
17,2,9,-0.10160503120254206,-1.28022339315203,0.9982458353042604
17,2,10,-0.1422470436835589,-1.2964801981444367,0.9973308444023132
17,2,11,0.10973343369874543,-1.0201145132735223,0.9992318153381348
17,2,12,-0.0690914212177286,-0.9794725007925055,0.9970830082893372
17,2,13,-0.03657781123291514,-0.5405387659975238,0.6477813720703125
17,2,14,-0.24791627613420264,-0.5486671684937271,0.5345842838287354
17,2,15,-0.32920030109623627,-0.8738032683418617,0.826641321182251
17,2,16,-0.2966866911114228,-0.8819316708380651,0.5954142212867737
17,2,17,-0.43486953354688,-0.946958890807692,0.8063313961029053
17,2,18,-0.3617139110810497,-0.9388304883114886,0.5904567241668701
17,2,19,-0.4186127285544733,-1.011986110777319,0.8038420677185059
17,2,20,-0.3942275210658632,-0.9957293057849123,0.5844972133636475
17,2,21,-0.38609911856965984,-0.9876009032887089,0.7825909852981567
17,2,22,-0.32920030109623627,-0.9713440982963021,0.5747718811035156
17,2,23,0.0690914212177286,-0.004064201248101682,0.996303141117096
17,2,24,-0.0690914212177286,0.004064201248101682,0.994575560092926
17,2,25,0.04470621372911851,0.768134035891218,0.5512343645095825
17,2,26,-0.11786183619494879,0.768134035891218,0.5794417262077332
17,2,27,0.16663225117216898,1.5403322730305375,0.5734938383102417
17,2,28,-0.028449408736711777,1.4753050530609106,0.5538915991783142
17,2,29,0.23978787363799928,1.6703867129697916,0.5752034783363342
17,2,30,0.05283461622532187,1.5972310905039613,0.5207626819610596
17,2,31,-0.012192603744305048,1.7191571279470117,0.6570771336555481
17,2,32,-0.22353106864559252,1.5565890780229443,0.6164326667785645
18,1,0,0.08156473902861856,-1.3866005634865155,0.9991575479507446
18,1,1,0.10603416073720413,-1.4436958808065485,0.9991180896759032
18,1,2,0.10603416073720413,-1.4436958808065485,0.9990327954292296
18,1,3,0.11419063464006599,-1.4436958808065485,0.9992418885231018
18,1,4,0.08156473902861856,-1.4518523547094104,0.9989833235740662
18,1,5,0.07340826512575671,-1.4518523547094104,0.9986766576766968
18,1,6,0.05709531732003299,-1.4518523547094104,0.9988416433334352
18,1,7,0.06525179122289484,-1.4029135112922393,0.9988524913787842
18,1,8,-0.03262589561144742,-1.419226459097963,0.9981067776679992
18,1,9,0.11419063464006599,-1.305035824457897,0.9983806014060974
18,1,10,0.07340826512575671,-1.3213487722636208,0.9975488185882568
18,1,11,0.08156473902861856,-0.9869333422462846,0.9992745518684388
18,1,12,-0.16312947805723713,-1.0114027639548702,0.997352421283722
18,1,13,0.171285951960099,-0.513857855880297,0.6236724257469177
18,1,14,-0.04078236951430928,-0.5546402253946062,0.5800781846046448
18,1,15,0.3751977995316454,-0.7585520729661527,0.832493782043457
18,1,16,0.23653774318299384,-0.9053686032176661,0.63496333360672
18,1,17,0.4730754863659877,-0.7911779685776,0.8119350075721741
18,1,18,0.3344154300173361,-0.9787768683434228,0.6295430064201355
18,1,19,0.4730754863659877,-0.8238038641890475,0.8097796440124512
18,1,20,0.28547658660016495,-1.076654555177765,0.6238691806793213
18,1,21,0.43229311685167837,-0.8319603380919094,0.788321316242218
18,1,22,0.2691636387944413,-1.0603416073720413,0.6136806607246399
18,1,23,0.07340826512575671,0.008156473902861856,0.9962557554244996
18,1,24,-0.07340826512575671,-0.008156473902861856,0.9945541024208068
18,1,25,0.05709531732003299,0.8156473902861856,0.5206214189529419
18,1,26,-0.04893884341717114,0.8319603380919094,0.5974085927009583
18,1,27,-0.10603416073720413,1.5660429893494765,0.5455633997917175
18,1,28,-0.14681653025151342,1.6557642022809569,0.5607727766036987
18,1,29,-0.19575537366868456,1.7454854152124373,0.5564872026443481
18,1,30,-0.23653774318299384,1.8188936803381939,0.5244153141975403
18,1,31,0.171285951960099,1.7210159935038518,0.6365066766738892
18,1,32,0.07340826512575671,1.7944242586296084,0.621013879776001
18,2,0,-0.12756229557725038,-1.3743808620258589,0.9989216327667236
18,2,1,-0.0781833424505728,-1.4319896406736494,0.998837113380432
18,2,2,-0.06172369140834696,-1.4319896406736494,0.9987400770187378
18,2,3,-0.03703421484500817,-1.4319896406736494,0.9989964365959167
18,2,4,-0.11110264453502453,-1.4402194661947623,0.998650074005127
18,2,5,-0.12756229557725038,-1.4402194661947623,0.998202383518219
18,2,6,-0.12756229557725038,-1.448449291715875,0.9983924031257628
18,2,7,0.0452640403661211,-1.3908405130680848,0.9985699653625488
18,2,8,-0.0781833424505728,-1.4073001641103107,0.9969315528869628
18,2,9,-0.08641316797168573,-1.3003124323358426,0.997671127319336
18,2,10,-0.1357921210983633,-1.3085422578569554,0.9962780475616456
18,2,11,0.1357921210983633,-1.0040387135757771,0.9991090297698976
18,2,12,-0.11110264453502453,-0.9958088880546642,0.9963170886039734
18,2,13,-0.020574563802782317,-0.5431684843934532,0.6571565270423889
18,2,14,-0.2510096783939443,-0.567857960956792,0.5322791934013367
18,2,15,-0.3168482825628477,-0.8888211562801962,0.8419545888900757
18,2,16,-0.3415377591261865,-0.905280807322422,0.5938739776611328
18,2,17,-0.42383601433731577,-0.9711194114913254,0.8189996480941772
18,2,18,-0.42383601433731577,-0.9958088880546642,0.5908989906311035
18,2,19,-0.39914653777397696,-1.036958015660229,0.8165291547775269
18,2,20,-0.42383601433731577,-1.0698773177446805,0.5848033428192139
18,2,21,-0.36622723568952525,-1.020498364618003,0.7938059568405151
18,2,22,-0.3744570612106382,-1.036958015660229,0.5746818780899048
18,2,23,0.11110264453502453,0.0,0.9960581064224244
18,2,24,-0.11110264453502453,0.0,0.9941592812538148
18,2,25,0.12756229557725038,0.7736035989846152,0.536351203918457
18,2,26,-0.12756229557725038,0.7736035989846152,0.5750728845596313
18,2,27,0.20163072526726672,1.571896674532569,0.5575199127197266
18,2,28,-0.0452640403661211,1.481368593800327,0.5478807687759399
18,2,29,0.29215880599950894,1.6541949297436984,0.5610684752464294
18,2,30,0.028804389323895247,1.588356325574795,0.5145877599716187
18,2,31,0.14402194661947623,1.7529528359970534,0.6434919238090515
18,2,32,-0.20163072526726672,1.6212756276592466,0.6094759106636047
19,1,0,0.09910504119818711,-1.3915999534912107,0.9990156292915344
19,1,1,0.09084628776500485,-1.4494112275234865,0.9989415407180786
19,1,2,0.09910504119818711,-1.4494112275234865,0.9988510608673096
19,1,3,0.10736379463136937,-1.4494112275234865,0.9990848302841188
19,1,4,0.05781127403227582,-1.4576699809566689,0.9987671971321106
19,1,5,0.03303501373272904,-1.4576699809566689,0.9983592629432678
19,1,6,0.00825875343318226,-1.4576699809566689,0.9985302090644836
19,1,7,0.07432878089864034,-1.4163762137907574,0.9986943602561952
19,1,8,-0.07432878089864034,-1.4246349672239398,0.9972190260887146
19,1,9,0.13214005493091616,-1.3090124191593882,0.99788635969162
19,1,10,0.07432878089864034,-1.3255299260257527,0.996626615524292
19,1,11,0.0825875343318226,-0.98692103526528,0.9991817474365234
19,1,12,-0.15691631523046293,-1.0116972955648267,0.996659219264984
19,1,13,0.18995132896319197,-0.5244308430070734,0.646134078502655
19,1,14,-0.024776260299546778,-0.5326895964402557,0.5775479078292847
19,1,15,0.39642016479274844,-0.7721934460025413,0.852794885635376
19,1,16,0.21472758926273874,-0.9125922543666397,0.6334936022758484
19,1,17,0.4955252059909356,-0.8052284597352704,0.8306203484535217
19,1,18,0.29731512359456136,-1.0034385421316445,0.6298081278800964
19,1,19,0.4955252059909356,-0.8382634734679993,0.8284797668457031
19,1,20,0.23124509612910327,-1.1025435833298316,0.6240493655204773
19,1,21,0.46249019225820653,-0.8465222269011816,0.8062880039215088
19,1,22,0.21472758926273874,-1.0777673230302849,0.6135727763175964
19,1,23,0.09084628776500485,0.00412937671659113,0.9961442351341248
19,1,24,-0.09084628776500485,-0.00412937671659113,0.9942135810852052
19,1,25,0.1403988083640984,0.7887109528689058,0.5105501413345337
19,1,26,-0.0412937671659113,0.8300047200348171,0.5964949131011963
19,1,27,-0.09910504119818711,1.5898100358875848,0.5333504676818848
19,1,28,-0.17343382209682745,1.6806563236525898,0.5577629804611206
19,1,29,-0.19821008239637422,1.7302088442516834,0.5454674363136292
19,1,30,-0.25602135642865004,1.845831392316235,0.5220707058906555
19,1,31,0.22298634269592102,1.7632438579844123,0.6266195774078369
19,1,32,0.09084628776500485,1.8375726388830527,0.6162912249565125
19,2,0,-0.11661707446269129,-1.3744155204531472,0.9989220499992372
19,2,1,-0.08329791033049377,-1.4327240576844928,0.998880922794342
19,2,2,-0.06663832826439502,-1.4327240576844928,0.9987889528274536
19,2,3,-0.049978746198296266,-1.4327240576844928,0.999031901359558
19,2,4,-0.11661707446269129,-1.4410538487175424,0.9986799955368042
19,2,5,-0.13327665652879003,-1.4410538487175424,0.9982416033744812
19,2,6,-0.1416064475618394,-1.4493836397505917,0.9984412789344788
19,2,7,0.024989373099148133,-1.3994048935522954,0.9986294507980348
19,2,8,-0.06663832826439502,-1.4160644756183942,0.9969993233680724
19,2,9,-0.06663832826439502,-1.299447401155703,0.9976126551628112
19,2,10,-0.12494686549574066,-1.3161069832218015,0.9961152076721193
19,2,11,0.1082872834296419,-1.0079047149989746,0.9991292953491212
19,2,12,-0.049978746198296266,-0.9912451329328759,0.996006429195404
19,2,13,0.008329791033049377,-0.5247768350821108,0.6780396699905396
19,2,14,-0.19991498479318506,-0.5247768350821108,0.5301787257194519
19,2,15,-0.3248618502889257,-0.8746280584701847,0.8615236282348633
19,2,16,-0.3581810144211232,-0.8996174315693327,0.5908063650131226
19,2,17,-0.41648955165246887,-0.9662557598337278,0.8377998471260071
19,2,18,-0.441478924751617,-0.9995749239659253,0.5879852771759033
19,2,19,-0.39150017855332075,-1.0245642970650735,0.8353169560432434
19,2,20,-0.4331491337185676,-1.0828728342964191,0.582217812538147
19,2,21,-0.3581810144211232,-0.9995749239659253,0.8119845390319824
19,2,22,-0.39150017855332075,-1.057883461197271,0.5724161267280579
19,2,23,0.0749681192974444,0.0,0.9958466291427612
19,2,24,-0.0749681192974444,0.0,0.9936302304267884
19,2,25,0.1082872834296419,0.7996599391727403,0.5199438333511353
19,2,26,-0.06663832826439502,0.7913301481396908,0.5559632778167725
19,2,27,0.19991498479318506,1.6159794604115791,0.5443108081817627
19,2,28,0.024989373099148133,1.524351759048036,0.5286689400672913
19,2,29,0.27488310409062944,1.7492561169403693,0.5575278401374817
19,2,30,0.09995749239659253,1.6409688335107273,0.5046087503433228
19,2,31,0.049978746198296266,1.7825752810725668,0.6328641772270203
19,2,32,-0.13327665652879003,1.7076071617751223,0.5936271548271179
20,1,0,0.10126492135812773,-1.400831412120767,0.9989583492279052
20,1,1,0.10970366480463838,-1.4599026162463415,0.998932957649231
20,1,2,0.11814240825114902,-1.4599026162463415,0.9988393187522888
20,1,3,0.12658115169765966,-1.4599026162463415,0.9990776181221008
20,1,4,0.08438743446510644,-1.4599026162463415,0.998733937740326
20,1,5,0.06750994757208516,-1.4599026162463415,0.998320996761322
20,1,6,0.050632460679063865,-1.468341359692852,0.9985166788101196
20,1,7,0.08438743446510644,-1.4261476424602988,0.9986713528633118
20,1,8,-0.008438743446510645,-1.4345863859068095,0.9972413778305054
20,1,9,0.13501989514417032,-1.3248827211021712,0.9977937936782836
20,1,10,0.08438743446510644,-1.3333214645486817,0.9964472651481628
20,1,11,0.10970366480463838,-0.995771726688256,0.9991640448570251
20,1,12,-0.11814240825114902,-1.0042104701347667,0.9963843822479248
20,1,13,0.19409109926974483,-0.5063246067906386,0.6424896717071533
20,1,14,0.0,-0.52320209368366,0.5761313438415527
20,1,15,0.3628659681999577,-0.8354356012045537,0.8546777367591858
20,1,16,0.31223350752089385,-0.8691905749905964,0.6302016973495483
20,1,17,0.4810083764511067,-0.9029455487766389,0.8312016725540161
20,1,18,0.4388146592185535,-0.9367005225626815,0.6260051727294922
20,1,19,0.45569214611157477,-0.9788942397952347,0.8288859724998474
20,1,20,0.379743455092979,-1.0548429308138305,0.620366096496582
20,1,21,0.3966209419860003,-0.9788942397952347,0.8050641417503357
20,1,22,0.33754973786042575,-1.04640418736732,0.6095861792564392
20,1,23,0.08438743446510644,0.0,0.9959319829940796
20,1,24,-0.08438743446510644,0.0,0.9937480688095092
20,1,25,0.08438743446510644,0.8438743446510645,0.4939779043197632
20,1,26,-0.008438743446510645,0.8438743446510645,0.5802661776542664
20,1,27,-0.10970366480463838,1.7130649196416607,0.5235376358032227
20,1,28,-0.12658115169765966,1.780574867213746,0.5404605269432068
20,1,29,-0.20252984271625546,1.8818397885718736,0.5404136776924133
20,1,30,-0.21096858616276612,1.924033505804427,0.5100352168083191
20,1,31,0.18565235582323417,1.873401045125363,0.6191385388374329
20,1,32,0.11814240825114902,1.924033505804427,0.6019065380096436
20,2,0,-0.13386192309318218,-1.3804510818984412,0.9988464117050172
20,2,1,-0.07529733173991497,-1.4390156732517083,0.9988234639167786
20,2,2,-0.06693096154659109,-1.4390156732517083,0.9987291097640992
20,2,3,-0.05019822115994332,-1.4390156732517083,0.9989877343177797
20,2,4,-0.10876281251321052,-1.4473820434450322,0.9985992312431335
20,2,5,-0.12549555289985828,-1.4473820434450322,0.9981301426887512
20,2,6,-0.13386192309318218,-1.455748413638356,0.99834007024765
20,2,7,0.033465480773295544,-1.397183822285089,0.9985718727111816
20,2,8,-0.06693096154659109,-1.4222829328650606,0.9968146681785583
20,2,9,-0.08366370193323885,-1.31352012035185,0.9974623322486876
20,2,10,-0.13386192309318218,-1.321886490545174,0.995716392993927
20,2,11,0.12549555289985828,-1.0123307933921901,0.9990949630737304
20,2,12,-0.08366370193323885,-0.9872316828122185,0.9957223534584044
20,2,13,-0.008366370193323886,-0.5187149519860809,0.6746395230293274
20,2,14,-0.19242651444644937,-0.5187149519860809,0.5275872349739075
20,2,15,-0.34302117792627934,-0.9035679808789796,0.862299382686615
20,2,16,-0.36812028850625095,-0.878468870299008,0.5843815207481384
20,2,17,-0.4266848798595182,-0.9955980530055424,0.8371734023094177
20,2,18,-0.4517839904394898,-0.9621325722322469,0.5816683173179626
20,2,19,-0.40158576927954653,-1.0541626443588097,0.8344767689704895
20,2,20,-0.4266848798595182,-1.0457962741654858,0.5760413408279419
20,2,21,-0.36812028850625095,-1.0374299039721617,0.8097575306892395
20,2,22,-0.38485302889289874,-1.0290635337788379,0.5664089322090149
20,2,23,0.10039644231988663,0.0,0.9958495497703552
20,2,24,-0.10039644231988663,0.0,0.9935534000396729
20,2,25,0.10039644231988663,0.8031715385590931,0.5094492435455322
20,2,26,-0.13386192309318218,0.8031715385590931,0.5437024831771851
20,2,27,0.21752562502642103,1.61470944731151,0.5349573493003845
20,2,28,-0.0585645913532672,1.539412115571595,0.515544056892395
20,2,29,0.30955569715298376,1.7402050002113683,0.543599009513855
20,2,30,0.0585645913532672,1.6314421876981577,0.4935773611068725
20,2,31,0.0585645913532672,1.832235072337931,0.6261250376701355
20,2,32,-0.25935747599304043,1.681640408858101,0.5842423439025879
21,1,0,0.062752718149277,-1.3847433138273793,0.9987958073616028
21,1,1,0.09622083449555809,-1.4433125174333712,0.9987832307815552
21,1,2,0.10458786358212835,-1.4433125174333712,0.9986832737922668
21,1,3,0.11295489266869861,-1.4433125174333712,0.9989550709724426
21,1,4,0.062752718149277,-1.4516795465199415,0.9985641837120056
21,1,5,0.046018659976136474,-1.4516795465199415,0.9981227517127992
21,1,6,0.02091757271642567,-1.4600465756065117,0.9983485341072084
21,1,7,0.07948677632241755,-1.4014773720005198,0.9984731674194336
21,1,8,-0.037651630889566204,-1.4265784592602306,0.9969897866249084
21,1,9,0.09622083449555809,-1.3178070811348173,0.997501790523529
21,1,10,0.046018659976136474,-1.3261741102213875,0.995962142944336
21,1,11,0.17989112536126076,-0.9998599758451471,0.9989904165267944
21,1,12,-0.14642300901497968,-0.9998599758451471,0.9961056113243104
21,1,13,0.15479003810154995,-0.4894712015643607,0.6242651343345642
21,1,14,-0.012550543629855401,-0.49783823065093097,0.5732932686805725
21,1,15,0.36396576526580665,-0.8241523650271714,0.8306887745857239
21,1,16,0.3304976489195256,-0.8408864232003119,0.6235637068748474
21,1,17,0.5229393179106417,-0.907822655892874,0.8102235794067383
21,1,18,0.4560030852180796,-0.907822655892874,0.6193385720252991
21,1,19,0.5062052597375012,-0.966391859498866,0.8077436685562134
21,1,20,0.4309019979583688,-0.9747588885854362,0.6138046383857727
21,1,21,0.4392690270449391,-0.9580248304122957,0.7827275991439819
21,1,22,0.3890668525255175,-0.9747588885854362,0.6028144359588623
21,1,23,0.11295489266869861,0.004183514543285134,0.9956751465797424
21,1,24,-0.11295489266869861,-0.004183514543285134,0.9935427904129028
21,1,25,0.10458786358212835,0.8325193941137417,0.4903972744941711
21,1,26,-0.10458786358212835,0.8576204813734525,0.5767353177070618
21,1,27,-0.11295489266869861,1.6190201282513468,0.5189285278320312
21,1,28,-0.17989112536126076,1.7696266518096118,0.5370014905929565
21,1,29,-0.20499221262097156,1.7696266518096118,0.5306634902954102
21,1,30,-0.25519438714039316,1.8867650590215954,0.5040739178657532
21,1,31,0.13805597992840943,1.8532969426753143,0.6165094375610352
21,1,32,0.012550543629855401,1.903499117194736,0.5972135066986084
21,2,0,-0.1950056388253837,-1.3650394717776857,0.9988641142845154
21,2,1,-0.13691885279229069,-1.4231262578107788,0.9988604187965392
21,2,2,-0.12032262821140695,-1.4231262578107788,0.9987655282020568
21,2,3,-0.10372640363052324,-1.4231262578107788,0.9990190863609314
21,2,4,-0.16181318966361624,-1.4314243701012206,0.9986538290977478
21,2,5,-0.1701113019540581,-1.4314243701012206,0.9982407689094543
21,2,6,-0.1701113019540581,-1.4397224823916626,0.9984537363052368
21,2,7,-0.020745280726104647,-1.3816356963585694,0.998586356639862
21,2,8,-0.08713017904963952,-1.4065300332298951,0.9971858263015748
21,2,9,-0.16181318966361624,-1.290356461163709,0.9976518750190736
21,2,10,-0.2116018634062674,-1.3069526857445928,0.996164858341217
21,2,11,0.09542829134008138,-1.0248168678695695,0.9990528225898744
21,2,12,-0.07053395446875581,-0.9750281941269184,0.9961937665939332
21,2,13,-0.06223584217831394,-0.5186320181526162,0.6595757007598877
21,2,14,-0.1950056388253837,-0.4854395689908487,0.5244261622428894
21,2,15,-0.36096788463422086,-0.9003451835129417,0.8436596393585205
21,2,16,-0.30288109860112783,-0.8256621728989649,0.5779951810836792
21,2,17,-0.4605452321195232,-0.9833263064173603,0.822116494178772
21,2,18,-0.36096788463422086,-0.8256621728989649,0.57505202293396
21,2,19,-0.4356508952481976,-1.0414130924504532,0.819421112537384
21,2,20,-0.3941603337959883,-0.9169414080938254,0.5693519711494446
21,2,21,-0.40245844608643017,-1.0248168678695695,0.7941406965255737
21,2,22,-0.3360735477628953,-0.9086432958033835,0.5596798062324524
21,2,23,0.08713017904963952,-0.00414905614522093,0.9958354830741882
21,2,24,-0.08713017904963952,0.00414905614522093,0.9937791228294371
21,2,25,0.08713017904963952,0.7924697237371975,0.5210626125335693
21,2,26,-0.1701113019540581,0.7924697237371975,0.5495617985725403
21,2,27,0.2116018634062674,1.5973866159100578,0.5390717387199402
21,2,28,-0.09542829134008138,1.5227036052960812,0.521619975566864
21,2,29,0.3360735477628953,1.7052620756858021,0.5282974243164062
21,2,30,-0.020745280726104647,1.6305790650718253,0.4893592000007629
21,2,31,-0.020745280726104647,1.7467526371380113,0.6281095743179321
21,2,32,-0.26968864943936044,1.7218583002666858,0.5867611169815063
22,1,0,0.053274661936992124,-1.376945108525335,0.9987649321556092
22,1,1,0.08605906928283344,-1.426121719544097,0.998749017715454
22,1,2,0.09425517111929375,-1.426121719544097,0.9986376166343688
22,1,3,0.09425517111929375,-1.426121719544097,0.9989259839057922
22,1,4,0.053274661936992124,-1.4343178213805572,0.9985433220863342
22,1,5,0.045078560100531795,-1.4343178213805572,0.9981428980827332
22,1,6,0.02049025459115082,-1.4343178213805572,0.9983969926834106
22,1,7,0.053274661936992124,-1.3933373121982555,0.9983752369880676
22,1,8,-0.045078560100531795,-1.401533414034716,0.9972641468048096
22,1,9,0.07786296744637311,-1.303180191997192,0.997644066810608
22,1,10,0.03688245826407147,-1.303180191997192,0.9963268637657166
22,1,11,0.11884347662867474,-1.0163166277210804,0.998908281326294
22,1,12,-0.1434317821380557,-0.9835322203752392,0.996539294719696
22,1,13,0.10245127295575408,-0.4917661101876196,0.6039227247238159
22,1,14,0.03688245826407147,-0.48357000835115926,0.5709336996078491
22,1,15,0.23358890233911933,-0.7048647579355881,0.7905096411705017
22,1,16,0.31554992070372256,-0.8114140818095724,0.6182270646095276
22,1,17,0.2909616151943416,-0.7130608597720485,0.7751403450965881
22,1,18,0.43029534641416717,-0.8441984891554136,0.6141331791877747
22,1,19,0.3401382262131036,-0.8196101836460327,0.773021936416626
22,1,20,0.39751093906832585,-0.926159507520017,0.6086661219596863
22,1,21,0.2991577170308019,-0.8114140818095724,0.7489491701126099
22,1,22,0.35653042988602424,-0.9179634056835566,0.5978585481643677
22,1,23,0.08605906928283344,0.0,0.9952936172485352
22,1,24,-0.08605906928283344,0.0,0.9934847354888916
22,1,25,0.08605906928283344,0.827806285482493,0.4990094602108001
22,1,26,-0.08605906928283344,0.8605906928283343,0.5815894603729248
22,1,27,-0.12703957846513506,1.5982398581097637,0.5234838128089905
22,1,28,-0.17621618948389703,1.704789181983748,0.5441524386405945
22,1,29,-0.20900059682973834,1.729377487493129,0.5185642242431641
22,1,30,-0.24178500417557963,1.8359268113671132,0.5022896528244019
22,1,31,0.13523568030159538,1.7785540985118908,0.6202509999275208
22,1,32,0.045078560100531795,1.8687112187129546,0.6034243106842041
22,2,0,-0.1950056388253837,-1.3691885279229068,0.9987596869468688
22,2,1,-0.13691885279229069,-1.418977201665558,0.998748242855072
22,2,2,-0.12032262821140695,-1.418977201665558,0.9986379742622375
22,2,3,-0.10372640363052324,-1.418977201665558,0.9989265203475952
22,2,4,-0.1701113019540581,-1.4272753139559997,0.9985228776931764
22,2,5,-0.1701113019540581,-1.4272753139559997,0.998098373413086
22,2,6,-0.1701113019540581,-1.4355734262464417,0.9983547925949096
22,2,7,-0.020745280726104647,-1.3857847525037905,0.9983860850334167
22,2,8,-0.09542829134008138,-1.4023809770846742,0.9971102476119996
22,2,9,-0.16181318966361624,-1.29450551730893,0.9975343942642212
22,2,10,-0.20330375111582555,-1.302803629599372,0.9959319829940796
22,2,11,0.10372640363052324,-1.0206678117243486,0.9989264011383056
22,2,12,-0.07883206675919766,-0.9791772502721393,0.9960219264030457
22,2,13,-0.07883206675919766,-0.5144829620073953,0.6400794982910156
22,2,14,-0.18670752653494183,-0.5393772988787209,0.5233506560325623
22,2,15,-0.3775641092151046,-0.8795999027868371,0.8056930303573608
22,2,16,-0.36096788463422086,-0.887898015077279,0.5743792057037354
22,2,17,-0.4854395689908487,-0.9542829134008138,0.7883057594299316
22,2,18,-0.4605452321195232,-0.9625810256912556,0.5715599656105042
22,2,19,-0.45224711982908133,-1.0206678117243486,0.785879909992218
22,2,20,-0.4439490075386395,-1.0123696994339069,0.5660606622695923
22,2,21,-0.4190546706673139,-0.995773474853023,0.7612498998641968
22,2,22,-0.40245844608643017,-0.9874753625625812,0.5564633011817932
22,2,23,0.09542829134008138,-0.00829811229044186,0.9954602122306824
22,2,24,-0.09542829134008138,0.00829811229044186,0.9935228228569032
22,2,25,0.12862074050184882,0.821513116753744,0.5075271725654602
22,2,26,-0.1950056388253837,0.7551282184302092,0.5401995182037354
22,2,27,0.2116018634062674,1.584939447474395,0.5316223502159119
22,2,28,-0.07883206675919766,1.4853620999890929,0.5132990479469299
22,2,29,0.28628487402024416,1.6928149072501393,0.5237670540809631
22,2,30,-0.00414905614522093,1.593237559764837,0.4834208786487579
22,2,31,-0.029043393016546508,1.7426035809927904,0.6261526346206665
22,2,32,-0.2779867617298023,1.6181318966361624,0.5816646218299866
23,1,0,0.07433955644692575,-1.3711518189099638,0.9987773299217224
23,1,1,0.099119408595901,-1.4289714739242394,0.9987673163414
23,1,2,0.10737935931222609,-1.4289714739242394,0.998642086982727
23,1,3,0.10737935931222609,-1.4289714739242394,0.9989424347877502
23,1,4,0.06607960573060066,-1.4372314246405644,0.9985528588294984
23,1,5,0.06607960573060066,-1.4372314246405644,0.9981369376182556
23,1,6,0.057819655014275585,-1.4372314246405644,0.9984071254730223
23,1,7,0.0495597042979505,-1.3959316710589391,0.998360276222229
23,1,8,0.016519901432650166,-1.4041916217752641,0.9973058104515076
23,1,9,0.08259950716325083,-1.296812262463038,0.9976805448532104
23,1,10,0.0495597042979505,-1.305072213179363,0.9962537288665771
23,1,11,0.0495597042979505,-1.0159739381079853,0.9989430904388428
23,1,12,-0.11563931002855117,-0.9829341352426849,0.9964020252227784
23,1,13,0.10737935931222609,-0.49559704297950496,0.5928637385368347
23,1,14,0.041299753581625416,-0.5203768951284803,0.5698055624961853
23,1,15,0.3551778808019786,-0.792955268767208,0.7688745856285095
23,1,16,0.33039802865300333,-0.7599154659019076,0.614467978477478
23,1,17,0.5121169444121552,-0.892074677363109,0.755920946598053
23,1,18,0.45429728939787956,-0.8425149730651584,0.6100180745124817
23,1,19,0.49559704297950496,-0.9168545295120842,0.7540914416313171
23,1,20,0.4460373386815545,-0.892074677363109,0.6046448945999146
23,1,21,0.4460373386815545,-0.9003346280794341,0.7310765385627747
23,1,22,0.396477634383604,-0.8755547759304588,0.5935122966766357
23,1,23,0.07433955644692575,-0.008259950716325083,0.9950709342956544
23,1,24,-0.07433955644692575,0.008259950716325083,0.9931485056877136
23,1,25,0.07433955644692575,0.8259950716325083,0.4828482270240783
23,1,26,-0.02477985214897525,0.792955268767208,0.5671392679214478
23,1,27,-0.12389926074487624,1.6189503403997163,0.5124737024307251
23,1,28,-0.18171891575915183,1.7015498475629671,0.5310038328170776
23,1,29,-0.23127862005710234,1.767629453293568,0.5103297829627991
23,1,30,-0.2725783736387277,1.8584889111731437,0.4958773553371429
23,1,31,0.14041916217752642,1.767629453293568,0.6134282946586609
23,1,32,0.016519901432650166,1.8254491083078435,0.5953280925750732
23,2,0,-0.1475298330562859,-1.3482587520977238,0.9987698793411256
23,2,1,-0.09015712020106359,-1.405631464952946,0.998769223690033
23,2,2,-0.08196101836460327,-1.405631464952946,0.9986445903778076
23,2,3,-0.07376491652814295,-1.405631464952946,0.9989407658576964
23,2,4,-0.11474542571044458,-1.4138275667894065,0.998544692993164
23,2,5,-0.1229415275469049,-1.4138275667894065,0.9981114268302916
23,2,6,-0.13113762938336523,-1.4220236686258667,0.9983876943588256
23,2,7,-0.008196101836460327,-1.3728470576071048,0.9983792304992676
23,2,8,-0.06556881469168262,-1.3892392612800255,0.9972333908081056
23,2,9,-0.11474542571044458,-1.2826899374060412,0.9976023435592652
23,2,10,-0.1475298330562859,-1.2908860392425014,0.9960713982582092
23,2,11,0.09015712020106359,-1.0204146786393107,0.998978078365326
23,2,12,-0.06556881469168262,-0.9794341694570091,0.9961532354354858
23,2,13,-0.05737271285522229,-0.5122563647787705,0.6303775906562805
23,2,14,-0.15572593489274622,-0.5286485684516911,0.5229871273040771
23,2,15,-0.3360401752948734,-0.8482965400736439,0.7870312333106995
23,2,16,-0.34423627713133376,-0.7991199290548818,0.5711851716041565
23,2,17,-0.426197295495937,-0.9302575584382471,0.772222101688385
23,2,18,-0.4180011936594767,-0.8728848455830248,0.5674368739128113
23,2,19,-0.40160898998655603,-0.9876302712934694,0.7700241208076477
23,2,20,-0.4180011936594767,-0.9056692529288661,0.5620018243789673
23,2,21,-0.3688245826407147,-0.9630419657840884,0.7464083433151245
23,2,22,-0.36062848080425436,-0.8728848455830248,0.5520772933959961
23,2,23,0.05737271285522229,-0.0040980509182301636,0.9951761960983276
23,2,24,-0.05737271285522229,0.0040980509182301636,0.993060290813446
23,2,25,0.09015712020106359,0.8155121327278025,0.4935228526592254
23,2,26,-0.08196101836460327,0.7745316235455009,0.5258905291557312
23,2,27,0.1885103422385875,1.602337909027994,0.5247731804847717
23,2,28,0.0,1.5121807888269303,0.5000906586647034
23,2,29,0.27047136060319077,1.7334755384113592,0.5239872932434082
23,2,30,0.13933373121982556,1.6351223163738353,0.477575421333313
23,2,31,-0.02458830550938098,1.7088872329019782,0.6222496032714844
23,2,32,-0.18031424040212718,1.6842989273925972,0.5725288987159729
24,1,0,0.1125,-1.3708333333333333,0.9987617135047911
24,1,1,0.12083333333333333,-1.4291666666666667,0.9987176060676576
24,1,2,0.12916666666666668,-1.4291666666666667,0.9986027479171752
24,1,3,0.1375,-1.4291666666666667,0.998915672302246
24,1,4,0.09583333333333334,-1.4375,0.99852055311203
24,1,5,0.07916666666666666,-1.4375,0.9981274008750916
24,1,6,0.07916666666666666,-1.4458333333333333,0.9984077215194702
24,1,7,0.09583333333333334,-1.4041666666666666,0.9982568621635436
24,1,8,0.020833333333333332,-1.4125,0.9973177313804626
24,1,9,0.1125,-1.2958333333333334,0.9975351691246032
24,1,10,0.07916666666666666,-1.3041666666666667,0.9961852431297302
24,1,11,0.07083333333333333,-1.0041666666666667,0.998775064945221
24,1,12,-0.07083333333333333,-0.9958333333333333,0.9965032935142516
24,1,13,0.0625,-0.45416666666666666,0.5760133266448975
24,1,14,0.029166666666666667,-0.49583333333333335,0.5698309540748596
24,1,15,0.1375,-0.12916666666666668,0.7167064547538757
24,1,16,0.3958333333333333,-0.6041666666666666,0.611122727394104
24,1,17,0.22083333333333333,-0.0625,0.7046526074409485
24,1,18,0.5541666666666667,-0.6458333333333334,0.6058496236801147
24,1,19,0.2625,-0.09583333333333334,0.7029625773429871
24,1,20,0.5708333333333333,-0.6958333333333333,0.6006087064743042
24,1,21,0.22083333333333333,-0.12083333333333333,0.6822689175605774
24,1,22,0.5291666666666667,-0.6875,0.5887894034385681
24,1,23,0.07083333333333333,-0.004166666666666667,0.9949962496757508
24,1,24,-0.07083333333333333,0.004166666666666667,0.993174970149994
24,1,25,0.12083333333333333,0.8291666666666667,0.4724644124507904
24,1,26,0.029166666666666667,0.8375,0.5574203729629517
24,1,27,-0.12083333333333333,1.6291666666666667,0.5058359503746033
24,1,28,-0.12916666666666668,1.7541666666666667,0.5277409553527832
24,1,29,-0.20416666666666666,1.7958333333333334,0.5083818435668945
24,1,30,-0.20416666666666666,1.8958333333333333,0.4974299967288971
24,1,31,0.12916666666666668,1.7708333333333333,0.6110357046127319
24,1,32,0.07916666666666666,1.8958333333333333,0.5951919555664062
24,2,0,-0.14693387983566716,-1.342812401831514,0.9988044500350952
24,2,1,-0.08979292656624105,-1.39995335510094,0.9987689256668092
24,2,2,-0.07346693991783358,-1.39995335510094,0.998659372329712
24,2,3,-0.05714095326942612,-1.39995335510094,0.9989529848098756
24,2,4,-0.11428190653885224,-1.39995335510094,0.9985696077346802
24,2,5,-0.10611891321464852,-1.4081163484251438,0.9981916546821594
24,2,6,-0.12244489986305597,-1.4081163484251438,0.998460292816162
24,2,7,-0.016325986648407464,-1.367301381804125,0.9983471632003784
24,2,8,-0.06530394659362986,-1.3836273684525324,0.9973959922790528
24,2,9,-0.12244489986305597,-1.2693454619136804,0.9976088404655457
24,2,10,-0.13877088651146344,-1.277508455237884,0.9962079524993896
24,2,11,0.09795591989044478,-1.0244556621875682,0.9988452792167664
24,2,12,-0.08162993324203732,-0.975477702242346,0.9965289235115052
24,2,13,-0.06530394659362986,-0.49386109611432577,0.6155575513839722
24,2,14,-0.1550968731598709,-0.5265130694111407,0.5274498462677002
24,2,15,-0.334682726292353,-0.7550768824888452,0.7408968210220337
24,2,16,-0.3836606862375754,-0.7469138891646414,0.5807897448539734
24,2,17,-0.4408016395070015,-0.820380829082475,0.7271388173103333
24,2,18,-0.4652906194796127,-0.7714028691372526,0.5756604671478271
24,2,19,-0.41631265953439034,-0.8775217823519011,0.725163459777832
24,2,20,-0.457127626155409,-0.8040548424340676,0.5701205730438232
24,2,21,-0.3836606862375754,-0.8611957957034937,0.7039678692817688
24,2,22,-0.39998667288598283,-0.8040548424340676,0.558919370174408
24,2,23,0.09795591989044478,-0.004081496662101866,0.995167911052704
24,2,24,-0.09795591989044478,0.004081496662101866,0.9934036135673524
24,2,25,0.10611891321464852,0.7795658624614564,0.4942071437835693
24,2,26,-0.09795591989044478,0.7795658624614564,0.5233008861541748
24,2,27,0.19591183978088955,1.579539208233422,0.524248480796814
24,2,28,-0.024488979972611194,1.489746281667181,0.5076441764831543
24,2,29,0.2530527930503157,1.7019841080964782,0.5257081985473633
24,2,30,0.05714095326942612,1.6040281882060332,0.4869732856750488
24,2,31,0.03265197329681493,1.7509620680417004,0.6241828799247742
24,2,32,-0.18774884645668583,1.6774951281238668,0.5837384462356567
25,1,0,0.11617857211232947,-1.3816951611930612,0.998837947845459
25,1,1,0.11617857211232947,-1.439784447249226,0.9987589120864868
25,1,2,0.11617857211232947,-1.439784447249226,0.9986483454704284
25,1,3,0.1327755109855194,-1.448082916685821,0.9989469647407532
25,1,4,0.09128316380254459,-1.448082916685821,0.9986010789871216
25,1,5,0.08298469436594963,-1.448082916685821,0.9982584714889526
25,1,6,0.0663877554927597,-1.456381386122416,0.9985204935073853
25,1,7,0.11617857211232947,-1.414889038939441,0.998220443725586
25,1,8,0.04979081661956977,-1.4231875083760361,0.997513234615326
25,1,9,0.11617857211232947,-1.3070089362637065,0.9976460337638856
25,1,10,0.08298469436594963,-1.3153074057003016,0.9964385628700256
25,1,11,0.058089286056164736,-0.991667097673098,0.998355269432068
25,1,12,-0.041492347182974815,-1.0082640365462878,0.9968363642692566
25,1,13,0.041492347182974815,-0.41907270654804557,0.5603715777397156
25,1,14,0.008298469436594963,-0.4854604620408053,0.573675811290741
25,1,15,-0.14107398042211436,-0.07053699021105718,0.673782229423523
25,1,16,0.43152041070293806,-0.4107742371114506,0.6167327165603638
25,1,17,0.24895408309784886,0.012447704154892443,0.6631609797477722
25,1,18,0.5808928605616474,-0.36098342049188087,0.6088384985923767
25,1,19,0.29874489971741863,-0.020746173591487407,0.6616981625556946
25,1,20,0.6223852077446221,-0.40247576767485566,0.603269100189209
25,1,21,0.25725255253444385,-0.05394005133786726,0.6428692936897278
25,1,22,0.5808928605616474,-0.41907270654804557,0.5887463688850403
25,1,23,0.0663877554927597,0.004149234718297481,0.994790494441986
25,1,24,-0.0663877554927597,-0.004149234718297481,0.9934414625167848
25,1,25,0.10788010267573452,0.775906892321629,0.4685201346874237
25,1,26,0.0,0.8588915866875786,0.5563912391662598
25,1,27,-0.07468622492935466,1.5974553665445304,0.5048958659172058
25,1,28,-0.10788010267573452,1.7219324080934546,0.5398946404457092
25,1,29,-0.17426785816849422,1.7136339386568598,0.5094276666641235
25,1,30,-0.20746173591487405,1.846409449642379,0.5119895339012146
25,1,31,0.15767091929530427,1.7634247552764295,0.6107243895530701
25,1,32,0.09128316380254459,1.879603327388759,0.608048141002655
25,2,0,-0.15853134613237627,-1.353613801591828,0.9989171624183656
25,2,1,-0.10975247039933742,-1.41052248994704,0.9988520741462708
25,2,2,-0.09349284515499112,-1.41052248994704,0.9987494349479676
25,2,3,-0.0691034072884717,-1.41052248994704,0.999024212360382
25,2,4,-0.12601209564368368,-1.41052248994704,0.9986972808837892
25,2,5,-0.12601209564368368,-1.4186523025692133,0.9983792901039124
25,2,6,-0.13414190826585684,-1.4186523025692133,0.9986239075660706
25,2,7,-0.03658415679977914,-1.3780032394583475,0.9983674883842468
25,2,8,-0.07723321991064484,-1.3861330520805206,0.9976848363876344
25,2,9,-0.13414190826585684,-1.2804454879922698,0.997811794281006
25,2,10,-0.15853134613237627,-1.2804454879922698,0.996634006500244
25,2,11,0.07723321991064484,-1.0121616714605561,0.9984931349754332
25,2,12,-0.09349284515499112,-0.9877722335940367,0.9968792796134948
25,2,13,-0.04471396942195228,-0.48372385101930193,0.6020808815956116
25,2,14,-0.1829207839988957,-0.49185366364147504,0.5280411839485168
25,2,15,-0.39429591217539733,-0.7276182296844962,0.7014718651771545
25,2,16,-0.4024257247975705,-0.6950989791958035,0.5756372213363647
25,2,17,-0.47559403839712877,-0.7926567306618812,0.6880512833595276
25,2,18,-0.49185366364147504,-0.7438778549288424,0.5687433481216431
25,2,19,-0.45120460053060935,-0.8495654190170933,0.6862889528274536
25,2,20,-0.47559403839712877,-0.7926567306618812,0.5628732442855835
25,2,21,-0.41868535004191676,-0.833305793772747,0.6669134497642517
25,2,22,-0.4268151626640899,-0.7845269180397082,0.5497589707374573
25,2,23,0.08536303253281799,-0.004064906311086571,0.9951066374778748
25,2,24,-0.08536303253281799,0.004064906311086571,0.9937358498573304
25,2,25,0.060973594666298564,0.7601374801731887,0.4835883378982544
25,2,26,-0.09349284515499112,0.7601374801731887,0.5147134065628052
25,2,27,0.1666611587545494,1.5405994919018102,0.5157009959220886
25,2,28,0.012194718933259713,1.4349119278135594,0.5068966746330261
25,2,29,0.23982947235410768,1.6544168686122342,0.5252125859260559
25,2,30,0.09349284515499112,1.532469679279637,0.4924041926860809
25,2,31,-0.012194718933259713,1.686936119100927,0.6180222630500793
25,2,32,-0.14227172088802997,1.6300274307457148,0.5836299657821655
26,1,0,0.18457647804969318,-1.3784328467115385,0.9989178776741028
26,1,1,0.14530488697529037,-1.441267392430583,0.998788595199585
26,1,2,0.14530488697529037,-1.441267392430583,0.9986686706542968
26,1,3,0.14530488697529037,-1.441267392430583,0.9989711046218872
26,1,4,0.12959625054552926,-1.441267392430583,0.998684287071228
26,1,5,0.1217419323306487,-1.441267392430583,0.998383641242981
26,1,6,0.10603329590088757,-1.4491217106454635,0.9986365437507628
26,1,7,0.14530488697529037,-1.4019958013561802,0.998127579689026
26,1,8,0.07461602304136533,-1.4019958013561802,0.997763991355896
26,1,9,0.18457647804969318,-1.3077439827776134,0.997854709625244
26,1,10,0.1610135234050515,-1.3077439827776134,0.9968649744987488
26,1,11,0.12959625054552926,-0.9857169359675104,0.9983833432197572
26,1,12,0.011781477322320842,-1.009279890612152,0.9971758723258972
26,1,13,0.11388761411576814,-0.4437689791407517,0.5479158163070679
26,1,14,-0.04319875018184308,-0.4751862520002739,0.5740218758583069
26,1,15,0.19243079626457374,-0.16886784161993207,0.6423447132110596
26,1,16,0.2631196601984988,-0.19243079626457374,0.6125791072845459
26,1,17,0.31809988770266273,-0.05890738661160421,0.6328842639923096
26,1,18,0.35737147877706554,-0.09817897768600702,0.6027836799621582
26,1,19,0.38093443342170724,-0.10603329590088757,0.632108747959137
26,1,20,0.43591466092587117,-0.14530488697529037,0.5966433882713318
26,1,21,0.3023912512729016,-0.12959625054552926,0.6145346164703369
26,1,22,0.4044973880663489,-0.17672215983481263,0.5794034004211426
26,1,23,0.04319875018184308,0.003927159107440281,0.9946160316467284
26,1,24,-0.04319875018184308,-0.003927159107440281,0.9935944676399232
26,1,25,0.12959625054552926,0.7422330713062131,0.4582202136516571
26,1,26,0.05890738661160421,0.7893589805954964,0.5451849102973938
26,1,27,-0.035344431966962526,1.441267392430583,0.4959227442741394
26,1,28,-0.07461602304136533,1.527664892794269,0.5359965562820435
26,1,29,-0.1374505687604098,1.5747908020835526,0.5092580914497375
26,1,30,-0.17672215983481263,1.6454796660174775,0.5147011280059814
26,1,31,0.1610135234050515,1.5904994385133135,0.6040557622909546
26,1,32,0.11388761411576814,1.6454796660174775,0.6071380972862244
26,2,0,-0.17387909080829833,-1.3594183463194234,0.9989661574363708
26,2,1,-0.12645752058785334,-1.42264710661335,0.9988459348678588
26,2,2,-0.10274673547763083,-1.4147435115766092,0.998727321624756
26,2,3,-0.08693954540414917,-1.4147435115766092,0.9990144968032836
26,2,4,-0.142264710661335,-1.42264710661335,0.998741865158081
26,2,5,-0.13436111562459416,-1.42264710661335,0.9984541535377502
26,2,6,-0.13436111562459416,-1.42264710661335,0.9986994862556458
26,2,7,-0.03951797518370417,-1.375225536392905,0.9982329607009888
26,2,8,-0.10274673547763083,-1.3831291314296459,0.9978732466697692
26,2,9,-0.142264710661335,-1.2882859909887558,0.997977375984192
26,2,10,-0.1659754957715575,-1.2882859909887558,0.997004210948944
26,2,11,0.047421570220445,-1.0116601647028267,0.998524844646454
26,2,12,-0.08693954540414917,-0.9879493795926042,0.9972905516624452
26,2,13,0.0,-0.4979264873146725,0.5909625291824341
26,2,14,-0.19758987591852084,-0.44260132205748665,0.5227517485618591
26,2,15,-0.37937256176356,-0.66390198308623,0.6729564070701599
26,2,16,-0.37937256176356,-0.2766258262859292,0.5606459975242615
26,2,17,-0.5058300823514134,-0.7192271483434158,0.6609246730804443
26,2,18,-0.44260132205748665,-0.22920425606548417,0.5533787608146667
26,2,19,-0.4979264873146725,-0.75874512352712,0.659600555896759
26,2,20,-0.45840851213096834,-0.2687222312491883,0.5479788184165955
26,2,21,-0.45840851213096834,-0.7508415284903792,0.6408236026763916
26,2,22,-0.426794131984005,-0.28452942132267,0.5334819555282593
26,2,23,0.06322876029392667,0.0,0.9949524998664856
26,2,24,-0.06322876029392667,0.0,0.993767023086548
26,2,25,0.03951797518370417,0.7745523136006016,0.4766568541526794
26,2,26,-0.07903595036740833,0.7271307433801567,0.5045117139816284
26,2,27,0.142264710661335,1.4858758669072767,0.5125617980957031
26,2,28,0.007903595036740834,1.3910327264663866,0.5031497478485107
26,2,29,0.22130066102874332,1.61233338749513,0.5295858383178711
26,2,30,0.07903595036740833,1.4937794619440175,0.4966420531272888
26,2,31,-0.06322876029392667,1.6281405775686117,0.6141717433929443
26,2,32,-0.1659754957715575,1.5095866520174992,0.5810074806213379
27,1,0,0.183749426498784,-1.3800754798738457,0.9989696145057678
27,1,1,0.16029205290319454,-1.442628476128751,0.9988119602203368
27,1,2,0.16029205290319454,-1.442628476128751,0.9986765384674072
27,1,3,0.16811117743505768,-1.442628476128751,0.9989878535270692
27,1,4,0.14465380383946824,-1.442628476128751,0.9987427592277528
27,1,5,0.1368346793076051,-1.442628476128751,0.998469889163971
27,1,6,0.1211964302438788,-1.442628476128751,0.9987239837646484
27,1,7,0.16029205290319454,-1.395713728937572,0.9980828166007996
27,1,8,0.1211964302438788,-1.395713728937572,0.9979579448699952
27,1,9,0.19156855103064716,-1.3097033590870775,0.9980248212814332
27,1,10,0.16811117743505768,-1.3018842345552142,0.9972054362297058
27,1,11,0.12901555477574195,-0.9891192532806883,0.9984566569328308
27,1,12,0.02736693586152102,-1.0047575023444146,0.9975493550300598
27,1,13,0.14465380383946824,-0.4417805360502679,0.5369277596473694
27,1,14,-0.011728686797794723,-0.4495996605821311,0.5693361163139343
27,1,15,0.22284504915809975,-0.16029205290319454,0.6148729920387268
27,1,16,0.31667454354045754,-0.17593030196692086,0.5994086265563965
27,1,17,0.35577016619977325,-0.08210080758456306,0.6061935424804688
27,1,18,0.4261422869865416,-0.07428168305269992,0.589252769947052
27,1,19,0.3635892907316364,-0.09773905664828936,0.6055452823638916
27,1,20,0.4886952832414468,-0.1211964302438788,0.5834550261497498
27,1,21,0.33231279260418384,-0.11337730571201565,0.5886786580085754
27,1,22,0.4574187851139942,-0.1524729283713314,0.5647829174995422
27,1,23,0.03518606039338417,0.003909562265931575,0.9946844577789308
27,1,24,-0.03518606039338417,-0.003909562265931575,0.9937286376953124
27,1,25,0.14465380383946824,0.7701837663885202,0.4488261342048645
27,1,26,0.1055581811801525,0.7936411399841096,0.5333744883537292
27,1,27,-0.02736693586152102,1.442628476128751,0.4890291392803192
27,1,28,-0.05864343398897361,1.5286388459792455,0.5279741287231445
27,1,29,-0.12901555477574195,1.6146492158297403,0.5113482475280762
27,1,30,-0.1524729283713314,1.653744838489056,0.5146218538284302
27,1,31,0.16811117743505768,1.5911918422341507,0.5969254970550537
27,1,32,0.1368346793076051,1.6302874648934664,0.6014683246612549
27,2,0,-0.18213634260933062,-1.3602097075718094,0.9990341663360596
27,2,1,-0.12788296395974277,-1.4144630862213974,0.9988943934440612
27,2,2,-0.12013248129551593,-1.4144630862213974,0.998767614364624
27,2,3,-0.09688103330283543,-1.4144630862213974,0.9990562200546264
27,2,4,-0.14338392928819643,-1.4222135688856241,0.9988206028938292
27,2,5,-0.14338392928819643,-1.4222135688856241,0.998567283153534
27,2,6,-0.13563344662396962,-1.4222135688856241,0.99880713224411
27,2,7,-0.050378137317474425,-1.3679601902360363,0.998236358165741
27,2,8,-0.09688103330283543,-1.375710672900263,0.998091995716095
27,2,9,-0.15113441195242328,-1.2827048809295412,0.9981639981269836
27,2,10,-0.17438585994510378,-1.2827048809295412,0.997359812259674
27,2,11,0.050378137317474425,-1.011437987681602,0.9985948204994202
27,2,12,-0.0891305506386086,-0.9881865396889215,0.9976329803466796
27,2,13,0.011625723996340253,-0.492155649178404,0.5811231136322021
27,2,14,-0.18988682527355744,-0.445652753193043,0.5179699659347534
27,2,15,-0.3603974438865478,-0.6704167504556212,0.6472635865211487
27,2,16,-0.3836488918792283,-0.3138945479011868,0.5480439066886902
27,2,17,-0.4766546838499503,-0.7324206117694358,0.6350022554397583
27,2,18,-0.4534032358572698,-0.2673916519158258,0.5405591726303101
27,2,19,-0.4689042011857235,-0.7711730250905701,0.633866012096405
27,2,20,-0.4689042011857235,-0.3138945479011868,0.5355997085571289
27,2,21,-0.43790227052881614,-0.7634225424263432,0.6156308650970459
27,2,22,-0.445652753193043,-0.32939551322964045,0.5196138620376587
27,2,23,0.0891305506386086,-0.0038752413321134173,0.9950032234191896
27,2,24,-0.0891305506386086,0.0038752413321134173,0.9939447045326232
27,2,25,0.07362958531015493,0.724670129105209,0.4779647290706634
27,2,26,-0.0891305506386086,0.7169196464409822,0.4976058900356293
27,2,27,0.18213634260933062,1.4532154995425315,0.5133537650108337
27,2,28,-0.019376206660567087,1.375710672900263,0.5078197121620178
27,2,29,0.2518906865873721,1.6004746701628414,0.5301638841629028
27,2,30,0.050378137317474425,1.476466947535212,0.5037086009979248
27,2,31,-0.05812861998170126,1.5927241874986144,0.6136990189552307
27,2,32,-0.19763730793778428,1.4997183955278925,0.5895562767982483
28,1,0,0.18460173114610473,-1.3806671141969082,0.99906188249588
28,1,1,0.1461430371573329,-1.4422010245789432,0.9989001154899596
28,1,2,0.1461430371573329,-1.4422010245789432,0.998770236968994
28,1,3,0.1461430371573329,-1.4345092857811887,0.9990567564964294
28,1,4,0.1307595595618242,-1.4422010245789432,0.9988443851470948
28,1,5,0.12306782076406982,-1.4422010245789432,0.9986131191253662
28,1,6,0.11537608196631546,-1.4422010245789432,0.9988504648208618
28,1,7,0.1307595595618242,-1.3883588529946627,0.9982545375823976
28,1,8,0.084609126775298,-1.3883588529946627,0.9981955885887146
28,1,9,0.1922934699438591,-1.3114414650171191,0.9982564449310304
28,1,10,0.169218253550596,-1.3114414650171191,0.9975765943527222
28,1,11,0.169218253550596,-0.9806966967136814,0.9985076189041138
28,1,12,0.0076917387977543635,-1.011463651904699,0.9978586435317992
28,1,13,0.09999260437080673,-0.465350197264139,0.5284541249275208
28,1,14,-0.16152651475284163,-0.465350197264139,0.5648761987686157
28,1,15,0.1076843431685611,-0.11153021256743828,0.5917059183120728
28,1,16,-0.030766955191017454,-0.049996302185403366,0.5878159999847412
28,1,17,0.1307595595618242,0.0038458693988771817,0.5822285413742065
28,1,18,-0.02307521639326309,0.08076325737642082,0.5769577026367188
28,1,19,0.15383477595508727,0.011537608196631546,0.581367552280426
28,1,20,-0.04615043278652618,0.07307151857866645,0.5714755058288574
28,1,21,0.13845129835957856,-0.042304563387649,0.56512850522995
28,1,22,-0.03845869398877182,0.026921085792140274,0.5531028509140015
28,1,23,0.06153391038203491,-0.0038458693988771817,0.9949243068695068
28,1,24,-0.06153391038203491,0.0038458693988771817,0.9940974116325378
28,1,25,0.2153686863371222,0.7037940999945242,0.4569031000137329
28,1,26,0.04615043278652618,0.7268693163877874,0.5309826731681824
28,1,27,-0.030766955191017454,1.3883588529946627,0.4880907535552978
28,1,28,-0.084609126775298,1.457584502174452,0.5292031168937683
28,1,29,-0.13845129835957856,1.5575771065452586,0.5099244713783264
28,1,30,-0.18460173114610473,1.5960358005340305,0.5172924995422363
28,1,31,0.1307595595618242,1.5345018901519956,0.5945720076560974
28,1,32,0.11537608196631546,1.5960358005340305,0.6058781147003174
28,2,0,-0.11428190653885224,-1.3754643751283289,0.9989720582962036
28,2,1,-0.08162993324203732,-1.4489313150461625,0.9987916350364684
28,2,2,-0.08162993324203732,-1.4489313150461625,0.998651385307312
28,2,3,-0.08162993324203732,-1.4407683217219587,0.9989646077156068
28,2,4,-0.09795591989044478,-1.4489313150461625,0.9986655116081238
28,2,5,-0.11428190653885224,-1.4489313150461625,0.9984047412872314
28,2,6,-0.12244489986305597,-1.4489313150461625,0.9986892938613892
28,2,7,-0.024488979972611194,-1.39995335510094,0.9981540441513062
28,2,8,-0.08162993324203732,-1.39995335510094,0.9978830218315125
28,2,9,-0.07346693991783358,-1.3019974352104953,0.9981276988983154
28,2,10,-0.09795591989044478,-1.3101604285346988,0.9972832798957824
28,2,11,0.08979292656624105,-0.9999666822149571,0.9986319541931152
28,2,12,-0.07346693991783358,-0.9999666822149571,0.9976590275764464
28,2,13,0.09795591989044478,-0.44488313616910335,0.5742014646530151
28,2,14,-0.11428190653885224,-0.4285571495206959,0.5148525834083557
28,2,15,-0.3101937463197418,-0.48569810279012204,0.6293392181396484
28,2,16,-0.26937877969872315,-0.02040748331050933,0.5391991138458252
28,2,17,-0.44896463283120525,-0.5346760627353444,0.6176049709320068
28,2,18,-0.30203075299553805,0.10203741655254664,0.5307797193527222
28,2,19,-0.4408016395070015,-0.5918170160047705,0.6162415146827698
28,2,20,-0.30203075299553805,0.06938544325573172,0.525639533996582
28,2,21,-0.39998667288598283,-0.5754910293563631,0.5996962189674377
28,2,22,-0.2857047663471306,0.044896463283120525,0.5098573565483093
28,2,23,0.08979292656624105,-0.02040748331050933,0.9950753450393676
28,2,24,-0.08979292656624105,0.02040748331050933,0.993838906288147
28,2,25,0.08979292656624105,0.8040548424340676,0.4987695813179016
28,2,26,-0.13877088651146344,0.7795658624614564,0.514367938041687
28,2,27,0.18774884645668583,1.579539208233422,0.5226072669029236
28,2,28,0.06530394659362986,1.4979092749913847,0.517275333404541
28,2,29,0.2530527930503157,1.7183100947448855,0.5361471176147461
28,2,30,0.13877088651146344,1.6285171681786446,0.5119560956954956
28,2,31,-0.08162993324203732,1.7183100947448855,0.616798996925354
28,2,32,-0.18774884645668583,1.6611691414754595,0.5965230464935303
29,1,0,0.22033476116077608,-1.379132393932265,0.9989550709724426
29,1,1,0.1795320276124842,-1.444416767609532,0.9987779855728148
29,1,2,0.17137148090282583,-1.444416767609532,0.9986516237258912
29,1,3,0.17137148090282583,-1.4362562208998737,0.9989269971847534
29,1,4,0.16321093419316746,-1.444416767609532,0.998662292957306
29,1,5,0.14688984077385073,-1.444416767609532,0.9984421730041504
29,1,6,0.13056874735453397,-1.444416767609532,0.9987102150917052
29,1,7,0.16321093419316746,-1.3954534873515818,0.9981815218925476
29,1,8,0.12240820064487559,-1.379132393932265,0.998023808002472
29,1,9,0.22849530787043446,-1.3056874735453396,0.9981266260147096
29,1,10,0.20401366774145932,-1.3056874735453396,0.9974509477615356
29,1,11,0.16321093419316746,-0.9955866985783215,0.9984228610992432
29,1,12,0.024481640128975118,-0.9955866985783215,0.997882068157196
29,1,13,-0.057123826967608614,-0.5222749894181359,0.5235373973846436
29,1,14,-0.2774585881283847,-0.5712382696760862,0.5624274015426636
29,1,15,-0.15505038748350908,-0.22849530787043446,0.5723811984062195
29,1,16,-0.3264218683863349,-0.13872929406419235,0.5804802775382996
29,1,17,-0.1795320276124842,-0.13056874735453397,0.5630653500556946
29,1,18,-0.35090350851531005,-0.03264218683863349,0.5691080689430237
29,1,19,-0.16321093419316746,-0.13056874735453397,0.5620230436325073
29,1,20,-0.31826132167667653,-0.048963280257950235,0.5639228224754333
29,1,21,-0.16321093419316746,-0.16321093419316746,0.5474439859390259
29,1,22,-0.30194022825735983,-0.07344492038692536,0.5479922890663147
29,1,23,0.024481640128975118,-0.016321093419316746,0.9949548244476318
29,1,24,-0.024481640128975118,0.016321093419316746,0.9941346645355223
29,1,25,0.1876925743221426,0.8160546709658373,0.4731561541557312
29,1,26,-0.016321093419316746,0.8078941242561789,0.548076331615448
29,1,27,-0.03264218683863349,1.4933800478674824,0.4954377114772796
29,1,28,-0.0897660138062421,1.5831460616737243,0.5360354781150818
29,1,29,-0.14688984077385073,1.6484304353509913,0.5166531801223755
29,1,30,-0.2121742144511177,1.7055542623186,0.5228217840194702
29,1,31,0.12240820064487559,1.6810726221896248,0.5952871441841125
29,1,32,0.11424765393521723,1.730035902447575,0.6105199456214905
29,2,0,-0.012096774193548387,-1.3709677419354838,0.9987996220588684
29,2,1,-0.07661290322580645,-1.4274193548387097,0.9986457228660583
29,2,2,-0.07661290322580645,-1.4274193548387097,0.9985033869743348
29,2,3,-0.06854838709677419,-1.4274193548387097,0.9988158345222472
29,2,4,-0.10080645161290322,-1.435483870967742,0.9984328746795654
29,2,5,-0.10887096774193548,-1.435483870967742,0.9980947375297546
29,2,6,-0.125,-1.435483870967742,0.9984005689620972
29,2,7,-0.020161290322580645,-1.3790322580645162,0.998085618019104
29,2,8,-0.10080645161290322,-1.3870967741935485,0.9974644780158995
29,2,9,-0.036290322580645164,-1.2983870967741935,0.9979739785194396
29,2,10,-0.05241935483870968,-1.3064516129032258,0.9971149563789368
29,2,11,0.06854838709677419,-1.0,0.998544216156006
29,2,12,-0.06854838709677419,-1.0,0.9976136684417723
29,2,13,0.13306451612903225,-0.5,0.5702880620956421
29,2,14,-0.0846774193548387,-0.5483870967741935,0.5128447413444519
29,2,15,-0.34274193548387094,-0.4032258064516129,0.6132391691207886
29,2,16,-0.375,-0.08870967741935484,0.5336816906929016
29,2,17,-0.4637096774193548,-0.3629032258064516,0.6029645800590515
29,2,18,-0.40725806451612906,-0.08064516129032258,0.5254550576210022
29,2,19,-0.4798387096774194,-0.4112903225806452,0.6016577482223511
29,2,20,-0.3911290322580645,-0.03225806451612903,0.5206034779548645
29,2,21,-0.4314516129032258,-0.41935483870967744,0.5867623090744019
29,2,22,-0.375,-0.056451612903225805,0.5066495537757874
29,2,23,0.06048387096774194,-0.008064516129032258,0.9948244094848632
29,2,24,-0.06048387096774194,0.008064516129032258,0.9933201670646667
29,2,25,0.012096774193548387,0.7903225806451613,0.5104262232780457
29,2,26,-0.012096774193548387,0.7983870967741935,0.5264121890068054
29,2,27,0.125,1.4838709677419355,0.525044322013855
29,2,28,0.10080645161290322,1.4758064516129032,0.5194398760795593
29,2,29,0.2056451612903226,1.6129032258064515,0.5507410168647766
29,2,30,0.1814516129032258,1.6048387096774193,0.5240079164505005
29,2,31,-0.05241935483870968,1.653225806451613,0.6152179837226868
29,2,32,-0.10887096774193548,1.6451612903225807,0.5936729907989502
30,1,0,0.1967728674412984,-1.3814258448940133,0.9988364577293396
30,1,1,0.13252050256250708,-1.4456782097728047,0.9986987113952636
30,1,2,0.12448895695265817,-1.4456782097728047,0.9985705614089966
30,1,3,0.12448895695265817,-1.4376466641629557,0.9988468885421752
30,1,4,0.11645741134280926,-1.4456782097728047,0.9985114932060242
30,1,5,0.10039432012311143,-1.4456782097728047,0.9982113242149352
30,1,6,0.0843312289034136,-1.4376466641629557,0.9984912276268004
30,1,7,0.06023659207386686,-1.3894573905038623,0.9981773495674132
30,1,8,0.012047318414773371,-1.3814258448940133,0.9976825714111328
30,1,9,0.18874132183144948,-1.3091419344053732,0.998060405254364
30,1,10,0.17267823061175167,-1.3091419344053732,0.9973472952842712
30,1,11,0.06826813768371577,-0.9878801100114165,0.9985204339027404
30,1,12,-0.04417350085416903,-1.0119747468409632,0.9978479743003844
30,1,13,-0.20480441305114733,-0.5220504646401795,0.5189853310585022
30,1,14,-0.4778769637860104,-0.6264605575682154,0.5610926747322083
30,1,15,-0.2770883235397876,-0.14456782097728046,0.5584679245948792
30,1,16,-0.49394005500570826,-0.1124416385378848,0.5778897404670715
30,1,17,-0.29315141475948536,-0.04015772804924457,0.5506328344345093
30,1,18,-0.5019716006155571,-0.01606309121969783,0.5679399371147156
30,1,19,-0.26905677792993865,-0.024094636829546743,0.5496888160705566
30,1,20,-0.4698454181761615,-0.008031545609848915,0.5632318258285522
30,1,21,-0.2851198691496365,-0.0562208192689424,0.5367366671562195
30,1,22,-0.4457507813466148,-0.048189273659093486,0.5491902828216553
30,1,23,0.06826813768371577,0.0,0.9950149059295654
30,1,24,-0.06826813768371577,0.0,0.993846595287323
30,1,25,0.12448895695265817,0.843312289034136,0.4914890825748443
30,1,26,-0.020078864024622285,0.8031545609848915,0.5611684918403625
30,1,27,-0.11645741134280926,1.4858359378220491,0.5026536583900452
30,1,28,-0.18874132183144948,1.598277576359934,0.5467575788497925
30,1,29,-0.236930595490543,1.614340667579632,0.5335914492607117
30,1,30,-0.3092145059791832,1.70268766928797,0.5388870239257812
30,1,31,0.06826813768371577,1.6625299412387253,0.6018641591072083
30,1,32,0.0762996832935647,1.7508769429470634,0.6171199679374695
30,2,0,-0.15804228631488498,-1.3631147194658828,0.9984387755393982
30,2,1,-0.10272748610467523,-1.434233748307581,0.9983034133911132
30,2,2,-0.08692325747318673,-1.4263316339918368,0.9981330633163452
30,2,3,-0.06321691452595399,-1.4263316339918368,0.9985714554786682
30,2,4,-0.12643382905190798,-1.434233748307581,0.9978654980659484
30,2,5,-0.12643382905190798,-1.434233748307581,0.9972665309906006
30,2,6,-0.12643382905190798,-1.434233748307581,0.9976478815078736
30,2,7,0.007902114315744248,-1.3789189480973714,0.9978729486465454
30,2,8,-0.06321691452595399,-1.3789189480973714,0.9959894418716432
30,2,9,-0.11062960042041949,-1.2919956906241847,0.997759222984314
30,2,10,-0.14223805768339648,-1.2919956906241847,0.996114194393158
30,2,11,0.04741268589446549,-1.0075195752573918,0.998653531074524
30,2,12,-0.10272748610467523,-0.9917153466259032,0.9972095489501952
30,2,13,0.2449655437880717,-0.5254906019969925,0.5667025446891785
30,2,14,-0.18965074357786196,-0.541294830628481,0.5113203525543213
30,2,15,-0.3081824583140257,-0.18569968641998985,0.6017528176307678
30,2,16,-0.40300783010295665,-0.1619933434727571,0.532597005367279
30,2,17,-0.3713993728399797,-0.16989545778850135,0.5933958292007446
30,2,18,-0.46622474462891067,-0.05926585736808186,0.5259159207344055
30,2,19,-0.40300783010295665,-0.043461628736593365,0.5923408269882202
30,2,20,-0.4820289732603992,-0.16989545778850135,0.5215964913368225
30,2,21,-0.3555951442084912,-0.10667854326254736,0.5796855688095093
30,2,22,-0.44251840168167794,-0.1777975721042456,0.5094684958457947
30,2,23,0.07902114315744249,-0.003951057157872124,0.9946247935295104
30,2,24,-0.07902114315744249,0.003951057157872124,0.9915937185287476
30,2,25,0.06321691452595399,0.8020646030480413,0.5000396966934204
30,2,26,-0.07902114315744249,0.7783582601008084,0.5164494514465332
30,2,27,0.11062960042041949,1.4658422055705582,0.5004454851150513
30,2,28,0.039510571578721246,1.521157005780768,0.5038813948631287
30,2,29,0.17384651494637346,1.5685696916752334,0.5503071546554565
30,2,30,0.11853171473616372,1.5764718059909777,0.5121642351150513
30,2,31,0.023706342947232745,1.6238844918854431,0.5916445851325989
30,2,32,-0.015804228631488497,1.65549294914842,0.5730806589126587
31,1,0,0.2856951210487967,-1.3667036871793787,0.9984256625175476
31,1,1,0.2316446927422676,-1.4284756052439835,0.998277485370636
31,1,2,0.22392320298419202,-1.4284756052439835,0.9981243014335632
31,1,3,0.21620171322611642,-1.420754115485908,0.9985071420669556
31,1,4,0.21620171322611642,-1.4284756052439835,0.9979236721992492
31,1,5,0.20075873370996525,-1.420754115485908,0.9973880648612976
31,1,6,0.18531575419381408,-1.420754115485908,0.9977428317070008
31,1,7,0.14670830540343616,-1.3667036871793787,0.9978405833244324
31,1,8,0.10810085661305821,-1.3667036871793787,0.9963055849075316
31,1,9,0.2779736312907211,-1.2972102793566986,0.99772447347641
31,1,10,0.26253065177456997,-1.289488789598623,0.9963945150375366
31,1,11,0.10810085661305821,-0.9806291992755996,0.998372197151184
31,1,12,-0.08493638733883145,-1.0192366480659774,0.9974828958511353
31,1,13,-0.03860744879037793,-0.5405042830652911,0.5185374021530151
31,1,14,-0.4787323650006864,-0.7180985475010295,0.5598875284194946
31,1,15,-0.13126532588728498,-0.1775942644357385,0.5494788885116577
31,1,16,-0.5559472625814422,-0.1775942644357385,0.5780996084213257
31,1,17,-0.1158223463711338,-0.03860744879037793,0.5431793928146362
31,1,18,-0.6177191806460469,-0.10810085661305821,0.5706539154052734
31,1,19,-0.10037936685498262,-0.0077214897580755865,0.5424358248710632
31,1,20,-0.5636687523395179,-0.13126532588728498,0.5666122436523438
31,1,21,-0.10037936685498262,-0.09265787709690704,0.5318668484687805
31,1,22,-0.5250613035491399,-0.15442979516151173,0.554931104183197
31,1,23,0.08493638733883145,0.0,0.9945127964019777
31,1,24,-0.08493638733883145,0.0,0.9922531843185424
31,1,25,0.1698727746776629,0.7721489758075587,0.4869154989719391
31,1,26,-0.02316446927422676,0.7567059962914074,0.5554227232933044
31,1,27,0.0,1.3589821974213032,0.488433837890625
31,1,28,-0.06177191806460469,1.5365764618570417,0.5406239628791809
31,1,29,-0.12354383612920938,1.513411992582815,0.5406216382980347
31,1,30,-0.1698727746776629,1.660120297986251,0.5387116074562073
31,1,31,0.07721489758075586,1.552019441373193,0.5873585939407349
31,1,32,0.16215128491958733,1.7064492365347046,0.6028054356575012
31,2,0,-0.23076733952044862,-1.3684098378580989,0.9984967708587646
31,2,1,-0.1659905424620771,-1.4331866349164704,0.9983511567115784
31,2,2,-0.1497963431974842,-1.4331866349164704,0.9982224106788636
31,2,3,-0.14169924356518776,-1.4331866349164704,0.9985878467559814
31,2,4,-0.18218474172666996,-1.4331866349164704,0.9979918003082277
31,2,5,-0.18218474172666996,-1.4331866349164704,0.997493326663971
31,2,6,-0.18218474172666996,-1.4331866349164704,0.9978234171867372
31,2,7,-0.060728247242223324,-1.3765069374903953,0.9979955554008484
31,2,8,-0.10931084503600198,-1.3765069374903953,0.9964064955711364
31,2,9,-0.19028184135896642,-1.295535941167431,0.9978861808776855
31,2,10,-0.21457314025585575,-1.295535941167431,0.9965519309043884
31,2,11,0.0931166457714091,-1.0202345536693518,0.9985337853431702
31,2,12,-0.10121374540370554,-0.9797490555078696,0.9975233674049376
31,2,13,0.3765151329017846,-0.5829911735253439,0.5665199160575867
31,2,14,-0.2631557380496344,-0.6234766716868261,0.5176745653152466
31,2,15,0.044534047977630435,-0.2995926863949684,0.5941467881202698
31,2,16,-0.49797162738623124,-0.3724665830856364,0.5535326600074768
31,2,17,-0.004048549816148221,-0.13765069374903954,0.5879071950912476
31,2,18,-0.5708455240768993,-0.3562723838210435,0.5498221516609192
31,2,19,0.05263114760992688,-0.16194199264592887,0.5871343016624451
31,2,20,-0.5708455240768993,-0.38056368271793284,0.5475996136665344
31,2,21,0.08501954613911265,-0.21052459043970753,0.5769468545913696
31,2,22,-0.5222629262831205,-0.3886607823502293,0.5366222262382507
31,2,23,0.036436948345333994,-0.008097099632296443,0.9947673082351683
31,2,24,-0.036436948345333994,0.008097099632296443,0.9917606711387634
31,2,25,0.1336021439328913,0.785418664332755,0.5167445540428162
31,2,26,0.08501954613911265,0.7206418672743834,0.5198606848716736
31,2,27,0.19837894099126285,1.497963431974842,0.5171146988868713
31,2,28,0.12550504430059486,1.5060605316071385,0.5089039206504822
31,2,29,0.15789344282978063,1.6518083249884743,0.565597414970398
31,2,30,0.15789344282978063,1.6194199264592886,0.5220836400985718
31,2,31,-0.11740794466829843,1.6922938231499567,0.6047871112823486
31,2,32,0.036436948345333994,1.7003909227822531,0.5762417316436768
32,1,0,0.23809523809523808,-1.3492063492063493,0.9983394742012024
32,1,1,0.19047619047619047,-1.4047619047619047,0.9981603622436525
32,1,2,0.19047619047619047,-1.4047619047619047,0.9980779886245728
32,1,3,0.19047619047619047,-1.4047619047619047,0.9983474016189576
32,1,4,0.1746031746031746,-1.4126984126984128,0.9978753328323364
32,1,5,0.16666666666666666,-1.4126984126984128,0.9974552392959596
32,1,6,0.15079365079365079,-1.4047619047619047,0.9977529048919678
32,1,7,0.1349206349206349,-1.3492063492063493,0.9977400302886964
32,1,8,0.09523809523809523,-1.3492063492063493,0.9965938925743104
32,1,9,0.24603174603174602,-1.2777777777777777,0.997510552406311
32,1,10,0.23015873015873015,-1.2777777777777777,0.9966448545455932
32,1,11,0.07142857142857142,-1.0,0.9981673359870912
32,1,12,-0.07142857142857142,-1.0,0.9977624416351318
32,1,13,-0.1746031746031746,-0.6111111111111112,0.5195847153663635
32,1,14,-0.49206349206349204,-0.7222222222222222,0.5656006336212158
32,1,15,-0.15873015873015872,-0.1349206349206349,0.5450471043586731
32,1,16,-0.5714285714285714,-0.3492063492063492,0.5968806147575378
32,1,17,-0.16666666666666666,-0.023809523809523808,0.5412855744361877
32,1,18,-0.6349206349206349,-0.18253968253968253,0.5920787453651428
32,1,19,-0.1349206349206349,-0.023809523809523808,0.5408406853675842
32,1,20,-0.5952380952380952,-0.14285714285714285,0.5899121761322021
32,1,21,-0.1349206349206349,-0.06349206349206349,0.532576322555542
32,1,22,-0.5555555555555556,-0.18253968253968253,0.5792736411094666
32,1,23,0.05555555555555555,-0.007936507936507936,0.994365930557251
32,1,24,-0.05555555555555555,0.007936507936507936,0.9923267364501952
32,1,25,0.23015873015873015,0.7857142857142857,0.4938693642616272
32,1,26,-0.03968253968253968,0.7619047619047619,0.5618910193443298
32,1,27,0.007936507936507936,1.4682539682539681,0.4998134672641754
32,1,28,-0.06349206349206349,1.6031746031746033,0.5454086661338806
32,1,29,-0.14285714285714285,1.619047619047619,0.5511423349380493
32,1,30,-0.19047619047619047,1.746031746031746,0.5458922386169434
32,1,31,0.11904761904761904,1.6587301587301588,0.5930047035217285
32,1,32,0.18253968253968253,1.8015873015873016,0.6040019392967224
32,2,0,-0.23357517341004022,-1.3686685599816393,0.998401403427124
32,2,1,-0.16801021245283596,-1.4342335209388435,0.9982274770736694
32,2,2,-0.15161897221353487,-1.4342335209388435,0.998158633708954
32,2,3,-0.13522773197423382,-1.426037900819193,0.9984287023544312
32,2,4,-0.18440145269213704,-1.4342335209388435,0.99791419506073
32,2,5,-0.18440145269213704,-1.4342335209388435,0.9974960684776306
32,2,6,-0.18440145269213704,-1.426037900819193,0.9977806210517884
32,2,7,-0.06146715089737901,-1.3768641801012897,0.9978911876678468
32,2,8,-0.11883649173493274,-1.3768641801012897,0.9965772032737732
32,2,9,-0.19259707281178756,-1.2949079789047844,0.9976794719696044
32,2,10,-0.21718393317073917,-1.303103599024435,0.9967266321182252
32,2,11,0.08605401125633061,-1.0326481350759673,0.9983493089675904
32,2,12,-0.11883649173493274,-0.9670831741187631,0.9978102445602416
32,2,13,0.35650947520479825,-0.6064758888541395,0.5673776268959045
32,2,14,-0.28274889412794346,-0.5900846486148384,0.5256088376045227
32,2,15,0.02868467041877687,-0.31962918466637086,0.5900336503982544
32,2,16,-0.5204218775978089,-0.39338976574322565,0.5768369436264038
32,2,17,-0.0040978100598252675,-0.2130861231109139,0.5859687924385071
32,2,18,-0.6105736989139648,-0.27865108406811817,0.5749489665031433
32,2,19,0.012293430179475802,-0.23767298346986548,0.5854492783546448
32,2,20,-0.643356179392567,-0.3769985255039246,0.5743697881698608
32,2,21,0.012293430179475802,-0.2622598438288171,0.5772740244865417
32,2,22,-0.5613999781960616,-0.3769985255039246,0.5642642974853516
32,2,23,0.053271530777728476,-0.01639124023930107,0.9946792125701904
32,2,24,-0.053271530777728476,0.01639124023930107,0.9921126961708068
32,2,25,0.15161897221353487,0.7867795314864513,0.5123332738876343
32,2,26,0.02868467041877687,0.7539970510078492,0.5200657844543457
32,2,27,0.19259707281178756,1.5407765824943005,0.5163868069648743
32,2,28,0.11883649173493274,1.5079941020156984,0.5071939826011658
32,2,29,0.15981459233318543,1.68829774464801,0.5692793726921082
32,2,30,0.13522773197423382,1.6473196440497575,0.5224698185920715
32,2,31,-0.09424963137598115,1.7292758452462627,0.6012092232704163
32,2,32,-0.02868467041877687,1.7292758452462627,0.5701576471328735
33,1,0,0.19465770150413297,-1.370714648091603,0.9983710050582886
33,1,1,0.14599327612809973,-1.4274898110303085,0.998209834098816
33,1,2,0.14599327612809973,-1.4274898110303085,0.9981523752212524
33,1,3,0.14599327612809973,-1.4274898110303085,0.9983769059181212
33,1,4,0.1378825385654275,-1.4274898110303085,0.9979410767555236
33,1,5,0.12166106344008311,-1.4274898110303085,0.9975703954696656
33,1,6,0.1135503258774109,-1.4274898110303085,0.9978290796279908
33,1,7,0.08110737562672207,-1.370714648091603,0.9978004097938538
33,1,8,0.048664425376033243,-1.3788253856542751,0.996815860271454
33,1,9,0.18654696394146075,-1.2977180100275532,0.9975305795669556
33,1,10,0.17843622637878856,-1.2977180100275532,0.996845245361328
33,1,11,0.024332212688016622,-0.9895099826460092,0.9981455206871032
33,1,12,-0.16221475125344414,-1.0057314577713536,0.998020350933075
33,1,13,0.016221475125344414,-0.5920838420750711,0.5214087963104248
33,1,14,-0.5596408918243823,-0.7786308060165319,0.572593629360199
33,1,15,-0.1378825385654275,-0.1378825385654275,0.5418680310249329
33,1,16,-0.6975234303898098,-0.3487617151949049,0.6179400086402893
33,1,17,-0.1378825385654275,-0.024332212688016622,0.5398476123809814
33,1,18,-0.7705200684538597,-0.2514328644428384,0.6150894165039062
33,1,19,-0.08110737562672207,-0.03244295025068883,0.5397168397903442
33,1,20,-0.7380771182031708,-0.3568724527575771,0.6144404411315918
33,1,21,-0.12166106344008311,-0.09732885075206649,0.5335795283317566
33,1,22,-0.6975234303898098,-0.3812046654455937,0.6046774387359619
33,1,23,0.07299663806404987,0.0,0.994858980178833
33,1,24,-0.07299663806404987,0.0,0.9927781224250792
33,1,25,0.08921811318939428,0.8921811318939428,0.4963970780372619
33,1,26,-0.08921811318939428,0.8678489192059261,0.5624002814292908
33,1,27,-0.07299663806404987,1.6221475125344413,0.5128625631332397
33,1,28,-0.12977180100275532,1.7113656257238357,0.5484195351600647
33,1,29,-0.1378825385654275,1.768140788662541,0.5705947875976562
33,1,30,-0.17032548881611634,1.849248164289263,0.555067777633667
33,1,31,0.1378825385654275,1.8249159516012465,0.6019054055213928
33,1,32,0.14599327612809973,1.922244802353313,0.6030685901641846
33,2,0,-0.22448979591836735,-1.3673469387755102,0.998407244682312
33,2,1,-0.15918367346938775,-1.4326530612244899,0.998220920562744
33,2,2,-0.14285714285714285,-1.4326530612244899,0.998170793056488
33,2,3,-0.11836734693877551,-1.4244897959183673,0.9984261989593506
33,2,4,-0.1836734693877551,-1.4326530612244899,0.9979358315467834
33,2,5,-0.1836734693877551,-1.4326530612244899,0.9975282549858092
33,2,6,-0.1836734693877551,-1.4326530612244899,0.9977872967720032
33,2,7,-0.044897959183673466,-1.3755102040816327,0.9979130029678344
33,2,8,-0.11836734693877551,-1.383673469387755,0.9966480135917664
33,2,9,-0.1836734693877551,-1.2938775510204081,0.997654378414154
33,2,10,-0.2163265306122449,-1.3020408163265307,0.9967441558837892
33,2,11,0.12653061224489795,-1.0326530612244897,0.9983292818069458
33,2,12,-0.12653061224489795,-0.9673469387755103,0.9979394674301147
33,2,13,0.4775510204081633,-0.6489795918367347,0.5691095590591431
33,2,14,-0.23265306122448978,-0.6244897959183674,0.5253231525421143
33,2,15,0.1510204081632653,-0.3877551020408163,0.5869996547698975
33,2,16,-0.39591836734693875,-0.37142857142857144,0.5808278918266296
33,2,17,0.10204081632653061,-0.2816326530612245,0.5840612649917603
33,2,18,-0.4448979591836735,-0.3142857142857143,0.5812712907791138
33,2,19,0.044897959183673466,-0.30612244897959184,0.5838602185249329
33,2,20,-0.4448979591836735,-0.3469387755102041,0.5814611911773682
33,2,21,0.053061224489795916,-0.3551020408163265,0.5776714086532593
33,2,22,-0.4204081632653061,-0.363265306122449,0.5725474953651428
33,2,23,0.08571428571428572,-0.012244897959183673,0.9951805472373962
33,2,24,-0.08571428571428572,0.012244897959183673,0.9928458333015442
33,2,25,0.11836734693877551,0.7959183673469388,0.5056790113449097
33,2,26,-0.08571428571428572,0.7959183673469388,0.5171356201171875
33,2,27,0.22448979591836735,1.6122448979591837,0.5154402256011963
33,2,28,0.061224489795918366,1.489795918367347,0.50550377368927
33,2,29,0.24081632653061225,1.6693877551020408,0.5760756731033325
33,2,30,0.1346938775510204,1.636734693877551,0.5265141725540161
33,2,31,0.012244897959183673,1.8081632653061224,0.5978363752365112
33,2,32,-0.1510204081632653,1.6857142857142857,0.5627309679985046
34,1,0,0.19434631924293982,-1.3847175246059462,0.9985239505767822
34,1,1,0.14575973943220488,-1.4414018677184703,0.998346745967865
34,1,2,0.13766197613041573,-1.4414018677184703,0.998297154903412
34,1,3,0.13766197613041573,-1.4414018677184703,0.9985249638557434
34,1,4,0.12956421282862657,-1.4494996310202597,0.9981037974357604
34,1,5,0.11336868622504824,-1.4494996310202597,0.9977381825447084
34,1,6,0.09717315962146991,-1.4494996310202597,0.9979749917984008
34,1,7,0.06478210641431328,-1.3928152879077356,0.9980455040931702
34,1,8,0.01619552660357832,-1.4009130512095247,0.996963918209076
34,1,9,0.1781507926393615,-1.3037398915880547,0.9978078603744508
34,1,10,0.1619552660357832,-1.3118376548898438,0.9970318078994752
34,1,11,0.01619552660357832,-0.9798293595164883,0.9982613921165466
34,1,12,-0.19434631924293982,-1.012220412723645,0.9981437921524048
34,1,13,-0.00809776330178916,-0.5911367210306087,0.5221331715583801
34,1,14,-0.5749411944270303,-0.8421673833860727,0.5725845098495483
34,1,15,-0.024293289905367478,-0.18624855594115067,0.53718501329422
34,1,16,-0.6397233008413437,-0.3805948751840905,0.6222661137580872
34,1,17,-0.0404888165089458,0.00809776330178916,0.5358746647834778
34,1,18,-0.712603170557446,-0.3158127687697772,0.6220697164535522
34,1,19,-0.024293289905367478,0.024293289905367478,0.5359631180763245
34,1,20,-0.6640165907467112,-0.3643993485805122,0.6221637725830078
34,1,21,0.0,-0.0809776330178916,0.5317123532295227
34,1,22,-0.6316255375395544,-0.3643993485805122,0.6137627363204956
34,1,23,0.08907539631968076,0.01619552660357832,0.995363712310791
34,1,24,-0.08907539631968076,-0.01619552660357832,0.9934896230697632
34,1,25,0.13766197613041573,0.8259718567824943,0.494440495967865
34,1,26,-0.1619552660357832,0.8745584365932293,0.5585966110229492
34,1,27,-0.048586579810734956,1.5385750273399403,0.5044389367103577
34,1,28,-0.1781507926393615,1.7005302933757236,0.5460630655288696
34,1,29,-0.09717315962146991,1.6357481869614103,0.567960262298584
34,1,30,-0.19434631924293982,1.8462900328079284,0.5590426325798035
34,1,31,0.0809776330178916,1.773410163091826,0.595569372177124
34,1,32,0.12956421282862657,1.9434631924293984,0.5970671772956848
34,2,0,-0.1991721818775662,-1.3413636738693233,0.9986067414283752
34,2,1,-0.14226584419826155,-1.406399488359957,0.9984203577041626
34,2,2,-0.1260068905756031,-1.398270011548628,0.9983786344528198
34,2,3,-0.10974793695294463,-1.398270011548628,0.9986131191253662
34,2,4,-0.16665427463224924,-1.406399488359957,0.9981781840324402
34,2,5,-0.1747837514435785,-1.406399488359957,0.9978079199790956
34,2,6,-0.1747837514435785,-1.406399488359957,0.9980298280715942
34,2,7,-0.028453168839652314,-1.3576226274919818,0.998193621635437
34,2,8,-0.11787741376427387,-1.365752104303311,0.9970057010650636
34,2,9,-0.15852479782092002,-1.2681983825673602,0.9979698061943054
34,2,10,-0.19104270506623694,-1.2681983825673602,0.997117519378662
34,2,11,0.1260068905756031,-1.0243140782274833,0.9984346628189088
34,2,12,-0.1016184601416154,-0.9755372173595078,0.9981216788291932
34,2,13,0.508092300708077,-0.699135005774314,0.5698410868644714
34,2,14,-0.21543113550022464,-0.6828760521516555,0.5232086181640625
34,2,15,0.16665427463224924,-0.4146033173777908,0.5830815434455872
34,2,16,-0.32111433404750467,-0.3739559333211447,0.5747901201248169
34,2,17,0.06097107608496924,-0.3007906420191816,0.5810948014259338
34,2,18,-0.36989119491548006,-0.3089201188305108,0.5772459506988525
34,2,19,-0.012194215216993848,-0.3333085492644985,0.5810871124267578
34,2,20,-0.3617617181041508,-0.3251790724531693,0.5778912901878357
34,2,21,0.012194215216993848,-0.36582645650981543,0.5766972899436951
34,2,22,-0.34550276448149236,-0.34143802607582774,0.5708459615707397
34,2,23,0.0772300297076277,-0.008129476811329231,0.9957119822502136
34,2,24,-0.0772300297076277,0.008129476811329231,0.9935813546180724
34,2,25,0.1016184601416154,0.7966887275102648,0.5036352872848511
34,2,26,-0.0772300297076277,0.7966887275102648,0.5096896290779114
34,2,27,0.2073016586888954,1.5608595477752125,0.5068907141685486
34,2,28,0.06910055289629848,1.5283416405298955,0.4993949234485626
34,2,29,0.25607851955687083,1.6665427463224927,0.5757813453674316
34,2,30,0.13413636738693233,1.6340248390771757,0.524155855178833
34,2,31,-0.028453168839652314,1.821002805737748,0.5945388674736023
34,2,32,-0.13413636738693233,1.723449084001797,0.5529404282569885
35,1,0,0.18822371592913414,-1.3528579582406517,0.9987159371376038
35,1,1,0.1490104417772312,-1.4155991968836963,0.9985418915748596
35,1,2,0.14116778694685062,-1.4155991968836963,0.9984949231147766
35,1,3,0.13332513211647,-1.4155991968836963,0.9987107515335084
35,1,4,0.12548247728608944,-1.4155991968836963,0.9983336925506592
35,1,5,0.10979716762532825,-1.4155991968836963,0.9979997873306274
35,1,6,0.08626920313418648,-1.4155991968836963,0.9982051849365234
35,1,7,0.03921327415190295,-1.368543267901413,0.9983100295066832
35,1,8,-0.023527964491141768,-1.3763859227317934,0.9972925186157228
35,1,9,0.18038106109875354,-1.2822740647672264,0.9981245994567872
35,1,10,0.1568530966076118,-1.2901167195976069,0.9973851442337036
35,1,11,0.023527964491141768,-0.9685678715520027,0.9984374642372132
35,1,12,-0.27449291906332063,-1.0156238005342864,0.9983079433441162
35,1,13,0.10979716762532825,-0.5529071655418315,0.5188705921173096
35,1,14,-0.53330052846588,-0.8274000846051521,0.5706566572189331
35,1,15,0.08626920313418648,-0.1607744240228021,0.5301489233970642
35,1,16,-0.5019299091443578,-0.41958203342536154,0.6164769530296326
35,1,17,0.0784265483038059,0.003921327415190295,0.5294259786605835
35,1,18,-0.5489858381266413,-0.3019422109696527,0.6175937652587891
35,1,19,0.08626920313418648,0.011763982245570884,0.5296347737312317
35,1,20,-0.5254578736354995,-0.2940995561392721,0.6180334687232971
35,1,21,0.07058389347342531,-0.027449291906332062,0.5267199873924255
35,1,22,-0.5097725639747384,-0.32547017546079443,0.6109619140625
35,1,23,0.10195451279494766,0.011763982245570884,0.9959452748298644
35,1,24,-0.10195451279494766,-0.011763982245570884,0.9941526055336
35,1,25,0.0784265483038059,0.8352427394355327,0.4929569363594055
35,1,26,-0.23527964491141767,0.8509280490962939,0.5454807877540588
35,1,27,-0.023527964491141768,1.541081674169786,0.4941041469573974
35,1,28,-0.10979716762532825,1.6508788417951141,0.5353022813796997
35,1,29,-0.11763982245570884,1.690092115947017,0.5620411038398743
35,1,30,-0.17253840626837297,1.7763613190812035,0.5473197102546692
35,1,31,0.07058389347342531,1.7920466287419647,0.5897818803787231
35,1,32,0.0784265483038059,1.8547878673850093,0.5850822925567627
35,2,0,-0.1975806451612903,-1.3548387096774193,0.9986149668693542
35,2,1,-0.125,-1.4112903225806452,0.9983205199241638
35,2,2,-0.10080645161290322,-1.4112903225806452,0.9983157515525818
35,2,3,-0.0846774193548387,-1.4112903225806452,0.9985957145690918
35,2,4,-0.15725806451612903,-1.4193548387096775,0.9980575442314148
35,2,5,-0.15725806451612903,-1.4193548387096775,0.997665286064148
35,2,6,-0.16532258064516128,-1.4193548387096775,0.9978461265563964
35,2,7,-0.004032258064516129,-1.3629032258064515,0.9983115196228028
35,2,8,-0.10080645161290322,-1.3790322580645162,0.996568500995636
35,2,9,-0.14919354838709678,-1.2741935483870968,0.9981263875961304
35,2,10,-0.1975806451612903,-1.282258064516129,0.99707293510437
35,2,11,0.125,-1.032258064516129,0.9985917210578918
35,2,12,-0.125,-0.967741935483871,0.9981754422187804
35,2,13,0.5120967741935484,-0.6935483870967742,0.5668333172798157
35,2,14,-0.24596774193548387,-0.5887096774193549,0.518952488899231
35,2,15,0.125,-0.3790322580645161,0.5762737989425659
35,2,16,-0.2862903225806452,-0.3467741935483871,0.5657117962837219
35,2,17,0.028225806451612902,-0.2661290322580645,0.5738700032234192
35,2,18,-0.35080645161290325,-0.18548387096774194,0.5697533488273621
35,2,19,-0.036290322580645164,-0.2903225806451613,0.5737898945808411
35,2,20,-0.3588709677419355,-0.20161290322580644,0.5706502199172974
35,2,21,-0.012096774193548387,-0.31451612903225806,0.5699474811553955
35,2,22,-0.3346774193548387,-0.23387096774193547,0.564312219619751
35,2,23,0.0846774193548387,-0.016129032258064516,0.9961143732070924
35,2,24,-0.0846774193548387,0.016129032258064516,0.993949294090271
35,2,25,0.14919354838709678,0.7983870967741935,0.5201564431190491
35,2,26,-0.05241935483870968,0.8225806451612904,0.5114645957946777
35,2,27,0.2217741935483871,1.564516129032258,0.5144636034965515
35,2,28,0.10080645161290322,1.5564516129032258,0.5071496367454529
35,2,29,0.29435483870967744,1.685483870967742,0.5774769186973572
35,2,30,0.125,1.653225806451613,0.528647243976593
35,2,31,0.04435483870967742,1.8064516129032258,0.60224848985672
35,2,32,-0.07661290322580645,1.7258064516129032,0.5621442198753357
36,1,0,0.21552061682445037,-1.359739164328805,0.9987203478813172
36,1,1,0.1606608234509539,-1.4224360710413724,0.9984444975852966
36,1,2,0.1606608234509539,-1.4224360710413724,0.9984343647956848
36,1,3,0.15282371011188298,-1.4145989577023015,0.9986868500709534
36,1,4,0.14498659677281206,-1.4224360710413724,0.9982221126556396
36,1,5,0.13714948343374114,-1.4224360710413724,0.997871160507202
36,1,6,0.1214752567555993,-1.4224360710413724,0.9980393052101136
36,1,7,0.05877835004303191,-1.3754133910069468,0.998404026031494
36,1,8,0.019592783347677306,-1.3832505043460177,0.9968968629837036
36,1,9,0.1998463901463085,-1.2892051442771666,0.9982366561889648
36,1,10,0.18417216346816667,-1.2970422576162375,0.9973403215408324
36,1,11,0.05877835004303191,-0.9913948373924716,0.9984493851661682
36,1,12,-0.13714948343374114,-1.0070690640706135,0.9983552098274232
36,1,13,0.12931237009467023,-0.5838649437607837,0.5165742635726929
36,1,14,-0.4819824703528617,-0.7406072105422021,0.5668657422065735
36,1,15,0.14498659677281206,-0.1920092768072376,0.5245906710624695
36,1,16,-0.3017288635542305,-0.3330773169105142,0.6084206700325012
36,1,17,0.17633505012909576,-0.0901268033993156,0.5235904455184937
36,1,18,-0.31740309023237234,-0.17633505012909576,0.611085057258606
36,1,19,0.13714948343374114,-0.06661546338210284,0.5237237215042114
36,1,20,-0.2703804101979468,-0.18417216346816667,0.6117570400238037
36,1,21,0.1606608234509539,-0.11363814341652836,0.5209538340568542
36,1,22,-0.25470618351980495,-0.2311948435025922,0.6053581833839417
36,1,23,0.11363814341652836,0.003918556669535461,0.9960413575172424
36,1,24,-0.11363814341652836,-0.003918556669535461,0.9944183826446532
36,1,25,0.09796391673838653,0.7797927772375567,0.513336718082428
36,1,26,0.05877835004303191,0.8033041172547695,0.5507695078849792
36,1,27,0.027429896686748226,1.5321556577883653,0.5046818852424622
36,1,28,-0.019592783347677306,1.5791783378227908,0.5414572358131409
36,1,29,-0.06661546338210284,1.6653865845525708,0.5674251914024353
36,1,30,-0.11363814341652836,1.7045721512479255,0.5527268648147583
36,1,31,0.08228969006024468,1.7751061712995637,0.6007605791091919
36,1,32,0.11363814341652836,1.8221288513339893,0.5921837687492371
36,2,0,-0.23127862005710234,-1.3918016957007766,0.998701810836792
36,2,1,-0.17345896504282673,-1.4496213507150522,0.9984257221221924
36,2,2,-0.1569390636101766,-1.441361399998727,0.9984440803527832
36,2,3,-0.14041916217752642,-1.441361399998727,0.9986955523490906
36,2,4,-0.1899788664754769,-1.4496213507150522,0.9981471300125122
36,2,5,-0.1899788664754769,-1.4496213507150522,0.9978222846984864
36,2,6,-0.18171891575915183,-1.4578813014313772,0.9979444146156312
36,2,7,-0.0495597042979505,-1.3918016957007766,0.9984869956970216
36,2,8,-0.12389926074487624,-1.4000616464171016,0.9968358874320984
36,2,9,-0.1899788664754769,-1.3092021885375258,0.9983312487602234
36,2,10,-0.22301866934077724,-1.3174621392538508,0.9973105788230896
36,2,11,0.08259950716325083,-1.0201039134661478,0.9986024498939514
36,2,12,-0.1486791128938515,-0.9788041598845224,0.9982776641845704
36,2,13,0.396477634383604,-0.6153663283662187,0.5646988749504089
36,2,14,-0.2395385707734274,-0.5492867226356181,0.5174871683120728
36,2,15,0.041299753581625416,-0.3180081025785157,0.5712418556213379
36,2,16,-0.297358225787703,-0.2932282504295404,0.5604767203330994
36,2,17,-0.0495597042979505,-0.22714864469893978,0.568832516670227
36,2,18,-0.297358225787703,-0.18584889111731437,0.5658227205276489
36,2,19,-0.11563931002855117,-0.26018844756424014,0.568756103515625
36,2,20,-0.3138781272203532,-0.22714864469893978,0.5673644542694092
36,2,21,-0.08259950716325083,-0.28496829971321536,0.5652233958244324
36,2,22,-0.30561817650402806,-0.24366854613158995,0.5621686577796936
36,2,23,0.10737935931222609,-0.012389926074487625,0.9961121678352356
36,2,24,-0.10737935931222609,0.012389926074487625,0.99392169713974
36,2,25,0.10737935931222609,0.7310056383947698,0.5196191668510437
36,2,26,-0.07433955644692575,0.7557854905437451,0.506519615650177
36,2,27,0.1569390636101766,1.4826611535803524,0.5006470680236816
36,2,28,0.041299753581625416,1.4000616464171016,0.4996238052845001
36,2,29,0.22301866934077724,1.5817805621762535,0.5702216625213623
36,2,30,0.0495597042979505,1.4826611535803524,0.5218421816825867
36,2,31,0.02477985214897525,1.647860167906854,0.5898705124855042
36,2,32,-0.09085945787957592,1.5570007100272782,0.5537365078926086
37,1,0,0.19008102178633318,-1.4132110750201292,0.998816967010498
37,1,1,0.14875906052843466,-1.4627974285296075,0.9985608458518982
37,1,2,0.14875906052843466,-1.4627974285296075,0.998576045036316
37,1,3,0.14049466827685494,-1.4545330362780278,0.9987998008728028
37,1,4,0.12396588377369555,-1.4710618207811872,0.9983170628547668
37,1,5,0.09917270701895645,-1.4710618207811872,0.9980267882347108
37,1,6,0.07437953026421733,-1.4710618207811872,0.9981380701065063
37,1,7,0.04958635350947822,-1.4132110750201292,0.9985966682434082
37,1,8,-0.033057569006318815,-1.421475467271709,0.997144103050232
37,1,9,0.18181662953475347,-1.3223027602527526,0.9984535574913024
37,1,10,0.14875906052843466,-1.3305671525043323,0.9975641965866088
37,1,11,0.02479317675473911,-0.975198285686405,0.9985029101371764
37,1,12,-0.20660980628949258,-1.0165202469443035,0.9984472393989564
37,1,13,0.2479317675473911,-0.5041279273463619,0.5164924263954163
37,1,14,-0.5041279273463619,-0.7107377336358545,0.5655918121337891
37,1,15,0.1983454140379129,-0.11570149152211584,0.5240750312805176
37,1,16,-0.3388400823147678,-0.27272494430213023,0.6036204695701599
37,1,17,0.20660980628949258,0.016528784503159408,0.5232691168785095
37,1,18,-0.32231129781160844,-0.14049466827685494,0.6072958707809448
37,1,19,0.2479317675473911,-0.008264392251579704,0.5236265063285828
37,1,20,-0.2975181210568693,-0.14875906052843466,0.6085321307182312
37,1,21,0.18181662953475347,0.0,0.5212271809577942
37,1,22,-0.2809893365537099,-0.19008102178633318,0.6031714677810669
37,1,23,0.09090831476737674,0.0,0.9961025714874268
37,1,24,-0.09090831476737674,0.0,0.994406282901764
37,1,25,0.04132196125789852,0.8016460484032312,0.5170412659645081
37,1,26,0.008264392251579704,0.7933816561516516,0.5507661700248718
37,1,27,0.0,1.644614058064361,0.5021960139274597
37,1,28,-0.05785074576105792,1.6776716270706797,0.5406933426856995
37,1,29,-0.08264392251579704,1.7768443340896363,0.5712651610374451
37,1,30,-0.14049466827685494,1.8016375108443754,0.5526631474494934
37,1,31,0.11570149152211584,1.8429594721022737,0.5996147394180298
37,1,32,0.09090831476737674,1.9008102178633317,0.5885913372039795
37,2,0,-0.2466609874389413,-1.4018566119446496,0.9988276958465576
37,2,1,-0.18088472412189027,-1.4511888094324379,0.9985653758049012
37,2,2,-0.16444065829262752,-1.4429667765178067,0.998605251312256
37,2,3,-0.14799659246336477,-1.4429667765178067,0.9988188743591307
37,2,4,-0.19732878995115305,-1.4594108423470693,0.9982967376708984
37,2,5,-0.19732878995115305,-1.4594108423470693,0.9980421662330629
37,2,6,-0.19732878995115305,-1.4594108423470693,0.9981161952018738
37,2,7,-0.04933219748778826,-1.385412546115387,0.998670220375061
37,2,8,-0.12333049371947065,-1.4018566119446496,0.9971842169761658
37,2,9,-0.2055508228657844,-1.3114142498837045,0.9985440373420716
37,2,10,-0.2384389545243099,-1.319636282798336,0.9975834488868712
37,2,11,0.07399829623168239,-1.015421064956975,0.9986509084701538
37,2,12,-0.16444065829262752,-0.9825329332984495,0.9984347820281982
37,2,13,0.3946575799023061,-0.5960973863107748,0.5645997524261475
37,2,14,-0.2548830203535727,-0.5303211229937238,0.5179803371429443
37,2,15,0.032888131658525506,-0.3083262342986766,0.5707207918167114
37,2,16,-0.32888131658525505,-0.250772003896257,0.5580345392227173
37,2,17,-0.06577626331705101,-0.22610590515236287,0.568511426448822
37,2,18,-0.3206592836706237,-0.1767737076645746,0.5639957785606384
37,2,19,-0.11510846080483927,-0.26721606972551976,0.568666934967041
37,2,20,-0.36176944824378054,-0.19321777349383734,0.5661085247993469
37,2,21,-0.09866439497557652,-0.2918821684694139,0.5654177665710449
37,2,22,-0.32888131658525505,-0.23432793806699423,0.5618413090705872
37,2,23,0.1068864278902079,-0.012333049371947066,0.9962466955184937
37,2,24,-0.1068864278902079,0.012333049371947066,0.994204580783844
37,2,25,0.07399829623168239,0.7358719458595082,0.5192980766296387
37,2,26,-0.09044236206094514,0.7276499129448768,0.5049325823783875
37,2,27,0.14799659246336477,1.4758549081763321,0.4952978193759918
37,2,28,0.02466609874389413,1.3771905132007556,0.4970828294754028
37,2,29,0.2137728557804158,1.5662972702372773,0.5711458921432495
37,2,30,0.05755423040241964,1.4594108423470693,0.519577145576477
37,2,31,0.008222032914631376,1.623851500639697,0.5870904922485352
37,2,32,-0.09866439497557652,1.5662972702372773,0.5487431287765503
38,1,0,-0.02711529001614429,-1.3945006294017064,0.99887615442276
38,1,1,-0.12008199864292472,-1.4409839837150966,0.9985803365707396
38,1,2,-0.12008199864292472,-1.4409839837150966,0.9986048936843872
38,1,3,-0.12008199864292472,-1.4332367579961982,0.998798370361328
38,1,4,-0.1743125786752133,-1.448731209433995,0.9983766078948976
38,1,5,-0.21304870726970515,-1.448731209433995,0.9981546998023988
38,1,6,-0.2207959329886035,-1.448731209433995,0.9982272982597352
38,1,7,-0.04260974145394103,-1.386753403682808,0.9985060691833496
38,1,8,-0.0735986443295345,-1.3945006294017064,0.9973959922790528
38,1,9,-0.03486251573504266,-1.3092811464938243,0.9984874129295348
38,1,10,-0.0968403214862296,-1.3247755979316211,0.9977432489395142
38,1,11,0.06585141861063613,-0.9916448920189912,0.998426616191864
38,1,12,-0.13557645008072144,-1.007139343456788,0.9985802173614502
38,1,13,0.28277373873979045,-0.4803279945716989,0.5196955800056458
38,1,14,-0.4454654788366562,-0.650766960387463,0.5658129453659058
38,1,15,0.3137626416153839,-0.030988902875593475,0.5280811190605164
38,1,16,-0.21304870726970515,-0.26340567444254454,0.600531816482544
38,1,17,0.3757404473665709,0.09296670862678043,0.5262506008148193
38,1,18,-0.15107090151851818,-0.15494451437796739,0.6039109826087952
38,1,19,0.398982124523266,0.11620838578347553,0.5272007584571838
38,1,20,-0.12008199864292472,-0.18593341725356086,0.6054675579071045
38,1,21,0.3524987702098758,0.046483354313390214,0.5252320766448975
38,1,22,-0.1278292243618231,-0.2246695458480527,0.5999833345413208
38,1,23,0.0968403214862296,0.007747225718898369,0.9959806799888612
38,1,24,-0.0968403214862296,-0.007747225718898369,0.9944249391555786
38,1,25,0.08134587004843287,0.7049975404197516,0.4994003772735595
38,1,26,-0.08134587004843287,0.7824697976087353,0.5411186814308167
38,1,27,-0.019368064297245923,1.4177423065584016,0.4803296029567718
38,1,28,-0.08909309576733124,1.5107090151851819,0.5278311967849731
38,1,29,-0.1278292243618231,1.5494451437796737,0.5539972186088562
38,1,30,-0.19755425583190842,1.6346646266875557,0.534643292427063
38,1,31,-0.0038736128594491844,1.6501590781253526,0.5802224278450012
38,1,32,-0.0968403214862296,1.743125786752133,0.5752372741699219
38,2,0,-0.24873379741575807,-1.3852559179154527,0.998927652835846
38,2,1,-0.19516036412621018,-1.4235226559794154,0.9986438751220704
38,2,2,-0.17985366890062507,-1.4235226559794154,0.998673975467682
38,2,3,-0.16454697367503995,-1.415869308366623,0.9988551139831544
38,2,4,-0.2104670593517953,-1.431176003592208,0.998433530330658
38,2,5,-0.2104670593517953,-1.4388293512050006,0.9982306361198424
38,2,6,-0.20281371173900273,-1.4388293512050006,0.998282551765442
38,2,7,-0.08036014993432183,-1.3699492226898675,0.998611867427826
38,2,8,-0.12628023561107718,-1.3852559179154527,0.997503936290741
38,2,9,-0.21812040696458784,-1.3010690941747345,0.9985983967781068
38,2,10,-0.24108044980296553,-1.3087224417875272,0.9978358149528505
38,2,11,0.0344400642575665,-1.01789523250141,0.9985814690589904
38,2,12,-0.13393358322386972,-0.9796284944374472,0.998569905757904
38,2,13,0.27169384025413573,-0.5127742900571013,0.5674816370010376
38,2,14,-0.12628023561107718,-0.49746759483151615,0.5184773206710815
38,2,15,-0.14924027844945484,-0.29082720928611716,0.5748482346534729
38,2,16,-0.30230723070530596,-0.26786716644773945,0.5684208869934082
38,2,17,-0.2640404926413432,-0.21429373315819158,0.5725014805793762
38,2,18,-0.371187359220439,-0.206640385545399,0.5759885907173157
38,2,19,-0.2946538830925134,-0.2831738616733246,0.5732616186141968
38,2,20,-0.39414740205881665,-0.23725377599656924,0.5784655213356018
38,2,21,-0.2640404926413432,-0.3137872521244948,0.5708032250404358
38,2,22,-0.3635340116076464,-0.275520514060532,0.5733157992362976
38,2,23,0.057400107095944175,0.007653347612792556,0.996086359024048
38,2,24,-0.057400107095944175,-0.007653347612792556,0.9942002892494202
38,2,25,0.09566684515990695,0.6811479375385375,0.5079570412635803
38,2,26,-0.04974675948315162,0.6888012851513301,0.4999909698963165
38,2,27,0.13393358322386972,1.3393358322386975,0.4829719364643097
38,2,28,0.04974675948315162,1.293415746561942,0.4926514625549316
38,2,29,0.19516036412621018,1.4464826988177932,0.5681552290916443
38,2,30,0.11862688799828462,1.3776025703026602,0.513971745967865
38,2,31,0.04974675948315162,1.5000561321073411,0.5779867768287659
38,2,32,-0.08036014993432183,1.4694427416561708,0.5448672771453857
39,1,0,-0.04591101059413318,-1.3811562353735065,0.9989655613899232
39,1,1,-0.007651835099022197,-1.4270672459676397,0.9986513257026672
39,1,2,0.007651835099022197,-1.4194154108686177,0.9986605048179626
39,1,3,0.015303670198044394,-1.4194154108686177,0.9988396763801576
39,1,4,-0.02295550529706659,-1.434719081066662,0.9984987378120422
39,1,5,-0.030607340396088787,-1.434719081066662,0.998316764831543
39,1,6,-0.030607340396088787,-1.434719081066662,0.9983755946159364
39,1,7,0.015303670198044394,-1.3735044002744843,0.9984301924705504
39,1,8,-0.038259175495110986,-1.3811562353735065,0.9976698756217957
39,1,9,-0.007651835099022197,-1.2969860492842624,0.998516857624054
39,1,10,-0.038259175495110986,-1.3046378843832847,0.9979575276374816
39,1,11,0.038259175495110986,-1.0138681506204412,0.9984933137893676
39,1,12,-0.14538486688142174,-0.9832608102243523,0.9987008571624756
39,1,13,0.06886651589119977,-0.4935433638869317,0.5220393538475037
39,1,14,-0.36728808475306546,-0.5777135499761759,0.5660067200660706
39,1,15,0.12242936158435515,-0.17216628972799944,0.5338500738143921
39,1,16,-0.16834037217848832,-0.2486846407182214,0.6089747548103333
39,1,17,0.2601623933667547,-0.049736928143644284,0.532609760761261
39,1,18,-0.09182202118826636,-0.17981812482702164,0.613158106803894
39,1,19,0.2601623933667547,-0.09564793873777747,0.5342519283294678
39,1,20,-0.038259175495110986,-0.2257291354211548,0.6148591637611389
39,1,21,0.2065995476735993,-0.11860344403484406,0.5323887467384338
39,1,22,-0.06886651589119977,-0.2563364758172436,0.6076474785804749
39,1,23,0.061214680792177574,0.0038259175495110984,0.9960747361183168
39,1,24,-0.061214680792177574,-0.0038259175495110984,0.9944998025894164
39,1,25,0.09947385628728857,0.7077947466595532,0.4916736185550689
39,1,26,-0.015303670198044394,0.6924910764615089,0.5377617478370667
39,1,27,-0.11477752648533296,1.3658525651754623,0.4777247011661529
39,1,28,-0.17599220727751053,1.4041117406705732,0.5291229486465454
39,1,29,-0.2142513827726215,1.4653264214627508,0.5562543869018555
39,1,30,-0.2601623933667547,1.5035855969578618,0.5351507663726807
39,1,31,0.07651835099022197,1.5571484426510172,0.5800051093101501
39,1,32,0.030607340396088787,1.5571484426510172,0.5768918991088867
39,2,0,-0.2512665023187704,-1.405521997345622,0.9989593029022216
39,2,1,-0.18844987673907782,-1.4526344665303916,0.9986384510993958
39,2,2,-0.17274572034415467,-1.44478238833293,0.9986456036567688
39,2,3,-0.15704156394923152,-1.4369303101354685,0.9988251328468324
39,2,4,-0.20415403313400096,-1.460486544727853,0.9984673857688904
39,2,5,-0.1963019549365394,-1.460486544727853,0.998310089111328
39,2,6,-0.1963019549365394,-1.4526344665303916,0.9983827471733092
39,2,7,-0.08637286017207733,-1.389817840950699,0.9984829425811768
39,2,8,-0.1256332511593852,-1.405521997345622,0.9977246522903442
39,2,9,-0.2277102677263857,-1.3191491371735447,0.9986041188240052
39,2,10,-0.24341442412130884,-1.3270012153710062,0.9979925155639648
39,2,11,0.023556234592384727,-1.0286222438674664,0.9986369609832764
39,2,12,-0.17274572034415467,-0.9658056182877738,0.998724400997162
39,2,13,0.14918948575176993,-0.49468092644007927,0.5690441131591797
39,2,14,-0.15704156394923152,-0.47112469184769457,0.5214934945106506
39,2,15,-0.2669706587136936,-0.3926039098730788,0.578491747379303
39,2,16,-0.3533435188857709,-0.28267481510861675,0.5733286738395691
39,2,17,-0.3926039098730788,-0.3533435188857709,0.5752261281013489
39,2,18,-0.47112469184769457,-0.2905268933060783,0.5799093246459961
39,2,19,-0.4240122226629251,-0.4161601444654635,0.5763792991638184
39,2,20,-0.47897677004515615,-0.32193520609592463,0.5824183225631714
39,2,21,-0.37689975347815563,-0.4240122226629251,0.5726845860481262
39,2,22,-0.4318643008603867,-0.32193520609592463,0.5760965943336487
39,2,23,0.07852078197461576,-0.007852078197461575,0.9961541295051576
39,2,24,-0.07852078197461576,0.007852078197461575,0.994397759437561
39,2,25,0.09422493836953891,0.7145391159690034,0.5245386958122253
39,2,26,-0.054964547382231034,0.6752787249816955,0.5108379125595093
39,2,27,0.24341442412130884,1.3270012153710062,0.5006621479988098
39,2,28,0.08637286017207733,1.2641845897913138,0.5090060234069824
39,2,29,0.31408312789846304,1.405521997345622,0.5728789567947388
39,2,30,0.18059779854161626,1.3348532935684678,0.5267232656478882
39,2,31,0.09422493836953891,1.5311552485050073,0.5957688689231873
39,2,32,-0.01570415639492315,1.4840427793202378,0.5664182901382446
40,1,0,0.10105274493115463,-1.407253040522746,0.9988664984703064
40,1,1,0.09356735641773577,-1.459650760116678,0.9984266757965088
40,1,2,0.10105274493115463,-1.4521653716032592,0.998397707939148
40,1,3,0.10105274493115463,-1.4521653716032592,0.9986578822135924
40,1,4,0.07859657939089805,-1.459650760116678,0.9983256459236144
40,1,5,0.07111119087747918,-1.459650760116678,0.9981582760810852
40,1,6,0.06362580236406032,-1.4521653716032592,0.9982790350914
40,1,7,0.05614041385064146,-1.399767652009327,0.9978452920913696
40,1,8,0.011228082770128291,-1.399767652009327,0.9976423382759094
40,1,9,0.10853813344457348,-1.3249137668751385,0.998432159423828
40,1,10,0.09356735641773577,-1.3249137668751385,0.9980405569076538
40,1,11,0.041169636823803736,-0.9955566722847086,0.998512327671051
40,1,12,-0.11602352195799236,-1.0030420607981274,0.998832106590271
40,1,13,0.0486550253372226,-0.3817548141843619,0.5173985958099365
40,1,14,-0.15345046452508665,-0.5090064189124825,0.5674329996109009
40,1,15,0.20584818411901867,-0.18713471283547153,0.531781792640686
40,1,16,0.17590663006534324,-0.33684248310384873,0.6102538108825684
40,1,17,0.3031582347934639,-0.07485388513418861,0.5320467352867126
40,1,18,0.2881874577666262,-0.34432787161726763,0.6134019494056702
40,1,19,0.3405851773605582,-0.1347369932415395,0.5339235067367554
40,1,20,0.3405851773605582,-0.3592986486441053,0.6147111654281616
40,1,21,0.29567284628004503,-0.14970777026837723,0.5304973721504211
40,1,22,0.2881874577666262,-0.3667840371575242,0.6031133532524109
40,1,23,0.0486550253372226,0.0,0.9959168434143066
40,1,24,-0.0486550253372226,0.0,0.9943605065345764
40,1,25,0.13099429898483006,0.6437434121540221,0.497132658958435
40,1,26,0.026198859796966015,0.6886557432345353,0.5394951701164246
40,1,27,-0.10853813344457348,1.2425744932275309,0.4870088100433349
40,1,28,-0.15345046452508665,1.2725160472812065,0.5345973968505859
40,1,29,-0.21333357263243755,1.3249137668751385,0.5595280528068542
40,1,30,-0.25076051519953185,1.3698260979556516,0.5421558022499084
40,1,31,0.10853813344457348,1.407253040522746,0.5915208458900452
40,1,32,0.10853813344457348,1.4446799830898402,0.5899780988693237
40,2,0,-0.21777268692023002,-1.4095832098836707,0.9989545941352844
40,2,1,-0.15442063254343585,-1.4650162574633656,0.99855637550354
40,2,2,-0.1385826189492373,-1.4570972506662665,0.9985257387161256
40,2,3,-0.12274460535503874,-1.4570972506662665,0.9987652897834778
40,2,4,-0.17817765293473367,-1.4650162574633656,0.9984561800956726
40,2,5,-0.18609665973183295,-1.4650162574633656,0.9982994198799132
40,2,6,-0.18609665973183295,-1.4650162574633656,0.9984161257743835
40,2,7,-0.1069065917608402,-1.4016642030865716,0.9980343580245972
40,2,8,-0.15442063254343585,-1.4095832098836707,0.9978169798851012
40,2,9,-0.18609665973183295,-1.3224741351155789,0.998562514781952
40,2,10,-0.21777268692023002,-1.330393141912678,0.9981719255447388
40,2,11,0.003959503398549637,-1.0136328700287072,0.9986479878425598
40,2,12,-0.2256916937173293,-0.9740378360432107,0.9988441467285156
40,2,13,0.06731155777534382,-0.4276263670433608,0.5642268657684326
40,2,14,-0.2336107005144286,-0.47514040782595646,0.5254860520362854
40,2,15,-0.3286387820796199,-0.5939255097824455,0.5755112171173096
40,2,16,-0.4078288500506126,-0.5464114689998499,0.5766759514808655
40,2,17,-0.447423884036109,-0.6176825301737434,0.5732406973838806
40,2,18,-0.49493792481870463,-0.578087496188247,0.5822279453277588
40,2,19,-0.4395048772390097,-0.6731155777534383,0.5745876431465149
40,2,20,-0.49493792481870463,-0.6097635233766441,0.5835702419281006
40,2,21,-0.4078288500506126,-0.6731155777534383,0.5697281360626221
40,2,22,-0.4553428908332083,-0.6097635233766441,0.5739885568618774
40,2,23,0.1069065917608402,-0.02375702039129782,0.9961439371109008
40,2,24,-0.1069065917608402,0.02375702039129782,0.9945544600486756
40,2,25,0.08314957136954237,0.6810345845505376,0.5285884141921997
40,2,26,-0.09106857816664166,0.6731155777534383,0.5156304240226746
40,2,27,0.2652867277028257,1.3620691691010751,0.5207948088645935
40,2,28,0.12274460535503874,1.2591220807387846,0.52251136302948
40,2,29,0.3286387820796199,1.4491782438691672,0.5836997628211975
40,2,30,0.20985368012313077,1.3383121487097773,0.5391780138015747
40,2,31,0.03563553058694673,1.5521253322314577,0.6190446019172668
40,2,32,-0.06731155777534382,1.4412592370720678,0.5905365347862244
41,1,0,0.15321459676663987,-1.4273149277734345,0.9985268712043762
41,1,1,0.15321459676663987,-1.4918263369383356,0.9979125261306764
41,1,2,0.1612785229122525,-1.483762410792723,0.9978207945823668
41,1,3,0.1612785229122525,-1.483762410792723,0.9982776045799256
41,1,4,0.1370867444754146,-1.4918263369383356,0.9978915452957152
41,1,5,0.129022818329802,-1.4918263369383356,0.9977016448974608
41,1,6,0.11289496603857674,-1.4918263369383356,0.9979356527328492
41,1,7,0.10483103989296412,-1.435378853919047,0.9968266487121582
41,1,8,0.048383556873675744,-1.435378853919047,0.9972883462905884
41,1,9,0.1612785229122525,-1.3466756663173083,0.9980594515800476
41,1,10,0.1370867444754146,-1.3466756663173083,0.9979366064071656
41,1,11,0.08063926145612625,-0.9999268420559655,0.9984537363052368
41,1,12,-0.10483103989296412,-0.9999268420559655,0.9989280104637146
41,1,13,0.11289496603857674,-0.4273880857174691,0.5133904218673706
41,1,14,-0.05644748301928837,-0.4677077164455322,0.571006178855896
41,1,15,0.322557045824505,-0.2741734889508292,0.5293422341346741
41,1,16,0.34674882426134285,-0.516091273319208,0.6151301860809326
41,1,17,0.3386848981157302,-0.24191778436837874,0.5311724543571472
41,1,18,0.49996342102798275,-0.516091273319208,0.6184267401695251
41,1,19,0.4838355687367575,-0.38706845498940595,0.5331719517707825
41,1,20,0.5402830517560459,-0.5644748301928837,0.6192575693130493
41,1,21,0.43545201186308174,-0.38706845498940595,0.5293338894844055
41,1,22,0.47577164259114485,-0.5725387563384964,0.6063039302825928
41,1,23,0.08063926145612625,-0.024191778436837872,0.9957596063613892
41,1,24,-0.08063926145612625,0.024191778436837872,0.9942539930343628
41,1,25,0.24998171051399137,0.7015615746682984,0.5003774762153625
41,1,26,-0.0322557045824505,0.7015615746682984,0.5348576903343201
41,1,27,-0.07257533531051362,1.419251001627822,0.4990689158439636
41,1,28,-0.129022818329802,1.4918263369383356,0.5406672954559326
41,1,29,-0.2015981536403156,1.5321459676663987,0.5642133355140686
41,1,30,-0.2338538582227661,1.6127852291225249,0.5512856841087341
41,1,31,0.10483103989296412,1.5966573768312997,0.6037468314170837
41,1,32,0.14515067062102724,1.5079541892295607,0.6074137687683105
41,2,0,-0.16145527299365617,-1.4106092272077329,0.9986039996147156
41,2,1,-0.10197175136441443,-1.4700927488369746,0.9980478882789612
41,2,2,-0.09347410541737988,-1.46159510288994,0.9979554414749146
41,2,3,-0.07647881352331082,-1.46159510288994,0.99837726354599
41,2,4,-0.11896704325848349,-1.4700927488369746,0.9980234503746032
41,2,5,-0.11896704325848349,-1.4700927488369746,0.9978458881378174
41,2,6,-0.11046939731144896,-1.4700927488369746,0.9980787634849548
41,2,7,-0.03399058378813814,-1.4106092272077329,0.9970455169677734
41,2,8,-0.08497645947034535,-1.4191068731547674,0.9974610209465028
41,2,9,-0.13596233515255257,-1.3256327677373876,0.9981123805046082
41,2,10,-0.16145527299365617,-1.3256327677373876,0.997904360294342
41,2,11,0.025492937841103607,-1.0537080974322823,0.99857896566391
41,2,12,-0.13596233515255257,-0.9432387001208334,0.9988152384757996
41,2,13,0.03399058378813814,-0.5778399243983484,0.5591661334037781
41,2,14,-0.22093879462289792,-0.4248822973517268,0.5407839417457581
41,2,15,-0.2974176081462087,-0.7392951973920046,0.5719542503356934
41,2,16,-0.3823940676165541,-0.6713140298157283,0.6012378334999084
41,2,17,-0.4078870054576577,-0.7817834271271773,0.5708502531051636
41,2,18,-0.45037523519283035,-0.7222999054979355,0.6025763750076294
41,2,19,-0.39089171356358865,-0.8327693028093844,0.5719504356384277
41,2,20,-0.45037523519283035,-0.7562904892860737,0.6022406220436096
41,2,21,-0.35690112977545047,-0.8242716568623499,0.5657140016555786
41,2,22,-0.4248822973517268,-0.7477928433390391,0.5892241597175598
41,2,23,0.050985875682207214,-0.008497645947034536,0.9959073662757874
41,2,24,-0.050985875682207214,0.008497645947034536,0.9942986965179444
41,2,25,0.09347410541737988,0.7817834271271773,0.5161757469177246
41,2,26,-0.01699529189406907,0.7732857811801427,0.4913259148597717
41,2,27,0.20394350272882886,1.5635668542543546,0.514152467250824
41,2,28,0.18694821083475976,1.4870880407310436,0.500275194644928
41,2,29,0.3399058378813814,1.6655386056187689,0.578766405582428
41,2,30,0.28042231625213965,1.5890597920954581,0.5211153626441956
41,2,31,0.0,1.7250221272480106,0.6135625243186951
41,2,32,0.008497645947034536,1.6740362515658034,0.5727949738502502
42,1,0,0.0743744506493669,-1.417246476262936,0.9983461499214172
42,1,1,0.12395741774894485,-1.4833570990623732,0.9976847767829896
42,1,2,0.1322212455988745,-1.4833570990623732,0.9975395798683168
42,1,3,0.14048507344880415,-1.4833570990623732,0.9980919361114502
42,1,4,0.10742976204908554,-1.4833570990623732,0.9977045059204102
42,1,5,0.10742976204908554,-1.4833570990623732,0.99750155210495
42,1,6,0.09916593419915588,-1.4833570990623732,0.9978172183036804
42,1,7,0.09090210634922623,-1.4337741319627955,0.9962713718414308
42,1,8,0.02479148354978897,-1.4337741319627955,0.9972128868103028
42,1,9,0.10742976204908554,-1.342872025613569,0.9976882934570312
42,1,10,0.09090210634922623,-1.342872025613569,0.997702658176422
42,1,11,0.09916593419915588,-1.0123189116163829,0.9984036087989808
42,1,12,-0.12395741774894485,-0.987527428066594,0.9988974332809448
42,1,13,0.10742976204908554,-0.4586424456710959,0.5090777277946472
42,1,14,-0.06611062279943725,-0.4503786178211663,0.5848699808120728
42,1,15,0.3222892861472566,-0.2189914380231359,0.5253530144691467
42,1,16,0.3636084253969049,-0.5495445520203222,0.6367809176445007
42,1,17,0.3140254582973269,-0.10329784812412071,0.5276395678520203
42,1,18,0.528884982395498,-0.5412807241703925,0.6360152959823608
42,1,19,0.37187225324683454,-0.21072761017320624,0.5293363332748413
42,1,20,0.553676465945287,-0.5825998634200408,0.6354120969772339
42,1,21,0.2809701468976083,-0.19419995447334693,0.5243834257125854
42,1,22,0.4875658431458497,-0.5908636912699704,0.6195990443229675
42,1,23,0.08263827849929656,-0.012395741774894485,0.9955381155014038
42,1,24,-0.08263827849929656,0.012395741774894485,0.9939948320388794
42,1,25,0.21485952409817108,0.7561402482685635,0.4848304986953735
42,1,26,0.008263827849929656,0.7726679039684229,0.5089163780212402
42,1,27,-0.06611062279943725,1.4833570990623732,0.489001452922821
42,1,28,-0.12395741774894485,1.5825230332615292,0.5139562487602234
42,1,29,-0.1900680405483821,1.5742592054115996,0.5534784197807312
42,1,30,-0.2313871797980304,1.7147442788604037,0.5272628664970398
42,1,31,0.1156935898990152,1.656897483910896,0.5933806896209717
42,1,32,0.15701272914866346,1.706480451010474,0.5866957306861877
42,2,0,-0.20470804941869772,-1.390308835635322,0.9984344244003296
42,2,1,-0.1450015350049109,-1.4500153500491089,0.9978430271148682
42,2,2,-0.1364720329457985,-1.4500153500491089,0.9976986050605774
42,2,3,-0.11941302882757367,-1.4500153500491089,0.998210906982422
42,2,4,-0.1535310370640233,-1.4585448521082212,0.997850775718689
42,2,5,-0.1535310370640233,-1.4585448521082212,0.9976543188095092
42,2,6,-0.1450015350049109,-1.4585448521082212,0.9979649782180786
42,2,7,-0.08529502059112405,-1.3988383376944344,0.9965516924858092
42,2,8,-0.1791195432413605,-1.4073678397535467,0.9973902106285096
42,2,9,-0.1791195432413605,-1.3135433171033104,0.9977837204933168
42,2,10,-0.19617854735958531,-1.3135433171033104,0.9976856112480164
42,2,11,-0.008529502059112406,-1.0491287532708258,0.9985376596450806
42,2,12,-0.11941302882757367,-0.9467747285614769,0.9988110065460204
42,2,13,0.0,-0.5544176338423064,0.5548641681671143
42,2,14,-0.1791195432413605,-0.44353410707384505,0.5488852858543396
42,2,15,-0.3326505803053838,-0.7079486709063296,0.567937433719635
42,2,16,-0.39235709471917063,-0.6482421564925428,0.6132354140281677
42,2,17,-0.45206360913295746,-0.759125683261004,0.5670031309127808
42,2,18,-0.46912261325118226,-0.6994191688472172,0.611806333065033
42,2,19,-0.43500460501473265,-0.8188321976747909,0.5678168535232544
42,2,20,-0.48618161736940707,-0.7420666791427792,0.6101536154747009
42,2,21,-0.40941609883739544,-0.8103026956156785,0.5605341792106628
42,2,22,-0.46059311119206986,-0.7335371770836668,0.594817042350769
42,2,23,0.01705900411822481,-0.008529502059112406,0.9957072138786316
42,2,24,-0.01705900411822481,0.008529502059112406,0.9940557479858398
42,2,25,0.01705900411822481,0.8017731935565661,0.4931786954402923
42,2,26,-0.008529502059112406,0.7847141894383413,0.4659110903739929
42,2,27,0.19617854735958531,1.56089887681757,0.4947060048580169
42,2,28,0.1705900411822481,1.4926628603446708,0.4726369082927704
42,2,29,0.2900030700098218,1.6632529015269188,0.5691663026809692
42,2,30,0.2644145638324846,1.5950168850540196,0.4965709447860718
42,2,31,-0.09382452265023646,1.7229594159407058,0.5959451794624329
42,2,32,-0.042647510295562026,1.6888414077042562,0.5476266741752625
43,1,0,0.03658264565098154,-1.3942052731429633,0.9984345436096193
43,1,1,0.1016184601416154,-1.4673705644449264,0.9978919625282288
43,1,2,0.1016184601416154,-1.4673705644449264,0.9977293610572816
43,1,3,0.10974793695294463,-1.4673705644449264,0.9982563257217408
43,1,4,0.08535950651895693,-1.4673705644449264,0.9979076981544496
43,1,5,0.0772300297076277,-1.4673705644449264,0.9977125525474548
43,1,6,0.06910055289629848,-1.4673705644449264,0.9980323910713196
43,1,7,0.06910055289629848,-1.4267231803882803,0.9966295957565308
43,1,8,-0.004064738405664616,-1.4267231803882803,0.9975180625915528
43,1,9,0.0772300297076277,-1.3291694586523295,0.9978371858596802
43,1,10,0.06097107608496924,-1.3210399818410001,0.9977812767028807
43,1,11,0.09348898333028617,-0.9958609093878309,0.998565137386322
43,1,12,-0.11787741376427387,-1.0039903861991601,0.9989129304885864
43,1,13,0.13413636738693233,-0.49183334708541854,0.5057922601699829
43,1,14,-0.004064738405664616,-0.5162217775194062,0.592914342880249
43,1,15,0.3536322412928216,-0.6381639296893448,0.5278956890106201
43,1,16,0.402409102160797,-0.7031997441799785,0.6490402817726135
43,1,17,0.44305648621744315,-0.5324807311420647,0.53225177526474
43,1,18,0.5243512543307355,-0.7357176514252955,0.6457653045654297
43,1,19,0.46744491665143084,-0.5975165456326985,0.5339267253875732
43,1,20,0.5324807311420647,-0.7844945122932709,0.6437968015670776
43,1,21,0.3617617181041508,-0.5812575920100401,0.5274414420127869
43,1,22,0.4755743934627601,-0.7763650354819417,0.6264854669570923
43,1,23,0.09348898333028617,0.004064738405664616,0.995663046836853
43,1,24,-0.09348898333028617,-0.004064738405664616,0.9940601587295532
43,1,25,0.2073016586888954,0.8007534659159293,0.4719931781291961
43,1,26,0.02032369202832308,0.8332713731612463,0.5017040371894836
43,1,27,-0.10974793695294463,1.5080179485015726,0.4802829325199127
43,1,28,-0.14226584419826155,1.6462190542941695,0.5021637082099915
43,1,29,-0.21543113550022464,1.629960100671511,0.5567635297775269
43,1,30,-0.2642079963682,1.7844201600867664,0.5165401101112366
43,1,31,0.09348898333028617,1.694995915162145,0.5877501368522644
43,1,32,0.14226584419826155,1.8250675441434125,0.5732042789459229
43,2,0,0.19273018305434964,-1.434271129706788,0.9983571767807008
43,2,1,0.15687340481167994,-1.5149488807527949,0.9978873133659364
43,2,2,0.15687340481167994,-1.5149488807527949,0.9977394342422484
43,2,3,0.15687340481167994,-1.5149488807527949,0.9982536435127258
43,2,4,0.1389450156903451,-1.5149488807527949,0.997891128063202
43,2,5,0.12101662656901024,-1.5149488807527949,0.9976559281349182
43,2,6,0.1030882374476754,-1.5149488807527949,0.9979564547538756
43,2,7,0.06723145920500569,-1.4701279079494578,0.996717929840088
43,2,8,0.013446291841001138,-1.4701279079494578,0.9976556301116944
43,2,9,0.19273018305434964,-1.3535933786607812,0.9978835582733154
43,2,10,0.1748017939330148,-1.3535933786607812,0.9978870749473572
43,2,11,0.08515984832634055,-0.9950255962340843,0.9986109733581544
43,2,12,-0.14790921025101253,-1.0039897907947517,0.9989778399467468
43,2,13,0.15687340481167994,-0.43924553347270384,0.4648513197898865
43,2,14,0.09412404288700797,-0.4482097280333713,0.627895176410675
43,2,15,0.5064769926777095,-0.6095652301253849,0.4931340515613556
43,2,16,0.5244053817990444,-0.6543862029287221,0.6622470617294312
43,2,17,0.6319757165270535,-0.6095652301253849,0.5021069645881653
43,2,18,0.6767966893303906,-0.6812787866107244,0.6558451056480408
43,2,19,0.6588683002090557,-0.6633503974893895,0.5050031542778015
43,2,20,0.6767966893303906,-0.7440281485353963,0.6534766554832458
43,2,21,0.6050831328450512,-0.6633503974893895,0.4991535544395447
43,2,22,0.6140473274057187,-0.7350639539747289,0.6310210824012756
43,2,23,0.11205243200834282,0.0,0.9917954802513124
43,2,24,-0.11205243200834282,0.0,0.9910642504692078
43,2,25,0.3182289069036936,0.5557800627613804,0.4486623704433441
43,2,26,0.09412404288700797,0.528887479079378,0.5385496020317078
43,2,27,0.1748017939330148,1.0039897907947517,0.4572053551673889
43,2,28,-0.3003005177823588,1.0398465690374215,0.5211182832717896
43,2,29,0.11205243200834282,1.0846675418407585,0.5293906331062317
43,2,30,-0.44372763075303756,1.0846675418407585,0.5252414345741272
43,2,31,0.3809782688283656,1.1294885146440956,0.5589787364006042
43,2,32,-0.14790921025101253,1.281879822175442,0.5845884680747986
44,1,0,0.160488391482542,-1.3620937841210614,0.9976169466972352
44,1,1,0.1440280436381787,-1.436165349420696,0.9970813393592834
44,1,2,0.1440280436381787,-1.436165349420696,0.997001051902771
44,1,3,0.1440280436381787,-1.436165349420696,0.9975279569625854
44,1,4,0.11110734794945214,-1.4443955233428778,0.997172474861145
44,1,5,0.09464700010508886,-1.4443955233428778,0.9969861507415771
44,1,6,0.07818665226072558,-1.4443955233428778,0.9972430467605592
44,1,7,0.08641682618290722,-1.3950144798097879,0.9957053661346436
44,1,8,-0.00411508696109082,-1.3950144798097879,0.9966845512390136
44,1,9,0.160488391482542,-1.2962523927436083,0.996383249759674
44,1,10,0.1275676957938154,-1.3127127405879715,0.9966734647750854
44,1,11,0.1028771740272705,-0.983505783700706,0.998254418373108
44,1,12,-0.11933752187163378,-1.0164264793894324,0.9989594221115112
44,1,13,0.1440280436381787,-0.5473065658250791,0.4652014076709747
44,1,14,0.0205754348054541,-0.6131479572025321,0.6640001535415649
44,1,15,0.48146517444762593,-0.7119100442687119,0.5134768486022949
44,1,16,0.44854447875889936,-0.8847436966345263,0.6941879987716675
44,1,17,0.5719970875916239,-0.7119100442687119,0.52085942029953
44,1,18,0.5884574354359873,-0.9094342184010712,0.687073290348053
44,1,19,0.5637669136694423,-0.7612910878018017,0.5242900252342224
44,1,20,0.5884574354359873,-0.9505850880119794,0.6848089098930359
44,1,21,0.5308462179807157,-0.75306091387962,0.5176126956939697
44,1,22,0.5390763919028975,-0.9341247401676162,0.6634349226951599
44,1,23,0.08641682618290722,0.00411508696109082,0.991965651512146
44,1,24,-0.08641682618290722,-0.00411508696109082,0.9914566874504088
44,1,25,0.21809960893781347,0.5143858701363525,0.4631367325782776
44,1,26,0.00411508696109082,0.6954496964243486,0.5697651505470276
44,1,27,-0.03703578264981738,1.3456334362766982,0.4592021107673645
44,1,28,-0.19340908717126853,1.2468713492105183,0.536781370639801
44,1,29,-0.15225821756036034,1.4773162190316043,0.5332175493240356
44,1,30,-0.2921711742374482,1.4032446537319696,0.5304250121116638
44,1,31,0.160488391482542,1.4114748276541513,0.557894229888916
44,1,32,0.0617263044163623,1.691300741008327,0.5888247489929199
44,2,0,-0.1379980269844625,-1.342344444303408,0.9978240132331848
44,2,1,-0.11290747662365114,-1.409252578598905,0.9973254203796388
44,2,2,-0.11290747662365114,-1.4008890618119678,0.9972587823867798
44,2,3,-0.12127099341058827,-1.4008890618119678,0.9977415204048156
44,2,4,-0.1379980269844625,-1.417616095385842,0.997400164604187
44,2,5,-0.15472506055833674,-1.417616095385842,0.9972217679023744
44,2,6,-0.19654264449302236,-1.417616095385842,0.997451901435852
44,2,7,-0.020908791967342803,-1.3590714778772823,0.9960848689079284
44,2,8,-0.08781692626283977,-1.3757985114511564,0.9968790411949158
44,2,9,-0.11290747662365114,-1.275436310007911,0.9966577291488647
44,2,10,-0.14636154377139962,-1.283799826794848,0.9968115091323853
44,2,11,0.07945340947590265,-1.0412578399736716,0.9984261393547058
44,2,12,-0.14636154377139962,-0.9576226721043004,0.998731017112732
44,2,13,0.2801778123623936,-0.6314455174137527,0.518233060836792
44,2,14,-0.12127099341058827,-0.4976292488227587,0.6026163101196289
44,2,15,-0.2216331948538337,-0.790352336365558,0.5605911612510681
44,2,16,-0.16308857734527388,-0.30526836272320496,0.6312391757965088
44,2,17,-0.3638129802317648,-0.8405334370871806,0.5659488439559937
44,2,18,-0.19654264449302236,-0.2132696780668966,0.6276728510856628
44,2,19,-0.380540013805639,-0.8907145378088034,0.5687428712844849
44,2,20,-0.2132696780668966,-0.23836022842770796,0.6255877017974854
44,2,21,-0.3387224298709534,-0.8739875042349292,0.5612565279006958
44,2,22,-0.18817912770608522,-0.27181429557545644,0.6066684722900391
44,2,23,0.07108989268896553,-0.020908791967342803,0.9927440285682678
44,2,24,-0.07108989268896553,0.020908791967342803,0.9920901656150818
44,2,25,0.07945340947590265,0.7736253027916837,0.4931393563747406
44,2,26,0.0041817583934685605,0.7736253027916837,0.5251358151435852
44,2,27,0.2550872620015822,1.5848864311245845,0.4897777438163757
44,2,28,0.19654264449302236,1.4594336793205276,0.5004004836082458
44,2,29,0.35544946344482764,1.6936121493547671,0.5474088788032532
44,2,30,0.2969048459362678,1.5681593975507102,0.5053339600563049
44,2,31,-0.020908791967342803,1.7856108340110755,0.581025242805481
44,2,32,-0.15472506055833674,1.609976981485396,0.5609486699104309
45,1,0,0.14037607045510356,-1.387245872732788,0.9980124235153198
45,1,1,0.10734640681860862,-1.4450477840966545,0.9975672960281372
45,1,2,0.09908899090948488,-1.4450477840966545,0.9975040555000304
45,1,3,0.08257415909123739,-1.4450477840966545,0.9979469776153564
45,1,4,0.08257415909123739,-1.4450477840966545,0.9976288676261902
45,1,5,0.06605932727298991,-1.453305200005778,0.9974623918533324
45,1,6,0.033029663636494955,-1.453305200005778,0.9976735711097716
45,1,7,0.1238612386368561,-1.4120181204601594,0.9964489340782166
45,1,8,0.04954449545474244,-1.4037607045510356,0.9971551895141602
45,1,9,0.1486334863642273,-1.3211865454597982,0.9969664216041564
45,1,10,0.1238612386368561,-1.329443961368922,0.997101068496704
45,1,11,0.19817798181896976,-0.9991473250039724,0.9985373616218568
45,1,12,-0.11560382272773236,-0.9991473250039724,0.9988264441490172
45,1,13,0.3633263000014445,-0.602791361366033,0.5193777680397034
45,1,14,0.033029663636494955,-0.536732034093043,0.6413266062736511
45,1,15,0.4046133795470632,-0.7514248477302603,0.5947980284690857
45,1,16,0.22295022954634097,-0.9248305818218588,0.6675373911857605
45,1,17,0.5615042818204142,-0.8092267590941264,0.5972362756729126
45,1,18,0.2890095568193309,-1.0404344045495912,0.663821816444397
45,1,19,0.536732034093043,-0.8505138386397452,0.5998162031173706
45,1,20,0.2559798931828359,-1.0817214840952099,0.6617886424064636
45,1,21,0.47067270682005313,-0.8587712545488689,0.5912227630615234
45,1,22,0.2477224772737122,-1.0486918204587148,0.6440181732177734
45,1,23,0.10734640681860862,-0.008257415909123739,0.9930838346481324
45,1,24,-0.10734640681860862,0.008257415909123739,0.9924185872077942
45,1,25,0.13211865454597982,0.759682263639384,0.4781883955001831
45,1,26,-0.08257415909123739,0.825741590912374,0.5431073904037476
45,1,27,-0.02477224772737122,1.651483181824748,0.4656868278980255
45,1,28,-0.07431674318211365,1.6679980136429953,0.5049643516540527
45,1,29,-0.09908899090948488,1.6349683500065004,0.5270121097564697
45,1,30,-0.15689090227335104,1.742314756825109,0.5060683488845825
45,1,31,0.13211865454597982,1.7588295886433565,0.5606305003166199
45,1,32,0.06605932727298991,1.89920565909846,0.5630478858947754
45,2,0,-0.1421089783981952,-1.4043710806409877,0.9981547594070436
45,2,1,-0.09195286837530277,-1.4545271906638801,0.9977391362190248
45,2,2,-0.07523416503433863,-1.4545271906638801,0.997684121131897
45,2,3,-0.07523416503433863,-1.4545271906638801,0.998093605041504
45,2,4,-0.10867157171626692,-1.4628865423343622,0.9977886080741882
45,2,5,-0.11703092338674898,-1.4628865423343622,0.9976282119750975
45,2,6,-0.13374962672771312,-1.4628865423343622,0.997818887233734
45,2,7,-0.00835935167048207,-1.4043710806409877,0.9967432618141174
45,2,8,-0.07523416503433863,-1.4127304323114698,0.9972741007804872
45,2,9,-0.13374962672771312,-1.329136915606649,0.9971567988395692
45,2,10,-0.15882768173915934,-1.3374962672771311,0.9971333742141724
45,2,11,0.10031222004578484,-1.0449189588102588,0.9986684322357178
45,2,12,-0.1922650884210876,-0.952966090434956,0.9985730648040771
45,2,13,0.3092960118078366,-0.6436700786271194,0.5664940476417542
45,2,14,-0.1671870334096414,-0.4932017485584421,0.589419960975647
45,2,15,-0.20062444009156968,-0.7690603536843504,0.6322852969169617
45,2,16,-0.3928895285126573,-0.7690603536843504,0.6291501522064209
45,2,17,-0.3260147151488007,-0.8442945187186891,0.6319715976715088
45,2,18,-0.4263269351945856,-0.9195286837530277,0.6293399930000305
45,2,19,-0.3176553634783187,-0.9111693320825456,0.6337436437606812
45,2,20,-0.43468628686506766,-0.9780441454464022,0.6263453960418701
45,2,21,-0.2758586051259083,-0.8777319254006174,0.6230996251106262
45,2,22,-0.40124888018313937,-0.9446067387644739,0.6086926460266113
45,2,23,0.11703092338674898,-0.01671870334096414,0.9936975836753844
45,2,24,-0.11703092338674898,0.01671870334096414,0.9929766654968262
45,2,25,0.09195286837530277,0.7607010020138684,0.505106508731842
45,2,26,-0.04179675835241035,0.7774197053548325,0.5070084929466248
45,2,27,0.2758586051259083,1.6467922790849678,0.4944099187850952
45,2,28,0.18390573675060554,1.5130426523572547,0.4854626655578613
45,2,29,0.359452121830729,1.6969483891078603,0.5439509153366089
45,2,30,0.29257730846687247,1.5966361690620754,0.499218076467514
45,2,31,0.02507805501144621,1.8641354225175015,0.5842767357826233
45,2,32,-0.06687481336385656,1.6802296857668961,0.5541771650314331
46,1,0,0.12036453436378186,-1.3721556917471132,0.9982826113700868
46,1,1,0.10431592978194427,-1.420301505492626,0.9979205131530762
46,1,2,0.10431592978194427,-1.420301505492626,0.9978652596473694
46,1,3,0.11234023207286306,-1.420301505492626,0.9982494711875916
46,1,4,0.0802430229091879,-1.4283258077835448,0.9979475736618042
46,1,5,0.07221872061826912,-1.4363501100744636,0.997788429260254
46,1,6,0.06419441832735033,-1.4363501100744636,0.9979678988456726
46,1,7,0.13641313894561943,-1.380179994038032,0.997015118598938
46,1,8,0.032097209163675165,-1.380179994038032,0.9974789023399352
46,1,9,0.13641313894561943,-1.299936971128844,0.99738347530365
46,1,10,0.10431592978194427,-1.3079612734197628,0.9973546862602234
46,1,11,0.20060755727296978,-1.0190863909466863,0.9987651705741882
46,1,12,-0.11234023207286306,-0.9789648794920924,0.9986714720726012
46,1,13,0.3610936030913456,-0.6419441832735032,0.5580056309700012
46,1,14,0.0,-0.497506742036965,0.6292067766189575
46,1,15,0.4333123237096147,-0.7302115084736099,0.6603748202323914
46,1,16,0.1604860458183758,-1.0271106932376053,0.665682852268219
46,1,17,0.5617011603643154,-0.7783573222191227,0.6579816341400146
46,1,18,0.20060755727296978,-1.1715481344741434,0.6654000878334045
46,1,19,0.5617011603643154,-0.8104545313827979,0.659311056137085
46,1,20,0.15246174352745703,-1.1956210413468997,0.6625421643257141
46,1,21,0.5135553466188026,-0.8104545313827979,0.6480535864830017
46,1,22,0.13641313894561943,-1.1554995298923059,0.6459795832633972
46,1,23,0.0802430229091879,-0.008024302290918791,0.9939666986465454
46,1,24,-0.0802430229091879,0.008024302290918791,0.9931210875511168
46,1,25,0.0882673252001067,0.7703330199282039,0.4787380993366241
46,1,26,-0.024072906872756372,0.8024302290918791,0.5264543294906616
46,1,27,-0.05617011603643153,1.5807875513110017,0.466245949268341
46,1,28,-0.10431592978194427,1.5807875513110017,0.4873153865337372
46,1,29,-0.12838883665470066,1.612884760474677,0.5234742760658264
46,1,30,-0.20863185956388855,1.685103481092946,0.50101637840271
46,1,31,0.20060755727296978,1.797443713165809,0.5567848086357117
46,1,32,0.11234023207286306,1.7733708062930527,0.5516564249992371
46,2,0,-0.14619537967407203,-1.401039055209857,0.9984040856361388
46,2,1,-0.08934162091193291,-1.4497708484345477,0.9980689287185668
46,2,2,-0.07309768983703602,-1.4497708484345477,0.9980202317237854
46,2,3,-0.05685375876213913,-1.4416488828970992,0.9983759522438048
46,2,4,-0.11370751752427825,-1.4578928139719962,0.9980732202529908
46,2,5,-0.11370751752427825,-1.4578928139719962,0.9979206323623656
46,2,6,-0.11370751752427825,-1.4660147795094447,0.9980804920196532
46,2,7,0.0,-1.3929170896724086,0.9972763061523438
46,2,8,-0.08934162091193291,-1.4091610207473055,0.9976059794425964
46,2,9,-0.12995144859917515,-1.327941365372821,0.9976083636283876
46,2,10,-0.16243931074896892,-1.3360633309102694,0.9975300431251526
46,2,11,0.08934162091193291,-1.0355506060246769,0.9988839626312256
46,2,12,-0.17868324182386583,-0.962452916187641,0.9986374378204346
46,2,13,0.2517809316609018,-0.6132083980773577,0.6015111804008484
46,2,14,-0.1543173452115205,-0.4670130184032857,0.5715692043304443
46,2,15,-0.2274150350485565,-0.7025500189892906,0.691745936870575
46,2,16,-0.28426879381069564,-0.39391532856624967,0.6090210676193237
46,2,17,-0.34112255257283475,-0.7187939500641876,0.6874202489852905
46,2,18,-0.32487862149793784,-0.345183535341559,0.6128326654434204
46,2,19,-0.3167566559604894,-0.8487453986633626,0.6882623434066772
46,2,20,-0.3330005870353863,-0.39391532856624967,0.6105844974517822
46,2,21,-0.28426879381069564,-0.8081355709761204,0.6759926676750183
46,2,22,-0.3167566559604894,-0.4101592596411465,0.5960903167724609
46,2,23,0.11370751752427825,-0.01218294830617267,0.9944897294044496
46,2,24,-0.11370751752427825,0.01218294830617267,0.993561863899231
46,2,25,0.1055855519868298,0.7431598466765329,0.5107218027114868
46,2,26,-0.05685375876213913,0.7756477088263266,0.4960930049419403
46,2,27,0.29239075934814407,1.563478365958826,0.4973029792308807
46,2,28,0.12995144859917515,1.4416488828970992,0.4725061357021332
46,2,29,0.3736104147226285,1.6284540902584135,0.5386583805084229
46,2,30,0.2111711039736596,1.5309905038090321,0.4932401180267334
46,2,31,0.06497572429958758,1.799015366544831,0.582278311252594
46,2,32,-0.02436589661234534,1.563478365958826,0.5481173992156982
47,1,0,0.09870326606062042,-1.362105071636562,0.998429238796234
47,1,1,0.07501448220607151,-1.4094826393456596,0.9981369972229004
47,1,2,0.09870326606062042,-1.40158637806081,0.9980872869491576
47,1,3,0.11449578863031969,-1.40158637806081,0.9984374046325684
47,1,4,0.05922195963637225,-1.4094826393456596,0.9981233477592468
47,1,5,0.05132569835152262,-1.4094826393456596,0.9979574680328368
47,1,6,0.05132569835152262,-1.4094826393456596,0.9981113076210022
47,1,7,0.13028831120001896,-1.362105071636562,0.997400164604187
47,1,8,0.05132569835152262,-1.3700013329214114,0.9976134300231934
47,1,9,0.12239204991516932,-1.2989349813577646,0.9976567029953004
47,1,10,0.09080700477577079,-1.3068312426426143,0.9975729584693908
47,1,11,0.17766587890911675,-1.014669575103178,0.9988468885421752
47,1,12,-0.08291074349092116,-0.9830845299637794,0.998668372631073
47,1,13,0.3513836271758087,-0.5803752044364481,0.5775724053382874
47,1,14,0.019740653212124083,-0.4935163303031021,0.6115542054176331
47,1,15,0.4698275464485532,-0.7304041688485912,0.7076879143714905
47,1,16,0.20925092404851528,-0.990980791248629,0.6469578146934509
47,1,17,0.5961677270061474,-0.7698854752728392,0.7029039859771729
47,1,18,0.26452475304246276,-1.1568022782304714,0.6499384641647339
47,1,19,0.604063988290997,-0.8093667816970874,0.7037822008132935
47,1,20,0.2329397079030642,-1.1646985395153209,0.6477327346801758
47,1,21,0.5487901592970496,-0.8093667816970874,0.6907020807266235
47,1,22,0.21714718533336494,-1.1252172330910728,0.6336707472801208
47,1,23,0.08291074349092116,-0.011844391927274451,0.994546353816986
47,1,24,-0.08291074349092116,0.011844391927274451,0.9937644004821776
47,1,25,0.14608083376971823,0.7461966914182904,0.4989210069179535
47,1,26,-0.04342943706667299,0.7856779978425386,0.527767539024353
47,1,27,-0.003948130642424817,1.5121340360487048,0.481212168931961
47,1,28,-0.07501448220607151,1.5753041263275018,0.4924362599849701
47,1,29,-0.09870326606062042,1.551615342472953,0.52906334400177
47,1,30,-0.16976961762426712,1.6621630004608479,0.505107581615448
47,1,31,0.1618733563394175,1.7095405681699456,0.569089949131012
47,1,32,0.1381845724848686,1.788503181018442,0.5586443543434143
47,2,0,-0.1450173883313823,-1.4128836977428962,0.9985439777374268
47,2,1,-0.08701043299882938,-1.4626039451707986,0.9982778429985046
47,2,2,-0.07043701718952855,-1.4543172372661484,0.9982332587242126
47,2,3,-0.0455768934755773,-1.4543172372661484,0.9985564351081848
47,2,4,-0.11187055671278064,-1.470890653075449,0.9982520341873168
47,2,5,-0.12015726461743105,-1.470890653075449,0.9980942010879515
47,2,6,-0.12015726461743105,-1.470890653075449,0.9982323050498962
47,2,7,-0.012430061856975627,-1.4045969898382458,0.9976344108581544
47,2,8,-0.09529714090347981,-1.4211704056475467,0.9977458715438844
47,2,9,-0.12844397252208148,-1.3383033266010425,0.9978607892990112
47,2,10,-0.16159080414068314,-1.3548767424103434,0.997741401195526
47,2,11,0.07872372509417896,-1.0399818420336273,0.9989581108093262
47,2,12,-0.1864509278546344,-0.9571147629871233,0.9986363649368286
47,2,13,0.2527445910918377,-0.5842129072778545,0.6192281246185303
47,2,14,-0.178164219949984,-0.476485704517399,0.5588252544403076
47,2,15,-0.21131105156858565,-0.7002268179429603,0.734782874584198
47,2,16,-0.30246483851974026,-0.774807189084814,0.6029531359672546
47,2,17,-0.3190382543290411,-0.7250869416569116,0.7285434603691101
47,2,18,-0.3687585017569436,-0.633933154705757,0.6104086637496948
47,2,19,-0.30246483851974026,-0.8245274365127165,0.7290160655975342
47,2,20,-0.3853319175662444,-0.6919401100383099,0.6081920862197876
47,2,21,-0.27760471480578897,-0.7996673127987654,0.715238094329834
47,2,22,-0.36047179385229317,-0.6836534021336594,0.5951241850852966
47,2,23,0.12015726461743105,-0.020716769761626043,0.9950156211853028
47,2,24,-0.12015726461743105,0.020716769761626043,0.9941495060920716
47,2,25,0.12844397252208148,0.7582337732755132,0.5327053666114807
47,2,26,-0.07043701718952855,0.7830938969894645,0.5001947283744812
47,2,27,0.3107515464243907,1.5786178558359045,0.5131229758262634
47,2,28,0.10358384880813022,1.4626039451707986,0.4799639284610748
47,2,29,0.3853319175662444,1.6531982269777583,0.5449979305267334
47,2,30,0.1864509278546344,1.5537577321219533,0.4986866414546966
47,2,31,0.03729018557092688,1.8355058008800675,0.5950045585632324
47,2,32,-0.03729018557092688,1.6034779795498557,0.5568556785583496
48,1,0,0.1582804721582833,-1.4001734075540446,0.9985817074775696
48,1,1,0.13392963028777818,-1.4407581440048864,0.9983385801315308
48,1,2,0.14204657757794656,-1.4407581440048864,0.998282551765442
48,1,3,0.15016352486811493,-1.4326411967147181,0.9985983967781068
48,1,4,0.11769573570744143,-1.4488750912950548,0.9983209371566772
48,1,5,0.10146184112710468,-1.4488750912950548,0.9981511831283568
48,1,6,0.09334489383693631,-1.4407581440048864,0.9982967376708984
48,1,7,0.15016352486811493,-1.3920564602638763,0.9976857900619508
48,1,8,0.07711099925659956,-1.4001734075540446,0.9978467226028442
48,1,9,0.1582804721582833,-1.3190039346523608,0.9978496432304382
48,1,10,0.13392963028777818,-1.3271208819425293,0.9978139400482178
48,1,11,0.1582804721582833,-1.018676884916131,0.998889148235321
48,1,12,-0.04464321009592606,-0.9780921484652891,0.9987174272537231
48,1,13,0.29626857609114565,-0.5722447839568704,0.58725506067276
48,1,14,0.020292368225420937,-0.4829583637650183,0.6016881465911865
48,1,15,0.4099058381535029,-0.8401040445324267,0.7372714877128601
48,1,16,0.32873636525181915,-0.8319870972422584,0.6413585543632507
48,1,17,0.5397769947961969,-0.8644548864029319,0.7318336963653564
48,1,18,0.434256680024008,-0.82387014995209,0.6471721529960632
48,1,19,0.499192258345355,-0.9131565701439421,0.7316209077835083
48,1,20,0.39367194357316615,-0.9212735174341105,0.6449771523475647
48,1,21,0.4423736273141764,-0.9131565701439421,0.7176703810691833
48,1,22,0.3530872071223243,-0.9050396228537737,0.6321433186531067
48,1,23,0.03652626280575769,-0.012175420935252562,0.9949108362197876
48,1,24,-0.03652626280575769,0.012175420935252562,0.994185984134674
48,1,25,0.06899405196643119,0.7670515189209114,0.514971137046814
48,1,26,0.08522794654676794,0.758934571630743,0.5388453006744385
48,1,27,-0.012175420935252562,1.5462784587770753,0.5023607015609741
48,1,28,-0.07711099925659956,1.603097089808254,0.5095930695533752
48,1,29,-0.1258126829976098,1.6193309843885908,0.5400079488754272
48,1,30,-0.18263131402878843,1.7167343518706113,0.5194661021232605
48,1,31,0.11769573570744143,1.7248512991607796,0.5839868783950806
48,1,32,0.14204657757794656,1.797903824772295,0.5739768147468567
48,2,0,-0.18740419405714343,-1.4177534680844763,0.9986173510551452
48,2,1,-0.12222012655900658,-1.466641518708079,0.9983461499214172
48,2,2,-0.11407211812173947,-1.466641518708079,0.9982931017875672
48,2,3,-0.09777610124720526,-1.4584935102708119,0.9985986351966858
48,2,4,-0.1466641518708079,-1.474789527145346,0.9983093738555908
48,2,5,-0.1466641518708079,-1.474789527145346,0.9981492161750792
48,2,6,-0.1466641518708079,-1.474789527145346,0.998295247554779
48,2,7,-0.04888805062360263,-1.4096054596472092,0.9977402687072754
48,2,8,-0.10592410968447237,-1.4259014765217435,0.9978171586990356
48,2,9,-0.1711081771826092,-1.3444213921490724,0.9979552626609802
48,2,10,-0.19555220249441052,-1.3525694005863393,0.9978160858154296
48,2,11,0.04074004218633553,-1.0347970715329224,0.9989938139915466
48,2,12,-0.1629601687453421,-0.9614649955975184,0.9987367987632751
48,2,13,0.1466641518708079,-0.5703605906086974,0.6276812553405762
48,2,14,-0.1385161434335408,-0.40740042186335523,0.5474103689193726
48,2,15,-0.3259203374906842,-0.7822088099776421,0.7614362835884094
48,2,16,-0.22814423624347893,-0.11407211812173947,0.5855134129524231
48,2,17,-0.4155484303006224,-0.8148008437267105,0.7546645402908325
48,2,18,-0.2770322868670816,-0.024444025311801315,0.5929017066955566
48,2,19,-0.40740042186335523,-0.8718369027875802,0.7540775537490845
48,2,20,-0.26073626999254734,0.04074004218633553,0.5910671353340149
48,2,21,-0.37480838811428685,-0.8718369027875802,0.7395386099815369
48,2,22,-0.26073626999254734,-0.07333207593540395,0.5802850127220154
48,2,23,0.08962809280993815,-0.008148008437267104,0.9953007102012634
48,2,24,-0.08962809280993815,0.008148008437267104,0.994439661502838
48,2,25,0.04888805062360263,0.7577647846658407,0.5380282998085022
48,2,26,-0.04888805062360263,0.7740608015403749,0.5004286766052246
48,2,27,0.24444025311801315,1.556269611518017,0.5222781896591187
48,2,28,0.11407211812173947,1.4503455018335447,0.4795931875705719
48,2,29,0.3177723290534171,1.621453679016154,0.5480173230171204
48,2,30,0.20370021093167762,1.539973594643483,0.4995748698711395
48,2,31,-0.04074004218633553,1.7355257971378935,0.5984306335449219
48,2,32,-0.06518406749813684,1.5888616452670854,0.5550667643547058
49,1,0,0.19785588665897225,-1.4011427075645586,0.9986971020698548
49,1,1,0.1655528847554666,-1.4495972104198172,0.9984597563743592
49,1,2,0.1655528847554666,-1.4495972104198172,0.9984019994735718
49,1,3,0.1655528847554666,-1.4495972104198172,0.998687982559204
49,1,4,0.14940138380371373,-1.4576729608956935,0.9984278082847596
49,1,5,0.14132563332783732,-1.4495972104198172,0.9982680678367616
49,1,6,0.1332498828519609,-1.4495972104198172,0.9984123706817628
49,1,7,0.14132563332783732,-1.4011427075645586,0.9978815913200378
49,1,8,0.07671962952082598,-1.409218458040435,0.9979910850524902
49,1,9,0.18170438570721942,-1.3203852028057945,0.9980964064598083
49,1,10,0.15747713427959018,-1.3203852028057945,0.9979928135871888
49,1,11,0.1332498828519609,-1.021582435198367,0.999007761478424
49,1,12,0.012113625713814628,-0.9731279323431085,0.9988499879837036
49,1,13,0.18978013618309583,-0.5531889075975347,0.5838074684143066
49,1,14,0.05249237809319672,-0.423976899983512,0.5912174582481384
49,1,15,0.3512951457006242,-0.8035371723497037,0.7329782843589783
49,1,16,0.3432193952247478,-0.4885829037905233,0.6250962615013123
49,1,17,0.4885829037905233,-0.8762189266325915,0.7319707870483398
49,1,18,0.4724314028387705,-0.5612646580734111,0.6305680871009827
49,1,19,0.45627990188701767,-0.9085219285360971,0.7304736375808716
49,1,20,0.4482041514111412,-0.6420221628321753,0.6286342740058899
49,1,21,0.39974964855588274,-0.9004461780602206,0.7162964940071106
49,1,22,0.3916738980800063,-0.6339464123562989,0.6173427700996399
49,1,23,0.028265126665567467,-0.00403787523793821,0.9953344464302064
49,1,24,-0.028265126665567467,0.00403787523793821,0.9946749210357666
49,1,25,0.11709838190020808,0.7470069190185687,0.5298047065734863
49,1,26,0.1332498828519609,0.8842946771084679,0.5426038503646851
49,1,27,-0.14940138380371373,1.328460953281671,0.5187528133392334
49,1,28,-0.09287113047257882,1.6514909723167277,0.5200967788696289
49,1,29,-0.23823463903835435,1.4011427075645586,0.5466775894165039
49,1,30,-0.2059316371348487,1.8049302313583795,0.5343337059020996
49,1,31,-0.07671962952082598,1.409218458040435,0.5966352820396423
49,1,32,0.1251741323760845,1.8049302313583795,0.5871961116790771
49,2,0,0.33815692280017795,-1.3825909628412338,0.9983722567558287
49,2,1,0.2953522490280035,-1.451078440876713,0.9983018040657043
49,2,2,0.28679131427356863,-1.451078440876713,0.9982539415359496
49,2,3,0.27823037951913376,-1.451078440876713,0.9985579252243042
49,2,4,0.27823037951913376,-1.451078440876713,0.9981558322906494
49,2,5,0.26110851001026397,-1.451078440876713,0.9979063272476196
49,2,6,0.2439866405013942,-1.4425175061222781,0.998087763786316
49,2,7,0.1926210319747849,-1.4082737671045384,0.9977917075157166
49,2,8,0.1412554234481756,-1.3997128323501036,0.9979877471923828
49,2,9,0.32103505329130816,-1.296981615296885,0.9980204701423644
49,2,10,0.3039131837824384,-1.296981615296885,0.9979143142700196
49,2,11,0.16693822771148026,-1.0144707684005339,0.9990425705909728
49,2,12,-0.02140233688608721,-0.9802270293827943,0.9989120364189148
49,2,13,0.28679131427356863,-0.5264974873977454,0.5501972436904907
49,2,14,0.15837729295704536,-0.406644400835657,0.627666711807251
49,2,15,0.5350584221521802,-0.8004473995396617,0.7011336088180542
49,2,16,0.5179365526433105,-0.6549115087142686,0.6510207653045654
49,2,17,0.6891552477320082,-0.8603739428207059,0.7002615928649902
49,2,18,0.6549115087142686,-0.6891552477320082,0.649736762046814
49,2,19,0.6634724434687036,-0.9203004861017501,0.6990387439727783
49,2,20,0.629228704450964,-0.8175692690485314,0.6465349793434143
49,2,21,0.5949849654332244,-0.9117395513473152,0.6850772500038147
49,2,22,0.5693021611699198,-0.8175692690485314,0.6315640211105347
49,2,23,0.06420701065826163,-0.004280467377217443,0.9928088784217834
49,2,24,-0.06420701065826163,0.004280467377217443,0.989993929862976
49,2,25,0.15837729295704536,0.6377896392053989,0.4848678708076477
49,2,26,0.20974290148365468,0.7148380519953128,0.5289350152015686
49,2,27,0.004280467377217443,1.1942503982436663,0.4703510105609894
49,2,28,-0.0898898149215663,1.2370550720158409,0.4764038324356079
49,2,29,-0.06420701065826163,1.2798597457880152,0.4980100691318512
49,2,30,-0.20974290148365468,1.3055425500513198,0.498483806848526
49,2,31,0.1326944886937407,1.3226644195601898,0.5425801873207092
49,2,32,0.09845074967600118,1.3997128323501036,0.5408964157104492
50,1,0,0.3146213496449926,-1.3320332465489297,0.9957101345062256
50,1,1,0.27376143410668186,-1.397409111410227,0.9946982860565186
50,1,2,0.27376143410668186,-1.397409111410227,0.9951601028442384
50,1,3,0.2655894509990197,-1.3892371283025646,0.9957464933395386
50,1,4,0.2655894509990197,-1.397409111410227,0.9940860867500304
50,1,5,0.24924548478369543,-1.397409111410227,0.9939064979553224
50,1,6,0.224729535460709,-1.397409111410227,0.994127869606018
50,1,7,0.15118168749174968,-1.3565491958719162,0.9937655925750732
50,1,8,0.12666573816876325,-1.3565491958719162,0.9923933148384094
50,1,9,0.29010540032200616,-1.2584853985799704,0.9914919137954712
50,1,10,0.27376143410668186,-1.2584853985799704,0.99074524641037
50,1,11,0.1348377212764254,-0.9806379729194574,0.998469054698944
50,1,12,0.020429957769155363,-1.013325905350106,0.9988051056861876
50,1,13,0.18386961992239828,-0.4658030371367423,0.5114546418190002
50,1,14,0.18386961992239828,-0.40859915538310726,0.6628146171569824
50,1,15,0.1184937550611011,-0.13075172972259433,0.643613874912262
50,1,16,0.6578446401668027,-0.7109625303666066,0.680280864238739
50,1,17,0.27376143410668186,-0.13075172972259433,0.6436407566070557
50,1,18,0.7804243867817349,-0.7599944290125795,0.6758774518966675
50,1,19,0.29010540032200616,-0.17161164526090505,0.643164873123169
50,1,20,0.7477364543510863,-0.841714260089201,0.6729248762130737
50,1,21,0.29010540032200616,-0.19612759458389148,0.6312084197998047
50,1,22,0.6823605894897892,-0.8253702938738767,0.6571457982063293
50,1,23,0.06128987330746609,0.0,0.9925553798675536
50,1,24,-0.06128987330746609,0.0,0.9901727437973022
50,1,25,0.11032177195343897,0.7518224459049174,0.4846963286399841
50,1,26,0.12666573816876325,0.7354784796895931,0.5627055764198303
50,1,27,-0.06946185641512824,1.3075172972259432,0.4744287133216858
50,1,28,-0.08580582263045253,1.511816874917497,0.5063872933387756
50,1,29,-0.15935367059941183,1.6589125708554155,0.5001527667045593
50,1,30,-0.19204160303006043,1.5690207566711318,0.517114520072937
50,1,31,0.12666573816876325,1.7569763681473614,0.5471838116645813
50,1,32,0.14300970438408755,1.3728931620872404,0.5635040402412415
50,2,0,-0.1020943884182905,-1.3740203107961597,0.9960803985595704
50,2,1,-0.06806292561219367,-1.4420832364083533,0.9951589107513428
50,2,2,-0.05955505991066946,-1.4420832364083533,0.9955655932426452
50,2,3,-0.042539328507621044,-1.4420832364083533,0.996105968952179
50,2,4,-0.09358652271676629,-1.4420832364083533,0.9945915341377258
50,2,5,-0.09358652271676629,-1.4420832364083533,0.9944092631340028
50,2,6,-0.1020943884182905,-1.4420832364083533,0.9946333169937134
50,2,7,-0.017015731403048417,-1.3995439079007324,0.9942927360534668
50,2,8,-0.07657079131371787,-1.3995439079007324,0.9930332899093628
50,2,9,-0.1020943884182905,-1.2974495194824418,0.9922623038291932
50,2,10,-0.12761798552286313,-1.2974495194824418,0.9915747046470642
50,2,11,0.09358652271676629,-1.0166899513321428,0.9986064434051514
50,2,12,-0.14463371692591154,-0.9826584885260461,0.9988313317298888
50,2,13,-0.034031462806096834,-0.48069441213611774,0.5588669776916504
50,2,14,-0.15314158262743574,-0.4211393522254483,0.6211598515510559
50,2,15,-0.4168854193746862,-0.6253281290620293,0.6766389012336731
50,2,16,-0.22120450823962942,0.038285395656858935,0.6407932639122009
50,2,17,-0.5189798077929767,-0.693391054674223,0.6749041676521301
50,2,18,-0.3062831652548715,0.08933258986600419,0.6356590390205383
50,2,19,-0.49345621068840406,-0.735930383181844,0.6741292476654053
50,2,20,-0.2892674338518231,0.08082472416447997,0.6328190565109253
50,2,21,-0.4679326135838315,-0.7189146517787957,0.661504864692688
50,2,22,-0.26374383674725044,0.07231685846295577,0.6197488903999329
50,2,23,0.07657079131371787,-0.012761798552286312,0.9931638240814208
50,2,24,-0.07657079131371787,0.012761798552286312,0.9908491969108582
50,2,25,0.13612585122438733,0.8039933087940376,0.5263522267341614
50,2,26,0.0,0.8720562344062314,0.5490815043449402
50,2,27,0.21269664253810522,1.552685490528168,0.515487015247345
50,2,28,0.21269664253810522,1.6973192074540795,0.5032814741134644
50,2,29,0.2977752995533473,1.7909057301708458,0.5205363631248474
50,2,30,0.2977752995533473,1.7228428045586521,0.5140823125839233
50,2,31,-0.12761798552286313,1.9865866413059026,0.5803961753845215
50,2,32,-0.042539328507621044,1.79941359587237,0.5659767985343933
51,1,0,0.21723318391736587,-1.3648801932921288,0.9962381720542908
51,1,1,0.20083822664058354,-1.4386575010376494,0.9954456686973572
51,1,2,0.20083822664058354,-1.4386575010376494,0.9957631230354308
51,1,3,0.2090357052789747,-1.4386575010376494,0.9962978363037108
51,1,4,0.1844432693638012,-1.4386575010376494,0.9949270486831664
51,1,5,0.17624579072541005,-1.4386575010376494,0.9947368502616882
51,1,6,0.16804831208701887,-1.4386575010376494,0.9949978590011596
51,1,7,0.2090357052789747,-1.3976701078456937,0.9945055842399596
51,1,8,0.16804831208701887,-1.4058675864840848,0.993601381778717
51,1,9,0.19264074800219236,-1.2911028855466085,0.9928233027458192
51,1,10,0.17624579072541005,-1.2911028855466085,0.9922610521316528
51,1,11,0.3483928421316245,-0.9632037400109619,0.998480260372162
51,1,12,-0.09427100434149839,-1.0205860904797,0.9989097118377686
51,1,13,0.2500230984709305,-0.47955250034588315,0.5217157602310181
51,1,14,0.028691175234369076,-0.5123424148994478,0.6578723788261414
51,1,15,0.372985278046798,-0.7172793808592269,0.6515985131263733
51,1,16,0.3401953634932333,-0.676291987667271,0.6747248768806458
51,1,17,0.49594745762266546,-0.7664642526895739,0.6496370434761047
51,1,18,0.4385651071539273,-0.7336743381360092,0.6679854393005371
51,1,19,0.47955250034588315,-0.8320440817967032,0.6491514444351196
51,1,20,0.42217014987714496,-0.7746617313279651,0.6649333238601685
51,1,21,0.4385651071539273,-0.8156491245199209,0.6366539597511292
51,1,22,0.38938023532358035,-0.7664642526895739,0.6509504318237305
51,1,23,0.13525839753345423,0.012296217957586748,0.993291199207306
51,1,24,-0.13525839753345423,-0.012296217957586748,0.991084635257721
51,1,25,0.061481089787933735,0.8074516458815297,0.5022843480110168
51,1,26,-0.11066596161828073,0.7828592099663563,0.5659163594245911
51,1,27,-0.16804831208701887,1.561619680613517,0.5023288726806641
51,1,28,-0.2336281411941482,1.6435944669974285,0.5142778158187866
51,1,29,-0.27461553438610403,1.7829516038500783,0.5125135779380798
51,1,30,-0.31560292757805986,1.7337667320197314,0.5137076377868652
51,1,31,0.07787604706471607,1.8403339543188164,0.5753216743469238
51,1,32,0.061481089787933735,1.7583591679349049,0.5753594040870667
51,2,0,-0.054166196476029674,-1.3791546948896787,0.9964284300804138
51,2,1,-0.054166196476029674,-1.4458207828601766,0.995733380317688
51,2,2,-0.04583293547971742,-1.4458207828601766,0.995993435382843
51,2,3,-0.0291664134870929,-1.4458207828601766,0.9965104460716248
51,2,4,-0.07083271846865419,-1.4541540438564888,0.9951671361923218
51,2,5,-0.07916597946496645,-1.4541540438564888,0.9948744177818298
51,2,6,-0.0874992404612787,-1.4541540438564888,0.995162844657898
51,2,7,0.012499891494468385,-1.4124877388749277,0.9948052763938904
51,2,8,-0.06249945747234193,-1.42082099987124,0.993841826915741
51,2,9,-0.054166196476029674,-1.3041553459228683,0.9931644201278688
51,2,10,-0.07083271846865419,-1.3124886069191806,0.9925129413604736
51,2,11,0.12083228444652773,-0.9791581670666902,0.9984995126724244
51,2,12,-0.12916554544283998,-1.0208244720482516,0.9986984133720398
51,2,13,-0.012499891494468385,-0.4791625072879548,0.5667262077331543
51,2,14,-0.17083185042440127,-0.5041622902768915,0.6104211807250977
51,2,15,-0.32916380935433415,-0.8208262081367573,0.6825904846191406
51,2,16,-0.3624968533395832,-0.4791625072879548,0.6379536390304565
51,2,17,-0.46249598529533026,-0.8791590351109432,0.6788609623908997
51,2,18,-0.41249641931745673,-0.45416272429901805,0.6340739130973816
51,2,19,-0.4458294633027058,-0.9374918620851289,0.6781220436096191
51,2,20,-0.4374962023063935,-0.4958290292805793,0.6315898895263672
51,2,21,-0.3958298973248322,-0.9208253400925045,0.6656556725502014
51,2,22,-0.40416315832114447,-0.4958290292805793,0.6196537613868713
51,2,23,0.0874992404612787,0.0041666304981561285,0.9933998584747314
51,2,24,-0.0874992404612787,-0.0041666304981561285,0.991235852241516
51,2,25,0.1458320674354645,0.8374927301293819,0.5021281838417053
51,2,26,-0.012499891494468385,0.7958264251478205,0.5300360321998596
51,2,27,0.29583076536908515,1.4958203488380502,0.4931237697601318
51,2,28,0.162498589428089,1.4791538268454256,0.4817766845226288
51,2,29,0.37916337533220773,1.587486219797485,0.5262860655784607
51,2,30,0.2458311993912116,1.5708196978048605,0.4961790442466736
51,2,31,0.2041648944096503,1.67915209075692,0.5655617713928223
51,2,32,0.012499891494468385,1.7291516567347933,0.5427557229995728
52,1,0,0.250348264752169,-1.3526882047093,0.9966000914573668
52,1,1,0.22612101332453974,-1.425369958992188,0.995971977710724
52,1,2,0.22612101332453974,-1.425369958992188,0.996152400970459
52,1,3,0.24227251427629257,-1.425369958992188,0.9966807961463928
52,1,4,0.20996951237278688,-1.425369958992188,0.9954851269721984
52,1,5,0.19381801142103405,-1.425369958992188,0.9951907396316528
52,1,6,0.18574226094515764,-1.425369958992188,0.9955097436904908
52,1,7,0.20996951237278688,-1.3930669570886822,0.9949657320976256
52,1,8,0.14536350856577554,-1.3930669570886822,0.9943433403968812
52,1,9,0.23419676380041615,-1.2880822009022888,0.9936314225196838
52,1,10,0.2180452628486633,-1.2880822009022888,0.9931462407112122
52,1,11,0.2180452628486633,-0.9731279323431085,0.9983628392219543
52,1,12,-0.07268175428288777,-1.021582435198367,0.9988059997558594
52,1,13,0.20189376189691047,-0.49665865426639977,0.5264979600906372
52,1,14,-0.01615150095175284,-0.520885905694029,0.6486511826515198
52,1,15,0.3876360228420681,-0.7793099209220744,0.6534165143966675
52,1,16,0.32303001903505674,-0.7470069190185687,0.6729385256767273
52,1,17,0.5087722799802143,-0.8358401742532093,0.6508919596672058
52,1,18,0.44416627617320303,-0.8035371723497037,0.6680579781532288
52,1,19,0.4926207790284615,-0.8842946771084679,0.6495217084884644
52,1,20,0.4360905256973266,-0.8519916752049622,0.6654379367828369
52,1,21,0.44416627617320303,-0.8762189266325915,0.6375954151153564
52,1,22,0.3957117733179445,-0.8358401742532093,0.6530859470367432
52,1,23,0.09690900571051703,0.00403787523793821,0.99355149269104
52,1,24,-0.09690900571051703,-0.00403787523793821,0.9915732741355896
52,1,25,0.10498475618639344,0.7793099209220744,0.4804372191429138
52,1,26,-0.024227251427629257,0.7631584199703215,0.554548978805542
52,1,27,-0.16959075999340478,1.5465062161303342,0.4746268689632416
52,1,28,-0.19381801142103405,1.5868849685097164,0.4955351650714874
52,1,29,-0.2664997657039218,1.659566722792604,0.5113552808761597
52,1,30,-0.29880276760742747,1.7322484770754918,0.5032168030738831
52,1,31,0.1292120076140227,1.6837939742202332,0.5524181723594666
52,1,32,0.10498475618639344,1.7564757285031212,0.5540251135826111
52,2,0,-0.060975105964917786,-1.3780373948071418,0.9967750310897828
52,2,1,-0.044715077707606375,-1.4349474937077318,0.9962049722671508
52,2,2,-0.03658506357895067,-1.4349474937077318,0.9963454008102416
52,2,3,-0.020325035321639262,-1.4349474937077318,0.9968565106391908
52,2,4,-0.060975105964917786,-1.4430775078363876,0.9956716895103456
52,2,5,-0.06910512009357349,-1.4512075219650433,0.9953182339668274
52,2,6,-0.07723513422222919,-1.4512075219650433,0.9956589937210084
52,2,7,0.020325035321639262,-1.3942974230644534,0.9952014684677124
52,2,8,-0.05284509183626208,-1.4105574513217647,0.994510293006897
52,2,9,-0.044715077707606375,-1.2967372535205848,0.9938883781433104
52,2,10,-0.07723513422222919,-1.3129972817778963,0.993274450302124
52,2,11,0.11788520486550771,-0.9877967166316681,0.9983698129653932
52,2,12,-0.12601521899416343,-1.0121867590176352,0.9986064434051514
52,2,13,-0.020325035321639262,-0.4918658547836701,0.5705090165138245
52,2,14,-0.17479530376609764,-0.5162558971696373,0.6003744602203369
52,2,15,-0.31300554395324465,-0.825196434058554,0.682928740978241
52,2,16,-0.34552560046786746,-0.4918658547836701,0.6333540678024292
52,2,17,-0.4349557558830802,-0.882106532959144,0.6783492565155029
52,2,18,-0.4837358406550144,-0.743896292771997,0.6323866844177246
52,2,19,-0.41056571349711307,-0.9308866177310782,0.6767303943634033
52,2,20,-0.3943056852398017,-0.5243859112982929,0.6306000351905823
52,2,21,-0.36991564285383455,-0.9227566036024225,0.6645806431770325
52,2,22,-0.36991564285383455,-0.5243859112982929,0.6201350092887878
52,2,23,0.09349516247954061,-0.004065007064327852,0.993651807308197
52,2,24,-0.09349516247954061,0.004065007064327852,0.9918145537376404
52,2,25,0.15853527550878624,0.8008063916725869,0.4849598705768585
52,2,26,-0.020325035321639262,0.7601563210293084,0.5206067562103271
52,2,27,0.2967455156959332,1.4593375360936989,0.472363144159317
52,2,28,0.15040526138013052,1.4105574513217647,0.4679300785064697
52,2,29,0.36991564285383455,1.5243776491229446,0.5259028077125549
52,2,30,0.22357538853803188,1.4999876067369775,0.4883853197097778
52,2,31,0.17479530376609764,1.6300678327954687,0.5503320693969727
52,2,32,-0.05284509183626208,1.5731577338948788,0.5279333591461182
53,1,0,0.3005846470213063,-1.399983287496495,0.9968380928039552
53,1,1,0.27587905959489756,-1.4658648539669183,0.9963396787643432
53,1,2,0.27587905959489756,-1.4576296581581154,0.996415674686432
53,1,3,0.27587905959489756,-1.4576296581581154,0.9969494938850404
53,1,4,0.2511734721684888,-1.4741000497757213,0.995843768119812
53,1,5,0.234703080550883,-1.4741000497757213,0.9954853653907776
53,1,6,0.21823268893327716,-1.4741000497757213,0.9958509206771852
53,1,7,0.25940866797729173,-1.416453679114101,0.9953386187553406
53,1,8,0.16058631827165679,-1.4246888749229036,0.9948413372039796
53,1,9,0.2923494512125034,-1.3258665252172688,0.994269847869873
53,1,10,0.2676438637860946,-1.3341017210260717,0.9937758445739746
53,1,11,0.2923494512125034,-0.9552827138211377,0.9983446002006532
53,1,12,-0.045293576948416014,-1.029399476100364,0.9986907243728638
53,1,13,0.34999582187412376,-0.559993314998598,0.5501620769500732
53,1,14,0.02058798952200728,-0.5435229233809922,0.6391689777374268
53,1,15,0.5476405212853936,-0.8317547766890941,0.6824159622192383
53,1,16,0.39940699672694124,-0.8729307557331086,0.6686505675315857
53,1,17,0.613522087755817,-0.8811659515419116,0.6741796731948853
53,1,18,0.48175895481497033,-0.9635179096299407,0.6663203835487366
53,1,19,0.5888165003294082,-0.9223419305859262,0.6720483303070068
53,1,20,0.47352375900616744,-1.0046938886739551,0.6643202304840088
53,1,21,0.5476405212853936,-0.930577126394729,0.6588518619537354
53,1,22,0.4488181715797587,-0.9799883012475465,0.6531392335891724
53,1,23,0.11941033922764221,0.008235195808802913,0.9938047528266908
53,1,24,-0.11941033922764221,-0.008235195808802913,0.9919065237045288
53,1,25,0.3005846470213063,0.7905787976450795,0.4588605463504791
53,1,26,0.012352793713204368,0.7823436018362766,0.5381626486778259
53,1,27,-0.05352877275721893,1.490570441393327,0.4488847553730011
53,1,28,-0.11941033922764221,1.4741000497757213,0.4757286012172699
53,1,29,-0.17705670988926261,1.5729223994813561,0.503940999507904
53,1,30,-0.22646788474208007,1.6470391617605824,0.4909591972827911
53,1,31,0.17705670988926261,1.671744749186991,0.5328318476676941
53,1,32,0.14411592665405096,1.6140983785253706,0.5342336297035217
53,2,0,-0.05805930706600901,-1.4058646496697895,0.997070848941803
53,2,1,-0.016588373447431144,-1.472218143459514,0.9966168403625488
53,2,2,0.0,-1.4639239567357987,0.9966765642166138
53,2,3,0.016588373447431144,-1.4639239567357987,0.9971710443496704
53,2,4,-0.041470933618577864,-1.472218143459514,0.9961180090904236
53,2,5,-0.041470933618577864,-1.4805123301832297,0.9957577586174012
53,2,6,-0.041470933618577864,-1.4805123301832297,0.996115744113922
53,2,7,0.04976512034229343,-1.4224530231172208,0.9956600069999696
53,2,8,-0.03317674689486229,-1.4390413965646518,0.9951924085617064
53,2,9,-0.03317674689486229,-1.3229227824326337,0.9946651458740234
53,2,10,-0.05805930706600901,-1.3312169691563494,0.994130313396454
53,2,11,0.1575895477505959,-0.9745669400365797,0.998444676399231
53,2,12,-0.0912360539608713,-1.0243320603788733,0.99867844581604
53,2,13,0.0912360539608713,-0.5681517905745167,0.5920848250389099
53,2,14,-0.14929536102688032,-0.5349750436796544,0.59363853931427
53,2,15,-0.290296535330045,-0.8750366993519929,0.7094687223434448
53,2,16,-0.3317674689486229,-0.4188564295476364,0.6368991732597351
53,2,17,-0.41470933618577865,-0.9413901931417175,0.6999999284744263
53,2,18,-0.3898267760146319,-0.3939738693764897,0.6380372047424316
53,2,19,-0.40641514946206303,-0.991155313484011,0.6979215741157532
53,2,20,-0.39812096273834746,-0.43544480299506755,0.6372221112251282
53,2,21,-0.3649442158434852,-0.9828611267602954,0.6849011182785034
53,2,22,-0.3649442158434852,-0.4437389897187831,0.627177894115448
53,2,23,0.11611861413201802,0.004147093361857786,0.994188129901886
53,2,24,-0.11611861413201802,-0.004147093361857786,0.99246084690094
53,2,25,0.17417792119802702,0.7672122719436905,0.4873947203159332
53,2,26,-0.03317674689486229,0.7755064586674061,0.5289332866668701
53,2,27,0.37323840256720076,1.4224530231172208,0.4767651259899139
53,2,28,0.09953024068458687,1.3892762762223585,0.4731523692607879
53,2,29,0.4312977096332098,1.497100703630661,0.5336547493934631
53,2,30,0.2156488548166049,1.513689077078092,0.4946560263633728
53,2,31,0.1824721079217426,1.6546902513812567,0.5573148131370544
53,2,32,-0.041470933618577864,1.5800425708678165,0.5348004698753357
54,1,0,0.39214351990295543,-1.3808457988072154,0.99732768535614
54,1,1,0.3504261241685985,-1.4559371111290578,0.9969240427017212
54,1,2,0.3504261241685985,-1.4559371111290578,0.9969741106033324
54,1,3,0.3504261241685985,-1.4559371111290578,0.9974319934844972
54,1,4,0.3337391658748557,-1.4559371111290578,0.996469020843506
54,1,5,0.3170522075811129,-1.4559371111290578,0.9961379766464232
54,1,6,0.30036524928737013,-1.4559371111290578,0.9964662790298462
54,1,7,0.3170522075811129,-1.414219715394701,0.9960647821426392
54,1,8,0.24196089525927036,-1.414219715394701,0.9956270456314088
54,1,9,0.37545656160921265,-1.3057544864853727,0.9951581358909608
54,1,10,0.3504261241685985,-1.3140979656322442,0.9946750998497008
54,1,11,0.2920217701404987,-0.9553283623167743,0.9985819458961488
54,1,12,0.05840435402809974,-1.0137327163448742,0.9987735152244568
54,1,13,0.4088304781966982,-0.5464978841200762,0.5871248245239258
54,1,14,0.06674783317497113,-0.521467446679462,0.6333855390548706
54,1,15,0.5423261445466404,-0.7383979044981182,0.7274669408798218
54,1,16,0.4422043947841838,-1.0053892371980027,0.6726289391517639
54,1,17,0.6090739777216116,-0.7717718210856037,0.7160899043083191
54,1,18,0.5172957071060262,-1.0888240286667166,0.6731069684028625
54,1,19,0.6007304985747403,-0.8218326959668321,0.7138798832893372
54,1,20,0.5089522279591548,-1.138884903547945,0.672181248664856
54,1,21,0.575700061134126,-0.8134892168199607,0.6996067762374878
54,1,22,0.48392179051854073,-1.1055109869604594,0.6621845960617065
54,1,23,0.08343479146871392,0.012515218720307088,0.9946783781051636
54,1,24,-0.08343479146871392,-0.012515218720307088,0.9930128455162048
54,1,25,0.45889135307792656,0.7550848627918609,0.4768325090408325
54,1,26,0.2836782909936273,0.7383979044981182,0.5653772950172424
54,1,27,-0.008343479146871391,1.4726240694228006,0.4688773453235626
54,1,28,0.04171739573435696,1.4475936319821865,0.5052486062049866
54,1,29,-0.11680870805619949,1.5727458191852572,0.5286642909049988
54,1,30,-0.1001217497624567,1.6061197357727428,0.5177158117294312
54,1,31,0.2669913326998845,1.672867568947714,0.557189404964447
54,1,32,0.2503043744061417,1.6895545272414567,0.5637449026107788
54,2,0,0.7009004487666453,-1.5216129400575034,0.9972329139709472
54,2,1,0.6529756317569602,-1.6174625740768738,0.996989905834198
54,2,2,0.6409944275045388,-1.6174625740768738,0.9970915913581848
54,2,3,0.6409944275045388,-1.6174625740768738,0.9974785447120668
54,2,4,0.6290132232521175,-1.6174625740768738,0.9965569376945496
54,2,5,0.5930696104948537,-1.6054813698244523,0.996237814426422
54,2,6,0.5691072019900111,-1.6054813698244523,0.9964489340782166
54,2,7,0.521182384980326,-1.5575565528147672,0.9963022470474244
54,2,8,0.4013703424561131,-1.545575348562346,0.9957497715950012
54,2,9,0.7009004487666453,-1.4257633060381332,0.9954776167869568
54,2,10,0.6649568360093814,-1.413782101785712,0.9950044751167296
54,2,11,0.4253327509609557,-0.9465151359412817,0.9985464811325072
54,2,12,0.005990602126210644,-1.006421157203388,0.9984377026557922
54,2,13,0.2935395041843215,-0.31151131056295345,0.5749166011810303
54,2,14,-0.02995301063105322,-0.27556769780568957,0.6591055989265442
54,2,15,0.7967500827860156,-0.5511353956113791,0.7233151197433472
54,2,16,0.7368440615239091,-1.0184023614558093,0.7003472447395325
54,2,17,0.9045809210578072,-0.5631165998638005,0.7118891477584839
54,2,18,0.856656104048122,-1.1621768124848648,0.698012113571167
54,2,19,0.9165621253102284,-0.6110414168734857,0.7135400772094727
54,2,20,0.856656104048122,-1.2340640379993926,0.6968867182731628
54,2,21,0.8686373083005433,-0.6350038253783282,0.6965600252151489
54,2,22,0.8207124912908581,-1.1981204252421287,0.6851563453674316
54,2,23,0.1497650531552661,-0.011981204252421288,0.9579873085021972
54,2,24,-0.1497650531552661,0.011981204252421288,0.9659146666526794
54,2,25,0.17372746166010866,0.503210578601694,0.4342516660690307
54,2,26,-0.06589662338831707,0.33547371906779605,0.545718789100647
54,2,27,0.053915419135895794,1.1981204252421287,0.4242230653762817
54,2,28,-0.2456146871746364,1.2939700592614989,0.4638655185699463
54,2,29,-0.005990602126210644,1.3059512635139203,0.480782151222229
54,2,30,-0.353445525446428,1.4377445102905544,0.4828764796257019
54,2,31,0.2456146871746364,1.3898196932808693,0.5042238235473633
54,2,32,-0.02995301063105322,1.5335941443099248,0.5141979455947876
55,1,0,0.017750236363228065,-1.183349090881871,0.9871625304222108
55,1,1,0.02366698181763742,-1.248433290880374,0.9873589873313904
55,1,2,0.029583727272046775,-1.2425165454259646,0.9881893992424012
55,1,3,0.03550047272645613,-1.2425165454259646,0.9901747107505798
55,1,4,0.005916745454409355,-1.2425165454259646,0.985598087310791
55,1,5,0.0,-1.248433290880374,0.9839875102043152
55,1,6,-0.01183349090881871,-1.2543500363347833,0.9850318431854248
55,1,7,0.04733396363527484,-1.2957672545156487,0.9865155220031738
55,1,8,-0.017750236363228065,-1.2306830545171459,0.9803282618522644
55,1,9,0.10058467272495902,-1.1655988545186429,0.9796047806739808
55,1,10,0.04733396363527484,-1.1596821090642335,0.9702823758125304
55,1,11,0.16566887272346192,-0.9466792727054968,0.9973521828651428
55,1,12,-0.18933585454109936,-1.053180690884865,0.99726140499115
55,1,13,0.14791863636023386,-0.6035080363497541,0.5565586686134338
55,1,14,-0.28400378181164904,-0.8815950727069939,0.656724214553833
55,1,15,0.24258656363078354,-0.6567587454394384,0.70074862241745
55,1,16,0.07100094545291226,-1.0058467272495903,0.6820266246795654
55,1,17,0.2366698181763742,-0.6212582727129823,0.6892628073692322
55,1,18,0.2603367999940116,-0.9762629999775435,0.6738328337669373
55,1,19,0.24258656363078354,-0.6981759636203039,0.691657543182373
55,1,20,0.2366698181763742,-1.035430454521637,0.672783374786377
55,1,21,0.2366698181763742,-0.7040927090747132,0.6774987578392029
55,1,22,0.15383538181464324,-1.0295137090672277,0.6638931035995483
55,1,23,0.10058467272495902,0.04733396363527484,0.9578818082809448
55,1,24,-0.10058467272495902,-0.04733396363527484,0.9671711921691896
55,1,25,0.15975212726905258,-0.0650841999985029,0.4684837460517883
55,1,26,-0.5265903454424326,-0.38458845453660806,0.5818197727203369
55,1,27,0.0,0.5857577999865261,0.4429518580436706
55,1,28,-0.1715856181778713,0.6094247818041635,0.4911932349205017
55,1,29,-0.04141721818086548,0.6390085090762103,0.4947924613952636
55,1,30,-0.07691769090732162,0.7218429454379413,0.5084028840065002
55,1,31,-0.01183349090881871,0.7514266727099881,0.5168171525001526
55,1,32,-0.1301683999970058,0.7455099272555787,0.5343020558357239
55,2,0,-0.072,-1.284,0.9880534410476683
55,2,1,-0.024,-1.348,0.9882652759552002
55,2,2,-0.008,-1.34,0.9890047907829284
55,2,3,0.008,-1.332,0.990834414958954
55,2,4,-0.064,-1.364,0.9864304065704346
55,2,5,-0.08,-1.364,0.9848018884658812
55,2,6,-0.088,-1.372,0.9857222437858582
55,2,7,0.04,-1.356,0.9873742461204528
55,2,8,-0.064,-1.332,0.9814874529838562
55,2,9,-0.024,-1.228,0.9810528755187988
55,2,10,-0.08,-1.244,0.9722386598587036
55,2,11,0.016,-0.964,0.9975289702415466
55,2,12,-0.016,-1.036,0.9968070387840272
55,2,13,0.08,-0.436,0.5981137156486511
55,2,14,-0.072,-0.612,0.5987061858177185
55,2,15,-0.248,-0.748,0.7281700372695923
55,2,16,-0.12,-0.836,0.6271678805351257
55,2,17,-0.344,-0.836,0.7168830037117004
55,2,18,0.032,-0.868,0.6232763528823853
55,2,19,-0.32,-0.9,0.7188798785209656
55,2,20,0.0,-0.868,0.6220276355743408
55,2,21,-0.296,-0.868,0.705216109752655
55,2,22,-0.064,-0.868,0.614835262298584
55,2,23,0.008,0.02,0.9615537524223328
55,2,24,-0.008,-0.02,0.968706488609314
55,2,25,0.032,0.636,0.5071595907211304
55,2,26,-0.208,0.332,0.5799936056137085
55,2,27,0.08,1.516,0.4769574999809265
55,2,28,-0.064,1.412,0.4818038046360016
55,2,29,0.208,1.612,0.5268162488937378
55,2,30,0.096,1.34,0.5116105675697327
55,2,31,-0.216,1.7,0.544975996017456
55,2,32,-0.208,1.5,0.527270495891571
56,1,0,0.3454693039998192,-1.285670574379074,0.9879385828971864
56,1,1,0.32797718734160053,-1.3556390410119488,0.9880175590515136
56,1,2,0.3367232456707098,-1.3556390410119488,0.988974153995514
56,1,3,0.35421536232892853,-1.3556390410119488,0.9906010627746582
56,1,4,0.28424689569605377,-1.3468929826828393,0.9858829975128174
56,1,5,0.2580087207087257,-1.3468929826828393,0.9844756126403807
56,1,6,0.23177054572139769,-1.33814692435373,0.9850285649299622
56,1,7,0.3192311290124912,-1.33814692435373,0.9874783754348756
56,1,8,0.1967863124049603,-1.2944166327081834,0.980829894542694
56,1,9,0.3629614206580379,-1.2157021077461991,0.980394184589386
56,1,10,0.3017390123542725,-1.2244481660753086,0.9725372195243835
56,1,11,0.3017390123542725,-0.9795585328602469,0.9974786639213562
56,1,12,0.10057967078475749,-0.9795585328602469,0.9969749450683594
56,1,13,0.37170747898714723,-0.454795033113686,0.5689269304275513
56,1,14,0.17054813741763225,-0.4373029164554673,0.635932981967926
56,1,15,0.5641207622275529,-0.5772398497212169,0.701138973236084
56,1,16,0.4766601789364594,-0.7609070746325132,0.6591819524765015
56,1,17,0.6515813455186463,-0.5422556164047795,0.6929072141647339
56,1,18,0.5991049955439902,-0.857113716252716,0.6526317000389099
56,1,19,0.5991049955439902,-0.5597477330629982,0.6947078108787537
56,1,20,0.5641207622275529,-0.9445742995438094,0.6512597799301147
56,1,21,0.5553747038984436,-0.5772398497212169,0.6821090579032898
56,1,22,0.5291365289111155,-0.8920979495691533,0.642269492149353
56,1,23,0.12681784577208552,-0.017492116658218693,0.9645799994468688
56,1,24,-0.12681784577208552,0.017492116658218693,0.9708430171012878
56,1,25,0.7302958704806305,0.6122240830376543,0.5283942818641663
56,1,26,0.23177054572139769,0.7696531329616225,0.6195881962776184
56,1,27,0.3804535373162566,1.364385099341058,0.4946109652519226
56,1,28,-0.013119087493664021,1.7492116658218693,0.5280112028121948
56,1,29,0.38919959564536594,1.486829915948589,0.533413827419281
56,1,30,-0.17054813741763225,1.8716564824294002,0.5411611795425415
56,1,31,0.6515813455186463,1.6967353158472134,0.5631899833679199
56,1,32,0.20553237073406966,2.0203394740242593,0.5649070739746094
56,2,0,-0.028758894531688516,-1.314692321448618,0.9890572428703308
56,2,1,0.004108413504526931,-1.3804269375210487,0.9891345500946044
56,2,2,0.020542067522634655,-1.3722101105119948,0.9899857640266418
56,2,3,0.03697572154074238,-1.3722101105119948,0.9914721250534058
56,2,4,-0.03697572154074238,-1.3804269375210487,0.9871692061424256
56,2,5,-0.045192548549796235,-1.3804269375210487,0.985846221446991
56,2,6,-0.06162620256790396,-1.3722101105119948,0.9863690733909608
56,2,7,0.06162620256790396,-1.3475596294848333,0.9886140823364258
56,2,8,-0.03697572154074238,-1.3393428024757794,0.982593834400177
56,2,9,-0.012325240513580792,-1.2489577053761869,0.982217252254486
56,2,10,-0.0534093755588501,-1.2489577053761869,0.9750522375106812
56,2,11,0.09449351060411941,-0.9860192410864633,0.9977074861526488
56,2,12,0.020542067522634655,-1.010669722113625,0.9970088601112366
56,2,13,0.004108413504526931,-0.43549183147985465,0.6099352836608887
56,2,14,0.004108413504526931,-0.4683591395160701,0.5798785090446472
56,2,15,-0.20952908873087348,-0.6737798147424167,0.7272748947143555
56,2,16,0.03697572154074238,-0.7230807767967398,0.6048591136932373
56,2,17,-0.29169735882141207,-0.7395144308148476,0.7180269956588745
56,2,18,-0.16844495368560417,-0.8134658738963323,0.6020343899726868
56,2,19,-0.25883005078519666,-0.7888153928691707,0.7194462418556213
56,2,20,-0.14379447265844258,-0.944935106041194,0.6004855036735535
56,2,21,-0.2423963967670889,-0.7641649118420091,0.7071604132652283
56,2,22,-0.10271033761317327,-0.9202846250140325,0.5932174921035767
56,2,23,0.045192548549796235,0.0,0.9678857326507568
56,2,24,-0.045192548549796235,0.0,0.9731905460357666
56,2,25,-0.08627668359506555,0.6655629877333628,0.5691946744918823
56,2,26,-0.25061322377614276,0.5505274096066087,0.6303532123565674
56,2,27,0.045192548549796235,1.4461615535934795,0.5333432555198669
56,2,28,-0.2259627427489812,1.363993283502941,0.5291483402252197
56,2,29,0.1848786077037119,1.5611971317202338,0.5681518912315369
56,2,30,-0.020542067522634655,1.4132942455572641,0.5531814098358154
56,2,31,-0.028758894531688516,1.7666178069465803,0.5943430662155151
56,2,32,-0.357431974893843,1.4954625156478027,0.567343533039093
57,1,0,0.32853890729307883,-1.3100995932798083,0.9899847507476808
57,1,1,0.32853890729307883,-1.3749961675599225,0.990014672279358
57,1,2,0.33665097907809316,-1.3749961675599225,0.9908145666122437
57,1,3,0.3528751226481217,-1.3749961675599225,0.9921397566795348
57,1,4,0.2879785483680074,-1.3668840957749082,0.9881671071052552
57,1,5,0.2717544047979788,-1.358772023989894,0.9869773983955384
57,1,6,0.2555302612279502,-1.3506599522048797,0.9873382449150084
57,1,7,0.3772113380031646,-1.3425478804198654,0.9895800352096558
57,1,8,0.22308197408789304,-1.3100995932798083,0.983744740486145
57,1,9,0.3528751226481217,-1.2452030189996939,0.9833235144615172
57,1,10,0.30420269193803595,-1.2452030189996939,0.9766870141029358
57,1,11,0.3123147637230503,-0.969392578309208,0.9978328347206116
57,1,12,0.10951296909769295,-0.9856167218792365,0.9972010850906372
57,1,13,0.2555302612279502,-0.4339958404982647,0.6036673784255981
57,1,14,0.1581853998077787,-0.4664441276383218,0.6206318736076355
57,1,15,0.5475648454884647,-0.4907803429933647,0.7350476980209351
57,1,16,0.4096596251432218,-0.8152632143939363,0.64329993724823
57,1,17,0.636797635123622,-0.4502199840682932,0.7238020896911621
57,1,18,0.45833205585330755,-0.9612805065241936,0.6398382782936096
57,1,19,0.6530217786936505,-0.5232286301334219,0.7260724306106567
57,1,20,0.4339958404982647,-1.0180650090192938,0.6383774876594543
57,1,21,0.5962372761985505,-0.5394527737034505,0.7127906084060669
57,1,22,0.41777169692823607,-0.969392578309208,0.6310145258903503
57,1,23,0.11762504088270724,-0.01216810767752144,0.9708260893821716
57,1,24,-0.11762504088270724,0.01216810767752144,0.9755305647850036
57,1,25,0.6043493479835648,0.5394527737034505,0.5971439480781555
57,1,26,0.1581853998077787,0.750366640113822,0.6655634045600891
57,1,27,0.3772113380031646,1.2533150907847082,0.5620273947715759
57,1,28,-0.0527284666025929,1.5047893161201513,0.5736057162284851
57,1,29,0.36098719443313604,1.3506599522048797,0.5856466293334961
57,1,30,-0.17440954337780729,1.610246249325337,0.5870644450187683
57,1,31,0.6773579940486935,1.496677244335137,0.6206607818603516
57,1,32,0.10140089731267865,1.69136696717548,0.6065759658813477
57,2,0,-0.09272987462999542,-1.326440380576891,0.9909220933914183
57,2,1,-0.06047600519347528,-1.3990115868090613,0.9909669160842896
57,2,2,-0.0443490704752152,-1.3990115868090613,0.9916800856590272
57,2,3,-0.03628560311608516,-1.3990115868090613,0.992883026599884
57,2,4,-0.09272987462999542,-1.3909481194499314,0.9892744421958924
57,2,5,-0.10079334198912546,-1.3828846520908014,0.9881686568260192
57,2,6,-0.10885680934825549,-1.3828846520908014,0.9885044693946838
57,2,7,0.012095201038695056,-1.3506307826542812,0.9905534982681274
57,2,8,-0.08466640727086538,-1.334503847936021,0.9852955341339112
57,2,9,-0.06047600519347528,-1.2619326417038508,0.984910011291504
57,2,10,-0.10079334198912546,-1.2619326417038508,0.9788938760757446
57,2,11,0.02015866839782509,-0.9877747514934295,0.998030126094818
57,2,12,0.012095201038695056,-1.0119651535708196,0.9971890449523926
57,2,13,-0.10885680934825549,-0.4233320363543269,0.6413827538490295
57,2,14,-0.012095201038695056,-0.47171284050910717,0.5653879046440125
57,2,15,-0.31850696068563644,-0.649109122409968,0.7563335299491882
57,2,16,-0.06853947255260531,-0.7942515348743086,0.5895129442214966
57,2,17,-0.3910781669178068,-0.7297437960012683,0.7438116073608398
57,2,18,-0.25399922181259615,-0.9071400779021291,0.5901411771774292
57,2,19,-0.3507608301221566,-0.7942515348743086,0.7459962964057922
57,2,20,-0.22980881973520603,-0.9393939473386492,0.5884301662445068
57,2,21,-0.33463389540389654,-0.7619976654377885,0.7334737777709961
57,2,22,-0.20561841765781594,-0.9716478167751694,0.5818266272544861
57,2,23,-0.012095201038695056,0.004031733679565018,0.9734330177307128
57,2,24,0.012095201038695056,-0.004031733679565018,0.9768624901771544
57,2,25,-0.2459357544534661,0.6087917856143178,0.628334641456604
57,2,26,-0.22980881973520603,0.5846013835369277,0.6517545580863953
57,2,27,-0.02822213575695513,1.3748211847316711,0.589077889919281
57,2,28,-0.2701261565308562,1.310313445858631,0.5477287769317627
57,2,29,0.06047600519347528,1.4877097277594917,0.6181455850601196
57,2,30,-0.12498374406651556,1.3748211847316711,0.5811862349510193
57,2,31,-0.2862530912491163,1.4957731951186217,0.6405863761901855
57,2,32,-0.43945897107258697,1.4312654562455815,0.5835104584693909
58,1,0,0.3794022619750419,-1.3217885255904684,0.9917105436325072
58,1,1,0.42835739255246663,-1.3952212214566058,0.9917293190956116
58,1,2,0.42835739255246663,-1.3952212214566058,0.9923903346061708
58,1,3,0.42835739255246663,-1.3952212214566058,0.9934640526771544
58,1,4,0.39572063883418346,-1.387062033027035,0.9901487231254578
58,1,5,0.3712430735454711,-1.387062033027035,0.9891573190689088
58,1,6,0.3467655082567587,-1.378902844597464,0.9894201159477234
58,1,7,0.35492469668632953,-1.3544252793087517,0.9913582801818848
58,1,8,0.2406960586723384,-1.3381069024496102,0.9865094423294068
58,1,9,0.4201982041228959,-1.2565150181539022,0.986024022102356
58,1,10,0.3794022619750419,-1.2565150181539022,0.9805777668952942
58,1,11,0.25701443553148,-0.9709434231189245,0.9981139302253724
58,1,12,0.06119391322178095,-1.0035801768372077,0.9974010586738586
58,1,13,0.3386063198271879,-0.46507374048553524,0.6120154857635498
58,1,14,0.11830823222877651,-0.42427779833768126,0.6073509454727173
58,1,15,0.5670635958551702,-0.6445758859360927,0.733635425567627
58,1,16,0.5017900884186038,-0.7588045239500838,0.6281708478927612
58,1,17,0.6812922338691613,-0.7098493933726591,0.7202520370483398
58,1,18,0.5833819727143117,-0.8485555966753625,0.6268711686134338
58,1,19,0.6568146685804489,-0.7832820892387962,0.7232706546783447
58,1,20,0.5589044074255993,-0.9056699156823581,0.6251575946807861
58,1,21,0.5833819727143117,-0.750645335520513,0.7110939025878906
58,1,22,0.5262676537073162,-0.8975107272527872,0.6175507307052612
58,1,23,0.10198985536963492,-0.016318376859141587,0.9758235216140748
58,1,24,-0.10198985536963492,0.016318376859141587,0.9787753820419312
58,1,25,0.6160187264325949,0.5385064363516724,0.6388874053955078
58,1,26,0.2488552471019092,0.7914412776683669,0.6839374899864197
58,1,27,0.5670635958551702,1.3707436561678934,0.6029043793678284
58,1,28,-0.028557159503497777,1.4033804098861764,0.5864497423171997
58,1,29,0.5507452189960286,1.5094498594705967,0.6207402944564819
58,1,30,-0.1346266090879181,1.4768131057523137,0.6006676554679871
58,1,31,0.8363168140310063,1.5992009321958756,0.6530479192733765
58,1,32,0.2488552471019092,1.501290671041026,0.6139939427375793
58,2,0,-0.06530122708025499,-1.346837808530259,0.992406129837036
58,2,1,-0.008162653385031873,-1.420301688995546,0.9924451112747192
58,2,2,0.008162653385031873,-1.4121390356105141,0.9930209517478944
58,2,3,0.02448796015509562,-1.4121390356105141,0.9940202236175536
58,2,4,-0.04081326692515937,-1.420301688995546,0.9909608364105223
58,2,5,-0.05713857369522311,-1.420301688995546,0.9899818301200868
58,2,6,-0.06530122708025499,-1.420301688995546,0.9902527928352356
58,2,7,0.04897592031019124,-1.3713257686853548,0.9920514225959778
58,2,8,-0.05713857369522311,-1.3713257686853548,0.9876537919044496
58,2,9,-0.04081326692515937,-1.2733739280649723,0.9871644377708436
58,2,10,-0.08162653385031873,-1.289699234835036,0.9820537567138672
58,2,11,0.05713857369522311,-1.0040063663589205,0.9982695579528807
58,2,12,-0.03265061354012749,-0.9958437129738885,0.9972524046897888
58,2,13,-0.02448796015509562,-0.4407832827917212,0.6478515267372131
58,2,14,-0.03265061354012749,-0.4244579760216574,0.5532340407371521
58,2,15,-0.3020181752461793,-0.7019881911127411,0.7555786371231079
58,2,16,-0.2122289880108287,-0.5713857369522312,0.5755987763404846
58,2,17,-0.3591567489414024,-0.7836147249630598,0.7413087487220764
58,2,18,-0.2693675617060518,-0.644849617417518,0.5771394968032837
58,2,19,-0.3346687887863068,-0.8489159520433148,0.7437942624092102
58,2,20,-0.29385552186114744,-0.7672894181929961,0.5754877328872681
58,2,21,-0.32650613540127493,-0.8081026851181554,0.7316799759864807
58,2,22,-0.2775302150910837,-0.7509641114229324,0.5698646306991577
58,2,23,0.04081326692515937,-0.008162653385031873,0.9780056476593018
58,2,24,-0.04081326692515937,0.008162653385031873,0.9801689982414246
58,2,25,-0.3183434820162431,0.514247163257008,0.6456021070480347
58,2,26,-0.4571085895617849,0.579548390337263,0.6454658508300781
58,2,27,-0.04081326692515937,1.4447896491506416,0.5990034937858582
58,2,28,-0.4734338963318487,1.3958137288404504,0.5394140481948853
58,2,29,0.04897592031019124,1.5672294499261197,0.6292259097099304
58,2,30,-0.44894593617675305,1.493765569460833,0.5687134265899658
58,2,31,-0.2203916413958606,1.7631331311668847,0.6478343605995178
58,2,32,-0.6366869640324861,1.550904143156056,0.5672787427902222
59,1,0,0.3533224878539761,-1.3169292729102744,0.9929747581481934
59,1,1,0.4095328836489268,-1.3891997817894968,0.9929242134094238
59,1,2,0.40150282710679097,-1.3891997817894968,0.9934766888618468
59,1,3,0.40150282710679097,-1.381169725247361,0.9943899512290956
59,1,4,0.38544271402251934,-1.3891997817894968,0.9915100336074828
59,1,5,0.36135254439611186,-1.3891997817894968,0.9905886650085448
59,1,6,0.33726237476970444,-1.3891997817894968,0.9907984733581544
59,1,7,0.2890820355168895,-1.341019442536682,0.992516279220581
59,1,8,0.2087814700955313,-1.3490494990788178,0.988375723361969
59,1,9,0.38544271402251934,-1.2526888205731879,0.9876596927642822
59,1,10,0.33726237476970444,-1.2607188771153237,0.9830594658851624
59,1,11,0.10439073504776565,-0.9876969546827058,0.9982022643089294
59,1,12,0.0803005654213582,-1.0037570677669774,0.9974632859230042
59,1,13,0.13651096121630893,-0.4416531098174701,0.5937128663063049
59,1,14,0.1525710743005806,-0.4336230532753343,0.59633469581604
59,1,15,0.2409016962640746,-0.5460438448652357,0.6944584250450134
59,1,16,0.4496831663596059,-0.578164071033779,0.613863468170166
59,1,17,0.34529243131184023,-0.5540739014073716,0.68394535779953
59,1,18,0.5701340144916432,-0.6825548060815447,0.6128285527229309
59,1,19,0.3934727705646552,-0.6745247495394089,0.6873006224632263
59,1,20,0.5460438448652357,-0.7789154845871745,0.6112454533576965
59,1,21,0.34529243131184023,-0.6504345799130014,0.6773977279663086
59,1,22,0.5058935621545566,-0.7628553715029028,0.6040148735046387
59,1,23,0.04818033925281492,-0.00803005654213582,0.9797562956809998
59,1,24,-0.04818033925281492,0.00803005654213582,0.9817007184028624
59,1,25,0.46574327944387756,0.5299837317809641,0.6500879526138306
59,1,26,0.06424045233708656,0.8030056542135819,0.678074300289154
59,1,27,0.5219536752388283,1.4213200079580401,0.6102175116539001
59,1,28,-0.10439073504776565,1.5417708560900774,0.5803830027580261
59,1,29,0.4978635056124208,1.5417708560900774,0.6299022436141968
59,1,30,-0.20075141355339549,1.646161591137843,0.5959498286247253
59,1,31,0.9073963892613477,1.6301014780535714,0.6608759760856628
59,1,32,0.09636067850562983,1.686311873848522,0.6023591160774231
59,2,0,-0.12396270881114069,-1.3553256163351382,0.9936115145683287
59,2,1,-0.06611344469927503,-1.4214390610344132,0.9935811161994934
59,2,2,-0.04958508352445627,-1.4214390610344132,0.994067132472992
59,2,3,-0.03305672234963752,-1.4131748804470037,0.9949046969413756
59,2,4,-0.09917016704891254,-1.4297032416218225,0.9922804832458496
59,2,5,-0.10743434763632193,-1.4297032416218225,0.991419792175293
59,2,6,-0.12396270881114069,-1.4297032416218225,0.991625428199768
59,2,7,0.00826418058740938,-1.371853977509957,0.9931728839874268
59,2,8,-0.09090598646150316,-1.3801181580973663,0.9894272685050964
59,2,9,-0.09090598646150316,-1.2809479910484538,0.9887708425521852
59,2,10,-0.13222688939855007,-1.289212171635863,0.9845064282417296
59,2,11,0.06611344469927503,-0.9999658510765348,0.9983428716659546
59,2,12,-0.04958508352445627,-0.9999658510765348,0.9974371194839478
59,2,13,-0.01652836117481876,-0.4049448487830596,0.6315516233444214
59,2,14,-0.07437762528668442,-0.43800157113269705,0.5440731644630432
59,2,15,-0.33056722349637513,-0.652870266405341,0.7204877734184265
59,2,16,-0.24792541762228137,-0.5702284605312471,0.5638773441314697
59,2,17,-0.4297373905452877,-0.7107195305172066,0.7089065313339233
59,2,18,-0.28924632055932825,-0.49585083524456275,0.5649930834770203
59,2,19,-0.3966806681956502,-0.7933613363913004,0.7115630507469177
59,2,20,-0.28924632055932825,-0.6363419052305221,0.563452959060669
59,2,21,-0.3553597652586033,-0.7768329752164816,0.7007859349250793
59,2,22,-0.2561895982096907,-0.6363419052305221,0.5580442547798157
59,2,23,0.06611344469927503,0.0,0.9816004633903505
59,2,24,-0.06611344469927503,0.0,0.9829311370849608
59,2,25,-0.18181197292300633,0.7355120722794347,0.6473259329795837
59,2,26,-0.4545299323075158,0.6693986275801597,0.6301489472389221
59,2,27,-0.09917016704891254,1.5536659504329633,0.5993596911430359
59,2,28,-0.5371717381816096,1.4462316027966413,0.5333341956138611
59,2,29,-0.00826418058740938,1.702421201006332,0.6293199062347412
59,2,30,-0.6693986275801597,1.5288734086707352,0.5585690140724182
59,2,31,-0.305774681734147,1.7354779233559696,0.646764874458313
59,2,32,-0.7107195305172066,1.6858928398315132,0.5576258897781372
60,1,0,0.5164336292482267,-1.4439062695307563,0.9931016564369202
60,1,1,0.46373632014126476,-1.5387614259232876,0.9934549927711488
60,1,2,0.46373632014126476,-1.5387614259232876,0.994047462940216
60,1,3,0.4531968583198724,-1.5387614259232876,0.9947838187217712
60,1,4,0.4531968583198724,-1.5387614259232876,0.9924014210700988
60,1,5,0.43211793467708765,-1.5387614259232876,0.9915740489959716
60,1,6,0.41103901103430285,-1.5282219641018953,0.9916312098503112
60,1,7,0.34780224010594857,-1.4860641168163258,0.9934093952178956
60,1,8,0.29510493099898666,-1.4755246549949335,0.9899228811264038
60,1,9,0.4953547056054419,-1.3490511131382248,0.9893352389335632
60,1,10,0.46373632014126476,-1.359590574959617,0.9855190515518188
60,1,11,0.13701300367810096,-1.0012488730322762,0.998013436794281
60,1,12,0.042157847285569525,-0.9907094112108839,0.9973492622375488
60,1,13,0.26348654553480955,-0.48481524378404955,0.5919842720031738
60,1,14,0.0632367709283543,-0.2740260073562019,0.5758731365203857
60,1,15,0.46373632014126476,-0.6112887856407582,0.6903848648071289
60,1,16,0.5902098619979733,-0.5269730910696191,0.5919213891029358
60,1,17,0.6745255565691124,-0.6639860947477201,0.6811656355857849
60,1,18,0.7799201747830362,-0.5691309383551886,0.5896450877189636
60,1,19,0.7061439420332896,-0.7693807129616438,0.6854273080825806
60,1,20,0.748301789318859,-0.6850650183905048,0.5877202749252319
60,1,21,0.5902098619979733,-0.7588412511402515,0.6747737526893616
60,1,22,0.6956044802118971,-0.6956044802118971,0.5808946490287781
60,1,23,0.08431569457113905,-0.03161838546417715,0.9326968789100648
60,1,24,-0.08431569457113905,0.03161838546417715,0.9403819441795348
60,1,25,0.0,0.7588412511402515,0.5851232409477234
60,1,26,-0.15809192732088573,0.8220780220686057,0.5906104445457458
60,1,27,-0.0632367709283543,1.5598403495660724,0.5399979948997498
60,1,28,-0.3372627782845562,1.6757744296013886,0.4843426048755646
60,1,29,-0.11593408003531619,1.6757744296013886,0.5674588680267334
60,1,30,-0.46373632014126476,1.791708509636705,0.5108118057250977
60,1,31,0.11593408003531619,1.7495506623511352,0.5841509103775024
60,1,32,-0.1264735418567086,1.8654847423864516,0.5054857134819031
60,2,0,0.019060157061582848,-1.1888772967162302,0.9772199392318726
60,2,1,0.052415431919352835,-1.260352885697166,0.9731405973434448
60,2,2,0.07147558898093569,-1.2555878464317702,0.9776104688644408
60,2,3,0.09053574604251853,-1.2508228071663745,0.9779748320579528
60,2,4,0.009530078530791424,-1.274648003493353,0.9652855396270752
60,2,5,-0.004765039265395712,-1.2794130427587487,0.9625093936920166
60,2,6,-0.019060157061582848,-1.2841780820241444,0.9564759135246276
60,2,7,0.10006582457330995,-1.2127024930432089,0.9804410338401794
60,2,8,-0.047650392653957124,-1.2651179249625617,0.9577955603599548
60,2,9,0.04288535338856141,-1.093576511408316,0.9764716625213624
60,2,10,-0.009530078530791424,-1.1078716292045032,0.9645587801933287
60,2,11,0.28590235592374275,-1.0030407653657973,0.9979583024978638
60,2,12,-0.10483086383870567,-0.9887456475696103,0.9963773488998412
60,2,13,0.30496251298532556,-0.6933132131150761,0.6082336902618408
60,2,14,-0.09530078530791425,-0.7886139984229904,0.5616750717163086
60,2,15,0.24301700253518133,-0.7219034487074504,0.7103338837623596
60,2,16,0.08100566751172711,-0.7933790376883861,0.5811083316802979
60,2,17,0.22872188473899419,-0.6933132131150761,0.7012667059898376
60,2,18,0.3097275522507213,-0.7552587235652204,0.5811663866043091
60,2,19,0.22395684547359848,-0.7790839198921989,0.7051990628242493
60,2,20,0.22395684547359848,-0.8076741554845732,0.5802516937255859
60,2,21,0.24301700253518133,-0.7886139984229904,0.6953197717666626
60,2,22,0.14771621722726708,-0.812439194749969,0.5760993957519531
60,2,23,0.2001316491466199,0.03097275522507213,0.9368117451667786
60,2,24,-0.2001316491466199,-0.03097275522507213,0.9426503777503968
60,2,25,0.3383177878430956,0.46459132837608197,0.5918822884559631
60,2,26,-0.3097275522507213,0.4455311713144991,0.591594398021698
60,2,27,0.1906015706158285,0.8505595088731347,0.5151320099830627
60,2,28,-0.14771621722726708,0.9887456475696103,0.4707275331020355
60,2,29,0.14295117796187137,0.5265368388262263,0.5468835234642029
60,2,30,-0.13342109943107994,1.0030407653657973,0.4963407814502716
60,2,31,0.13818613869647567,1.1507569825930646,0.5541043281555176
60,2,32,-0.06194551045014426,1.3651837495358716,0.4860215485095978
