frame,player_id,landmark_index,x_norm,y_norm,visibility
1,1,0,0.08224813446640059,-1.42289272626873,0.9990872144699096
1,1,1,0.049348880679840355,-1.4886912338418508,0.9990419745445251
1,1,2,0.05757369412648041,-1.4886912338418508,0.9990251660346984
1,1,3,0.05757369412648041,-1.4886912338418508,0.9991437792778016
1,1,4,0.024674440339920178,-1.4804664203952105,0.9989383816719056
1,1,5,0.00822481344664006,-1.4804664203952105,0.9987995624542236
1,1,6,-0.01644962689328012,-1.4804664203952105,0.9989296793937684
1,1,7,0.0,-1.4475671666086503,0.9985529780387878
1,1,8,-0.11514738825296082,-1.4311175397153701,0.9987496733665466
1,1,9,0.09869776135968071,-1.3406445918023295,0.9980549812316896
1,1,10,0.05757369412648041,-1.3406445918023295,0.997826874256134
1,1,11,0.18917070927272137,-0.986977613596807,0.9993142485618592
1,1,12,-0.2631940302924819,-1.0116520539367273,0.9987363815307616
1,1,13,0.2631940302924819,-0.46881436645848334,0.5794790387153625
1,1,14,-0.08224813446640059,-0.4359151126719231,0.5392810106277466
1,1,15,0.279643657185762,-0.8142565312173659,0.6572467088699341
1,1,16,0.08224813446640059,-0.9376287329169667,0.5370858311653137
1,1,17,0.32899253786560234,-0.9129542925770465,0.6417665481567383
1,1,18,0.12337220169960088,-1.0363264942766475,0.532358705997467
1,1,19,0.3043180975256822,-0.9705279867035269,0.6399133801460266
1,1,20,0.08224813446640059,-1.118574628743048,0.5306272506713867
1,1,21,0.24674440339920176,-0.9540783598102468,0.6174939274787903
1,1,22,0.08224813446640059,-1.0774505615098477,0.5207009315490723
1,1,23,0.139821828592881,0.0,0.9973347783088684
1,1,24,-0.139821828592881,0.0,0.9958809018135072
1,1,25,0.07402332101976053,0.8224813446640059,0.6724029779434204
1,1,26,-0.11514738825296082,0.838930971557286,0.6158185005187988
1,1,27,-0.15627145548616111,1.6120634355414516,0.7654646635055542
1,1,28,-0.13159701514624095,1.6943115700078522,0.6712908148765564
1,1,29,-0.2220699630592816,1.7601100775809726,0.7723963260650635
1,1,30,-0.2220699630592816,1.8670326523872933,0.6818599700927734
1,1,31,0.06579850757312047,1.7518852641343325,0.7967951893806458
1,1,32,0.18094589582608128,1.8423582120473732,0.6837508082389832
1,2,0,-0.28962513956845093,-1.404681926906987,0.9991357922554016
1,2,1,-0.23170011165476073,-1.4626069548206773,0.999086856842041
1,2,2,-0.22445948316554948,-1.4626069548206773,0.9990764260292052
1,2,3,-0.20997822618712692,-1.4626069548206773,0.9991928935050964
1,2,4,-0.2461813686331833,-1.455366326331466,0.9989827871322632
1,2,5,-0.2461813686331833,-1.455366326331466,0.9988553524017334
1,2,6,-0.238940740143972,-1.455366326331466,0.9989731311798096
1,2,7,-0.13033131280580293,-1.4264038123746208,0.9986723065376282
1,2,8,-0.16653445525185928,-1.4191631838854095,0.9988147020339966
1,2,9,-0.2461813686331833,-1.3395162705040855,0.998232364654541
1,2,10,-0.2679032541008171,-1.3322756420148743,0.997989058494568
1,2,11,0.09412817035974655,-1.006447360000367,0.9993821978569032
1,2,12,-0.17377508374107056,-0.9919661030219444,0.9988017678260804
1,2,13,0.31134702503608475,-0.5068439942447891,0.6214452385902405
1,2,14,-0.02172188546763382,-0.49960336575557784,0.4918711483478546
1,2,15,-0.18101571223028184,-0.39099393841740876,0.691333532333374
1,2,16,-0.20997822618712692,-0.28962513956845093,0.5053654909133911
1,2,17,-0.28962513956845093,-0.3041063965468735,0.6770355105400085
1,2,18,-0.2968657680576622,-0.19549696920870438,0.5047327876091003
1,2,19,-0.3403095389929298,-0.3837533099281975,0.6753038763999939
1,2,20,-0.31134702503608475,-0.25342199712239455,0.5035408139228821
1,2,21,-0.3041063965468735,-0.4054751953958313,0.6544883251190186
1,2,22,-0.2823845110792397,-0.2679032541008171,0.4945200979709625
1,2,23,0.1086094273381691,-0.007240628489211273,0.9974812865257264
1,2,24,-0.1086094273381691,0.007240628489211273,0.9959054589271544
1,2,25,-0.10136879884895783,0.6661378210074371,0.6991044878959656
1,2,26,-0.10136879884895783,0.6588971925182259,0.5945762395858765
1,2,27,-0.04344377093526764,1.3467568989932968,0.7832340002059937
1,2,28,0.079646913381324,1.296072499568818,0.6564429402351379
1,2,29,0.20997822618712692,1.513291354245156,0.7868348360061646
1,2,30,0.20997822618712692,1.4408850693530433,0.6785072088241577
1,2,31,-0.079646913381324,1.53501323971279,0.8103039264678955
1,2,32,-0.04344377093526764,1.455366326331466,0.6821092963218689
2,1,0,-0.011037022630544107,-1.4053808816226163,0.9991844892501832
2,1,1,-0.011037022630544107,-1.4642450023188516,0.9991511702537536
2,1,2,-0.0036790075435147026,-1.471603017405881,0.9991360306739808
2,1,3,0.0036790075435147026,-1.471603017405881,0.9992501139640808
2,1,4,-0.033111067891632325,-1.4568869872318222,0.9990371465682985
2,1,5,-0.04782709806569113,-1.4568869872318222,0.9989084601402284
2,1,6,-0.06254312823974995,-1.4568869872318222,0.9990193247795104
2,1,7,-0.025753052804602918,-1.4274549268837045,0.9987580180168152
2,1,8,-0.12140724893598517,-1.4053808816226163,0.9988897442817688
2,1,9,0.0036790075435147026,-1.3391587458393517,0.9983791708946228
2,1,10,-0.01839503771757351,-1.3318007307523223,0.99814373254776
2,1,11,0.09933320367489697,-0.9933320367489696,0.9994224905967712
2,1,12,-0.25385152050251447,-1.0006900518359991,0.9988726377487184
2,1,13,0.26120953558954385,-0.4856289957439407,0.6239211559295654
2,1,14,-0.025753052804602918,-0.4856289957439407,0.5396055579185486
2,1,15,0.2685675506765733,-0.8682457802694697,0.7178796529769897
2,1,16,-0.0036790075435147026,-0.9418259311397639,0.5534064769744873
2,1,17,0.3200736562857791,-0.9418259311397639,0.7026805281639099
2,1,18,-0.025753052804602918,-1.0742702027062931,0.551524817943573
2,1,19,0.3127156411987497,-0.9712579914878814,0.7008489370346069
2,1,20,-0.04782709806569113,-1.1037022630544107,0.5500035881996155
2,1,21,0.2832835808506321,-0.9565419613138226,0.6805734634399414
2,1,22,-0.040469082978661725,-1.0669121876192638,0.5405113101005554
2,1,23,0.12140724893598517,-0.007358015087029405,0.997550129890442
2,1,24,-0.12140724893598517,0.007358015087029405,0.9960237145423888
2,1,25,0.06254312823974995,0.6769373880067052,0.6623621582984924
2,1,26,-0.12876526402301458,0.6769373880067052,0.6084528565406799
2,1,27,-0.09197518858786756,1.3833068363615282,0.7520617842674255
2,1,28,-0.1434812941970734,1.4053808816226163,0.6636091470718384
2,1,29,-0.136123279110044,1.545183168276175,0.7633988857269287
2,1,30,-0.20970342998033803,1.5378251531891456,0.6710106134414673
2,1,31,0.10669121876192637,1.545183168276175,0.7946712374687195
2,1,32,0.08461717350083815,1.5746152286242927,0.692193329334259
2,2,0,-0.4011584314359375,-1.3774289504172013,0.9992067813873292
2,2,1,-0.35145738683325495,-1.441330293477793,0.9991570711135864
2,2,2,-0.3372570883753457,-1.441330293477793,0.9991363286972046
2,2,3,-0.32305678991743636,-1.441330293477793,0.9992576837539672
2,2,4,-0.3656576852911642,-1.4342301442488383,0.9990487694740297
2,2,5,-0.3656576852911642,-1.4342301442488383,0.998922884464264
2,2,6,-0.3656576852911642,-1.4342301442488383,0.9990367889404296
2,2,7,-0.3159566406884817,-1.4058295473330198,0.998791754245758
2,2,8,-0.4082585806648921,-1.3916292488751105,0.9988651275634766
2,2,9,-0.3585575360622096,-1.3135276073566093,0.9984728097915648
2,2,10,-0.37985798374907354,-1.3064274581276547,0.9981524348258972
2,2,11,-0.06745141767506913,-0.979820593595741,0.99945867061615
2,2,12,-0.3656576852911642,-0.9727204443667864,0.9988332390785216
2,2,13,0.09585201459088771,-0.43310910296623334,0.661121666431427
2,2,14,-0.18105380533834345,-0.43310910296623334,0.5045521855354309
2,2,15,-0.3585575360622096,-0.5041105952557798,0.7452684044837952
2,2,16,-0.37985798374907354,-0.31950671530295904,0.5331069231033325
2,2,17,-0.5005605206413025,-0.4686098491110066,0.7305422425270081
2,2,18,-0.5005605206413025,-0.3124065660740044,0.5316733121871948
2,2,19,-0.5147608190992118,-0.5325111921715984,0.7287254929542542
2,2,20,-0.5218609683281664,-0.340807162989823,0.5307579636573792
2,2,21,-0.47215992372548393,-0.5467114906295077,0.7092643976211548
2,2,22,-0.47926007295443857,-0.3621076106766869,0.5223983526229858
2,2,23,0.10295216381984236,-0.007100149228954645,0.9973146915435792
2,2,24,-0.10295216381984236,0.007100149228954645,0.995675563812256
2,2,25,-0.19525410379625274,0.660313878292782,0.6877076625823975
2,2,26,-0.3159566406884817,0.6319132813769635,0.5918328762054443
2,2,27,0.0035500746144773226,1.3419282042724279,0.7676388621330261
2,2,28,0.0461509699882052,1.320627756585564,0.6492188572883606
2,2,29,0.13135276073566093,1.483931188851521,0.7802566289901733
2,2,30,0.16685350688043415,1.4768310396225663,0.6689378023147583
2,2,31,-0.15975335765147952,1.5123317857673395,0.8047018647193909
2,2,32,-0.19525410379625274,1.4981314873094302,0.6809874773025513
3,1,0,-0.07013613995880538,-1.4533766780352448,0.9992741346359252
3,1,1,-0.046757426639203584,-1.515719913554183,0.9992350935935974
3,1,2,-0.03117161775946906,-1.515719913554183,0.999216079711914
3,1,3,-0.023378713319601792,-1.515719913554183,0.9993261694908142
3,1,4,-0.07013613995880538,-1.5079270091143158,0.9991317987442015
3,1,5,-0.07013613995880538,-1.5079270091143158,0.9990168809890748
3,1,6,-0.07013613995880538,-1.5079270091143158,0.999119997024536
3,1,7,-0.06234323551893812,-1.4689624869149793,0.9989027380943298
3,1,8,-0.14027227991761076,-1.4455837735953776,0.9989728927612304
3,1,9,-0.09351485327840717,-1.3754476336365722,0.998615026473999
3,1,10,-0.1091006621581417,-1.3754476336365722,0.9983232021331788
3,1,11,0.03896452219933632,-1.0013882205229434,0.9995013475418092
3,1,12,-0.264958750955487,-0.9858024116432089,0.9989359378814696
3,1,13,0.20261551543654888,-0.5182281452511731,0.6315584182739258
3,1,14,0.007792904439867265,-0.45588490973223494,0.5521560907363892
3,1,15,0.27275165539535423,-0.8922875583648018,0.7549059987068176
3,1,16,-0.03117161775946906,-0.9546307938837398,0.5779367089271545
3,1,17,0.37405941311362867,-0.9858024116432089,0.7370901107788086
3,1,18,-0.09351485327840717,-1.102695978241218,0.5742612481117249
3,1,19,0.3506806997940269,-1.0091811249628106,0.7352986335754395
3,1,20,-0.14027227991761076,-1.1104888826810853,0.5728275775909424
3,1,21,0.3039232731548233,-0.9858024116432089,0.7168716192245483
3,1,22,-0.1091006621581417,-1.0715243604817488,0.5637692213058472
3,1,23,0.12468647103787624,-0.011689356659800896,0.9974938035011292
3,1,24,-0.12468647103787624,0.011689356659800896,0.9959192276000975
3,1,25,0.046757426639203584,0.7909798006465273,0.6589377522468567
3,1,26,-0.17144389767707982,0.7676010873269256,0.6047165989875793
3,1,27,-0.14027227991761076,1.5313057224339175,0.7406520843505859
3,1,28,-0.1948226109966816,1.5936489579528557,0.6561222076416016
3,1,29,-0.20261551543654888,1.6871638112312628,0.7539694309234619
3,1,30,-0.28054455983522153,1.7339212378704663,0.6621125936508179
3,1,31,0.07792904439867264,1.7027496201109973,0.7896667122840881
3,1,32,0.06234323551893812,1.7339212378704663,0.6910920739173889
3,2,0,-0.44136784073726226,-1.4268356920385632,0.9992738366127014
3,2,1,-0.38809930823448924,-1.4877140148988752,0.999257743358612
3,2,2,-0.3728797275194112,-1.4877140148988752,0.9992286562919616
3,2,3,-0.35766014680433317,-1.4877140148988752,0.9993455410003662
3,2,4,-0.40331888894956724,-1.4801042245413363,0.999151051044464
3,2,5,-0.40331888894956724,-1.4801042245413363,0.999034583568573
3,2,6,-0.39570909859202824,-1.4724944341837973,0.9991500377655028
3,2,7,-0.34244056608925516,-1.4420552727536413,0.9989619255065918
3,2,8,-0.3804895178769502,-1.4268356920385632,0.9989700317382812
3,2,9,-0.40331888894956724,-1.3431279981056343,0.998673677444458
3,2,10,-0.42614826002218426,-1.3431279981056343,0.9983475804328918
3,2,11,-0.10653706500554606,-0.970248270586223,0.9994791746139526
3,2,12,-0.31200140465909915,-0.985467851301301,0.998672604560852
3,2,13,-0.02282937107261701,-0.4147335744858757,0.6671510338783264
3,2,14,-0.21307413001109213,-0.44517273591603174,0.5021564364433289
3,2,15,-0.43375805037972326,-0.6658566562846628,0.7737160921096802
3,2,16,-0.4641972118098793,-0.6049783334243508,0.529443621635437
3,2,17,-0.5631244864578863,-0.7343447695025139,0.7523789405822754
3,2,18,-0.6011734382455813,-0.6354174948545068,0.5285505056381226
3,2,19,-0.5631244864578863,-0.8028328827203649,0.7502225041389465
3,2,20,-0.5935636478880423,-0.6658566562846628,0.5276965498924255
3,2,21,-0.5174657443126522,-0.7876133020052869,0.731282114982605
3,2,22,-0.5555146961003473,-0.6658566562846628,0.5202534198760986
3,2,23,0.07609790357539004,-0.0038048951787695022,0.9971582293510436
3,2,24,-0.07609790357539004,0.0038048951787695022,0.9954063892364502
3,2,25,-0.1902447589384751,0.7723937212902089,0.6808506846427917
3,2,26,-0.28917203358648214,0.7419545598600529,0.5688183307647705
3,2,27,0.0076097903575390044,1.5181531763290312,0.7522895336151123
3,2,28,0.04565874214523402,1.5105433859714923,0.632131814956665
3,2,29,0.13697622643570206,1.6627391931222724,0.7689236402511597
3,2,30,0.18263496858093609,1.6475196124071945,0.6498751640319824
3,2,31,-0.20546433965355312,1.7236175159825844,0.7959286570549011
3,2,32,-0.2511230817987871,1.6779587738373505,0.673079252243042
4,1,0,-0.01643434752364759,-1.4831998640091948,0.9993261694908142
4,1,1,-0.06573739009459036,-1.5489372541037851,0.999321222305298
4,1,2,-0.04108586880911897,-1.5489372541037851,0.9992937445640564
4,1,3,-0.024651521285471382,-1.5489372541037851,0.9994014501571656
4,1,4,-0.08217173761823794,-1.5407200803419614,0.9992161989212036
4,1,5,-0.06573739009459036,-1.5325029065801377,0.9991068243980408
4,1,6,-0.06573739009459036,-1.5325029065801377,0.9992135167121888
4,1,7,-0.049303042570942764,-1.4914170377710185,0.9990469217300416
4,1,8,-0.1396919539510045,-1.4667655164855473,0.9990606904029846
4,1,9,-0.024651521285471382,-1.392810952629133,0.9987881779670716
4,1,10,-0.049303042570942764,-1.401028126390957,0.9984872341156006
4,1,11,0.057520216332766556,-0.9901694382997672,0.9995135068893432
4,1,12,-0.2711667341401852,-0.998386612061591,0.998781442642212
4,1,13,0.21364651780741864,-0.5135733601139871,0.6471791863441467
4,1,14,0.008217173761823795,-0.4642703175430444,0.5496208667755127
4,1,15,0.2876010816638328,-0.9244320482051768,0.7875129580497742
4,1,16,-0.08217173761823794,-1.0066037858234147,0.5747858881950378
4,1,17,0.3862071668057183,-1.0312553071088861,0.7656298279762268
4,1,18,-0.18077782276012347,-1.1627300872980668,0.572114109992981
4,1,19,0.36155564552024694,-1.0641240021561813,0.7632623314857483
4,1,20,-0.18899499652194726,-1.1709472610598906,0.5708109736442566
4,1,21,0.3040354291874804,-1.0394724808707099,0.7446551322937012
4,1,22,-0.1561263014746521,-1.1298613922507716,0.5625811815261841
4,1,23,0.1232576064273569,-0.004108586880911897,0.9973291158676147
4,1,24,-0.1232576064273569,0.004108586880911897,0.9956701397895812
4,1,25,0.04108586880911897,0.8586946581105864,0.6564990878105164
4,1,26,-0.21364651780741864,0.8504774843487627,0.588614821434021
4,1,27,-0.16434347523647588,1.7050635555784373,0.731448769569397
4,1,28,-0.23829803909289002,1.7461494243875562,0.6443440914154053
4,1,29,-0.23829803909289002,1.8118868144821465,0.7458083629608154
4,1,30,-0.320469776711128,1.8858413783385608,0.6463544368743896
4,1,31,0.06573739009459036,1.8940585521003845,0.7831932306289673
4,1,32,0.049303042570942764,1.8776242045767368,0.6850521564483643
4,2,0,-0.4120507958324868,-1.4286994883537627,0.9993340969085692
4,2,1,-0.3889451437297306,-1.4903145606277794,0.9993402361869812
4,2,2,-0.3658394916269743,-1.4903145606277794,0.9993048310279846
4,2,3,-0.35043572355847014,-1.4980164446620317,0.9994183778762816
4,2,4,-0.40434891179823473,-1.4903145606277794,0.9992358684539796
4,2,5,-0.39664702776398264,-1.4826126765935275,0.9991257786750792
4,2,6,-0.3889451437297306,-1.4826126765935275,0.9992419481277466
4,2,7,-0.31192630338720967,-1.436401372388015,0.9990922212600708
4,2,8,-0.3658394916269743,-1.4286994883537627,0.9990637898445128
4,2,9,-0.3812432596954785,-1.3439787639769898,0.9988290667533876
4,2,10,-0.40434891179823473,-1.351680648011242,0.9984962940216064
4,2,11,-0.10397543446240322,-0.9665864462986373,0.9994887709617616
4,2,12,-0.31192630338720967,-0.9896920984013936,0.9985480904579164
4,2,13,-0.0423603621883865,-0.4120507958324868,0.6811707615852356
4,2,14,-0.19639804287342832,-0.4505602160037473,0.5011346936225891
4,2,15,-0.427454563900991,-0.6662129689628058,0.8033359050750732
4,2,16,-0.4582621000379994,-0.5737903605517808,0.5295289754867554
4,2,17,-0.5660884765175287,-0.7124242731683184,0.7786002159118652
4,2,18,-0.6045978966887892,-0.6431073168600495,0.5296812057495117
4,2,19,-0.5583865924832766,-0.7894431135108393,0.7759963274002075
4,2,20,-0.6045978966887892,-0.68161673703131,0.5290761590003967
4,2,21,-0.5198771723120161,-0.7740393454423351,0.756858229637146
4,2,22,-0.5583865924832766,-0.68161673703131,0.5223008394241333
4,2,23,0.08086978235964695,0.0038509420171260454,0.9971264600753784
4,2,24,-0.08086978235964695,-0.0038509420171260454,0.995464324951172
4,2,25,-0.15788862270216786,0.8048468815793435,0.6817857027053833
4,2,26,-0.18869615883917623,0.8125487656135956,0.5673090219497681
4,2,27,0.026956594119882316,1.5596315169360484,0.7491434812545776
4,2,28,0.034658478154134406,1.5596315169360484,0.6339390873908997
4,2,29,0.16559050673641995,1.6905635455183339,0.763841986656189
4,2,30,0.17329239077067204,1.6905635455183339,0.6441246271133423
4,2,31,-0.21180181094193248,1.7598805018266026,0.795244574546814
4,2,32,-0.2503112311131929,1.7136691976210903,0.6780982613563538
5,1,0,0.004042524643204274,-1.4714789701263558,0.9993777871131896
5,1,1,-0.04446777107524701,-1.5361593644176241,0.9993941187858582
5,1,2,-0.02021262321602137,-1.5361593644176241,0.9993616342544556
5,1,3,-0.004042524643204274,-1.5361593644176241,0.9994650483131408
5,1,4,-0.06063786964806411,-1.5280743151312155,0.9992896914482116
5,1,5,-0.05255282036165557,-1.5280743151312155,0.9991875886917114
5,1,6,-0.04446777107524701,-1.5280743151312155,0.9992920756340028
5,1,7,-0.04446777107524701,-1.4795640194127644,0.9991629123687744
5,1,8,-0.12531826393933249,-1.4633939208399471,0.9991452693939208
5,1,9,0.004042524643204274,-1.3906284772622703,0.9989281296730042
5,1,10,-0.02021262321602137,-1.3906284772622703,0.9986225962638856
5,1,11,0.04446777107524701,-0.9863760129418429,0.9995149970054626
5,1,12,-0.2546790525218693,-1.0025461115146599,0.9986637234687804
5,1,13,0.23850895394905217,-0.5012730557573299,0.645721435546875
5,1,14,0.06872291893447266,-0.47701790789810433,0.5481303930282593
5,1,15,0.3759547918179975,-0.929780667936983,0.8019116520881653
5,1,16,-0.0768079682208812,-0.9702059143690258,0.5733841061592102
5,1,17,0.4729753832549001,-1.0187162100874771,0.7748156189918518
5,1,18,-0.1414883625121496,-1.1157368015243796,0.5701162219047546
5,1,19,0.4487202353956744,-1.0429713579467028,0.7724319100379944
5,1,20,-0.2546790525218693,-1.1319069000971969,0.5687874555587769
5,1,21,0.4082949889636317,-1.0187162100874771,0.7541186213493347
5,1,22,-0.20616875680341798,-1.0833966043787455,0.5604145526885986
5,1,23,0.12531826393933249,-0.008085049286408548,0.9972959160804749
5,1,24,-0.12531826393933249,0.008085049286408548,0.9956850409507751
5,1,25,0.04446777107524701,0.8327600765000804,0.6584853529930115
5,1,26,-0.1738285596577838,0.8489301750728976,0.5896240472793579
5,1,27,-0.11723321465292395,1.6250949065681182,0.7330514192581177
5,1,28,-0.19808370751700943,1.6978603501457952,0.6523106098175049
5,1,29,-0.1899986582306009,1.7302005472914292,0.746876060962677
5,1,30,-0.2708491510946864,1.827221138728332,0.6506617069244385
5,1,31,0.0929780667936983,1.8110510401555149,0.787701427936554
5,1,32,0.06872291893447266,1.843391237301149,0.6950636506080627
5,2,0,-0.39561747009826065,-1.418897272563954,0.999399960041046
5,2,1,-0.39561747009826065,-1.4873695270040375,0.9994252324104308
5,2,2,-0.3804014135560198,-1.4873695270040375,0.9993928074836732
5,2,3,-0.35757732874265863,-1.4873695270040375,0.9994935393333436
5,2,4,-0.41083352664050143,-1.4873695270040375,0.9993221759796144
5,2,5,-0.40322549836938104,-1.4873695270040375,0.9992251992225648
5,2,6,-0.38800944182714026,-1.4873695270040375,0.9993306994438172
5,2,7,-0.2814970460314547,-1.4341133291061947,0.999215602874756
5,2,8,-0.31953718738705666,-1.4341133291061947,0.9991698861122132
5,2,9,-0.365185357013779,-1.3352089615816296,0.998967468738556
5,2,10,-0.38800944182714026,-1.34281698985275,0.9986198544502258
5,2,11,-0.05325619789784278,-0.9776316328389709,0.9995038509368896
5,2,12,-0.2891050743025751,-0.9928476893812118,0.9984039068222046
5,2,13,-0.09129633925344476,-0.4450696538605432,0.6793460249900818
5,2,14,-0.2130247915913711,-0.4678937386739044,0.5001012086868286
5,2,15,-0.441265639724983,-0.8406871239588039,0.8155615329742432
5,2,16,-0.4945218376228258,-0.8102550108743223,0.5269268155097961
5,2,17,-0.555386063791789,-0.9091593783988874,0.7863444089889526
5,2,18,-0.5782101486051502,-0.901551350127767,0.5255739688873291
5,2,19,-0.5325619789784277,-0.9471995197544893,0.7836393117904663
5,2,20,-0.6010342334185114,-0.939591491483369,0.524114727973938
5,2,21,-0.4945218376228258,-0.939591491483369,0.7637450695037842
5,2,22,-0.5629940920629094,-0.901551350127767,0.5165370106697083
5,2,23,0.09129633925344476,-0.003804014135560198,0.9972139596939088
5,2,24,-0.09129633925344476,0.003804014135560198,0.995492160320282
5,2,25,-0.13694450888016715,0.7798228977898407,0.6810411214828491
5,2,26,-0.31953718738705666,0.7417827564342386,0.5588785409927368
5,2,27,0.04564816962672238,1.5634498097152416,0.7490857243537903
5,2,28,0.02282408481336119,1.5101936118173986,0.6243525147438049
5,2,29,0.1825926785068895,1.7384344599510106,0.7615216970443726
5,2,30,0.13694450888016715,1.647138120697566,0.6325531601905823
5,2,31,-0.2510649329469731,1.7612585447643718,0.798396646976471
5,2,32,-0.19780873504913032,1.6699622055109271,0.6761775612831116
6,1,0,-0.015393156857680897,-1.4123221416922223,0.9994481205940248
6,1,1,-0.038482892144202245,-1.4815913475517863,0.999476671218872
6,1,2,-0.023089735286521345,-1.4815913475517863,0.9994465112686156
6,1,3,-0.015393156857680897,-1.4815913475517863,0.9995379447937012
6,1,4,-0.05387604900188314,-1.4815913475517863,0.9993761777877808
6,1,5,-0.06157262743072359,-1.4815913475517863,0.9992852807044984
6,1,6,-0.07696578428840449,-1.4738947691229458,0.999379575252533
6,1,7,-0.06926920585956403,-1.4354118769787436,0.9992818236351012
6,1,8,-0.14623499014796854,-1.4200187201210628,0.999244511127472
6,1,9,0.0,-1.3353563574038179,0.9990602731704712
6,1,10,-0.030786313715361793,-1.3353563574038179,0.9987406134605408
6,1,11,0.023089735286521345,-1.012100063392519,0.9995460510253906
6,1,12,-0.26168366658057524,-0.9736171712483167,0.9985400438308716
6,1,13,0.20780761757869212,-0.5426087792332516,0.6527892351150513
6,1,14,0.06926920585956403,-0.4733395733736876,0.5479814410209656
6,1,15,0.377132343013182,-0.9351342791041145,0.8225139379501343
6,1,16,0.16932472543448987,-0.9428308575329549,0.5720089077949524
6,1,17,0.4925810194457887,-0.9967069065348381,0.7932270169258118
6,1,18,0.223200774436373,-1.0736726908232426,0.5679213404655457
6,1,19,0.4848844410169483,-1.0274932202501998,0.791136622428894
6,1,20,0.13853841171912806,-1.1198521613962853,0.5659992694854736
6,1,21,0.43100839201506513,-1.012100063392519,0.7717289924621582
6,1,22,0.12314525486144717,-1.065976112394402,0.5571590662002563
6,1,23,0.12314525486144717,-0.011544867643260672,0.9974091053009032
6,1,24,-0.12314525486144717,0.011544867643260672,0.9957118034362792
6,1,25,0.05387604900188314,0.7812027105273055,0.6568611860275269
6,1,26,-0.15393156857680898,0.7658095536696247,0.5884606838226318
6,1,27,-0.09235894114608538,1.5200742396959885,0.7418419122695923
6,1,28,-0.16162814700564943,1.5585571318401907,0.6497266888618469
6,1,29,-0.15393156857680898,1.6432194945574357,0.7557948231697083
6,1,30,-0.223200774436373,1.697095543559319,0.6488404870033264
6,1,31,0.11544867643260673,1.735578435703521,0.799332857131958
6,1,32,0.10775209800376628,1.7201852788458403,0.6996067762374878
6,2,0,-0.3777271191078698,-1.3749267135526462,0.999491274356842
6,2,1,-0.33995440719708286,-1.4429175949920627,0.999520778656006
6,2,2,-0.3248453224327681,-1.4429175949920627,0.99949312210083
6,2,3,-0.30973623766845326,-1.4429175949920627,0.9995771050453186
6,2,4,-0.36261803434355505,-1.4429175949920627,0.9994283318519592
6,2,5,-0.35506349196139764,-1.4504721373742202,0.9993453025817872
6,2,6,-0.35506349196139764,-1.4504721373742202,0.9994325637817384
6,2,7,-0.23419081384687931,-1.4126994254634333,0.9993473887443542
6,2,8,-0.2719635257576663,-1.4126994254634333,0.9993032813072203
6,2,9,-0.33995440719708286,-1.3069358321132296,0.999135196208954
6,2,10,-0.36261803434355505,-1.314490374495387,0.9988291263580322
6,2,11,-0.02266362714647219,-1.0047541368269337,0.9995740056037904
6,2,12,-0.2644089833755089,-0.9745359672983042,0.9985671043395996
6,2,13,-0.07554542382157398,-0.46838162769375863,0.686407744884491
6,2,14,-0.2266362714647219,-0.4834907124580734,0.5148681402206421
6,2,15,-0.35506349196139764,-0.8536632891837859,0.8379546999931335
6,2,16,-0.4608270853116012,-0.8461087468016285,0.563299834728241
6,2,17,-0.4608270853116012,-0.8687723739481007,0.8092625737190247
6,2,18,-0.5665906786618048,-0.9745359672983042,0.5590989589691162
6,2,19,-0.39283620387218465,-0.9065450858588876,0.807073175907135
6,2,20,-0.5288179667510178,-1.0123086792090912,0.5564709305763245
6,2,21,-0.36261803434355505,-0.9065450858588876,0.7878715395927429
6,2,22,-0.4910452548402308,-0.9594268825339894,0.5463762283325195
6,2,23,0.07554542382157398,-0.007554542382157397,0.9974735379219056
6,2,24,-0.07554542382157398,0.007554542382157397,0.9958381652832032
6,2,25,-0.12842722049667574,0.800781492508684,0.6812681555747986
6,2,26,-0.2039726443182497,0.7554542382157396,0.5572853684425354
6,2,27,0.07554542382157398,1.6317811545459977,0.7551986575126648
6,2,28,0.05288179667510178,1.503353934049322,0.6210866570472717
6,2,29,0.19641810193609233,1.790426544571303,0.7659239768981934
6,2,30,0.16619993240746272,1.6468902393103124,0.6297464966773987
6,2,31,-0.23419081384687931,1.805535629335618,0.8075963854789734
6,2,32,-0.16619993240746272,1.6619993240746274,0.6810455322265625
7,1,0,0.039402767109198794,-1.4145593392202367,0.9995232224464417
7,1,1,0.039402767109198794,-1.4854843200167946,0.99955815076828
7,1,2,0.039402767109198794,-1.4933648734386344,0.99953031539917
7,1,3,0.04728332053103856,-1.4933648734386344,0.9996094703674316
7,1,4,0.01576110684367952,-1.4854843200167946,0.9994665384292604
7,1,5,0.0,-1.4854843200167946,0.9993849396705629
7,1,6,-0.01576110684367952,-1.4854843200167946,0.9994668960571288
7,1,7,-0.03152221368735904,-1.4539621063294357,0.9993934035301208
7,1,8,-0.10244719448391687,-1.438200999485756,0.9993592500686646
7,1,9,0.06304442737471808,-1.3515149118455188,0.9992097020149232
7,1,10,0.039402767109198794,-1.3515149118455188,0.9989270567893982
7,1,11,0.07092498079655783,-1.012651114706409,0.9996024966239928
7,1,12,-0.22853604923335302,-0.98112890101905,0.998685896396637
7,1,13,0.26005826292071205,-0.5555790162397031,0.6741837859153748
7,1,14,0.08668608764023736,-0.4688929285994657,0.5618329048156738
7,1,15,0.3861471176701482,-0.9890094544408898,0.844312846660614
7,1,16,0.17337217528047472,-1.012651114706409,0.6057350635528564
7,1,17,0.4649526518885458,-1.0520538818156078,0.8142537474632263
7,1,18,0.20489438896783374,-1.138739969455845,0.600343644618988
7,1,19,0.45707209846670604,-1.0914566489248068,0.8117985129356384
7,1,20,0.15761106843679518,-1.178142736565044,0.5974558591842651
7,1,21,0.4176693313575072,-1.083576095502967,0.792778730392456
7,1,22,0.14973051501495543,-1.146620522877685,0.586725115776062
7,1,23,0.10244719448391687,-0.01182083013275964,0.9976370334625244
7,1,24,-0.10244719448391687,0.01182083013275964,0.9960535764694214
7,1,25,0.05516387395287831,0.8156372791604151,0.6445379257202148
7,1,26,-0.12608885474943615,0.8235178325822549,0.5808509588241577
7,1,27,-0.08668608764023736,1.540648193969673,0.7330734729766846
7,1,28,-0.14184996159311566,1.6194537281880705,0.6410547494888306
7,1,29,-0.15761106843679518,1.7061398158283079,0.7487919330596924
7,1,30,-0.22853604923335302,1.7613036897811862,0.6411646604537964
7,1,31,0.14973051501495543,1.7770647966248656,0.7980479001998901
7,1,32,0.15761106843679518,1.7849453500467054,0.6995012760162354
7,2,0,-0.37715782589859675,-1.3585005185279553,0.999556839466095
7,2,1,-0.34054056124824755,-1.4317350478286537,0.9995925426483154
7,2,2,-0.3258936553881079,-1.4317350478286537,0.999567449092865
7,2,3,-0.318570202458038,-1.4390585007587235,0.9996399879455566
7,2,4,-0.3551874671083872,-1.4317350478286537,0.999507486820221
7,2,5,-0.3551874671083872,-1.4317350478286537,0.9994332790374756
7,2,6,-0.3478640141783174,-1.4317350478286537,0.999509334564209
7,2,7,-0.2526591260874095,-1.4024412361083745,0.9994462132453918
7,2,8,-0.274629484877619,-1.3951177831783046,0.9994056820869446
7,2,9,-0.34054056124824755,-1.3072363480174665,0.9992716312408448
7,2,10,-0.3551874671083872,-1.3072363480174665,0.999002993106842
7,2,11,-0.06957280283566349,-1.006974777884603,0.9996293187141418
7,2,12,-0.23068876729719998,-0.9703575132342538,0.9987189173698424
7,2,13,-0.13548387920629204,-0.48700961984964436,0.7054855823516846
7,2,14,-0.2380122202272698,-0.47968616691957455,0.5263694524765015
7,2,15,-0.3625109200384571,-0.8897995310034855,0.857314944267273
7,2,16,-0.4284219964090856,-0.9483871544440443,0.5937069654464722
7,2,17,-0.47968616691957455,-0.9117698897936951,0.8282117247581482
7,2,18,-0.5675676020804126,-1.0948562130454411,0.5891360640525818
7,2,19,-0.41377509054894596,-0.9557106073741142,0.8257782459259033
7,2,20,-0.5309503374300634,-1.1168265718356507,0.5857488512992859
7,2,21,-0.36983437296852695,-0.9483871544440443,0.8069325685501099
7,2,22,-0.4723627139895047,-1.0655624013251617,0.5737069249153137
7,2,23,0.03295553818531428,0.00366172646503492,0.997732639312744
7,2,24,-0.03295553818531428,-0.00366172646503492,0.996188461780548
7,2,25,-0.17210114385664124,0.8385353604929967,0.6746583580970764
7,2,26,-0.10619006748601269,0.7726242841223682,0.5559093952178955
7,2,27,0.0549258969755238,1.6367917298706092,0.7541310787200928
7,2,28,0.07689625576573332,1.4903226712692124,0.6224679946899414
7,2,29,0.17210114385664124,1.7905842414020758,0.765629768371582
7,2,30,0.17942459678671108,1.644115182800679,0.6273672580718994
7,2,31,-0.26730603194754915,1.783260788472006,0.8120443820953369
7,2,32,-0.17210114385664124,1.6221448240104697,0.692356526851654
8,1,0,0.09456664106207711,-1.4303204460639163,0.9995832443237304
8,1,1,0.09456664106207711,-1.4933648734386344,0.9996227622032166
8,1,2,0.08668608764023736,-1.5012454268604742,0.9995988607406616
8,1,3,0.08668608764023736,-1.5012454268604742,0.9996653199195862
8,1,4,0.07880553421839759,-1.4854843200167946,0.9995409846305848
8,1,5,0.06304442737471808,-1.4854843200167946,0.999472677707672
8,1,6,0.039402767109198794,-1.4854843200167946,0.9995427131652832
8,1,7,0.00788055342183976,-1.4539621063294357,0.9994829893112184
8,1,8,-0.05516387395287831,-1.4303204460639163,0.9994583129882812
8,1,9,0.12608885474943615,-1.3593954652673585,0.999332845211029
8,1,10,0.10244719448391687,-1.3593954652673585,0.9990889430046082
8,1,11,0.039402767109198794,-1.0205316681282488,0.999643087387085
8,1,12,-0.19701383554599397,-0.9732483475972102,0.9988390207290648
8,1,13,0.17337217528047472,-0.5398179093960235,0.6624347567558289
8,1,14,0.09456664106207711,-0.46101237517762594,0.5723391175270081
8,1,15,0.3073415834517506,-0.9574872407535308,0.8307725787162781
8,1,16,0.23641660265519276,-0.949606687331691,0.6323732137680054
8,1,17,0.40190822451382774,-1.0205316681282488,0.8015575408935547
8,1,18,0.34674435056094943,-1.0362927749719284,0.6257901787757874
8,1,19,0.3861471176701482,-1.083576095502967,0.7992785573005676
8,1,20,0.3309832437172699,-1.0993372023466463,0.62213134765625
8,1,21,0.33886379713910963,-1.0756955420811272,0.7816275358200073
8,1,22,0.28369992318623133,-1.083576095502967,0.6093244552612305
8,1,23,0.09456664106207711,-0.01182083013275964,0.9978258609771729
8,1,24,-0.09456664106207711,0.01182083013275964,0.996312975883484
8,1,25,0.10244719448391687,0.8392789394259343,0.6376387476921082
8,1,26,-0.12608885474943615,0.8392789394259343,0.5680966377258301
8,1,27,-0.12608885474943615,1.572170407657032,0.724984347820282
8,1,28,-0.15761106843679518,1.666737048719109,0.6326273083686829
8,1,29,-0.19701383554599397,1.7376620295156668,0.7388213276863098
8,1,30,-0.23641660265519276,1.8085870103122248,0.6312751173973083
8,1,31,0.11032774790575663,1.769184243203026,0.7960518598556519
8,1,32,0.14184996159311566,1.7928259034685452,0.7033482193946838
8,2,0,-0.21638627910060537,-1.3915876224918242,0.999610424041748
8,2,1,-0.1790782999453286,-1.451280389140267,0.9996502995491028
8,2,2,-0.1716167041142732,-1.451280389140267,0.999627649784088
8,2,3,-0.1716167041142732,-1.451280389140267,0.9996898174285888
8,2,4,-0.1940014916074393,-1.451280389140267,0.9995749592781068
8,2,5,-0.20146308743849464,-1.451280389140267,0.9995111227035522
8,2,6,-0.20892468326955,-1.451280389140267,0.9995776414871216
8,2,7,-0.1790782999453286,-1.4139724099849902,0.99952632188797
8,2,8,-0.21638627910060537,-1.4065108141539349,0.9994887709617616
8,2,9,-0.1716167041142732,-1.3095100683502152,0.9993761777877808
8,2,10,-0.1940014916074393,-1.3169716641812705,0.999143660068512
8,2,11,-0.06715436247949821,-1.011046235108001,0.99964702129364
8,2,12,-0.1790782999453286,-0.9737382559527241,0.9988123774528505
8,2,13,-0.03730797915527679,-0.533504101920458,0.6951055526733398
8,2,14,-0.11938553329688571,-0.4738113352720152,0.5333027839660645
8,2,15,-0.29100223741115894,-0.8618143184868938,0.8447738289833069
8,2,16,-0.313387024904325,-0.928968680966392,0.6099201440811157
8,2,17,-0.3656181957217125,-0.9140454893042813,0.8159229755401611
8,2,18,-0.3880029832148786,-1.0035846392769456,0.6055374145507812
8,2,19,-0.3432334082285464,-0.9811998517837794,0.8136670589447021
8,2,20,-0.3283102165664357,-1.0558158100943331,0.6024066805839539
8,2,21,-0.313387024904325,-0.9662766601216688,0.7962504625320435
8,2,22,-0.2984638332422143,-1.0707390017564438,0.5899636149406433
8,2,23,0.059692766648442856,-0.0037307979155276785,0.997635781764984
8,2,24,-0.059692766648442856,0.0037307979155276785,0.9962494373321532
8,2,25,0.029846383324221428,0.8916607018111152,0.6662683486938477
8,2,26,-0.059692766648442856,0.8319679351626723,0.549354076385498
8,2,27,0.14923191662110716,1.7198978390582598,0.7427258491516113
8,2,28,0.1790782999453286,1.5781275182682082,0.6179556846618652
8,2,29,0.2462326624248268,1.8765913515104224,0.7534526586532593
8,2,30,0.26861744991799286,1.7870522015377581,0.6221673488616943
8,2,31,-0.11192393746583036,1.8765913515104224,0.8067102432250977
8,2,32,-0.0895391499726643,1.764667414044592,0.6935895085334778
9,1,0,0.07718614077458154,-1.408647069136113,0.9996395111083984
9,1,1,0.06946752669712339,-1.4781145958332365,0.999678075313568
9,1,2,0.06946752669712339,-1.4781145958332365,0.9996567368507384
9,1,3,0.06174891261966523,-1.4781145958332365,0.9997130036354064
9,1,4,0.054030298542207075,-1.4703959817557783,0.9996070265769958
9,1,5,0.03859307038729077,-1.4703959817557783,0.9995487928390504
9,1,6,0.023155842232374463,-1.4703959817557783,0.999609112739563
9,1,7,-0.023155842232374463,-1.4318029113684876,0.9995585083961488
9,1,8,-0.06946752669712339,-1.4163656832135711,0.9995347261428832
9,1,9,0.100341983006956,-1.3314609283615315,0.9994306564331056
9,1,10,0.08490475485203969,-1.3314609283615315,0.9992204308509828
9,1,11,0.0,-1.0227163652632054,0.999658226966858
9,1,12,-0.1852467378589957,-0.9686860667209983,0.9989228248596193
9,1,13,0.16980950970407938,-0.551880906538258,0.652140200138092
9,1,14,0.100341983006956,-0.4669761516862183,0.5778089761734009
9,1,15,0.2933073349434098,-0.9455302244886239,0.8187013268470764
9,1,16,0.23155842232374463,-0.9378116104111657,0.6458719968795776
9,1,17,0.401367932027824,-1.007279137108289,0.7881730794906616
9,1,18,0.33961901940815875,-1.007279137108289,0.6385607123374939
9,1,19,0.3782120897954495,-1.0690280497279543,0.7863291501998901
9,1,20,0.3241817912532425,-1.0767466638054124,0.63491290807724
9,1,21,0.33190040533070064,-1.053590821573038,0.7696688771247864
9,1,22,0.27787010678849355,-1.0690280497279543,0.6211746335029602
9,1,23,0.08490475485203969,-0.011577921116187231,0.9977304935455322
9,1,24,-0.08490475485203969,0.011577921116187231,0.9963504672050476
9,1,25,0.12349782523933046,0.8220323992492934,0.6351364254951477
9,1,26,-0.09262336892949785,0.8065951710943771,0.571374773979187
9,1,27,-0.046311684464748926,1.5475821225303599,0.724764883518219
9,1,28,-0.09262336892949785,1.655642719614774,0.6392731070518494
9,1,29,-0.10806059708441415,1.6787985618471484,0.7369617223739624
9,1,30,-0.16209089562662124,1.7637033166991882,0.6353769302368164
9,1,31,0.16209089562662124,1.7405474744668137,0.7999796271324158
9,1,32,0.17752812378153754,1.7868591589315626,0.7117030024528503
9,2,0,-0.21768238540367174,-1.3849103485164633,0.9996561408042908
9,2,1,-0.20266980709997023,-1.4449606617312694,0.99969482421875
9,2,2,-0.20266980709997023,-1.4449606617312694,0.9996737241744996
9,2,3,-0.18765722879626873,-1.4374543725794184,0.9997280836105348
9,2,4,-0.2251886745555225,-1.45246695088312,0.9996286630630492
9,2,5,-0.24020125285922397,-1.45246695088312,0.999572217464447
9,2,6,-0.25521383116292545,-1.45246695088312,0.999631941318512
9,2,7,-0.1651383613407165,-1.392416637668314,0.9995859265327454
9,2,8,-0.24020125285922397,-1.4074292159720154,0.9995513558387756
9,2,9,-0.18015093964441797,-1.2948348786942543,0.999450981616974
9,2,10,-0.210176096251821,-1.3098474569979557,0.9992515444755554
9,2,11,-0.09758175897405974,-1.0095958909239258,0.9996489882469176
9,2,12,-0.17264465049256725,-0.972064445164672,0.9988834261894226
9,2,13,-0.05254402406295525,-0.5667248309647316,0.685778021812439
9,2,14,-0.150125783037015,-0.48415565029437335,0.5325562953948975
9,2,15,-0.2777326986184777,-0.8894952644943138,0.832186758518219
9,2,16,-0.14261949388516423,-0.49916822859807486,0.6049035787582397
9,2,17,-0.36030187928883595,-0.9270267102535675,0.8011727333068848
9,2,18,-0.05254402406295525,-0.3715613130166121,0.6017115712165833
9,2,19,-0.32277043352958223,-0.9870770234683736,0.7992011904716492
9,2,20,-0.007506289151850749,-0.4241053370795673,0.5994865894317627
9,2,21,-0.30025156607403,-0.9870770234683736,0.7826022505760193
9,2,22,-0.09007546982220899,-0.6643065899387913,0.5875398516654968
9,2,23,0.05254402406295525,-0.011259433727776123,0.9976676106452942
9,2,24,-0.05254402406295525,0.011259433727776123,0.9963372349739076
9,2,25,0.015012578303701498,0.881988975342463,0.6637137532234192
9,2,26,-0.06005031321480599,0.8219386621276571,0.5504604578018188
9,2,27,0.12010062642961199,1.722693360349747,0.7435970306396484
9,2,28,0.1651383613407165,1.5950864447682842,0.6245034337043762
9,2,29,0.210176096251821,1.872819143386762,0.7527669668197632
9,2,30,0.24770754201107473,1.7752373844127023,0.626116156578064
9,2,31,-0.11259433727776125,1.8503002759312097,0.8104614019393921
9,2,32,-0.09758175897405974,1.7452122278052993,0.6993089318275452
10,1,0,0.08092680837463992,-1.4104386602437242,0.99967622756958
10,1,1,0.0578048631247428,-1.4720971809101164,0.9997146129608154
10,1,2,0.0578048631247428,-1.4720971809101164,0.999693751335144
10,1,3,0.0578048631247428,-1.4720971809101164,0.9997422099113464
10,1,4,0.042390232958144716,-1.4720971809101164,0.9996525049209596
10,1,5,0.02697560279154664,-1.4720971809101164,0.999601185321808
10,1,6,0.00385365754164952,-1.4643898658268175,0.999656617641449
10,1,7,-0.00385365754164952,-1.4258532904103223,0.9995996952056884
10,1,8,-0.08092680837463992,-1.4104386602437242,0.9995906949043274
10,1,9,0.096341438541238,-1.3333655094107337,0.9994921088218688
10,1,10,0.06551217820804184,-1.3333655094107337,0.9993142485618592
10,1,11,0.07321949329134088,-1.0173655909954733,0.9996352195739746
10,1,12,-0.19653653462412551,-0.9788290155789781,0.9989868998527528
10,1,13,0.25048774020721876,-0.5472193709142318,0.640888512134552
10,1,14,0.042390232958144716,-0.4624389049979424,0.5784241557121277
10,1,15,0.31985357595691016,-0.9402924401624828,0.8048428297042847
10,1,16,0.25048774020721876,-0.8555119742461934,0.6433578133583069
10,1,17,0.4200486720397977,-0.9788290155789781,0.7715637683868408
10,1,18,0.3660974664567044,-0.8940485496626885,0.6386091709136963
10,1,19,0.39692672678990054,-1.0250729060787722,0.7693401575088501
10,1,20,0.35839015137340535,-0.9634143854123799,0.6360815763473511
10,1,21,0.35068283629010627,-1.0250729060787722,0.753985583782196
10,1,22,0.3121462608736111,-0.971121700495679,0.6236225366592407
10,1,23,0.11946338379113511,-0.01541463016659808,0.9977447390556335
10,1,24,-0.11946338379113511,0.01541463016659808,0.9964646697044371
10,1,25,0.11946338379113511,0.7938534535798011,0.6359681487083435
10,1,26,-0.12717069887443416,0.8169753988296982,0.5740821957588196
10,1,27,-0.06551217820804184,1.541463016659808,0.724050760269165
10,1,28,-0.11175606870783607,1.6493654278259944,0.6409649848937988
10,1,29,-0.11946338379113511,1.6647800579925924,0.7322664260864258
10,1,30,-0.18882921954082646,1.749560523908882,0.6289807558059692
10,1,31,0.16570727429092935,1.7341458937422838,0.8020705580711365
10,1,32,0.16570727429092935,1.7649751540754801,0.7147818207740784
10,2,0,-0.13840320029490094,-1.4070992029981595,0.999699592590332
10,2,1,-0.11533600024575077,-1.46861173646256,0.9997374415397644
10,2,2,-0.10764693356270073,-1.46861173646256,0.9997180104255676
10,2,3,-0.09226880019660062,-1.46861173646256,0.9997629523277284
10,2,4,-0.13071413361185089,-1.46861173646256,0.9996805787086488
10,2,5,-0.13071413361185089,-1.46092266977951,0.9996328949928284
10,2,6,-0.13840320029490094,-1.46092266977951,0.9996846914291382
10,2,7,-0.09226880019660062,-1.4224773363642595,0.999634861946106
10,2,8,-0.1922266670762513,-1.4147882696812095,0.99961918592453
10,2,9,-0.10764693356270073,-1.322519469484609,0.999529242515564
10,2,10,-0.13071413361185089,-1.330208536167659,0.9993625283241272
10,2,11,0.007689066683050052,-1.0149568021626068,0.9996526837348938
10,2,12,-0.1922266670762513,-0.9765114687473566,0.9989759922027588
10,2,13,0.03844533341525026,-0.5228565344474035,0.6754840016365051
10,2,14,-0.05382346678135037,-0.4613440009830031,0.5279553532600403
10,2,15,-0.2076048004423514,-0.8996208019168561,0.8177357912063599
10,2,16,-0.16915946702710113,-0.7842848016711053,0.5928562879562378
10,2,17,-0.299873600638952,-0.9149989352829562,0.7836145758628845
10,2,18,-0.2383610671745516,-0.7919738683541554,0.5916497111320496
10,2,19,-0.2691173339067518,-0.9688224020643066,0.7814223170280457
10,2,20,-0.2076048004423514,-0.8534864018185557,0.5894865989685059
10,2,21,-0.23067200049150155,-0.9688224020643066,0.7653521299362183
10,2,22,-0.16915946702710113,-0.8996208019168561,0.5785248279571533
10,2,23,0.13071413361185089,-0.015378133366100104,0.9978103041648864
10,2,24,-0.13071413361185089,0.015378133366100104,0.9965713620185852
10,2,25,0.030756266732200208,0.8765536018677059,0.6652629375457764
10,2,26,0.05382346678135037,0.8611754685016059,0.5496541261672974
10,2,27,-0.2076048004423514,1.7607962704184619,0.7429586052894592
10,2,28,0.10764693356270073,1.6608384035388113,0.621093213558197
10,2,29,0.06920160014745047,1.9607120041777633,0.7494111657142639
10,2,30,0.16915946702710113,1.8223088038828623,0.6176401972770691
10,2,31,-0.05382346678135037,1.9453338708116632,0.8115904927253723
10,2,32,0.030756266732200208,1.776174403784562,0.6986314058303833
11,1,0,0.06161050410014543,-1.417041594303345,0.999705970287323
11,1,1,0.04620787807510907,-1.4786520984034903,0.9997453689575196
11,1,2,0.04620787807510907,-1.4786520984034903,0.999723494052887
11,1,3,0.04620787807510907,-1.4786520984034903,0.9997634291648864
11,1,4,0.030805252050072715,-1.4709507853909722,0.999691903591156
11,1,5,0.015402626025036358,-1.4709507853909722,0.999647855758667
11,1,6,-0.007701313012518179,-1.463249472378454,0.9996987581253052
11,1,7,-0.015402626025036358,-1.4324442203283814,0.9996212124824524
11,1,8,-0.10781838217525451,-1.4093402812908267,0.9996490478515624
11,1,9,0.06161050410014543,-1.3400284641781632,0.999553084373474
11,1,10,0.0385065650625909,-1.3400284641781632,0.9994085431098938
11,1,11,0.08471444313769996,-1.0088720046398814,0.9996104836463928
11,1,12,-0.23103939037554538,-0.9857680656023269,0.9990688562393188
11,1,13,0.23874070338806355,-0.5544945369013089,0.6274334788322449
11,1,14,-0.015402626025036358,-0.46207878075109077,0.5742902755737305
11,1,15,0.3157538335132453,-0.9087549354771451,0.7793413996696472
11,1,16,0.23103939037554538,-0.8548457443895179,0.6323819160461426
11,1,17,0.43127352870101804,-0.9164562484896633,0.7439988851547241
11,1,18,0.33885777255079985,-0.8779496834270725,0.6290387511253357
11,1,19,0.4081695896634635,-0.9780667525898088,0.7414660453796387
11,1,20,0.34655908556331805,-0.9549628135522542,0.6264342069625854
11,1,21,0.34655908556331805,-0.9780667525898088,0.7273346781730652
11,1,22,0.300351207488209,-0.9626641265647724,0.6145062446594238
11,1,23,0.11551969518777269,-0.015402626025036358,0.9977970719337464
11,1,24,-0.11551969518777269,0.015402626025036358,0.9966268539428712
11,1,25,0.10011706916273633,0.7778326142643361,0.6274542808532715
11,1,26,-0.10011706916273633,0.7855339272768542,0.5642592310905457
11,1,27,-0.053909191087627255,1.5171586634660812,0.7106668949127197
11,1,28,-0.11551969518777269,1.6249770456413357,0.6276134848594666
11,1,29,-0.10011706916273633,1.6557822976914085,0.7191738486289978
11,1,30,-0.17713019928791812,1.7173928017915538,0.6108555197715759
11,1,31,0.1463249472378454,1.7019901757665177,0.7910490036010742
11,1,32,0.12322100820029086,1.7250941148040722,0.7059326767921448
11,2,0,-0.17792694059038835,-1.3931300880268707,0.9997316002845764
11,2,1,-0.18549829976444746,-1.4612723205934024,0.9997678995132446
11,2,2,-0.17792694059038835,-1.4612723205934024,0.9997479915618896
11,2,3,-0.17035558141632928,-1.4688436797674613,0.9997844696044922
11,2,4,-0.2006410181125656,-1.4537009614193432,0.9997190237045288
11,2,5,-0.21578373646068377,-1.4537009614193432,0.9996785521507264
11,2,6,-0.22335509563474285,-1.446129602245284,0.9997254610061646
11,2,7,-0.14007014472009297,-1.4234155247231068,0.9996554255485536
11,2,8,-0.18549829976444746,-1.4082728063749888,0.9996795058250428
11,2,9,-0.17035558141632928,-1.332559214634398,0.9995906352996826
11,2,10,-0.18549829976444746,-1.324987855460339,0.999458074569702
11,2,11,0.03407111628326586,-1.0145621293239167,0.9996429681777954
11,2,12,-0.10221334884979758,-0.9842766926276804,0.9991196393966676
11,2,13,-0.0037856795870295397,-0.5602805788803719,0.663912296295166
11,2,14,-0.11735606719791573,-0.43156747292136755,0.5252001881599426
11,2,15,-0.22335509563474285,-0.8782776641908532,0.7996448278427124
11,2,16,-0.08707063050167942,-0.18928397935147698,0.586370050907135
11,2,17,-0.3066400465493927,-0.9237058192352077,0.7662063837051392
11,2,18,-0.10978470802385665,-0.022714077522177238,0.5859418511390686
11,2,19,-0.2687832506790973,-0.9615626151055031,0.7638111710548401
11,2,20,-0.10978470802385665,-0.060570873392472635,0.5838475227355957
11,2,21,-0.2460691731569201,-0.953991255931444,0.7500453591346741
11,2,22,-0.09464198967573849,-0.0757135917405908,0.5736328959465027
11,2,23,-0.0037856795870295397,-0.015142718348118159,0.9979044198989868
11,2,24,0.0037856795870295397,0.015142718348118159,0.9967464804649352
11,2,25,0.011357038761088619,0.8555635866686759,0.651890218257904
11,2,26,0.0567851938054431,0.8177067907983806,0.5318863987922668
11,2,27,0.07949927132762033,1.7338412508595291,0.7238644361495972
11,2,28,0.15521286306821114,1.6429849407708201,0.5930436253547668
11,2,29,0.20821237728662467,1.907982511862888,0.7317213416099548
11,2,30,0.23092645480880192,1.8019834834260609,0.5870325565338135
11,2,31,-0.10221334884979758,1.8776970751666517,0.7954312562942505
11,2,32,-0.09464198967573849,1.7565553283817064,0.6762021780014038
12,1,0,0.0809791381643684,-1.4074945442854507,0.9997408390045166
12,1,1,0.05784224154597743,-1.4691929352678268,0.99977707862854
12,1,2,0.05784224154597743,-1.4769052341406237,0.9997560381889344
12,1,3,0.05784224154597743,-1.4769052341406237,0.999791383743286
12,1,4,0.03470534492758646,-1.4614806363950297,0.999727189540863
12,1,5,0.019280747181992478,-1.4614806363950297,0.9996873140335084
12,1,6,-0.0038561494363984956,-1.4614806363950297,0.999732494354248
12,1,7,0.0038561494363984956,-1.4306314409038419,0.9996564984321594
12,1,8,-0.0809791381643684,-1.4074945442854507,0.9997004270553588
12,1,9,0.0809791381643684,-1.338083854430278,0.999617636203766
12,1,10,0.05784224154597743,-1.338083854430278,0.9994968771934508
12,1,11,0.11954063252835335,-0.9987427040272103,0.99965500831604
12,1,12,-0.21980051787471425,-0.9987427040272103,0.9991998672485352
12,1,13,0.21980051787471425,-0.5360047716593909,0.6367284059524536
12,1,14,-0.05012994267318044,-0.46659408180421796,0.5722694993019104
12,1,15,0.3663341964578571,-0.8444967265712705,0.8025820851325989
12,1,16,0.28149890885709017,-0.8522090254440675,0.6271070837974548
12,1,17,0.4974432772954059,-0.8830582209352554,0.767341673374176
12,1,18,0.404895690821842,-0.8676336231896614,0.6254147291183472
12,1,19,0.4974432772954059,-0.9293320141720374,0.7650265693664551
12,1,20,0.397183391949045,-0.9447566119176314,0.6231428980827332
12,1,21,0.43574488631303,-0.9216197152992404,0.7505329847335815
12,1,22,0.3431972998394661,-0.9447566119176314,0.6125741600990295
12,1,23,0.11182833365555636,-0.011568448309195485,0.9979696273803712
12,1,24,-0.11182833365555636,0.011568448309195485,0.9969238638877868
12,1,25,0.11182833365555636,0.8059352322072856,0.6291631460189819
12,1,26,-0.11182833365555636,0.8213598299528795,0.5674228072166443
12,1,27,-0.019280747181992478,1.5154667285046086,0.7106096148490906
12,1,28,-0.11954063252835335,1.6234389127237665,0.6197020411491394
12,1,29,-0.0732668392915714,1.6388635104693605,0.7187813520431519
12,1,30,-0.18895132238352627,1.7391233958157215,0.5986295342445374
12,1,31,0.1812390235107293,1.7314110969429244,0.7898018956184387
12,1,32,0.0886914370371654,1.7545479935613153,0.6975275278091431
12,2,0,-0.21529217127876193,-1.3899564742207788,0.9997640252113342
12,2,1,-0.18507572618700588,-1.465497586950169,0.9997973442077636
12,2,2,-0.16996750364112784,-1.465497586950169,0.999778151512146
12,2,3,-0.1548592810952498,-1.465497586950169,0.9998103976249696
12,2,4,-0.2001839487328839,-1.4579434756772298,0.9997520446777344
12,2,5,-0.2001839487328839,-1.450389364404291,0.9997156262397766
12,2,6,-0.2001839487328839,-1.4428352531313517,0.999756932258606
12,2,7,-0.07931816836585966,-1.4201729193125348,0.9996891617774964
12,2,8,-0.13219694727643277,-1.3975105854937178,0.9997267127037048
12,2,9,-0.18507572618700588,-1.3219694727643276,0.9996514916419984
12,2,10,-0.2077380600058229,-1.3068612502184496,0.9995393753051758
12,2,11,0.06420994581998163,-0.9971426880279499,0.9996845722198486
12,2,12,-0.21529217127876193,-0.9971426880279499,0.9992295503616332
12,2,13,0.011331166909408523,-0.5212336778327921,0.6722554564476013
12,2,14,-0.2001839487328839,-0.47590901019515797,0.5342777371406555
12,2,15,-0.056655834547042615,-0.8233981287503527,0.8212175369262695
12,2,16,-0.16241339236818883,-0.7327487934750845,0.6055983901023865
12,2,17,-0.049101723274103594,-0.8762769076609257,0.7884071469306946
12,2,18,-0.30594150655403013,-0.7931816836585965,0.6048691272735596
12,2,19,0.13975105854937178,-0.9216015752985598,0.7861759662628174
12,2,20,-0.253062727643457,-0.8460604625691697,0.6018532514572144
12,2,21,0.011331166909408523,-0.9140474640256208,0.772048830986023
12,2,22,-0.19262983745994489,-0.8385063512962306,0.5918108820915222
12,2,23,0.07176405709292064,0.0,0.9979995489120485
12,2,24,-0.07176405709292064,0.0,0.9969593286514282
12,2,25,0.049101723274103594,0.8687227963879867,0.6595445871353149
12,2,26,0.033993500728225566,0.8385063512962306,0.54422527551651
12,2,27,0.1473051698223108,1.7072291476842174,0.7291069030761719
12,2,28,0.1473051698223108,1.6165798124089492,0.5967623591423035
12,2,29,0.22284628255170094,1.8658654844159366,0.7303590774536133
12,2,30,0.2001839487328839,1.7903243716865465,0.5838522911071777
12,2,31,-0.11708872473055473,1.8280949280512415,0.7992857694625854
12,2,32,-0.07931816836585966,1.7374455927759733,0.6803792119026184
13,1,0,0.07740550202381621,-1.4281315123394092,0.9997552633285522
13,1,1,0.0696649518214346,-1.4900559139584622,0.9997918605804444
13,1,2,0.0696649518214346,-1.4900559139584622,0.9997697472572328
13,1,3,0.0696649518214346,-1.4900559139584622,0.999805510044098
13,1,4,0.03870275101190811,-1.4823153637560806,0.9997326135635376
13,1,5,0.023221650607144866,-1.4823153637560806,0.9996861815452576
13,1,6,0.0,-1.474574813553699,0.9997276663780212
13,1,7,0.0,-1.4436126127441724,0.9996628761291504
13,1,8,-0.09288660242857946,-1.412650411934646,0.9997119307518004
13,1,9,0.09288660242857946,-1.3584665605179747,0.9996575117111206
13,1,10,0.0696649518214346,-1.3429854601132114,0.9995412826538086
13,1,11,0.12384880323810596,-0.9946607010060384,0.9997031092643738
13,1,12,-0.23221650607144867,-1.00240125120842,0.9992810487747192
13,1,13,0.23221650607144867,-0.5457087892679043,0.6507322192192078
13,1,14,-0.06192440161905298,-0.4528221868393249,0.5797159671783447
13,1,15,0.41024916072622597,-0.8243685965536427,0.8326011896133423
13,1,16,0.15481100404763243,-0.9095146487798406,0.6445274949073792
13,1,17,0.534097963964332,-0.8553307973631692,0.8011761903762817
13,1,18,0.1780326546547773,-1.0178823516131832,0.6432327032089233
13,1,19,0.5573196145714768,-0.9017740985774589,0.7993608713150024
13,1,20,0.16255155425001405,-1.0720662030298547,0.6403361558914185
13,1,21,0.4876546627500422,-0.8940335483750773,0.7851079106330872
13,1,22,0.15481100404763243,-1.0411040022203282,0.6304615139961243
13,1,23,0.12384880323810596,-0.003870275101190811,0.9980685710906982
13,1,24,-0.12384880323810596,0.003870275101190811,0.9970214366912842
13,1,25,0.10836770283334271,0.8243685965536427,0.627732515335083
13,1,26,-0.1393299036428692,0.8166280463512611,0.5714983344078064
13,1,27,-0.04644330121428973,1.5519803155775151,0.7122288346290588
13,1,28,-0.12384880323810596,1.6371263678037131,0.6208034157752991
13,1,29,-0.10062715263096109,1.6758291188156211,0.7183315753936768
13,1,30,-0.19351375505954055,1.7454940706370559,0.5967490673065186
13,1,31,0.17029210445239568,1.7377535204346741,0.7922781109809875
13,1,32,0.13158935344048758,1.7687157212442006,0.6999618411064148
13,2,0,-0.2408245423062009,-1.4035555356283271,0.9997769594192504
13,2,1,-0.203195707570857,-1.471287438151946,0.9998103976249696
13,2,2,-0.19566994062378823,-1.471287438151946,0.999790370464325
13,2,3,-0.18061840672965068,-1.471287438151946,0.9998229146003724
13,2,4,-0.22577300841206335,-1.4637616712048773,0.9997565746307372
13,2,5,-0.22577300841206335,-1.4637616712048773,0.9997143745422364
13,2,6,-0.22577300841206335,-1.4562359042578086,0.999752163887024
13,2,7,-0.11288650420603168,-1.4261328364695334,0.9996945858001708
13,2,8,-0.15804110588844433,-1.4035555356283271,0.9997361302375792
13,2,9,-0.21072147451792578,-1.3282978661576395,0.9996872544288636
13,2,10,-0.22577300841206335,-1.3207720992105705,0.999578058719635
13,2,11,0.060206135576550225,-0.9896383535395443,0.9997268915176392
13,2,12,-0.21072147451792578,-1.0046898874336818,0.9992977380752563
13,2,13,0.007525766947068778,-0.5004635019800737,0.6849988698959351
13,2,14,-0.21824724146499458,-0.47788620113886743,0.5451104640960693
13,2,15,0.007525766947068778,-0.7939684129157561,0.8482791781425476
13,2,16,-0.27845337704154477,-0.7638653451274809,0.6266902685165405
13,2,17,-0.16556687283551313,-0.8391230145981687,0.8187788128852844
13,2,18,-0.4139171820887828,-0.8165457137569624,0.6241421699523926
13,2,19,-0.09783497031189411,-0.899329150174719,0.8170254230499268
13,2,20,-0.36123681345930136,-0.8692260823864438,0.6203374862670898
13,2,21,-0.015051533894137556,-0.899329150174719,0.803075909614563
13,2,22,-0.28597914398861357,-0.8617003154393751,0.6100281476974487
13,2,23,0.09783497031189411,0.003762883473534389,0.9981002807617188
13,2,24,-0.09783497031189411,-0.003762883473534389,0.9970988631248474
13,2,25,0.11288650420603168,0.8692260823864438,0.6573331952095032
13,2,26,0.030103067788275113,0.8315972476511,0.5497782230377197
13,2,27,0.15051533894137556,1.6970604465640096,0.730535626411438
13,2,28,0.135463805047238,1.5916997093050467,0.6049551367759705
13,2,29,0.21824724146499458,1.8400500185583162,0.7306060791015625
13,2,30,0.203195707570857,1.749740815193491,0.5868121981620789
13,2,31,-0.15051533894137556,1.855101552452454,0.8023368716239929
13,2,32,-0.11288650420603168,1.7647923490876285,0.6912791728973389
14,1,0,0.10333910999510984,-1.4352654165987477,0.9997703433036804
14,1,1,0.07272011444100322,-1.496503407706961,0.9998080134391784
14,1,2,0.06506536555247656,-1.496503407706961,0.9997857213020324
14,1,3,0.06506536555247656,-1.496503407706961,0.9998210072517396
14,1,4,0.049755867775423256,-1.4888486588184344,0.9997440576553344
14,1,5,0.03444636999836995,-1.4888486588184344,0.9996955394744872
14,1,6,0.011482123332789982,-1.4811939099299076,0.9997307658195496
14,1,7,-0.0038273744442633277,-1.4429201654872745,0.999677836894989
14,1,8,-0.08037486332952988,-1.4199559188216946,0.99973064661026
14,1,9,0.1416128544377431,-1.366372676602008,0.9996938705444336
14,1,10,0.1109938588836365,-1.3587179277134813,0.999579131603241
14,1,11,0.13395810554921647,-0.9912899810642019,0.9997410178184508
14,1,12,-0.2258150922115363,-1.0065994788412551,0.9993464350700378
14,1,13,0.2564340877656429,-0.5473145455296559,0.65677410364151
14,1,14,-0.042101118886896605,-0.4707670566443893,0.5898398160934448
14,1,15,0.432493312201756,-0.8228855055166154,0.85496985912323
14,1,16,0.16457710110332308,-0.9453614877330418,0.6635398864746094
14,1,17,0.5396597966411292,-0.8535045010707221,0.8263076543807983
14,1,18,0.1951960966574297,-1.0448732232838884,0.6605520844459534
14,1,19,0.5549692944181824,-0.8917782455133553,0.8250131011009216
14,1,20,0.18754134776890305,-1.098456465503575,0.6569134593009949
14,1,21,0.5090408010870225,-0.8917782455133553,0.8107181191444397
14,1,22,0.1798865988803764,-1.0678374699494684,0.646694004535675
14,1,23,0.11864860777216316,-0.0038273744442633277,0.9981785416603088
14,1,24,-0.11864860777216316,0.0038273744442633277,0.9971759915351868
14,1,25,0.09568436110658318,0.7922665099625088,0.625568687915802
14,1,26,-0.10333910999510984,0.7769570121854554,0.5809515118598938
14,1,27,-0.057410616663949914,1.5347771521495943,0.7202069759368896
14,1,28,-0.12630335666068981,1.6036698921463342,0.6345906853675842
14,1,29,-0.13395810554921647,1.6419436365889675,0.7265952229499817
14,1,30,-0.18754134776890305,1.718491125474234,0.6087809205055237
14,1,31,0.210505594434483,1.7108363765857073,0.800408124923706
14,1,32,0.1416128544377431,1.741455372139814,0.7142798900604248
14,2,0,-0.22406339849785006,-1.3994779479947683,0.9997898936271667
14,2,1,-0.20202437569478285,-1.4582486754696142,0.999824047088623
14,2,2,-0.18733169382607137,-1.4582486754696142,0.9998037815093994
14,2,3,-0.17998535289171563,-1.4582486754696142,0.999835968017578
14,2,4,-0.21671705756349433,-1.4582486754696142,0.9997661113739014
14,2,5,-0.22406339849785006,-1.4509023345352585,0.999721884727478
14,2,6,-0.22406339849785006,-1.4509023345352585,0.9997541308403016
14,2,7,-0.11386828448251396,-1.41417062986348,0.9997076988220216
14,2,8,-0.16529267102300413,-1.3994779479947683,0.999751627445221
14,2,9,-0.17998535289171563,-1.326014538651211,0.9997193217277528
14,2,10,-0.2093707166291386,-1.3186681977168553,0.9996104836463928
14,2,11,0.055097557007668045,-0.988082855670847,0.9997599720954896
14,2,12,-0.24610242130091728,-1.0027755375395584,0.9993573427200316
14,2,13,0.025712193270245088,-0.5032243540033682,0.6903200149536133
14,2,14,-0.18733169382607137,-0.4958780130690124,0.5525045990943909
14,2,15,0.03305853420460083,-0.7750389685745306,0.8683475255966187
14,2,16,-0.20202437569478285,-0.8117706732463092,0.6450594067573547
14,2,17,-0.17998535289171563,-0.819117014180665,0.8413116931915283
14,2,18,-0.34895119438189764,-0.8558487188524436,0.641839861869812
14,2,19,-0.084482920745091,-0.8852340825898666,0.8399631977081299
14,2,20,-0.29018046690705174,-0.9072731053929338,0.6375944018363953
14,2,21,-0.0036731704671778696,-0.8852340825898666,0.8258263468742371
14,2,22,-0.2681414441039845,-0.8999267644585781,0.6275280714035034
14,2,23,0.10652194354815822,-0.0036731704671778696,0.9981294870376588
14,2,24,-0.10652194354815822,0.0036731704671778696,0.9971866011619568
14,2,25,0.09182926167944674,0.819117014180665,0.6573516726493835
14,2,26,-0.0036731704671778696,0.8044243323119535,0.5666284561157227
14,2,27,0.12856096635122544,1.6125218350910848,0.7396382689476013
14,2,28,0.09182926167944674,1.583136471353662,0.6265954971313477
14,2,29,0.18733169382607137,1.7594486537781997,0.7369716167449951
14,2,30,0.16529267102300413,1.7667949947125554,0.6041056513786316
14,2,31,-0.11386828448251396,1.7888340175156225,0.8110336065292358
14,2,32,-0.12856096635122544,1.744755971909488,0.7103227972984314
15,1,0,0.09447762241302463,-1.4285016508849322,0.9997610449790956
15,1,1,0.056686573447814775,-1.488967329229268,0.9998011589050292
15,1,2,0.056686573447814775,-1.488967329229268,0.9997761249542236
15,1,3,0.056686573447814775,-1.488967329229268,0.999815821647644
15,1,4,0.03401194406868886,-1.481409119436226,0.9997193217277528
15,1,5,0.011337314689562955,-1.481409119436226,0.9996586441993712
15,1,6,-0.011337314689562955,-1.481409119436226,0.9996846914291382
15,1,7,-0.018895524482604925,-1.4360598606779742,0.9996584057807922
15,1,8,-0.10203583220606659,-1.4133852312988484,0.9996855854988098
15,1,9,0.10959404199910856,-1.3529195529545126,0.9996944665908812
15,1,10,0.07936120282694069,-1.3453613431614706,0.999546468257904
15,1,11,0.10959404199910856,-0.99768369268154,0.9997611045837402
15,1,12,-0.24564181827386403,-0.99768369268154,0.9993361234664916
15,1,13,0.2229671888947381,-0.5290746855129379,0.6579465270042419
15,1,14,-0.011337314689562955,-0.48372542675468605,0.5943704843521118
15,1,15,0.4421552728929552,-0.7936120282694068,0.8707127571105957
15,1,16,0.07936120282694069,-1.020358322060666,0.6794551610946655
15,1,17,0.5630866295816267,-0.8314030772346167,0.8440670967102051
15,1,18,0.056686573447814775,-1.1186150493702116,0.6756852269172668
15,1,19,0.5857612589607526,-0.8843105457859104,0.8434004187583923
15,1,20,0.03401194406868886,-1.1488478885423794,0.6715839505195618
15,1,21,0.5404120002025008,-0.8843105457859104,0.8287941813468933
15,1,22,0.04157015386173083,-1.1110568395771696,0.6611450910568237
15,1,23,0.1247104615851925,-0.0075582097930419695,0.998152196407318
15,1,24,-0.1247104615851925,0.0075582097930419695,0.9970908761024476
15,1,25,0.10959404199910856,0.7331463499250711,0.6236526966094971
15,1,26,-0.1247104615851925,0.748262769511155,0.5926545858383179
15,1,27,-0.07180299303389871,1.481409119436226,0.7292295694351196
15,1,28,-0.13982688117127645,1.5721076369527296,0.6512086987495422
15,1,29,-0.13226867137823448,1.6174568957109816,0.7311007976531982
15,1,30,-0.21540897910169612,1.6854807838483592,0.6201875805854797
15,1,31,0.19273434972257023,1.6779225740553172,0.8084501624107361
15,1,32,0.13226867137823448,1.7157136230205272,0.7292232513427734
15,2,0,-0.23883826696163327,-1.3852619483774729,0.9997814297676086
15,2,1,-0.2094427879509707,-1.4587506459041293,0.9998177886009216
15,2,2,-0.20209391819830508,-1.4587506459041293,0.9997949600219728
15,2,3,-0.18739617869297379,-1.4587506459041293,0.999831199645996
15,2,4,-0.23148939720896763,-1.4587506459041293,0.999743640422821
15,2,5,-0.23883826696163327,-1.4587506459041293,0.999688446521759
15,2,6,-0.23883826696163327,-1.4514017761514637,0.9997125267982484
15,2,7,-0.12125635091898304,-1.4220062971408012,0.9996895790100098
15,2,8,-0.17269843918764252,-1.4073085576354698,0.9997103214263916
15,2,9,-0.20209391819830508,-1.3191221206034822,0.9997190237045288
15,2,10,-0.23148939720896763,-1.3117732508508166,0.999579668045044
15,2,11,0.04776765339232665,-0.9957718514861941,0.9997761249542236
15,2,12,-0.23148939720896763,-0.9957718514861941,0.9993443489074708
15,2,13,-0.0036744348763328195,-0.4813509687995994,0.6913009285926819
15,2,14,-0.224140527456302,-0.49604870830493064,0.5616520643234253
15,2,15,-0.11390748116631741,-0.7679568891535593,0.8824048042297363
15,2,16,-0.36376905275694915,-0.9516786329702003,0.6668006181716919
15,2,17,-0.2682337459722958,-0.8120501076695531,0.8570841550827026
15,2,18,-0.488699838552265,-0.9957718514861941,0.6613104343414307
15,2,19,-0.20209391819830508,-0.8855388051962095,0.856342613697052
15,2,20,-0.43725775028360553,-1.0325162002495223,0.6566947102546692
15,2,21,-0.14330296017697997,-0.8781899354435438,0.8419296145439148
15,2,22,-0.44460662003627116,-0.8781899354435438,0.6458078026771545
15,2,23,0.10655861141365176,-0.0036744348763328195,0.9981528520584106
15,2,24,-0.10655861141365176,0.0036744348763328195,0.9971616864204408
15,2,25,0.09186087190832048,0.8047012379168874,0.6538786292076111
15,2,26,0.0036744348763328195,0.7753057589062249,0.5724785923957825
15,2,27,0.13595409042431433,1.6204257804627733,0.7465948462486267
15,2,28,0.11390748116631741,1.5616348224414482,0.637382447719574
15,2,29,0.20209391819830508,1.7600543057634206,0.7392580509185791
15,2,30,0.18004730894030815,1.7453565662580892,0.6100582480430603
15,2,31,-0.14330296017697997,1.7600543057634206,0.8175761699676514
15,2,32,-0.1506518299296456,1.730658826752758,0.7223445773124695
16,1,0,0.1326668278459941,-1.435923313156642,0.99970680475235
16,1,1,0.08584324154740794,-1.5061586926045212,0.999772310256958
16,1,2,0.07803931049764358,-1.5061586926045212,0.9997403025627136
16,1,3,0.07803931049764358,-1.5061586926045212,0.9997869729995728
16,1,4,0.06243144839811487,-1.4983547615547568,0.9996554255485536
16,1,5,0.03901965524882179,-1.4983547615547568,0.9995706677436828
16,1,6,0.023411793149293075,-1.4983547615547568,0.9995958805084229
16,1,7,0.0,-1.4515311752561706,0.9995965361595154
16,1,8,-0.07803931049764358,-1.4281193821068776,0.9996083378791808
16,1,9,0.14047075889575844,-1.3656879337087626,0.9996549487113952
16,1,10,0.10925503469670102,-1.3578840026589984,0.9994466304779052
16,1,11,0.11705896574646538,-1.0067071054196022,0.9997580647468568
16,1,12,-0.21070613834363766,-0.9910992433200735,0.9992937445640564
16,1,13,0.22631400044316638,-0.5072555182346833,0.6512776613235474
16,1,14,0.04682358629858615,-0.46043193193609716,0.6014366745948792
16,1,15,0.4916476561351546,-0.7803931049764359,0.8766373991966248
16,1,16,0.08584324154740794,-1.0067071054196022,0.6984292268753052
16,1,17,0.6399223460806773,-0.8194127602252577,0.8512316346168518
16,1,18,0.05462751734835051,-1.1159621401163033,0.692237377166748
16,1,19,0.6477262771304417,-0.8740402775736081,0.8516677021980286
16,1,20,0.023411793149293075,-1.131570002215832,0.687789797782898
16,1,21,0.6009026908318555,-0.8662363465238437,0.8367366194725037
16,1,22,0.015607862099528717,-1.0925503469670101,0.6761977672576904
16,1,23,0.1326668278459941,-0.0078039310497643585,0.9980654120445251
16,1,24,-0.1326668278459941,0.0078039310497643585,0.9967839121818542
16,1,25,0.07803931049764358,0.7491773807773784,0.6223649382591248
16,1,26,-0.16388255204505153,0.7491773807773784,0.5947744846343994
16,1,27,-0.07803931049764358,1.4749429684054638,0.7330320477485657
16,1,28,-0.14827468994552281,1.5763940720524003,0.6568391919136047
16,1,29,-0.14047075889575844,1.6388255204505153,0.7301953434944153
16,1,30,-0.21070613834363766,1.7324726930476875,0.6226020455360413
16,1,31,0.16388255204505153,1.7090608998983945,0.8117917776107788
16,1,32,0.12486289679622974,1.7714923482965093,0.7374710440635681
16,2,0,-0.2302624668671881,-1.4079983629747732,0.99973064661026
16,2,1,-0.21516328871196264,-1.4834942537509004,0.9997904300689696
16,2,2,-0.2000641105567372,-1.4834942537509004,0.9997613430023192
16,2,3,-0.19251452147912448,-1.4759446646732877,0.9998040199279784
16,2,4,-0.2302624668671881,-1.4834942537509004,0.9996837973594666
16,2,5,-0.2302624668671881,-1.4759446646732877,0.999606728553772
16,2,6,-0.23781205594480082,-1.4759446646732877,0.9996305108070374
16,2,7,-0.12456821978060996,-1.4306471302076114,0.9996325373649596
16,2,8,-0.1698657542462863,-1.4230975411299986,0.9996373057365416
16,2,9,-0.20761369963434992,-1.3400520612762585,0.9996814131736756
16,2,10,-0.2302624668671881,-1.3325024721986458,0.9994861483573914
16,2,11,0.026423561771644535,-0.9927709637060733,0.9997724890708924
16,2,12,-0.19251452147912448,-1.000320552783686,0.999291718006134
16,2,13,-0.04907232900448271,-0.4492005501179571,0.6853007078170776
16,2,14,-0.18496493240151174,-0.4869484955060207,0.5647842288017273
16,2,15,-0.21516328871196264,-0.7662832913776916,0.8875829577445984
16,2,16,-0.33595671395376625,-0.970122196473235,0.6750166416168213
16,2,17,-0.32840712487615353,-0.8191304149209806,0.8631551265716553
16,2,18,-0.4190021938075062,-0.9927709637060733,0.6673297882080078
16,2,19,-0.23781205594480082,-0.8795271275418824,0.8633999824523926
16,2,20,-0.3888038374970553,-1.0380684981717496,0.6620497107505798
16,2,21,-0.2000641105567372,-0.8719775384642696,0.8486685156822205
16,2,22,-0.3661550702642171,-0.9776717855508478,0.6500335931777954
16,2,23,0.056621918082095435,0.011324383616419086,0.997996747493744
16,2,24,-0.056621918082095435,-0.011324383616419086,0.9967489242553712
16,2,25,0.0792706853149336,0.8493287712314315,0.6471160054206848
16,2,26,0.06417150715970815,0.7964816476881424,0.5625441074371338
16,2,27,0.14721698701344813,1.6495852134583804,0.7446099519729614
16,2,28,0.15476657609106084,1.5136926100613513,0.6277596950531006
16,2,29,0.22271287778957538,1.8232257622434729,0.7370554208755493
16,2,30,0.22271287778957538,1.657134802535993,0.60365891456604
16,2,31,-0.1623161651686736,1.7854778168554093,0.8157544732093811
16,2,32,-0.10191945254777178,1.6797835697688313,0.7186374068260193
17,1,0,0.14725917062030985,-1.4454650168783048,0.9997157454490662
17,1,1,0.08525530930649518,-1.5074688781921193,0.9997853636741638
17,1,2,0.08525530930649518,-1.5074688781921193,0.9997541308403016
17,1,3,0.08525530930649518,-1.5074688781921193,0.999797224998474
17,1,4,0.0697543439780415,-1.4997183955278925,0.9996681213378906
17,1,5,0.04650289598536101,-1.4997183955278925,0.9995827078819276
17,1,6,0.031001930656907338,-1.4997183955278925,0.9996036887168884
17,1,7,0.015500965328453669,-1.4532154995425315,0.9996137619018556
17,1,8,-0.062003861313814676,-1.429964051549851,0.9996302723884584
17,1,9,0.14725917062030985,-1.3679601902360363,0.9996839761734008
17,1,10,0.12400772262762935,-1.3679601902360363,0.9994863867759703
17,1,11,0.139508687956083,-1.011437987681602,0.9997756481170654
17,1,12,-0.1782611012772172,-0.9881865396889215,0.9993202090263368
17,1,13,0.279017375912166,-0.5464090278279918,0.6672900319099426
17,1,14,0.07750482664226835,-0.46115371852149667,0.6068685054779053
17,1,15,0.4650289598536101,-0.8874302650539726,0.886404812335968
17,1,16,0.24026496259103186,-0.9726855743604678,0.7063736319541931
17,1,17,0.5735357171527857,-0.910681713046653,0.86042720079422
17,1,18,0.24026496259103186,-1.0656913663311898,0.6980631947517395
17,1,19,0.558034751824332,-0.9339331610393335,0.8607470989227295
17,1,20,0.20926303193412454,-1.1044437796523239,0.6929864287376404
17,1,21,0.4960308905105174,-0.9416836437035604,0.8458518385887146
17,1,22,0.2015125492698977,-1.0734418489954165,0.6805697679519653
17,1,23,0.11625723996340252,-0.0038752413321134173,0.9980531334877014
17,1,24,-0.11625723996340252,0.0038752413321134173,0.9967690110206604
17,1,25,0.12400772262762935,0.7789235077547969,0.6174612045288086
17,1,26,-0.139508687956083,0.7789235077547969,0.5920961499214172
17,1,27,-0.0697543439780415,1.476466947535212,0.7310998439788818
17,1,28,-0.14725917062030985,1.5539717741774803,0.6535619497299194
17,1,29,-0.139508687956083,1.6392270834839755,0.726321816444397
17,1,30,-0.21701351459835136,1.6857299794693366,0.6215645670890808
17,1,31,0.1782611012772172,1.7012309447977902,0.8113252520561218
17,1,32,0.139508687956083,1.7244823927904707,0.7385602593421936
17,2,0,-0.23677405453836295,-1.4284074109855338,0.99973863363266
17,2,1,-0.22124788702765064,-1.4982751647837393,0.9998019337654114
17,2,2,-0.2057217195169383,-1.4982751647837393,0.9997735619544984
17,2,3,-0.19795863576158215,-1.4982751647837393,0.99981290102005
17,2,4,-0.23677405453836295,-1.4982751647837393,0.999695360660553
17,2,5,-0.23677405453836295,-1.4982751647837393,0.9996173977851868
17,2,6,-0.23677405453836295,-1.4905120810283832,0.9996373653411864
17,2,7,-0.12032779820802052,-1.4516966622516023,0.9996476769447328
17,2,8,-0.15914321698480133,-1.4284074109855338,0.9996567368507384
17,2,9,-0.21348480327229447,-1.3507765734319723,0.9997064471244812
17,2,10,-0.23677405453836295,-1.3430134896766162,0.9995206594467164
17,2,11,0.042696960654458896,-1.0014378044409449,0.9997867345809937
17,2,12,-0.1824324682508698,-0.9936747206855888,0.9993104338645936
17,2,13,-0.06598621192052738,-0.48907427658743824,0.699702262878418
17,2,14,-0.23677405453836295,-0.4735481090767259,0.5742726922035217
17,2,15,-0.2678263895597876,-0.8539392130891779,0.8964584469795227
17,2,16,-0.38427264589013005,-0.8849915481106025,0.6894158124923706
17,2,17,-0.3687464783794177,-0.8849915481106025,0.8716070055961609
17,2,18,-0.5084819859758286,-0.9781485531748765,0.6785469055175781
17,2,19,-0.32216797584728074,-0.9238069668873833,0.871713399887085
17,2,20,-0.4929558184651163,-1.0635424744837942,0.6724437475204468
17,2,21,-0.29111564082585606,-0.9238069668873833,0.8568828105926514
17,2,22,-0.4386142321776232,-0.9936747206855888,0.6597332954406738
17,2,23,0.06598621192052738,-0.007763083755356163,0.9979483485221864
17,2,24,-0.06598621192052738,0.007763083755356163,0.9967595338821412
17,2,25,0.12809088196337667,0.861702296844534,0.6482219099998474
17,2,26,0.07374929567588354,0.8849915481106025,0.570921003818512
17,2,27,0.15914321698480133,1.7544569287104927,0.7489154934883118
17,2,28,0.15914321698480133,1.6690630074015749,0.639468252658844
17,2,29,0.24453713829371912,1.9407709388390406,0.7373304963111877
17,2,30,0.22901097078300678,1.8476139337747666,0.6118252277374268
17,2,31,-0.14361704947408901,1.917481687572972,0.8203898668289185
17,2,32,-0.09703854694195203,1.8320877662640542,0.7306033968925476
18,1,0,0.17186975503135415,-1.4335500021933403,0.9997477531433104
18,1,1,0.12499618547734848,-1.503860356524349,0.999812126159668
18,1,2,0.12499618547734848,-1.503860356524349,0.9997861981391908
18,1,3,0.12499618547734848,-1.4960480949320145,0.9998206496238708
18,1,4,0.10937166229267992,-1.4960480949320145,0.9997100234031676
18,1,5,0.09374713910801136,-1.4882358333396803,0.9996383786201476
18,1,6,0.0781226159233428,-1.4882358333396803,0.99965500831604
18,1,7,0.05468583114633996,-1.4491745253780088,0.999664068222046
18,1,8,-0.00781226159233428,-1.425737740601006,0.9996833205223083
18,1,9,0.17968201662368843,-1.3632396478623319,0.9997241497039796
18,1,10,0.16405749343901987,-1.3554273862699975,0.9995539784431458
18,1,11,0.10155940070034564,-1.0116878762072892,0.9997857809066772
18,1,12,-0.1171839238850142,-0.9882510914302864,0.9993669390678406
18,1,13,0.21874332458535983,-0.5351399190748982,0.6512961387634277
18,1,14,0.10937166229267992,-0.45701730315155537,0.6149703860282898
18,1,15,0.39842534120904827,-0.8866916907299408,0.8609588146209717
18,1,16,0.32030272528570547,-0.8710671675452722,0.7178168296813965
18,1,17,0.5234215266863967,-0.9257529986916122,0.8365693092346191
18,1,18,0.43748664917071967,-0.9335652602839465,0.7047871947288513
18,1,19,0.5156092650940625,-0.9726265682456179,0.8374813199043274
18,1,20,0.43748664917071967,-1.003875614614955,0.6983866095542908
18,1,21,0.4609234339477225,-0.9648143066532836,0.8235927224159241
18,1,22,0.390613079616714,-0.9804388298379522,0.684202253818512
18,1,23,0.0781226159233428,-0.01171839238850142,0.9979498982429504
18,1,24,-0.0781226159233428,0.01171839238850142,0.9966354966163636
18,1,25,0.06249809273867424,0.7695077668449266,0.6059540510177612
18,1,26,-0.07031035433100852,0.7773200284372609,0.5809224843978882
18,1,27,-0.07031035433100852,1.5272971413013516,0.7146040201187134
18,1,28,-0.1171839238850142,1.6054197572246944,0.6469578742980957
18,1,29,-0.14062070866201704,1.6835423731480372,0.7103264927864075
18,1,30,-0.20311880140069127,1.7460404658867115,0.6185376644134521
18,1,31,0.17186975503135415,1.675730111555703,0.7976770997047424
18,1,32,0.16405749343901987,1.7226036811097087,0.7360267639160156
18,2,0,-0.10806864539165983,-1.404892390091578,0.999765694141388
18,2,1,-0.08491107852201844,-1.4743650907005021,0.9998252391815186
18,2,2,-0.07719188956547131,-1.4743650907005021,0.999801516532898
18,2,3,-0.06175351165237705,-1.4743650907005021,0.9998335242271424
18,2,4,-0.1003494564351127,-1.4743650907005021,0.9997319579124452
18,2,5,-0.1003494564351127,-1.4743650907005021,0.9996654391288756
18,2,6,-0.10806864539165983,-1.466645901743955,0.9996821284294128
18,2,7,-0.04631513373928279,-1.4357691459177664,0.9996925592422484
18,2,8,-0.1003494564351127,-1.4203307680046722,0.9997016787528992
18,2,9,-0.07719188956547131,-1.3277005005261067,0.9997377395629884
18,2,10,-0.1003494564351127,-1.3277005005261067,0.9995747804641724
18,2,11,0.06175351165237705,-1.0112137533076742,0.9997897148132324
18,2,12,-0.11578783434820697,-0.9880561864380328,0.9992861151695251
18,2,13,0.030876755826188526,-0.5171856600886577,0.6847373843193054
18,2,14,-0.05403432269582992,-0.470870526349375,0.5641524791717529
18,2,15,-0.2238564797398668,-0.8413915962636374,0.8691614270210266
18,2,16,-0.16210296808748975,-0.8491107852201845,0.6629751920700073
18,2,17,-0.3164867472184324,-0.8954259189594672,0.8431369066238403
18,2,18,-0.17754134600058402,-0.9031451079160143,0.6521314978599548
18,2,19,-0.28560999139224386,-0.9263026747856558,0.8437321186065674
18,2,20,-0.1698221570440369,-0.9880561864380328,0.6457744836807251
18,2,21,-0.2470140466095082,-0.9185834858291086,0.8287999033927917
18,2,22,-0.15438377913094262,-0.9803369974814856,0.633115291595459
18,2,23,0.023157566869641395,-0.015438377913094263,0.9979324340820312
18,2,24,-0.023157566869641395,0.015438377913094263,0.9966380596160888
18,2,25,-0.08491107852201844,0.8491107852201845,0.6343423128128052
18,2,26,0.06947270060892419,0.8645491631332787,0.5554473996162415
18,2,27,0.1235070233047541,1.7754134600058402,0.7305723428726196
18,2,28,0.15438377913094262,1.6827831925272747,0.6236426830291748
18,2,29,0.23157566869641394,1.93751642809333,0.7232704162597656
18,2,30,0.20841810182677253,1.8757629164409528,0.6025179028511047
18,2,31,-0.023157566869641395,1.8834821053975,0.8054661154747009
18,2,32,0.015438377913094263,1.8294477827016702,0.7184625267982483
19,1,0,0.13043376374217447,-1.4268663245734843,0.9997780323028564
19,1,1,0.12252868715173965,-1.4901069372969626,0.9998362064361572
19,1,2,0.12252868715173965,-1.4901069372969626,0.999813973903656
19,1,3,0.12252868715173965,-1.4901069372969626,0.9998432993888856
19,1,4,0.09881345738043519,-1.4901069372969626,0.9997485280036926
19,1,5,0.09090838079000038,-1.482201860706528,0.999687135219574
19,1,6,0.07509822760913075,-1.482201860706528,0.9997029900550842
19,1,7,0.0513829978378263,-1.442676477754354,0.9997104406356812
19,1,8,-0.003952538295217408,-1.4268663245734843,0.9997263550758362
19,1,9,0.13833884033260926,-1.347815558669136,0.9997559785842896
19,1,10,0.12252868715173965,-1.347815558669136,0.999607503414154
19,1,11,0.09881345738043519,-1.0158023418708737,0.99978905916214
19,1,12,-0.10671853397087001,-0.9841820355091345,0.9993489384651184
19,1,13,0.22529468282739223,-0.5494028230352197,0.637709379196167
19,1,14,0.11462361056130482,-0.4545419039500019,0.606225848197937
19,1,15,0.43082667417869747,-0.8814160398334819,0.837417721748352
19,1,16,0.34387083168391447,-0.8656058866526123,0.6946584582328796
19,1,17,0.5573078996256545,-0.920941422785656,0.8111727833747864
19,1,18,0.4703520571308715,-0.9051312696047864,0.6821516752243042
19,1,19,0.5494028230352197,-0.96046680573783,0.812055766582489
19,1,20,0.4624469805404367,-0.9841820355091345,0.6756883859634399
19,1,21,0.494067286902176,-0.9525617291473952,0.7985624670982361
19,1,22,0.4150165209978278,-0.9762769589186997,0.6621977090835571
19,1,23,0.07509822760913075,-0.011857614885652222,0.9979920387268066
19,1,24,-0.07509822760913075,0.011857614885652222,0.9967182278633118
19,1,25,0.07509822760913075,0.7786500441578293,0.5898226499557495
19,1,26,-0.08300330419956556,0.794460197338699,0.561494767665863
19,1,27,-0.0513829978378263,1.5533475500204412,0.6887105703353882
19,1,28,-0.09881345738043519,1.6719236988769635,0.6270028352737427
19,1,29,-0.13043376374217447,1.687733852057833,0.6872804760932922
19,1,30,-0.18576929987521817,1.8063100009143553,0.6046056151390076
19,1,31,0.19367437646565297,1.7193541584195724,0.7763291597366333
19,1,32,0.21738960623695744,1.774689694552616,0.7215628623962402
19,2,0,-0.10283718365362872,-1.3978239407733979,0.9997981190681458
19,2,1,-0.07236690701551651,-1.4587644940496223,0.9998511075973512
19,2,2,-0.06474933785598845,-1.4587644940496223,0.9998308420181274
19,2,3,-0.0571317686964604,-1.4587644940496223,0.9998576045036316
19,2,4,-0.08760204533457261,-1.4587644940496223,0.9997718334197998
19,2,5,-0.08760204533457261,-1.4587644940496223,0.9997159838676452
19,2,6,-0.09521961449410067,-1.4587644940496223,0.9997308254241944
19,2,7,-0.08760204533457261,-1.413059079092454,0.9997379183769226
19,2,8,-0.16377773692985315,-1.4054415099329258,0.9997506141662598
19,2,9,-0.07236690701551651,-1.3216482491781172,0.9997766613960266
19,2,10,-0.09521961449410067,-1.3216482491781172,0.9996411204338074
19,2,11,-0.07236690701551651,-1.009327913637467,0.99980229139328
19,2,12,-0.0571317686964604,-0.986475206158883,0.9993700385093688
19,2,13,0.03427906121787624,-0.5522737640657839,0.672473132610321
19,2,14,-0.0571317686964604,-0.4684805033109753,0.5552467107772827
19,2,15,-0.2247182902060776,-0.8645940996064341,0.8500105142593384
19,2,16,-0.07998447617504456,-0.6817724397777608,0.6411829590797424
19,2,17,-0.3161291201204142,-0.9026819454040743,0.8239344954490662
19,2,18,-0.18663044440843732,-0.7884184080111535,0.6317378878593445
19,2,19,-0.2780412743227739,-0.9331522220421865,0.8246517777442932
19,2,20,-0.13330746029174093,-0.8036535463302096,0.625639796257019
19,2,21,-0.23995342852513368,-0.9255346528826585,0.8105193972587585
19,2,22,-0.07236690701551651,-0.7808008388516254,0.6135971546173096
19,2,23,-0.0038087845797640267,-0.011426353739292081,0.998071014881134
19,2,24,0.0038087845797640267,0.011426353739292081,0.9968855381011964
19,2,25,0.04951419953693235,0.856976530446906,0.6238315105438232
19,2,26,0.13330746029174093,0.8417413921278499,0.5442414879798889
19,2,27,0.1713953060893812,1.7558496912712163,0.7124192714691162
19,2,28,0.20948315188702146,1.6263510155592393,0.6182382106781006
19,2,29,0.2628061360037178,1.9158186436213054,0.7060154676437378
19,2,30,0.2780412743227739,1.7939375370688566,0.5974841117858887
19,2,31,-0.0038087845797640267,1.8777307978236653,0.791120171546936
19,2,32,0.03427906121787624,1.6872915688354637,0.7160361409187317
20,1,0,0.14403170222110087,-1.4567777881791346,0.9997819066047668
20,1,1,0.11111017028484925,-1.522620852051638,0.999842643737793
20,1,2,0.11934055326891216,-1.514390469067575,0.999819278717041
20,1,3,0.11934055326891216,-1.514390469067575,0.9998473525047302
20,1,4,0.09464940431672343,-1.514390469067575,0.9997645616531372
20,1,5,0.08641902133266052,-1.514390469067575,0.9997090101242064
20,1,6,0.06995825536453472,-1.506160086083512,0.9997302293777466
20,1,7,0.04526710641234599,-1.4650081711631975,0.999713897705078
20,1,8,-0.02057595746015727,-1.4403170222110089,0.9997585415840148
20,1,9,0.14403170222110087,-1.3744739583385055,0.999768614768982
20,1,10,0.11934055326891216,-1.3744739583385055,0.9996480345726012
20,1,11,0.11111017028484925,-1.0123371070397376,0.9997695684432985
20,1,12,-0.10287978730078634,-0.987645958087549,0.999415934085846
20,1,13,0.21810514907766704,-0.534974893964089,0.620505690574646
20,1,14,0.06172787238047181,-0.4362102981553341,0.5982897281646729
20,1,15,0.45678625561549135,-0.8148079154222279,0.8137606382369995
20,1,16,0.40740395771111393,-0.7325040855815987,0.6749714612960815
20,1,17,0.6049331493286237,-0.8394990643744166,0.7910336852073669
20,1,18,0.5226293194879946,-0.7736560005019133,0.6641831994056702
20,1,19,0.580242000376435,-0.888881362278794,0.7917467355728149
20,1,20,0.5308597024720575,-0.8312686813903537,0.6580241322517395
20,1,21,0.5143989365039318,-0.897111745262857,0.7773311138153076
20,1,22,0.4732470215836172,-0.8312686813903537,0.6449266076087952
20,1,23,0.07818863834859763,-0.008230382984062907,0.998103141784668
20,1,24,-0.07818863834859763,0.008230382984062907,0.9969441890716552
20,1,25,0.10287978730078634,0.8477294473584794,0.5837274193763733
20,1,26,-0.07818863834859763,0.8641902133266053,0.5639618635177612
20,1,27,-0.06172787238047181,1.6543069797966443,0.680692732334137
20,1,28,-0.11934055326891216,1.7366108096372734,0.6278305053710938
20,1,29,-0.1522620852051638,1.8353754054460283,0.6738953590393066
20,1,30,-0.20164438310954125,1.884757703350406,0.5974909663200378
20,1,31,0.18518361714141543,1.86829693738228,0.7712270617485046
20,1,32,0.18518361714141543,1.884757703350406,0.7231248021125793
20,2,0,-0.17725604417854918,-1.40623128381649,0.9998006820678712
20,2,1,-0.15362190495474262,-1.4771337014879098,0.9998562932014464
20,2,2,-0.1457438585468071,-1.4771337014879098,0.9998350739479064
20,2,3,-0.13786581213887159,-1.4771337014879098,0.9998607635498048
20,2,4,-0.16937799777061366,-1.4692556550799742,0.9997853636741638
20,2,5,-0.16937799777061366,-1.4692556550799742,0.9997346997261048
20,2,6,-0.17725604417854918,-1.4692556550799742,0.9997545480728148
20,2,7,-0.16937799777061366,-1.437743469448232,0.9997408390045166
20,2,8,-0.20089018340235573,-1.4219873766323612,0.9997770190238952
20,2,9,-0.13786581213887159,-1.3274508197371349,0.9997865557670592
20,2,10,-0.16149995136267814,-1.3353288661450704,0.9996742010116576
20,2,11,-0.09847558009919398,-1.0044509170117786,0.999784529209137
20,2,12,-0.0669633944674519,-0.9886948241959076,0.9994120597839355
20,2,13,-0.04332925524364535,-0.5238900861277119,0.6567862033843994
20,2,14,-0.17725604417854918,-0.4529876684562923,0.5489965081214905
20,2,15,-0.26391455466583985,-0.8153778032213261,0.8270667791366577
20,2,16,-0.1851340905864847,-0.752353431957842,0.6261404752731323
20,2,17,-0.35845111156106607,-0.8311338960371972,0.8031038045883179
20,2,18,-0.24815846184996884,-0.7917436639975196,0.6185303926467896
20,2,19,-0.31118283311345296,-0.8862802208927458,0.803708553314209
20,2,20,-0.21664627621822677,-0.8390119424451328,0.6121032238006592
20,2,21,-0.2796706474817109,-0.8941582673006814,0.7881264090538025
20,2,22,-0.17725604417854918,-0.8390119424451328,0.5998408198356628
20,2,23,-0.04332925524364535,-0.003939023203967759,0.998149573802948
20,2,24,0.04332925524364535,0.003939023203967759,0.9970716238021852
20,2,25,0.027573162427774314,0.8941582673006814,0.6153802871704102
20,2,26,0.12210971932300053,0.8626460816689393,0.5386481285095215
20,2,27,0.12998776573093607,1.831645789845008,0.7017107009887695
20,2,28,0.16937799777061366,1.6425726760545556,0.6057637929916382
20,2,29,0.2245243226261623,2.012840857227525,0.6912723779678345
20,2,30,0.24028041544203332,1.8631579754767502,0.5822363495826721
20,2,31,-0.08271948728332294,2.0049628108195896,0.783543586730957
20,2,32,-0.03545120883570983,1.831645789845008,0.7070455551147461
21,1,0,0.14513179690514139,-1.4351922138397315,0.9995993375778198
21,1,1,0.10481740887593545,-1.4996952346864612,0.999603509902954
21,1,2,0.11288028648177664,-1.4996952346864612,0.9995502233505248
21,1,3,0.11288028648177664,-1.4996952346864612,0.9996469020843506
21,1,4,0.08869165366425308,-1.4996952346864612,0.99958074092865
21,1,5,0.08869165366425308,-1.4916323570806198,0.9995236992836
21,1,6,0.07256589845257069,-1.4916323570806198,0.9996129274368286
21,1,7,0.04031438802920594,-1.451317969051414,0.9991379976272584
21,1,8,0.0,-1.4271293362338904,0.9996125102043152
21,1,9,0.1531946745109826,-1.3545634377813196,0.999457597732544
21,1,10,0.12900604169345903,-1.3545634377813196,0.999443292617798
21,1,11,0.12094316408761784,-0.9997968231243074,0.9995832443237304
21,1,12,-0.08062877605841189,-0.9997968231243074,0.999436378479004
21,1,13,0.1370689192993002,-0.4757097787446301,0.5996658802032471
21,1,14,0.00806287760584119,-0.427332513109583,0.5929529666900635
21,1,15,0.4434582683212654,-0.40314388029205944,0.7549709677696228
21,1,16,0.4434582683212654,-0.6450302084672951,0.6598615050315857
21,1,17,0.5079612891679949,-0.427332513109583,0.7354907989501953
21,1,18,0.5885900652264068,-0.596652942832248,0.6502837538719177
21,1,19,0.5321499219855185,-0.5079612891679949,0.7368351221084595
21,1,20,0.6127786980439304,-0.6530930860731363,0.6438745856285095
21,1,21,0.48377265635047134,-0.5240870443796772,0.7229970693588257
21,1,22,0.5482756771972008,-0.685344596496501,0.6292615532875061
21,1,23,0.08869165366425308,0.0,0.9979007244110109
21,1,24,-0.08869165366425308,0.0,0.9969270825386048
21,1,25,0.11288028648177664,0.8304763934016425,0.5771427750587463
21,1,26,-0.07256589845257069,0.8385392710074836,0.5651766061782837
21,1,27,-0.06450302084672951,1.62870127637992,0.6793702244758606
21,1,28,-0.12094316408761784,1.6770785420149672,0.6280131340026855
21,1,29,-0.1531946745109826,1.7818959508909027,0.6676104664802551
21,1,30,-0.23382345056939446,1.8222103389201085,0.5951471924781799
21,1,31,0.17738330732850616,1.8302732165259499,0.7711068987846375
21,1,32,0.16125755211682377,1.8544618493434735,0.7234353423118591
21,2,0,-0.19282180854685238,-1.4191685109048335,0.9996360540390016
21,2,1,-0.1773960638631042,-1.4731586172979523,0.9996407628059388
21,2,2,-0.1696831915212301,-1.4731586172979523,0.9995925426483154
21,2,3,-0.161970319179356,-1.4731586172979523,0.9996800422668456
21,2,4,-0.19282180854685238,-1.4731586172979523,0.9996196627616882
21,2,5,-0.19282180854685238,-1.4731586172979523,0.999567687511444
21,2,6,-0.2005346808887265,-1.4731586172979523,0.9996486306190492
21,2,7,-0.14654457449560782,-1.4114556385629595,0.999222218990326
21,2,8,-0.18510893620497829,-1.4114556385629595,0.9996457099914552
21,2,9,-0.161970319179356,-1.3343269151442185,0.9995065331459044
21,2,10,-0.18510893620497829,-1.3420397874860928,0.9994896650314332
21,2,11,-0.023138617025622286,-0.9949605321017584,0.9996161460876464
21,2,12,-0.1773960638631042,-0.9949605321017584,0.999422252178192
21,2,13,-0.10798021278623735,-0.4704852128543198,0.6384488344192505
21,2,14,-0.18510893620497829,-0.46277234051244576,0.5481560826301575
21,2,15,-0.27766340430746744,-0.5090495745636903,0.7765618562698364
21,2,16,-0.29308914899121563,-0.6710198937430464,0.6194198727607727
21,2,17,-0.38564361709370476,-0.5013367022218163,0.7566278576850891
21,2,18,-0.3779307447518307,-0.6401684043755499,0.6123546957969666
21,2,19,-0.3470792553843343,-0.5707525532986831,0.757712185382843
21,2,20,-0.3393663830424602,-0.6941585107686686,0.6058639287948608
21,2,21,-0.31622776601683794,-0.6016040426661795,0.7433170676231384
21,2,22,-0.30080202133308975,-0.725010000136165,0.5923832058906555
21,2,23,0.030851489367496383,0.0,0.9979070425033568
21,2,24,-0.030851489367496383,0.0,0.99698805809021
21,2,25,0.06941585107686686,0.8792674469736469,0.6117619872093201
21,2,26,0.10026734044436325,0.8561288299480246,0.5480098724365234
21,2,27,0.161970319179356,1.7893863833147903,0.7030723690986633
21,2,28,0.1773960638631042,1.604277447109812,0.6159009337425232
21,2,29,0.24681191493997107,1.9513567024941463,0.6886116862297058
21,2,30,0.25452478728184513,1.773960638631042,0.5887612700462341
21,2,31,-0.09255446810248914,1.935930957810398,0.7851946353912354
21,2,32,-0.030851489367496383,1.8125250003404125,0.7148588299751282
22,1,0,0.17503236236990294,-1.4352653714332042,0.9996135830879213
22,1,1,0.12835706573792882,-1.4974991002758362,0.9995959997177124
22,1,2,0.12835706573792882,-1.4974991002758362,0.9995416402816772
22,1,3,0.13613628184325785,-1.4897198841705073,0.9996358752250672
22,1,4,0.11279863352727078,-1.4897198841705073,0.9995803833007812
22,1,5,0.10501941742194176,-1.4897198841705073,0.9995241165161132
22,1,6,0.09724020131661275,-1.4819406680651783,0.9996123313903807
22,1,7,0.0816817691059547,-1.4352653714332042,0.9990805983543396
22,1,8,0.04278568857930961,-1.419706939222546,0.9996024966239928
22,1,9,0.17503236236990294,-1.3574732103799139,0.9994486570358276
22,1,10,0.15169471405391588,-1.3574732103799139,0.9994709491729736
22,1,11,0.12835706573792882,-0.999629269534779,0.9995015859603882
22,1,12,-0.07390255300062569,-0.999629269534779,0.9994596838951112
22,1,13,0.10501941742194176,-0.46286335826707664,0.5833621025085449
22,1,14,-0.019448040263322548,-0.45508414216174764,0.5923393368721008
22,1,15,0.33839590058181235,-0.18281157847523197,0.7175654768943787
22,1,16,0.44730492605641864,-0.4239672777404316,0.6534274816513062
22,1,17,0.4317464938457606,-0.11279863352727078,0.7034084796905518
22,1,18,0.5717723837416829,-0.3228374683711543,0.6445171236991882
22,1,19,0.4161880616351025,-0.19837001068589,0.7056183218955994
22,1,20,0.6495645447949732,-0.3539543327924704,0.638189435005188
22,1,21,0.4161880616351025,-0.17503236236990294,0.6921200752258301
22,1,22,0.602889248162999,-0.39285041331911547,0.622086763381958
22,1,23,0.07390255300062569,-0.0038896080526645096,0.9976823925971984
22,1,24,-0.07390255300062569,0.0038896080526645096,0.9968315362930298
22,1,25,0.10501941742194176,0.7584735702695794,0.5728722810745239
22,1,26,0.0038896080526645096,0.7818112185855665,0.5749474763870239
22,1,27,-0.04278568857930961,1.5208367485918233,0.683372437953949
22,1,28,-0.06612333689529666,1.5675120452237974,0.6384833455085754
22,1,29,-0.12835706573792882,1.6764210706984037,0.6704704761505127
22,1,30,-0.1672531462645739,1.6919795029090618,0.6025412678718567
22,1,31,0.20614922679121903,1.7075379351197197,0.7729251980781555
22,1,32,0.20614922679121903,1.738654799541036,0.729597806930542
22,2,0,-0.2631039824619573,-1.4057269920110291,0.9996440410614014
22,2,1,-0.2631039824619573,-1.465865045145191,0.9996297359466552
22,2,2,-0.2480694691784169,-1.465865045145191,0.9995796084403992
22,2,3,-0.2330349558948765,-1.465865045145191,0.9996659755706788
22,2,4,-0.27813849574549776,-1.4583477885034206,0.9996143579483032
22,2,5,-0.27813849574549776,-1.4583477885034206,0.9995623230934144
22,2,6,-0.27062123910372754,-1.4583477885034206,0.9996436834335328
22,2,7,-0.17289690276071482,-1.4057269920110291,0.9991660714149476
22,2,8,-0.21800044261133605,-1.3982097353692589,0.999630331993103
22,2,9,-0.2480694691784169,-1.330554425593327,0.9994934797286988
22,2,10,-0.27062123910372754,-1.330554425593327,0.9995054006576538
22,2,11,-0.052620796492391465,-0.9922778767136676,0.9995432496070862
22,2,12,-0.19544867268602545,-0.9922778767136676,0.9994446039199828
22,2,13,-0.06765530977593188,-0.45855265514798277,0.6240066289901733
22,2,14,-0.19544867268602545,-0.466069911789753,0.5517202019691467
22,2,15,-0.34579380552142963,-0.34579380552142963,0.7441694736480713
22,2,16,-0.3908973453720509,-0.5412424782074551,0.6258918642997742
22,2,17,-0.466069911789753,-0.37586283208851046,0.7298386693000793
22,2,18,-0.503656194998604,-0.5412424782074551,0.61860591173172
22,2,19,-0.45103539850621255,-0.4209663719391317,0.7316603660583496
22,2,20,-0.47358716843152315,-0.5713115047745358,0.6124114394187927
22,2,21,-0.4134491152973615,-0.36082831880497,0.7178827524185181
22,2,22,-0.4360008852226721,-0.5713115047745358,0.5976154208183289
22,2,23,0.030069026567080836,0.0,0.9976412057876588
22,2,24,-0.030069026567080836,0.0,0.9967284202575684
22,2,25,-0.015034513283540418,0.8419327438782634,0.6071916222572327
22,2,26,0.052620796492391465,0.8043464606694124,0.5496477484703064
22,2,27,0.09772433634301272,1.7139345143236078,0.7067606449127197
22,2,28,0.12779336291009355,1.548554868204663,0.6189170479774475
22,2,29,0.19544867268602545,1.8793141604425523,0.6912404298782349
22,2,30,0.20296592932779564,1.6913827443982972,0.5924779772758484
22,2,31,-0.1653796461189446,1.8266933639501608,0.7865749597549438
22,2,32,-0.06765530977593188,1.6613137178312163,0.716279149055481
23,1,0,0.17508534788978522,-1.4512629947308864,0.9995872974395752
23,1,1,0.1283959217858425,-1.505733991852153,0.9995294809341432
23,1,2,0.1361774928031663,-1.505733991852153,0.9994387626647948
23,1,3,0.1439590638204901,-1.505733991852153,0.9995524287223816
23,1,4,0.11283277975119493,-1.505733991852153,0.9995429515838624
23,1,5,0.11283277975119493,-1.505733991852153,0.9994779229164124
23,1,6,0.10505120873387114,-1.4979524208348292,0.9995842576026917
23,1,7,0.08170649568189978,-1.4512629947308864,0.9987987279891968
23,1,8,0.03501706957795705,-1.4434814237135627,0.999569833278656
23,1,9,0.17508534788978522,-1.3734472845576486,0.9993882179260254
23,1,10,0.15174063483781386,-1.3734472845576486,0.9994862675666808
23,1,11,0.11283277975119493,-0.9999318757261068,0.9993345141410828
23,1,12,-0.08948806669922356,-0.9999318757261068,0.9994806051254272
23,1,13,0.10505120873387114,-0.4630034755307654,0.5679940581321716
23,1,14,-0.0661433536472522,-0.42409562044414645,0.5955354571342468
23,1,15,0.330716768236261,-0.20621163195908038,0.6850517392158508
23,1,16,0.35406148128823234,-0.20621163195908038,0.6588917970657349
23,1,17,0.41631404942682265,-0.11283277975119493,0.6751512885093689
23,1,18,0.4630034755307654,-0.12061435076851872,0.6482513546943665
23,1,19,0.47856661756541297,-0.1439590638204901,0.677678108215332
23,1,20,0.517474472652032,-0.15952220585513766,0.6417879462242126
23,1,21,0.43187719146147024,-0.18286691890710902,0.6647459268569946
23,1,22,0.47856661756541297,-0.1906484899244328,0.6236286163330078
23,1,23,0.07392492466457598,-0.003890785508661894,0.9969367384910583
23,1,24,-0.07392492466457598,0.003890785508661894,0.9963057041168212
23,1,25,0.09726963771654736,0.7431400321544218,0.5648884773254395
23,1,26,-0.003890785508661894,0.7742663162237169,0.5670865774154663
23,1,27,-0.05836178262992841,1.4512629947308864,0.6679816842079163
23,1,28,-0.08948806669922356,1.5602049889734195,0.6309137344360352
23,1,29,-0.1439590638204901,1.5757681310080671,0.6601610779762268
23,1,30,-0.1906484899244328,1.6769285542332764,0.5998645424842834
23,1,31,0.16730377687246145,1.5757681310080671,0.755904495716095
23,1,32,0.21399320297640417,1.6691469832159525,0.7204025983810425
23,2,0,-0.20052330875101404,-1.4185167396830993,0.9996007084846495
23,2,1,-0.2302304656030161,-1.4779310533871033,0.999552607536316
23,2,2,-0.21537688717701506,-1.4779310533871033,0.9994669556617736
23,2,3,-0.20052330875101404,-1.4779310533871033,0.9995763897895812
23,2,4,-0.24508404402901715,-1.4705042641741028,0.9995592832565308
23,2,5,-0.24508404402901715,-1.4705042641741028,0.9994977712631226
23,2,6,-0.24508404402901715,-1.4705042641741028,0.999601423740387
23,2,7,-0.16338936268601142,-1.4110899504700987,0.9988898038864136
23,2,8,-0.22280367639001558,-1.4185167396830993,0.999574601650238
23,2,9,-0.20795009796401454,-1.344248847553094,0.9994189739227296
23,2,10,-0.2302304656030161,-1.344248847553094,0.9994816780090332
23,2,11,-0.05941431370400416,-0.987762965329069,0.9993905425071716
23,2,12,-0.2525108332420177,-0.987762965329069,0.9993727207183838
23,2,13,0.01485357842600104,-0.43818056356703067,0.6101986765861511
23,2,14,-0.16338936268601142,-0.44560735278003116,0.5424714684486389
23,2,15,-0.3342055145850234,-0.4604609312060322,0.7146410942077637
23,2,16,-0.17824294111201247,-0.41590019592802907,0.6048891544342041
23,2,17,-0.4604609312060322,-0.4530341419930317,0.7041066884994507
23,2,18,-0.36391267143702544,-0.41590019592802907,0.598233163356781
23,2,19,-0.4530341419930317,-0.5050216664840353,0.7062135338783264
23,2,20,-0.39361982828902753,-0.47531450963203326,0.5926122069358826
23,2,21,-0.4084734067150286,-0.5124484556970359,0.6929124593734741
23,2,22,-0.36391267143702544,-0.4901680880580343,0.5767217874526978
23,2,23,0.06684110291700468,0.0,0.997079372406006
23,2,24,-0.06684110291700468,0.0,0.996179699897766
23,2,25,-0.20052330875101404,0.742678921300052,0.5992506146430969
23,2,26,-0.10397504898200727,0.7352521320870514,0.5283047556877136
23,2,27,0.10397504898200727,1.5670525239431097,0.6910003423690796
23,2,28,0.08912147055600624,1.4630774749611024,0.5968760251998901
23,2,29,0.21537688717701506,1.7081615189901196,0.6827731728553772
23,2,30,0.17824294111201247,1.5521989455171086,0.5815404653549194
23,2,31,-0.1559625734730109,1.6338936268601143,0.7695289850234985
23,2,32,-0.037133946065002595,1.5967596807951117,0.6958194971084595
24,1,0,0.17716535433070865,-1.4724409448818898,0.9994359016418456
24,1,1,0.1377952755905512,-1.5275590551181102,0.999257743358612
24,1,2,0.14566929133858267,-1.5275590551181102,0.9990974068641664
24,1,3,0.14566929133858267,-1.5275590551181102,0.9993002414703368
24,1,4,0.1220472440944882,-1.5275590551181102,0.9992967247962952
24,1,5,0.1141732283464567,-1.5196850393700787,0.9991806745529176
24,1,6,0.0984251968503937,-1.5196850393700787,0.9993650317192078
24,1,7,0.07480314960629922,-1.4645669291338583,0.9982033371925354
24,1,8,0.01968503937007874,-1.4645669291338583,0.9993327260017396
24,1,9,0.17716535433070865,-1.3937007874015748,0.9992226362228394
24,1,10,0.15354330708661418,-1.3937007874015748,0.9994028210639954
24,1,11,0.1220472440944882,-1.0,0.9992233514785768
24,1,12,-0.1220472440944882,-1.0,0.999414563179016
24,1,13,0.14566929133858267,-0.4409448818897638,0.5571441650390625
24,1,14,-0.08267716535433071,-0.4251968503937008,0.586752712726593
24,1,15,0.421259842519685,-0.2204724409448819,0.6584572196006775
24,1,16,0.3661417322834646,-0.2204724409448819,0.6383317112922668
24,1,17,0.484251968503937,-0.13385826771653545,0.6512079238891602
24,1,18,0.46062992125984253,-0.12598425196850394,0.6273125410079956
24,1,19,0.547244094488189,-0.1732283464566929,0.6541860699653625
24,1,20,0.5236220472440944,-0.16535433070866143,0.6211300492286682
24,1,21,0.5,-0.2047244094488189,0.6421034932136536
24,1,22,0.484251968503937,-0.1968503937007874,0.6010485887527466
24,1,23,0.08267716535433071,0.0,0.9963008165359496
24,1,24,-0.08267716535433071,0.0,0.995670735836029
24,1,25,0.1062992125984252,0.6929133858267716,0.552208423614502
24,1,26,0.003937007874015748,0.7716535433070866,0.5339647531509399
24,1,27,0.003937007874015748,1.3858267716535433,0.643392026424408
24,1,28,-0.0984251968503937,1.5275590551181102,0.594059944152832
24,1,29,-0.08267716535433071,1.5039370078740157,0.6440643668174744
24,1,30,-0.20078740157480315,1.6535433070866141,0.5772073268890381
24,1,31,0.18503937007874016,1.4960629921259843,0.7286034822463989
24,1,32,0.21653543307086615,1.6456692913385826,0.687609851360321
24,2,0,-0.19352504528491704,-1.4343621003470322,0.9994659423828124
24,2,1,-0.22388191513353148,-1.495075840044261,0.999308168888092
24,2,2,-0.21629269767137785,-1.495075840044261,0.9991605877876282
24,2,3,-0.20870348020922425,-1.495075840044261,0.9993491172790528
24,2,4,-0.23906035005783868,-1.4874866225821073,0.9993409514427184
24,2,5,-0.24664956751999229,-1.4874866225821073,0.9992351531982422
24,2,6,-0.24664956751999229,-1.4874866225821073,0.9994077682495116
24,2,7,-0.1707573928984562,-1.4267728828848785,0.9983508586883544
24,2,8,-0.23147113259568508,-1.4343621003470322,0.9993684887886048
24,2,9,-0.20111426274707064,-1.358469925725496,0.9992708563804626
24,2,10,-0.21629269767137785,-1.358469925725496,0.9994140267372132
24,2,11,-0.07209756589045929,-0.9865982700799691,0.999291181564331
24,2,12,-0.2542387849821459,-0.9865982700799691,0.9993467330932616
24,2,13,0.011383826193230414,-0.4325853953427557,0.6003644466400146
24,2,14,-0.14798974051199537,-0.4325853953427557,0.5329532027244568
24,2,15,-0.29977408975506753,-0.4022285254941413,0.6904573440551758
24,2,16,-0.1783466103606098,-0.28080104609968354,0.5826587677001953
24,2,17,-0.4591476564602933,-0.3870500905698341,0.6821826100349426
24,2,18,-0.1707573928984562,-0.28839026356183717,0.5750888586044312
24,2,19,-0.4439692215359861,-0.4249961778806021,0.6846532821655273
24,2,20,-0.12522208812553454,-0.20490887147814743,0.5695717334747314
24,2,21,-0.39084469930091087,-0.4325853953427557,0.6719402074813843
24,2,22,-0.11763287066338093,-0.22008730640245466,0.5518662333488464
24,2,23,0.056919130966152066,0.0,0.9965460896492004
24,2,24,-0.056919130966152066,0.0,0.9956932067871094
24,2,25,-0.20111426274707064,0.6754403541316713,0.5899227857589722
24,2,26,-0.07209756589045929,0.7361540938289001,0.4986256062984466
24,2,27,0.10245443573907372,1.5406111448171826,0.669371485710144
24,2,28,0.14040052304984177,1.4798974051199538,0.5623486042022705
24,2,29,0.20870348020922425,1.7227523639088693,0.6691645979881287
24,2,30,0.20111426274707064,1.5861464495901043,0.5598097443580627
24,2,31,-0.15557895797414897,1.669627841673794,0.7448686957359314
24,2,32,-0.026562261117537633,1.6240925369008723,0.66477370262146
25,1,0,0.21705923314227774,-1.487842379902522,0.9993590116500854
25,1,1,0.16180779197878886,-1.5430938210660108,0.9991438388824464
25,1,2,0.1697008550021444,-1.5430938210660108,0.9989599585533142
25,1,3,0.1697008550021444,-1.5509868840893664,0.9991944432258606
25,1,4,0.14602166593207774,-1.5352007580426552,0.9991994500160216
25,1,5,0.1381286029087222,-1.5352007580426552,0.9990663528442384
25,1,6,0.13023553988536665,-1.5273076950192996,0.9992873072624208
25,1,7,0.10655635081529997,-1.4720562538558108,0.9980546832084656
25,1,8,0.0670910356985222,-1.4641631908324553,0.999289095401764
25,1,9,0.21705923314227774,-1.4089117496689663,0.999209463596344
25,1,10,0.20127310709556662,-1.401018686645611,0.9994103312492372
25,1,11,0.1539147289554333,-0.9984724724544776,0.9992432594299316
25,1,12,-0.04341184662845555,-0.9984724724544776,0.9994009137153624
25,1,13,0.12234247686201108,-0.4459580608195888,0.5471615791320801
25,1,14,-0.1381286029087222,-0.4143858087261666,0.5781116485595703
25,1,15,0.3275621154692555,-0.22495229616563328,0.6344788670539856
25,1,16,0.2091661701189222,-0.11444941383865553,0.6166383624076843
25,1,17,0.39859968267945545,-0.12234247686201108,0.6296789050102234
25,1,18,0.2723106743057666,0.003946531511677777,0.6039629578590393
25,1,19,0.43806499779623326,-0.16180779197878886,0.6329124569892883
25,1,20,0.33545517849261103,-0.0513049096518111,0.5976119637489319
25,1,21,0.39070661965609993,-0.18548698104885553,0.6215798854827881
25,1,22,0.31966905244589994,-0.09866328779194443,0.575875997543335
25,1,23,0.07498409872187776,-0.003946531511677777,0.9964160919189452
25,1,24,-0.07498409872187776,0.003946531511677777,0.9956896305084229
25,1,25,0.08287716174523331,0.6827499515202554,0.5476205945014954
25,1,26,0.01183959453503333,0.7380013926837443,0.5233750343322754
25,1,27,-0.0513049096518111,1.3931256236222553,0.6377328634262085
25,1,28,-0.09077022476858887,1.4799493168791664,0.5770687460899353
25,1,29,-0.11444941383865553,1.487842379902522,0.64842689037323
25,1,30,-0.18548698104885553,1.5983452622294996,0.5675166845321655
25,1,31,0.20127310709556662,1.5352007580426552,0.7241387367248535
25,1,32,0.2091661701189222,1.590452199206144,0.6718544363975525
25,2,0,-0.1980108432945162,-1.4355786138852427,0.9994009733200072
25,2,1,-0.24370565328555843,-1.4965050272066323,0.9992085695266724
25,2,2,-0.23608985162038473,-1.4965050272066323,0.9990397095680236
25,2,3,-0.22847404995521103,-1.4965050272066323,0.99925696849823
25,2,4,-0.2513214549507321,-1.4888892255414585,0.9992582201957704
25,2,5,-0.25893725661590583,-1.4812734238762848,0.999135196208954
25,2,6,-0.25893725661590583,-1.4812734238762848,0.9993388056755066
25,2,7,-0.22847404995521103,-1.427962812220069,0.9982222318649292
25,2,8,-0.2513214549507321,-1.4203470105548952,0.9993297457695008
25,2,9,-0.1903950416293425,-1.3518047955683319,0.999267578125
25,2,10,-0.22085824829003733,-1.3518047955683319,0.9994354844093324
25,2,11,-0.22847404995521103,-0.9710147123096469,0.9993106126785278
25,2,12,-0.1827792399641688,-0.9862463156399942,0.9993663430213928
25,2,13,-0.007615801665173701,-0.4302927940823141,0.5919197201728821
25,2,14,-0.0533106116562159,-0.3998295874216193,0.5258817672729492
25,2,15,-0.1751634382989951,-0.407445389086793,0.6699659824371338
25,2,16,-0.06092641332138961,-0.06473431415397646,0.5648483633995056
25,2,17,-0.3350952732676428,-0.3922137857564456,0.6646691560745239
25,2,18,-0.11423702497760552,0.01903950416293425,0.5553165078163147
25,2,19,-0.32747947160246915,-0.4455243974126615,0.6673673987388611
25,2,20,-0.0837738183169107,-0.02665530582810795,0.5495671033859253
25,2,21,-0.2817846616114269,-0.4531401990778352,0.6560537815093994
25,2,22,-0.0837738183169107,-0.04188690915845535,0.5302280783653259
25,2,23,-0.0380790083258685,-0.0038079008325868505,0.9966452717781068
25,2,24,0.0380790083258685,0.0038079008325868505,0.995673418045044
25,2,25,-0.22085824829003733,0.6816142490330462,0.5907866954803467
25,2,26,-0.0456948099910422,0.7501564640196096,0.508824348449707
25,2,27,0.030463206660694804,1.3594205972335056,0.6685101389884949
25,2,28,0.0913896199820844,1.473657622211111,0.5691218376159668
25,2,29,0.14470023163830031,1.5193524322021532,0.678043007850647
25,2,30,0.1903950416293425,1.5955104488538903,0.5751498341560364
25,2,31,-0.2056266449596899,1.5802788455235428,0.7438797950744629
25,2,32,-0.06854221498656331,1.6107420521842377,0.6667670607566833
26,1,0,0.24565294404260146,-1.4699555199968573,0.9993720054626464
26,1,1,0.1822586359025753,-1.5333498281368834,0.9991826415061952
26,1,2,0.174334347385072,-1.5333498281368834,0.9989986419677734
26,1,3,0.174334347385072,-1.5333498281368834,0.999206006526947
26,1,4,0.16641005886756874,-1.52542553961938,0.9992432594299316
26,1,5,0.15056148183256218,-1.5175012511018768,0.99912029504776
26,1,6,0.14263719331505892,-1.5175012511018768,0.9993308186531068
26,1,7,0.1188643277625491,-1.462031231479354,0.9981608986854552
26,1,8,0.087167173692536,-1.4541069429618507,0.9993509650230408
26,1,9,0.24565294404260146,-1.3907126348218244,0.9992468357086182
26,1,10,0.22188007849009164,-1.3827883463043211,0.9994515180587769
26,1,11,0.13471290479755565,-0.9944982089466609,0.9992567896842957
26,1,12,-0.02377286555250982,-1.002422497464164,0.999418079853058
26,1,13,0.13471290479755565,-0.4873437438264513,0.5364091992378235
26,1,14,-0.20603150145508511,-0.4239494356864251,0.5715857744216919
26,1,15,0.22188007849009164,-0.2654636653363597,0.6104366779327393
26,1,16,0.03169715407001309,-0.09905360646879091,0.5973506569862366
26,1,17,0.24565294404260146,-0.17037220312632037,0.6072431206703186
26,1,18,0.11094003924504582,0.003962144258751636,0.5808942914009094
26,1,19,0.2535772325601047,-0.20999364571383675,0.6102471947669983
26,1,20,0.1822586359025753,-0.05150787536377128,0.5745465159416199
26,1,21,0.2377286555250982,-0.24169079978384983,0.6000377535820007
26,1,22,0.15056148183256218,-0.08320502943378437,0.5521038174629211
26,1,23,0.07131859665752946,-0.01188643277625491,0.9967090487480164
26,1,24,-0.07131859665752946,0.01188643277625491,0.9958497881889344
26,1,25,0.10301575072754256,0.6696023797290266,0.5650418996810913
26,1,26,0.0,0.7250723993515495,0.5343644022941589
26,1,27,-0.09509146221003928,1.3431669037168048,0.6517037749290466
26,1,28,-0.10301575072754256,1.4224097888918377,0.5833072066307068
26,1,29,-0.14263719331505892,1.462031231479354,0.6660187840461731
26,1,30,-0.174334347385072,1.5333498281368834,0.5741761922836304
26,1,31,0.16641005886756874,1.4699555199968573,0.7356809377670288
26,1,32,0.14263719331505892,1.54919840517189,0.6769267916679382
26,2,0,-0.12000279718416831,-1.4516467401310682,0.9991796612739564
26,2,1,-0.10451856528943691,-1.505841551762628,0.9989726543426514
26,2,2,-0.09677644934207122,-1.505841551762628,0.9987935423851012
26,2,3,-0.08903433339470553,-1.505841551762628,0.99905663728714
26,2,4,-0.12000279718416831,-1.505841551762628,0.9989596009254456
26,2,5,-0.12000279718416831,-1.4980994358152624,0.9988274574279784
26,2,6,-0.12000279718416831,-1.4980994358152624,0.9990833401679992
26,2,7,-0.05806586960524273,-1.4439046241837026,0.9980115294456482
26,2,8,-0.10451856528943691,-1.436162508236337,0.9986137747764589
26,2,9,-0.09677644934207122,-1.3664834647100457,0.9989790916442872
26,2,10,-0.12000279718416831,-1.3664834647100457,0.9988296031951904
26,2,11,0.019355289868414245,-0.9871197832891264,0.9993116855621338
26,2,12,-0.12000279718416831,-1.0103461311312234,0.9986992478370668
26,2,13,0.08129221744733982,-0.48388224671035607,0.582329511642456
26,2,14,-0.3600083915525049,-0.4296874350787962,0.5190638303756714
26,2,15,-0.1354870290788997,-0.4064610872366991,0.6484195590019226
26,2,16,-0.1664554928683625,-0.18968184071045957,0.544553816318512
26,2,17,-0.29807146397357936,-0.383234739394602,0.6443328261375427
26,2,18,-0.24387665234201947,-0.17419760881572818,0.5310223698616028
26,2,19,-0.3367820437104078,-0.4374295510261619,0.6468393206596375
26,2,20,-0.22065030449992237,-0.18968184071045957,0.5256220698356628
26,2,21,-0.29807146397357936,-0.4451716669735276,0.6364033222198486
26,2,22,-0.20516607260519099,-0.20516607260519099,0.5063354969024658
26,2,23,0.011613173921048546,-0.0038710579736828486,0.9963428974151612
26,2,24,-0.011613173921048546,0.0038710579736828486,0.994339108467102
26,2,25,0.0038710579736828486,0.7548563048681555,0.603281557559967
26,2,26,-0.02709740581577994,0.7471141889207898,0.5196869969367981
26,2,27,0.0038710579736828486,1.5910048271836508,0.6789407134056091
26,2,28,0.08903433339470553,1.459388856078434,0.5719000697135925
26,2,29,-0.034839521763145635,1.738105030183599,0.6889190077781677
26,2,30,0.08129221744733982,1.6064890590783822,0.5724559426307678
26,2,31,-0.07355010149997412,1.6839102185520392,0.7525323629379272
26,2,32,-0.011613173921048546,1.5832627112362851,0.6658439040184021
27,1,0,0.1861966722939469,-1.4652868558784518,0.9991933703422546
27,1,1,0.11333710487457638,-1.530050915806781,0.9990100264549256
27,1,2,0.10524159738353521,-1.530050915806781,0.9988349676132202
27,1,3,0.10524159738353521,-1.5219554083157398,0.9990784525871276
27,1,4,0.10524159738353521,-1.5219554083157398,0.999010682106018
27,1,5,0.08905058240145286,-1.5138599008246987,0.9988852739334106
27,1,6,0.07285956741937052,-1.5138599008246987,0.999130129814148
27,1,7,0.06476405992832936,-1.4571913483874106,0.9980891346931458
27,1,8,0.03238202996416468,-1.4571913483874106,0.9987326264381408
27,1,9,0.1861966722939469,-1.38433178096804,0.999025285243988
27,1,10,0.17000565731186457,-1.38433178096804,0.998920440673828
27,1,11,0.08095507491041169,-0.9876519139070227,0.9993013739585876
27,1,12,-0.12143261236561755,-1.0119384363801462,0.9988253712654114
27,1,13,-0.01619101498208234,-0.574781031863923,0.528800368309021
27,1,14,-0.41287088204309963,-0.5504945093907996,0.5662868022918701
27,1,15,0.04857304494624702,-0.28334276218644094,0.5888417959213257
27,1,16,-0.36429783709685265,-0.19429217978498808,0.5848194360733032
27,1,17,0.05666855243728819,-0.1861966722939469,0.5862801671028137
27,1,18,-0.32382029964164677,-0.1295281198566587,0.5680241584777832
27,1,19,0.05666855243728819,-0.19429217978498808,0.5889814496040344
27,1,20,-0.2752472546953998,-0.1376236273476999,0.5625701546669006
27,1,21,0.040477537455205846,-0.2347697172401939,0.5803698301315308
27,1,22,-0.28334276218644094,-0.17000565731186457,0.5422190427780151
27,1,23,0.08095507491041169,0.0,0.996519923210144
27,1,24,-0.08095507491041169,0.0,0.9948054552078248
27,1,25,0.10524159738353521,0.7447866891757876,0.5735153555870056
27,1,26,-0.040477537455205846,0.7285956741937053,0.5527051091194153
27,1,27,-0.04857304494624702,1.4005227959501223,0.6604180335998535
27,1,28,-0.1295281198566587,1.4895733783515752,0.5984401702880859
27,1,29,-0.1376236273476999,1.5057643933336575,0.6766939163208008
27,1,30,-0.2509607322222763,1.6110059907171927,0.5832366943359375
27,1,31,0.11333710487457638,1.5543374382799047,0.7470852136611938
27,1,32,0.14571913483874105,1.6433880206813574,0.6859548091888428
27,2,0,-0.2634452070368603,-1.4295776675970802,0.9992209076881408
27,2,1,-0.2247032648255573,-1.4915647751351648,0.9990509748458862
27,2,2,-0.2092064879410361,-1.4915647751351648,0.9988934397697448
27,2,3,-0.20145809949877552,-1.4915647751351648,0.999126136302948
27,2,4,-0.2402000417100785,-1.4838163866929042,0.9990372061729432
27,2,5,-0.2402000417100785,-1.4838163866929042,0.9989191889762878
27,2,6,-0.2402000417100785,-1.4760679982506437,0.999144732952118
27,2,7,-0.13947099196069074,-1.4295776675970802,0.9982478022575378
27,2,8,-0.18596132261425433,-1.4218292791548195,0.9987301826477052
27,2,9,-0.2324516532678179,-1.3520937831744742,0.9990780353546144
27,2,10,-0.2556968185945997,-1.3520937831744742,0.99888813495636
27,2,11,-0.030993553769042385,-0.9956679148304867,0.9993684887886048
27,2,12,-0.2247032648255573,-0.9879195263882261,0.9985527396202089
27,2,13,0.11622582663390894,-0.5230162198525903,0.5757625699043274
27,2,14,-0.17821293417199371,-0.5307646082948508,0.5141160488128662
27,2,15,-0.15496776884521193,-0.36030006256511776,0.6295474767684937
27,2,16,-0.4106645874398116,-0.31380973191155415,0.5365129709243774
27,2,17,-0.20145809949877552,-0.35255167412285715,0.626514196395874
27,2,18,-0.4649033065356358,-0.32155812035381476,0.5241893529891968
27,2,19,-0.30993553769042387,-0.3912936163341601,0.6288121938705444
27,2,20,-0.48814847186241755,-0.3680484510073783,0.5196635723114014
27,2,21,-0.2866903723636421,-0.3990420047764207,0.6201727390289307
27,2,22,-0.4339097527665934,-0.36030006256511776,0.5017067790031433
27,2,23,0.07748388442260597,0.003874194221130298,0.9965726733207704
27,2,24,-0.07748388442260597,-0.003874194221130298,0.9944027066230774
27,2,25,0.007748388442260596,0.7864614268894505,0.6099675893783569
27,2,26,-0.10072904974938776,0.739971096235887,0.526961088180542
27,2,27,0.08523227286486657,1.5690486595577708,0.6866663098335266
27,2,28,0.06973549598034537,1.3985841138280377,0.5903918743133545
27,2,29,0.14721938040295132,1.7007712630762009,0.6981049180030823
27,2,30,0.10847743819164835,1.5380551057887284,0.5839581489562988
27,2,31,-0.11622582663390894,1.6465325439803769,0.7646306157112122
27,2,32,-0.06198710753808477,1.6077906017690737,0.6816437840461731
28,1,0,0.21750512741995823,-1.4870248507282857,0.999248504638672
28,1,1,0.1464830449971147,-1.5491691728482737,0.9991024732589722
28,1,2,0.1464830449971147,-1.5491691728482737,0.998961329460144
28,1,3,0.13760528469425928,-1.5491691728482737,0.9991739988327026
28,1,4,0.12872752439140384,-1.5491691728482737,0.9990853071212769
28,1,5,0.11097200378569297,-1.5402914125454183,0.9989801049232484
28,1,6,0.09321648317998209,-1.5402914125454183,0.9991825819015504
28,1,7,0.039949921362849465,-1.4781470904254304,0.9983754754066468
28,1,8,-0.0044388801514277185,-1.4781470904254304,0.9988210201263428
28,1,9,0.21750512741995823,-1.389369487396876,0.9990644454956056
28,1,10,0.1908718465113919,-1.389369487396876,0.9989111423492432
28,1,11,0.06658320227141579,-0.9809925134655259,0.9992263913154602
28,1,12,-0.2796494495399463,-1.007625794374092,0.9986695051193236
28,1,13,-0.022194400757138594,-0.5015934571113322,0.527012825012207
28,1,14,-0.4305713746884887,-0.7324152249855735,0.5603762269020081
28,1,15,-0.03107216105999403,-0.15536080529997015,0.572502613067627
28,1,16,-0.6347598616541638,-0.34179377165993435,0.5752816200256348
28,1,17,-0.022194400757138594,-0.057705441968560346,0.5706148147583008
28,1,18,-0.7146597043798627,-0.2618939289342354,0.5609692931175232
28,1,19,-0.022194400757138594,-0.057705441968560346,0.5729570984840393
28,1,20,-0.6525153822598746,-0.2796494495399463,0.5566197037696838
28,1,21,-0.03107216105999403,-0.08433872287712665,0.5659389495849609
28,1,22,-0.6170043410484529,-0.2885272098428017,0.5386390686035156
28,1,23,0.06658320227141579,0.022194400757138594,0.9966892004013062
28,1,24,-0.06658320227141579,-0.022194400757138594,0.994782030582428
28,1,25,0.03107216105999403,0.9454814722541041,0.5738308429718018
28,1,26,-0.048827681665704906,0.9099704310426824,0.562695324420929
28,1,27,-0.12872752439140384,1.7711131804196598,0.6539252400398254
28,1,28,-0.12872752439140384,1.8155019819339369,0.6174308657646179
28,1,29,-0.27077168923709083,1.9309128658710577,0.6751279234886169
28,1,30,-0.2796494495399463,1.9664239070824794,0.6029927134513855
28,1,31,0.15536080529997015,1.9753016673853347,0.7416611313819885
28,1,32,0.1642385656028256,2.0463237498081783,0.6993080973625183
28,2,0,-0.3030979324032142,-1.4131449056201806,0.9991862177848816
28,2,1,-0.24798921742081165,-1.4839989677404124,0.9990434646606444
28,2,2,-0.24011654385189699,-1.4839989677404124,0.9989285469055176
28,2,3,-0.22437119671406766,-1.4839989677404124,0.999150574207306
28,2,4,-0.2558618909897263,-1.4839989677404124,0.9989835023880004
28,2,5,-0.2558618909897263,-1.4839989677404124,0.9988714456558228
28,2,6,-0.24798921742081165,-1.4839989677404124,0.999050498008728
28,2,7,-0.14564446102492112,-1.4288902527580098,0.9984518885612488
28,2,8,-0.17713515530057974,-1.4210175791890953,0.9986003041267396
28,2,9,-0.2716072381275556,-1.334418169931034,0.9990531802177428
28,2,10,-0.28735258526538493,-1.334418169931034,0.9986786246299744
28,2,11,0.027554357491201293,-1.0116385536055332,0.99930077791214
28,2,12,-0.20862584957623836,-0.9801478593298746,0.9979071021080016
28,2,13,0.16926248173166508,-0.5628961601773979,0.574205756187439
28,2,14,-0.16138980816275042,-0.7124769579867762,0.5068638324737549
28,2,15,-0.12202644031817715,-0.28735258526538493,0.6150282025337219
28,2,16,-0.3896973416612754,-0.4290607095058487,0.5240642428398132
28,2,17,-0.24011654385189699,-0.2637345645586409,0.6128975749015808
28,2,18,-0.46055140378150733,-0.4290607095058487,0.5136054158210754
28,2,19,-0.2637345645586409,-0.2716072381275556,0.6149356365203857
28,2,20,-0.46055140378150733,-0.4920420980571659,0.5098109841346741
28,2,21,-0.24011654385189699,-0.2637345645586409,0.6080824732780457
28,2,22,-0.444806056643678,-0.43693338307476337,0.4938603639602661
28,2,23,0.051172378197945255,-0.003936336784457328,0.9965949058532716
28,2,24,-0.051172378197945255,0.003936336784457328,0.993694305419922
28,2,25,-0.011809010353371983,0.7360949786935203,0.6055685877799988
28,2,26,-0.011809010353371983,0.7990763672448374,0.5205324292182922
28,2,27,0.07479039890468922,1.4525082734647539,0.6687831878662109
28,2,28,0.09840841961143319,1.6020890712741322,0.5830433964729309
28,2,29,0.14564446102492112,1.6493251126876203,0.6931772828102112
28,2,30,0.14564446102492112,1.7044338276700228,0.585858941078186
28,2,31,-0.15351713459383579,1.9248686875996333,0.7456104755401611
28,2,32,-0.05904505176685991,1.8067785840659134,0.6681752800941467
29,1,0,0.22407110599683877,-1.4071665456601476,0.9979636073112488
29,1,1,0.1613311963177239,-1.478869299579136,0.997680962085724
29,1,2,0.15236835207785038,-1.478869299579136,0.9977316856384276
29,1,3,0.14340550783797681,-1.478869299579136,0.9978217482566832
29,1,4,0.14340550783797681,-1.478869299579136,0.9973109364509584
29,1,5,0.12547981935822972,-1.478869299579136,0.9973798394203186
29,1,6,0.10755413087848262,-1.478869299579136,0.997249960899353
29,1,7,0.06273990967911486,-1.4161293899000211,0.9969940185546876
29,1,8,0.008962844239873551,-1.4071665456601476,0.997037410736084
29,1,9,0.21510826175696524,-1.317538103261412,0.9957314729690552
29,1,10,0.19718257327721814,-1.317538103261412,0.995393693447113
29,1,11,0.05377706543924131,-0.9410986451867229,0.9985795021057128
29,1,12,-0.12547981935822972,-1.057615620305079,0.9980143904685974
29,1,13,0.0,-0.5198449659126659,0.5277895927429199
29,1,14,-0.3585137695949421,-0.6811761622303899,0.554300844669342
29,1,15,-0.026888532719620654,-0.14340550783797681,0.5674830079078674
29,1,16,-0.5198449659126659,-0.2778481714360801,0.5688822865486145
29,1,17,-0.035851376959494204,-0.05377706543924131,0.5666418671607971
29,1,18,-0.5736220313519073,-0.25992248295633297,0.5578017830848694
29,1,19,-0.026888532719620654,-0.06273990967911486,0.5690223574638367
29,1,20,-0.5467334986322866,-0.3136995483955743,0.5542740225791931
29,1,21,-0.026888532719620654,-0.08962844239873552,0.5639582872390747
29,1,22,-0.5198449659126659,-0.26888532719620656,0.5387804508209229
29,1,23,0.06273990967911486,0.026888532719620654,0.9963659048080444
29,1,24,-0.06273990967911486,-0.026888532719620654,0.9938837885856628
29,1,25,0.14340550783797681,0.9500614894265964,0.5699751377105713
29,1,26,-0.008962844239873551,1.021764243345585,0.5543439388275146
29,1,27,0.017925688479747102,1.7925688479747102,0.6271113753318787
29,1,28,-0.035851376959494204,1.9897514212519283,0.6013062596321106
29,1,29,-0.11651697511835617,1.9897514212519283,0.6648585796356201
29,1,30,-0.18821972903734457,2.115231240610158,0.5986233353614807
29,1,31,0.21510826175696524,2.0793798636506637,0.7062317728996277
29,1,32,0.25992248295633297,2.177971150289273,0.6726077198982239
29,2,0,-0.2821503896262208,-1.398304136824065,0.998119592666626
29,2,1,-0.22406060352670476,-1.4646924637949403,0.9978668093681335
29,2,2,-0.21576206265534534,-1.4646924637949403,0.9979127645492554
29,2,3,-0.19916498091262647,-1.4646924637949403,0.9980054497718812
29,2,4,-0.24895622614078305,-1.4646924637949403,0.9975204467773438
29,2,5,-0.24895622614078305,-1.4646924637949403,0.9975689649581908
29,2,6,-0.24895622614078305,-1.4646924637949403,0.9974564909934998
29,2,7,-0.13277665394175098,-1.4149012185667837,0.9972673654556274
29,2,8,-0.19916498091262647,-1.4149012185667837,0.9972341656684875
29,2,9,-0.2572547670121425,-1.3153187281104706,0.9961238503456116
29,2,10,-0.2821503896262208,-1.32361726898183,0.9957666397094728
29,2,11,0.024895622614078308,-0.9916756341274525,0.9987192153930664
29,2,12,-0.2074635217839859,-0.999974174998812,0.997811198234558
29,2,13,0.19086644004126702,-0.543554427074043,0.5749417543411255
29,2,14,-0.22406060352670476,-0.5601515088167619,0.5053234696388245
29,2,15,-0.17426935829854814,-0.36098652790413543,0.6105636358261108
29,2,16,-0.39832996182525293,-0.38588215051821373,0.5274292230606079
29,2,17,-0.2987474713689397,-0.28629966006190055,0.6094493865966797
29,2,18,-0.4647182887961284,-0.36098652790413543,0.5202456116676331
29,2,19,-0.31534455311165854,-0.3443894461614166,0.611522376537323
29,2,20,-0.4730168296674878,-0.40247923226093263,0.5172118544578552
29,2,21,-0.2821503896262208,-0.35268798703277604,0.6065229773521423
29,2,22,-0.4481212070534095,-0.3941806913895732,0.5032070279121399
29,2,23,0.06638832697087549,-0.029044893049758026,0.9963678121566772
29,2,24,-0.06638832697087549,0.029044893049758026,0.9933483004570008
29,2,25,-0.024895622614078308,0.8837946027997798,0.6082413196563721
29,2,26,-0.049791245228156616,0.9418843888992959,0.5287525057792664
29,2,27,0.0912839495849538,1.8547238847488339,0.6508051753044128
29,2,28,0.0912839495849538,1.8464253438774745,0.5825197696685791
29,2,29,0.15767227655582927,2.045590324790101,0.6858823299407959
29,2,30,0.12447811307039153,1.9875005386905849,0.5928823947906494
29,2,31,-0.19086644004126702,2.1700684378604924,0.719052791595459
29,2,32,-0.14937373568446985,2.0621874065328196,0.6534069776535034
30,1,0,0.10422277388691942,-1.3340515057525686,0.9962477684020996
30,1,1,0.06253366433215164,-1.3924162591292435,0.995292901992798
30,1,2,0.06253366433215164,-1.3924162591292435,0.9953914284706116
30,1,3,0.0541958424211981,-1.3924162591292435,0.995416820049286
30,1,4,0.03752019859929099,-1.3924162591292435,0.9952763319015504
30,1,5,0.029182376688337435,-1.3924162591292435,0.995603621006012
30,1,6,0.01250673286643033,-1.3924162591292435,0.9957442283630372
30,1,7,-0.004168910955476776,-1.3423893276635221,0.9918255805969238
30,1,8,-0.0708714862431052,-1.3423893276635221,0.9945013523101808
30,1,9,0.09588495197596586,-1.2590111085539866,0.98593407869339
30,1,10,0.0708714862431052,-1.2590111085539866,0.9883036613464355
30,1,11,0.0541958424211981,-0.8921469444720302,0.9957082867622375
30,1,12,-0.36269525312647954,-1.0839168484239619,0.9978389739990234
30,1,13,-0.03752019859929099,-0.49193149274625964,0.5240261554718018
30,1,14,-0.5377895132565041,-0.6336744652324701,0.5473588109016418
30,1,15,0.020844554777383884,-0.16675643821907107,0.5566319823265076
30,1,16,-0.6378433761879468,-0.3668641640819563,0.5560630559921265
30,1,17,-0.0708714862431052,-0.1083916848423962,0.557546854019165
30,1,18,-0.6962081295646217,-0.3001615887943279,0.545146644115448
30,1,19,0.04585802051024454,-0.07504039719858198,0.5596165060997009
30,1,20,-0.7295594172084359,-0.31683723261623503,0.5426466464996338
30,1,21,-0.04585802051024454,-0.1417429724862104,0.5557811856269836
30,1,22,-0.6878703076536682,-0.3251750545271886,0.5285601615905762
30,1,23,0.10422277388691942,-0.016675643821907105,0.996245503425598
30,1,24,-0.10422277388691942,0.016675643821907105,0.9936535358428956
30,1,25,0.12089841770882652,0.950511697848705,0.6150603890419006
30,1,26,-0.06253366433215164,0.950511697848705,0.5701980590820312
30,1,27,-0.1625875272635943,1.7842938889440605,0.6583012938499451
30,1,28,-0.13757406153073362,1.9343746833412243,0.6132497787475586
30,1,29,-0.12923623961978006,1.9343746833412243,0.6946159601211548
30,1,30,-0.17092534917454785,2.034428546272667,0.6152351498603821
30,1,31,0.1959388149074085,2.1344824092041095,0.7235915064811707
30,1,32,0.18760099299645494,2.15949587493697,0.6701587438583374
30,2,0,-0.23316944366547548,-1.3573792613383038,0.9964076280593872
30,2,1,-0.16654960261819676,-1.440654062647402,0.9954653978347778
30,2,2,-0.1498946423563771,-1.440654062647402,0.9955697059631348
30,2,3,-0.12491220196364758,-1.440654062647402,0.9956889748573304
30,2,4,-0.19985952314183614,-1.448981542778312,0.9954046607017516
30,2,5,-0.19985952314183614,-1.448981542778312,0.9955660700798036
30,2,6,-0.19985952314183614,-1.448981542778312,0.9957298040390016
30,2,7,-0.049964880785459034,-1.399016661992853,0.9924749732017516
30,2,8,-0.1498946423563771,-1.399016661992853,0.9939753413200378
30,2,9,-0.19985952314183614,-1.2824319401601152,0.9871048927307128
30,2,10,-0.23316944366547548,-1.290759420291025,0.9887996912002563
30,2,11,0.1082572417018279,-0.9909701355782708,0.9961325526237488
30,2,12,-0.18320456288001646,-1.0076250958400905,0.9969245791435242
30,2,13,0.3997190462836723,-0.6079060495564182,0.5714676380157471
30,2,14,-0.17487708274910663,-0.5496136886400493,0.4962568283081054
30,2,15,-0.008327480130909838,-0.24149692379638532,0.600206732749939
30,2,16,-0.2831343244509345,-0.31644424497457385,0.5075253248214722
30,2,17,-0.09992976157091807,-0.1915320430109263,0.5997440218925476
30,2,18,-0.3247717251054837,-0.18320456288001646,0.5002662539482117
30,2,19,-0.15822212248728693,-0.19985952314183614,0.6014416813850403
30,2,20,-0.34975416549821325,-0.2165144834036558,0.4980068802833557
30,2,21,-0.14156716222546725,-0.24982440392729516,0.5968871116638184
30,2,22,-0.3330992052363935,-0.24149692379638532,0.4856735169887543
30,2,23,0.09160228144000823,-0.05829236091636887,0.996384620666504
30,2,24,-0.09160228144000823,0.05829236091636887,0.993435561656952
30,2,25,0.06661984104727871,1.0159525759710004,0.6488370895385742
30,2,26,-0.04163740065454919,1.0659174567564593,0.5660237669944763
30,2,27,0.13323968209455742,1.9736127910256318,0.6840685606002808
30,2,28,0.1082572417018279,2.006922711549271,0.6101455092430115
30,2,29,0.23316944366547548,2.123507433382009,0.7096909880638123
30,2,30,0.19985952314183614,2.156817353905648,0.6106728315353394
30,2,31,-0.16654960261819676,2.448279158487493,0.7391787767410278
30,2,32,-0.20818700327274597,2.423296718094763,0.6609179377555847
31,1,0,0.2221066920754888,-1.3326401524529328,0.993410587310791
31,1,1,0.17195356805844295,-1.397122740474849,0.9916922450065612
31,1,2,0.16478883605600783,-1.397122740474849,0.9929116368293762
31,1,3,0.1576241040535727,-1.389958008472414,0.992167055606842
31,1,4,0.16478883605600783,-1.404287472477284,0.990302324295044
31,1,5,0.15045937205113757,-1.404287472477284,0.9912105798721312
31,1,6,0.14329464004870246,-1.397122740474849,0.990292191505432
31,1,7,0.08597678402922147,-1.3541343484602382,0.988936722278595
31,1,8,0.0644825880219161,-1.3541343484602382,0.9885532855987548
31,1,9,0.20061249606818343,-1.2609928324285815,0.9801794290542604
31,1,10,0.1862830320633132,-1.2681575644310168,0.98155677318573
31,1,11,-0.07881205202678634,-0.9744035523311767,0.9950919151306152
31,1,12,0.014329464004870245,-1.0245566763482226,0.9969522953033448
31,1,13,-0.2221066920754888,-0.6448258802191611,0.5334833860397339
31,1,14,-0.3439071361168859,-0.7164732002435122,0.5431915521621704
31,1,15,-0.20777722807061855,-0.3582366001217561,0.5463858842849731
31,1,16,-0.4370486521485425,-0.46570758015828295,0.5400927662849426
31,1,17,-0.22927142407792392,-0.3152482081071454,0.5464792847633362
31,1,18,-0.40122499213636686,-0.3439071361168859,0.5259551405906677
31,1,19,-0.2149419600730537,-0.3152482081071454,0.5481660962104797
31,1,20,-0.32957767211201566,-0.3439071361168859,0.5235018134117126
31,1,21,-0.20061249606818343,-0.32957767211201566,0.5447338223457336
31,1,22,-0.3797307961290615,-0.39406026013393175,0.5098205208778381
31,1,23,-0.10030624803409172,0.0071647320024351225,0.9953397512435912
31,1,24,0.10030624803409172,-0.0071647320024351225,0.99323308467865
31,1,25,-0.0644825880219161,0.7809557882654283,0.6282534599304199
31,1,26,0.10030624803409172,0.816779448277604,0.6046501994132996
31,1,27,-0.042988392014610737,1.4186169364821544,0.6789690852165222
31,1,28,-0.0644825880219161,1.5404173805235515,0.6419694423675537
31,1,29,0.0071647320024351225,1.5547468445284216,0.7104958891868591
31,1,30,0.0,1.6837120205722538,0.6397820711135864
31,1,31,0.20061249606818343,1.8628303206331318,0.7331266403198242
31,1,32,0.16478883605600783,1.7983477326112158,0.6809520721435547
31,2,0,-0.22813688212927757,-1.3155893536121672,0.9939122200012208
31,2,1,-0.18250950570342206,-1.3992395437262357,0.9923266172409058
31,2,2,-0.16730038022813687,-1.3992395437262357,0.9934334754943848
31,2,3,-0.1596958174904943,-1.3992395437262357,0.9928194284439088
31,2,4,-0.20532319391634982,-1.3992395437262357,0.9910560846328736
31,2,5,-0.19771863117870722,-1.3992395437262357,0.9918039441108704
31,2,6,-0.19771863117870722,-1.3992395437262357,0.9910035133361816
31,2,7,-0.09125475285171103,-1.376425855513308,0.9899107217788696
31,2,8,-0.1596958174904943,-1.3688212927756653,0.9891042113304138
31,2,9,-0.19011406844106463,-1.2623574144486691,0.981958508491516
31,2,10,-0.22053231939163498,-1.2623574144486691,0.9828230142593384
31,2,11,0.07604562737642585,-1.0342205323193916,0.9955772161483764
31,2,12,-0.07604562737642585,-0.9657794676806084,0.9960492253303528
31,2,13,0.34980988593155893,-0.7300380228136882,0.5799540877342224
31,2,14,-0.07604562737642585,-0.5779467680608364,0.4909979999065399
31,2,15,0.022813688212927757,-0.41064638783269963,0.5909102559089661
31,2,16,-0.1520912547528517,-0.39543726235741444,0.4910300970077514
31,2,17,-0.045627376425855515,-0.3041825095057034,0.5895860195159912
31,2,18,-0.1520912547528517,-0.2737642585551331,0.4807587563991546
31,2,19,-0.09885931558935361,-0.311787072243346,0.5909346342086792
31,2,20,-0.18250950570342206,-0.2813688212927757,0.4785401523113251
31,2,21,-0.08365019011406843,-0.3269961977186312,0.5868721008300781
31,2,22,-0.19011406844106463,-0.311787072243346,0.4664942622184753
31,2,23,0.045627376425855515,-0.030418250950570342,0.9955405592918396
31,2,24,-0.045627376425855515,0.030418250950570342,0.992962121963501
31,2,25,0.015209125475285171,0.8669201520912547,0.6625159382820129
31,2,26,-0.045627376425855515,0.8821292775665399,0.6053977608680725
31,2,27,0.1520912547528517,1.7338403041825095,0.7057960033416748
31,2,28,0.11406844106463879,1.7490494296577948,0.6381490230560303
31,2,29,0.2737642585551331,1.8935361216730038,0.7305070161819458
31,2,30,0.24334600760456274,1.908745247148289,0.6375007629394531
31,2,31,-0.10646387832699619,2.1520912547528517,0.7522077560424805
31,2,32,-0.1520912547528517,2.129277566539924,0.6723998188972473
32,1,0,0.12709974582629385,-1.212600277748155,0.9933419823646544
32,1,1,0.09274846317053877,-1.288173099590816,0.9912609457969666
32,1,2,0.09274846317053877,-1.288173099590816,0.9922886490821838
32,1,3,0.09274846317053877,-1.288173099590816,0.991767644882202
32,1,4,0.06526743704593468,-1.288173099590816,0.9902753233909608
32,1,5,0.044656667452481626,-1.288173099590816,0.991020143032074
32,1,6,0.01717564132787755,-1.288173099590816,0.9903957843780518
32,1,7,0.024045897859028567,-1.2606920734662121,0.9874935746192932
32,1,8,-0.11335923276399182,-1.2606920734662121,0.9882115125656128
32,1,9,0.12022948929514284,-1.1645084820300977,0.97794109582901
32,1,10,0.07900795010823672,-1.1645084820300977,0.979853093624115
32,1,11,0.0721376935770857,-0.9377900165021141,0.994981288909912
32,1,12,-0.12709974582629385,-1.0614546340628326,0.9962749481201172
32,1,13,0.19580231113780405,-0.6354987291314693,0.5410516858100891
32,1,14,-0.3950397505411836,-0.7316823205675835,0.5375078916549683
32,1,15,0.3400776982919755,-0.3538182113542775,0.5501241683959961
32,1,16,-0.2782453895116163,-0.48435308544614686,0.5267386436462402
32,1,17,0.3263371852296734,-0.2713751329804653,0.5489805936813354
32,1,18,-0.18893205460665305,-0.38129923747888156,0.5103574991226196
32,1,19,0.38129923747888156,-0.2713751329804653,0.5511448979377747
32,1,20,-0.15458077195089795,-0.3881694940100326,0.5082484483718872
32,1,21,0.3194669286985224,-0.2782453895116163,0.5485676527023315
32,1,22,-0.175191541544351,-0.4225207766657877,0.4962756633758545
32,1,23,0.030916154390179588,0.01030538479672653,0.9953282475471495
32,1,24,-0.030916154390179588,-0.01030538479672653,0.993154764175415
32,1,25,0.0721376935770857,0.7935146293479427,0.6428740620613098
32,1,26,-0.09961871970168978,0.8072551424102448,0.6287521719932556
32,1,27,0.06526743704593468,1.4393187432761385,0.681971549987793
32,1,28,0.01030538479672653,1.5286320781811018,0.6457989811897278
32,1,29,0.03778641092133061,1.549242847774555,0.7131962776184082
32,1,30,-0.01030538479672653,1.6935182349287263,0.6380497217178345
32,1,31,0.12709974582629385,1.906496187394408,0.7305679321289062
32,1,32,0.00343512826557551,1.7759613133025385,0.6699047088623047
32,2,0,-0.2327134257287807,-1.2617431051232328,0.9936637878417968
32,2,1,-0.1890796584046343,-1.3417383452175011,0.9916788935661316
32,2,2,-0.17453506929658552,-1.3490106397715256,0.9926176071166992
32,2,3,-0.15999048018853673,-1.3490106397715256,0.9922780394554138
32,2,4,-0.21816883662073192,-1.3417383452175011,0.9907348155975342
32,2,5,-0.21816883662073192,-1.3490106397715256,0.9912374019622804
32,2,6,-0.2254411311747563,-1.3490106397715256,0.9907174110412598
32,2,7,-0.09453982920231715,-1.3271937561094524,0.9884453415870668
32,2,8,-0.1963519529586587,-1.319921461555428,0.9879106283187866
32,2,9,-0.1963519529586587,-1.2108370432450621,0.9797709584236144
32,2,10,-0.2254411311747563,-1.2108370432450621,0.9807361364364624
32,2,11,0.09453982920231715,-1.0144850902864033,0.9954757690429688
32,2,12,-0.11635671286439035,-0.9853959120703057,0.9952107667922974
32,2,13,0.458154556903537,-0.7308656026794519,0.5867728590965271
32,2,14,-0.10181212375634155,-0.6435980680311592,0.4859772622585296
32,2,15,0.10181212375634155,-0.40361234774835403,0.5945051908493042
32,2,16,-0.10908441831036596,-0.3381616967621345,0.4796934425830841
32,2,17,0.02181688366207319,-0.28725563488396366,0.5923548340797424
32,2,18,-0.09453982920231715,-0.2363495730057929,0.4674804508686065
32,2,19,-0.050906061878170775,-0.29452792943798806,0.5941525101661682
32,2,20,-0.08726753464829276,-0.2581664566678661,0.4655466675758362
32,2,21,-0.036361472770121986,-0.28725563488396366,0.5910434722900391
32,2,22,-0.08726753464829276,-0.28725563488396366,0.4550200402736664
32,2,23,0.06545065098621958,-0.0036361472770121985,0.9954286813735962
32,2,24,-0.06545065098621958,0.0036361472770121985,0.99260276556015
32,2,25,0.058178356432195176,0.8472223155438422,0.6751523017883301
32,2,26,-0.07272294554024397,0.8544946100978666,0.6263703107833862
32,2,27,0.1890796584046343,1.6835361892566478,0.7081681489944458
32,2,28,0.15271818563451234,1.6326301273784771,0.6446714997291565
32,2,29,0.2545303093908539,1.8071651966750626,0.7319625020027161
32,2,30,0.21816883662073192,1.778076018458965,0.6379566788673401
32,2,31,-0.10181212375634155,2.090784684282014,0.7498714923858643
32,2,32,-0.11635671286439035,2.0253340332957945,0.667027473449707
33,1,0,0.172993811326294,-1.242095565322791,0.9920021295547484
33,1,1,0.12455554415493168,-1.3182128423063602,0.9891214966773988
33,1,2,0.12455554415493168,-1.3182128423063602,0.9907302856445312
33,1,3,0.12455554415493168,-1.325132594759412,0.9898703694343568
33,1,4,0.11071603924882815,-1.3112930898533086,0.9884934425354004
33,1,5,0.08995678188967288,-1.3182128423063602,0.9893622398376464
33,1,6,0.07611727698356936,-1.3182128423063602,0.9887161254882812
33,1,7,0.05535801962441408,-1.2905338324941533,0.985200583934784
33,1,8,-0.01383950490610352,-1.2836140800411016,0.9854998588562012
33,1,9,0.17991356377934575,-1.1867375456983769,0.975225865840912
33,1,10,0.1591543064201905,-1.1867375456983769,0.9768915772438048
33,1,11,0.1591543064201905,-0.9860647245598758,0.9947898983955384
33,1,12,-0.13147529660798343,-1.0137437343720828,0.995408833026886
33,1,13,0.30446910793427745,-0.7161943788908571,0.5422929525375366
33,1,14,-0.3390678701995362,-0.7369536362500124,0.528856635093689
33,1,15,0.3805863849178468,-0.2940894792546998,0.5452537536621094
33,1,16,-0.19375306868544928,-0.4809227954870973,0.5018116235733032
33,1,17,0.4428641569953126,-0.19721294491197516,0.5451784133911133
33,1,18,-0.15223455396713872,-0.32176848906690686,0.4835281670093536
33,1,19,0.4290246520892091,-0.21105244981807866,0.547274112701416
33,1,20,-0.11071603924882815,-0.30792898416080333,0.4816509187221527
33,1,21,0.40826539473005385,-0.21797220227113043,0.5458148717880249
33,1,22,-0.1383950490610352,-0.3978857660504762,0.4717059433460235
33,1,23,0.09687653434272464,0.010379628679577639,0.9946419596672058
33,1,24,-0.09687653434272464,-0.010379628679577639,0.9925456047058104
33,1,25,-0.01383950490610352,0.6815956166255983,0.6745407581329346
33,1,26,-0.14531480151408696,0.6469968543603396,0.6592868566513062
33,1,27,0.12455554415493168,1.2282560604166874,0.7132750749588013
33,1,28,0.08995678188967288,1.380490614383826,0.6733052134513855
33,1,29,0.09687653434272464,1.3597313570246707,0.7356166839599609
33,1,30,0.06227777207746584,1.5119659109918095,0.6614757776260376
33,1,31,-0.09687653434272464,1.698799227224207,0.7567791938781738
33,1,32,-0.08995678188967288,1.8095152664730352,0.6908795237541199
33,2,0,-0.2337585119386597,-1.269488534066875,0.9924817085266112
33,2,1,-0.19060309434998407,-1.3486067996461137,0.9898523092269896
33,2,2,-0.17621795515375885,-1.3557993692442263,0.9913321733474731
33,2,3,-0.16183281595753363,-1.3557993692442263,0.9906480312347412
33,2,4,-0.21937337274243449,-1.3486067996461137,0.9891877770423888
33,2,5,-0.21937337274243449,-1.3486067996461137,0.9898470044136048
33,2,6,-0.21937337274243449,-1.3557993692442263,0.9892427921295166
33,2,7,-0.10429225917263278,-1.327029090851776,0.9864417910575868
33,2,8,-0.19060309434998407,-1.3198365212536631,0.9855343103408812
33,2,9,-0.19060309434998407,-1.2119479772819741,0.977416694164276
33,2,10,-0.21937337274243449,-1.2119479772819741,0.9782508611679076
33,2,11,0.08990711997640757,-1.0249411677310463,0.9953060150146484
33,2,12,-0.1330625375650832,-0.9745931805442581,0.994145691394806
33,2,13,0.4711133086763757,-0.7516235230027674,0.5879054665565491
33,2,14,-0.06113684158395715,-0.6149647006386278,0.4778791069984436
33,2,15,0.03955913278961933,-0.30568420791978573,0.5902541279792786
33,2,16,-0.118677398368858,-0.30568420791978573,0.4558487236499786
33,2,17,-0.02517399359339412,-0.19060309434998407,0.5893223881721497
33,2,18,-0.10429225917263278,-0.15464024635942103,0.4415372908115387
33,2,19,-0.10429225917263278,-0.19779566394809667,0.5911163687705994
33,2,20,-0.1330625375650832,-0.15464024635942103,0.439769297838211
33,2,21,-0.08990711997640757,-0.2409510815367723,0.5891939401626587
33,2,22,-0.10429225917263278,-0.19060309434998407,0.4311167895793915
33,2,23,0.08271455037829498,0.003596284799056303,0.9948481917381288
33,2,24,-0.08271455037829498,-0.003596284799056303,0.9918650388717652
33,2,25,-0.003596284799056303,0.8019715101895556,0.7023963332176208
33,2,26,-0.10429225917263278,0.7660086621989926,0.6456899642944336
33,2,27,0.19779566394809667,1.6435021531687304,0.7357994914054871
33,2,28,0.17621795515375885,1.5284210395989288,0.6622786521911621
33,2,29,0.2481436511348849,1.7657758363366447,0.7529116868972778
33,2,30,0.2337585119386597,1.6938501403555186,0.6547344326972961
33,2,31,-0.10429225917263278,1.9959380634762482,0.77349853515625
33,2,32,-0.07552198078018237,1.9383975066913472,0.6826676726341248
34,1,0,0.13541340152949025,-1.2499698602722178,0.9886242151260376
34,1,1,0.10763629352344098,-1.3263569072888532,0.9839475154876708
34,1,2,0.10763629352344098,-1.3263569072888532,0.9868845343589784
34,1,3,0.10763629352344098,-1.3333011842903655,0.9855278730392456
34,1,4,0.08680346251890401,-1.3263569072888532,0.984954297542572
34,1,5,0.07985918551739168,-1.3263569072888532,0.98636132478714
34,1,6,0.06597063151436705,-1.3333011842903655,0.9854188561439514
34,1,7,0.07985918551739168,-1.3055240762843163,0.9777710437774658
34,1,8,0.024304969505293123,-1.2916355222812916,0.9814109802246094
34,1,9,0.14235767853100256,-1.1944156442601193,0.9651445746421814
34,1,10,0.12152484752646561,-1.2013599212616315,0.969507336616516
34,1,11,0.17013478653705186,-0.9652545032102126,0.9947598576545716
34,1,12,-0.15624623253402722,-1.034697273225336,0.9946425557136536
34,1,13,0.3506859885763722,-0.541653606117961,0.5387150645256042
34,1,14,-0.2673546645582244,-0.715260531155769,0.4993792772293091
34,1,15,0.46873869760208164,-0.11110843202419714,0.5370247960090637
34,1,16,-0.20485617154461347,-0.5555421601209857,0.4384629130363464
34,1,17,0.5312371906156925,-0.006944277001512321,0.5378608107566833
34,1,18,-0.12846912452797793,-0.4027680660877146,0.4229926764965057
34,1,19,0.5242929136141802,-0.006944277001512321,0.5398664474487305
34,1,20,-0.1493019555325149,-0.4374894510952762,0.4218307435512543
34,1,21,0.5034600826096433,-0.034721385007561605,0.539073646068573
34,1,22,-0.1145805705249533,-0.5277650521149364,0.4145796298980713
34,1,23,0.10069201652192865,0.02083283100453696,0.9945455193519592
34,1,24,-0.10069201652192865,-0.02083283100453696,0.9925399422645568
34,1,25,0.017360692503780802,0.6249849301361089,0.6827054619789124
34,1,26,0.2187447255476381,0.44443372809678855,0.6790071725845337
34,1,27,0.12846912452797793,1.1180285972434836,0.7302492260932922
34,1,28,0.10069201652192865,1.3471897382933902,0.6909981369972229
34,1,29,0.1145805705249533,1.2152484752646562,0.7466058135032654
34,1,30,0.07985918551739168,1.5277409403327107,0.6749496459960938
34,1,31,-0.03819352350831776,1.2291370292676809,0.7702465057373047
34,1,32,-0.14235767853100256,1.840233405400765,0.7079295516014099
34,2,0,-0.23850254750733552,-1.2626605456270703,0.9889549612998962
34,2,1,-0.20342864346213912,-1.3398231345265024,0.9847422242164612
34,2,2,-0.18939908184406054,-1.3398231345265024,0.9874511361122132
34,2,3,-0.17536952022598198,-1.3468379153355416,0.9864195585250854
34,2,4,-0.22447298588925696,-1.3398231345265024,0.9852674007415771
34,2,5,-0.23148776669829624,-1.3468379153355416,0.986233413219452
34,2,6,-0.23148776669829624,-1.3468379153355416,0.985329568386078
34,2,7,-0.1052217121355892,-1.3257935729084238,0.9794549942016602
34,2,8,-0.20342864346213912,-1.3187787920993845,0.979689359664917
34,2,9,-0.19641386265309985,-1.2135570799637954,0.9680258631706238
34,2,10,-0.23148776669829624,-1.2135570799637954,0.970651924610138
34,2,11,0.09820693132654992,-1.0101284365016563,0.995278298854828
34,2,12,-0.15432517779886415,-0.9890840940745385,0.993334174156189
34,2,13,0.4629755333965925,-0.7084928617129672,0.584619402885437
34,2,14,-0.09119215051751063,-0.5681972455321816,0.451849102973938
34,2,15,0.021044342427117838,-0.21745820508021768,0.5826280117034912
34,2,16,-0.1402956161807856,-0.35775382126100325,0.3992465138435364
34,2,17,-0.0350739040451964,-0.09119215051751063,0.5821626782417297
34,2,18,-0.11223649294462848,-0.19641386265309985,0.3875068426132202
34,2,19,-0.11925127375366776,-0.0701478080903928,0.583825945854187
34,2,20,-0.11925127375366776,-0.19641386265309985,0.3864299952983856
34,2,21,-0.1052217121355892,-0.11925127375366776,0.5821942687034607
34,2,22,-0.1052217121355892,-0.23148776669829624,0.3801925480365753
34,2,23,0.08417736970847135,0.00701478080903928,0.9946888089179992
34,2,24,-0.08417736970847135,-0.00701478080903928,0.9914671182632446
34,2,25,0.01402956161807856,0.7996850122304779,0.7079026103019714
34,2,26,-0.05611824647231424,0.7084928617129672,0.653768002986908
34,2,27,0.2104434242711784,1.5923552436519166,0.7482134699821472
34,2,28,0.17536952022598198,1.4029561618078559,0.6670032739639282
34,2,29,0.2805912323615712,1.6975769557875058,0.7608100175857544
34,2,30,0.2525321091254141,1.6133995860790344,0.6592865586280823
34,2,31,-0.1052217121355892,1.879961256822527,0.7828726768493652
34,2,32,-0.06313302728135352,1.8378725719682913,0.6892985105514526
35,1,0,0.13332594705887216,-1.2665964970592856,0.98732590675354
35,1,1,0.091223016408702,-1.3437852032512643,0.981866180896759
35,1,2,0.091223016408702,-1.350802358359626,0.9854318499565125
35,1,3,0.091223016408702,-1.350802358359626,0.9835659265518188
35,1,4,0.06315439597525524,-1.3437852032512643,0.9830190539360046
35,1,5,0.04210293065017016,-1.350802358359626,0.9846729636192322
35,1,6,0.02105146532508508,-1.350802358359626,0.9833834171295166
35,1,7,0.04210293065017016,-1.3297508930345407,0.9768162369728088
35,1,8,-0.07017155108361693,-1.3157165828178174,0.9783272743225098
35,1,9,0.11929163684214879,-1.2174764113007537,0.9637842178344728
35,1,10,0.07718870619197862,-1.2174764113007537,0.966732919216156
35,1,11,0.16841172260068063,-1.006961758049903,0.9949196577072144
35,1,12,-0.14736025727559557,-0.9929274478331795,0.9938732385635376
35,1,13,0.37892637585153144,-0.684172623065265,0.5473641157150269
35,1,14,-0.34384060030972297,-0.6982069332819885,0.5026968717575073
35,1,15,0.5333037882354886,-0.23507469613011672,0.5431182384490967
35,1,16,-0.2034974981424891,-0.3684006431889889,0.4471190869808197
35,1,17,0.5964581842107439,-0.12981736950469133,0.543409526348114
35,1,18,-0.13332594705887216,-0.28419478188864855,0.4303515553474426
35,1,19,0.47014939226023345,-0.10876590417960624,0.5464465618133545
35,1,20,-0.1122744817337871,-0.29822909210537196,0.429309606552124
35,1,21,0.4420807718267867,-0.1578859899381381,0.5470082759857178
35,1,22,-0.12630879195051048,-0.33331486764718044,0.422794371843338
35,1,23,0.10525732662542539,0.01052573266254254,0.9932110905647278
35,1,24,-0.10525732662542539,-0.01052573266254254,0.9914789795875548
35,1,25,0.091223016408702,0.4034864187307974,0.708914041519165
35,1,26,-0.0070171551083616935,0.38945210851407397,0.6859831213951111
35,1,27,0.10525732662542539,1.1823906357589453,0.7388109564781189
35,1,28,0.06315439597525524,1.3367680481429025,0.6925486922264099
35,1,29,0.12630879195051048,1.3578195134679876,0.753922700881958
35,1,30,0.04912008575853185,1.5051797707435832,0.6810747981071472
35,1,31,-0.028068620433446774,1.6946429586693488,0.7791635990142822
35,1,32,-0.16841172260068063,1.7999002852947743,0.7112927436828613
35,2,0,-0.21783534358425127,-1.2620619112420908,0.9882307648658752
35,2,1,-0.17634289718725105,-1.3312159885704244,0.9832813739776612
35,2,2,-0.1625120817215843,-1.3312159885704244,0.9865728616714478
35,2,3,-0.14176585852308415,-1.338131396303258,0.9849563241004944
35,2,4,-0.2109199358514179,-1.3312159885704244,0.9840832948684692
35,2,5,-0.21783534358425127,-1.338131396303258,0.9853805303573608
35,2,6,-0.22475075131708466,-1.338131396303258,0.9840238690376282
35,2,7,-0.08644259666041718,-1.3104697653719244,0.9789289832115172
35,2,8,-0.2109199358514179,-1.303554357639091,0.9781293869018556
35,2,9,-0.1832583049200844,-1.2067386493794239,0.9671040177345276
35,2,10,-0.23166615904991802,-1.2067386493794239,0.9690260887145996
35,2,11,0.09335800439325055,-1.0200226405929227,0.9954236149787904
35,2,12,-0.16942748945441766,-0.9785301941959225,0.9925715327262878
35,2,13,0.45987461423341935,-0.7088292926154208,0.5924484133720398
35,2,14,-0.10027341212608393,-0.5774365456915868,0.4562843739986419
35,2,15,0.003457703866416687,-0.24549697451558478,0.5884110331535339
35,2,16,-0.16942748945441766,-0.2662431977140849,0.4115751981735229
35,2,17,-0.05878096572908368,-0.12101963532458404,0.587921142578125
35,2,18,-0.1625120817215843,-0.14868126625591754,0.4002822935581207
35,2,19,-0.1625120817215843,-0.1348504507902508,0.5905850529670715
35,2,20,-0.2109199358514179,-0.1625120817215843,0.3992211520671844
35,2,21,-0.14868126625591754,-0.1832583049200844,0.5905345678329468
35,2,22,-0.20400452811858452,-0.20400452811858452,0.3937301635742187
35,2,23,0.0795271889275838,-0.003457703866416687,0.9936363697052002
35,2,24,-0.0795271889275838,0.003457703866416687,0.9910511374473572
35,2,25,-0.003457703866416687,0.694998477149754,0.732187807559967
35,2,26,-0.051865557996250304,0.750321739012421,0.6742662787437439
35,2,27,0.1832583049200844,1.5594244437539257,0.7558992505073547
35,2,28,0.1555966739887509,1.3865392504330916,0.6769703030586243
35,2,29,0.2662431977140849,1.69081719067776,0.7677627801895142
35,2,30,0.23858156678275141,1.5870860746852593,0.6730732917785645
35,2,31,-0.1348504507902508,1.877533199464261,0.7902345657348633
35,2,32,-0.08644259666041718,1.7945483066702606,0.6958264112472534
36,1,0,0.014249409997581928,-1.286009252281769,0.9845224022865297
36,1,1,-0.021374114996372894,-1.3572563022696786,0.9746230840682985
36,1,2,-0.014249409997581928,-1.3572563022696786,0.9768953919410706
36,1,3,0.0,-1.3572563022696786,0.9741764068603516
36,1,4,-0.05699763999032771,-1.3572563022696786,0.9784191846847534
36,1,5,-0.0783717549867006,-1.3572563022696786,0.9798629283905028
36,1,6,-0.0997458699830735,-1.3572563022696786,0.9789103269577026
36,1,7,-0.028498819995163856,-1.3358821872733058,0.9608408212661744
36,1,8,-0.16386821497219217,-1.321632777275724,0.9731257557868958
36,1,9,0.03562352499395482,-1.2218869072926504,0.9566932320594788
36,1,10,-0.014249409997581928,-1.2218869072926504,0.9650691747665404
36,1,11,0.04987293499153675,-1.0081457573289214,0.9934349060058594
36,1,12,-0.19236703496735602,-0.9867716423325485,0.9931243062019348
36,1,13,0.3491105449407572,-0.694658737382119,0.5528272390365601
36,1,14,-0.4488564149238307,-0.6020375723978365,0.5086072087287903
36,1,15,0.26361408495526567,-0.35267289744015273,0.5460942387580872
36,1,16,-0.24223996995889277,-0.3312987824437798,0.4615972638130188
36,1,17,0.42748229992745784,-0.25292702745707923,0.5456856489181519
36,1,18,-0.16386821497219217,-0.23155291246070633,0.444964051246643
36,1,19,0.4417317099250398,-0.2600517324558702,0.54917311668396
36,1,20,-0.12111998497944639,-0.2814258474522431,0.4435491859912872
36,1,21,0.42035759492866687,-0.28855055245103406,0.5508920550346375
36,1,22,-0.14961880497461025,-0.3170493724461979,0.4370436370372772
36,1,23,0.09262116498428254,-0.024936467495768375,0.9924307465553284
36,1,24,-0.09262116498428254,0.024936467495768375,0.9909433126449584
36,1,25,0.12824468997823735,0.7160328523784919,0.7001290321350098
36,1,26,-0.05699763999032771,0.7872799023664016,0.6946472525596619
36,1,27,0.0,1.5353739272394527,0.7303337454795837
36,1,28,-0.07124704998790964,1.485500992247916,0.69544517993927
36,1,29,-0.0997458699830735,1.6137456822261533,0.7491785883903503
36,1,30,-0.14249409997581927,1.6208703872249444,0.6844148635864258
36,1,31,0.028498819995163856,1.8346115371886733,0.7687095999717712
36,1,32,-0.11399527998065542,1.863110357183837,0.7062584757804871
36,2,0,-0.2244837655226492,-1.261384968174886,0.9855627417564392
36,2,1,-0.18885142178889536,-1.3397761243891444,0.976503312587738
36,2,2,-0.16747201554864305,-1.346902593135895,0.9786641597747804
36,2,3,-0.1532190780551415,-1.346902593135895,0.976357102394104
36,2,4,-0.21735729677589843,-1.3397761243891444,0.9795605540275574
36,2,5,-0.2244837655226492,-1.346902593135895,0.9805833697319032
36,2,6,-0.23161023426939997,-1.346902593135895,0.9795566201210022
36,2,7,-0.10333379682788614,-1.325523186895643,0.9643930792808532
36,2,8,-0.21735729677589843,-1.318396718148892,0.972531259059906
36,2,9,-0.18885142178889536,-1.2114996869476307,0.9606518745422364
36,2,10,-0.23161023426939997,-1.2114996869476307,0.9672760367393494
36,2,11,0.06057498434738153,-1.0190850307853598,0.9940876960754396
36,2,12,-0.19597789053564613,-0.9763262183048552,0.992457926273346
36,2,13,0.42402489043167074,-0.6841409996880737,0.5974192023277283
36,2,14,-0.2672425780031538,-0.5273586872595568,0.4641130566596985
36,2,15,-0.02494264061362769,-0.34919696859078764,0.5911837816238403
36,2,16,-0.19597789053564613,-0.2636793436297784,0.4307157397270202
36,2,17,-0.09620732808113537,-0.19241465616227074,0.590151846408844
36,2,18,-0.2031043592823969,-0.12114996869476306,0.4197608232498169
36,2,19,-0.17459848429539382,-0.22092053114927382,0.5932195782661438
36,2,20,-0.23161023426939997,-0.1567823124285169,0.418253093957901
36,2,21,-0.1532190780551415,-0.2708058123765292,0.5942280888557434
36,2,22,-0.23161023426939997,-0.23517346864277536,0.4124399423599243
36,2,23,0.10333379682788614,-0.021379406240252304,0.9928638935089112
36,2,24,-0.10333379682788614,0.021379406240252304,0.9904465079307556
36,2,25,-0.010689703120126152,0.8409233121165907,0.7239294052124023
36,2,26,-0.16747201554864305,0.7910380308893353,0.6864982843399048
36,2,27,0.08195439058763383,1.66759368673968,0.7494154572486877
36,2,28,0.02494264061362769,1.4894319680709105,0.6838885545730591
36,2,29,0.23873670301615074,1.7744907179409413,0.7618151903152466
36,2,30,0.18885142178889536,1.6462142804994275,0.6742947697639465
36,2,31,-0.0890808593343846,1.9740318428499628,0.7817690372467041
36,2,32,-0.07482792184088306,1.8742612803954521,0.69488525390625
37,1,0,0.0296658693556389,-1.3460888220121152,0.9858907461166382
37,1,1,-0.04449880403345836,-1.405420560723393,0.9768900871276855
37,1,2,-0.05191527137236808,-1.405420560723393,0.9787261486053468
37,1,3,-0.0593317387112778,-1.405420560723393,0.9765809178352356
37,1,4,-0.0593317387112778,-1.405420560723393,0.9803103804588318
37,1,5,-0.07416467338909725,-1.405420560723393,0.9812899231910706
37,1,6,-0.09641407540582643,-1.405420560723393,0.9804359674453736
37,1,7,-0.08158114072800698,-1.3683382240288444,0.963664174079895
37,1,8,-0.22249402016729178,-1.3609217566899348,0.9740046262741088
37,1,9,0.01483293467781945,-1.271924148623018,0.959972321987152
37,1,10,-0.007416467338909725,-1.271924148623018,0.9683207273483276
37,1,11,0.0593317387112778,-1.0049313244222677,0.993129312992096
37,1,12,-0.2002446181505626,-0.9900983897444484,0.9930654764175416
37,1,13,0.1186634774225556,-0.5451103494098648,0.5572543144226074
37,1,14,-0.4079057036400349,-0.5376938820709551,0.516960859298706
37,1,15,0.2818257588785696,-0.31519986190366334,0.5544799566268921
37,1,16,0.0,-0.2484516558534758,0.4855096340179443
37,1,17,0.36340689960657657,-0.20395285182001746,0.5528303980827332
37,1,18,0.17799521613383343,-0.2484516558534758,0.4735602736473083
37,1,19,0.4004892363011252,-0.26328459053129527,0.5572191476821899
37,1,20,0.2002446181505626,-0.33744926392039254,0.4719143509864807
37,1,21,0.3485739649287571,-0.2929504598869342,0.5598675012588501
37,1,22,0.1409128794392848,-0.35228219859821197,0.4651970863342285
37,1,23,0.09641407540582643,-0.01112470100836459,0.9920119047164916
37,1,24,-0.09641407540582643,0.01112470100836459,0.9904919862747192
37,1,25,0.0,0.8714349123218927,0.6780894994735718
37,1,26,-0.1186634774225556,0.8269361082884344,0.6958751678466797
37,1,27,-0.1409128794392848,1.5834157768572263,0.7014045119285583
37,1,28,-0.15574581411710425,1.5834157768572263,0.6888970136642456
37,1,29,-0.25215988952293067,1.6946627869408724,0.724898636341095
37,1,30,-0.2595763568618404,1.7094957216186917,0.6751180291175842
37,1,31,-0.09641407540582643,1.783660395007789,0.7395761013031006
37,1,32,-0.0593317387112778,1.813326264363428,0.6954348683357239
37,2,0,-0.2477531379695499,-1.3116342598387936,0.9869371652603148
37,2,1,-0.21131885297402786,-1.3990765438280466,0.9787883162498474
37,2,2,-0.20403199597492344,-1.3990765438280466,0.980457842350006
37,2,3,-0.18945828197671463,-1.3990765438280466,0.9786270260810852
37,2,4,-0.2331794239713411,-1.3990765438280466,0.981676697731018
37,2,5,-0.2331794239713411,-1.3990765438280466,0.9823349714279176
37,2,6,-0.2331794239713411,-1.3990765438280466,0.9815539717674256
37,2,7,-0.12387656898477495,-1.3772159728307332,0.9670302271842957
37,2,8,-0.21131885297402786,-1.3626422588325244,0.9750643372535706
37,2,9,-0.21860570997313225,-1.246052546846854,0.9637038707733154
37,2,10,-0.24046628097044548,-1.2533394038459582,0.9707129001617432
37,2,11,0.06558171299193968,-1.0201599798746173,0.993809938430786
37,2,12,-0.1821714249776102,-0.9764388378799908,0.9928258657455444
37,2,13,0.3060479939623852,-0.5756617029292483,0.60139000415802
37,2,14,-0.17488456797850582,-0.4955062759390998,0.4733767211437225
37,2,15,-0.043721141994626456,-0.32062170796059397,0.5987349152565002
37,2,16,-0.19674513897581902,-0.2331794239713411,0.4568214118480682
37,2,17,-0.12387656898477495,-0.1675977109794014,0.5967047810554504
37,2,18,-0.24046628097044548,-0.11658971198567054,0.4495951235294342
37,2,19,-0.19674513897581902,-0.21860570997313225,0.6005752086639404
37,2,20,-0.29876113696328077,-0.16031085398029699,0.4480383992195129
37,2,21,-0.1821714249776102,-0.26232685196775873,0.6024568676948547
37,2,22,-0.26232685196775873,-0.18945828197671463,0.4423334300518036
37,2,23,0.09472914098835732,-0.014573713998208818,0.992473602294922
37,2,24,-0.09472914098835732,0.014573713998208818,0.990486204624176
37,2,25,-0.007286856999104409,0.9327176958853644,0.7053307890892029
37,2,26,-0.12387656898477495,0.8598491258943203,0.6716446280479431
37,2,27,0.11658971198567054,1.6905508237922229,0.7227415442466736
37,2,28,0.07286856999104409,1.5885348258047611,0.6730680465698242
37,2,29,0.26232685196775873,1.8290011067752066,0.7422730922698975
37,2,30,0.20403199597492344,1.7269851087877448,0.6638569831848145
37,2,31,-0.05829485599283527,1.9237302477635638,0.754118025302887
37,2,32,-0.06558171299193968,1.872722248769833,0.6810629367828369
38,1,0,-0.03453272759386578,-1.358287285358721,0.9869998693466188
38,1,1,-0.08057636438568683,-1.435026680011756,0.9788663983345032
38,1,2,-0.09592424331629384,-1.435026680011756,0.9803580045700072
38,1,3,-0.11127212224690086,-1.435026680011756,0.9787418842315674
38,1,4,-0.09592424331629384,-1.435026680011756,0.9817382097244264
38,1,5,-0.11127212224690086,-1.435026680011756,0.982281506061554
38,1,6,-0.1342939406428114,-1.435026680011756,0.9816938042640686
38,1,7,-0.0498806065244728,-1.4120048616158454,0.9664852619171144
38,1,8,-0.1419678801081149,-1.3889830432199348,0.9755086898803712
38,1,9,-0.03453272759386578,-1.2892218301709892,0.9633122682571412
38,1,10,-0.05755454598977631,-1.2968957696362928,0.9708778858184814
38,1,11,0.003836969732651754,-1.012960009420063,0.9937734603881836
38,1,12,-0.1419678801081149,-0.982264251558849,0.9933590888977052
38,1,13,0.08825030385099034,-0.5218278836406386,0.5734137892723083
38,1,14,-0.15731575903872191,-0.452762428452907,0.5249035954475403
38,1,15,0.26475091155297104,-0.3836969732651754,0.5704317092895508
38,1,16,0.2417290931570605,-0.4757842468488175,0.5074009299278259
38,1,17,0.37218606406722016,-0.3069575786121403,0.5675898194313049
38,1,18,0.39520788246313066,-0.468110307383514,0.497878760099411
38,1,19,0.3875339429978272,-0.32997939700805085,0.5730758309364319
38,1,20,0.39520788246313066,-0.5601975809671561,0.4963811933994293
38,1,21,0.3491642456713096,-0.3990448521957824,0.5760601162910461
38,1,22,0.3414903062060061,-0.5678715204324596,0.4897494912147522
38,1,23,0.06522848545507982,-0.007673939465303508,0.9924158453941344
38,1,24,-0.06522848545507982,0.007673939465303508,0.9905878901481628
38,1,25,0.0498806065244728,0.7980897043915648,0.6700685024261475
38,1,26,-0.08057636438568683,0.9438945542323315,0.6794089078903198
38,1,27,-0.16498969850402542,1.4580484984076665,0.6885303854942322
38,1,28,-0.21870727476114998,1.6192012271790401,0.675866425037384
38,1,29,-0.28777272994888153,1.634549106109647,0.7135604023933411
38,1,30,-0.3414903062060061,1.7343103191585927,0.6651186347007751
38,1,31,0.003836969732651754,1.6729188034361646,0.7273780703544617
38,1,32,0.03453272759386578,1.7803539559504138,0.683720052242279
38,2,0,-0.1957599666155762,-1.3186095864483152,0.9878848791122437
38,2,1,-0.18098562951251385,-1.3998684405151582,0.9805052876472472
38,2,2,-0.17359846096098266,-1.3998684405151582,0.981855034828186
38,2,3,-0.16621129240945148,-1.3998684405151582,0.980500340461731
38,2,4,-0.1957599666155762,-1.3998684405151582,0.9829089641571044
38,2,5,-0.2031471351671074,-1.4072556090666892,0.9831716418266296
38,2,6,-0.21053430371863857,-1.4072556090666892,0.9826797842979432
38,2,7,-0.11450111254873326,-1.3777069348605646,0.9694815278053284
38,2,8,-0.2031471351671074,-1.3850941034120958,0.9762171506881714
38,2,9,-0.16621129240945148,-1.2595122380360657,0.9666216969490052
38,2,10,-0.1957599666155762,-1.2595122380360657,0.9729323983192444
38,2,11,0.011080752827296767,-1.0231228443870681,0.9943847060203552
38,2,12,-0.15882412385792033,-0.9714126645263499,0.993345022201538
38,2,13,0.17359846096098266,-0.4912467086768233,0.6158034801483154
38,2,14,-0.17359846096098266,-0.4321493602645739,0.4857177436351776
38,2,15,-0.14404978675485797,-0.40998785460998033,0.612835705280304
38,2,16,-0.18837279806404503,-0.26963165213088797,0.4818926751613617
38,2,17,-0.2622444835793568,-0.33611616909466857,0.6095536351203918
38,2,18,-0.2770188206824192,-0.2031471351671074,0.4752189517021179
38,2,19,-0.2991803263370127,-0.33611616909466857,0.6144001483917236
38,2,20,-0.2326958093732321,-0.1957599666155762,0.4739023447036743
38,2,21,-0.26963165213088797,-0.3878263489553868,0.6161713600158691
38,2,22,-0.21053430371863857,-0.21792147227016972,0.467678427696228
38,2,23,0.07756526979107736,-0.018467921378827943,0.9928328394889832
38,2,24,-0.07756526979107736,0.018467921378827943,0.9907454252243042
38,2,25,0.003693584275765589,0.8310564620472575,0.7004784941673279
38,2,26,-0.14404978675485797,0.8606051362533822,0.6804297566413879
38,2,27,0.2253086408217009,1.5919348228549688,0.7162842750549316
38,2,28,0.15882412385792033,1.554998980097313,0.685356855392456
38,2,29,0.33611616909466857,1.7396781938855923,0.7347549200057983
38,2,30,0.2622444835793568,1.7027423511279365,0.6753310561180115
38,2,31,-0.07756526979107736,1.7913883737463105,0.750667929649353
38,2,32,-0.05540376413648383,1.687968014024874,0.694180965423584
39,1,0,0.05086747863582712,-1.3851605720832925,0.9876857399940492
39,1,1,0.0039128829719867015,-1.4477666996350798,0.979902982711792
39,1,2,-0.0039128829719867015,-1.4477666996350798,0.9811002612113952
39,1,3,-0.011738648915960105,-1.4477666996350798,0.9802504777908324
39,1,4,-0.011738648915960105,-1.4477666996350798,0.9826536178588868
39,1,5,-0.027390180803906913,-1.4477666996350798,0.9828376173973083
39,1,6,-0.04304171269185372,-1.4477666996350798,0.9826215505599976
39,1,7,-0.01956441485993351,-1.4086378699152127,0.9676449298858644
39,1,8,-0.12129937213158776,-1.4086378699152127,0.9764235019683838
39,1,9,0.03521594674788032,-1.3069029126435585,0.9651334881782532
39,1,10,0.01956441485993351,-1.3147286785875318,0.9726787805557252
39,1,11,-0.0039128829719867015,-1.0016980408285956,0.9943217635154724
39,1,12,-0.12912513807556117,-0.9938722748846223,0.99389386177063
39,1,13,0.06651901052377393,-0.4617201906944308,0.5750983953475952
39,1,14,-0.17607973373940158,-0.40693982908661697,0.5360830426216125
39,1,15,0.29346622289900265,-0.4147655950305904,0.572288990020752
39,1,16,0.2308600953472154,-0.4695459566384042,0.5303851962089539
39,1,17,0.4108527120586037,-0.3756367653107234,0.5701479315757751
39,1,18,0.3873754142266835,-0.4695459566384042,0.5220270156860352
39,1,19,0.4421557758344973,-0.3991140631426436,0.575808584690094
39,1,20,0.39520118017065686,-0.5556293820221117,0.520629346370697
39,1,21,0.3795496482827101,-0.4147655950305904,0.5784644484519958
39,1,22,0.34824658450681645,-0.5556293820221117,0.5129721760749817
39,1,23,0.05086747863582712,-0.007825765943973403,0.9923524260520936
39,1,24,-0.05086747863582712,0.007825765943973403,0.9905287623405457
39,1,25,0.10564784024364095,0.8451827219491276,0.6498143672943115
39,1,26,-0.05086747863582712,0.8764857857250212,0.6874847412109375
39,1,27,-0.15260243590748138,1.4868955293549466,0.6667258143424988
39,1,28,-0.2073827975152952,1.6590623801223616,0.6844576001167297
39,1,29,-0.29346622289900265,1.6434108482344147,0.6898069381713867
39,1,30,-0.3325950526188697,1.7764488692819627,0.6712039709091187
39,1,31,0.01956441485993351,1.6825396779542818,0.7080125212669373
39,1,32,0.07434477646774733,1.768623103337989,0.6936452984809875
39,2,0,-0.1850760504189007,-1.3547566890663532,0.9887850284576416
39,2,1,-0.15546388235187658,-1.4213840672171574,0.9817583560943604
39,2,2,-0.14806084033512057,-1.4213840672171574,0.9828365445137024
39,2,3,-0.13325475630160852,-1.4213840672171574,0.982102632522583
39,2,4,-0.17767300840214467,-1.4213840672171574,0.9841839671134948
39,2,5,-0.1850760504189007,-1.4213840672171574,0.984287679195404
39,2,6,-0.19247909243565672,-1.4213840672171574,0.9841070771217346
39,2,7,-0.11844867226809645,-1.3917718991501333,0.9707388877868652
39,2,8,-0.19988213445241276,-1.3991749411668892,0.9782392978668212
39,2,9,-0.14806084033512057,-1.2807262688987928,0.96848464012146
39,2,10,-0.17767300840214467,-1.288129310915549,0.9751057624816896
39,2,11,-0.014806084033512057,-1.0216197983123319,0.9948808550834656
39,2,12,-0.17026996638538866,-0.9697985041950397,0.9940492510795592
39,2,13,0.19247909243565672,-0.4886007731058979,0.6174356937408447
39,2,14,-0.11104563025134043,-0.40716731092158154,0.498880922794342
39,2,15,-0.17767300840214467,-0.4515855630221177,0.6147909760475159
39,2,16,-0.11104563025134043,-0.22949430251943687,0.5098735690116882
39,2,17,-0.29612168067024114,-0.3701521008378014,0.6124447584152222
39,2,18,-0.2368973445361929,-0.1850760504189007,0.5029969811439514
39,2,19,-0.33313689075402125,-0.38495818487131345,0.6174831390380859
39,2,20,-0.24430038655294894,-0.17026996638538866,0.5018013715744019
39,2,21,-0.30352472268699715,-0.4145703529383376,0.6193771958351135
39,2,22,-0.21468821848592481,-0.19247909243565672,0.4941593110561371
39,2,23,0.04441825210053617,-0.022209126050268084,0.992764413356781
39,2,24,-0.04441825210053617,0.022209126050268084,0.990643322467804
39,2,25,0.0,0.8365437478934312,0.6825083494186401
39,2,26,-0.07403042016756028,0.8217376638599191,0.6800798177719116
39,2,27,0.1850760504189007,1.58425099158579,0.696230947971344
39,2,28,0.17026996638538866,1.5398327394852538,0.6906687617301941
39,2,29,0.2887186386534851,1.7249087899041546,0.7151622176170349
39,2,30,0.26650951260321704,1.6952966218371304,0.6791655421257019
39,2,31,-0.07403042016756028,1.7471179159544226,0.7326483726501465
39,2,32,-0.029612168067024113,1.6508783697365943,0.7022373676300049
40,1,0,0.05290746855129379,-1.3793732872301594,0.9886014461517334
40,1,1,0.015116419586083939,-1.4398389655744952,0.981776475906372
40,1,2,0.015116419586083939,-1.4322807557814532,0.9827464818954468
40,1,3,0.015116419586083939,-1.4322807557814532,0.982449233531952
40,1,4,0.0,-1.4322807557814532,0.983885943889618
40,1,5,-0.015116419586083939,-1.4322807557814532,0.9837723970413208
40,1,6,-0.030232839172167878,-1.4322807557814532,0.9836978912353516
40,1,7,-0.015116419586083939,-1.3944897068162434,0.9708409905433656
40,1,8,-0.08314030772346166,-1.3944897068162434,0.97722065448761
40,1,9,0.05290746855129379,-1.3037911892997398,0.9680184721946716
40,1,10,0.030232839172167878,-1.2962329795066978,0.9738048315048218
40,1,11,-0.04534925875825182,-1.009021007371103,0.9948137402534484
40,1,12,-0.09069851751650364,-0.986346377991977,0.994369387626648
40,1,13,0.06802388813737772,-0.46482990227208115,0.5760192275047302
40,1,14,-0.02267462937912591,-0.3968060141347034,0.5475969910621643
40,1,15,0.2796537623425529,-0.3968060141347034,0.5728834867477417
40,1,16,0.35523586027297255,-0.7218090352355081,0.5547782182693481
40,1,17,0.38546869944514045,-0.31366570641124175,0.5708038210868835
40,1,18,0.4459343777894762,-0.7973911331659278,0.5455654859542847
40,1,19,0.40814332882426635,-0.3287821259973257,0.5764694213867188
40,1,20,0.43081795820339225,-0.8502986017172216,0.5442338585853577
40,1,21,0.3703522798590565,-0.35901496516949355,0.5788931846618652
40,1,22,0.4005851190312244,-0.8276239723380957,0.5352634191513062
40,1,23,0.03779104896520985,-0.011337314689562955,0.992803394794464
40,1,24,-0.03779104896520985,0.011337314689562955,0.9905994534492492
40,1,25,0.10581493710258758,0.736925454821592,0.6438960433006287
40,1,26,-0.0075582097930419695,0.7596000842007179,0.6850916743278503
40,1,27,-0.11337314689562955,1.3718150774371174,0.6592894196510315
40,1,28,-0.13604777627475545,1.477630014539705,0.6894218921661377
40,1,29,-0.249420923170385,1.5305374830909988,0.6813778877258301
40,1,30,-0.26453734275646895,1.5910031614353346,0.6779184341430664
40,1,31,0.060465678344335756,1.5683285320562088,0.7060737013816833
40,1,32,0.11337314689562955,1.6212360006075024,0.7050068974494934
40,2,0,-0.26084199416327847,-1.4010941400770387,0.9897224307060242
40,2,1,-0.26084199416327847,-1.4532625389096943,0.9835790991783142
40,2,2,-0.25338936575861337,-1.4532625389096943,0.9844490885734558
40,2,3,-0.24593673735394828,-1.4532625389096943,0.984186053276062
40,2,4,-0.28319987937727376,-1.4532625389096943,0.9854753017425536
40,2,5,-0.28319987937727376,-1.4532625389096943,0.9853699207305908
40,2,6,-0.28319987937727376,-1.4532625389096943,0.985309362411499
40,2,7,-0.16395782490263217,-1.4159993968863689,0.9737297296524048
40,2,8,-0.21612622373528786,-1.4159993968863689,0.9794633984565736
40,2,9,-0.23103148054461806,-1.3116625992210573,0.9711706638336182
40,2,10,-0.26084199416327847,-1.3116625992210573,0.9763540029525756
40,2,11,-0.022357885213995298,-1.0210100914391185,0.9953020811080932
40,2,12,-0.17886308171196239,-0.9688416926064629,0.994802474975586
40,2,13,-0.09688416926064629,-0.4695155894939012,0.6177911758422852
40,2,14,-0.07452628404665099,-0.39498930544725025,0.5099192261695862
40,2,15,-0.40244193385191535,-0.5663997587545475,0.6138901710510254
40,2,16,-0.08197891245131608,-0.32046302140059924,0.5331550240516663
40,2,17,-0.49932610311256165,-0.5887576439685428,0.6101096868515015
40,2,18,-0.26829462256794356,-0.28319987937727376,0.526681661605835
40,2,19,-0.49187347470789655,-0.6483786712058636,0.6149745583534241
40,2,20,-0.27574725097260866,-0.29810513618660395,0.525692880153656
40,2,21,-0.454610332684571,-0.6409260428011985,0.6159529089927673
40,2,22,-0.21612622373528786,-0.32046302140059924,0.5175641179084778
40,2,23,0.06707365564198589,-0.022357885213995298,0.9932662844657898
40,2,24,-0.06707365564198589,0.022357885213995298,0.991207242012024
40,2,25,-0.044715770427990596,0.8421470097271562,0.6770875453948975
40,2,26,-0.17886308171196239,0.752715468871175,0.6803280711174011
40,2,27,0.1714104533072973,1.587409850193666,0.6896464824676514
40,2,28,0.10433679766531138,1.4532625389096943,0.6900505423545837
40,2,29,0.29065250778193885,1.729009789882303,0.7084425091743469
40,2,30,0.20867359533062277,1.5948624785983312,0.678496241569519
40,2,31,-0.14159993968863688,1.6991992762636425,0.7317914962768555
40,2,32,-0.14159993968863688,1.6395782490263218,0.7115108370780945
41,1,0,0.0974033674820205,-1.3920564602638763,0.9903685450553894
41,1,1,0.056818631031178624,-1.4569920385852233,0.9847791194915771
41,1,2,0.056818631031178624,-1.4569920385852233,0.985558807849884
41,1,3,0.056818631031178624,-1.4569920385852233,0.98544180393219
41,1,4,0.040584736450841874,-1.4569920385852233,0.9864426851272584
41,1,5,0.0324677891606735,-1.4488750912950548,0.9863220453262328
41,1,6,0.01623389458033675,-1.4488750912950548,0.986315369606018
41,1,7,0.040584736450841874,-1.4164073021343813,0.9757639169692992
41,1,8,0.008116947290168375,-1.4164073021343813,0.9808517694473268
41,1,9,0.08928642019185212,-1.3027700400720241,0.9730872511863708
41,1,10,0.07305252561151537,-1.3027700400720241,0.9775995016098022
41,1,11,0.024350841870505124,-0.9862090957554575,0.9956367015838624
41,1,12,-0.13798810393286237,-1.0105599376259626,0.9952471256256104
41,1,13,0.14610505122303075,-0.4099058381535029,0.5736231207847595
41,1,14,0.14610505122303075,-0.4829583637650183,0.5579528212547302
41,1,15,0.324677891606735,-0.3125024706714824,0.5843526124954224
41,1,16,0.34091178618707174,-0.9131565701439421,0.5788010358810425
41,1,17,0.3490287334772401,-0.2556838396403038,0.5810921788215637
41,1,18,0.4139643117985871,-1.018676884916131,0.5721204280853271
41,1,19,0.4139643117985871,-0.23133299776979868,0.586772620677948
41,1,20,0.37337957534774524,-1.0673785686571413,0.5711009502410889
41,1,21,0.3165609443165666,-0.3125024706714824,0.5877661108970642
41,1,22,0.34091178618707174,-1.0430277267866361,0.5626040697097778
41,1,23,0.064935578321347,0.004058473645084187,0.9937036037445068
41,1,24,-0.064935578321347,-0.004058473645084187,0.9917361736297609
41,1,25,0.2516253659952196,0.82387014995209,0.6367431282997131
41,1,26,0.040584736450841874,0.8401040445324267,0.6765340566635132
41,1,27,-0.17857284038370425,1.6193309843885908,0.6443687081336975
41,1,28,-0.17857284038370425,1.668032668129601,0.6751107573509216
41,1,29,-0.2922101024460615,1.7573190883214531,0.668656051158905
41,1,30,-0.3165609443165666,1.8060207720624633,0.6624616384506226
41,1,31,0.0974033674820205,1.797903824772295,0.6970043778419495
41,1,32,0.129871156642694,1.8547224558034736,0.7042922973632812
41,2,0,-0.2379585066946491,-1.3761933637173873,0.9913101196289062
41,2,1,-0.24589045691780406,-1.447580915725782,0.9862855672836304
41,2,2,-0.2379585066946491,-1.439648965502627,0.9869853854179382
41,2,3,-0.23002655647149414,-1.439648965502627,0.9868834614753724
41,2,4,-0.261754357364114,-1.447580915725782,0.987777292728424
41,2,5,-0.261754357364114,-1.447580915725782,0.987665593624115
41,2,6,-0.261754357364114,-1.447580915725782,0.9876654148101808
41,2,7,-0.15070705423994443,-1.4079211646100072,0.9781721234321594
41,2,8,-0.1824348551325643,-1.4158531148331621,0.9827305674552916
41,2,9,-0.2141626560251842,-1.2889419112626828,0.97574645280838
41,2,10,-0.2379585066946491,-1.2968738614858377,0.9797903895378112
41,2,11,-0.03172780089261988,-0.9875278027827938,0.9960319995880128
41,2,12,-0.1586390044630994,-1.0033917032291038,0.9955545663833618
41,2,13,-0.10311535290101462,-0.41642738671563595,0.6150432229042053
41,2,14,-0.1586390044630994,-0.4719510382777207,0.5138832926750183
41,2,15,-0.4521211627198333,-0.7099095449723698,0.6193032264709473
41,2,16,-0.4441892124966783,-0.7257734454186797,0.5415666103363037
41,2,17,-0.5552365156208479,-0.7892290472039195,0.6111737489700317
41,2,18,-0.5631684658440029,-0.7892290472039195,0.5373494625091553
41,2,19,-0.5155767645050731,-0.8209568480965395,0.6158562302589417
41,2,20,-0.5155767645050731,-0.8447526987660043,0.536705732345581
41,2,21,-0.4759170133892982,-0.8050929476502294,0.6141841411590576
41,2,22,-0.4759170133892982,-0.8288887983196944,0.5293087959289551
41,2,23,0.03172780089261988,0.027761825781042394,0.9939591884613036
41,2,24,-0.03172780089261988,-0.027761825781042394,0.99207866191864
41,2,25,-0.02379585066946491,0.924072200997554,0.6653682589530945
41,2,26,0.00793195022315497,0.8288887983196944,0.6497028470039368
41,2,27,0.13484315379363448,1.8045186757677558,0.6717835068702698
41,2,28,0.1586390044630994,1.6300157708583463,0.6648492217063904
41,2,29,0.261754357364114,1.9552257300077,0.6918923854827881
41,2,30,0.26968630758726897,1.7886547753214457,0.6580960750579834
41,2,31,-0.1824348551325643,1.947293779784545,0.7184371948242188
41,2,32,-0.04759170133892982,1.8124506259909108,0.7023115754127502
42,1,0,0.0904974389493673,-1.3821427039539735,0.9921312928199768
42,1,1,0.07404335914039144,-1.447959023189877,0.9876225590705872
42,1,2,0.08227039904487937,-1.447959023189877,0.9882421493530272
42,1,3,0.0904974389493673,-1.447959023189877,0.9881630539894104
42,1,4,0.04936223942692763,-1.447959023189877,0.9889583587646484
42,1,5,0.04936223942692763,-1.447959023189877,0.9888489246368408
42,1,6,0.041135199522439686,-1.447959023189877,0.9888629913330078
42,1,7,0.0904974389493673,-1.4232779034764131,0.9802992939949036
42,1,8,-0.016454079808975876,-1.4232779034764131,0.9844307899475098
42,1,9,0.10695151875834319,-1.2998723049090941,0.9781208634376526
42,1,10,0.07404335914039144,-1.308099344813582,0.9817612171173096
42,1,11,0.14808671828078288,-0.9872447885385525,0.9963361024856568
42,1,12,-0.20567599761219843,-1.0119259082520162,0.9959645867347716
42,1,13,0.20567599761219843,-0.5100764740782521,0.5972722768783569
42,1,14,0.13985967837629493,-0.5183035139827401,0.5603418946266174
42,1,15,0.263265276943614,-1.0448340678699681,0.6349312663078308
42,1,16,0.12340559856731906,-1.0777422274879198,0.5852565169334412
42,1,17,0.27971935675258985,-1.1682396664372872,0.6232461333274841
42,1,18,0.16454079808975874,-1.2011478260552388,0.5794056057929993
42,1,19,0.24681119713463812,-1.176466706341775,0.626275360584259
42,1,20,0.10695151875834319,-1.2258289457687026,0.5782924890518188
42,1,21,0.20567599761219843,-1.1517855866283113,0.6227911114692688
42,1,22,0.0904974389493673,-1.184693746246263,0.5698443055152893
42,1,23,0.12340559856731906,0.016454079808975876,0.9943999648094176
42,1,24,-0.12340559856731906,-0.016454079808975876,0.9926554560661316
42,1,25,0.09872447885385525,0.8885203096846972,0.6271988153457642
42,1,26,-0.11517855866283112,0.8802932697802093,0.6514617800712585
42,1,27,-0.1974489577077105,1.7605865395604186,0.6406436562538147
42,1,28,-0.21390303751668638,1.7441324597514427,0.6610152721405029
42,1,29,-0.32085455627502957,1.8675380583187617,0.6648529767990112
42,1,30,-0.3455356759884934,1.9004462179367134,0.6444113254547119
42,1,31,-0.016454079808975876,1.9909436568860808,0.700465202331543
42,1,32,0.008227039904487938,1.9251273376501774,0.699627697467804
42,2,0,-0.23022458737430337,-1.3530743293051162,0.9928714036941528
42,2,1,-0.21406847597961542,-1.4257768305812122,0.9888281226158142
42,2,2,-0.20599042028227144,-1.4257768305812122,0.9893832206726074
42,2,3,-0.19791236458492745,-1.4257768305812122,0.9893205761909484
42,2,4,-0.22214653167695939,-1.433854886278556,0.9900096654891968
42,2,5,-0.21406847597961542,-1.433854886278556,0.989899218082428
42,2,6,-0.20599042028227144,-1.433854886278556,0.9899287223815918
42,2,7,-0.1413659747035196,-1.4096207191865242,0.982219398021698
42,2,8,-0.19791236458492745,-1.4096207191865242,0.9858761429786682
42,2,9,-0.19791236458492745,-1.2884498837263645,0.9801840782165528
42,2,10,-0.21406847597961542,-1.2884498837263645,0.9833970665931702
42,2,11,-0.004039027848671989,-0.9976398786219812,0.9966357350349426
42,2,12,-0.13328791900617562,-0.9976398786219812,0.9955419898033142
42,2,13,-0.0767415291247678,-0.45641014689993475,0.6353063583374023
42,2,14,-0.11713180761148768,-0.5129565367813426,0.5105822682380676
42,2,15,-0.3998637570185269,-0.8683909874644776,0.663456380367279
42,2,16,-0.4321759798079028,-0.8926251545565096,0.5396147966384888
42,2,17,-0.46448820259727874,-0.9491715444379174,0.6481286287307739
42,2,18,-0.45641014689993475,-0.9814837672272934,0.536378026008606
42,2,19,-0.4402540355052468,-0.9814837672272934,0.6507560014724731
42,2,20,-0.45641014689993475,-1.0057179343193252,0.5353232622146606
42,2,21,-0.41601986841321487,-0.9653276558326054,0.6452433466911316
42,2,22,-0.4402540355052468,-0.9814837672272934,0.5278211832046509
42,2,23,-0.012117083546015968,0.020195139243359944,0.9947456121444702
42,2,24,0.012117083546015968,-0.020195139243359944,0.9929009675979614
42,2,25,0.012117083546015968,0.9007032102538536,0.6551753878593445
42,2,26,0.012117083546015968,0.8603129317671336,0.620036780834198
42,2,27,0.18983430888758349,1.9427723952112266,0.6695236563682556
42,2,28,0.18983430888758349,1.7246648913829392,0.6425514817237854
42,2,29,0.2948490329530552,2.0639432306713865,0.6904528141021729
42,2,30,0.2786929215583672,1.861991838237787,0.6332576870918274
42,2,31,-0.15752208609820756,2.19319212182889,0.723387598991394
42,2,32,-0.004039027848671989,1.8943040610271629,0.6931503415107727
43,1,0,0.08247034125624589,-1.3352340965296954,0.9935674667358398
43,1,1,0.07461602304136533,-1.3980686422487398,0.9899315237998962
43,1,2,0.07461602304136533,-1.3980686422487398,0.9904272556304932
43,1,3,0.08247034125624589,-1.3980686422487398,0.990375280380249
43,1,4,0.05105306839672365,-1.4059229604636205,0.9909892678260804
43,1,5,0.035344431966962526,-1.4059229604636205,0.9908836483955384
43,1,6,0.027490113752081963,-1.4059229604636205,0.99091374874115
43,1,7,0.05890738661160421,-1.3902143240338594,0.9839650392532348
43,1,8,-0.035344431966962526,-1.3980686422487398,0.9872741103172302
43,1,9,0.08247034125624589,-1.272399550810651,0.982148289680481
43,1,10,0.05105306839672365,-1.2802538690255314,0.9850367903709412
43,1,11,0.08247034125624589,-0.9896440950749507,0.9969504475593568
43,1,12,-0.223848069124096,-1.005352731504712,0.9959712624549866
43,1,13,0.17672215983481263,-0.502676365752356,0.6310896873474121
43,1,14,0.08247034125624589,-0.518385002182117,0.5577523112297058
43,1,15,0.31024556948778215,-0.9425181857856674,0.6872594356536865
43,1,16,0.06676170482648477,-1.0446243225791145,0.5843018293380737
43,1,17,0.38878875163658777,-1.036770004364234,0.6691772937774658
43,1,18,0.035344431966962526,-1.1702934140172037,0.579963743686676
43,1,19,0.38093443342170724,-1.0603329590088757,0.6711136102676392
43,1,20,-0.019635795537201402,-1.2017106868767258,0.5786906480789185
43,1,21,0.31809988770266273,-1.036770004364234,0.6651381254196167
43,1,22,-0.003927159107440281,-1.162439095802323,0.5706167817115784
43,1,23,0.10603329590088757,0.007854318214880562,0.9951738119125366
43,1,24,-0.10603329590088757,-0.007854318214880562,0.9934823513031006
43,1,25,0.09032465947112646,0.8639750036368617,0.6562560200691223
43,1,26,-0.11388761411576814,0.8247034125624589,0.6489080786705017
43,1,27,-0.1217419323306487,1.6415525069100372,0.6781099438667297
43,1,28,-0.223848069124096,1.68082409798444,0.6691696643829346
43,1,29,-0.21599375090921544,1.735804325488604,0.6941143274307251
43,1,30,-0.2866826148431405,1.7750759165630068,0.6468508839607239
43,1,31,0.035344431966962526,1.9792881901499013,0.7342358231544495
43,1,32,0.011781477322320842,1.9085993262159764,0.7158486843109131
43,2,0,-0.24313634343993185,-1.3005864720516989,0.9941642880439758
43,2,1,-0.21226188713009922,-1.3623353846713642,0.990901529788971
43,2,2,-0.19682465897518292,-1.3623353846713642,0.9913438558578492
43,2,3,-0.18910604489772476,-1.3623353846713642,0.9913065433502196
43,2,4,-0.23541772936247368,-1.3700539987488223,0.9918408989906312
43,2,5,-0.23541772936247368,-1.3777726128262804,0.9917189478874208
43,2,6,-0.23541772936247368,-1.3777726128262804,0.9917609691619872
43,2,7,-0.15823158858789216,-1.3623353846713642,0.9855238795280457
43,2,8,-0.26629218567230634,-1.3777726128262804,0.9884660840034484
43,2,9,-0.20454327305264108,-1.2465561735094919,0.9838257431983948
43,2,10,-0.23541772936247368,-1.25427478758695,0.98639315366745
43,2,11,0.003859307038729077,-0.9918419089533728,0.997218370437622
43,2,12,-0.18910604489772476,-0.999560523030831,0.9960322380065918
43,2,13,-0.0656082196583943,-0.4978506079960509,0.666487991809845
43,2,14,-0.12735713227805953,-0.5287250643058835,0.5096865296363831
43,2,15,-0.28944802790468077,-0.9069371541013331,0.7155343294143677
43,2,16,-0.2585735715948482,-0.953248838566082,0.541310727596283
43,2,17,-0.351196940524346,-1.007279137108289,0.6973523497581482
43,2,18,-0.34347832644688786,-0.9764046807984564,0.5398590564727783
43,2,19,-0.32032248421451337,-1.0458722074955797,0.6988735795021057
43,2,20,-0.3357597123694297,-0.9918419089533728,0.5386587381362915
43,2,21,-0.29716664198213893,-1.0149977511857473,0.6920806169509888
43,2,22,-0.3126038701370552,-0.9686860667209983,0.531807541847229
43,2,23,0.05788960558093616,0.011577921116187231,0.9954575300216676
43,2,24,-0.05788960558093616,-0.011577921116187231,0.993684709072113
43,2,25,0.027015149271103538,0.8760626977915005,0.6818495988845825
43,2,26,-0.011577921116187231,0.8451882414816678,0.6268571615219116
43,2,27,0.21998050120755738,1.7868591589315626,0.700825035572052
43,2,28,0.20454327305264108,1.7328288603893556,0.6506685018539429
43,2,29,0.3357597123694297,1.9257942123258094,0.7121980786323547
43,2,30,0.32032248421451337,1.8717639137836024,0.6327547430992126
43,2,31,-0.0656082196583943,2.1033223361073468,0.7512260675430298
43,2,32,-0.034733763348561694,1.9952617390229328,0.7019655108451843
44,1,0,0.11526191652100218,-1.298617592803291,0.994727611541748
44,1,1,0.09989366098486854,-1.3600906149478256,0.9917979836463928
44,1,2,0.09989366098486854,-1.3600906149478256,0.992193341255188
44,1,3,0.09989366098486854,-1.3600906149478256,0.992163360118866
44,1,4,0.0691571499126013,-1.3677747427158924,0.9926332831382751
44,1,5,0.05378889437646768,-1.3754588704839592,0.9925164580345154
44,1,6,0.030736511072267245,-1.3754588704839592,0.992557168006897
44,1,7,0.0691571499126013,-1.3600906149478256,0.9869399666786194
44,1,8,-0.03842063884033406,-1.3754588704839592,0.9896031618118286
44,1,9,0.09989366098486854,-1.2525128261948903,0.9854251742362976
44,1,10,0.0691571499126013,-1.2525128261948903,0.9877288341522216
44,1,11,0.10757778875293536,-0.9989366098486855,0.9974795579910278
44,1,12,-0.1997873219697371,-0.9989366098486855,0.9964061975479126
44,1,13,0.17673493866553666,-0.5148365604604763,0.6491816639900208
44,1,14,0.07684127768066812,-0.5225206882285431,0.5566791892051697
44,1,15,0.33041749402687287,-0.9451477154722178,0.732984185218811
44,1,16,0.0691571499126013,-1.052725504225153,0.5855618715286255
44,1,17,0.3995746439394742,-1.0219889931528858,0.7132303714752197
44,1,18,0.03842063884033406,-1.1679874207461554,0.5825467705726624
44,1,19,0.3918905161714074,-1.052725504225153,0.7143381834030151
44,1,20,0.007684127768066811,-1.183355676282289,0.5810559988021851
44,1,21,0.3457857495630065,-1.0296731209209526,0.7068515419960022
44,1,22,0.015368255536133623,-1.1526191652100217,0.5733758807182312
44,1,23,0.09989366098486854,0.0,0.9958147406578064
44,1,24,-0.09989366098486854,0.0,0.994151532649994
44,1,25,0.0691571499126013,0.8375699267192824,0.671869158744812
44,1,26,-0.11526191652100218,0.8298857989512156,0.6542541980743408
44,1,27,-0.12294604428906898,1.5752461924536962,0.7058631777763367
44,1,28,-0.18441906643360348,1.713560492278899,0.6768538951873779
44,1,29,-0.22283970527393754,1.6905081089746985,0.7152162194252014
44,1,30,-0.29199685518653884,1.7673493866553667,0.6491537094116211
44,1,31,0.07684127768066812,1.9210319420167028,0.7599372267723083
44,1,32,0.023052383304200435,1.95176845308897,0.7243098020553589
44,2,0,-0.21756902112194224,-1.2866581766349343,0.9952164888381958
44,2,1,-0.1875595009671916,-1.3466772169444357,0.9925861358642578
44,2,2,-0.18005712092850393,-1.3466772169444357,0.99293851852417
44,2,3,-0.1650523608511286,-1.3466772169444357,0.9929192066192628
44,2,4,-0.2025642610445669,-1.361681977021811,0.9933292269706726
44,2,5,-0.21006664108325457,-1.361681977021811,0.9932069182395936
44,2,6,-0.21756902112194224,-1.3691843570604985,0.9932559728622437
44,2,7,-0.15004760077375326,-1.3466772169444357,0.9882022738456726
44,2,8,-0.2250714011606299,-1.361681977021811,0.9905864000320436
44,2,9,-0.19506188100587923,-1.2341415163641205,0.9867908358573914
44,2,10,-0.2250714011606299,-1.2416438964028083,0.9888432025909424
44,2,11,-0.015004760077375327,-0.9940653551261154,0.997695803642273
44,2,12,-0.2025642610445669,-0.9940653551261154,0.9965032339096068
44,2,13,-0.04501428023212598,-0.5139130326501049,0.6825348138809204
44,2,14,-0.11253570058031495,-0.5064106526114173,0.5076279640197754
44,2,15,-0.2850904414701312,-0.8965344146231757,0.7567641139030457
44,2,16,-0.1875595009671916,-0.6039415931143569,0.5405353307723999
44,2,17,-0.3451094817796325,-1.0015677351648031,0.7372660636901855
44,2,18,-0.2025642610445669,-0.6114439731530446,0.5408919453620911
44,2,19,-0.31509996162488185,-1.0315772553195537,0.738004207611084
44,2,20,-0.24757854127669288,-0.6564582533851705,0.5397815108299255
44,2,21,-0.2925928215088189,-1.0090701152034907,0.7297402024269104
44,2,22,-0.23257378119931757,-0.6489558733464829,0.5331202745437622
44,2,23,0.037511900193438315,-0.011253570058031495,0.99604070186615
44,2,24,-0.037511900193438315,0.011253570058031495,0.9943016767501832
44,2,25,-0.007502380038687664,0.8440177543523621,0.6965491771697998
44,2,26,0.030009520154750655,0.8365153743136744,0.6289348006248474
44,2,27,0.19506188100587923,1.7217962188788187,0.726175844669342
44,2,28,0.21006664108325457,1.6992890787627557,0.6559028625488281
44,2,29,0.3075975815861942,1.8568390595751967,0.732109546661377
44,2,30,0.3075975815861942,1.826829539420446,0.6322260499000549
44,2,31,-0.07502380038687663,2.0143890403876377,0.7750521302223206
44,2,32,-0.015004760077375327,1.9243604799233855,0.7087537050247192
45,1,0,0.12755930893541229,-1.2868483224954828,0.9956794381141664
45,1,1,0.12005582017450568,-1.3468762325827355,0.9933155179023744
45,1,2,0.12005582017450568,-1.3468762325827355,0.9936309456825256
45,1,3,0.12005582017450568,-1.3468762325827355,0.9936153888702391
45,1,4,0.09004186513087926,-1.3543797213436422,0.9939795732498168
45,1,5,0.07503488760906604,-1.3618832101045488,0.993866801261902
45,1,6,0.052524421326346236,-1.3618832101045488,0.9939113259315492
45,1,7,0.07503488760906604,-1.339372743821829,0.9893574118614196
45,1,8,-0.03001395504362642,-1.3543797213436422,0.9915172457695008
45,1,9,0.10504884265269247,-1.2343239011691365,0.9880967736244202
45,1,10,0.06753139884815944,-1.2343239011691365,0.9899410009384156
45,1,11,0.07503488760906604,-0.9942122608201251,0.9979037642478944
45,1,12,-0.20259419654447833,-1.0017157495810318,0.9968434572219848
45,1,13,0.1650767527399453,-0.5064854913611958,0.664264976978302
45,1,14,0.052524421326346236,-0.49898200260028924,0.5544042587280273
45,1,15,0.25511861787082457,-0.8966669069283393,0.761758029460907
45,1,16,0.10504884265269247,-0.9717017945374054,0.5836843848228455
45,1,17,0.3676709492844236,-0.9641983057764987,0.7385354042053223
45,1,18,0.10504884265269247,-1.0992611034728177,0.581536591053009
45,1,19,0.37517443804533024,-0.9942122608201251,0.7385924458503723
45,1,20,0.01500697752181321,-1.1367785472773506,0.5798988342285156
45,1,21,0.3076430391971708,-0.9792052832983119,0.7302626967430115
45,1,22,0.01500697752181321,-1.091757614711911,0.571908175945282
45,1,23,0.09004186513087926,-0.0037517443804533025,0.9963157773017884
45,1,24,-0.09004186513087926,0.0037517443804533025,0.9947167038917542
45,1,25,0.052524421326346236,0.8516459743628997,0.6933339834213257
45,1,26,-0.10504884265269247,0.80662504179746,0.6589929461479187
45,1,27,-0.1575732639790387,1.4594285639963347,0.731394350528717
45,1,28,-0.21009768530538495,1.6019948504535602,0.681976318359375
45,1,29,-0.24761512910991795,1.5719808954099337,0.7361161112785339
45,1,30,-0.285132572914451,1.6920367155844394,0.6511791348457336
45,1,31,0.03751744380453302,1.7895820694762252,0.7814618945121765
45,1,32,0.03751744380453302,1.8796239346071044,0.7296484708786011
45,2,0,-0.23120169079545475,-1.279067418432919,0.9960899353027344
45,2,1,-0.19391109550586527,-1.3387323708962622,0.9939607977867126
45,2,2,-0.17153673833211158,-1.3387323708962622,0.9942411184310912
45,2,3,-0.17153673833211158,-1.3387323708962622,0.9942318797111512
45,2,4,-0.21628545267961896,-1.3461904899541801,0.9945537447929382
45,2,5,-0.23120169079545475,-1.3536486090120978,0.9944382309913636
45,2,6,-0.23865980985337262,-1.3536486090120978,0.9944856762886048
45,2,7,-0.1789948573900295,-1.3312742518383442,0.9903875589370728
45,2,8,-0.2684922860850442,-1.3536486090120978,0.992326021194458
45,2,9,-0.20136921456378315,-1.2268605850274936,0.9892451763153076
45,2,10,-0.23865980985337262,-1.2343187040854116,0.9908998012542723
45,2,11,-0.04474871434750737,-0.9882007751741211,0.9980997443199158
45,2,12,-0.20882733362170106,-0.9956588942320389,0.9971067309379578
45,2,13,-0.11187178586876842,-0.5034230364094578,0.6969447135925293
45,2,14,-0.1267880239846042,-0.5034230364094578,0.508706271648407
45,2,15,-0.2908666432587979,-0.8837871083632706,0.7843204140663147
45,2,16,-0.1491623811583579,-0.26476322655608525,0.5440248250961304
45,2,17,-0.36544783383797685,-0.9732845370582853,0.7626118063926697
45,2,18,-0.16407861927419368,-0.18272391691898843,0.5469868183135986
45,2,19,-0.32815723854838735,-1.003117013289957,0.7625194191932678
45,2,20,-0.16407861927419368,-0.21255639315066,0.5456177592277527
45,2,21,-0.2983247623167158,-0.9807426561162031,0.7540742754936218
45,2,22,-0.1566205002162758,-0.2423888693823316,0.5384512543678284
45,2,23,0.04474871434750737,-0.0037290595289589472,0.9966322779655457
45,2,24,-0.04474871434750737,0.0037290595289589472,0.9951337575912476
45,2,25,-0.014916238115835789,0.846496513073681,0.7179362773895264
45,2,26,-0.08203930963709684,0.8017477987261737,0.6454417705535889
45,2,27,0.24611792891129053,1.6146827760392242,0.7521722912788391
45,2,28,0.21628545267961896,1.5923084188654706,0.6721625328063965
45,2,29,0.3952803100696484,1.6668896094446495,0.7544784545898438
45,2,30,0.37290595289589473,1.696722085676321,0.6463462114334106
45,2,31,0.04474871434750737,1.9652143717613653,0.7980806231498718
45,2,32,0.059664952463343156,1.91300753835594,0.7249079346656799
46,1,0,0.1914304251091403,-1.2864124567334227,0.9963696599006652
46,1,1,0.18377320810477468,-1.3476701927683477,0.9944819808006288
46,1,2,0.18377320810477468,-1.3476701927683477,0.9947263598442078
46,1,3,0.17611599110040907,-1.3476701927683477,0.9947242140769958
46,1,4,0.16080155709167784,-1.3553274097727133,0.9949886798858644
46,1,5,0.14548712308294662,-1.3629846267770789,0.9948742389678956
46,1,6,0.12251547206984979,-1.3629846267770789,0.9949221611022948
46,1,7,0.10720103806111857,-1.3476701927683477,0.991190493106842
46,1,8,0.022971651013096835,-1.3629846267770789,0.9930360317230223
46,1,9,0.16080155709167784,-1.2251547206984978,0.9902279376983644
46,1,10,0.137829906078581,-1.2328119377028635,0.9917064905166626
46,1,11,0.07657217004365612,-0.9954382105675296,0.9982333779335022
46,1,12,-0.15314434008731223,-1.003095427571895,0.9973844885826112
46,1,13,0.1301726890742154,-0.4977191052837648,0.6414549350738525
46,1,14,0.1301726890742154,-0.49006188827939917,0.5567622184753418
46,1,15,0.3216031141833557,-0.7733789174409268,0.747875988483429
46,1,16,0.2680025951527964,-0.8805799555020454,0.5880832076072693
46,1,17,0.40583250123137743,-0.926523257528239,0.7289239168167114
46,1,18,0.4517758032575711,-0.926523257528239,0.5890920162200928
46,1,19,0.3905180672226462,-0.9954382105675296,0.7292754650115967
46,1,20,0.3828608502182806,-1.0107526445762607,0.587558925151825
46,1,21,0.3139458971789901,-0.9418376915369703,0.7218534350395203
46,1,22,0.20674485911787152,-1.0184098615806263,0.5790954232215881
46,1,23,0.09188660405238734,0.0,0.9965858459472656
46,1,24,-0.09188660405238734,0.0,0.995145320892334
46,1,25,0.09188660405238734,0.8193222194671205,0.7086095213890076
46,1,26,-0.09188660405238734,0.788693351449658,0.675069272518158
46,1,27,-0.09954382105675295,1.5161289668643911,0.7543147206306458
46,1,28,-0.22205929312660275,1.6080155709167785,0.6994037628173828
46,1,29,-0.18377320810477468,1.6080155709167785,0.7552986145019531
46,1,30,-0.29863146317025885,1.6922449579648002,0.6684016585350037
46,1,31,0.12251547206984979,1.8607037320608437,0.8034703135490417
46,1,32,0.03828608502182806,1.914304251091403,0.7472769021987915
46,2,0,-0.2508762277787581,-1.2809892236582043,0.9967191219329834
46,2,1,-0.27368315757682704,-1.3494100130524112,0.9950205683708192
46,2,2,-0.27368315757682704,-1.3494100130524112,0.9952393174171448
46,2,3,-0.27368315757682704,-1.3494100130524112,0.9952394366264344
46,2,4,-0.29649008737489596,-1.3570123229851008,0.9954736232757568
46,2,5,-0.31169470724027526,-1.3646146329177904,0.995365560054779
46,2,6,-0.32689932710565456,-1.3646146329177904,0.9954131245613098
46,2,7,-0.2584785377114478,-1.3494100130524112,0.9920502305030824
46,2,8,-0.3192970171729649,-1.3646146329177904,0.9937106966972352
46,2,9,-0.29649008737489596,-1.2125684342639977,0.991166353225708
46,2,10,-0.32689932710565456,-1.2201707441966874,0.9924856424331664
46,2,11,-0.060818479461517125,-0.9997037561486878,0.998394250869751
46,2,12,-0.190057748317241,-0.9844991362833084,0.9975582361221312
46,2,13,-0.22046698804799958,-0.5207582303892404,0.6765095591545105
46,2,14,-0.15964850858648244,-0.4523374409950336,0.5102609395980835
46,2,15,-0.43333166616330954,-0.8552598674275845,0.7711381912231445
46,2,16,-0.1672508185191721,-0.16344966355282728,0.545830488204956
46,2,17,-0.5321616952882748,-0.9692945164179292,0.7525174021720886
46,2,18,-0.190057748317241,-0.14064273375475836,0.55031418800354
46,2,19,-0.4941501456248266,-1.014908376014067,0.7526629567146301
46,2,20,-0.1672508185191721,-0.11023349402399979,0.5492448806762695
46,2,21,-0.4637409058940681,-0.9844991362833084,0.7447485327720642
46,2,22,-0.18245543838455136,-0.1330404238220687,0.5415040254592896
46,2,23,0.08362540925958604,-0.01140346489903446,0.9968633055686952
46,2,24,-0.08362540925958604,0.01140346489903446,0.9954926371574402
46,2,25,-0.05321616952882748,0.8324529376295157,0.7332345247268677
46,2,26,-0.15964850858648244,0.8172483177641363,0.6516395807266235
46,2,27,0.2812854675095167,1.6230931706292382,0.7742288112640381
46,2,28,0.2052623681826203,1.58508162096579,0.6869694590568542
46,2,29,0.43333166616330954,1.7219231997542035,0.7728228569030762
46,2,30,0.3649108767691027,1.7067185798888242,0.6599103212356567
46,2,31,0.038011549663448205,1.9575948076675824,0.8193988800048828
46,2,32,0.02280692979806892,1.9195832580041343,0.7429381608963013
47,1,0,0.22165401085759884,-1.2988147302883861,0.9970190525054932
47,1,1,0.2060993434289954,-1.3688107337171016,0.9954946637153624
47,1,2,0.2060993434289954,-1.3688107337171016,0.9956833124160768
47,1,3,0.1983220097146937,-1.3688107337171016,0.9956908226013184
47,1,4,0.18276734228609026,-1.3765880674314033,0.9958984851837158
47,1,5,0.16721267485748684,-1.3765880674314033,0.9957926273345948
47,1,6,0.1438806737145817,-1.384365401145705,0.9958406686782836
47,1,7,0.12832600628597826,-1.3688107337171016,0.9927766919136048
47,1,8,0.05833000285726285,-1.384365401145705,0.9943183064460754
47,1,9,0.18276734228609026,-1.2288187268596706,0.9920216798782348
47,1,10,0.15943534114318514,-1.2365960605739725,0.9932104349136353
47,1,11,0.10499400514307314,-1.003276049144921,0.99852854013443
47,1,12,-0.17499000857178856,-0.9954987154306193,0.9977946877479552
47,1,13,0.17499000857178856,-0.54441336000112,0.6504969596862793
47,1,14,0.05833000285726285,-0.4510853554294994,0.5587179660797119
47,1,15,0.4860833571438571,-0.8788387097160937,0.7792375683784485
47,1,16,0.33053668285782284,-0.8555067085731884,0.5908211469650269
47,1,17,0.6027433628583828,-0.9643893805734125,0.7591513395309448
47,1,18,0.40053268628653826,-0.9410573794305074,0.5942502617835999
47,1,19,0.6027433628583828,-1.0110533828592227,0.7592682838439941
47,1,20,0.35386868400072796,-1.0110533828592227,0.5931562185287476
47,1,21,0.5327473594296673,-0.979944048002016,0.7511700391769409
47,1,22,0.33053668285782284,-0.979944048002016,0.5852310657501221
47,1,23,0.11277133885737485,-0.007777333714301713,0.9970171451568604
47,1,24,-0.11277133885737485,0.007777333714301713,0.9957123398780824
47,1,25,0.0894393377144697,0.8399520411445851,0.7281214594841003
47,1,26,-0.12832600628597826,0.8399520411445851,0.6817003488540649
47,1,27,-0.11277133885737485,1.547689409146041,0.7742959856987
47,1,28,-0.22943134457190054,1.6332400800033597,0.713324785232544
47,1,29,-0.1983220097146937,1.6410174137176616,0.7726549506187439
47,1,30,-0.30720468171491766,1.7187907508606788,0.6802558898925781
47,1,31,0.11277133885737485,1.897669426289618,0.8231257200241089
47,1,32,0.01166600057145257,1.95211076228973,0.764210045337677
47,2,0,-0.25219355037708513,-1.2835522489341198,0.9973025321960448
47,2,1,-0.2823062131086774,-1.3513057400802022,0.9959327578544616
47,2,2,-0.2823062131086774,-1.3588339057631005,0.996101438999176
47,2,3,-0.2823062131086774,-1.3588339057631005,0.9961101412773132
47,2,4,-0.30489071015737157,-1.3588339057631005,0.9962920546531676
47,2,5,-0.31994704152316766,-1.3588339057631005,0.9961931109428406
47,2,6,-0.3350033728889638,-1.3663620714459985,0.99624103307724
47,2,7,-0.2597217160599832,-1.3588339057631005,0.9934834837913512
47,2,8,-0.29736254447447347,-1.3663620714459985,0.9948588609695436
47,2,9,-0.29736254447447347,-1.2233269234709352,0.9927878975868224
47,2,10,-0.32747520720606577,-1.2233269234709352,0.99383145570755
47,2,11,-0.05646124262173547,-1.0050101186668914,0.9986627101898192
47,2,12,-0.2747780474257793,-0.9673692902524011,0.9979374408721924
47,2,13,-0.18444005923100254,-0.5533201776930077,0.68422931432724
47,2,14,-0.30489071015737157,-0.4629821894982309,0.5380762815475464
47,2,15,-0.34253153857186186,-0.8619749706918282,0.7993089556694031
47,2,16,-0.5909610061074979,-0.7716369824970515,0.5907973051071167
47,2,17,-0.4629821894982309,-0.9523129588866049,0.7795430421829224
47,2,18,-0.6888271599851727,-0.8017496452286437,0.5901488065719604
47,2,19,-0.42534136108374054,-0.9974819529839933,0.7794376015663147
47,2,20,-0.6812989943022747,-0.831862307960236,0.5876213312149048
47,2,21,-0.38770053266925025,-0.959841124569503,0.7702128291130066
47,2,22,-0.6361300002048863,-0.831862307960236,0.5784518122673035
47,2,23,0.07904573967042966,-0.01882041420724516,0.997226059436798
47,2,24,-0.07904573967042966,0.01882041420724516,0.9960131645202636
47,2,25,-0.1317428994507161,0.7942214795457456,0.7502512335777283
47,2,26,-0.14679923081651222,0.8017496452286437,0.648065447807312
47,2,27,0.1769118935481045,1.6524323673961248,0.7915303111076355
47,2,28,0.1543273964994103,1.5846788762500423,0.6913753747940063
47,2,29,0.3350033728889638,1.780411184005392,0.7872763276100159
47,2,30,0.2898343787915754,1.7201858585422074,0.6641629934310913
47,2,31,-0.09410207103622578,1.9385026633462512,0.8364315032958984
47,2,32,-0.10163023671912386,1.893333669248863,0.7521851658821106
48,1,0,0.2803030303030303,-1.2878787878787878,0.9974764585494996
48,1,1,0.2727272727272727,-1.356060606060606,0.9962539672851562
48,1,2,0.2727272727272727,-1.356060606060606,0.9963858723640442
48,1,3,0.26515151515151514,-1.356060606060606,0.9963985681533812
48,1,4,0.25757575757575757,-1.3636363636363635,0.9965686798095704
48,1,5,0.23484848484848486,-1.3636363636363635,0.9964644908905028
48,1,6,0.2196969696969697,-1.371212121212121,0.9965218305587769
48,1,7,0.1893939393939394,-1.3636363636363635,0.993912398815155
48,1,8,0.14393939393939395,-1.371212121212121,0.9953239560127258
48,1,9,0.22727272727272727,-1.2196969696969697,0.9934266805648804
48,1,10,0.20454545454545456,-1.2272727272727273,0.9943870306015016
48,1,11,0.11363636363636363,-1.0075757575757576,0.9987326264381408
48,1,12,-0.11363636363636363,-0.9924242424242424,0.9981359839439392
48,1,13,0.16666666666666666,-0.5454545454545454,0.635642945766449
48,1,14,0.022727272727272728,-0.4621212121212121,0.5835451483726501
48,1,15,0.36363636363636365,-0.8257575757575758,0.7737654447555542
48,1,16,0.29545454545454547,-0.8257575757575758,0.6309686899185181
48,1,17,0.5075757575757576,-0.9015151515151515,0.7538155913352966
48,1,18,0.4393939393939394,-0.8787878787878788,0.6293737888336182
48,1,19,0.5,-0.9696969696969697,0.7537277936935425
48,1,20,0.4318181818181818,-0.9318181818181818,0.6268818974494934
48,1,21,0.4393939393939394,-0.9545454545454546,0.746021032333374
48,1,22,0.38636363636363635,-0.9242424242424242,0.6172006130218506
48,1,23,0.10606060606060606,-0.015151515151515152,0.9971937537193298
48,1,24,-0.10606060606060606,0.015151515151515152,0.9959815740585328
48,1,25,0.09848484848484848,0.8106060606060606,0.7359834909439087
48,1,26,-0.10606060606060606,0.8106060606060606,0.6738795042037964
48,1,27,-0.09090909090909091,1.5,0.783384382724762
48,1,28,-0.15151515151515152,1.5909090909090908,0.7114850282669067
48,1,29,-0.16666666666666666,1.606060606060606,0.7818450331687927
48,1,30,-0.22727272727272727,1.6893939393939394,0.6771411299705505
48,1,31,0.14393939393939395,1.803030303030303,0.8330212831497192
48,1,32,0.09090909090909091,1.856060606060606,0.7680234313011169
48,2,0,-0.22454410301885466,-1.2515572955149277,0.9977217316627502
48,2,1,-0.20245779780388534,-1.3178162111598355,0.9966238141059875
48,2,2,-0.18773359432723913,-1.3251783128981587,0.9967424273490906
48,2,3,-0.18037149258891605,-1.3251783128981587,0.99675452709198
48,2,4,-0.20981989954220845,-1.3178162111598355,0.9969053268432616
48,2,5,-0.20981989954220845,-1.3251783128981587,0.9968103170394896
48,2,6,-0.20981989954220845,-1.3325404146364817,0.9968631267547609
48,2,7,-0.10675047520568501,-1.3325404146364817,0.9945184588432312
48,2,8,-0.1361988821589774,-1.3325404146364817,0.9957813024520874
48,2,9,-0.19509569606556224,-1.1852983798700196,0.9940735697746276
48,2,10,-0.20981989954220845,-1.1926604816083428,0.994927942752838
48,2,11,-0.0036810508691615517,-1.0159700398885882,0.9988552331924438
48,2,12,-0.21718200128053156,-0.9717974294586497,0.9982616901397704
48,2,13,-0.03312945782245397,-0.5300713251592635,0.6706909537315369
48,2,14,-0.1141125769440081,-0.4564503077760324,0.5355057120323181
48,2,15,-0.23926830649550088,-0.7288480720939873,0.7906635403633118
48,2,16,-0.24663040823382396,-0.7067617668790179,0.5858966708183289
48,2,17,-0.3128893238787319,-0.7803827842622489,0.7693774700164795
48,2,18,-0.32761352735537813,-0.7730206825239259,0.5869365334510803
48,2,19,-0.2760788151871164,-0.8392795981688338,0.7691121697425842
48,2,20,-0.3055272221404088,-0.8098311912155414,0.5841052532196045
48,2,21,-0.24663040823382396,-0.8319174964305107,0.7595436573028564
48,2,22,-0.2613546117104702,-0.7951069877388952,0.5754122734069824
48,2,23,-0.01840525434580776,-0.014724203476646207,0.9973996877670288
48,2,24,0.01840525434580776,0.014724203476646207,0.9962484836578368
48,2,25,-0.0036810508691615517,0.7951069877388952,0.7573148012161255
48,2,26,0.0036810508691615517,0.7877448860005721,0.6445629596710205
48,2,27,-0.15092308563562362,1.641748687646052,0.7977191209793091
48,2,28,0.0993883734673619,1.553403466786175,0.687515139579773
48,2,29,0.07730206825239258,1.7889907224125141,0.7931931614875793
48,2,30,0.22454410301885466,1.7521802137208986,0.6603254675865173
48,2,31,-0.03312945782245397,1.9067843502256838,0.8415507674217224
48,2,32,-0.011043152607484655,1.8184391293658067,0.7448554635047913
49,1,0,0.26394052044609667,-1.2490706319702602,0.9978522062301636
49,1,1,0.26394052044609667,-1.3159851301115242,0.9968721866607666
49,1,2,0.25650557620817843,-1.3159851301115242,0.9969592690467834
49,1,3,0.25650557620817843,-1.3234200743494424,0.9969810247421264
49,1,4,0.24907063197026022,-1.3234200743494424,0.9971157908439636
49,1,5,0.241635687732342,-1.3308550185873607,0.9970130920410156
49,1,6,0.22676579925650558,-1.338289962825279,0.9970777630805968
49,1,7,0.15985130111524162,-1.338289962825279,0.994842529296875
49,1,8,0.12267657992565056,-1.345724907063197,0.9961477518081664
49,1,9,0.21933085501858737,-1.1895910780669146,0.9945823550224304
49,1,10,0.20446096654275092,-1.1970260223048328,0.9953715801239014
49,1,11,0.09293680297397769,-1.0111524163568772,0.9989078640937804
49,1,12,-0.09293680297397769,-0.9888475836431226,0.998428225517273
49,1,13,0.1449814126394052,-0.5278810408921933,0.6171578764915466
49,1,14,0.055762081784386616,-0.46096654275092935,0.5809451341629028
49,1,15,0.32342007434944237,-0.7434944237918215,0.7529382109642029
49,1,16,0.34572490706319703,-0.8029739776951673,0.6261864304542542
49,1,17,0.45724907063197023,-0.7881040892193308,0.7338967323303223
49,1,18,0.4721189591078067,-0.8475836431226765,0.6258719563484192
49,1,19,0.4721189591078067,-0.8550185873605948,0.7339043617248535
49,1,20,0.4721189591078067,-0.9070631970260223,0.6230524778366089
49,1,21,0.4052044609665427,-0.8401486988847584,0.7259318232536316
49,1,22,0.4275092936802974,-0.8996282527881041,0.6133723258972168
49,1,23,0.08550185873605948,-0.007434944237918215,0.9972217082977296
49,1,24,-0.08550185873605948,0.007434944237918215,0.9961090683937072
49,1,25,0.12267657992565056,0.7881040892193308,0.7354106307029724
49,1,26,-0.03345724907063197,0.7955390334572491,0.6706886291503906
49,1,27,-0.026022304832713755,1.5092936802973977,0.7878365516662598
49,1,28,-0.07806691449814127,1.5762081784386617,0.7091971039772034
49,1,29,-0.10780669144981413,1.6059479553903346,0.7866306304931641
49,1,30,-0.17472118959107807,1.6728624535315986,0.678216814994812
49,1,31,0.1895910780669145,1.7769516728624535,0.8371227979660034
49,1,32,0.1449814126394052,1.79182156133829,0.7623130083084106
49,2,0,-0.18227670994936823,-1.239481627655704,0.9980489611625672
49,2,1,-0.16040350475544404,-1.3123923116354512,0.9971706867218018
49,2,2,-0.14582136795949457,-1.3123923116354512,0.9972494840621948
49,2,3,-0.13853029956151985,-1.319683380033426,0.9972683787345886
49,2,4,-0.16769457315341876,-1.3123923116354512,0.9973850846290588
49,2,5,-0.16040350475544404,-1.319683380033426,0.997292697429657
49,2,6,-0.15311243635746932,-1.319683380033426,0.9973527193069458
49,2,7,-0.08020175237772202,-1.3269744484314008,0.9953463077545166
49,2,8,-0.10207495757164621,-1.3342655168293753,0.9965178966522216
49,2,9,-0.16040350475544404,-1.1811530804719061,0.995103657245636
49,2,10,-0.16769457315341876,-1.1811530804719061,0.9958009123802184
49,2,11,0.0,-1.0207495757164622,0.9990118145942688
49,2,12,-0.09478388917367148,-0.9770031653286138,0.9985514283180236
49,2,13,-0.014582136795949458,-0.5249569246541805,0.6537993550300598
49,2,14,-0.08749282077569676,-0.45933730907240794,0.5399672389030457
49,2,15,-0.1968588467453177,-0.7436889765934224,0.7739139795303345
49,2,16,-0.23331418873519133,-0.7218157713994982,0.5946363210678101
49,2,17,-0.269769530725065,-0.7728532501853212,0.7548929452896118
49,2,18,-0.31351594111291337,-0.7655621817873466,0.5967556238174438
49,2,19,-0.24060525713316605,-0.8384728657670939,0.75453120470047
49,2,20,-0.29164273591898915,-0.8020175237772202,0.5934873223304749
49,2,21,-0.21144098354126714,-0.8311817973691191,0.7452734112739563
49,2,22,-0.26247846232709027,-0.8020175237772202,0.5836023688316345
49,2,23,-0.05832854718379783,-0.007291068397974729,0.9974145889282228
49,2,24,0.05832854718379783,0.007291068397974729,0.9963215589523317
49,2,25,0.014582136795949458,0.8020175237772202,0.7581889033317566
49,2,26,-0.007291068397974729,0.8093085921751949,0.6413135528564453
49,2,27,-0.014582136795949458,1.6331993211463394,0.8016508221626282
49,2,28,0.16040350475544404,1.538415431972668,0.685309648513794
49,2,29,0.1239481627655704,1.749856415513935,0.8019142746925354
49,2,30,0.20414991514329242,1.6404903895443141,0.669125497341156
49,2,31,0.02187320519392419,1.8446403046876065,0.8453747630119324
49,2,32,0.007291068397974729,1.7644385523098844,0.7434464693069458
50,1,0,0.2971924863668074,-1.2593531609793462,0.99822199344635
50,1,1,0.2897626742076372,-1.326221470411878,0.9974329471588136
50,1,2,0.2897626742076372,-1.326221470411878,0.9974988102912904
50,1,3,0.282332862048467,-1.333651282571048,0.9975181818008424
50,1,4,0.2749030498892968,-1.333651282571048,0.997622847557068
50,1,5,0.26004342557095644,-1.3410810947302183,0.997535228729248
50,1,6,0.24518380125261607,-1.3485109068893886,0.9975939393043518
50,1,7,0.18574530397925462,-1.3485109068893886,0.995766282081604
50,1,8,0.1485962431834037,-1.3559407190485586,0.99685537815094
50,1,9,0.26004342557095644,-1.1999146637059848,0.9955741763114928
50,1,10,0.24518380125261607,-1.207344475865155,0.996207594871521
50,1,11,0.1411664310242335,-0.9844501110900494,0.9990667700767516
50,1,12,-0.06686830943253166,-1.01416935972673,0.998691737651825
50,1,13,0.1931751161384248,-0.5312315693806682,0.6058285236358643
50,1,14,-0.007429812159170184,-0.46436325994813654,0.5848163366317749
50,1,15,0.4160694809135303,-0.7466961219966035,0.7352041602134705
50,1,16,0.3343415471626583,-0.7764153706332843,0.6332170367240906
50,1,17,0.5052272268235726,-0.7838451827924544,0.7161527276039124
50,1,18,0.45321854170938125,-0.806134619269965,0.632773220539093
50,1,19,0.482937790346062,-0.8432836800658159,0.7158641815185547
50,1,20,0.4383589173910409,-0.8655731165433265,0.6292781829833984
50,1,21,0.4383589173910409,-0.8358538679066457,0.7085466384887695
50,1,22,0.40120985659518993,-0.8655731165433265,0.6177780628204346
50,1,23,0.07429812159170185,-0.003714906079585092,0.9974640607833862
50,1,24,-0.07429812159170185,0.003714906079585092,0.9963954091072084
50,1,25,0.11887699454672294,0.7541259341557737,0.7243143916130066
50,1,26,-0.022289436477510555,0.7838451827924544,0.660890519618988
50,1,27,0.007429812159170184,1.4971071500727922,0.7796923518180847
50,1,28,-0.05200868511419129,1.489677337913622,0.6975290775299072
50,1,29,-0.06686830943253166,1.6234139567786854,0.7824864983558655
50,1,30,-0.11887699454672294,1.6457033932561957,0.6738461852073669
50,1,31,0.21546455261593533,1.7274313270070678,0.8321216106414795
50,1,32,0.15602605534257388,1.7274313270070678,0.7536189556121826
50,2,0,-0.06905393803600716,-1.2429708846481289,0.9983885884284972
50,2,1,-0.03997859570505678,-1.315659240475505,0.9976810216903688
50,2,2,-0.03270976012231919,-1.315659240475505,0.9977402091026306
50,2,3,-0.018172088956843992,-1.3229280760582425,0.997758448123932
50,2,4,-0.06178510245326957,-1.3229280760582425,0.9978473782539368
50,2,5,-0.054516266870531974,-1.3229280760582425,0.997767984867096
50,2,6,-0.054516266870531974,-1.3301969116409802,0.997822880744934
50,2,7,0.03997859570505678,-1.3301969116409802,0.99618262052536
50,2,8,-0.003634417791368798,-1.3374657472237177,0.997157871723175
50,2,9,-0.03270976012231919,-1.1920890355689657,0.9960033297538756
50,2,10,-0.054516266870531974,-1.1920890355689657,0.9965627789497375
50,2,11,0.09086044478421995,-1.0030993104177883,0.9991562962532043
50,2,12,-0.025440924539581588,-0.9958304748350507,0.9987797737121582
50,2,13,0.12720462269790794,-0.5378938331225821,0.6439832448959351
50,2,14,-0.018172088956843992,-0.4724743128779438,0.5354317426681519
50,2,15,-0.09086044478421995,-0.719614722691022,0.757256805896759
50,2,16,-0.03997859570505678,-0.3852482858850926,0.5842958092689514
50,2,17,-0.1853553073598087,-0.75595890060471,0.7375982403755188
50,2,18,-0.03270976012231919,-0.34890410797140464,0.588061511516571
50,2,19,-0.1780864717770711,-0.7995719141011356,0.7370525002479553
50,2,20,0.018172088956843992,-0.3634417791368798,0.5853093862533569
50,2,21,-0.14901112944612072,-0.792303078518398,0.7283733487129211
50,2,22,-0.06178510245326957,-0.4288612993815182,0.575814425945282
50,2,23,0.06905393803600716,0.0,0.9976415038108826
50,2,24,-0.06905393803600716,0.0,0.996592342853546
50,2,25,0.10539811594969514,0.7704965717701852,0.7502238750457764
50,2,26,0.14901112944612072,0.75595890060471,0.6409773230552673
50,2,27,0.10539811594969514,1.620950334950484,0.7968854308128357
50,2,28,0.2362371564389719,1.439229445382044,0.6866397857666016
50,2,29,-0.003634417791368798,1.7663270466052359,0.7990971207618713
50,2,30,0.24350599202170947,1.620950334950484,0.6741719841957092
50,2,31,0.11266695153243274,1.8462842380153495,0.8408805131912231
50,2,32,0.11993578711517033,1.6863698551951223,0.7406601905822754
51,1,0,0.3219044487502228,-1.2321170279749907,0.998505175113678
51,1,1,0.3219044487502228,-1.2987179484060714,0.9978614449501038
51,1,2,0.3219044487502228,-1.2987179484060714,0.997897744178772
51,1,3,0.3219044487502228,-1.3061180506761914,0.997922658920288
51,1,4,0.30710424420998267,-1.3061180506761914,0.9980159997940063
51,1,5,0.29230403966974255,-1.3209182552164316,0.997935950756073
51,1,6,0.27750383512950244,-1.3283183574865516,0.9980007410049438
51,1,7,0.23310322150878204,-1.3209182552164316,0.9964507222175598
51,1,8,0.1739024033478215,-1.3357184597566716,0.9974161386489868
51,1,9,0.2849039373996225,-1.1803163120841502,0.996365487575531
51,1,10,0.26270363058926227,-1.1877164143542704,0.996886134147644
51,1,11,0.1739024033478215,-0.9731134485207885,0.9991512894630432
51,1,12,-0.08510117610638074,-1.0249141644116289,0.998897671699524
51,1,13,0.21090291469842185,-0.5365074145837047,0.6023585796356201
51,1,14,-0.07770107383626068,-0.47730659642274414,0.5812586545944214
51,1,15,0.4033055737215435,-0.691909562256226,0.726804256439209
51,1,16,0.30710424420998267,-0.684509459986106,0.6249725818634033
51,1,17,0.5143071077733445,-0.6771093577159859,0.7080845236778259
51,1,18,0.44030608507214386,-0.6475089486355057,0.6271752119064331
51,1,19,0.4921068009629843,-0.7289100736068264,0.7076742053031921
51,1,20,0.46250639188250403,-0.7067097667964661,0.62444669008255
51,1,21,0.4477061873422639,-0.7437102781470665,0.7007831931114197
51,1,22,0.4033055737215435,-0.7289100736068264,0.6144448518753052
51,1,23,0.09990138064662087,0.0037000511350600324,0.9972227811813354
51,1,24,-0.09990138064662087,-0.0037000511350600324,0.9963750243186952
51,1,25,0.1369018919972212,0.7289100736068264,0.7004157900810242
51,1,26,-0.01850025567530016,0.7807107894976668,0.6463729739189148
51,1,27,0.025900357945420227,1.3949192779176323,0.7446446418762207
51,1,28,-0.0037000511350600324,1.5281211187797934,0.6814119815826416
51,1,29,-0.06290086929602055,1.4985207096993132,0.754658043384552
51,1,30,-0.08510117610638074,1.6687230619120745,0.6683381795883179
51,1,31,0.2035028124283018,1.6835232664523148,0.7998847365379333
51,1,32,0.21090291469842185,1.7501241868833952,0.7359955906867981
51,2,0,-0.03236656319150673,-1.2515071100715935,0.9986483454704284
51,2,1,-0.003596284799056303,-1.3090476668564943,0.998069941997528
51,2,2,0.003596284799056303,-1.3162402364546069,0.998102366924286
51,2,3,0.017981423995281517,-1.3162402364546069,0.9981253743171692
51,2,4,-0.02517399359339412,-1.3234328060527196,0.9982056617736816
51,2,5,-0.02517399359339412,-1.3306253756508322,0.998132824897766
51,2,6,-0.02517399359339412,-1.3378179452489447,0.9981921315193176
51,2,7,0.06832941118206975,-1.3306253756508322,0.9968008995056152
51,2,8,0.017981423995281517,-1.3378179452489447,0.9976658821105956
51,2,9,-0.003596284799056303,-1.1939665532866925,0.9967234134674072
51,2,10,-0.02517399359339412,-1.2011591228848053,0.9971856474876404
51,2,11,0.15464024635942103,-0.9925746045395396,0.9992325901985168
51,2,12,-0.11148482877074539,-1.006959743735765,0.9989781975746156
51,2,13,0.19779566394809667,-0.4890947326716572,0.6413553953170776
51,2,14,-0.08271455037829498,-0.5178650110641076,0.5389879941940308
51,2,15,0.118677398368858,-0.6976792510169227,0.7519510388374329
51,2,16,-0.09709968957452018,-0.43874674548486897,0.5904378890991211
51,2,17,0.003596284799056303,-0.6976792510169227,0.733461856842041
51,2,18,-0.118677398368858,-0.5250575806622202,0.5957518815994263
51,2,19,-0.02517399359339412,-0.748027238203711,0.7328568696975708
51,2,20,-0.07552198078018237,-0.4962873022697698,0.5937032103538513
51,2,21,0.017981423995281517,-0.7552198078018236,0.7255021929740906
51,2,22,-0.07552198078018237,-0.6185609854376841,0.5857334136962891
51,2,23,0.1402551071631958,0.007192569598112606,0.9974213242530824
51,2,24,-0.1402551071631958,-0.007192569598112606,0.9965519309043884
51,2,25,0.16183281595753363,0.7911826557923867,0.7277446389198303
51,2,26,-0.017981423995281517,0.7624123773999363,0.6212798357009888
51,2,27,0.2121808031443219,1.6111355899772237,0.7624223828315735
51,2,28,0.19060309434998407,1.4528990588187465,0.6627242565155029
51,2,29,0.27691392952733535,1.7549869819394759,0.7717850804328918
51,2,30,0.27691392952733535,1.532017324397985,0.6663656830787659
51,2,31,0.08990711997640757,1.7765646907338137,0.8093879222869873
51,2,32,0.16183281595753363,1.625520729173449,0.7238881587982178
52,1,0,0.3441814724392187,-1.2352290621985293,0.9985713362693788
52,1,1,0.3518299496045347,-1.3040653566863731,0.9980409145355223
52,1,2,0.3518299496045347,-1.3040653566863731,0.9979762434959412
52,1,3,0.3518299496045347,-1.3040653566863731,0.9980547428131104
52,1,4,0.33653299527390274,-1.3193623110170052,0.998179256916046
52,1,5,0.3212360409432708,-1.327010788182321,0.9980581998825072
52,1,6,0.30593908661263886,-1.342307742512953,0.9981829524040222
52,1,7,0.267696700786059,-1.334659265347637,0.9965215921401978
52,1,8,0.20650888346353125,-1.3576046968435849,0.9977476596832277
52,1,9,0.30593908661263886,-1.1893381992066336,0.996837317943573
52,1,10,0.28299365511669095,-1.2046351535372655,0.9973534345626832
52,1,11,0.21415736062884722,-0.9751808385777864,0.9992015957832336
52,1,12,-0.09178172598379165,-1.0210717015696822,0.9990664720535278
52,1,13,0.3441814724392187,-0.46273286850161627,0.6019670367240906
52,1,14,-0.08413324881847568,-0.4856782999975642,0.5841017961502075
52,1,15,0.5047994929108541,-0.6539447976345155,0.736176609992981
52,1,16,0.2906421322820069,-0.7686719551142551,0.6307140588760376
52,1,17,0.5812842645640138,-0.6768902291304635,0.7157465815544128
52,1,18,0.42066624409237846,-0.7916173866102031,0.6345556974411011
52,1,19,0.558338833068066,-0.7304295692876753,0.7146774530410767
52,1,20,0.42066624409237846,-0.8528052039327308,0.632469892501831
52,1,21,0.51244797007617,-0.7304295692876753,0.7076399922370911
52,1,22,0.3747753811004826,-0.8604536810980468,0.6239522099494934
52,1,23,0.09178172598379165,0.003824238582657986,0.9969406127929688
52,1,24,-0.09178172598379165,-0.003824238582657986,0.9958581924438475
52,1,25,0.15296954330631943,0.6998356606264114,0.6727743744850159
52,1,26,-0.007648477165315972,0.7533750007836232,0.6057813167572021
52,1,27,-0.022945431495947913,1.4417379456620607,0.7065895795822144
52,1,28,-0.04589086299189583,1.5564651031418002,0.6391775012016296
52,1,29,-0.10707868031442361,1.5488166259764842,0.7232669591903687
52,1,30,-0.1376725889756875,1.6788407377868557,0.645596981048584
52,1,31,0.20650888346353125,1.5564651031418002,0.7644367814064026
52,1,32,0.22180583779416319,1.7247316007787517,0.7036480903625488
52,2,0,0.0629474223079162,-1.2626512357058484,0.9987020492553712
52,2,1,0.09256973868811204,-1.329301447561289,0.998226284980774
52,2,2,0.10738089687820997,-1.336707026656338,0.998166799545288
52,2,3,0.12959763416335687,-1.336707026656338,0.9982388019561768
52,2,4,0.040730685022769296,-1.336707026656338,0.998345136642456
52,2,5,0.02591952683267137,-1.336707026656338,0.9982319474220276
52,2,6,0.011108368642573445,-1.3441126057513868,0.9983478784561156
52,2,7,0.04813626411781826,-1.3515181848464357,0.9968604445457458
52,2,8,-0.03332510592772033,-1.3515181848464357,0.9979547262191772
52,2,9,0.07035300140296515,-1.2108121820405056,0.9971450567245485
52,2,10,0.011108368642573445,-1.2182177611355545,0.9976009726524352
52,2,11,0.1370032132584058,-1.0182671255692324,0.9992794394493104
52,2,12,-0.1814366878286996,-0.9812392300939876,0.9991349577903748
52,2,13,0.23327574149404234,-0.4702542725356092,0.6409439444541931
52,2,14,-0.29252037425443406,-0.49987658891580505,0.5631652474403381
52,2,15,0.1592199505435527,-0.6627993290068822,0.760774552822113
52,2,16,-0.23327574149404234,-0.4924710098207561,0.6173747181892395
52,2,17,0.11478647597325893,-0.6776104871969801,0.7410866022109985
52,2,18,-0.14440879235345477,-0.33695384882472784,0.6194190382957458
52,2,19,0.11478647597325893,-0.7516662781474698,0.7398571372032166
52,2,20,-0.10738089687820997,-0.3887929024900706,0.6179040670394897
52,2,21,0.12959763416335687,-0.7516662781474698,0.7317392230033875
52,2,22,-0.1592199505435527,-0.522093326200952,0.6099804639816284
52,2,23,0.09256973868811204,-0.011108368642573445,0.9971495866775512
52,2,24,-0.09256973868811204,0.011108368642573445,0.9960593581199646
52,2,25,0.18884226692374856,0.7516662781474698,0.7004286050796509
52,2,26,0.02591952683267137,0.6924216453870781,0.6023901700973511
52,2,27,0.24808689968414027,1.492224187652366,0.7307778000831604
52,2,28,0.24808689968414027,1.4551962921771213,0.6416350603103638
52,2,29,0.27030363696928716,1.6699580859335412,0.7401902079582214
52,2,30,0.24808689968414027,1.6403357695533454,0.6526288986206055
52,2,31,0.04813626411781826,1.6699580859335412,0.7811489105224609
52,2,32,0.08516415959306307,1.6477413486483943,0.705357551574707
53,1,0,0.34705344927586457,-1.2339678196475186,0.998246967792511
53,1,1,0.3547657481486616,-1.3033785095026915,0.9975400567054749
53,1,2,0.3547657481486616,-1.3110908083754884,0.9973111748695374
53,1,3,0.3547657481486616,-1.3110908083754884,0.9974567890167236
53,1,4,0.3316288515302706,-1.3110908083754884,0.9977710843086244
53,1,5,0.30849195491187964,-1.3110908083754884,0.9975687265396118
53,1,6,0.2930673571662856,-1.3188031072482855,0.9976980686187744
53,1,7,0.2622181616750977,-1.3265154061210824,0.9954869151115416
53,1,8,0.1773828740743308,-1.3419400038666764,0.997302234172821
53,1,9,0.30849195491187964,-1.1799817275379396,0.9966555833816528
53,1,10,0.27764275942069166,-1.1799817275379396,0.9973156452178956
53,1,11,0.23136896618390973,-0.9717496579724209,0.9992282390594482
53,1,12,-0.13110908083754885,-1.0257357500819997,0.9991801977157592
53,1,13,0.30077965603908263,-0.5321486222229924,0.6045889258384705
53,1,14,-0.12339678196475186,-0.45502563349502245,0.605718195438385
53,1,15,0.5167240244773984,-0.6092716109509623,0.7594674825668335
53,1,16,0.18509517294712777,-0.863777473753263,0.6552111506462097
53,1,17,0.6092716109509623,-0.6015593120781653,0.7401831150054932
53,1,18,0.2853550582934887,-0.9331881636084359,0.6566677689552307
53,1,19,0.6324085075693533,-0.6324085075693533,0.7401543259620667
53,1,20,0.27764275942069166,-0.9871742557180149,0.6552001237869263
53,1,21,0.5938470132053683,-0.6478331053149472,0.7317591309547424
53,1,22,0.24679356392950372,-0.9794619568452179,0.6471300721168518
53,1,23,0.12339678196475186,0.0,0.996351957321167
53,1,24,-0.12339678196475186,0.0,0.9947506189346312
53,1,25,0.1773828740743308,0.7095314962973231,0.6606034636497498
53,1,26,-0.10025988534636088,0.7095314962973231,0.6140670776367188
53,1,27,-0.030849195491187965,1.3650769004850674,0.6959772109985352
53,1,28,-0.10025988534636088,1.4653367858314283,0.6432110071182251
53,1,29,-0.13882137971034583,1.5270351768138042,0.7152681946754456
53,1,30,-0.21594436843831574,1.627295062160165,0.6502967476844788
53,1,31,0.18509517294712777,1.5733089700505862,0.7595773935317993
53,1,32,0.1619582763287368,1.627295062160165,0.7050087451934814
53,2,0,-0.15321474496835497,-1.2767895414029582,0.9983847141265868
53,2,1,-0.09821458010791985,-1.355361205489294,0.9977491497993468
53,2,2,-0.08250024729065268,-1.355361205489294,0.9975427389144896
53,2,3,-0.0667859144733855,-1.355361205489294,0.9976776242256165
53,2,4,-0.11392891292518703,-1.355361205489294,0.9979298114776612
53,2,5,-0.11392891292518703,-1.355361205489294,0.9977381825447084
53,2,6,-0.11392891292518703,-1.3632183718979276,0.9978556036949158
53,2,7,-0.058928748064751915,-1.3710755383065611,0.9959068298339844
53,2,8,-0.1375004121510878,-1.3789327047151947,0.9974737167358398
53,2,9,-0.1375004121510878,-1.221789376542523,0.9969629645347596
53,2,10,-0.15321474496835497,-1.2296465429511565,0.9975020289421082
53,2,11,0.058928748064751915,-1.0017887171007824,0.9992994666099548
53,2,12,-0.27892940750649237,-0.9860743842835153,0.9991667866706848
53,2,13,0.1375004121510878,-0.4675014013136985,0.6434915065765381
53,2,14,-0.2003577434201565,-0.4675014013136985,0.5574482083320618
53,2,15,-0.1453575785597214,-0.6167875630777366,0.7824227213859558
53,2,16,-0.18464341060288933,-0.44392990208779776,0.6167116761207581
53,2,17,-0.2632150746892252,-0.6325018958950038,0.7641587853431702
53,2,18,-0.31035807314102676,-0.49893006694823283,0.6218367218971252
53,2,19,-0.23178640905469086,-0.6953592271640726,0.7640026211738586
53,2,20,-0.38107257081872903,-0.6717877279381718,0.6210542321205139
53,2,21,-0.2082149098287901,-0.6953592271640726,0.7552446722984314
53,2,22,-0.3575010715928283,-0.6246447294863703,0.614504337310791
53,2,23,0.10607174651655345,0.003928583204316794,0.996451199054718
53,2,24,-0.10607174651655345,-0.003928583204316794,0.9947408437728882
53,2,25,0.17678624419425573,0.7739308912504085,0.6886305809020996
53,2,26,-0.04321441524748473,0.7346450592072405,0.6100457310676575
53,2,27,0.23964357546332443,1.6067905305655688,0.720173180103302
53,2,28,0.2003577434201565,1.5517903657051337,0.6449987888336182
53,2,29,0.30250090673239316,1.7717910251468743,0.7314251661300659
53,2,30,0.27892940750649237,1.6696478618346375,0.6542767882347107
53,2,31,0.01964291602158397,1.8267911900073093,0.7757537364959717
53,2,32,0.03535724883885115,1.701076527469172,0.7086374163627625
54,1,0,0.30854931141603087,-1.2264835128787226,0.9979490041732788
54,1,1,0.3239767769868324,-1.3036208407327303,0.9971188306808472
54,1,2,0.3239767769868324,-1.3036208407327303,0.9964991211891174
54,1,3,0.3316905097722332,-1.3036208407327303,0.9968026280403136
54,1,4,0.3008355786306301,-1.3113345735181312,0.997491419315338
54,1,5,0.28540811305982855,-1.3190483063035319,0.9971907734870912
54,1,6,0.26226691470362623,-1.3267620390889328,0.9974722266197203
54,1,7,0.269980647489027,-1.3267620390889328,0.9940031170845032
54,1,8,0.17741585406421773,-1.349903237445135,0.9970408082008362
54,1,9,0.2776943802744278,-1.180201116166318,0.996010720729828
54,1,10,0.25455318191822546,-1.1879148489517188,0.997115969657898
54,1,11,0.20827078520582082,-0.9719303309604972,0.9988576769828796
54,1,12,-0.11570599178101157,-1.0259264604583025,0.9991840124130248
54,1,13,0.30854931141603087,-0.5322475621926532,0.5884904265403748
54,1,14,-0.08485106063940849,-0.4628239671240463,0.599942684173584
54,1,15,0.5476750277634548,-0.6016711572612602,0.735308825969696
54,1,16,0.19284331963501927,-0.8639380719648864,0.6541468501091003
54,1,17,0.5939574244758594,-0.6170986228320617,0.7182909250259399
54,1,18,0.28540811305982855,-0.9487891326042949,0.6578369140625
54,1,19,0.6479535539736648,-0.6402398211882641,0.7183231711387634
54,1,20,0.25455318191822546,-1.010498994887501,0.6568735241889954
54,1,21,0.5785299589050579,-0.6710947523298672,0.7114351987838745
54,1,22,0.22369825077662236,-0.9950715293166995,0.6494161486625671
54,1,23,0.10027852621021002,0.0,0.9957906007766724
54,1,24,-0.10027852621021002,0.0,0.9937054514884948
54,1,25,0.15427465570801543,0.6942359506860694,0.6386065483093262
54,1,26,-0.0539961294978054,0.7096634162568709,0.5951258540153503
54,1,27,-0.046282396712404625,1.4116130997283411,0.6753932237625122
54,1,28,-0.09256479342480925,1.4578954964407458,0.6173973679542542
54,1,29,-0.14656092292261466,1.5350328242947535,0.6972123384475708
54,1,30,-0.19284331963501927,1.5967426865779597,0.6285524368286133
54,1,31,0.23141198356202314,1.5813152210071582,0.7426750659942627
54,1,32,0.20055705242042005,1.6275976177195628,0.6854288578033447
54,2,0,0.1183959453503333,-1.2707831467602442,0.9981234073638916
54,2,1,0.16575432349046662,-1.3497137769937997,0.9973770976066588
54,2,2,0.18943351256053328,-1.3497137769937997,0.9968205690383912
54,2,3,0.22100576465395552,-1.3576068400171553,0.9970971941947936
54,2,4,0.09471675628026664,-1.3576068400171553,0.9976874589920044
54,2,5,0.07893063023355554,-1.3576068400171553,0.9974088072776794
54,2,6,0.06314450418684443,-1.3576068400171553,0.9976595044136048
54,2,7,0.1341820713970444,-1.3654999030405108,0.9945801496505736
54,2,8,0.05525144116348888,-1.3654999030405108,0.9972546100616456
54,2,9,0.14996819744375553,-1.2155317055967554,0.9963901042938232
54,2,10,0.0868236932569111,-1.223424768620111,0.9973443746566772
54,2,11,0.24468495372402216,-0.9866328779194442,0.9989691972732544
54,2,12,-0.1341820713970444,-1.010312066989511,0.9991711378097534
54,2,13,0.33150864698093324,-0.4735837814013332,0.6291273236274719
54,2,14,-0.16575432349046662,-0.4972629704713999,0.5535039305686951
54,2,15,0.09471675628026664,-0.5998727897750221,0.7607082724571228
54,2,16,-0.18943351256053328,-0.8445577434990442,0.6146178245544434
54,2,17,-0.04735837814013332,-0.6235519788450887,0.7444410920143127
54,2,18,-0.22100576465395552,-0.7498409872187776,0.6221628785133362
54,2,19,-0.007893063023355554,-0.6788034200085776,0.7443164587020874
54,2,20,-0.22100576465395552,-0.7498409872187776,0.6213779449462891
54,2,21,0.015786126046711108,-0.6866964830319332,0.7368330955505371
54,2,22,-0.15786126046711108,-0.8603438695457554,0.6148597598075867
54,2,23,0.15786126046711108,0.007893063023355554,0.9961221218109132
54,2,24,-0.15786126046711108,-0.007893063023355554,0.9940298199653624
54,2,25,0.18154044953717774,0.7735201762888443,0.6723755598068237
54,2,26,0.1183959453503333,0.7577340502421331,0.5929327011108398
54,2,27,0.38676008814442214,1.5312542265309774,0.7047156691551208
54,2,28,0.4104392772144888,1.5312542265309774,0.6246841549873352
54,2,29,0.43411846628455547,1.7285808021148663,0.7227742671966553
54,2,30,0.4183323402378444,1.625970982811244,0.6408619284629822
54,2,31,0.22100576465395552,1.8075114323484218,0.7628705501556396
54,2,32,0.29993639488751106,1.6891154869980884,0.6894939541816711
55,1,0,0.42494312159843156,-1.242141432364646,0.9981629848480223
55,1,1,0.44128708781375586,-1.3238612634412676,0.9974350333213806
55,1,2,0.44128708781375586,-1.3238612634412676,0.9968737959861756
55,1,3,0.44128708781375586,-1.3238612634412676,0.9971450567245485
55,1,4,0.4167711384907694,-1.3238612634412676,0.9977319836616516
55,1,5,0.4004271722754451,-1.3320332465489297,0.9974545240402222
55,1,6,0.3759112229524587,-1.3320332465489297,0.99766206741333
55,1,7,0.3432232905218101,-1.3320332465489297,0.994831383228302
55,1,8,0.2533314763375265,-1.3565491958719162,0.9971882104873656
55,1,9,0.35139527362947226,-1.176765567503349,0.996314287185669
55,1,10,0.3268793243064858,-1.1849375506110111,0.9972556233406068
55,1,11,0.22881552701454008,-1.005153922242444,0.9989867806434632
55,1,12,-0.07354784796895932,-0.9888099560271196,0.999173641204834
55,1,13,0.2533314763375265,-0.5148349357827151,0.597525954246521
55,1,14,-0.04903189864597287,-0.4331151047060937,0.5959922075271606
55,1,15,0.6047267499669987,-0.6047267499669987,0.7717468738555908
55,1,16,0.17161164526090505,-0.956122023596471,0.6528307795524597
55,1,17,0.7273064965819309,-0.5802108006440123,0.7549360394477844
55,1,18,0.21247156079921578,-1.0950457364267274,0.6593723297119141
55,1,19,0.7518224459049174,-0.6292426992899852,0.7554877996444702
55,1,20,0.17161164526090505,-1.119561685749714,0.6586092114448547
55,1,21,0.7027905472589445,-0.6455866655053095,0.7472734451293945
55,1,22,0.1634396621532429,-1.0950457364267274,0.6521239280700684
55,1,23,0.12257974661493218,-0.01634396621532429,0.9960134625434875
55,1,24,-0.12257974661493218,0.01634396621532429,0.9937000274658204
55,1,25,0.33505130741414796,0.6537586486129716,0.6592999696731567
55,1,26,0.01634396621532429,0.7926823614432281,0.6061980724334717
55,1,27,0.040859915538310726,1.3892371283025646,0.68602454662323
55,1,28,-0.03268793243064858,1.511816874917497,0.6398345828056335
55,1,29,-0.06537586486129716,1.4709569593791862,0.711444616317749
55,1,30,-0.14709569593791863,1.626224638424767,0.6519684791564941
55,1,31,0.27784742566051296,1.6425686046400911,0.7538373470306396
55,1,32,0.2696754425528508,1.7161164526090504,0.7001864314079285
55,2,0,-0.21843559247601163,-1.2782527263411052,0.9982202053070068
55,2,1,-0.13753352118859993,-1.3510645904997758,0.9975751638412476
55,2,2,-0.12944331405985876,-1.3510645904997758,0.9970647096633912
55,2,3,-0.1132628998023764,-1.359154797628517,0.9973293542861938
55,2,4,-0.12944331405985876,-1.359154797628517,0.997797667980194
55,2,5,-0.10517269267363523,-1.359154797628517,0.9975280165672302
55,2,6,-0.08090207128741173,-1.359154797628517,0.9977430105209352
55,2,7,-0.13753352118859993,-1.3429743833710346,0.9952576756477356
55,2,8,-0.2265257996047528,-1.359154797628517,0.9972553849220276
55,2,9,-0.1941649710897881,-1.1973506550536934,0.9965505003929138
55,2,10,-0.1941649710897881,-1.2054408621824346,0.99716979265213
55,2,11,-0.008090207128741173,-1.0193660982213877,0.9990719556808472
55,2,12,-0.2588866281197175,-0.9627346483201995,0.9990657567977904
55,2,13,0.04854124277244703,-0.5096830491106938,0.6367841958999634
55,2,14,-0.40451035643705857,-0.44496139208076446,0.5459917187690735
55,2,15,-0.2265257996047528,-0.566314499011882,0.7912377119064331
55,2,16,-0.5258634633681761,-0.8575619556465642,0.6022051572799683
55,2,17,-0.36405932079335274,-0.566314499011882,0.773349404335022
55,2,18,-0.5824949132693644,-0.9546444411914583,0.6103020906448364
55,2,19,-0.3155180780209057,-0.6472165702992938,0.7735190391540527
55,2,20,-0.5986753275268467,-0.849471748517823,0.6095688939094543
55,2,21,-0.26697683524845867,-0.6472165702992938,0.7625483870506287
55,2,22,-0.566314499011882,-0.800930505745376,0.6045668721199036
55,2,23,0.09708248554489406,-0.008090207128741173,0.9958646893501282
55,2,24,-0.09708248554489406,0.008090207128741173,0.9937589168548584
55,2,25,-0.10517269267363523,0.7685696772304114,0.6868737936019897
55,2,26,-0.3802397350508351,0.8332913342603407,0.5800533890724182
55,2,27,0.0889922784161529,1.5695001829757873,0.7071318030357361
55,2,28,0.06472165702992938,1.5695001829757873,0.6238483786582947
55,2,29,0.1941649710897881,1.6908532899069049,0.728460431098938
55,2,30,0.16989434970356462,1.6827630827781637,0.6456766724586487
55,2,31,-0.07281186415867055,1.836477018224246,0.7671825885772705
55,2,32,-0.12135310693111757,1.7232141184218697,0.6848030090332031
56,1,0,0.4554346200648491,-1.2684066988721965,0.9983171820640564
56,1,1,0.4724602133383014,-1.3450218686027318,0.9976969957351683
56,1,2,0.4724602133383014,-1.3450218686027318,0.9972243309020996
56,1,3,0.4724602133383014,-1.3450218686027318,0.99745911359787
56,1,4,0.4554346200648491,-1.353534665239458,0.9978704452514648
56,1,5,0.43840902679139676,-1.353534665239458,0.9976108074188232
56,1,6,0.4213834335179445,-1.3620474618761842,0.997751772403717
56,1,7,0.3703066536975876,-1.3450218686027318,0.9955527782440186
56,1,8,0.26815309405687376,-1.3790730551496364,0.9972586035728456
56,1,9,0.4043578402444922,-1.183278732504935,0.9966586828231812
56,1,10,0.38733224697103985,-1.1917915291416612,0.9972811341285706
56,1,11,0.25112750078342144,-1.0045100031336858,0.9991241693496704
56,1,12,-0.07235877141217228,-0.9874844098602336,0.999073326587677
56,1,13,0.2766658906935999,-0.4937422049301168,0.6195963025093079
56,1,14,-0.021281991591815378,-0.39158864528940296,0.5901846885681152
56,1,15,0.676767332619729,-0.5958957645708306,0.804688572883606
56,1,16,0.225589110873243,-0.8683052569460674,0.6416873931884766
56,1,17,0.8385104687175259,-0.5277933914770213,0.7863837480545044
56,1,18,0.26815309405687376,-0.9959972064969597,0.6486564874649048
56,1,19,0.8640488586277043,-0.6044085612075567,0.7870244383811951
56,1,20,0.25112750078342144,-1.0215355964071382,0.6479597687721252
56,1,21,0.8044592821706212,-0.6129213578442829,0.7762745022773743
56,1,22,0.23410190750996915,-0.9874844098602336,0.6428595185279846
56,1,23,0.13194834786925533,-0.0170255932734523,0.9958289265632628
56,1,24,-0.13194834786925533,0.0170255932734523,0.993110418319702
56,1,25,0.5490753830688367,0.621434154481009,0.6974924206733704
56,1,26,0.03830758486526768,0.8342540703991628,0.6137889623641968
56,1,27,0.28517868733032603,1.3279962753292796,0.7107993364334106
56,1,28,-0.055333178138719984,1.5493289878841594,0.6525072455406189
56,1,29,0.1915379243263384,1.4301498349699933,0.7310197949409485
56,1,30,-0.15748673777943378,1.6770209374350518,0.6619653105735779
56,1,31,0.5405625864321106,1.6089185643412425,0.7675784230232239
56,1,32,0.23410190750996915,1.7621489038023133,0.7047868371009827
56,2,0,-0.23066417054582436,-1.300468685663527,0.9984461069107056
56,2,1,-0.17498661213821157,-1.3720541179018864,0.9979008436203004
56,2,2,-0.15907873830746508,-1.3720541179018864,0.9974741339683532
56,2,3,-0.14317086447671856,-1.3720541179018864,0.9976887106895448
56,2,4,-0.19089448596895808,-1.3800080548172595,0.9980359077453612
56,2,5,-0.18294054905358484,-1.3800080548172595,0.9977989196777344
56,2,6,-0.18294054905358484,-1.3879619917326327,0.9979336857795716
56,2,7,-0.03976968457686627,-1.3561462440711398,0.9959808588027954
56,2,8,-0.09544724298447904,-1.3879619917326327,0.997498095035553
56,2,9,-0.19089448596895808,-1.2209293165097945,0.99697607755661
56,2,10,-0.2068023597997046,-1.2288832534251677,0.9975022077560424
56,2,11,0.05567755840761278,-0.9902651459639701,0.9992080926895142
56,2,12,-0.17498661213821157,-1.0061730197947165,0.999119222164154
56,2,13,0.04772362149223952,-0.4414434988032156,0.6567626595497131
56,2,14,-0.3102035396995569,-0.5209828679569481,0.5473224520683289
56,2,15,-0.24657204437657088,-0.5925683001953074,0.8222196698188782
56,2,16,-0.5090519625838882,-0.8073245969103853,0.6077457666397095
56,2,17,-0.39769684576866265,-0.5527986156184411,0.8038841485977173
56,2,18,-0.628361016314487,-0.6482458586029202,0.6169010996818542
56,2,19,-0.34997322427642313,-0.6641537324336667,0.8043821454048157
56,2,20,-0.6363149532298603,-0.6641537324336667,0.6165347099304199
56,2,21,-0.2942956658688104,-0.67210766934904,0.792495608329773
56,2,22,-0.5567755840761277,-0.7198312908412795,0.6130968928337097
56,2,23,0.04772362149223952,0.02783877920380639,0.996033787727356
56,2,24,-0.04772362149223952,-0.02783877920380639,0.993331491947174
56,2,25,0.03181574766149301,0.6959694800951597,0.6988551616668701
56,2,26,-0.16703267522283832,0.6402919216875469,0.5637742280960083
56,2,27,0.07158543223835928,1.4356856132248723,0.6935443878173828
56,2,28,-0.13521692756134532,1.3163765594942736,0.5953070521354675
56,2,29,-0.007953936915373253,1.554994666955471,0.719806969165802
56,2,30,0.05567755840761278,1.4038698655633792,0.6194179654121399
56,2,31,-0.07158543223835928,1.6663497837706966,0.74510258436203
56,2,32,-0.03976968457686627,1.547040730040098,0.6482376456260681
57,1,0,0.4691908877500067,-1.2753461403386546,0.9985623359680176
57,1,1,0.4777216311636432,-1.3521228310613829,0.9980624318122864
57,1,2,0.4777216311636432,-1.3521228310613829,0.99767005443573
57,1,3,0.4691908877500067,-1.3521228310613829,0.997865617275238
57,1,4,0.4606601443363702,-1.3606535744750194,0.998181700706482
57,1,5,0.44359865750909727,-1.369184317888656,0.997956395149231
57,1,6,0.4265371706818243,-1.3777150613022924,0.9980746507644652
57,1,7,0.3753527102000054,-1.3606535744750194,0.9962623119354248
57,1,8,0.31563750630454995,-1.3947765481295653,0.997692048549652
57,1,9,0.4180064272681878,-1.2071001930295626,0.9971987009048462
57,1,10,0.40094494044091483,-1.2156309364431992,0.997710108757019
57,1,11,0.2559223024090946,-0.9767701208613776,0.9992440938949584
57,1,12,-0.03412297365454594,-1.0108930945159236,0.9991925954818726
57,1,13,0.31563750630454995,-0.5417022067659168,0.6292173862457275
57,1,14,-0.008530743413636485,-0.45639477262955197,0.5917776226997375
57,1,15,0.6568672428500094,-0.6611326145568276,0.8116753101348877
57,1,16,0.4265371706818243,-0.737909305279556,0.6462881565093994
57,1,17,0.8018898808818297,-0.6611326145568276,0.7908719778060913
57,1,18,0.580090552127281,-0.7464400486931925,0.6536882519721985
57,1,19,0.8018898808818297,-0.7123170750386465,0.7918375134468079
57,1,20,0.545967578472735,-0.8317474828295573,0.6531982421875
57,1,21,0.7336439335727377,-0.7123170750386465,0.7804357409477234
57,1,22,0.4947831179909162,-0.8232167394159209,0.6485778093338013
57,1,23,0.1194304077909108,-0.004265371706818242,0.9962773323059082
57,1,24,-0.1194304077909108,0.004265371706818242,0.9935680627822876
57,1,25,0.48625237457727966,0.6440711277295547,0.6791965961456299
57,1,26,0.08530743413636485,0.737909305279556,0.5973911285400391
57,1,27,0.45212940092273374,1.4033072915432019,0.6881300210952759
57,1,28,-0.06824594730909188,1.4971454690932031,0.6207797527313232
57,1,29,0.3924141970272783,1.5312684427477492,0.7110477089881897
57,1,30,-0.1791456116863662,1.616575876884114,0.6323392987251282
57,1,31,0.8189513677091026,1.5909836466432046,0.7432402968406677
57,1,32,0.21326858534091214,1.701883311020479,0.6681017279624939
57,2,0,-0.1692795317234756,-1.295185254349383,0.9986270070075988
57,2,1,-0.12203873217273821,-1.366046453675489,0.9981955289840698
57,2,2,-0.11416526558094865,-1.366046453675489,0.9978373646736144
57,2,3,-0.09841833239736952,-1.366046453675489,0.9980220198631288
57,2,4,-0.12991219876452778,-1.3739199202672787,0.9982693195343018
57,2,5,-0.12203873217273821,-1.3817933868590682,0.9980567693710328
57,2,6,-0.12203873217273821,-1.3896668534508578,0.9981774687767028
57,2,7,0.003936733295894781,-1.366046453675489,0.9965833425521852
57,2,8,-0.011810199887684343,-1.3896668534508578,0.9978575706481934
57,2,9,-0.12991219876452778,-1.2321975216150665,0.9974352717399596
57,2,10,-0.13778566535631734,-1.2400709882068561,0.9978173971176147
57,2,11,0.07479793262200084,-0.972373124086011,0.9993115663528442
57,2,12,-0.09841833239736952,-1.027487390228538,0.999182939529419
57,2,13,0.15353259853989645,-0.3976100628853729,0.664849042892456
57,2,14,-0.11416526558094865,-0.48421819539505806,0.5449248552322388
57,2,15,-0.07479793262200084,-0.594446727680112,0.8283913731575012
57,2,16,-0.1456591319481069,-0.7440425929241137,0.6016646027565002
57,2,17,-0.23226726445779208,-0.6023201942719015,0.8080161213874817
57,2,18,-0.32674886355926686,-0.6259405940472702,0.6098465323448181
57,2,19,-0.21652033127421297,-0.6889283267815867,0.808586061000824
57,2,20,-0.34249579674284597,-0.7282956597405345,0.6088631749153137
57,2,21,-0.1692795317234756,-0.7046752599651658,0.795529305934906
57,2,22,-0.26376113082495034,-0.7440425929241137,0.6055030822753906
57,2,23,0.003936733295894781,0.03543059966305303,0.9962658286094666
57,2,24,-0.003936733295894781,-0.03543059966305303,0.9931844472885132
57,2,25,-0.1456591319481069,0.4999651285786372,0.6650305390357971
57,2,26,-0.15353259853989645,0.6259405940472702,0.5479112863540649
57,2,27,-0.22439379786600253,1.2400709882068561,0.6626060009002686
57,2,28,-0.05117753284663215,1.3345525873083308,0.5683407783508301
57,2,29,-0.15353259853989645,1.3188056541247517,0.7053276300430298
57,2,30,-0.02755713307126347,1.4447811195933846,0.5940662622451782
57,2,31,-0.4999651285786372,1.5786300516538072,0.7122851014137268
57,2,32,-0.12991219876452778,1.5392627186948593,0.6151205897331238
58,1,0,0.4629623895440993,-1.2429080367940684,0.9987269639968872
58,1,1,0.4713040542205696,-1.3179830188823007,0.9983264803886414
58,1,2,0.4629623895440993,-1.3179830188823007,0.9979965686798096
58,1,3,0.4629623895440993,-1.326324683558771,0.9981656074523926
58,1,4,0.45462072486762906,-1.326324683558771,0.9983955025672911
58,1,5,0.4379373955146885,-1.3346663482352412,0.9981969594955444
58,1,6,0.4295957308382183,-1.3513496775881817,0.9983089566230774
58,1,7,0.3712040781029265,-1.326324683558771,0.9967894554138184
58,1,8,0.32115409004410495,-1.359691342264652,0.998035728931427
58,1,9,0.41291240148527775,-1.1761747193823064,0.997632086277008
58,1,10,0.39622907213233727,-1.192858048735247,0.9980087876319884
58,1,11,0.25442077263234286,-0.9676331024705499,0.9993377923965454
58,1,12,-0.012512497014705387,-1.0176830905293714,0.9992597699165344
58,1,13,0.2627624373088131,-0.5088415452646857,0.6190680265426636
58,1,14,0.012512497014705387,-0.4337665631764534,0.5899432897567749
58,1,15,0.4629623895440993,-0.6089415213823288,0.8000521063804626
58,1,16,0.39622907213233727,-0.6673331741176206,0.6410293579101562
58,1,17,0.6214540183970342,-0.6089415213823288,0.7816494703292847
58,1,18,0.5380373716323317,-0.6506498447646801,0.6478206515312195
58,1,19,0.6131123537205639,-0.6673331741176206,0.7828394770622253
58,1,20,0.5547207009852722,-0.7340664915293826,0.6468293070793152
58,1,21,0.5547207009852722,-0.6756748387940908,0.7694411277770996
58,1,22,0.49632904824998036,-0.742408156205853,0.6427149772644043
58,1,23,0.11261247313234848,0.0,0.9965397715568542
58,1,24,-0.11261247313234848,0.0,0.9936580061912536
58,1,25,0.4379373955146885,0.6673331741176206,0.6565194725990295
58,1,26,0.03753749104411616,0.7507498208823232,0.5855029821395874
58,1,27,0.4379373955146885,1.4514496537058248,0.6710742115974426
58,1,28,-0.07924581442646746,1.518182971117587,0.6010233163833618
58,1,29,0.22105411392646182,1.6099412825587598,0.7071356177330017
58,1,30,-0.1876874552205808,1.6349662765881705,0.6148009896278381
58,1,31,0.8216539706323204,1.6599912706175812,0.7226594090461731
58,1,32,0.19602911989705105,1.7100412586764029,0.6431745886802673
58,2,0,-0.2132338530416542,-1.2683737810236329,0.998795211315155
58,2,1,-0.18382228710487433,-1.3345498043813877,0.998435914516449
58,2,2,-0.17646939562067934,-1.3345498043813877,0.9981367588043212
58,2,3,-0.17646939562067934,-1.3345498043813877,0.9982953667640686
58,2,4,-0.18382228710487433,-1.3419026958655826,0.9984860420227052
58,2,5,-0.17646939562067934,-1.3492555873497776,0.998302400112152
58,2,6,-0.16911650413648438,-1.3566084788339725,0.9984145164489746
58,2,7,-0.10294048077872962,-1.3345498043813877,0.997057557106018
58,2,8,-0.09558758929453465,-1.3566084788339725,0.9981467723846436
58,2,9,-0.17646939562067934,-1.2021977576658782,0.9978172779083252
58,2,10,-0.16911650413648438,-1.2095506491500732,0.998102366924286
58,2,11,0.05882313187355979,-0.9889639046242239,0.999397873878479
58,2,12,-0.05147024038936481,-1.0110225790768088,0.9992327690124512
58,2,13,0.08088180632614471,-0.4669086092463808,0.6557274460792542
58,2,14,0.0073528914841949735,-0.45955571776218584,0.53358393907547
58,2,15,-0.1911751785890693,-0.5772019815093054,0.8148868680000305
58,2,16,-0.05147024038936481,-0.09926403503663214,0.5799111723899841
58,2,17,-0.279409876399409,-0.5772019815093054,0.7953094244003296
58,2,18,-0.05882313187355979,-0.018382228710487433,0.586970329284668
58,2,19,-0.272056984915214,-0.6433780048670602,0.7957801818847656
58,2,20,-0.08088180632614471,-0.047793794647267324,0.5859971046447754
58,2,21,-0.23529252749423915,-0.6507308963512551,0.7794203758239746
58,2,22,-0.08088180632614471,-0.07720536058404721,0.5827143788337708
58,2,23,0.0073528914841949735,0.011029337226292459,0.9967275857925416
58,2,24,-0.0073528914841949735,-0.011029337226292459,0.9937312602996826
58,2,25,-0.029411565936779894,0.7242598111932048,0.6822678446769714
58,2,26,0.029411565936779894,0.6654366793196451,0.5617570877075195
58,2,27,-0.09558758929453465,1.540430765938847,0.6973382830619812
58,2,28,0.08823469781033967,1.4669018510968972,0.5945180654525757
58,2,29,-0.06617602335775476,1.6654299211701615,0.7261365652084351
58,2,30,0.2205867445258492,1.6286654637491866,0.6168166995048523
58,2,31,-0.4264677060833084,1.6066067892966016,0.7419453859329224
58,2,32,-0.0073528914841949735,1.5624894403914318,0.6392456889152527
59,1,0,0.48200217579956456,-1.2254292605073676,0.9988303184509276
59,1,1,0.490171704202947,-1.2989550161378096,0.9984820485115052
59,1,2,0.48200217579956456,-1.3071245445411919,0.9982099533081056
59,1,3,0.48200217579956456,-1.3071245445411919,0.9983595013618468
59,1,4,0.4738326473961821,-1.3071245445411919,0.9985156655311584
59,1,5,0.4574935905894172,-1.3152940729445743,0.9983295202255248
59,1,6,0.4493240621860347,-1.3234636013479568,0.9984363913536072
59,1,7,0.3921373633623576,-1.3152940729445743,0.9971041083335876
59,1,8,0.3431201929420629,-1.3398026581547218,0.9982001781463624
59,1,9,0.4329850053792698,-1.160073033280308,0.9978288412094116
59,1,10,0.4084764201691225,-1.1682425616836902,0.9981778860092164
59,1,11,0.2450858521014735,-0.9721738800025115,0.99937504529953
59,1,12,0.05718669882367715,-1.0048519936160414,0.999296009540558
59,1,13,0.18789915327779635,-0.4411545337826523,0.5989540815353394
59,1,14,0.0490171704202947,-0.38396783495897513,0.5792747735977173
59,1,15,0.31044207932853307,-0.3594592497488278,0.7566883563995361
59,1,16,0.4166459485725049,-0.5718669882367715,0.6205191016197205
59,1,17,0.48200217579956456,-0.40030689176574,0.7422173619270325
59,1,18,0.5555279314300066,-0.580036516640154,0.6258953213691711
59,1,19,0.4574935905894172,-0.3757983065555927,0.7436715364456177
59,1,20,0.5718669882367715,-0.6617318006739784,0.6248783469200134
59,1,21,0.4329850053792698,-0.5065107610097119,0.7296466827392578
59,1,22,0.5146802894130943,-0.6699013290773609,0.6201052665710449
59,1,23,0.1143733976473543,-0.00816952840338245,0.9968895316123962
59,1,24,-0.1143733976473543,0.00816952840338245,0.9941068887710572
59,1,25,0.5065107610097119,0.6453927438672136,0.6757771968841553
59,1,26,0.08169528403382449,0.7924442551280976,0.5998532176017761
59,1,27,0.49834123260632945,1.4786846410122234,0.7019538879394531
59,1,28,-0.05718669882367715,1.5113627546257533,0.625395655632019
59,1,29,0.40030689176574,1.6257361522731075,0.7242311239242554
59,1,30,-0.17156009647103146,1.6747533226934022,0.6327240467071533
59,1,31,0.8741395391619221,1.6420752090798725,0.7491705417633057
59,1,32,0.2450858521014735,1.6829228510967846,0.6647467613220215
59,2,0,-0.25521647195059294,-1.2477249739806764,0.9988820552825928
59,2,1,-0.23394843262137682,-1.3115290919683247,0.9985768795013428
59,2,2,-0.2268590861783048,-1.3115290919683247,0.9983269572257996
59,2,3,-0.21976973973523278,-1.3186184384113968,0.9984704852104188
59,2,4,-0.2268590861783048,-1.3186184384113968,0.9985858201980592
59,2,5,-0.21976973973523278,-1.3257077848544687,0.9984095096588136
59,2,6,-0.21268039329216076,-1.3257077848544687,0.9985204339027404
59,2,7,-0.14887627530451253,-1.3186184384113968,0.9973406195640564
59,2,8,-0.1417869288614405,-1.3327971312975408,0.9982924461364746
59,2,9,-0.21976973973523278,-1.1839208559930283,0.9979998469352722
59,2,10,-0.21976973973523278,-1.1910102024361002,0.9982717037200928
59,2,11,-0.007089346443072025,-0.9925085020300836,0.9994335174560548
59,2,12,-0.04962542510150418,-1.0066871949162275,0.9992631673812866
59,2,13,-0.021268039329216077,-0.4253607865843215,0.6375300288200378
59,2,14,0.0,-0.4537181723566096,0.5235205292701721
59,2,15,-0.276484511279809,-0.5175222903442579,0.7763323187828064
59,2,16,0.0,-0.37573536148281733,0.5608047246932983
59,2,17,-0.3615566685966733,-0.5317009832304019,0.7605518102645874
59,2,18,0.09216150375993633,-0.25521647195059294,0.5665287971496582
59,2,19,-0.34737797571052925,-0.567147715445762,0.7612760066986084
59,2,20,-0.1417869288614405,-0.3615566685966733,0.5656125545501709
59,2,21,-0.3119312434951691,-0.6238624869903382,0.744174063205719
59,2,22,0.1134295430891524,-0.269395164836737,0.561767578125
59,2,23,-0.0283573857722881,0.01417869288614405,0.9970617890357972
59,2,24,0.0283573857722881,-0.01417869288614405,0.9940425157546996
59,2,25,-0.08507215731686431,0.7160239907502746,0.6947640180587769
59,2,26,0.007089346443072025,0.6663985656487704,0.562720537185669
59,2,27,-0.09925085020300836,1.4674947137159093,0.7213626503944397
59,2,28,0.042536078658432154,1.389511902842117,0.5965903997421265
59,2,29,-0.0567147715445762,1.5738349103619895,0.738547146320343
59,2,30,0.09925085020300836,1.5383881781466295,0.6192535758018494
59,2,31,-0.4182714401412495,1.5525668710327736,0.7606334090232849
59,2,32,-0.03544673221536013,1.410779942171333,0.6415485143661499
