frame,player_id,landmark_index,x_norm,y_norm,visibility
1,1,0,0.022270235942212887,-1.3250790385616666,0.998220920562744
1,1,1,-0.029693647922950515,-1.3844663344075678,0.997608482837677
1,1,2,-0.029693647922950515,-1.3844663344075678,0.9973791241645812
1,1,3,-0.037117059903688146,-1.3918897463883053,0.997605800628662
1,1,4,-0.044540471884425774,-1.3770429224268301,0.9975925087928772
1,1,5,-0.0519638838651634,-1.3770429224268301,0.9972847104072572
1,1,6,-0.044540471884425774,-1.3770429224268301,0.9974538683891296
1,1,7,-0.029693647922950515,-1.3547726864846172,0.9956258535385132
1,1,8,-0.09650435574958917,-1.339925862523142,0.9969170689582824
1,1,9,0.029693647922950515,-1.2582683307350282,0.9958416819572448
1,1,10,0.007423411980737629,-1.2582683307350282,0.9970661401748656
1,1,11,0.08165753178811391,-0.9984489114092111,0.9989842176437378
1,1,12,-0.19300871149917834,-0.9984489114092111,0.999088704586029
1,1,13,0.1781618875377031,-0.5456207805842157,0.5842759609222412
1,1,14,0.1039277677303268,-0.47881007275757703,0.5558546185493469
1,1,15,0.3340535391331933,-0.9093679676403595,0.6812627911567688
1,1,16,0.24497259536434174,-0.9167913796210971,0.5656524896621704
1,1,17,0.43055789488278245,-0.9761786754669982,0.6640094518661499
1,1,18,0.31920671517171806,-0.9984489114092111,0.5645896792411804
1,1,19,0.4157110709213072,-1.0132957353706864,0.6624927520751953
1,1,20,0.28208965526802987,-1.0429893832936368,0.5628048777580261
1,1,21,0.36374718705614384,-0.9984489114092111,0.647135853767395
1,1,22,0.24497259536434174,-1.0207191473514239,0.5537251234054565
1,1,23,0.09650435574958917,-0.0037117059903688143,0.9966666102409364
1,1,24,-0.09650435574958917,0.0037117059903688143,0.9938818216323853
1,1,25,0.1261980036725397,0.6940890201989683,0.7313029766082764
1,1,26,-0.1039277677303268,0.7237826681219188,0.6396687626838684
1,1,27,-0.037117059903688146,1.3844663344075678,0.7748143076896667
1,1,28,-0.23754918338360412,1.540357986003058,0.677638590335846
1,1,29,-0.11135117971106444,1.5180877500608452,0.7727764844894409
1,1,30,-0.34890036309466854,1.6145921058104342,0.6738962531089783
1,1,31,0.14846823961475258,1.5774750459067461,0.8141571879386902
1,1,32,-0.007423411980737629,1.622015517791172,0.7031753659248352
1,2,0,-0.1697312976751292,-1.3320217056678618,0.9983938336372375
1,2,1,-0.1328331894848837,-1.3910586787722545,0.9978442192077636
1,2,2,-0.12545356784683462,-1.3984383004103036,0.9976374506950378
1,2,3,-0.11069432457073643,-1.3984383004103036,0.997842252254486
1,2,4,-0.14021281112293282,-1.3910586787722545,0.9978283047676086
1,2,5,-0.1328331894848837,-1.3910586787722545,0.9975498914718628
1,2,6,-0.12545356784683462,-1.3910586787722545,0.997703492641449
1,2,7,-0.022138864914147287,-1.3762994354961564,0.9960598945617676
1,2,8,-0.03689810819024548,-1.361540192220058,0.9972153902053832
1,2,9,-0.14021281112293282,-1.2656051109254198,0.9962470531463624
1,2,10,-0.154972054399031,-1.2656051109254198,0.9973403215408324
1,2,11,0.07379621638049096,-0.9925591103176034,0.99907648563385
1,2,12,-0.05165735146634367,-1.0073183535937016,0.9990447163581848
1,2,13,-0.08855545965658915,-0.5202633254824612,0.6249402165412903
1,2,14,-0.1475924327609819,-0.5128837038444122,0.5122984051704407
1,2,15,-0.14021281112293282,-0.8006889477283269,0.7111756205558777
1,2,16,-0.22876827077952197,-0.7933093260902778,0.5366336107254028
1,2,17,-0.07379621638049096,-0.8818647857468669,0.693713903427124
1,2,18,-0.30256448716001294,-0.8818647857468669,0.5364938974380493
1,2,19,-0.06641659474244185,-0.9335221372132105,0.6922135353088379
1,2,20,-0.22138864914147285,-0.9113832722990634,0.5337386131286621
1,2,21,-0.11069432457073643,-0.9187628939371124,0.6769090890884399
1,2,22,-0.14021281112293282,-0.8966240290229651,0.5250126719474792
1,2,23,0.044277729828294574,-0.003689810819024548,0.9968196749687196
1,2,24,-0.044277729828294574,0.003689810819024548,0.9942252039909364
1,2,25,0.10331470293268734,0.8597259208327196,0.7484031319618225
1,2,26,0.0,0.8302074342805232,0.6040274500846863
1,2,27,0.11807394620878553,1.745280517398611,0.7852216958999634
1,2,28,-0.029518486552196382,1.6493454361039728,0.6496944427490234
1,2,29,0.19187016258927647,1.9150118150737403,0.7790735363960266
1,2,30,0.007379621638049096,1.8264563554171511,0.6510998606681824
1,2,31,-0.18449054095122738,1.8707340852454457,0.8211700916290283
1,2,32,-0.21400902750342377,1.7747990039508075,0.6895841956138611
2,1,0,0.0803090102358177,-1.3958470826701648,0.9985352754592896
2,1,1,0.08795748740113367,-1.4570348999926925,0.9980428218841552
2,1,2,0.0803090102358177,-1.4646833771580086,0.9978525638580322
2,1,3,0.06501205590518576,-1.4646833771580086,0.9980396628379822
2,1,4,0.06501205590518576,-1.4493864228273765,0.9980237483978271
2,1,5,0.04206662440923784,-1.4493864228273765,0.9977684617042542
2,1,6,0.026769670078605902,-1.4417379456620607,0.9979076385498048
2,1,7,-0.01912119291328993,-1.4187925141661126,0.9964178204536438
2,1,8,-0.07266053307050173,-1.3881986055048487,0.9974800944328308
2,1,9,0.11090291889708159,-1.327010788182321,0.996605634689331
2,1,10,0.10325444173176562,-1.327010788182321,0.997586727142334
2,1,11,0.05736357873986979,-1.0057747472390504,0.9991238713264464
2,1,12,-0.17973921338492532,-0.9904777929084183,0.9991226196289062
2,1,13,0.16444225905429338,-0.5621630716507239,0.591749370098114
2,1,14,0.0803090102358177,-0.4780298228322482,0.5594135522842407
2,1,15,0.30976332519529687,-0.9216414984205745,0.7017917037010193
2,1,16,0.23327855354213714,-0.9139930212552586,0.5809445381164551
2,1,17,0.4091935283444045,-0.9828293157431024,0.6803880929946899
2,1,18,0.31741180236061284,-0.9751808385777864,0.5780978202819824
2,1,19,0.38624809684845657,-1.0363686559003142,0.678733766078949
2,1,20,0.29446637086466493,-1.04401713306563,0.5748880505561829
2,1,21,0.34035723385656075,-1.0287201787349982,0.6646259427070618
2,1,22,0.263872462203401,-1.0287201787349982,0.5646915435791016
2,1,23,0.08795748740113367,-0.011472715747973957,0.99682879447937
2,1,24,-0.08795748740113367,0.011472715747973957,0.9943274855613708
2,1,25,0.14914530472366144,0.7151326149570434,0.6924684047698975
2,1,26,-0.05736357873986979,0.7533750007836232,0.6060163378715515
2,1,27,-0.0803090102358177,1.4340894684967447,0.733301043510437
2,1,28,-0.23327855354213714,1.5488166259764842,0.6456776857376099
2,1,29,-0.1567937818889774,1.579410534637748,0.7330827116966248
2,1,30,-0.30976332519529687,1.617652920464328,0.6371205449104309
2,1,31,0.1338483503930295,1.617652920464328,0.786573052406311
2,1,32,-0.08795748740113367,1.610004443299012,0.6912586092948914
2,2,0,-0.0037593719305878807,-1.3759301265951644,0.998661458492279
2,2,1,0.011278115791763643,-1.4435988213457462,0.9982218742370604
2,2,2,0.011278115791763643,-1.4435988213457462,0.998049259185791
2,2,3,0.011278115791763643,-1.451117565206922,0.998220920562744
2,2,4,-0.0037593719305878807,-1.4360800774845706,0.998200297355652
2,2,5,-0.018796859652939403,-1.4360800774845706,0.9979659914970398
2,2,6,-0.026315603514115167,-1.4360800774845706,0.9980970621109008
2,2,7,0.018796859652939403,-1.421042589762219,0.9967565536499025
2,2,8,-0.018796859652939403,-1.3984863581786917,0.9976922869682312
2,2,9,0.03383434737529093,-1.3082614318445827,0.996900737285614
2,2,10,0.03383434737529093,-1.3082614318445827,0.997765064239502
2,2,11,0.0789468105423455,-1.007511677397552,0.9991791248321532
2,2,12,-0.08646555440352126,-0.9924741896752005,0.998937487602234
2,2,13,0.026315603514115167,-0.5488683018658306,0.6303869485855103
2,2,14,-0.011278115791763643,-0.5263120702823033,0.5112403035163879
2,2,15,-0.15413424915410312,-0.8120243370069823,0.7262648940086365
2,2,16,-0.1917279684599819,-0.8120243370069823,0.5425617098808289
2,2,17,-0.20676545618233344,-0.8721742878963884,0.7035050988197327
2,2,18,-0.2368404316270365,-0.8796930317575641,0.5431604385375977
2,2,19,-0.15413424915410312,-0.9248054949246187,0.7018930912017822
2,2,20,-0.19924671232115768,-0.9248054949246187,0.5403910279273987
2,2,21,-0.1390967614317516,-0.9172867510634429,0.6874732375144958
2,2,22,-0.1766904807376304,-0.9097680072022671,0.5310635566711426
2,2,23,0.13157801757057583,-0.007518743861175761,0.9967651963233948
2,2,24,-0.13157801757057583,0.007518743861175761,0.9943579435348512
2,2,25,0.13157801757057583,0.8947305194799157,0.7129493355751038
2,2,26,-0.0037593719305878807,0.8571368001740368,0.5803171396255493
2,2,27,0.018796859652939403,1.796979782821007,0.7494257092475891
2,2,28,-0.026315603514115167,1.6841986249033707,0.6277081966400146
2,2,29,0.10902178598704855,1.9623921477668738,0.7449694871902466
2,2,30,-0.07142806668116974,1.8496109898492374,0.621956467628479
2,2,31,-0.07142806668116974,1.9323171723221708,0.796726644039154
2,2,32,-0.07142806668116974,1.8195360144045343,0.6836341023445129
3,1,0,0.08431559369242611,-1.4092749231448363,0.9987846612930298
3,1,1,0.0762855371502903,-1.4654853189397872,0.9983909726142884
3,1,2,0.06825548060815446,-1.4654853189397872,0.9982337355613708
3,1,3,0.06022542406601865,-1.473515375481923,0.9983882904052734
3,1,4,0.052195367523882825,-1.4574552623976513,0.9983699321746826
3,1,5,0.02810519789747537,-1.4574552623976513,0.9981586933135986
3,1,6,0.00401502827106791,-1.4574552623976513,0.9982779622077942
3,1,7,-0.036135254439611186,-1.4333650927712438,0.9970582723617554
3,1,8,-0.09234565023456193,-1.3932148100605648,0.997918426990509
3,1,9,0.10840576331883357,-1.3289743577234783,0.997199296951294
3,1,10,0.10037570677669774,-1.3209443011813424,0.9979788064956664
3,1,11,0.036135254439611186,-1.0158021525801813,0.9992201328277588
3,1,12,-0.22082655490873504,-0.9756518698695021,0.9990383982658386
3,1,13,0.1244658764031052,-0.5339987600520321,0.5850092768669128
3,1,14,0.036135254439611186,-0.4697583077149455,0.5594539642333984
3,1,15,0.30915717687222904,-0.847170965195329,0.7076189517974854
3,1,16,0.24491672453514252,-0.8712611348217364,0.5874789357185364
3,1,17,0.445668138088538,-0.9114114175324155,0.6853113174438477
3,1,18,0.357337516125044,-0.9194414740745513,0.5868121385574341
3,1,19,0.4215779684621305,-0.9435316437009589,0.6836280822753906
3,1,20,0.3332473464986365,-0.9836819264116379,0.58403080701828
3,1,21,0.357337516125044,-0.935501587158823,0.6698099374771118
3,1,22,0.2930970637879574,-0.9676218133273663,0.5743425488471985
3,1,23,0.10840576331883357,-0.00401502827106791,0.9969806671142578
3,1,24,-0.10840576331883357,0.00401502827106791,0.9948227405548096
3,1,25,0.18067627219805593,0.8150507390267857,0.6957436203956604
3,1,26,-0.10037570677669774,0.8230807955689216,0.6147673726081848
3,1,27,-0.06022542406601865,1.5297257712768737,0.7463597059249878
3,1,28,-0.2850670072458216,1.6662367324931826,0.6570965051651001
3,1,29,-0.14052598948737685,1.6742667890353184,0.7369718551635742
3,1,30,-0.4055178553778589,1.7706274675409484,0.6383421421051025
3,1,31,0.18870632874019178,1.778657524083084,0.8007299900054932
3,1,32,-0.02810519789747537,1.8589580895044422,0.7087367177009583
3,2,0,0.027555638423934187,-1.381718440971557,0.9989006519317628
3,2,1,0.019682598874238705,-1.444702757369121,0.998547911643982
3,2,2,0.019682598874238705,-1.444702757369121,0.9984059929847716
3,2,3,0.019682598874238705,-1.4525757969188164,0.9985460042953492
3,2,4,-0.003936519774847741,-1.444702757369121,0.9985279440879822
3,2,5,-0.011809559324543223,-1.4368297178194254,0.9983364343643188
3,2,6,-0.019682598874238705,-1.4368297178194254,0.9984451532363892
3,2,7,0.03542867797362967,-1.4289566782697298,0.9973488450050354
3,2,8,0.003936519774847741,-1.3895914805212526,0.9981157183647156
3,2,9,0.04330171752332515,-1.3108610850242977,0.9974671006202698
3,2,10,0.03542867797362967,-1.3029880454746021,0.9981614351272584
3,2,11,0.019682598874238705,-1.0116855821358695,0.9992812275886536
3,2,12,-0.05117475707302063,-0.988066463486783,0.9989596605300904
3,2,13,0.03542867797362967,-0.515684090505054,0.6251289248466492
3,2,14,0.003936519774847741,-0.4920649718559676,0.5096747875213623
3,2,15,-0.09053995482149804,-0.775494395645005,0.7318712472915649
3,2,16,-0.08266691527180256,-0.7676213560953095,0.5448969602584839
3,2,17,-0.14565123166936642,-0.8463517515922643,0.7077305316925049
3,2,18,-0.12203211302027997,-0.8384787120425689,0.5471882224082947
3,2,19,-0.09053995482149804,-0.8935899888904372,0.7059653997421265
3,2,20,-0.09053995482149804,-0.8935899888904372,0.5442862510681152
3,2,21,-0.07479387572210708,-0.8857169493407417,0.6916593909263611
3,2,22,-0.07479387572210708,-0.8778439097910462,0.5353764295578003
3,2,23,0.09053995482149804,-0.019682598874238705,0.99712473154068
3,2,24,-0.09053995482149804,0.019682598874238705,0.9951109290122986
3,2,25,0.18501642941784383,0.9487012657383056,0.7168339490890503
3,2,26,-0.12990515256997545,0.9093360679898281,0.5881568789482117
3,2,27,0.09841299437119352,1.9249581699005454,0.7609627842903137
3,2,28,-0.23225466671601672,1.806862576655113,0.6395584344863892
3,2,29,0.17714338986814834,2.0902920004441503,0.7478793859481812
3,2,30,-0.12990515256997545,1.9721964071987181,0.6217945218086243
3,2,31,-0.04330171752332515,2.0745459213447592,0.8095871806144714
3,2,32,-0.08266691527180256,2.0036885653975003,0.6999314427375793
4,1,0,0.09875947148749525,-1.3865829796844333,0.9989988207817078
4,1,1,0.0750571983304964,-1.4497890414364303,0.9986833930015564
4,1,2,0.06715644061149677,-1.4497890414364303,0.9985541701316832
4,1,3,0.05925568289249715,-1.4497890414364303,0.9986793994903564
4,1,4,0.05135492517349753,-1.4418882837174307,0.9986640810966492
4,1,5,0.03555340973549829,-1.4418882837174307,0.9984918832778932
4,1,6,0.019751894297499052,-1.4339875259984312,0.9985901713371276
4,1,7,-0.02765265201649867,-1.4102852528414322,0.997590720653534
4,1,8,-0.06715644061149677,-1.3865829796844333,0.998299777507782
4,1,9,0.10666022920649487,-1.3075754024944373,0.9977102875709534
4,1,10,0.09085871376849564,-1.2996746447754375,0.9983370304107666
4,1,11,0.019751894297499052,-1.0152473668914512,0.999320149421692
4,1,12,-0.20937007955348994,-0.9757435782964531,0.9990599751472472
4,1,13,0.13036250236349373,-0.5333011460324744,0.5801020860671997
4,1,14,0.05925568289249715,-0.4621943265614778,0.5580291152000427
4,1,15,0.28837765674348614,-0.809827666197461,0.7068465948104858
4,1,16,0.2646753835864873,-0.83352993935446,0.5893948674201965
4,1,17,0.4305912956854793,-0.873033727949458,0.6824436187744141
4,1,18,0.3673852339334823,-0.8967360011064569,0.589969277381897
4,1,19,0.40688902252848047,-0.9125375165444561,0.6809637546539307
4,1,20,0.3515837184954831,-0.9520413051394543,0.5869972109794617
4,1,21,0.34368296077648347,-0.9046367588254566,0.6674901247024536
4,1,22,0.312079929900485,-0.9441405474204546,0.5773854851722717
4,1,23,0.10666022920649487,-0.01185113657849943,0.9973095655441284
4,1,24,-0.10666022920649487,0.01185113657849943,0.9954977631568908
4,1,25,0.1935685641154907,0.8256291816354603,0.7052305340766907
4,1,26,-0.09875947148749525,0.8256291816354603,0.6229196786880493
4,1,27,-0.02765265201649867,1.5050943454694277,0.7602517604827881
4,1,28,-0.2725761413054869,1.6394072266924211,0.6690084934234619
4,1,29,-0.09875947148749525,1.6315064689734216,0.745735764503479
4,1,30,-0.38318674937148156,1.726315561601417,0.6415469646453857
4,1,31,0.17776704867749146,1.7500178347584159,0.8136134147644043
4,1,32,-0.04345416745449791,1.8290254119484122,0.7240921854972839
4,2,0,-0.022714077522177238,-1.3742016900917229,0.9990857839584352
4,2,1,-0.030285436696236318,-1.4347725634841955,0.9988046884536744
4,2,2,-0.030285436696236318,-1.4423439226582546,0.998687505722046
4,2,3,-0.022714077522177238,-1.4423439226582546,0.9988026022911072
4,2,4,-0.045428155044354476,-1.4272012043101365,0.9987846612930298
4,2,5,-0.052999514218413556,-1.4272012043101365,0.9986264109611512
4,2,6,-0.060570873392472635,-1.4272012043101365,0.9987186789512634
4,2,7,0.0,-1.4120584859620182,0.9978200793266296
4,2,8,-0.022714077522177238,-1.381773049265782,0.9984429478645324
4,2,9,-0.007571359174059079,-1.2984880983511322,0.9979059100151062
4,2,10,-0.022714077522177238,-1.290916739177073,0.9984541535377502
4,2,11,-0.007571359174059079,-1.0107764497368872,0.9993583559989928
4,2,12,-0.060570873392472635,-0.9880623722147098,0.9988423585891724
4,2,13,-0.007571359174059079,-0.5337808217711651,0.6204902529716492
4,2,14,-0.030285436696236318,-0.5034953850749287,0.5081009268760681
4,2,15,-0.16656990182929976,-0.7836356745151147,0.7307987809181213
4,2,16,-0.09085631008870895,-0.7836356745151147,0.5470028519630432
4,2,17,-0.2195694160477133,-0.8442065479075873,0.7050192356109619
4,2,18,-0.16656990182929976,-0.8669206254297646,0.5506518483161926
4,2,19,-0.1817126201774179,-0.897206062126001,0.703500509262085
4,2,20,-0.14385582430712252,-0.90477742130006,0.5480154752731323
4,2,21,-0.16656990182929976,-0.8896347029519418,0.689837634563446
4,2,22,-0.08328495091464988,-0.8896347029519418,0.5392200350761414
4,2,23,0.060570873392472635,-0.0037856795870295397,0.9974027276039124
4,2,24,-0.060570873392472635,0.0037856795870295397,0.995648980140686
4,2,25,0.15899854265524066,0.897206062126001,0.7246694564819336
4,2,26,-0.060570873392472635,0.8517779070816465,0.5944945216178894
4,2,27,0.09085631008870895,1.8133405221871495,0.7733020186424255
4,2,28,-0.0378567958702954,1.677056057054086,0.6489895582199097
4,2,29,0.17414126100335883,1.9799104240164493,0.7550914883613586
4,2,30,0.0378567958702954,1.8209118813612086,0.6245943307876587
4,2,31,-0.09085631008870895,1.949624987320213,0.8210457563400269
4,2,32,-0.12871310595900434,1.8739113955796223,0.7144564986228943
5,1,0,0.0759532272136203,-1.3991383960403738,0.999126672744751
5,1,1,0.04397292101841175,-1.4551039318819887,0.998879849910736
5,1,2,0.03597784446960961,-1.4551039318819887,0.998760461807251
5,1,3,0.027982767920807478,-1.4630990084307909,0.998871386051178
5,1,4,0.01998769137200534,-1.4471088553331866,0.9988589882850648
5,1,5,0.003997538274401068,-1.4471088553331866,0.998709499835968
5,1,6,-0.011992614823203204,-1.4391137787843846,0.9988057613372804
5,1,7,-0.04397292101841175,-1.4151285491379781,0.9979111552238464
5,1,8,-0.09194338031122457,-1.3911433194915717,0.9985670447349548
5,1,9,0.0759532272136203,-1.3191876305523524,0.9980483651161194
5,1,10,0.05996307411601602,-1.3111925540035503,0.998564064502716
5,1,11,0.003997538274401068,-1.007379645149069,0.9992705583572388
5,1,12,-0.19587937544565234,-0.9833944155026627,0.9989371299743652
5,1,13,0.0999384568600267,-0.5116848991233367,0.5687522292137146
5,1,14,0.011992614823203204,-0.45571936328172175,0.5559402704238892
5,1,15,0.29182029403127796,-0.7755224252338072,0.6980095505714417
5,1,16,0.25184491128726727,-0.8075027314290157,0.5905418395996094
5,1,17,0.4357316719097164,-0.8075027314290157,0.6781964302062988
5,1,18,0.3557809064216951,-0.8474781141730264,0.5921000838279724
5,1,19,0.41974151881211214,-0.8714633438194328,0.676712691783905
5,1,20,0.3477858298728929,-0.9194338031122457,0.5892557501792908
5,1,21,0.3477858298728929,-0.8714633438194328,0.6623671650886536
5,1,22,0.3078104471288822,-0.9194338031122457,0.5791683793067932
5,1,23,0.09194338031122457,0.0,0.9973905682563782
5,1,24,-0.09194338031122457,0.0,0.9958257675170898
5,1,25,0.2118695285432566,0.7995076548802136,0.6959156394004822
5,1,26,-0.08394830376242243,0.8075027314290157,0.6252371072769165
5,1,27,-0.06795815066481815,1.5030743911748017,0.7578496932983398
5,1,28,-0.2758301409336737,1.638990692504438,0.6722374558448792
5,1,29,-0.16389906925044379,1.6549808456020423,0.7342466711997986
5,1,30,-0.3877612126169036,1.766911917285272,0.6339548230171204
5,1,31,0.17189414579924592,1.7429266876388656,0.814456582069397
5,1,32,-0.03597784446960961,1.822877453126887,0.7326458096504211
5,2,0,-0.1187320627129855,-1.3891651337419304,0.9992119073867798
5,2,1,-0.12664753356051786,-1.4524889005221893,0.9989904165267944
5,2,2,-0.1187320627129855,-1.4524889005221893,0.9988828301429749
5,2,3,-0.1187320627129855,-1.4604043713697217,0.9989830255508424
5,2,4,-0.1424784752555826,-1.4445734296746569,0.9989712834358216
5,2,5,-0.1424784752555826,-1.4445734296746569,0.9988362789154052
5,2,6,-0.1424784752555826,-1.4445734296746569,0.9989234805107116
5,2,7,-0.07915470847532367,-1.4287424879795922,0.9981187582015992
5,2,8,-0.11081659186545313,-1.3970806045894628,0.9987066984176636
5,2,9,-0.10290112101792077,-1.3100104252666067,0.9982385039329528
5,2,10,-0.12664753356051786,-1.3100104252666067,0.9987002015113832
5,2,11,-0.1187320627129855,-1.0092225330603768,0.9993376135826112
5,2,12,-0.11081659186545313,-0.9775606496702473,0.9989250302314758
5,2,13,-0.07915470847532367,-0.5263788113609024,0.6109004616737366
5,2,14,-0.15830941695064735,-0.4551395737331111,0.5068197250366211
5,2,15,-0.2137177128833739,-0.7638429367868734,0.7247003316879272
5,2,16,-0.18205582949324445,-0.8113357618720676,0.5487260222434998
5,2,17,-0.2691260088161005,-0.8113357618720676,0.704065203666687
5,2,18,-0.24537959627350336,-0.8271667035671323,0.5533284544944763
5,2,19,-0.22163318373090626,-0.8667440578047941,0.7025225758552551
5,2,20,-0.2137177128833739,-0.8904904703473913,0.5506269335746765
5,2,21,-0.19788677118830916,-0.8667440578047941,0.6880148649215698
5,2,22,-0.19788677118830916,-0.906321412042456,0.541652262210846
5,2,23,-0.015830941695064733,-0.003957735423766183,0.9975744485855104
5,2,24,0.015830941695064733,0.003957735423766183,0.9961128830909728
5,2,25,0.06332376678025893,0.9300678245850531,0.7206230163574219
5,2,26,0.06332376678025893,0.8904904703473913,0.5955356955528259
5,2,27,0.0474928250851942,1.919501680526599,0.7745506167411804
5,2,28,0.055408295932726566,1.7770232052710164,0.6526397466659546
5,2,29,0.12664753356051786,2.093642039172311,0.7475283741950989
5,2,30,0.11081659186545313,1.9590790347642608,0.6174368262290955
5,2,31,-0.1662248877981797,2.0778110974772463,0.824434757232666
5,2,32,-0.20580224203584155,1.9511635639167284,0.7220596671104431
6,1,0,0.04403383097827939,-1.385064138044061,0.9992054104804992
6,1,1,0.004003075543479945,-1.4491133467397401,0.9990082383155824
6,1,2,-0.004003075543479945,-1.4491133467397401,0.9988898038864136
6,1,3,-0.004003075543479945,-1.4571194978267,0.998993992805481
6,1,4,-0.020015377717399724,-1.4411071956527801,0.998979926109314
6,1,5,-0.036027679891319504,-1.4411071956527801,0.9988372921943665
6,1,6,-0.06004613315219917,-1.4411071956527801,0.9989303350448608
6,1,7,-0.07605843532611894,-1.4170887423919005,0.9981080889701844
6,1,8,-0.14010764402179807,-1.4010764402179807,0.9987441301345824
6,1,9,0.06004613315219917,-1.305002627174462,0.9982700943946838
6,1,10,0.036027679891319504,-1.305002627174462,0.9987092614173888
6,1,11,-0.004003075543479945,-1.0007688858699861,0.9993202090263368
6,1,12,-0.23618145706531674,-0.9847565836960664,0.9989845752716064
6,1,13,0.08406458641307885,-0.512393669565433,0.5733989477157593
6,1,14,-0.036027679891319504,-0.47236291413063347,0.5551115274429321
6,1,15,0.2842183635870761,-0.7685905043481495,0.7281695604324341
6,1,16,0.22016915489139696,-0.8806766195655878,0.5929837822914124
6,1,17,0.42032293206539423,-0.792608957609029,0.7098735570907593
6,1,18,0.31624296793491563,-0.936719677174307,0.5961482524871826
6,1,19,0.4123167809784343,-0.8566581663047081,0.7087826728820801
6,1,20,0.2842183635870761,-1.0087750369569461,0.5935018062591553
6,1,21,0.3482675722827552,-0.8486520152177484,0.6933510303497314
6,1,22,0.25219375923923654,-0.9927627347830263,0.5841326117515564
6,1,23,0.08406458641307885,0.0,0.9976211190223694
6,1,24,-0.08406458641307885,0.0,0.9962046146392822
6,1,25,0.18814455054355742,0.8086212597829489,0.6885843276977539
6,1,26,-0.06805228423915906,0.8166274108699088,0.6222444176673889
6,1,27,-0.09207073750003873,1.529174857609339,0.7542114853858948
6,1,28,-0.22016915489139696,1.5932240663050181,0.6719985604286194
6,1,29,-0.1961507016305173,1.657273275000697,0.7298588156700134
6,1,30,-0.3002306657609959,1.7213224836963763,0.6259410381317139
6,1,31,0.07605843532611894,1.753347088044216,0.8139439225196838
6,1,32,-0.06004613315219917,1.7613532391311757,0.736704409122467
6,2,0,-0.2099070848504403,-1.3916062291936597,0.9992830753326416
6,2,1,-0.17103540247072913,-1.46157525747714,0.9991060495376588
6,2,2,-0.1632610659947869,-1.4538009210011975,0.9989994168281556
6,2,3,-0.15548672951884465,-1.4538009210011975,0.9990934133529664
6,2,4,-0.1865840754226136,-1.4460265845252553,0.9990803003311156
6,2,5,-0.1865840754226136,-1.4460265845252553,0.9989516139030457
6,2,6,-0.1865840754226136,-1.4460265845252553,0.9990358352661132
6,2,7,-0.10884071066319126,-1.4149292386214865,0.9982959032058716
6,2,8,-0.14771239304290243,-1.4071549021455443,0.9988672137260436
6,2,9,-0.1865840754226136,-1.3216372009101796,0.9984391331672668
6,2,10,-0.2099070848504403,-1.3138628644342374,0.9988327622413636
6,2,11,-0.03887168237971116,-1.002889405396548,0.9993830919265748
6,2,12,-0.22545575780232477,-0.9795663959687213,0.9990226030349731
6,2,13,-0.14771239304290243,-0.5442035533159563,0.6148567795753479
6,2,14,-0.24100443075420921,-0.49755753446030293,0.5180037617683411
6,2,15,-0.17103540247072913,-0.7774336475942233,0.7523918151855469
6,2,16,-0.20213274837449804,-0.8785000217814724,0.5744603276252747
6,2,17,-0.2565531037060937,-0.8163053299739345,0.733668863773346
6,2,18,-0.28765044960986264,-0.9484690500649524,0.5760756134986877
6,2,19,-0.2099070848504403,-0.8785000217814724,0.7325336933135986
6,2,20,-0.22545575780232477,-1.0184380783484326,0.5731024146080017
6,2,21,-0.15548672951884465,-0.8707256853055301,0.7171271443367004
6,2,22,-0.19435841189855582,-0.9951150689206059,0.5640506744384766
6,2,23,0.062194691807537866,-0.007774336475942233,0.9977463483810424
6,2,24,-0.062194691807537866,0.007774336475942233,0.9964276552200316
6,2,25,0.0699690282834801,0.9018230312092991,0.7138109803199768
6,2,26,-0.007774336475942233,0.8551770123536456,0.5933778882026672
6,2,27,0.03887168237971116,1.8425177447983092,0.7692955136299133
6,2,28,0.0233230094278267,1.6481593328997535,0.6484513878822327
6,2,29,0.12438938361507573,2.0135531472690382,0.7398611903190613
6,2,30,0.10106637418724902,1.8502920812742514,0.606249213218689
6,2,31,-0.22545575780232477,2.005778810793096,0.8215290307998657
6,2,32,-0.27210177665797813,1.873615090702078,0.7202746868133545
7,1,0,0.057440278321095516,-1.4072868188668402,0.9992775321006776
7,1,1,0.016411508091741574,-1.4811386052796771,0.9991390705108644
7,1,2,0.016411508091741574,-1.4811386052796771,0.9990339875221252
7,1,3,0.016411508091741574,-1.4811386052796771,0.9991340041160583
7,1,4,0.0,-1.4647270971879356,0.9990830421447754
7,1,5,-0.024617262137612363,-1.4647270971879356,0.9989472031593324
7,1,6,-0.04102877022935394,-1.4647270971879356,0.9990305304527284
7,1,7,-0.07385178641283709,-1.4401098350503232,0.9983504414558412
7,1,8,-0.13949781877980338,-1.4154925729127108,0.9988983869552612
7,1,9,0.08205754045870788,-1.325229278408132,0.9985098838806152
7,1,10,0.04923452427522473,-1.325229278408132,0.9988497495651244
7,1,11,0.024617262137612363,-0.9887933625274299,0.99942284822464
7,1,12,-0.2625841294678652,-0.9969991165733006,0.9990792274475098
7,1,13,0.1312920647339326,-0.5046538738210534,0.5962134003639221
7,1,14,-0.04923452427522473,-0.47183085763757027,0.5654036402702332
7,1,15,0.385670440155927,-0.7836495113806602,0.7702967524528503
7,1,16,0.13949781877980338,-1.0052048706191714,0.6165811419487
7,1,17,0.5169625048898596,-0.8164725275641433,0.7519046664237976
7,1,18,0.17232083496328654,-1.1200854272613625,0.6175137758255005
7,1,19,0.5087567508439889,-0.8657070518393681,0.7509843707084656
7,1,20,0.15590932687154496,-1.1693199515365873,0.6147102117538452
7,1,21,0.44311071847702255,-0.8739128058852389,0.7357438206672668
7,1,22,0.13949781877980338,-1.144702689398975,0.6058408617973328
7,1,23,0.10667480259632024,0.004102877022935394,0.9978823065757751
7,1,24,-0.10667480259632024,-0.004102877022935394,0.9965907335281372
7,1,25,0.22155535923851127,0.8739128058852389,0.6858195662498474
7,1,26,-0.09026329450457866,0.8410897897017557,0.6203495264053345
7,1,27,-0.09026329450457866,1.5878134078759973,0.748809278011322
7,1,28,-0.23796686733025285,1.6534594402429637,0.6667970418930054
7,1,29,-0.18052658900915733,1.71910547260993,0.7271895408630371
7,1,30,-0.30361289969721916,1.7847515049768963,0.6130552291870117
7,1,31,0.09846904855044945,1.8175745211603795,0.8105558753013611
7,1,32,-0.04102877022935394,1.8503975373438626,0.7345952987670898
7,2,0,-0.2850670072458216,-1.4373801210423118,0.9993462562561036
7,2,1,-0.22885661145087086,-1.5016205733793984,0.9992227554321288
7,2,2,-0.22082655490873504,-1.5016205733793984,0.9991280436515808
7,2,3,-0.21279649836659922,-1.5016205733793984,0.99921852350235
7,2,4,-0.24491672453514252,-1.5016205733793984,0.9991715550422668
7,2,5,-0.24491672453514252,-1.5016205733793984,0.9990488886833192
7,2,6,-0.23688666799300667,-1.4935905168372625,0.9991247057914734
7,2,7,-0.15658610257164848,-1.469500347210855,0.998512864112854
7,2,8,-0.18067627219805593,-1.4534402341265833,0.9990031123161316
7,2,9,-0.26900689416154994,-1.3570795556209536,0.998651921749115
7,2,10,-0.2850670072458216,-1.3570795556209536,0.9989542365074158
7,2,11,-0.09234565023456193,-0.9876969546827058,0.999470591545105
7,2,12,-0.1646161591137843,-0.9957270112248416,0.9990438222885132
7,2,13,-0.18870632874019178,-0.4577132229017417,0.635422945022583
7,2,14,-0.23688666799300667,-0.4496831663596059,0.5197880268096924
7,2,15,-0.26097683761941415,-0.7708854280450387,0.7905714511871338
7,2,16,-0.3332473464986365,-0.7869455411293104,0.5811776518821716
7,2,17,-0.18870632874019178,-0.8270958238399895,0.7717477679252625
7,2,18,-0.42960802500426637,-0.8833062196349402,0.5834627747535706
7,2,19,-0.10037570677669774,-0.891336276177076,0.7707807421684265
7,2,20,-0.3974877988357231,-0.939516615429891,0.5809206366539001
7,2,21,-0.22885661145087086,-0.8833062196349402,0.7554333209991455
7,2,22,-0.37339762920931563,-0.9154264458034834,0.5726286172866821
7,2,23,-0.00401502827106791,0.01606011308427164,0.9979273676872252
7,2,24,0.00401502827106791,-0.01606011308427164,0.9966771602630616
7,2,25,0.02007514135533955,0.939516615429891,0.7093232870101929
7,2,26,0.02810519789747537,0.8752761630928043,0.5831540822982788
7,2,27,0.036135254439611186,1.871003174317646,0.7646138668060303
7,2,28,0.04416531098174701,1.686311873848522,0.6409744024276733
7,2,29,0.1244658764031052,2.047664418244634,0.7408455014228821
7,2,30,0.11643581986096939,1.9031234004861892,0.5972335934638977
7,2,31,-0.3171872334143649,2.0316043051603625,0.8187354207038879
7,2,32,-0.2850670072458216,1.8870632874019178,0.7181028127670288
8,1,0,0.09602689129487106,-1.4444044898936854,0.9993047714233398
8,1,1,0.024006722823717765,-1.5084224174235996,0.9992179870605468
8,1,2,0.024006722823717765,-1.5084224174235996,0.999111533164978
8,1,3,0.01600448188247851,-1.5084224174235996,0.9992239475250244
8,1,4,0.008002240941239256,-1.5084224174235996,0.9991299510002136
8,1,5,-0.008002240941239256,-1.5004201764823604,0.998982310295105
8,1,6,-0.03200896376495702,-1.5004201764823604,0.9990617036819458
8,1,7,-0.07202016847115329,-1.4684112127174032,0.9984889030456544
8,1,8,-0.13603809600106734,-1.4444044898936854,0.99898761510849
8,1,9,0.09602689129487106,-1.3723843214225322,0.9986943006515504
8,1,10,0.06401792752991405,-1.364382080481293,0.9989128112792968
8,1,11,0.024006722823717765,-0.988276756243048,0.9994913339614868
8,1,12,-0.2720761920021347,-0.9962789971842873,0.9990817904472352
8,1,13,0.20005602353098137,-0.516144540709932,0.6041677594184875
8,1,14,0.008002240941239256,-0.4681310950624964,0.5663548707962036
8,1,15,0.44012325176815903,-0.8442364193007413,0.7938995361328125
8,1,16,0.07202016847115329,-1.0682991656554406,0.6222285628318787
8,1,17,0.5441523840042694,-0.8842476240069377,0.7733908891677856
8,1,18,0.07202016847115329,-1.1723282978915508,0.623296320438385
8,1,19,0.5601568658867478,-0.9162565877718947,0.7728167176246643
8,1,20,0.04801344564743553,-1.2043372616565078,0.6206892728805542
8,1,21,0.504141179298073,-0.9082543468306554,0.7572057843208313
8,1,22,0.04001120470619628,-1.1723282978915508,0.6116617321968079
8,1,23,0.10402913223611031,0.004001120470619628,0.9979724884033204
8,1,24,-0.10402913223611031,-0.004001120470619628,0.9966500401496888
8,1,25,0.1280358550598281,0.8122274555357843,0.6872414350509644
8,1,26,-0.1600448188247851,0.8202296964770236,0.6140557527542114
8,1,27,-0.1280358550598281,1.5644381040122743,0.7578364014625549
8,1,28,-0.31208739670833097,1.620453790600949,0.6683053374290466
8,1,29,-0.20805826447222062,1.6604649953071453,0.7385077476501465
8,1,30,-0.3921098061207235,1.708478440954581,0.6191166639328003
8,1,31,0.0880246503536318,1.708478440954581,0.8177143931388855
8,1,32,-0.11203137317734957,1.740487404719538,0.7389999032020569
8,2,0,-0.25266593546812255,-1.4265907433353997,0.9993367791175842
8,2,1,-0.22934292604029588,-1.4965597716188799,0.9992613196372986
8,2,2,-0.22156858956435363,-1.4965597716188799,0.9991603493690492
8,2,3,-0.2137942530884114,-1.4965597716188799,0.9992712140083312
8,2,4,-0.2371172625162381,-1.4965597716188799,0.9991709589958192
8,2,5,-0.22934292604029588,-1.4887854351429377,0.999029278755188
8,2,6,-0.22934292604029588,-1.4887854351429377,0.9991177916526794
8,2,7,-0.15937389775681576,-1.4421394162872843,0.9985724091529846
8,2,8,-0.1904712436605847,-1.434365079811342,0.9990143179893494
8,2,9,-0.2371172625162381,-1.3566217150519198,0.998743176460266
8,2,10,-0.25266593546812255,-1.3488473785759774,0.998902142047882
8,2,11,-0.04275885061768228,-0.9912279006826347,0.9995030760765076
8,2,12,-0.22156858956435363,-0.9912279006826347,0.9987970590591432
8,2,13,-0.12827655185304684,-0.48589602974638957,0.6417126059532166
8,2,14,-0.25266593546812255,-0.4703473567945051,0.5256727933883667
8,2,15,-0.41592700146290945,-0.7890951523081366,0.8117837309837341
8,2,16,-0.5714137309817541,-0.8046438252600211,0.5933352708816528
8,2,17,-0.5169933756501585,-0.8124181617359634,0.7912646532058716
8,2,18,-0.7113517875487143,-0.7502234699284255,0.5925722122192383
8,2,19,-0.4547986838426206,-0.8746128535435013,0.7906137704849243
8,2,20,-0.7035774510727721,-0.7813208158321944,0.5910853743553162
8,2,21,-0.4392500108907362,-0.866838517067559,0.7749101519584656
8,2,22,-0.6413827592652342,-0.8046438252600211,0.583036482334137
8,2,23,0.05830752356956675,-0.0038871682379711166,0.9977929592132568
8,2,24,-0.05830752356956675,0.0038871682379711166,0.9962562322616576
8,2,25,0.04275885061768228,0.9057101994472702,0.6990494132041931
8,2,26,-0.01943584118985558,0.866838517067559,0.5710991621017456
8,2,27,0.05053318709362451,1.8230819036084536,0.7630142569541931
8,2,28,0.027210177665797815,1.6753695105655513,0.6314547061920166
8,2,29,0.13605088832898907,1.963019960175414,0.7354273796081543
8,2,30,0.09717920594927791,1.8153075671325114,0.5896636843681335
8,2,31,-0.25266593546812255,1.9319226142716448,0.816231906414032
8,2,32,-0.26821460842000705,1.8541792495122227,0.7124494314193726
9,1,0,0.08394830376242243,-1.4591014701563898,0.9993098974227904
9,1,1,0.027982767920807478,-1.5230620825468069,0.9992721080780028
9,1,2,0.027982767920807478,-1.5230620825468069,0.9991644024848938
9,1,3,0.027982767920807478,-1.531057159095609,0.9992823600769044
9,1,4,0.003997538274401068,-1.5230620825468069,0.999148726463318
9,1,5,-0.011992614823203204,-1.515067005998005,0.998987078666687
9,1,6,-0.03597784446960961,-1.515067005998005,0.9990680813789368
9,1,7,-0.05196799756721389,-1.4750916232539941,0.9985769987106324
9,1,8,-0.1399138396040374,-1.4511063936075876,0.999013364315033
9,1,9,0.09194338031122457,-1.3871457812171706,0.9987865686416626
9,1,10,0.05196799756721389,-1.3791507046683684,0.9988751411437988
9,1,11,0.05996307411601602,-0.995387030325866,0.9995200037956238
9,1,12,-0.25184491128726727,-0.995387030325866,0.9988408088684082
9,1,13,0.25184491128726727,-0.5476627435929463,0.6152148246765137
9,1,14,0.011992614823203204,-0.4757070546537271,0.5713330507278442
9,1,15,0.4277365953609143,-0.8754608820938339,0.8179592490196228
9,1,16,0.03597784446960961,-1.0593476427162831,0.6332560181617737
9,1,17,0.5396676670441442,-0.9234313413866467,0.7958627343177795
9,1,18,0.03597784446960961,-1.1632836378507108,0.631669819355011
9,1,19,0.5556578201417485,-0.9554116475818553,0.7953938245773315
9,1,20,0.003997538274401068,-1.1952639440459194,0.6300662755966187
9,1,21,0.5076873608489356,-0.939421494484251,0.7793943881988525
9,1,22,-0.003997538274401068,-1.1632836378507108,0.6214361190795898
9,1,23,0.10793353340882884,-0.003997538274401068,0.997865617275238
9,1,24,-0.10793353340882884,0.003997538274401068,0.9963131546974182
9,1,25,0.15590399270164165,0.819495346252219,0.6797926425933838
9,1,26,-0.11592860995763098,0.7955101166058126,0.6035716533660889
9,1,27,-0.10793353340882884,1.5550423887420155,0.7603171467781067
9,1,28,-0.28382521748247586,1.6190030011324326,0.6603112816810608
9,1,29,-0.1878842988968502,1.642988230778839,0.7356463074684143
9,1,30,-0.3637759829704972,1.6829636135228496,0.6114611029624939
9,1,31,0.12392368650643311,1.698953766620454,0.8179500102996826
9,1,32,-0.06795815066481815,1.7389291493644647,0.7346341013908386
9,2,0,-0.2731821797893162,-1.4411349774392914,0.9993313550949096
9,2,1,-0.2494272076337235,-1.5123998939060694,0.9993020296096802
9,2,2,-0.24150888358185926,-1.5123998939060694,0.9991984367370604
9,2,3,-0.22567223547813078,-1.5123998939060694,0.99931800365448
9,2,4,-0.2573455316855877,-1.5044815698542051,0.9991748929023744
9,2,5,-0.2494272076337235,-1.5044815698542051,0.9990173578262328
9,2,6,-0.2494272076337235,-1.496563245802341,0.9991135597229004
9,2,7,-0.1702439671150811,-1.4490533014911555,0.9986424446105956
9,2,8,-0.19399893927067383,-1.4411349774392914,0.9990174174308776
9,2,9,-0.2573455316855877,-1.3698700609725132,0.998817503452301
9,2,10,-0.265263855737452,-1.3619517369206489,0.9988520741462708
9,2,11,-0.0831424025445745,-0.997708830534894,0.9995411038398744
9,2,12,-0.20191726332253807,-0.9818721824311655,0.9986080527305604
9,2,13,-0.13065234685575994,-0.498854415267447,0.6511902809143066
9,2,14,-0.2731821797893162,-0.46718111905999005,0.5283069610595703
9,2,15,-0.44738530893032946,-0.799750729238288,0.8332515954971313
9,2,16,-0.5899151418638857,-0.7918324051864238,0.6011365056037903
9,2,17,-0.5424051975527003,-0.8235057013938808,0.8113858699798584
9,2,18,-0.7166083266937135,-0.7601591089789669,0.5989987850189209
9,2,19,-0.4790586051377864,-0.8868522938087946,0.8108568787574768
9,2,20,-0.7245266507455778,-0.7918324051864238,0.5986233353614807
9,2,21,-0.46322195703405794,-0.8789339697569304,0.7946303486824036
9,2,22,-0.6928533545381208,-0.799750729238288,0.591065526008606
9,2,23,0.02771413418152483,0.0,0.9976716637611388
9,2,24,-0.02771413418152483,0.0,0.9959052205085754
9,2,25,0.003959162025932119,0.9343622381199801,0.6912181973457336
9,2,26,-0.003959162025932119,0.8551789976013378,0.5588083863258362
9,2,27,0.02771413418152483,1.8528878281362318,0.7645807862281799
9,2,28,0.02771413418152483,1.7024396711508112,0.6208841800689697
9,2,29,0.12273402280389568,2.003335985121652,0.729971706867218
9,2,30,0.09897905064830298,1.8766428002918245,0.5810365080833435
9,2,31,-0.265263855737452,1.9874993370179237,0.8153793811798096
9,2,32,-0.28110050384118046,1.900397772447417,0.704761266708374
10,1,0,0.04470141460788423,-1.4345090324166485,0.9993140697479248
10,1,1,0.004063764964353112,-1.4995292718462983,0.9993147253990172
10,1,2,0.004063764964353112,-1.4995292718462983,0.9992122054100036
10,1,3,0.004063764964353112,-1.4995292718462983,0.9993345737457277
10,1,4,-0.02031882482176556,-1.4995292718462983,0.9991518259048462
10,1,5,-0.04470141460788423,-1.491401741917592,0.9989835619926452
10,1,6,-0.06095647446529668,-1.491401741917592,0.9990699887275696
10,1,7,-0.052828944536590455,-1.450764092274061,0.9986690878868104
10,1,8,-0.15848683360977137,-1.4345090324166485,0.9990167021751404
10,1,9,0.052828944536590455,-1.3613612630582925,0.998871922492981
10,1,10,0.02031882482176556,-1.3532337331295863,0.9988623857498168
10,1,11,0.0690840043940029,-0.9956224162665125,0.9995692372322084
10,1,12,-0.25601719275424606,-0.9956224162665125,0.9987011551856996
10,1,13,0.2397621328968336,-0.507970620544139,0.6308597922325134
10,1,14,0.012191294893059337,-0.4835880307580203,0.5741087198257446
10,1,15,0.4429503811144892,-0.8411993476210942,0.842007577419281
10,1,16,0.08533906425141535,-1.0200050060526311,0.6403065919876099
10,1,17,0.5567358001163764,-0.873709467335919,0.8203245997428894
10,1,18,0.08533906425141535,-1.1337904250545183,0.6375301480293274
10,1,19,0.581118389902495,-0.906219587050744,0.820019543170929
10,1,20,0.04470141460788423,-1.166300544769343,0.6369532942771912
10,1,21,0.5404807402589639,-0.8980920571220378,0.8034660220146179
10,1,22,0.028446354750471785,-1.1419179549832246,0.6289262175559998
10,1,23,0.12597671389494647,0.004063764964353112,0.9977937340736388
10,1,24,-0.12597671389494647,-0.004063764964353112,0.9960523247718812
10,1,25,0.07721153432270912,0.8168167578349755,0.6678702235221863
10,1,26,-0.12597671389494647,0.7924341680488568,0.589728057384491
10,1,27,-0.12597671389494647,1.556421981347242,0.7564313411712646
10,1,28,-0.28039978254036474,1.629569750705598,0.6466376781463623
10,1,29,-0.23163460296812738,1.6945899901352477,0.7270519733428955
10,1,30,-0.36167508182742697,1.743355169707485,0.5997991561889648
10,1,31,0.11784918396624025,1.7677377594936037,0.813230037689209
10,1,32,-0.052828944536590455,1.8246304689945474,0.7244716882705688
10,2,0,-0.29893054596285806,-1.4268951393960425,0.999337911605835
10,2,1,-0.2670446210601532,-1.4906669892014524,0.9993445873260498
10,2,2,-0.259073139834477,-1.4906669892014524,0.9992484450340272
10,2,3,-0.2511016586088008,-1.4906669892014524,0.9993684887886048
10,2,4,-0.2750161022858294,-1.482695507975776,0.999183475971222
10,2,5,-0.2750161022858294,-1.482695507975776,0.9990238547325134
10,2,6,-0.2670446210601532,-1.482695507975776,0.999119222164154
10,2,7,-0.19530129002906726,-1.4348666206217187,0.9987387657165528
10,2,8,-0.21921573370609593,-1.4189236581703664,0.9990297555923462
10,2,9,-0.28298758351150566,-1.3471803271392804,0.998905062675476
10,2,10,-0.29893054596285806,-1.3392088459136042,0.998845100402832
10,2,11,-0.08370055286960026,-0.9884636719838507,0.9995840191841124
10,2,12,-0.21921573370609593,-0.9884636719838507,0.9984593987464904
10,2,13,-0.12355795899798133,-0.45437442986354426,0.6655385494232178
10,2,14,-0.2511016586088008,-0.4703173923148967,0.5326045751571655
10,2,15,-0.41053128312232506,-0.7652621976649167,0.8550922274589539
10,2,16,-0.554017945184497,-0.7812051601162691,0.6092808246612549
10,2,17,-0.5141605390561159,-0.7891766413419453,0.8335424065589905
10,2,18,-0.6576472011182878,-0.7732336788905929,0.6050161123275757
10,2,19,-0.4743031329277348,-0.852948491147355,0.8331224918365479
10,2,20,-0.6815616447953164,-0.813091085018974,0.6051766276359558
10,2,21,-0.44241720802502993,-0.8449770099216788,0.8163692951202393
10,2,22,-0.6257612762155829,-0.8210625662446501,0.5978292226791382
10,2,23,0.019928703064190537,0.0,0.9975876808166504
10,2,24,-0.019928703064190537,0.0,0.9956094622612
10,2,25,-0.003985740612838107,0.8848344160500599,0.681540310382843
10,2,26,0.011957221838514323,0.8290340474703264,0.5470975041389465
10,2,27,0.019928703064190537,1.817497719454177,0.762695848941803
10,2,28,0.035871665515542966,1.6740110573920053,0.6095203161239624
10,2,29,0.11558647777230512,1.9928703064190538,0.7268284559249878
10,2,30,0.1076149965466289,1.8972125317109392,0.5729010105133057
10,2,31,-0.259073139834477,1.9848988251933777,0.8119282722473145
10,2,32,-0.24313017738312456,1.8653266068082344,0.6963003873825073
11,1,0,0.07738617423786032,-1.4458995712863374,0.9993839263916016
11,1,1,0.03665660884951278,-1.5110668759076935,0.9993993639945984
11,1,2,0.028510695771843276,-1.5110668759076935,0.9993101954460144
11,1,3,0.028510695771843276,-1.5110668759076935,0.999419093132019
11,1,4,0.012218869616504261,-1.502920962830024,0.9992497563362122
11,1,5,-0.004072956538834754,-1.4947750497523546,0.999104142189026
11,1,6,-0.028510695771843276,-1.4947750497523546,0.999191164970398
11,1,7,-0.04480252192718229,-1.454045484364007,0.998840630054474
11,1,8,-0.11811573962620785,-1.4296077451309985,0.9991199374198914
11,1,9,0.08553208731552982,-1.3807322666649815,0.999001920223236
11,1,10,0.0610943480825213,-1.3644404405096424,0.9989446997642516
11,1,11,0.09367800039319933,-1.0060202650921841,0.999601423740387
11,1,12,-0.22401260963591144,-0.9897284389368451,0.9986026287078856
11,1,13,0.25659626194658947,-0.5742868719757003,0.6330916881561279
11,1,14,0.0610943480825213,-0.46839000196599667,0.5780712366104126
11,1,15,0.3869308711893016,-0.9164152212378195,0.8274277448654175
11,1,16,0.25659626194658947,-0.9489988735484975,0.6466036438941956
11,1,17,0.44395226273298816,-0.9734366127815061,0.8025467991828918
11,1,18,0.33805539272328455,-1.0223120912475232,0.6400731205940247
11,1,19,0.42766043657764913,-1.0060202650921841,0.8017718195915222
11,1,20,0.297325827334937,-1.0711875697135402,0.6394885778427124
11,1,21,0.39507678426697107,-0.9897284389368451,0.7860054969787598
11,1,22,0.26474217502425895,-1.0467498304805316,0.630386233329773
11,1,23,0.10182391347086883,-0.004072956538834754,0.9977264404296876
11,1,24,-0.10182391347086883,0.004072956538834754,0.9958599805831908
11,1,25,0.13440756578154686,0.8186642643057854,0.6528870463371277
11,1,26,-0.09367800039319933,0.8186642643057854,0.576280415058136
11,1,27,-0.1506993919368859,1.5925260066843887,0.7454333901405334
11,1,28,-0.297325827334937,1.6576933113057446,0.6358135938644409
11,1,29,-0.22401260963591144,1.6495473982280753,0.7130510210990906
11,1,30,-0.3869308711893016,1.7554442682377787,0.5938115119934082
11,1,31,0.10182391347086883,1.7554442682377787,0.8040744066238403
11,1,32,-0.10182391347086883,1.7798820074707873,0.7169452905654907
11,2,0,-0.27377217470638116,-1.3954776127394706,0.999363362789154
11,2,1,-0.2965865225985796,-1.4487110911546002,0.9993855357170104
11,2,2,-0.28898173996784676,-1.4487110911546002,0.9992996454238892
11,2,3,-0.28898173996784676,-1.4487110911546002,0.9994155168533324
11,2,4,-0.30419130522931237,-1.4487110911546002,0.9992284774780272
11,2,5,-0.30419130522931237,-1.4411063085238673,0.9990847110748292
11,2,6,-0.3117960878600452,-1.4411063085238673,0.9991912841796876
11,2,7,-0.281376957337114,-1.4030823953702034,0.9988284111022948
11,2,8,-0.281376957337114,-1.3878728301087377,0.9990426898002625
11,2,9,-0.25856260944491555,-1.3346393516936081,0.9989354014396667
11,2,10,-0.281376957337114,-1.3194297864321425,0.9987877011299132
11,2,11,-0.15970043524538902,-0.9924241333106316,0.999583065509796
11,2,12,-0.2281434789219843,-0.9696097854184332,0.998116970062256
11,2,13,-0.10646695683025933,-0.498113262312999,0.6662524342536926
11,2,14,-0.2281434789219843,-0.4829036970515334,0.5281707644462585
11,2,15,-0.31940087049077803,-0.8935619591111051,0.8403865098953247
11,2,16,-0.2965865225985796,-0.901166741741838,0.5987841486930847
11,2,17,-0.4638917404747014,-0.9163763070033035,0.8150748014450073
11,2,18,-0.42586782732103734,-0.939190654895502,0.5932016968727112
11,2,19,-0.4182630446903045,-0.939190654895502,0.814158022403717
11,2,20,-0.38023913153664046,-0.9544002201569676,0.5927317142486572
11,2,21,-0.36502956627517485,-0.939190654895502,0.7975618243217468
11,2,22,-0.3117960878600452,-0.9544002201569676,0.5847010612487793
11,2,23,0.0,-0.003802391315366405,0.997433602809906
11,2,24,0.0,0.003802391315366405,0.995217502117157
11,2,25,-0.04562869578439686,0.7870950022808458,0.6683542728424072
11,2,26,-0.00760478263073281,0.7718854370193802,0.5368133187294006
11,2,27,-0.00760478263073281,1.7148784832302486,0.7552772164344788
11,2,28,0.02281434789219843,1.5551780479848596,0.6035769581794739
11,2,29,0.07604782630732809,1.8441597879527063,0.7195857763290405
11,2,30,0.08365260893806091,1.737692831122447,0.5695022940635681
11,2,31,-0.2433530441834499,1.8441597879527063,0.8075823783874512
11,2,32,-0.2357482615527171,1.6844593527073173,0.694259762763977
12,1,0,0.10305782373347372,-1.4309182449147697,0.999419093132019
12,1,1,0.06342019922059922,-1.4864109192327941,0.9994413256645204
12,1,2,0.06342019922059922,-1.4864109192327941,0.9993622303009032
12,1,3,0.05549267431802431,-1.4864109192327941,0.999467670917511
12,1,4,0.05549267431802431,-1.4864109192327941,0.999298334121704
12,1,5,0.03963762451287451,-1.4784833943302191,0.9991665482521056
12,1,6,0.023782574707724706,-1.4784833943302191,0.999263882637024
12,1,7,-0.007927524902574902,-1.4388457698173447,0.9989311695098876
12,1,8,-0.05549267431802431,-1.4229907200121947,0.9991337656974792
12,1,9,0.11098534863604861,-1.3595705207915956,0.9990352392196656
12,1,10,0.09513029883089882,-1.3516429958890206,0.998903214931488
12,1,11,0.04756514941544941,-1.0107594250782999,0.9995995759963988
12,1,12,-0.14269544824634822,-0.9869768503705753,0.998298704624176
12,1,13,0.18233307275922273,-0.527180406021231,0.6219490766525269
12,1,14,0.04756514941544941,-0.47168773170320666,0.57440185546875
12,1,15,0.3805211953235953,-0.8680639768319517,0.8122715950012207
12,1,16,0.34881109571329566,-0.8680639768319517,0.6371187567710876
12,1,17,0.5152891186673686,-0.9077016013448262,0.7906255722045898
12,1,18,0.4756514941544941,-0.923556651149976,0.6300690770149231
12,1,19,0.5073615937647937,-0.9552667507602757,0.7901662588119507
12,1,20,0.4597964443493443,-0.9711218005654254,0.6290964484214783
12,1,21,0.4518689194467694,-0.9473392258577007,0.7731332778930664
12,1,22,0.4122312949338949,-0.9711218005654254,0.6193848848342896
12,1,23,0.06342019922059922,-0.011891287353862353,0.9975157976150512
12,1,24,-0.06342019922059922,0.011891287353862353,0.9954795837402344
12,1,25,0.15062297314892312,0.7570786281959031,0.6481068730354309
12,1,26,-0.06342019922059922,0.8046437776113525,0.5751734972000122
12,1,27,-0.11098534863604861,1.4784833943302191,0.7493278384208679
12,1,28,-0.26160832178497173,1.6132513176739924,0.6359001994132996
12,1,29,-0.20611564746694744,1.5815412180636927,0.7106459140777588
12,1,30,-0.3963762451287451,1.7163091414074663,0.5976955890655518
12,1,31,0.10305782373347372,1.6845990417971666,0.8076232075691223
12,1,32,-0.07927524902574902,1.7163091414074663,0.719067394733429
12,2,0,-0.23431621634144234,-1.3983387104247365,0.9994314908981324
12,2,1,-0.19652327822185486,-1.451248823792159,0.9994611144065856
12,2,2,-0.18896469059793736,-1.451248823792159,0.9993873238563538
12,2,3,-0.18140610297401988,-1.4436902361682415,0.999488890171051
12,2,4,-0.19652327822185486,-1.4436902361682415,0.9993299245834352
12,2,5,-0.19652327822185486,-1.4436902361682415,0.9992079138755798
12,2,6,-0.18896469059793736,-1.4361316485443238,0.9993064403533936
12,2,7,-0.12849598960659742,-1.3983387104247365,0.9989955425262452
12,2,8,-0.1436131648544324,-1.3832215351769015,0.999155044555664
12,2,9,-0.21919904109360733,-1.3227528341855614,0.9990286231040956
12,2,10,-0.22675762871752483,-1.315194246561644,0.998884916305542
12,2,11,-0.06802728861525745,-0.9977335663571093,0.9995980262756348
12,2,12,-0.21164045346968985,-0.9826163911092742,0.9981093406677246
12,2,13,-0.09826163911092743,-0.5139839584263897,0.6553615927696228
12,2,14,-0.10582022673484492,-0.47619102030680216,0.5214416980743408
12,2,15,-0.2796677420849473,-0.7634173500156669,0.8189064264297485
12,2,16,-0.030234350495669977,-0.7407415871439145,0.5820634365081787
12,2,17,-0.3552536183241222,-0.8087688757591719,0.794357419013977
12,2,18,-0.11337881435876242,-0.8616789891265944,0.5779567360877991
12,2,19,-0.32501926782845225,-0.8616789891265944,0.793587863445282
12,2,20,-0.06802728861525745,-0.8919133396222644,0.5768237113952637
12,2,21,-0.2947849173327823,-0.8541204015026769,0.7751453518867493
12,2,22,-0.08314446386309245,-0.8616789891265944,0.5678884983062744
12,2,23,0.04535152574350497,0.0,0.9974812269210817
12,2,24,-0.04535152574350497,0.0,0.9954395294189452
12,2,25,0.04535152574350497,0.748300174767832,0.6739680171012878
12,2,26,-0.04535152574350497,0.748300174767832,0.5416375994682312
12,2,27,-0.04535152574350497,1.6099791638944263,0.7657288908958435
12,2,28,-0.25699197921319483,1.5343932876552513,0.6119416952133179
12,2,29,-0.18896469059793736,1.7687095039966938,0.7282255291938782
12,2,30,-0.2796677420849473,1.6931236277575188,0.5796399712562561
12,2,31,-0.1662889277261849,1.8065024421162812,0.8183728456497192
12,2,32,-0.1662889277261849,1.6175377515183438,0.7036190629005432
13,1,0,0.05194019931576475,-1.4063807814730147,0.9993529319763184
13,1,1,0.05194019931576475,-1.4703071806308792,0.9993923306465148
13,1,2,0.05194019931576475,-1.4703071806308792,0.9993024468421936
13,1,3,0.05194019931576475,-1.4703071806308792,0.9994211792945862
13,1,4,0.04394939942103171,-1.4623163807361461,0.9992717504501344
13,1,5,0.03595859952629867,-1.454325580841413,0.9991427659988404
13,1,6,0.027967799631565635,-1.454325580841413,0.999262273311615
13,1,7,-0.00399539994736652,-1.4143715813677478,0.9987759590148926
13,1,8,-0.04394939942103171,-1.3983899815782816,0.9991429448127748
13,1,9,0.04394939942103171,-1.3264727825256843,0.9989413619041444
13,1,10,0.019976999736832597,-1.3264727825256843,0.9988556504249572
13,1,11,0.04394939942103171,-0.9988499868416298,0.9995317459106444
13,1,12,-0.1398389981578282,-0.9988499868416298,0.998271346092224
13,1,13,0.10787579857889602,-0.4714571937892493,0.5967654585838318
13,1,14,-0.00399539994736652,-0.4315031943155841,0.568240761756897
13,1,15,0.315636595841955,-0.6073007919997109,0.7598814368247986
13,1,16,0.3795629949998193,-0.7191719905259735,0.6215062141418457
13,1,17,0.4514801940524167,-0.6552455913681091,0.7425202131271362
13,1,18,0.507415793315548,-0.831043189052236,0.6154786944389343
13,1,19,0.4594709939471497,-0.7351535903154396,0.7432565093040466
13,1,20,0.523397393105014,-0.839033988946969,0.6139003038406372
13,1,21,0.4115261945787515,-0.7431443902101725,0.7249600291252136
13,1,22,0.46746179384188274,-0.823052389157503,0.6026217341423035
13,1,23,0.09189419878942995,0.0,0.997406244277954
13,1,24,-0.09189419878942995,0.0,0.9954964518547058
13,1,25,0.15582059794729425,0.7990799894733038,0.6582532525062561
13,1,26,-0.07591259899996386,0.7910891895785708,0.5788147449493408
13,1,27,-0.0839033988946969,1.5022703802098112,0.7630307674407959
13,1,28,-0.2676917964735568,1.63012317852554,0.6447610259056091
13,1,29,-0.1877837975262264,1.646104778315006,0.7258609533309937
13,1,30,-0.3555905953156202,1.7260127772623364,0.6079469323158264
13,1,31,0.11586659847362905,1.7659667767360014,0.8196619153022766
13,1,32,-0.027967799631565635,1.8139115761043998,0.7282620668411255
13,2,0,-0.23686685952003736,-1.3707213345995606,0.9993542432785034
13,2,1,-0.19027010027019395,-1.432850346932685,0.9994081854820251
13,2,2,-0.18250397372855337,-1.432850346932685,0.999320387840271
13,2,3,-0.17473784718691282,-1.432850346932685,0.9994391798973083
13,2,4,-0.19803622681183453,-1.432850346932685,0.9992859959602356
13,2,5,-0.19803622681183453,-1.4250842203910445,0.9991597533226012
13,2,6,-0.19027010027019395,-1.4250842203910445,0.9992882013320924
13,2,7,-0.1514394675619911,-1.378487461141201,0.998827338218689
13,2,8,-0.17473784718691282,-1.378487461141201,0.9991436004638672
13,2,9,-0.22133460643675623,-1.2930600691831549,0.9989203214645386
13,2,10,-0.22910073297839678,-1.2930600691831549,0.9988091588020324
13,2,11,-0.08154432868722598,-0.9901811340591726,0.999543309211731
13,2,12,-0.19803622681183453,-0.9901811340591726,0.9981212019920348
13,2,13,-0.09707658177050711,-0.46985065576925444,0.6320644021034241
13,2,14,-0.21356847989511565,-0.4543184026859733,0.5150554776191711
13,2,15,-0.3300603780197242,-0.6251731866020658,0.7717791199684143
13,2,16,-0.17473784718691282,-0.6873021989351904,0.5646033883094788
13,2,17,-0.42325389651941103,-0.6795360723935499,0.7521505355834961
13,2,18,-0.19027010027019395,-0.7416650847266744,0.560975193977356
13,2,19,-0.3921893903528487,-0.7494312112683149,0.7528032064437866
13,2,20,-0.22910073297839678,-0.7882618439765178,0.5596193075180054
13,2,21,-0.36112488418628647,-0.7494312112683149,0.7334834933280945
13,2,22,-0.17473784718691282,-0.7727295908932367,0.5496753454208374
13,2,23,-0.02718144289574199,0.0038830632708202846,0.9974945187568665
13,2,24,0.02718144289574199,-0.0038830632708202846,0.995489239692688
13,2,25,0.019415316354101424,0.8115602236014395,0.6755040287971497
13,2,26,-0.04271369597902313,0.7960279705181583,0.5372719168663025
13,2,27,0.0038830632708202846,1.704664775890105,0.7746599912643433
13,2,28,0.06601207560394484,1.6114712573904182,0.6075935959815979
13,2,29,0.08931045522886655,1.867753433264557,0.7404728531837463
13,2,30,0.12037496139542882,1.7124309024317454,0.581323504447937
13,2,31,-0.12814108793706938,1.898817939431119,0.8271229863166809
13,2,32,-0.02718144289574199,1.7978582943897918,0.7011471390724182
14,1,0,0.08658130015445685,-1.4049783706882315,0.9993823170661926
14,1,1,0.05509719100738163,-1.467946588982382,0.9994382858276368
14,1,2,0.06296821829415043,-1.467946588982382,0.9993525147438048
14,1,3,0.06296821829415043,-1.4600755616956131,0.9994615316390992
14,1,4,0.04722616372061283,-1.4600755616956131,0.9993234276771544
14,1,5,0.04722616372061283,-1.4522045344088443,0.9992020130157472
14,1,6,0.03935513643384402,-1.4522045344088443,0.999323308467865
14,1,7,0.007871027286768804,-1.4128493979750003,0.9988648295402528
14,1,8,-0.023613081860306414,-1.3971073434014627,0.999205768108368
14,1,9,0.07871027286768804,-1.3262680978205434,0.9989930391311646
14,1,10,0.06296821829415043,-1.3262680978205434,0.998901069164276
14,1,11,0.07871027286768804,-1.0035559790630226,0.9995194673538208
14,1,12,-0.13380746387506967,-0.9956849517762537,0.9982944130897522
14,1,13,0.13380746387506967,-0.5076812599965879,0.5768064856529236
14,1,14,-0.007871027286768804,-0.4368420144156686,0.5621277689933777
14,1,15,0.4092934189119778,-0.6808438603055016,0.7256037592887878
14,1,16,0.3778093097649026,-0.7123279694525768,0.6054301261901855
14,1,17,0.5273588282135099,-0.6965859148790392,0.7139182090759277
14,1,18,0.5116167736399723,-0.743812078599652,0.5998871922492981
14,1,19,0.5116167736399723,-0.7595541331731896,0.7156314253807068
14,1,20,0.5037457463532035,-0.8067802968938024,0.5980596542358398
14,1,21,0.46439060991935943,-0.7595541331731896,0.696601927280426
14,1,22,0.4486485553458218,-0.7989092696070336,0.5856862664222717
14,1,23,0.07083924558091924,-0.003935513643384402,0.9974560737609864
14,1,24,-0.07083924558091924,0.003935513643384402,0.9955939054489136
14,1,25,0.14167849116183848,0.7595541331731896,0.6494976878166199
14,1,26,-0.06296821829415043,0.7910382423202648,0.5755413174629211
14,1,27,-0.07871027286768804,1.5230437799897636,0.7652148604393005
14,1,28,-0.23613081860306412,1.6174961074309893,0.6382866501808167
14,1,29,-0.14167849116183848,1.6568512438648333,0.7291212677955627
14,1,30,-0.3384541733310586,1.6962063802986773,0.6041699647903442
14,1,31,0.1574205457353761,1.7198194621589837,0.8237484693527222
14,1,32,-0.007871027286768804,1.7591745985928278,0.7240324020385742
14,2,0,-0.16881968124542387,-1.3858918018519681,0.9994114637374878
14,2,1,-0.13741136845557758,-1.4487084274316608,0.9994729161262512
14,2,2,-0.12170721206065442,-1.4487084274316608,0.999392569065094
14,2,3,-0.11385513386319285,-1.4408563492341993,0.9994964599609376
14,2,4,-0.13741136845557758,-1.4487084274316608,0.9993616938591005
14,2,5,-0.129559290258116,-1.4408563492341993,0.9992461800575256
14,2,6,-0.129559290258116,-1.4408563492341993,0.9993659853935242
14,2,7,-0.10600305566573127,-1.3858918018519681,0.9989489912986756
14,2,8,-0.13741136845557758,-1.3858918018519681,0.9992457032203674
14,2,9,-0.15311552485050073,-1.3073710198773523,0.9990355968475342
14,2,10,-0.16096760304796232,-1.3073710198773523,0.9989362955093384
14,2,11,-0.027482273691115517,-1.0011399701763508,0.9995471835136414
14,2,12,-0.12170721206065442,-0.9932878919788893,0.9982560873031616
14,2,13,-0.035334351888577094,-0.4907548873413485,0.6154310703277588
14,2,14,-0.16881968124542387,-0.443642418156579,0.5096986889839172
14,2,15,-0.2551925414175012,-0.6792047640804263,0.7412586212158203
14,2,16,-0.05103850828350024,-0.6163881385007337,0.5493265986442566
14,2,17,-0.3572695579845017,-0.6949089204753495,0.7266839742660522
14,2,18,-0.16881968124542387,-0.64779645129058,0.5459414720535278
14,2,19,-0.31800916699719384,-0.7655776242525036,0.7281909584999084
14,2,20,-0.16096760304796232,-0.7263172332651958,0.5443530678749084
14,2,21,-0.28660085420734754,-0.7655776242525036,0.7082302570343018
14,2,22,-0.15311552485050073,-0.7263172332651958,0.5335074067115784
14,2,23,-0.04318643008603867,-0.0039260390987307875,0.9975846409797668
14,2,24,0.04318643008603867,0.0039260390987307875,0.9956670999526978
14,2,25,0.035334351888577094,0.7812817806474268,0.6724757552146912
14,2,26,-0.011778117296192363,0.812690093437273,0.5369085669517517
14,2,27,0.13741136845557758,1.7784957117250468,0.7789220809936523
14,2,28,0.16881968124542387,1.6371583041707385,0.6049714088439941
14,2,29,0.2316363068251165,1.94338935387174,0.7429587244987488
14,2,30,0.2316363068251165,1.7706436335275852,0.5797938108444214
14,2,31,-0.05103850828350024,1.9669455884641247,0.8324102759361267
14,2,32,-0.011778117296192363,1.7627915553301239,0.7006937265396118
15,1,0,0.12850991087762334,-1.4296727585135598,0.9993609189987184
15,1,1,0.06425495543881167,-1.4858958445225199,0.9993727207183838
15,1,2,0.05622308600896021,-1.4858958445225199,0.999273121356964
15,1,3,0.06425495543881167,-1.4778639750926685,0.9994126558303832
15,1,4,0.04015934714925729,-1.4778639750926685,0.9993042945861816
15,1,5,0.048191216579108756,-1.469832105662817,0.9991891980171204
15,1,6,0.048191216579108756,-1.469832105662817,0.999326467514038
15,1,7,0.04015934714925729,-1.4296727585135598,0.9986112117767334
15,1,8,-0.008031869429851459,-1.4055771502240053,0.9992178678512572
15,1,9,0.12850991087762334,-1.3493540642150452,0.99892395734787
15,1,10,0.10441430258806897,-1.3493540642150452,0.9989174604415894
15,1,11,0.09638243315821751,-1.0039836787314325,0.9994154572486876
15,1,12,-0.08031869429851458,-0.9959518093015809,0.9984058141708374
15,1,13,0.10441430258806897,-0.4738802963612361,0.5614738464355469
15,1,14,-0.05622308600896021,-0.4337209492119788,0.5581294298171997
15,1,15,0.38552973263287005,-0.4096253409224244,0.6817375421524048
15,1,16,0.4738802963612361,-0.5702627295194536,0.5922821760177612
15,1,17,0.4337209492119788,-0.42568907978212733,0.6719266176223755
15,1,18,0.6023902072388594,-0.5381352518000477,0.5874384045600891
15,1,19,0.5060077740806419,-0.49797590465079045,0.6746845245361328
15,1,20,0.6264858155284138,-0.5943583378090079,0.5856705904006958
15,1,21,0.4337209492119788,-0.5140396435104934,0.6565647721290588
15,1,22,0.5863264683791565,-0.6184539460985623,0.5726712346076965
15,1,23,0.07228682486866313,0.0,0.9973532557487488
15,1,24,-0.07228682486866313,0.0,0.9956652522087096
15,1,25,0.1767011274567321,0.7710594652657401,0.6498698592185974
15,1,26,-0.05622308600896021,0.7951550735552945,0.5743777751922607
15,1,27,-0.032127477719405835,1.5180233222419257,0.7731679677963257
15,1,28,-0.22489234403584085,1.6545651025494006,0.6383784413337708
15,1,29,-0.11244617201792043,1.662596971979252,0.7353071570396423
15,1,30,-0.34537038548361276,1.7188200579882122,0.6050441265106201
15,1,31,0.20079673574628648,1.767011274567321,0.8311803936958313
15,1,32,0.016063738859702918,1.8232343605762813,0.7251248955726624
15,2,0,-0.252793790327964,-1.386535637859439,0.9992827773094176
15,2,1,-0.2451333724392378,-1.440158563080522,0.9993360638618468
15,2,2,-0.2451333724392378,-1.440158563080522,0.9992284178733826
15,2,3,-0.23747295455051162,-1.432498145191796,0.9993797540664672
15,2,4,-0.252793790327964,-1.440158563080522,0.9992333650588988
15,2,5,-0.252793790327964,-1.440158563080522,0.99911230802536
15,2,6,-0.2451333724392378,-1.432498145191796,0.9992785453796388
15,2,7,-0.2451333724392378,-1.3788752199707126,0.9985949993133544
15,2,8,-0.2604542082166902,-1.3712148020819865,0.9991225004196168
15,2,9,-0.23747295455051162,-1.3022710410834508,0.998850405216217
15,2,10,-0.2451333724392378,-1.3022710410834508,0.998724639415741
15,2,11,-0.1302271041083451,-0.9958543255344036,0.9994520545005798
15,2,12,-0.17618961144070217,-0.9805334897569512,0.9982576966285706
15,2,13,-0.14554793988579745,-0.46728549121229707,0.6015693545341492
15,2,14,-0.35237922288140433,-0.44430423754611853,0.5069711804389954
15,2,15,-0.35237922288140433,-0.5362292522108327,0.7065541744232178
15,2,16,-0.3906813123250353,-0.4826063269897494,0.5414371490478516
15,2,17,-0.4519646554348447,-0.5515500879882851,0.69495689868927
15,2,18,-0.46728549121229707,-0.4826063269897494,0.5394554138183594
15,2,19,-0.44430423754611853,-0.6204938489868207,0.6972667574882507
15,2,20,-0.4596250733235709,-0.5209084164333804,0.5380118489265442
15,2,21,-0.42132298387994,-0.6204938489868207,0.6776016354560852
15,2,22,-0.44430423754611853,-0.5362292522108327,0.5269820690155029
15,2,23,0.015320835777452363,0.0,0.9974457025527954
15,2,24,-0.015320835777452363,0.0,0.9954907298088074
15,2,25,-0.1225666862196189,0.7430605352064396,0.6631146669387817
15,2,26,-0.11490626833089272,0.7813626246500706,0.5279540419578552
15,2,27,0.05362292522108327,1.5857065029663195,0.7787196636199951
15,2,28,0.07660417888726181,1.5474044135226888,0.5925140380859375
15,2,29,0.15320835777452363,1.7925377859619265,0.745523989200592
15,2,30,0.14554793988579745,1.6623106818535813,0.5737881660461426
15,2,31,-0.1302271041083451,1.8461607111830098,0.83115553855896
15,2,32,-0.09958543255344036,1.7159336070746647,0.6859776377677917
16,1,0,0.1535385474558969,-1.4251526712572995,0.999279797077179
16,1,1,0.09054837414065715,-1.4881428445725393,0.999289095401764
16,1,2,0.08267460247625218,-1.4881428445725393,0.9991631507873536
16,1,3,0.08267460247625218,-1.4802690729081343,0.9993261098861694
16,1,4,0.07480083081184721,-1.4802690729081343,0.999217927455902
16,1,5,0.05905328748303727,-1.4802690729081343,0.9990996718406676
16,1,6,0.0511795158186323,-1.4723953012437294,0.9992701411247252
16,1,7,0.04330574415422733,-1.4251526712572995,0.998354971408844
16,1,8,-0.003936885832202485,-1.4094051279284896,0.9991338849067688
16,1,9,0.1535385474558969,-1.3542887262776548,0.9988141655921936
16,1,10,0.129917232462682,-1.3464149546132498,0.998780071735382
16,1,11,0.09054837414065715,-0.9999690013794311,0.9993080496788024
16,1,12,-0.07480083081184721,-0.9999690013794311,0.9984124898910522
16,1,13,0.11416968913387206,-0.46455252819989323,0.5474445819854736
16,1,14,-0.09054837414065715,-0.4488049848710833,0.5554935932159424
16,1,15,0.4133730123812609,-0.3070770949117938,0.6527031064033508
16,1,16,0.397625469052451,-0.37006726822703356,0.5844402313232422
16,1,17,0.48423695736090566,-0.267708236589769,0.6461483240127563
16,1,18,0.5314795873473355,-0.2913295515829839,0.580215573310852
16,1,19,0.5393533590117404,-0.29920332324738885,0.649674117565155
16,1,20,0.5944697606625752,-0.32282463824060376,0.5783877372741699
16,1,21,0.47636318569650066,-0.3385721815694137,0.6315340399742126
16,1,22,0.5551009023405503,-0.3621934965626286,0.5641731023788452
16,1,23,0.07480083081184721,0.0,0.9971851706504822
16,1,24,-0.07480083081184721,0.0,0.9953518509864808
16,1,25,0.12204346079827703,0.7086394497964473,0.6243053078651428
16,1,26,-0.003936885832202485,0.7558820797828771,0.5624927282333374
16,1,27,-0.04330574415422733,1.4645215295793244,0.7601811289787292
16,1,28,-0.16928609078470686,1.566880561216589,0.6235671639442444
16,1,29,-0.11416968913387206,1.590501876209804,0.7310568690299988
16,1,30,-0.2795188940863764,1.6298707345318288,0.5962547063827515
16,1,31,0.17715986244911183,1.6613658211894486,0.8225547671318054
16,1,32,0.07480083081184721,1.7007346795114735,0.7083701491355896
16,2,0,-0.2896042006230714,-1.3870516977210263,0.9991467595100404
16,2,1,-0.2896042006230714,-1.448021003115357,0.9991682171821594
16,2,2,-0.2896042006230714,-1.448021003115357,0.9990434646606444
16,2,3,-0.2896042006230714,-1.448021003115357,0.9992324113845824
16,2,4,-0.2972253637973628,-1.448021003115357,0.9990538954734802
16,2,5,-0.30484652697165415,-1.4403998399410658,0.9989467859268188
16,2,6,-0.3124676901459455,-1.4403998399410658,0.9991636276245116
16,2,7,-0.2896042006230714,-1.3946728608953176,0.9983083009719848
16,2,8,-0.2896042006230714,-1.379430534546735,0.9989652037620544
16,2,9,-0.2743618742744887,-1.3108400659781128,0.9987693428993224
16,2,10,-0.28198303744878006,-1.3108400659781128,0.9985640048980712
16,2,11,-0.22101373205444924,-0.9831300494835846,0.9993732571601868
16,2,12,-0.1448021003115357,-0.9831300494835846,0.9983803033828736
16,2,13,-0.15242326348582708,-0.4648909536317726,0.5913697481155396
16,2,14,-0.16004442666011842,-0.4420274641088985,0.5025001168251038
16,2,15,-0.40392164823744175,-0.39630048506315035,0.6853808760643005
16,2,16,-0.015242326348582707,-0.2438772215773233,0.5305362343788147
16,2,17,-0.5106179326775206,-0.3429523428431109,0.6783967614173889
16,2,18,0.09145395809149624,-0.20577140570586655,0.528408408164978
16,2,19,-0.5258602590261033,-0.388679321888859,0.6813142895698547
16,2,20,-0.16766558983440977,-0.22101373205444924,0.5266627669334412
16,2,21,-0.49537560632893796,-0.4115428114117331,0.662742555141449
16,2,22,-0.20577140570586655,-0.22863489522874061,0.5145527720451355
16,2,23,-0.03810581587145677,0.007621163174291353,0.9973474144935608
16,2,24,0.03810581587145677,-0.007621163174291353,0.9952068328857422
16,2,25,-0.07621163174291354,0.7849798069520094,0.6405506134033203
16,2,26,-0.053348142220039474,0.7392528279062612,0.5153102278709412
16,2,27,0.0,1.508990308509688,0.7664118409156799
16,2,28,0.04572697904574812,1.5166114716839794,0.5748735070228577
16,2,29,0.11431744761437031,1.5775807770783101,0.7365492582321167
16,2,30,0.10669628444007895,1.638550082472641,0.5651000738143921
16,2,31,-0.20577140570586655,1.6461712456469324,0.8206269145011902
16,2,32,-0.129559773962953,1.615686592949767,0.6675261855125427
17,1,0,0.1735403848485228,-1.4792251851374085,0.9991222023963928
17,1,1,0.12395741774894485,-1.5370719800869161,0.9990715384483336
17,1,2,0.1156935898990152,-1.5370719800869161,0.9988831877708436
17,1,3,0.10742976204908554,-1.5370719800869161,0.9991282224655152
17,1,4,0.10742976204908554,-1.5370719800869161,0.9990142583847046
17,1,5,0.09090210634922623,-1.5288081522369865,0.9988928437232972
17,1,6,0.0743744506493669,-1.520544324387057,0.9991382956504822
17,1,7,0.06611062279943725,-1.4792251851374085,0.9979615807533264
17,1,8,0.02479148354978897,-1.4544337015876196,0.9989596009254456
17,1,9,0.18180421269845246,-1.396586906638112,0.9987435340881348
17,1,10,0.15701272914866346,-1.396586906638112,0.998651921749115
17,1,11,0.08263827849929656,-0.9916593419915588,0.9991670846939088
17,1,12,-0.0578467949495076,-1.0081869976914182,0.9985288381576538
17,1,13,0.1735403848485228,-0.44624670389620147,0.5361948609352112
17,1,14,-0.1322212455988745,-0.4214552203464125,0.5507354736328125
17,1,15,0.40492756464655316,-0.19833186839831177,0.6253013014793396
17,1,16,0.3140254582973269,-0.10742976204908554,0.5716946721076965
17,1,17,0.4545105317461311,-0.09916593419915588,0.6215521097183228
17,1,18,0.41319139249648285,-0.008263827849929656,0.5648919939994812
17,1,19,0.4875658431458497,-0.12395741774894485,0.6249064803123474
17,1,20,0.4545105317461311,-0.04958296709957794,0.5621128678321838
17,1,21,0.4710381874459904,-0.16527655699859312,0.6086128354072571
17,1,22,0.40492756464655316,-0.09090210634922623,0.5454286336898804
17,1,23,0.06611062279943725,0.0,0.9968836307525636
17,1,24,-0.06611062279943725,0.0,0.995051383972168
17,1,25,0.16527655699859312,0.7437445064936691,0.591224730014801
17,1,26,0.04131913924964828,0.7850636457433173,0.5314720273017883
17,1,27,-0.09916593419915588,1.4379060458877602,0.7188224792480469
17,1,28,-0.12395741774894485,1.5370719800869161,0.5847947001457214
17,1,29,-0.19833186839831177,1.5370719800869161,0.6990048885345459
17,1,30,-0.264442491197749,1.6692932256857906,0.5718985199928284
17,1,31,0.14048507344880415,1.6445017421360015,0.7831379771232605
17,1,32,0.1487489012987338,1.7023485370855092,0.6718064546585083
17,2,0,-0.25275128783117945,-1.4059290385609358,0.9989290237426758
17,2,1,-0.2448528100864551,-1.477015338263455,0.9989059567451476
17,2,2,-0.23695433234173074,-1.477015338263455,0.9987525939941406
17,2,3,-0.23695433234173074,-1.477015338263455,0.999023735523224
17,2,4,-0.2448528100864551,-1.477015338263455,0.9987902641296388
17,2,5,-0.2448528100864551,-1.4691168605187306,0.9986493587493896
17,2,6,-0.25275128783117945,-1.4691168605187306,0.9989024996757508
17,2,7,-0.2290558545970064,-1.4217259940503844,0.9979840517044068
17,2,8,-0.2764467210653525,-1.4138275163056602,0.9986355900764464
17,2,9,-0.2290558545970064,-1.3348427388584165,0.998693585395813
17,2,10,-0.23695433234173074,-1.3269442611136921,0.9983524680137634
17,2,11,-0.1895634658733846,-0.9794112403458204,0.9992483258247375
17,2,12,-0.17376651038393587,-0.9873097180905448,0.9984288215637208
17,2,13,-0.04739086646834615,-0.4581117091940128,0.5821738243103027
17,2,14,-0.14217259940503843,-0.4107208427256666,0.498336911201477
17,2,15,-0.2290558545970064,-0.2764467210653525,0.6622198820114136
17,2,16,-0.15796955489448716,-0.11847716617086537,0.5212047100067139
17,2,17,-0.36332997625732044,-0.1895634658733846,0.6583483219146729
17,2,18,-0.37122845400204485,-0.10268021068141665,0.5169033408164978
17,2,19,-0.442314753704564,-0.2053604213628333,0.661246657371521
17,2,20,-0.37122845400204485,-0.11847716617086537,0.5143430829048157
17,2,21,-0.40282236498094226,-0.23695433234173074,0.6455256938934326
17,2,22,-0.3396345430231474,-0.1500710771497628,0.5000932812690735
17,2,23,-0.0552893442130705,0.015796955489448716,0.997077226638794
17,2,24,0.0552893442130705,-0.015796955489448716,0.994973599910736
17,2,25,-0.08688325519196793,0.7740508189829871,0.6218358278274536
17,2,26,-0.0552893442130705,0.750355385748814,0.5007455945014954
17,2,27,0.03159391097889743,1.500710771497628,0.7370446920394897
17,2,28,0.11847716617086537,1.524406204731801,0.5516915321350098
17,2,29,0.14217259940503843,1.5638985934554228,0.7139758467674255
17,2,30,0.14217259940503843,1.6507818486473909,0.5550398826599121
17,2,31,-0.17376651038393587,1.7297666260946345,0.7915013432502747
17,2,32,-0.03949238872362179,1.6428833709026665,0.6449030041694641
18,1,0,0.19579084860925527,-1.4871772968830668,0.9990141987800598
18,1,1,0.1374701703001154,-1.5538295006649407,0.9989797472953796
18,1,2,0.1374701703001154,-1.5538295006649407,0.99882972240448
18,1,3,0.12913864482738113,-1.5538295006649407,0.9990891218185424
18,1,4,0.12913864482738113,-1.5454979751922064,0.9988813400268556
18,1,5,0.11247559388191261,-1.5454979751922064,0.998746693134308
18,1,6,0.09581254293644408,-1.5371664497194724,0.9989818930625916
18,1,7,0.07914949199097554,-1.4871772968830668,0.9981117844581604
18,1,8,0.0374918646273042,-1.4788457714103325,0.9987401962280272
18,1,9,0.20412237408198955,-1.403862042155724,0.9987989068031312
18,1,10,0.17912779766378675,-1.3955305166829897,0.998504102230072
18,1,11,0.10414406840917834,-0.9956172939917449,0.9992943406105042
18,1,12,-0.062486441045507005,-1.0039488194644792,0.998577892780304
18,1,13,0.15413322124558393,-0.46239966373675184,0.5368199944496155
18,1,14,-0.19579084860925527,-0.40407898542761195,0.5466755628585815
18,1,15,0.3707528835366749,-0.1624647467183182,0.6356203556060791
18,1,16,0.12080711935464687,0.0124972882091014,0.5629943013191223
18,1,17,0.4457366127912833,-0.11247559388191261,0.6327897310256958
18,1,18,0.12913864482738113,0.1374701703001154,0.5544107556343079
18,1,19,0.48739424015495464,-0.12913864482738113,0.6378082036972046
18,1,20,0.17912779766378675,0.11247559388191261,0.5510302186012268
18,1,21,0.4457366127912833,-0.1374701703001154,0.622351348400116
18,1,22,0.1624647467183182,0.05415491557277274,0.5327706933021545
18,1,23,0.07081796651824127,-0.004165762736367134,0.9971938133239746
18,1,24,-0.07081796651824127,0.004165762736367134,0.99522864818573
18,1,25,0.15413322124558393,0.7456715298097168,0.5831149220466614
18,1,26,0.04582339010003847,0.7540030552824512,0.5254328846931458
18,1,27,-0.0874810174637098,1.4205250931011926,0.7004202008247375
18,1,28,-0.12080711935464687,1.4705142459375982,0.5655919313430786
18,1,29,-0.187459323136521,1.5205033987740038,0.6873031258583069
18,1,30,-0.22078542502745807,1.595487128028612,0.5576270222663879
18,1,31,0.1374701703001154,1.6371447553922835,0.7670103907585144
18,1,32,0.14580169577284968,1.653807806337752,0.6539555788040161
18,2,0,-0.19574007317156783,-1.4210729312255825,0.9989810585975648
18,2,1,-0.1800808673178424,-1.4993689604942095,0.9989547729492188
18,2,2,-0.1800808673178424,-1.4993689604942095,0.9988250732421876
18,2,3,-0.1800808673178424,-1.4993689604942095,0.9990835785865784
18,2,4,-0.1800808673178424,-1.4993689604942095,0.998833417892456
18,2,5,-0.1800808673178424,-1.4915393575673468,0.9986848831176758
18,2,6,-0.1800808673178424,-1.4915393575673468,0.9988924264907836
18,2,7,-0.14876245561039156,-1.4523913429330333,0.9981985688209534
18,2,8,-0.17225126439097968,-1.4367321370793078,0.9985949397087096
18,2,9,-0.17225126439097968,-1.350606504883818,0.9988117814064026
18,2,10,-0.17225126439097968,-1.350606504883818,0.9984034895896912
18,2,11,-0.08612563219548984,-0.9982743731749959,0.999363660812378
18,2,12,-0.03131841170745085,-0.9982743731749959,0.9983834624290466
18,2,13,0.07829602926862714,-0.5128389917095078,0.5829577445983887
18,2,14,0.1252736468298034,-0.4345429624408806,0.493742287158966
18,2,15,0.0626368234149017,-0.2544620951230382,0.6717745661735535
18,2,16,-0.03131841170745085,-0.12135884536637205,0.5103026032447815
18,2,17,-0.10961444097607799,-0.16050686000068562,0.6688776612281799
18,2,18,-0.14876245561039156,-0.04306281609774492,0.5041447281837463
18,2,19,-0.25837689658646956,-0.19182527170813649,0.6733250021934509
18,2,20,-0.1800808673178424,-0.03523321317088221,0.5011544227600098
18,2,21,-0.2270584848790187,-0.22314368341558732,0.6587855219841003
18,2,22,-0.164421661464117,-0.06655162487833306,0.4853697419166565
18,2,23,-0.10961444097607799,0.019574007317156784,0.997374415397644
18,2,24,0.10961444097607799,-0.019574007317156784,0.9951072335243224
18,2,25,-0.054807220488038995,0.6929198590273501,0.618872344493866
18,2,26,-0.0626368234149017,0.724238270734801,0.5045135021209717
18,2,27,-0.10961444097607799,1.5071985634210723,0.7228354215621948
18,2,28,-0.19574007317156783,1.4289025341524453,0.5426044464111328
18,2,29,0.04697761756117628,1.5854945926896995,0.7105791568756104
18,2,30,0.03914801463431357,1.515028166347935,0.5450156927108765
18,2,31,-0.10961444097607799,1.6951090336657775,0.7796973586082458
18,2,32,-0.0626368234149017,1.5620057839091113,0.6302348971366882
19,1,0,0.21469281363721723,-1.4739487397785875,0.9990487694740297
19,1,1,0.15689090227335104,-1.5482654829607012,0.9989933967590332
19,1,2,0.15689090227335104,-1.5482654829607012,0.9988543391227722
19,1,3,0.1486334863642273,-1.5482654829607012,0.9991162419319152
19,1,4,0.1486334863642273,-1.5400080670515774,0.998900830745697
19,1,5,0.14037607045510356,-1.5400080670515774,0.998755931854248
19,1,6,0.1238612386368561,-1.5317506511424537,0.9989578127861024
19,1,7,0.09908899090948488,-1.4904635715968348,0.9982428550720216
19,1,8,0.05780191136386618,-1.4739487397785875,0.998688280582428
19,1,9,0.21469281363721723,-1.39137458068735,0.9988918900489808
19,1,10,0.19817798181896976,-1.39137458068735,0.998546302318573
19,1,11,0.1238612386368561,-0.9950186170494106,0.9993749856948853
19,1,12,-0.04128707954561869,-1.0032760329585344,0.9985379576683044
19,1,13,0.1486334863642273,-0.4913162465928625,0.5359832048416138
19,1,14,-0.15689090227335104,-0.4087420875016251,0.5430084466934204
19,1,15,0.3963559636379395,-0.15276219431878918,0.6346018314361572
19,1,16,0.18166315000072225,-0.01238612386368561,0.5552840828895569
19,1,17,0.4871875386383006,-0.094960282954923,0.6335529685020447
19,1,18,0.19817798181896976,0.11147511477317049,0.5465207695960999
19,1,19,0.5119597863656719,-0.11973253068229422,0.6394551992416382
19,1,20,0.2312076454554647,0.08670286704579926,0.543018639087677
19,1,21,0.47067270682005313,-0.1362473625005417,0.626384973526001
19,1,22,0.21469281363721723,0.02890095568193309,0.5245232582092285
19,1,23,0.05780191136386618,-0.004128707954561869,0.997385799884796
19,1,24,-0.05780191136386618,0.004128707954561869,0.995309591293335
19,1,25,0.16514831818247477,0.7225238920483272,0.5823462009429932
19,1,26,0.09908899090948488,0.7555535556848222,0.5362624526023865
19,1,27,-0.1486334863642273,1.3996319965964739,0.6945433616638184
19,1,28,-0.08257415909123739,1.5069784034150824,0.5668014287948608
19,1,29,-0.2559798931828359,1.4904635715968348,0.6900784969329834
19,1,30,-0.1734057340915985,1.5730377306880723,0.5595476627349854
19,1,31,0.07431674318211365,1.5895525625063198,0.7617290616035461
19,1,32,0.189920565909846,1.6225822261428147,0.6471430659294128
19,2,0,-0.09842214580506212,-1.436963328753907,0.998974859714508
19,2,1,-0.09054837414065715,-1.5078272737335516,0.998933970928192
19,2,2,-0.09054837414065715,-1.5078272737335516,0.9988096356391908
19,2,3,-0.09054837414065715,-1.5078272737335516,0.9990790486335754
19,2,4,-0.09842214580506212,-1.5078272737335516,0.9987974166870116
19,2,5,-0.09842214580506212,-1.5078272737335516,0.9986182451248168
19,2,6,-0.09842214580506212,-1.4999535020691468,0.9987966418266296
19,2,7,-0.06692705914744225,-1.460584643747122,0.9983078837394714
19,2,8,-0.09054837414065715,-1.444837100418312,0.9984570145606996
19,2,9,-0.08267460247625218,-1.3582256121098573,0.9988622665405272
19,2,10,-0.09054837414065715,-1.3582256121098573,0.998329222202301
19,2,11,-0.019684429161012425,-1.0039058872116335,0.9994358420372008
19,2,12,0.003936885832202485,-0.9960321155472287,0.998034656047821
19,2,13,0.17715986244911183,-0.5236058156829305,0.5822278261184692
19,2,14,0.14566477579149195,-0.4448680990388808,0.4899999797344208
19,2,15,0.20078117744232674,-0.24802380742875654,0.6708495020866394
19,2,16,0.027558200825417396,-0.1535385474558969,0.5019471645355225
19,2,17,0.04330574415422733,-0.1535385474558969,0.6694809794425964
19,2,18,-0.03543197248982236,-0.04330574415422733,0.4950434565544128
19,2,19,-0.11416968913387206,-0.18503363411351678,0.6747211813926697
19,2,20,-0.06692705914744225,-0.04330574415422733,0.4918675720691681
19,2,21,-0.08267460247625218,-0.22440249243554164,0.6623575687408447
19,2,22,-0.0511795158186323,-0.07480083081184721,0.4756597280502319
19,2,23,-0.03543197248982236,0.011810657496607455,0.9975351095199584
19,2,24,0.03543197248982236,-0.011810657496607455,0.9950233101844788
19,2,25,0.019684429161012425,0.7598189656150796,0.6150819063186646
19,2,26,-0.003936885832202485,0.6889550206354349,0.5065728425979614
19,2,27,-0.03543197248982236,1.5157010453979567,0.7140306830406189
19,2,28,-0.05905328748303727,1.436963328753907,0.5361157655715942
19,2,29,0.04330574415422733,1.6180600770352214,0.7103930115699768
19,2,30,0.05905328748303727,1.5708174470487914,0.5437386631965637
19,2,31,-0.06692705914744225,1.688924022014866,0.7714635133743286
19,2,32,0.027558200825417396,1.5157010453979567,0.617802619934082
20,1,0,0.15008937858010374,-1.4684420282702042,0.999018132686615
20,1,1,0.09329880290114557,-1.5333455433318706,0.9989479184150696
20,1,2,0.08518586351843725,-1.5333455433318706,0.9987952709197998
20,1,3,0.07707292413572894,-1.5333455433318706,0.999084174633026
20,1,4,0.07707292413572894,-1.5252326039491624,0.9988660216331482
20,1,5,0.06895998475302063,-1.5252326039491624,0.9986917972564696
20,1,6,0.052734105987604016,-1.517119664566454,0.9988740682601928
20,1,7,0.012169409074062465,-1.4765549676529124,0.9982885122299194
20,1,8,-0.020282348456770776,-1.4603290888874958,0.9985806345939636
20,1,9,0.15008937858010374,-1.387312634443121,0.9989342093467712
20,1,10,0.1257505604319788,-1.3791996950604128,0.9984812140464784
20,1,11,0.020282348456770776,-1.0060044834558304,0.999427616596222
20,1,12,-0.15008937858010374,-0.9897786046904139,0.998227596282959
20,1,13,0.06895998475302063,-0.5435669386414568,0.5289719700813293
20,1,14,-0.4015904994440614,-0.44621166604895707,0.5399526953697205
20,1,15,0.1906540754936453,-0.235275242098541,0.6120595335960388
20,1,16,-0.1257505604319788,-0.02433881814812493,0.5466148853302002
20,1,17,0.1906540754936453,-0.1622587876541662,0.6124562621116638
20,1,18,-0.07707292413572894,0.10546821197520803,0.5357080698013306
20,1,19,0.20687995425906192,-0.1703717270368745,0.6179999113082886
20,1,20,-0.028395287839479085,0.08924233320979141,0.5318554639816284
20,1,21,0.1906540754936453,-0.19471054518499945,0.6072176694869995
20,1,22,-0.004056469691354155,0.04056469691354155,0.5124046206474304
20,1,23,0.06895998475302063,-0.00811293938270831,0.9974495768547058
20,1,24,-0.06895998475302063,0.00811293938270831,0.9952595233917236
20,1,25,0.13386349981468712,0.6895998475302064,0.5857717394828796
20,1,26,-0.04462116660489571,0.7301645444437479,0.5377561450004578
20,1,27,-0.14197643919739544,1.3467479375295794,0.6899738311767578
20,1,28,-0.2636705299380201,1.3954255738258294,0.5625684857368469
20,1,29,-0.2149928936417702,1.4603290888874958,0.6940928101539612
20,1,30,-0.3529128631478115,1.4927808464183292,0.5581898093223572
20,1,31,0.06895998475302063,1.517119664566454,0.7610839009284973
20,1,32,-0.06895998475302063,1.517119664566454,0.6386072039604187
20,2,0,-0.3014507856637387,-1.406770333097447,0.9989721775054932
20,2,1,-0.2716778685611472,-1.473759396578278,0.9989186525344848
20,2,2,-0.26423463928549934,-1.473759396578278,0.9987707138061525
20,2,3,-0.25679141000985145,-1.473759396578278,0.9990704655647278
20,2,4,-0.2716778685611472,-1.4663161673026301,0.998818576335907
20,2,5,-0.26423463928549934,-1.4663161673026301,0.9986377358436584
20,2,6,-0.26423463928549934,-1.4663161673026301,0.9988207221031188
20,2,7,-0.2046888050803164,-1.4291000209243907,0.9983759522438048
20,2,8,-0.2046888050803164,-1.414213562373095,0.9984673857688904
20,2,9,-0.26423463928549934,-1.3397812696166163,0.9989315867424012
20,2,10,-0.2716778685611472,-1.3323380403409684,0.9983651638031006
20,2,11,-0.12281328304818982,-1.0048359522124621,0.9994829297065736
20,2,12,-0.16002942942642917,-0.9750630351098708,0.9978923201560974
20,2,13,0.07071067811865475,-0.5731286542248859,0.5758094787597656
20,2,14,0.10792682449689409,-0.5359125078466466,0.4890525937080383
20,2,15,-0.011164843913471802,-0.31261562957721045,0.6499817371368408
20,2,16,-0.07071067811865475,-0.1935239611668446,0.4949007034301758
20,2,17,-0.09304036594559835,-0.21585364899378817,0.6491766571998596
20,2,18,-0.09304036594559835,-0.08931875130777442,0.4860407710075378
20,2,19,-0.18980234652902064,-0.24562656609637964,0.6539611220359802
20,2,20,-0.11537005377254196,-0.11164843913471803,0.4825800359249115
20,2,21,-0.10048359522124622,-0.2753994831989711,0.6427366137504578
20,2,22,-0.10792682449689409,-0.11909166841036589,0.4653607904911041
20,2,23,0.011164843913471802,0.014886458551295736,0.997546374797821
20,2,24,-0.011164843913471802,-0.014886458551295736,0.9944872856140136
20,2,25,-0.12281328304818982,0.6252312591544209,0.6164955496788025
20,2,26,-0.01860807318911967,0.6401177177057167,0.4980878531932831
20,2,27,-0.003721614637823934,1.2058031426549547,0.7094873189926147
20,2,28,-0.03349453174041541,1.2951218939627291,0.5300496220588684
20,2,29,0.01860807318911967,1.3174515817896728,0.7143428325653076
20,2,30,-0.055824219567359015,1.3844406452705036,0.5459516048431396
20,2,31,-0.1972455758046685,1.414213562373095,0.773622989654541
20,2,32,-0.12281328304818982,1.414213562373095,0.6139001250267029
21,1,0,0.11048481526497385,-1.4323567121851966,0.9990551471710204
21,1,1,0.04735063511356022,-1.4954908923366101,0.9990042448043824
21,1,2,0.03945886259463351,-1.4954908923366101,0.9988643527030944
21,1,3,0.031567090075706815,-1.4954908923366101,0.9991374015808104
21,1,4,0.031567090075706815,-1.4875991198176834,0.998921275138855
21,1,5,0.02367531755678011,-1.4875991198176834,0.998757779598236
21,1,6,0.007891772518926704,-1.4875991198176834,0.9989258646965028
21,1,7,-0.06313418015141363,-1.44814025722305,0.9984849691390992
21,1,8,-0.10259304274604714,-1.4323567121851966,0.99861478805542
21,1,9,0.09470127022712044,-1.3613307595148563,0.9990173578262328
21,1,10,0.07891772518926703,-1.3534389869959296,0.9985217452049256
21,1,11,-0.07102595267034033,-0.9983092236442279,0.9995022416114808
21,1,12,-0.20518608549209427,-0.9825256786063745,0.998102068901062
21,1,13,-0.18940254045424088,-0.5169110999896991,0.5219568610191345
21,1,14,-0.5760993938816493,-0.5800452801411127,0.5396800637245178
21,1,15,-0.08680949770819374,-0.1302142465622906,0.5921746492385864
21,1,16,-0.39458862594633515,-0.10653892900551049,0.5426700711250305
21,1,17,-0.07891772518926703,-0.027621203816243462,0.5934765934944153
21,1,18,-0.40248039846526185,0.019729431297316757,0.5314682126045227
21,1,19,-0.07102595267034033,-0.035512976335170164,0.5982455611228943
21,1,20,-0.3393462183138482,0.011837658778390055,0.527814507484436
21,1,21,-0.07891772518926703,-0.06708006641087698,0.5883042216300964
21,1,22,-0.3156709007570681,-0.027621203816243462,0.5092254877090454
21,1,23,0.06313418015141363,-0.003945886259463352,0.9976840615272522
21,1,24,-0.06313418015141363,0.003945886259463352,0.994971513748169
21,1,25,-0.04735063511356022,0.7142054129628667,0.5919116735458374
21,1,26,0.015783545037853407,0.7378807305196468,0.5394810438156128
21,1,27,-0.18940254045424088,1.392897849590563,0.7007572650909424
21,1,28,-0.2209696305299477,1.4007896221094898,0.5679609179496765
21,1,29,-0.3077791282381414,1.4797073472987567,0.7073137760162354
21,1,30,-0.36302153587062835,1.4797073472987567,0.5715060830116272
21,1,31,0.02367531755678011,1.558625072488024,0.773201584815979
21,1,32,-0.06313418015141363,1.550733299969097,0.6447845101356506
21,2,0,-0.32075471698113206,-1.3584905660377358,0.998966634273529
21,2,1,-0.29056603773584905,-1.441509433962264,0.9989336729049684
21,2,2,-0.2830188679245283,-1.441509433962264,0.9988147020339966
21,2,3,-0.27547169811320754,-1.441509433962264,0.9991024732589722
21,2,4,-0.29056603773584905,-1.4339622641509433,0.998815417289734
21,2,5,-0.2830188679245283,-1.4339622641509433,0.9986198544502258
21,2,6,-0.27547169811320754,-1.4339622641509433,0.99876606464386
21,2,7,-0.21509433962264152,-1.4037735849056603,0.9985570311546326
21,2,8,-0.21509433962264152,-1.3962264150943395,0.9983903169631958
21,2,9,-0.2830188679245283,-1.2981132075471697,0.9990060329437256
21,2,10,-0.29056603773584905,-1.290566037735849,0.9983236789703368
21,2,11,-0.1169811320754717,-1.0188679245283019,0.9995514750480652
21,2,12,-0.05660377358490566,-0.9735849056603774,0.9978650808334352
21,2,13,0.026415094339622643,-0.6339622641509434,0.5696651935577393
21,2,14,-0.4641509433962264,-0.5886792452830188,0.4877452850341797
21,2,15,-0.1471698113207547,-0.1811320754716981,0.6327192783355713
21,2,16,-0.16226415094339622,-0.17358490566037735,0.4921988844871521
21,2,17,-0.2,-0.1509433962264151,0.6334203481674194
21,2,18,-0.21509433962264152,-0.09811320754716982,0.4835363328456878
21,2,19,-0.23773584905660378,-0.17358490566037735,0.6376126408576965
21,2,20,-0.23018867924528302,-0.11320754716981132,0.4802073836326599
21,2,21,-0.21509433962264152,-0.21132075471698114,0.6278961300849915
21,2,22,-0.2,-0.14339622641509434,0.463772177696228
21,2,23,-0.033962264150943396,-0.01509433962264151,0.9978014826774596
21,2,24,0.033962264150943396,0.01509433962264151,0.9945555925369264
21,2,25,-0.1471698113207547,0.7396226415094339,0.6182485818862915
21,2,26,0.018867924528301886,0.7094339622641509,0.5016298294067383
21,2,27,-0.011320754716981131,1.5849056603773586,0.7149123549461365
21,2,28,0.018867924528301886,1.471698113207547,0.5354404449462891
21,2,29,0.06415094339622641,1.7056603773584906,0.7266004681587219
21,2,30,0.06415094339622641,1.6,0.5574102997779846
21,2,31,-0.2830188679245283,1.818867924528302,0.7787203192710876
21,2,32,-0.17735849056603772,1.630188679245283,0.6161264181137085
22,1,0,0.10299147282384019,-1.3718464180135514,0.9990026354789734
22,1,1,0.0535555658683969,-1.4542395962726236,0.9989420175552368
22,1,2,0.0535555658683969,-1.4542395962726236,0.9988213181495668
22,1,3,0.0535555658683969,-1.4542395962726236,0.999074399471283
22,1,4,0.03707693021658247,-1.4542395962726236,0.9988679885864258
22,1,5,0.020598294564768038,-1.4542395962726236,0.9986945986747742
22,1,6,-0.004119658912953608,-1.4542395962726236,0.9988341331481934
22,1,7,-0.03707693021658247,-1.4130430071430875,0.99846613407135
22,1,8,-0.1112307906497474,-1.4130430071430875,0.9985107779502868
22,1,9,0.09475215499793298,-1.3059318754062936,0.9989092946052552
22,1,10,0.07003420152021134,-1.3059318754062936,0.9984184503555298
22,1,11,-0.03707693021658247,-0.9763591623700051,0.9993411898612976
22,1,12,-0.20186328673472678,-1.009316433673634,0.998074471950531
22,1,13,-0.13594874412746905,-0.5643932710746443,0.5194991827011108
22,1,14,-0.6632650849855308,-0.6797437206373453,0.5386618971824646
22,1,15,-0.08651283717202576,-0.13594874412746905,0.5794661045074463
22,1,16,-0.514957364119201,-0.1112307906497474,0.5417224764823914
22,1,17,-0.07003420152021134,-0.061794883694304116,0.5818518996238708
22,1,18,-0.5479146354228298,-0.004119658912953608,0.5322649478912354
22,1,19,-0.0535555658683969,-0.061794883694304116,0.5860950946807861
22,1,20,-0.5067180462932938,-0.004119658912953608,0.5290198922157288
22,1,21,-0.061794883694304116,-0.08651283717202576,0.5778284072875977
22,1,22,-0.4820000928155721,-0.03707693021658247,0.513176679611206
22,1,23,0.0535555658683969,0.004119658912953608,0.9977250695228576
22,1,24,-0.0535555658683969,-0.004119658912953608,0.9950025677680968
22,1,25,0.1112307906497474,0.8198121236777679,0.6006119847297668
22,1,26,-0.07003420152021134,0.8280514415036752,0.5465359091758728
22,1,27,-0.11947010847565463,1.5778293636612317,0.7042428255081177
22,1,28,-0.20186328673472678,1.6519832240943968,0.5764376521110535
22,1,29,-0.210102604560634,1.6849404953980256,0.7173037528991699
22,1,30,-0.3089744184715206,1.7590943558311904,0.5854700803756714
22,1,31,0.13594874412746905,1.8250088984384483,0.7759546041488647
22,1,32,0.012358976738860824,1.890923441045706,0.6486197113990784
22,2,0,-0.27165099345312993,-1.3018080075870773,0.9988755583763124
22,2,1,-0.22931577369420061,-1.3794225771451145,0.9987418055534364
22,2,2,-0.2152040337745575,-1.3794225771451145,0.9986427426338196
22,2,3,-0.20109229385491437,-1.3794225771451145,0.9989455938339232
22,2,4,-0.23637164365402216,-1.3794225771451145,0.998628795146942
22,2,5,-0.23637164365402216,-1.3794225771451145,0.9984080791473388
22,2,6,-0.22931577369420061,-1.3794225771451145,0.9985262155532836
22,2,7,-0.1305335942566988,-1.3441432273460066,0.9984915256500244
22,2,8,-0.17286881401562815,-1.3441432273460066,0.9979963302612304
22,2,9,-0.23637164365402216,-1.2383051779486833,0.998842179775238
22,2,10,-0.2504833835736653,-1.2383051779486833,0.9979599714279176
22,2,11,-0.0035279349799107788,-0.9984055993147504,0.9994049668312072
22,2,12,-0.10936598437723413,-0.9984055993147504,0.9973829388618468
22,2,13,0.3139862132120593,-0.6738355811629587,0.5674416422843933
22,2,14,-0.10936598437723413,-0.6597238412433156,0.4860919117927551
22,2,15,0.08114250453794791,-0.3210420831718809,0.6211122274398804
22,2,16,-0.10231011441741258,-0.2857627333727731,0.4903064370155334
22,2,17,0.045863154738840124,-0.20814816381473594,0.6223145723342896
22,2,18,-0.1799246839754497,-0.20109229385491437,0.483406126499176
22,2,19,0.1305335942566988,-0.20814816381473594,0.6259599924087524
22,2,20,-0.15170120413616348,-0.1799246839754497,0.4806735813617706
22,2,21,0.08819837449776946,-0.22931577369420061,0.6177231669425964
22,2,22,-0.1305335942566988,-0.2152040337745575,0.4668089151382446
22,2,23,0.017639674899553894,0.0035279349799107788,0.9976996779441832
22,2,24,-0.017639674899553894,-0.0035279349799107788,0.9943373203277588
22,2,25,0.03175141481919701,0.8220088503192114,0.6266368627548218
22,2,26,0.02469554485937545,0.779673630560282,0.5069478154182434
22,2,27,0.06703076461830479,1.5417075862210103,0.7147099375724792
22,2,28,0.08114250453794791,1.5205399763415455,0.5456887483596802
22,2,29,0.1305335942566988,1.6334338956986905,0.7344616055488586
22,2,30,0.12347772429687726,1.6334338956986905,0.569795548915863
22,2,31,-0.1658129440558066,1.830998254573694,0.7794732451438904
22,2,32,-0.15875707409598502,1.7674954249353,0.624405562877655
23,1,0,0.15051971749157753,-1.3668817588424338,0.9989646673202516
23,1,1,0.10170251181863348,-1.4482437682973406,0.9988371729850768
23,1,2,0.10170251181863348,-1.4482437682973406,0.9987401962280272
23,1,3,0.10170251181863348,-1.4482437682973406,0.9990130662918092
23,1,4,0.07729390898216144,-1.4482437682973406,0.9987446069717408
23,1,5,0.052885306145689405,-1.4482437682973406,0.9985457062721252
23,1,6,0.028476703309217373,-1.4482437682973406,0.9986549019813538
23,1,7,0.028476703309217373,-1.4075627635698873,0.9985197186470032
23,1,8,-0.06102150709118008,-1.4075627635698873,0.998178780078888
23,1,9,0.14238351654608686,-1.2936559503330178,0.998849391937256
23,1,10,0.11797491370961483,-1.2936559503330178,0.9981151223182678
23,1,11,0.10983871276412414,-0.9763441134588813,0.9993064999580384
23,1,12,-0.2725627316739377,-1.0170251181863348,0.9976394176483154
23,1,13,0.10983871276412414,-0.5939426690208195,0.5223198533058167
23,1,14,-0.6142831713845461,-0.7566666879306331,0.5368329882621765
23,1,15,0.18306452127354025,-0.17899642080079492,0.5864905118942261
23,1,16,-0.5003763581476767,-0.20340502363726695,0.5393185615539551
23,1,17,0.19120072221903092,-0.0732258085094161,0.5881716012954712
23,1,18,-0.5491935638206208,-0.08949821040039746,0.5309324860572815
23,1,19,0.21560932505550295,-0.06508960756392543,0.5928009748458862
23,1,20,-0.5003763581476767,-0.0732258085094161,0.5282709002494812
23,1,21,0.19120072221903092,-0.09763441134588813,0.5860433578491211
23,1,22,-0.4596953534202233,-0.10577061229137881,0.5146999955177307
23,1,23,0.1667921193825589,0.008136200945490678,0.9978190064430236
23,1,24,-0.1667921193825589,-0.008136200945490678,0.994870126247406
23,1,25,0.1261111146551055,0.8787097021129932,0.6281936168670654
23,1,26,-0.1342473156005962,0.8705735011675025,0.5541233420372009
23,1,27,-0.14238351654608686,1.6028315862616636,0.7268595695495605
23,1,28,-0.1993369231645216,1.7818280070624584,0.5892560482025146
23,1,29,-0.10170251181863348,1.7086021985530424,0.7436264753341675
23,1,30,-0.29697133451040975,1.838781413680893,0.6026285886764526
23,1,31,0.22374552600099365,1.9282796240812907,0.7907907962799072
23,1,32,0.020340502363726694,2.04218643731816,0.6593629717826843
23,2,0,-0.241719792330167,-1.2915773978238774,0.998853325843811
23,2,1,-0.19842669519640574,-1.3709480759024397,0.9986460208892822
23,2,2,-0.19121117900744553,-1.3709480759024397,0.9985713958740234
23,2,3,-0.1767801466295251,-1.3709480759024397,0.9988840222358704
23,2,4,-0.21285772757432617,-1.3709480759024397,0.9985491037368774
23,2,5,-0.20564221138536595,-1.3709480759024397,0.998304009437561
23,2,6,-0.20564221138536595,-1.3709480759024397,0.9983932375907898
23,2,7,-0.11905601711784344,-1.3348704949576387,0.9985454082489014
23,2,8,-0.15513359806264448,-1.3420860111465989,0.9977577924728394
23,2,9,-0.21285772757432617,-1.2266377521232354,0.9987996220588684
23,2,10,-0.22728875995224657,-1.2266377521232354,0.9977585077285768
23,2,11,0.05411637141720156,-1.002956750265469,0.999373495578766
23,2,12,-0.12627153330680366,-0.9957412340765088,0.9971554279327391
23,2,13,0.4365387294320926,-0.7071205865181004,0.569981575012207
23,2,14,-0.07576291998408219,-0.6926895541401801,0.4851548075675964
23,2,15,0.22007324376328635,-0.3319137446921696,0.6273930072784424
23,2,16,-0.11184050092888323,-0.30305167993632876,0.4893385171890259
23,2,17,0.20564221138536595,-0.22368100185776646,0.627840518951416
23,2,18,-0.1767801466295251,-0.1803879047240052,0.4835574030876159
23,2,19,0.38603011610937116,-0.23089651804672667,0.6318156123161316
23,2,20,-0.1623491142516047,-0.1659568723460848,0.4813703298568725
23,2,21,0.3355215027866497,-0.26697409899152774,0.6249540448188782
23,2,22,-0.13348704949576387,-0.20203445329088585,0.4696195721626282
23,2,23,0.05411637141720156,-0.014431032377920417,0.9976832270622252
23,2,24,-0.05411637141720156,0.014431032377920417,0.9940780997276306
23,2,25,0.10462498473992303,0.8225688455414638,0.6562449336051941
23,2,26,0.010823274283440314,0.8442153941083445,0.5211935639381409
23,2,27,0.10462498473992303,1.5801980453822857,0.7375323176383972
23,2,28,0.0829784361730424,1.6379221748939674,0.562366783618927
23,2,29,0.1695646304405649,1.7028618205946093,0.7582979202270508
23,2,30,0.11905601711784344,1.7245083691614898,0.5868691802024841
23,2,31,-0.0829784361730424,1.904896273885495,0.7929883003234863
23,2,32,-0.12627153330680366,1.9121117900744553,0.6355539560317993
24,1,0,0.15626525098958474,-1.3422784379874586,0.9989232420921326
24,1,1,0.10818363530048175,-1.4144008615211132,0.9987207651138306
24,1,2,0.10818363530048175,-1.4144008615211132,0.9986466765403748
24,1,3,0.10017003268563125,-1.4144008615211132,0.9989247918128968
24,1,4,0.08414282745593024,-1.4224144641359637,0.9986460208892822
24,1,5,0.06811562222622924,-1.4224144641359637,0.998427391052246
24,1,6,0.04407481438167775,-1.4224144641359637,0.9985093474388124
24,1,7,0.02003400653712625,-1.3743328484468607,0.9985092282295228
24,1,8,-0.04407481438167775,-1.3823464510617112,0.9979478120803832
24,1,9,0.14825164837473426,-1.2701560144538042,0.998743772506714
24,1,10,0.11619723791533225,-1.2781696170686547,0.9978890419006348
24,1,11,0.09215643007078074,-0.9656391150894852,0.999289333820343
24,1,12,-0.31653730328659474,-1.0217343333934388,0.9974327683448792
24,1,13,0.13222444314503323,-0.6290678052657642,0.5288183689117432
24,1,14,-0.5889997921915118,-0.7572854471033722,0.5361097455024719
24,1,15,0.17229245621928574,-0.15626525098958474,0.5922119617462158
24,1,16,-0.4768093555836047,-0.22037407190838873,0.539014995098114
24,1,17,0.18831966144898674,-0.03606121176682725,0.5920937061309814
24,1,18,-0.5329045738875582,-0.08414282745593024,0.5322101712226868
24,1,19,0.22037407190838873,-0.03606121176682725,0.597041130065918
24,1,20,-0.49283656081330574,-0.07612922484107974,0.530097484588623
24,1,21,0.19633326406383725,-0.06811562222622924,0.5924954414367676
24,1,22,-0.45276854773905323,-0.10818363530048175,0.5186805725097656
24,1,23,0.16427885360443525,0.01202040392227575,0.9978237152099608
24,1,24,-0.16427885360443525,-0.01202040392227575,0.9946261048316956
24,1,25,0.13222444314503323,0.8614622810964288,0.6456193327903748
24,1,26,-0.19633326406383725,0.8774894863261297,0.5650799870491028
24,1,27,-0.11619723791533225,1.5826865164329738,0.7386054396629333
24,1,28,-0.17229245621928574,1.7189177608854322,0.6022834777832031
24,1,29,-0.11619723791533225,1.7028905556557312,0.7586989402770996
24,1,30,-0.27646929021234223,1.8150809922636382,0.6137850880622864
24,1,31,0.22838767452323924,1.9032306210269936,0.7974002361297607
24,1,32,0.06811562222622924,2.079529878553705,0.6672335863113403
24,2,0,-0.26068433489353326,-1.2777204020133743,0.9988486170768738
24,2,1,-0.21662501068617554,-1.3511526090256372,0.9986268877983092
24,2,2,-0.20193856928372295,-1.3511526090256372,0.9985547661781312
24,2,3,-0.19459534858249666,-1.3511526090256372,0.9988647103309632
24,2,4,-0.22396823138740182,-1.3511526090256372,0.9984946846961976
24,2,5,-0.21662501068617554,-1.3584958297268634,0.9982450604438782
24,2,6,-0.20928178998494926,-1.3584958297268634,0.9983238577842712
24,2,7,-0.12116314157023378,-1.3291229469219583,0.9985421895980836
24,2,8,-0.15053602437513894,-1.3291229469219583,0.9975538849830629
24,2,9,-0.21662501068617554,-1.2116314157023378,0.9987382888793944
24,2,10,-0.2313114520886281,-1.2116314157023378,0.9976254105567932
24,2,11,-0.0036716103506131445,-1.013364456769228,0.9993592500686646
24,2,12,-0.0991334794665549,-0.9839915739643228,0.997010052204132
24,2,13,0.40020552821683275,-0.7049491873177238,0.5758620500564575
24,2,14,0.21662501068617554,-0.6976059666164974,0.4852510094642639
24,2,15,0.12850636227146006,-0.3010720487502779,0.6327794194221497
24,2,16,-0.12850636227146006,-0.28638560734782526,0.49260413646698
24,2,17,0.07710381736287604,-0.16155085542697836,0.6321143507957458
24,2,18,-0.15053602437513894,-0.16155085542697836,0.4895310699939728
24,2,19,-0.0036716103506131445,-0.16155085542697836,0.6364822387695312
24,2,20,-0.20928178998494926,-0.17623729682943096,0.4877821803092956
24,2,21,-0.0036716103506131445,-0.1982669589331098,0.6319579482078552
24,2,22,-0.1725656864788178,-0.22029662103678868,0.4777373671531677
24,2,23,0.02570127245429201,0.007343220701226289,0.9978607296943665
24,2,24,-0.02570127245429201,-0.007343220701226289,0.993957221508026
24,2,25,0.06976059666164974,0.8738432634459284,0.6685630083084106
24,2,26,0.011014831051839435,0.8150974978361181,0.5241456627845764
24,2,27,0.07710381736287604,1.7550297475930832,0.7481647729873657
24,2,28,0.07710381736287604,1.6155085542697836,0.5646519064903259
24,2,29,0.13584958297268634,1.8358051753065723,0.7725783586502075
24,2,30,0.06241737596042346,1.7330000854894043,0.5895494222640991
24,2,31,-0.1652224657775915,2.0414153549409084,0.8008473515510559
24,2,32,-0.1064767001677812,1.9165806030200614,0.6387934684753418
25,1,0,0.09098588185803978,-1.3212732408950125,0.99889075756073
25,1,1,0.051426802789326834,-1.3924795832186958,0.9986515045166016
25,1,2,0.051426802789326834,-1.3924795832186958,0.998571515083313
25,1,3,0.051426802789326834,-1.3924795832186958,0.9988449811935424
25,1,4,0.019779539534356474,-1.4003913990324384,0.998563587665558
25,1,5,0.003955907906871295,-1.4003913990324384,0.9983423948287964
25,1,6,-0.019779539534356474,-1.4003913990324384,0.99841570854187
25,1,7,-0.027691355348099064,-1.3608323199637256,0.9983101487159728
25,1,8,-0.09098588185803978,-1.3608323199637256,0.997726559638977
25,1,9,0.09098588185803978,-1.2500668985713292,0.998524248600006
25,1,10,0.059338618603069423,-1.2579787143850718,0.9976842403411864
25,1,11,0.051426802789326834,-0.9731533450903386,0.9991852641105652
25,1,12,-0.2887812772016045,-1.0127124241590515,0.9972960352897644
25,1,13,0.13845677674049534,-0.6250334492856646,0.53836989402771
25,1,14,-0.6052539097513081,-0.8070052130017442,0.5362135767936707
25,1,15,0.20175130325043605,-0.20570721115730733,0.6070516109466553
25,1,16,-0.5024003041726545,-0.28482536929473323,0.542215883731842
25,1,17,0.21757493487792123,-0.08702997395116849,0.6040868163108826
25,1,18,-0.5419593832413674,-0.13450086883362403,0.538168728351593
25,1,19,0.22548675069166382,-0.08702997395116849,0.6098881363868713
25,1,20,-0.510312119986397,-0.12658905301988144,0.5364931225776672
25,1,21,0.20175130325043605,-0.11867723720613885,0.6075298190116882
25,1,22,-0.4628412251039415,-0.17405994790233698,0.5267455577850342
25,1,23,0.13054496092675275,0.01582363162748518,0.9979262948036194
25,1,24,-0.13054496092675275,-0.01582363162748518,0.9944937825202942
25,1,25,0.09889769767178237,0.8702997395116849,0.6625029444694519
25,1,26,-0.19383948743669346,0.8702997395116849,0.568600058555603
25,1,27,-0.10680951348552496,1.621922241817231,0.7525084018707275
25,1,28,-0.21757493487792123,1.716864031582142,0.6054295301437378
25,1,29,-0.13845677674049534,1.7089522157683994,0.7751104831695557
25,1,30,-0.3204285404565749,1.8197176371607957,0.618718147277832
25,1,31,0.15428040836798051,1.930483058553192,0.8076648116111755
25,1,32,0.003955907906871295,2.0966311906417863,0.6714542508125305
25,2,0,-0.27231982147027006,-1.275799711545649,0.9988868236541748
25,2,1,-0.21263328525760813,-1.357868698838059,0.998637318611145
25,2,2,-0.19771165120444267,-1.357868698838059,0.9985685348510742
25,2,3,-0.18279001715127718,-1.3653295158646417,0.998849391937256
25,2,4,-0.22755491931077362,-1.357868698838059,0.9985451698303224
25,2,5,-0.22755491931077362,-1.3653295158646417,0.9983106255531312
25,2,6,-0.22009410228419088,-1.3653295158646417,0.998385727405548
25,2,7,-0.1156426639120325,-1.3429470647848936,0.998407781124115
25,2,8,-0.16040756607152895,-1.3429470647848936,0.9976346492767334
25,2,9,-0.22755491931077362,-1.2235739923595697,0.9985813498497008
25,2,10,-0.24993737039052186,-1.216113175332987,0.9976521730422974
25,2,11,0.07087776175253604,-1.0146711156152528,0.9992645382881165
25,2,12,-0.1156426639120325,-0.9848278475089219,0.997144877910614
25,2,13,0.4588402471348386,-0.7311600686051087,0.5844525098800659
25,2,14,-0.018652042566456854,-0.7460817026582742,0.4879613518714905
25,2,15,0.31708472362976653,-0.29843268106330967,0.6460423469543457
25,2,16,-0.1678683830981117,-0.34319758322280614,0.5008276104927063
25,2,17,0.332006357682932,-0.15667715755823758,0.6426279544830322
25,2,18,-0.17532920012469444,-0.18652042566456856,0.500195324420929
25,2,19,0.19025083417785993,-0.15667715755823758,0.6477245092391968
25,2,20,-0.19025083417785993,-0.18652042566456856,0.498915821313858
25,2,21,0.16040756607152895,-0.20144205971773405,0.6450334191322327
25,2,22,-0.1529467490449462,-0.23874614485064774,0.4901965260505676
25,2,23,0.05595612769937056,-0.007460817026582742,0.997783064842224
25,2,24,-0.05595612769937056,0.007460817026582742,0.9936996102333068
25,2,25,0.07833857877911879,0.8729155921101808,0.6860924959182739
25,2,26,0.003730408513291371,0.8579939580570153,0.5389732122421265
25,2,27,0.12310348093861524,1.7234487331406134,0.7606446743011475
25,2,28,0.08579939580570153,1.6861446480076996,0.5743479132652283
25,2,29,0.1678683830981117,1.8279001715127718,0.7862005829811096
25,2,30,0.07087776175253604,1.8279001715127718,0.5964255928993225
25,2,31,-0.1156426639120325,2.0666463163634194,0.8081587553024292
25,2,32,-0.07833857877911879,2.0069597801507575,0.6436445116996765
26,1,0,0.0998722452368837,-1.3223085269363404,0.9989109635353088
26,1,1,0.059923347142130226,-1.3942165435068965,0.9986430406570436
26,1,2,0.06791312676108092,-1.3942165435068965,0.9985580444335938
26,1,3,0.059923347142130226,-1.3942165435068965,0.9988020658493042
26,1,4,0.03595400828527814,-1.4022063231258473,0.9986016154289246
26,1,5,0.011984669428426045,-1.4022063231258473,0.9983888864517212
26,1,6,-0.011984669428426045,-1.4022063231258473,0.998465359210968
26,1,7,-0.011984669428426045,-1.3702472046500445,0.998149275779724
26,1,8,-0.09188246561793302,-1.3702472046500445,0.9978024959564208
26,1,9,0.0998722452368837,-1.2583902899847348,0.998386561870575
26,1,10,0.06791312676108092,-1.2583902899847348,0.9977439641952516
26,1,11,0.043943787904228836,-0.962768444083559,0.999005913734436
26,1,12,-0.3155962949485525,-1.018696901416214,0.997420847415924
26,1,13,0.1318313637126865,-0.595238581611827,0.5363276600837708
26,1,14,-0.6671465981823832,-0.7869932924666436,0.5385900735855103
26,1,15,0.17178026180744,-0.21971893952114416,0.6038520336151123
26,1,16,-0.4753918873275665,-0.2836371764727497,0.5484041571617126
26,1,17,0.19574960066429206,-0.0998722452368837,0.6021357178688049
26,1,18,-0.4913714465654679,-0.1398211433316372,0.545361340045929
26,1,19,0.1877598210453414,-0.0998722452368837,0.6076659560203552
26,1,20,-0.4753918873275665,-0.1318313637126865,0.5440053939819336
26,1,21,0.1558007025695386,-0.1318313637126865,0.605802595615387
26,1,22,-0.4434327688517637,-0.1877598210453414,0.5351449847221375
26,1,23,0.1238415840937358,0.011984669428426045,0.9977481365203856
26,1,24,-0.1238415840937358,-0.011984669428426045,0.9942542910575868
26,1,25,0.043943787904228836,0.8908604275130027,0.6814565658569336
26,1,26,-0.21172915990219346,0.9148297663698548,0.5820233225822449
26,1,27,-0.1478109229505879,1.6339099320754176,0.7639107704162598
26,1,28,-0.24368827837799625,1.7857157448354808,0.6135795712471008
26,1,29,-0.1797700414263907,1.7377770671217765,0.7873226404190063
26,1,30,-0.3395656338054046,1.8736033206439384,0.6238526701927185
26,1,31,0.08389268599898232,1.9455113372144948,0.813159167766571
26,1,32,-0.02796422866632744,2.1132967092124595,0.6745124459266663
26,2,0,-0.32737086219749184,-1.2869061479487611,0.9989437460899352
26,2,1,-0.2746904935680104,-1.3696895843665176,0.998676598072052
26,2,2,-0.26716472662094165,-1.3772153513135865,0.9986042976379396
26,2,3,-0.25211319272680405,-1.3772153513135865,0.998849093914032
26,2,4,-0.28974202746214794,-1.3696895843665176,0.9986367225646972
26,2,5,-0.2822162605150792,-1.3772153513135865,0.9984252452850342
26,2,6,-0.2746904935680104,-1.3772153513135865,0.9985055327415466
26,2,7,-0.17685552325611628,-1.3621638174194488,0.9982854127883912
26,2,8,-0.21448435799146018,-1.35463805047238,0.9978300333023072
26,2,9,-0.28974202746214794,-1.226700012372211,0.9984896183013916
26,2,10,-0.3047935613562855,-1.226700012372211,0.9977937936782836
26,2,11,0.026340184314740722,-1.023504304801354,0.9991040825843812
26,2,12,-0.17685552325611628,-0.9708239361718723,0.9973969459533693
26,2,13,0.4176800655623172,-0.7601024616539466,0.5826089978218079
26,2,14,-0.18438129020318506,-0.6171128896596398,0.4908531010150909
26,2,15,0.3123193283033543,-0.32360797872395747,0.6431856155395508
26,2,16,-0.22201012493852895,-0.18061840672965068,0.5094881653785706
26,2,17,0.32737086219749184,-0.18061840672965068,0.6410126090049744
26,2,18,-0.25211319272680405,-0.052680368629481444,0.5093289613723755
26,2,19,0.22201012493852895,-0.18814417367671946,0.6458760499954224
26,2,20,-0.26716472662094165,-0.067731902523619,0.508321225643158
26,2,21,0.19190705715025386,-0.23329877535913213,0.6436082720756531
26,2,22,-0.2445874257797353,-0.11288650420603168,0.5004686713218689
26,2,23,0.07149478599715339,-0.015051533894137556,0.9977445602416992
26,2,24,-0.07149478599715339,0.015051533894137556,0.9938971996307372
26,2,25,0.04891748515594706,0.9030920336482534,0.7082239389419556
26,2,26,-0.07149478599715339,0.8805147328070471,0.562828004360199
26,2,27,0.07149478599715339,1.7610294656140941,0.7789203524589539
26,2,28,-0.011288650420603168,1.700823330037544,0.5911117792129517
26,2,29,0.10912362073249729,1.866390202873057,0.7984777688980103
26,2,30,0.07149478599715339,1.828761368137713,0.60767662525177
26,2,31,-0.15427822241490996,2.069585910443914,0.8211231827735901
26,2,32,-0.1467524554678412,1.9943282409732261,0.6565671563148499
27,1,0,0.026545639223871736,-1.3083207903193927,0.9988003373146056
27,1,1,-0.0189611708741941,-1.368996537116814,0.9984317421913148
27,1,2,-0.0189611708741941,-1.3614120687671363,0.9983568787574768
27,1,3,-0.0189611708741941,-1.3614120687671363,0.998499631881714
27,1,4,-0.04171457592322702,-1.368996537116814,0.998509407043457
27,1,5,-0.056883512622582295,-1.368996537116814,0.9983516335487366
27,1,6,-0.07963691767161521,-1.368996537116814,0.9984341859817504
27,1,7,-0.07963691767161521,-1.3310741953684257,0.9974551796913148
27,1,8,-0.1554816011683916,-1.3310741953684257,0.9978574514389038
27,1,9,0.0189611708741941,-1.2324761068226164,0.9976351857185364
27,1,10,-0.011376702524516459,-1.2324761068226164,0.9976409077644348
27,1,11,-0.026545639223871736,-0.9518507778845438,0.9982396960258484
27,1,12,-0.3071709681619444,-1.0201109930316425,0.997630536556244
27,1,13,-0.011376702524516459,-0.6257186388484053,0.5345032811164856
27,1,14,-0.7091477906948593,-0.7394856640935699,0.5414246916770935
27,1,15,0.08722138602129285,-0.2540796897142009,0.5947609543800354
27,1,16,-0.4588603351554972,-0.231326284665168,0.5571934580802917
27,1,17,0.10239032272064813,-0.1706505378677469,0.59449303150177
27,1,18,-0.3981845883580761,-0.07963691767161521,0.5554401874542236
27,1,19,0.1554816011683916,-0.16306606951806926,0.5993688106536865
27,1,20,-0.3450933099103326,-0.0948058543709705,0.5543954372406006
27,1,21,0.07963691767161521,-0.18581947456710216,0.5981228351593018
27,1,22,-0.3450933099103326,-0.1554816011683916,0.5465946793556213
27,1,23,0.10239032272064813,0.011376702524516459,0.9972351789474488
27,1,24,-0.10239032272064813,-0.011376702524516459,0.9941858053207396
27,1,25,0.034130107573549374,0.8001614108909909,0.6819000244140625
27,1,26,-0.19340394291677981,0.8532526893387344,0.6012371182441711
27,1,27,-0.1554816011683916,1.5282703724600444,0.7604480385780334
27,1,28,-0.2540796897142009,1.6496218660548865,0.6247029900550842
27,1,29,-0.21615734796581274,1.6344529293555312,0.7831395268440247
27,1,30,-0.35267777826001023,1.7558044229503735,0.6323306560516357
27,1,31,0.04929904427290466,1.8164801697477946,0.8081415891647339
27,1,32,-0.034130107573549374,1.8847403848948934,0.6810937523841858
27,2,0,-0.30689159202684596,-1.3518768863967392,0.9988581538200378
27,2,1,-0.2602751476683377,-1.4218015529345016,0.9984951615333556
27,2,2,-0.2447363328821683,-1.4140321455414169,0.9984354376792908
27,2,3,-0.2291975180959989,-1.4140321455414169,0.9985860586166382
27,2,4,-0.2758139624545071,-1.4218015529345016,0.9985519647598268
27,2,5,-0.26804455506142244,-1.4218015529345016,0.9983962178230286
27,2,6,-0.26804455506142244,-1.4218015529345016,0.998477816581726
27,2,7,-0.16704225895132122,-1.3907239233621627,0.997653067111969
27,2,8,-0.2369669254890836,-1.3907239233621627,0.9978406429290771
27,2,9,-0.28358336984759186,-1.274182812465892,0.9978099465370178
27,2,10,-0.30689159202684596,-1.2819522198589768,0.9976850152015686
27,2,11,0.011654111089627063,-1.0255617758871816,0.9984139204025269
27,2,12,-0.22142811070291418,-0.9634065167425038,0.9974952340126038
27,2,13,0.39235507335077774,-0.7691713319153861,0.580963671207428
27,2,14,-0.2602751476683377,-0.5671667396951837,0.4959565997123718
27,2,15,0.18258107373749063,-0.318545703116473,0.6350348591804504
27,2,16,-0.28358336984759186,-0.14761874046860946,0.5256404876708984
27,2,17,0.16704225895132122,-0.2097739996132871,0.6342008709907532
27,2,18,-0.2758139624545071,-0.023308222179254125,0.5269926190376282
27,2,19,0.0505011480550506,-0.2020045922202024,0.6384924650192261
27,2,20,-0.29135277724067654,-0.03884703696542354,0.52640700340271
27,2,21,0.034962333268881186,-0.23308222179254123,0.6368332505226135
27,2,22,-0.2758139624545071,-0.0932328887170165,0.5193546414375305
27,2,23,0.10488699980664355,-0.007769407393084708,0.9973335862159728
27,2,24,-0.10488699980664355,0.007769407393084708,0.9940942525863647
27,2,25,-0.034962333268881186,0.9090206649909108,0.7087858319282532
27,2,26,-0.1437340367720671,0.877943035418572,0.5824758410453796
27,2,27,0.01942351848271177,1.8413495521610759,0.7768261432647705
27,2,28,-0.027192925875796477,1.73257784865789,0.6035521626472473
27,2,29,0.08934818502047415,1.9578906630573465,0.7935540676116943
27,2,30,0.0505011480550506,1.887965996519584,0.6119458675384521
27,2,31,-0.19811988852366005,2.1521258478844643,0.8168188333511353
27,2,32,-0.18258107373749063,2.0355847369881936,0.6612634658813477
28,1,0,0.06110565601868441,-1.3366862254087215,0.9985491633415222
28,1,1,0.030552828009342205,-1.397791881427406,0.9978473782539368
28,1,2,0.030552828009342205,-1.397791881427406,0.9976932406425476
28,1,3,0.030552828009342205,-1.397791881427406,0.9976943731307985
28,1,4,0.0,-1.397791881427406,0.998224675655365
28,1,5,-0.015276414004671102,-1.397791881427406,0.998103678226471
28,1,6,-0.030552828009342205,-1.397791881427406,0.9982184171676636
28,1,7,-0.022914621007006655,-1.3672390534180636,0.9957070350646972
28,1,8,-0.10693489803269772,-1.3672390534180636,0.9976694583892822
28,1,9,0.05346744901634886,-1.260304155385366,0.9963894486427308
28,1,10,0.022914621007006655,-1.2679423623877015,0.9973775744438172
28,1,11,0.030552828009342205,-0.9853287033012861,0.9975423812866212
28,1,12,-0.2673372450817443,-1.0006051173059571,0.997709095478058
28,1,13,0.06874386302101997,-0.6339711811938508,0.537884533405304
28,1,14,-0.6034183531845085,-0.6416093881961863,0.5459913611412048
28,1,15,0.25206083107707317,-0.3131664870957576,0.595748245716095
28,1,16,-0.27497545208407986,-0.221508003067731,0.5716193914413452
28,1,17,0.2902518660887509,-0.23678441707240208,0.5954268574714661
28,1,18,-0.19095517505838877,-0.08402027702569106,0.5709611177444458
28,1,19,0.30552828009342203,-0.2673372450817443,0.6004849076271057
28,1,20,-0.12221131203736882,-0.12984951903970438,0.5702481269836426
28,1,21,0.25206083107707317,-0.27497545208407986,0.5994321703910828
28,1,22,-0.14512593304437546,-0.18331696805605324,0.5628221035003662
28,1,23,0.11457310503503326,0.0,0.996666133403778
28,1,24,-0.11457310503503326,0.0,0.9943094849586488
28,1,25,0.05346744901634886,0.7790971142382263,0.691681444644928
28,1,26,-0.19095517505838877,0.8554791842615818,0.6175351142883301
28,1,27,-0.12221131203736882,1.4894503654554325,0.7623258233070374
28,1,28,-0.19095517505838877,1.619299884495137,0.6356161236763
28,1,29,-0.21386979606539544,1.5963852634881301,0.7804632186889648
28,1,30,-0.2902518660887509,1.73387298953017,0.6340083479881287
28,1,31,0.022914621007006655,1.7415111965325056,0.8072624802589417
28,1,32,-0.015276414004671102,1.8484460945652035,0.6857266426086426
28,2,0,-0.32140757769224776,-1.3120991701083526,0.998634934425354
28,2,1,-0.2760323902533422,-1.380161951266711,0.9979782700538636
28,2,2,-0.2684698590135246,-1.380161951266711,0.9978460669517516
28,2,3,-0.2533447965338894,-1.380161951266711,0.9978680610656738
28,2,4,-0.2911574527329774,-1.3877244825065285,0.998302698135376
28,2,5,-0.2835949214931598,-1.3877244825065285,0.9981803894042968
28,2,6,-0.2835949214931598,-1.3877244825065285,0.9982892870903016
28,2,7,-0.18528201537553105,-1.357474357547258,0.9960833191871644
28,2,8,-0.2457822652940718,-1.357474357547258,0.9976665377616882
28,2,9,-0.298719983972795,-1.2440363889499941,0.9966943860054016
28,2,10,-0.31384504645243017,-1.2440363889499941,0.9974530339241028
28,2,11,-0.04915645305881436,-1.024722982995284,0.9977872967720032
28,2,12,-0.223094671574619,-0.9566602018369257,0.9975465536117554
28,2,13,0.35165770265151813,-0.7146592021627627,0.5840365886688232
28,2,14,-0.1247817654569903,-0.5558460461265932,0.4960438013076782
28,2,15,0.03403139057917917,-0.32897010893206535,0.6360517144203186
28,2,16,-0.223094671574619,-0.19284454661534864,0.531524121761322
28,2,17,-0.05671898429863195,-0.2382197340542542,0.6354606747627258
28,2,18,-0.18528201537553105,-0.07184404677826714,0.5353518128395081
28,2,19,-0.13990682793662548,-0.2457822652940718,0.6399670839309692
28,2,20,-0.19284454661534864,-0.10965670297735511,0.5349258184432983
28,2,21,-0.1247817654569903,-0.2760323902533422,0.6386957168579102
28,2,22,-0.19284454661534864,-0.14746935917644308,0.5278882384300232
28,2,23,0.07940657801808473,-0.01134379685972639,0.9968995451927184
28,2,24,-0.07940657801808473,0.01134379685972639,0.9943923950195312
28,2,25,-0.05671898429863195,0.7902845145609386,0.7187425494194031
28,2,26,-0.15503189041626067,0.8356597019998442,0.606105387210846
28,2,27,0.01134379685972639,1.7356009195381379,0.7815850377082825
28,2,28,0.01134379685972639,1.637288013420509,0.6248957514762878
28,2,29,0.09453164049771992,1.8717264818548545,0.7946665287017822
28,2,30,0.10209417173753751,1.7961011694566786,0.6228073239326477
28,2,31,-0.17771948413571345,2.0532272316104767,0.8209392428398132
28,2,32,-0.1323442966968079,1.9624768567326656,0.6772477626800537
29,1,0,0.04902171287032764,-1.3273571484888713,0.9984049201011658
29,1,1,0.018854504950126014,-1.3876915643292747,0.9975461959838868
29,1,2,0.018854504950126014,-1.3876915643292747,0.997326135635376
29,1,3,0.018854504950126014,-1.3876915643292747,0.9972712397575378
29,1,4,-0.011312702970075608,-1.3876915643292747,0.9981126189231871
29,1,5,-0.02639630693017642,-1.3876915643292747,0.9980141520500184
29,1,6,-0.04147991089027723,-1.3876915643292747,0.9981516003608704
29,1,7,-0.04147991089027723,-1.3575243564090729,0.9948347210884094
29,1,8,-0.1244397326708317,-1.3575243564090729,0.9976198673248292
29,1,9,0.04147991089027723,-1.2519391286883672,0.9957603216171264
29,1,10,0.011312702970075608,-1.2594809306684176,0.9973039031028748
29,1,11,0.0037709009900252027,-0.9879760593866032,0.996920883655548
29,1,12,-0.26019216831173897,-0.9955178613666535,0.9977588653564452
29,1,13,0.05656351485037804,-0.6184277623641332,0.5389611124992371
29,1,14,-0.5920314554339569,-0.6485949702843349,0.5460444688796997
29,1,15,0.21494135643143655,-0.33183928712221783,0.5927237272262573
29,1,16,-0.26019216831173897,-0.279046673261865,0.576933741569519
29,1,17,0.2752757722718398,-0.2564212673217138,0.5932084321975708
29,1,18,-0.18477414851123494,-0.1508360396010081,0.5786766409873962
29,1,19,0.2752757722718398,-0.29413027722196583,0.5983837246894836
29,1,20,-0.13198153465088208,-0.18854504950126014,0.5780965685844421
29,1,21,0.24510856435163816,-0.3016720792020162,0.5979660153388977
29,1,22,-0.14706513861098292,-0.24133766336161297,0.5706629753112793
29,1,23,0.09427252475063007,-0.007541801980050405,0.9962062239646912
29,1,24,-0.09427252475063007,0.007541801980050405,0.9945536255836488
29,1,25,0.04147991089027723,0.7390965940449398,0.7008975744247437
29,1,26,-0.18477414851123494,0.8220564158254942,0.6390888094902039
29,1,27,-0.14706513861098292,1.4480259801696778,0.7656680345535278
29,1,28,-0.19231595049128533,1.5762366138305348,0.6552832126617432
29,1,29,-0.24510856435163816,1.5611530098704338,0.7808896899223328
29,1,30,-0.3054429801920414,1.6818218415512405,0.6453652381896973
29,1,31,0.011312702970075608,1.6893636435312909,0.8105886578559875
29,1,32,-0.018854504950126014,1.7949488712519965,0.7007361054420471
29,2,0,-0.32535402776675026,-1.3089824838057627,0.9985043406486512
29,2,1,-0.2799557913341804,-1.3770798384546172,0.9977056980133056
29,2,2,-0.26482304585665717,-1.3770798384546172,0.9975157976150512
29,2,3,-0.2572566731178955,-1.3770798384546172,0.9974838495254515
29,2,4,-0.2950885368117037,-1.3846462111933788,0.9981932044029236
29,2,5,-0.28752216407294207,-1.3846462111933788,0.998099684715271
29,2,6,-0.2799557913341804,-1.3846462111933788,0.998227596282959
29,2,7,-0.18915931846904083,-1.361947092977094,0.9952951073646544
29,2,8,-0.24212392764037227,-1.3543807202383324,0.9976499676704408
29,2,9,-0.2950885368117037,-1.2408851291569079,0.996131420135498
29,2,10,-0.3177876550279886,-1.2408851291569079,0.997405469417572
29,2,11,-0.0453982364325698,-1.0138939469940589,0.9972280263900756
29,2,12,-0.21942480942408737,-0.9684957105614891,0.997703492641449
29,2,13,0.34805314598303516,-0.6961062919660703,0.5849925875663757
29,2,14,-0.2042920639465641,-0.5523452099295992,0.4974335432052612
29,2,15,0.030265490955046534,-0.3404867732442735,0.6333099007606506
29,2,16,-0.2042920639465641,-0.2496903003791339,0.5418225526809692
29,2,17,-0.0453982364325698,-0.24212392764037227,0.6334053874015808
29,2,18,-0.21185843668532572,-0.12106196382018614,0.548234224319458
29,2,19,-0.1361947092977094,-0.26482304585665717,0.638010561466217
29,2,20,-0.226991182162849,-0.1588938275139943,0.5479691028594971
29,2,21,-0.1134955910814245,-0.2950885368117037,0.6372645497322083
29,2,22,-0.21185843668532572,-0.2042920639465641,0.5404812097549438
29,2,23,0.07566372738761633,-0.015132745477523267,0.9965050220489502
29,2,24,-0.07566372738761633,0.015132745477523267,0.9947003722190856
29,2,25,-0.05296460917133143,0.8398673740025413,0.7276551127433777
29,2,26,-0.14376108203647103,0.824734628525018,0.6306846737861633
29,2,27,0.0075663727387616335,1.755398475392699,0.7856812477111816
29,2,28,0.0075663727387616335,1.5813719024011814,0.6470299363136292
29,2,29,0.0907964728651396,1.8840268119516468,0.7963842153549194
29,2,30,0.0907964728651396,1.732699357176414,0.6354167461395264
29,2,31,-0.17402657299151758,2.065619757681926,0.824695885181427
29,2,32,-0.08323010012637796,1.8764604392128852,0.6955044865608215
30,1,0,0.12162817234745137,-1.3683169389088279,0.998559832572937
30,1,1,0.0760176077171571,-1.4291310250825535,0.9978188276290894
30,1,2,0.0684158469454414,-1.4291310250825535,0.9976263046264648
30,1,3,0.0684158469454414,-1.4291310250825535,0.9975985288619996
30,1,4,0.05321232540200997,-1.4291310250825535,0.9983001947402954
30,1,5,0.03800880385857855,-1.4291310250825535,0.9982154965400696
30,1,6,0.02280528231514713,-1.4291310250825535,0.9983491897583008
30,1,7,-0.01520352154343142,-1.391122221223975,0.9954697489738464
30,1,8,-0.05321232540200997,-1.3835204604522593,0.99785053730011
30,1,9,0.11402641157573566,-1.2922993311916708,0.996327579021454
30,1,10,0.09122112926058852,-1.2922993311916708,0.9976192712783812
30,1,11,0.01520352154343142,-1.0034324218664739,0.9970749616622924
30,1,12,-0.19764578006460848,-0.9882289003230423,0.9979262948036194
30,1,13,-0.08361936848887282,-0.524521493248384,0.5318781733512878
30,1,14,-0.5397250147918154,-0.5701320578786783,0.5474019050598145
30,1,15,0.08361936848887282,-0.23565458392318703,0.575136661529541
30,1,16,-0.1368316938908828,-0.31927395241205986,0.5859450101852417
30,1,17,0.12922993311916708,-0.16723873697774563,0.5769672393798828
30,1,18,-0.05321232540200997,-0.20524754083632418,0.5898988842964172
30,1,19,0.1520352154343142,-0.18244225852117704,0.5812839269638062
30,1,20,-0.00760176077171571,-0.25845986623833417,0.5894312858581543
30,1,21,0.12162817234745137,-0.19764578006460848,0.5810731053352356
30,1,22,-0.03040704308686284,-0.2964686700969127,0.5809916853904724
30,1,23,0.0760176077171571,-0.01520352154343142,0.9961347579956056
30,1,24,-0.0760176077171571,0.01520352154343142,0.9949332475662231
30,1,25,0.01520352154343142,0.706963751769561,0.6971301436424255
30,1,26,-0.12162817234745137,0.7753795987150025,0.658695638179779
30,1,27,-0.2128493016080399,1.360715178137112,0.7653960585594177
30,1,28,-0.23565458392318703,1.497546872027995,0.6737863421440125
30,1,29,-0.31927395241205986,1.4899451112562792,0.7820339202880859
30,1,30,-0.3496809954989227,1.6191750443754462,0.6581994891166687
30,1,31,-0.0760176077171571,1.573564479745152,0.8115973472595215
30,1,32,-0.01520352154343142,1.7179979344077505,0.7169693112373352
30,2,0,-0.2876584169494968,-1.349781802609177,0.9986153244972228
30,2,1,-0.2434032758803434,-1.4161645142129071,0.9979273676872252
30,2,2,-0.22865156219062563,-1.4161645142129071,0.9977700114250184
30,2,3,-0.22127570534576674,-1.4161645142129071,0.9977694749832152
30,2,4,-0.2507791327252023,-1.4161645142129071,0.9983096718788148
30,2,5,-0.2507791327252023,-1.4161645142129071,0.9982101321220398
30,2,6,-0.2434032758803434,-1.4161645142129071,0.9983187317848206
30,2,7,-0.14751713689717783,-1.3719093731437537,0.9958702325820924
30,2,8,-0.18439642112147228,-1.3792852299886127,0.997697412967682
30,2,9,-0.2507791327252023,-1.2686473773157294,0.996631681919098
30,2,10,-0.2655308464149201,-1.2760232341605882,0.997583270072937
30,2,11,0.0,-1.017868244590527,0.9973669052124025
30,2,12,-0.18439642112147228,-0.9736131035213736,0.9974968433380128
30,2,13,0.3245377011737912,-0.5679409770541346,0.5786522030830383
30,2,14,-0.0811344252934478,-0.545813406519558,0.4950795769691467
30,2,15,-0.06638271160373002,-0.2581549895700612,0.6175529956817627
30,2,16,-0.14014128005231893,-0.2434032758803434,0.5356076955795288
30,2,17,-0.1622688505868956,-0.19177227796633117,0.619012713432312
30,2,18,-0.18439642112147228,-0.1696447074317545,0.5426548719406128
30,2,19,-0.22127570534576674,-0.20652399165604896,0.622863233089447
30,2,20,-0.22865156219062563,-0.1770205642766134,0.5423930287361145
30,2,21,-0.19177227796633117,-0.23602741903548452,0.622413694858551
30,2,22,-0.19914813481119006,-0.19177227796633117,0.5351394414901733
30,2,23,0.05163099791401224,-0.007375856844858891,0.9964172840118408
30,2,24,-0.05163099791401224,0.007375856844858891,0.9947047233581544
30,2,25,0.0,0.7965925392447603,0.7216585278511047
30,2,26,-0.05900685475887113,0.744961541330748,0.6327245235443115
30,2,27,0.09588613898316559,1.6595677900932506,0.782322108745575
30,2,28,0.11801370951774226,1.5415540805755084,0.6488434076309204
30,2,29,0.19177227796633117,1.7849573564558516,0.7956966161727905
30,2,30,0.20652399165604896,1.696447074317545,0.6405320763587952
30,2,31,-0.0811344252934478,1.9103469228184529,0.8216636776924133
30,2,32,-0.029503427379435565,1.8070849269904283,0.6960268020629883
31,1,0,0.13465350437693158,-1.391419545228293,0.9958243370056152
31,1,1,0.07752777524732424,-1.4648669112520736,0.9937903881072998
31,1,2,0.07752777524732424,-1.4648669112520736,0.9930937886238098
31,1,3,0.06936695680023747,-1.4648669112520736,0.9942591190338136
31,1,4,0.06936695680023747,-1.4648669112520736,0.9954058527946472
31,1,5,0.05304531990606395,-1.4648669112520736,0.994952380657196
31,1,6,0.036723683011890426,-1.4648669112520736,0.995757818222046
31,1,7,0.012241227670630142,-1.415902000569553,0.985585868358612
31,1,8,-0.028562864564803666,-1.4240628190166398,0.9942400455474854
31,1,9,0.11833186748275804,-1.309811360757425,0.9912185668945312
31,1,10,0.10201023058858452,-1.309811360757425,0.9951525926589966
31,1,11,0.085688593694411,-1.007861078215215,0.9962415099143982
31,1,12,-0.13465350437693158,-0.9915394413210415,0.9975482225418092
31,1,13,0.13465350437693158,-0.5100511529429226,0.5283849835395813
31,1,14,-0.28970905487158005,-0.47740787915457555,0.5432589650154114
31,1,15,0.3631564208953609,-0.3631564208953609,0.571332573890686
31,1,16,0.18361841505945214,-0.3876388762366212,0.5762249231338501
31,1,17,0.4692470607074888,-0.3631564208953609,0.5773066878318787
31,1,18,0.34683478400118734,-0.3549956024482741,0.5799001455307007
31,1,19,0.47740787915457555,-0.4039605131307947,0.5821221470832825
31,1,20,0.37131723934244765,-0.461086242260402,0.5788784027099609
31,1,21,0.428442968472055,-0.4202821500249682,0.5810344815254211
31,1,22,0.30603069176575354,-0.4692470607074888,0.5669156312942505
31,1,23,0.06936695680023747,-0.004080409223543381,0.9939796924591064
31,1,24,-0.06936695680023747,0.004080409223543381,0.9926643371582032
31,1,25,0.09384941214149775,0.7875189801438724,0.664487361907959
31,1,26,-0.028562864564803666,0.7875189801438724,0.634515643119812
31,1,27,-0.18361841505945214,1.4811885481462472,0.7261513471603394
31,1,28,-0.17545759661236537,1.5872791879583752,0.6473159790039062
31,1,29,-0.3141915102128403,1.6444049170879824,0.7486603260040283
31,1,30,-0.3141915102128403,1.7423347384530237,0.637413501739502
31,1,31,0.020402046117716902,1.6362440986408957,0.77203768491745
31,1,32,0.06936695680023747,1.7749780122413705,0.6904056072235107
31,2,0,-0.15884062509468394,-1.3573653417182083,0.9960864186286926
31,2,1,-0.13718053985449977,-1.4223455974387609,0.994255006313324
31,2,2,-0.12274048302771032,-1.4223455974387609,0.9936339259147644
31,2,3,-0.11552045461431559,-1.4223455974387609,0.9947165250778198
31,2,4,-0.13718053985449977,-1.4223455974387609,0.9956685900688172
31,2,5,-0.13718053985449977,-1.4223455974387609,0.9952277541160583
31,2,6,-0.12996051144110504,-1.4223455974387609,0.9959548115730286
31,2,7,-0.04332017048036835,-1.3862454553717871,0.9869263768196106
31,2,8,-0.07220028413394725,-1.3862454553717871,0.9944391250610352
31,2,9,-0.12274048302771032,-1.285165057584261,0.9920065999031068
31,2,10,-0.12274048302771032,-1.285165057584261,0.9953626394271852
31,2,11,0.10108039778752614,-1.0252440347020508,0.9966146945953368
31,2,12,-0.11552045461431559,-0.9747038358082879,0.9974589347839355
31,2,13,0.368221449083131,-0.6209224435519464,0.5754597187042236
31,2,14,-0.057760227307157797,-0.5054019889376308,0.4943415522575378
31,2,15,-0.05054019889376307,-0.4548617900438677,0.6140359044075012
31,2,16,-0.12274048302771032,-0.3104612217759732,0.5333560705184937
31,2,17,-0.18772073874826284,-0.3971015627367099,0.6191118955612183
31,2,18,-0.1444005682678945,-0.35378139225634153,0.5406654477119446
31,2,19,-0.22382088081523646,-0.418761647976894,0.6233887672424316
31,2,20,-0.15162059668128922,-0.418761647976894,0.5400943756103516
31,2,21,-0.18050071033486811,-0.4476417616304729,0.6219331622123718
31,2,22,-0.12996051144110504,-0.418761647976894,0.5295480489730835
31,2,23,0.05054019889376307,-0.0072200284133947246,0.9942971467971802
31,2,24,-0.05054019889376307,0.0072200284133947246,0.992211103439331
31,2,25,0.057760227307157797,0.7003427560992883,0.687667965888977
31,2,26,0.021660085240184174,0.7003427560992883,0.6004928350448608
31,2,27,0.16606065350807866,1.3718053985449978,0.7395322322845459
31,2,28,0.18050071033486811,1.3790254269583924,0.6150037050247192
31,2,29,0.2599210228822101,1.602846307773629,0.7638739943504333
31,2,30,0.26714105129560484,1.57396619412005,0.6194649338722229
31,2,31,-0.021660085240184174,1.31404517123784,0.7764577865600586
31,2,32,0.021660085240184174,1.5523061088798658,0.6613006591796875
32,1,0,0.16405749343901987,-1.3866764326393346,0.9956786036491394
32,1,1,0.12499618547734848,-1.4569867869703432,0.9933472275733948
32,1,2,0.1171839238850142,-1.4569867869703432,0.9925364255905152
32,1,3,0.1171839238850142,-1.4569867869703432,0.9938691854476928
32,1,4,0.10155940070034564,-1.4491745253780088,0.9950540661811828
32,1,5,0.08593487751567708,-1.4491745253780088,0.9945212602615356
32,1,6,0.07031035433100852,-1.4491745253780088,0.9953494071960448
32,1,7,0.07031035433100852,-1.4179254790086717,0.9848962426185608
32,1,8,0.01562452318466856,-1.4101132174163375,0.9929171800613404
32,1,9,0.16405749343901987,-1.3163660783083262,0.9900715351104736
32,1,10,0.14062070866201704,-1.3163660783083262,0.9941611289978028
32,1,11,0.0781226159233428,-1.0195001377996236,0.9962942600250244
32,1,12,-0.09374713910801136,-0.9804388298379522,0.99753999710083
32,1,13,0.13280844706968276,-0.5429521806672325,0.5402666330337524
32,1,14,-0.08593487751567708,-0.4492050415592211,0.543727457523346
32,1,15,0.4218621259860511,-0.4335805183745525,0.5866515636444092
32,1,16,0.32811498687803975,-0.5976380118135725,0.5780596733093262
32,1,17,0.5468583114633996,-0.4101437335975497,0.5918192267417908
32,1,18,0.4921724803170596,-0.6757606277369153,0.5831423997879028
32,1,19,0.5624828346480681,-0.4335805183745525,0.5972532033920288
32,1,20,0.4921724803170596,-0.753883243660258,0.5824325084686279
32,1,21,0.5077970035017282,-0.4492050415592211,0.5939217805862427
32,1,22,0.44529891076305395,-0.7382587204755895,0.5706485509872437
32,1,23,0.06249809273867424,-0.01171839238850142,0.9933428168296814
32,1,24,-0.06249809273867424,0.01171839238850142,0.991198718547821
32,1,25,0.14843297025435132,0.6835728893292495,0.6364391446113586
32,1,26,0.06249809273867424,0.7070096741062524,0.5991901159286499
32,1,27,-0.10937166229267992,1.3085538167159918,0.6854576468467712
32,1,28,-0.13280844706968276,1.4179254790086717,0.6116675138473511
32,1,29,-0.2265555861776941,1.4726113101550118,0.7113884687423706
32,1,30,-0.24999237095469695,1.5585461876706888,0.6172542572021484
32,1,31,0.08593487751567708,1.4647990485626774,0.7289233803749084
32,1,32,0.12499618547734848,1.5507339260783546,0.6596568822860718
32,2,0,-0.2595727875017728,-1.3794439564379928,0.9960768818855286
32,2,1,-0.2373236914301923,-1.4387748792955408,0.9939798712730408
32,2,2,-0.2373236914301923,-1.4387748792955408,0.9932457208633424
32,2,3,-0.22990732607299877,-1.4387748792955408,0.994451105594635
32,2,4,-0.21507459535861176,-1.4387748792955408,0.9955096244812012
32,2,5,-0.22249096071580526,-1.4387748792955408,0.9950259327888488
32,2,6,-0.2521564221445793,-1.4387748792955408,0.995778739452362
32,2,7,-0.2373236914301923,-1.4016930525095732,0.9863641262054444
32,2,8,-0.2595727875017728,-1.4016930525095732,0.993567943572998
32,2,9,-0.22990732607299877,-1.3052803028660576,0.991028130054474
32,2,10,-0.20765823000141825,-1.3052803028660576,0.994678556919098
32,2,11,-0.12607821107228964,-1.0234584192927043,0.9966560006141664
32,2,12,-0.09641274964351562,-0.9641274964351562,0.997675120830536
32,2,13,-0.014832730714387019,-0.4746473828603846,0.585828423500061
32,2,14,0.007416365357193509,-0.42273282536003004,0.5007903575897217
32,2,15,-0.4004837292884495,-0.5191455750035456,0.6271955966949463
32,2,16,-0.13349457642948317,-0.28923824893054684,0.5418418049812317
32,2,17,-0.4968964789319651,-0.5265619403607391,0.6309238076210022
32,2,18,0.0815800189291286,-0.3411528064309014,0.5478212237358093
32,2,19,-0.4894801135747716,-0.5784764978610937,0.6356778144836426
32,2,20,0.11124548035790263,-0.3337364410737079,0.5473541617393494
32,2,21,-0.4449819214316105,-0.5784764978610937,0.6316037178039551
32,2,22,0.029665461428774038,-0.37823463321686895,0.5367016196250916
32,2,23,-0.022249096071580526,0.0,0.9936324954032898
32,2,24,0.022249096071580526,0.0,0.9912165403366088
32,2,25,-0.11866184571509615,0.6748892475046093,0.6682928800582886
32,2,26,-0.059330922857548075,0.6155583246470613,0.5867329239845276
32,2,27,0.06674728821474159,1.3497784950092186,0.7118104100227356
32,2,28,0.06674728821474159,1.372027591080799,0.6099894642829895
32,2,29,0.1779927685726442,1.557436725010637,0.7353309392929077
32,2,30,0.1631600378582572,1.4536076100099278,0.6238886117935181
32,2,31,-0.18540913392983774,1.54260399429625,0.7492042183876038
32,2,32,-0.10382911500070913,1.557436725010637,0.6609694361686707
33,1,0,0.1754167123810495,-1.3951747821934635,0.9953685402870178
33,1,1,0.1509399618162519,-1.4686050338878562,0.9930700659751892
33,1,2,0.1509399618162519,-1.4686050338878562,0.9922401905059814
33,1,3,0.1509399618162519,-1.4686050338878562,0.9938778281211852
33,1,4,0.13462212810638682,-1.4686050338878562,0.9945297241210938
33,1,5,0.1264632112514543,-1.4686050338878562,0.9938402771949768
33,1,6,0.10198646068665669,-1.4686050338878562,0.9947943091392516
33,1,7,0.061191876411994015,-1.4359693664681261,0.9849998950958252
33,1,8,0.020397292137331338,-1.4359693664681261,0.9912892580032348
33,1,9,0.16725779552611697,-1.3217445304990707,0.9895605444908142
33,1,10,0.14278104496131935,-1.3217445304990707,0.9931864738464355
33,1,11,0.02855620899226387,-0.9953878563017693,0.9966440796852112
33,1,12,-0.09382754383172415,-1.0035467731567018,0.9977328181266784
33,1,13,0.10198646068665669,-0.43242259331142435,0.5397371649742126
33,1,14,0.06935079326692654,-0.40794584274662676,0.5483980774879456
33,1,15,0.24884696407544232,-0.34267450790716647,0.5910714864730835
33,1,16,0.4038663843191605,-0.7914149349284559,0.5850065350532532
33,1,17,0.3385950494797002,-0.36715125847196406,0.5970505475997925
33,1,18,0.5425679708530136,-0.9137986877524439,0.5890354514122009
33,1,19,0.35491288318956526,-0.35899234161703153,0.6021472215652466
33,1,20,0.534409053998081,-0.9709111057369717,0.5883428454399109
33,1,21,0.32227721576983515,-0.3916280090367617,0.5968756675720215
33,1,22,0.48545555286848585,-0.9382754383172416,0.5755314230918884
33,1,23,0.04487404270212894,0.008158916854932535,0.9934285879135132
33,1,24,-0.04487404270212894,-0.008158916854932535,0.9908573031425476
33,1,25,0.1754167123810495,0.7343025169439281,0.6180822253227234
33,1,26,0.04487404270212894,0.7506203506537932,0.5728619694709778
33,1,27,-0.1754167123810495,1.419651532758261,0.6579130291938782
33,1,28,-0.1754167123810495,1.5257174518723842,0.5948792099952698
33,1,29,-0.3059593820599701,1.599147703566777,0.6859447956085205
33,1,30,-0.3059593820599701,1.6562601215513046,0.609504222869873
33,1,31,0.06935079326692654,1.599147703566777,0.7042199373245239
33,1,32,0.1264632112514543,1.6644190384062372,0.6510175466537476
33,2,0,-0.17132169124794383,-1.366679855182461,0.995816171169281
33,2,1,-0.2258331384631987,-1.428978651999895,0.9937505722045898
33,2,2,-0.23362048806537794,-1.428978651999895,0.9930030107498168
33,2,3,-0.23362048806537794,-1.428978651999895,0.9944782257080078
33,2,4,-0.24140783766755722,-1.428978651999895,0.9950615763664246
33,2,5,-0.25698253687191575,-1.4367660016020745,0.9944406747817992
33,2,6,-0.2725572360762743,-1.4367660016020745,0.9953020215034484
33,2,7,-0.23362048806537794,-1.397829253591178,0.9864875078201294
33,2,8,-0.25698253687191575,-1.4134039527955367,0.9921414852142334
33,2,9,-0.19468374005448164,-1.2888063591606684,0.9905835390090942
33,2,10,-0.2180457888610194,-1.2965937087628476,0.9938366413116456
33,2,11,-0.10123554482833044,-0.9850997246756771,0.9969638586044312
33,2,12,-0.19468374005448164,-0.9928870742778563,0.9978854060173036
33,2,13,-0.11681024403268897,-0.4010485045122322,0.5847184062004089
33,2,14,-0.1557469920435853,-0.39326115491005287,0.4997233748435974
33,2,15,-0.48281567533511444,-0.603519594168893,0.6285284161567688
33,2,16,-0.015574699204358531,-0.20636476445775054,0.5386370420455933
33,2,17,-0.5762638705612656,-0.6813930901906857,0.6311125159263611
33,2,18,-0.21025843925884016,-0.17521536604903346,0.5454657673835754
33,2,19,-0.5529018217547278,-0.7281171878037613,0.6353630423545837
33,2,20,-0.2180457888610194,-0.22193946366210907,0.5452141165733337
33,2,21,-0.5139650737438315,-0.7125424885994027,0.6287984848022461
33,2,22,-0.19468374005448164,-0.22972681326428832,0.5342405438423157
33,2,23,0.015574699204358531,0.019468374005448163,0.993931233882904
33,2,24,-0.015574699204358531,-0.019468374005448163,0.99149352312088
33,2,25,-0.09344819522615118,0.8215653830299124,0.653127133846283
33,2,26,-0.023362048806537795,0.6969677893950442,0.5652847290039062
33,2,27,0.09344819522615118,1.6158750424521975,0.6874946355819702
33,2,28,0.10123554482833044,1.4912774488173293,0.5983816385269165
33,2,29,0.2180457888610194,1.8027714329045,0.7125241756439209
33,2,30,0.21025843925884016,1.6003003432478389,0.6195908784866333
33,2,31,-0.20247108965666089,1.654811790463094,0.7262343764305115
33,2,32,-0.07787349602179265,1.6703864896674523,0.6526367664337158
34,1,0,0.2115017614547471,-1.3892762762223585,0.9946802854537964
34,1,1,0.17003082783616924,-1.455629770012083,0.9924954771995544
34,1,2,0.16173664111245367,-1.455629770012083,0.9916775822639464
34,1,3,0.16173664111245367,-1.455629770012083,0.9936496019363404
34,1,4,0.1534424543887381,-1.4639239567357987,0.9937173128128052
34,1,5,0.12855989421759137,-1.4639239567357987,0.9928667545318604
34,1,6,0.11197152077016023,-1.4639239567357987,0.9940513968467712
34,1,7,0.08708896059901351,-1.4390413965646518,0.984211564064026
34,1,8,0.053912213704151224,-1.4473355832883674,0.9899898171424866
34,1,9,0.18661920128360038,-1.3146285957089183,0.9887584447860718
34,1,10,0.16173664111245367,-1.3229227824326337,0.9921690225601196
34,1,11,0.03732384025672008,-0.9828611267602954,0.9968388080596924
34,1,12,-0.10367733404644466,-1.0160378736551576,0.9979461431503296
34,1,13,0.08708896059901351,-0.3939738693764897,0.5329272747039795
34,1,14,0.03732384025672008,-0.4022680561002053,0.5477209091186523
34,1,15,0.20320757473103152,-0.4188564295476364,0.5828081965446472
34,1,16,0.427150616271352,-0.7920948321148372,0.5817638635635376
34,1,17,0.3027378154156184,-0.4437389897187831,0.589749276638031
34,1,18,0.5266808569559389,-0.8999192595231397,0.586259663105011
34,1,19,0.31103200213933396,-0.427150616271352,0.5942373871803284
34,1,20,0.5183866702322233,-0.9579785665891486,0.5857300162315369
34,1,21,0.26126688179704055,-0.5100924835085077,0.5875422358512878
34,1,22,0.4686215498899299,-0.9248018196942863,0.5721775889396667
34,1,23,0.053912213704151224,0.004147093361857786,0.9932947158813475
34,1,24,-0.053912213704151224,-0.004147093361857786,0.9904806017875672
34,1,25,0.20320757473103152,0.7755064586674061,0.6046245694160461
34,1,26,0.020735466809288932,0.7755064586674061,0.5631278157234192
34,1,27,-0.1534424543887381,1.4639239567357987,0.639495849609375
34,1,28,-0.16173664111245367,1.571748384144101,0.5930185317993164
34,1,29,-0.28614944196818726,1.646396064657541,0.669343113899231
34,1,30,-0.3027378154156184,1.7210437451709812,0.613752543926239
34,1,31,0.06220640042786679,1.6049251310389634,0.6879775524139404
34,1,32,0.1451482676650225,1.7293379318946969,0.6513859033584595
34,2,0,-0.20247108965666089,-1.3627861803813714,0.9951765537261964
34,2,1,-0.16353434164576458,-1.4250849771988054,0.993215560913086
34,2,2,-0.1557469920435853,-1.4250849771988054,0.9924772381782532
34,2,3,-0.17132169124794383,-1.4250849771988054,0.994256556034088
34,2,4,-0.17132169124794383,-1.4328723268009849,0.9943088293075562
34,2,5,-0.20247108965666089,-1.4328723268009849,0.9935413002967834
34,2,6,-0.23362048806537794,-1.440659676403164,0.9946160316467284
34,2,7,-0.2180457888610194,-1.4017229283922676,0.9857581257820128
34,2,8,-0.24140783766755722,-1.4172976275966263,0.9909419417381288
34,2,9,-0.1791090408501231,-1.292700033961758,0.9898354411125184
34,2,10,-0.18689639045230236,-1.3004873835639372,0.992879033088684
34,2,11,-0.10123554482833044,-0.9812060498745874,0.9971376657485962
34,2,12,-0.19468374005448164,-0.996780749078946,0.9980406165122986
34,2,13,-0.11681024403268897,-0.3971548297111425,0.5784088373184204
34,2,14,-0.14795964244140603,-0.3971548297111425,0.499340683221817
34,2,15,-0.45945362652857663,-0.6074132689699827,0.6211264729499817
34,2,16,-0.10123554482833044,-0.21025843925884016,0.5360120534896851
34,2,17,-0.5529018217547278,-0.6852867649917753,0.6246153712272644
34,2,18,-0.2180457888610194,-0.12459759363486825,0.5426945686340332
34,2,19,-0.5217524233460108,-0.7242235130026716,0.6282598972320557
34,2,20,-0.2180457888610194,-0.16353434164576458,0.5423959493637085
34,2,21,-0.4906030249372937,-0.7164361634004924,0.6199954152107239
34,2,22,-0.19468374005448164,-0.17132169124794383,0.53083735704422
34,2,23,0.031149398408717062,0.0077873496021792655,0.9937658309936525
34,2,24,-0.031149398408717062,-0.0077873496021792655,0.9910264015197754
34,2,25,-0.038936748010896326,0.8643958058418985,0.6351975798606873
34,2,26,-0.04672409761307559,0.6930741145939546,0.5372286438941956
34,2,27,0.1090228944305097,1.6431307660598249,0.6673775315284729
34,2,28,0.08566084562397192,1.440659676403164,0.5755978226661682
34,2,29,0.2258331384631987,1.8300271565121273,0.6920469999313354
34,2,30,0.19468374005448164,1.6119813676511079,0.6035038232803345
34,2,31,-0.19468374005448164,1.728791611683797,0.7100002765655518
34,2,32,-0.10123554482833044,1.6509181156620043,0.6418703198432922
35,1,0,0.20048992427756682,-1.3747880521890297,0.9955087304115297
35,1,1,0.17594013763133415,-1.4402541499123167,0.993774116039276
35,1,2,0.17594013763133415,-1.4402541499123167,0.9930841326713562
35,1,3,0.16775687541592327,-1.4402541499123167,0.9946985244750975
35,1,4,0.15957361320051236,-1.4484374121277277,0.9947544932365416
35,1,5,0.1432070887696906,-1.4484374121277277,0.99405038356781
35,1,6,0.11865730212345792,-1.4484374121277277,0.995037317276001
35,1,7,0.08592425326181435,-1.423887625481495,0.986935555934906
35,1,8,0.05319120440017079,-1.432070887696906,0.9917806386947632
35,1,9,0.16775687541592327,-1.3011386922503316,0.9907307028770448
35,1,10,0.15139035098510148,-1.3093219544657426,0.9934986233711244
35,1,11,0.06955772883099258,-0.9901747280647178,0.9972639083862304
35,1,12,-0.18412339984674506,-1.0065412524955395,0.998211145401001
35,1,13,0.2168564487083886,-0.5319120440017079,0.5412527918815613
35,1,14,0.02864141775393812,-0.42552963520136633,0.5459606647491455
35,1,15,0.34778864415496286,-0.9165253681260198,0.5932617783546448
35,1,16,0.3232388575087302,-0.8756090570489653,0.5769854187965393
35,1,17,0.41325474187825,-1.0147245147109505,0.59498131275177
35,1,18,0.3968882174474282,-0.9574416792030742,0.5782307386398315
35,1,19,0.3887049552320173,-1.047457563572594,0.597510039806366
35,1,20,0.35597190637037374,-1.0229077769263613,0.5767506957054138
35,1,21,0.34778864415496286,-1.0310910391417722,0.5903092622756958
35,1,22,0.3314221197241411,-0.9983579902801287,0.5623430013656616
35,1,23,0.08592425326181435,0.0,0.9938536286354064
35,1,24,-0.08592425326181435,0.0,0.991108238697052
35,1,25,0.1432070887696906,0.8346927459719109,0.5935834646224976
35,1,26,-0.0450079421847599,0.8101429593256781,0.5350164771080017
35,1,27,-0.20048992427756682,1.5384532964972475,0.6302877068519592
35,1,28,-0.20048992427756682,1.6121026564359455,0.5764454007148743
35,1,29,-0.29050580864708664,1.6693854919438218,0.6593785881996155
35,1,30,-0.3068723330779084,1.7430348518825198,0.6054872870445251
35,1,31,-0.004091631107705445,1.7348515896671088,0.6842813491821289
35,1,32,0.07774099104640346,1.8166842118212179,0.6452004313468933
35,2,0,-0.1307381610582629,-1.3260584907338093,0.9959285259246826
35,2,1,-0.14567966517920722,-1.3858245072175865,0.9943698048591614
35,2,2,-0.15315041723967937,-1.3858245072175865,0.9937485456466676
35,2,3,-0.16062116930015155,-1.3858245072175865,0.9952048659324646
35,2,4,-0.1680919213606237,-1.3858245072175865,0.9952438473701476
35,2,5,-0.19797492960251237,-1.3932952592780588,0.9946045279502868
35,2,6,-0.2129164337234567,-1.3932952592780588,0.9955007433891296
35,2,7,-0.19797492960251237,-1.3634122510361701,0.9882107377052308
35,2,8,-0.22785793784440103,-1.3783537551571143,0.9925549030303956
35,2,9,-0.16062116930015155,-1.2588217221895597,0.9915950894355774
35,2,10,-0.18303342548156804,-1.2662924742500319,0.9940686225891112
35,2,11,-0.07844289663495772,-0.9824038959520897,0.9975100755691528
35,2,12,-0.20544568166298452,-0.997345400073034,0.9982154965400696
35,2,13,-0.15315041723967937,-0.46692200377951026,0.5852944850921631
35,2,14,-0.18303342548156804,-0.4445097475980938,0.4956991374492645
35,2,15,-0.39221448317478863,-0.8180473506217021,0.6284711956977844
35,2,16,-0.09338440075590206,-0.22038718578392885,0.5255688428878784
35,2,17,-0.45198049965856596,-0.9002256232868958,0.6266106367111206
35,2,18,-0.09338440075590206,-0.12326740899779072,0.5286693572998047
35,2,19,-0.41462673935620514,-0.9450501356497288,0.6285748481750488
35,2,20,-0.11579665693731855,-0.22038718578392885,0.5274903178215027
35,2,21,-0.3847437311143165,-0.9226378794683123,0.6200745701789856
35,2,22,-0.11579665693731855,-0.2129164337234567,0.5148581862449646
35,2,23,0.04108913633259691,-0.003735376030236082,0.9943068027496338
35,2,24,-0.04108913633259691,0.003735376030236082,0.991714894771576
35,2,25,-0.011206128090708247,0.8554011109240629,0.6235547065734863
35,2,26,-0.026147632211652578,0.7657520861983969,0.5094082951545715
35,2,27,0.11579665693731855,1.632359325213168,0.6581109166145325
35,2,28,0.11579665693731855,1.5352395484270298,0.5617685914039612
35,2,29,0.2502701940258175,1.7967158705435555,0.6809661984443665
35,2,30,0.22785793784440103,1.6995960937574175,0.5921342372894287
35,2,31,-0.16062116930015155,1.8340696308459163,0.7066708207130432
35,2,32,-0.09338440075590206,1.7145375978783617,0.636772096157074
36,1,0,0.19592783347677306,-1.351902050989734,0.99627947807312
36,1,1,0.17241649345956028,-1.4145989577023015,0.9948939681053162
36,1,2,0.17241649345956028,-1.4145989577023015,0.9943246245384216
36,1,3,0.17241649345956028,-1.4145989577023015,0.9956487417221068
36,1,4,0.1489051534423475,-1.4224360710413724,0.9956644773483276
36,1,5,0.13323092676420567,-1.4224360710413724,0.99506676197052
36,1,6,0.1097195867469929,-1.4224360710413724,0.9958823919296264
36,1,7,0.10188247340792199,-1.3989247310241595,0.9893061518669128
36,1,8,0.06269690671256738,-1.4145989577023015,0.9932437539100648
36,1,9,0.16457938012048937,-1.2813680309380957,0.9923766851425172
36,1,10,0.1410680401032766,-1.2892051442771666,0.9946081638336182
36,1,11,0.09404536006885106,-0.9600463840361879,0.9977179765701294
36,1,12,-0.17241649345956028,-1.0384175174268973,0.9983575344085692
36,1,13,0.16457938012048937,-0.5368422637263581,0.5713704824447632
36,1,14,-0.015674226678141844,-0.5290051503872872,0.5444669723510742
36,1,15,0.37618144027540423,-0.9208608173408334,0.6568188071250916
36,1,16,0.20376494681584398,-0.9992319507315426,0.5717880129814148
36,1,17,0.4859010270223972,-1.0070690640706135,0.6528193950653076
36,1,18,0.30564742022376595,-1.0932773108003937,0.5732757449150085
36,1,19,0.49373814036146807,-1.0305804040878261,0.6544853448867798
36,1,20,0.18809072013770212,-1.1794855575301737,0.5718623995780945
36,1,21,0.43104123364890073,-1.0149061774096844,0.6453307867050171
36,1,22,0.1802536067986312,-1.140299990834819,0.5588206648826599
36,1,23,0.09404536006885106,0.003918556669535461,0.9946932196617126
36,1,24,-0.09404536006885106,-0.003918556669535461,0.992275893688202
36,1,25,0.12539381342513475,0.8189783439329114,0.6135965585708618
36,1,26,-0.10188247340792199,0.8268154572719822,0.5446913242340088
36,1,27,-0.11755670008606382,1.5008072044320815,0.6528217196464539
36,1,28,-0.1489051534423475,1.6340381311962873,0.5917158722877502
36,1,29,-0.20376494681584398,1.5791783378227908,0.6788920164108276
36,1,30,-0.23511340017212765,1.7124092645869964,0.6099256873130798
36,1,31,0.0705340200516383,1.759431944621422,0.7089492082595825
36,1,32,0.0705340200516383,1.8299659646730604,0.6611146926879883
36,2,0,-0.17500074270504495,-1.3031970201439518,0.9966162443161012
36,2,1,-0.16010706247482834,-1.3627717410648181,0.995375156402588
36,2,2,-0.15266022235972004,-1.3627717410648181,0.9948597550392152
36,2,3,-0.14521338224461175,-1.3702185811799263,0.9960576891899108
36,2,4,-0.16755390258993666,-1.3702185811799263,0.996057391166687
36,2,5,-0.17500074270504495,-1.3702185811799263,0.9955052137374878
36,2,6,-0.17500074270504495,-1.3776654212950346,0.9962528944015504
36,2,7,-0.10797918166907028,-1.3553249009497097,0.9903382062911988
36,2,8,-0.14521338224461175,-1.3627717410648181,0.9938524961471558
36,2,9,-0.16010706247482834,-1.2436222992230854,0.993051826953888
36,2,10,-0.16755390258993666,-1.2510691393381936,0.9950268268585204
36,2,11,-0.07074498109352881,-0.9755360550791867,0.997896671295166
36,2,12,-0.14521338224461175,-1.0127702556547282,0.998164713382721
36,2,13,-0.13031970201439516,-0.528725648172689,0.6120523810386658
36,2,14,-0.13776654212950346,-0.5212788080575806,0.4964017271995544
36,2,15,-0.29415018454677766,-0.9010676539281037,0.6844155788421631
36,2,16,-0.18989442293526154,-0.6180877295539885,0.5233876705169678
36,2,17,-0.353724905467644,-0.9978765754245116,0.6768019199371338
36,2,18,-0.18244758282015325,-0.65532193012953,0.5259349942207336
36,2,19,-0.30904386477699425,-1.0276639358849449,0.6779458522796631
36,2,20,-0.21223494328058642,-0.856386613237454,0.5246216654777527
36,2,21,-0.2867033444316694,-1.0053234155396198,0.6674855947494507
36,2,22,-0.21223494328058642,-0.8414929330072374,0.5131512880325317
36,2,23,0.05585130086331221,-0.007446840115108295,0.9949768781661988
36,2,24,-0.05585130086331221,0.007446840115108295,0.9926699995994568
36,2,25,0.04840446074820392,0.7744713719712627,0.6449713706970215
36,2,26,-0.04840446074820392,0.8117055725468042,0.5310694575309753
36,2,27,0.13031970201439516,1.6457516654389333,0.6797736883163452
36,2,28,0.10797918166907028,1.6457516654389333,0.5890325903892517
36,2,29,0.2569159839712362,1.7723479473957744,0.699216902256012
36,2,30,0.21968178339569472,1.7797947875108826,0.6041171550750732
36,2,31,-0.04840446074820392,1.9510721101583735,0.7306421399116516
36,2,32,-0.0856386613237454,1.8989442293526153,0.661695122718811
37,1,0,0.15110718338848633,-1.3173446756944962,0.9968860149383544
37,1,1,0.15110718338848633,-1.3793373663154136,0.9957720637321472
37,1,2,0.158856269716101,-1.3793373663154136,0.995285153388977
37,1,3,0.16660535604371568,-1.3793373663154136,0.9963724613189696
37,1,4,0.12011083807802758,-1.3870864526430282,0.9963840842247008
37,1,5,0.09686357909518353,-1.394835538970643,0.99586820602417
37,1,6,0.07361632011233948,-1.394835538970643,0.9965479373931884
37,1,7,0.12011083807802758,-1.371588279987799,0.991140067577362
37,1,8,0.034870888474266074,-1.3870864526430282,0.9943508505821228
37,1,9,0.15110718338848633,-1.247602898745964,0.9935592412948608
37,1,10,0.11236175175041291,-1.2631010714011934,0.9953926205635072
37,1,11,0.07361632011233948,-0.9608867046242207,0.9978029131889344
37,1,12,-0.12785992440564228,-1.0383775679003675,0.9982152581214904
37,1,13,0.12011083807802758,-0.5191887839501838,0.5790272951126099
37,1,14,-0.0038745431638073416,-0.5346869566054131,0.5422481298446655
37,1,15,0.4378233775102296,-0.8446504097100005,0.7005043625831604
37,1,16,0.034870888474266074,-1.0461266542279821,0.5687677264213562
37,1,17,0.5773069314072939,-0.9143921866585326,0.6914680600166321
37,1,18,0.06586723378472481,-1.1623629491422025,0.5698935985565186
37,1,19,0.5773069314072939,-0.953137618296606,0.6922800540924072
37,1,20,0.02712180214665139,-1.2088574671078907,0.5684277415275574
37,1,21,0.5153142407863764,-0.9376394456413767,0.6801528334617615
37,1,22,0.02712180214665139,-1.1546138628145879,0.5564612150192261
37,1,23,0.08911449276756886,0.007749086327614683,0.994686484336853
37,1,24,-0.08911449276756886,-0.007749086327614683,0.992750644683838
37,1,25,0.13560901073325696,0.7749086327614683,0.6217963099479675
37,1,26,-0.12011083807802758,0.8369013233823858,0.5623908042907715
37,1,27,-0.06586723378472481,1.4568282295915604,0.6604430675506592
37,1,28,-0.16660535604371568,1.6195590424714688,0.6105111837387085
37,1,29,-0.158856269716101,1.5575663518505514,0.6846681833267212
37,1,30,-0.2595943919750919,1.7047989920752302,0.6119915246963501
37,1,31,0.15110718338848633,1.712548078402845,0.7184796333312988
37,1,32,0.10461266542279822,1.883027977610368,0.6744166612625122
37,2,0,-0.24575424170030413,-1.2622831505515621,0.9971766471862792
37,2,1,-0.2234129470002765,-1.3293070346516451,0.9961792826652528
37,2,2,-0.21596584876693395,-1.3293070346516451,0.995740294456482
37,2,3,-0.20107165230024884,-1.3293070346516451,0.9967212677001952
37,2,4,-0.24575424170030413,-1.3293070346516451,0.9967215657234192
37,2,5,-0.24575424170030413,-1.3367541328849877,0.9962478280067444
37,2,6,-0.24575424170030413,-1.3442012311183302,0.9968658089637756
37,2,7,-0.1638361611335361,-1.3218599364183026,0.9920065999031068
37,2,8,-0.2234129470002765,-1.3367541328849877,0.9948853850364684
37,2,9,-0.20107165230024884,-1.2027063646848217,0.9941632747650146
37,2,10,-0.2234129470002765,-1.2101534629181643,0.9957971572875975
37,2,11,-0.14149486643350845,-0.9792934176845453,0.998013198375702
37,2,12,-0.1340477682001659,-1.001634712384573,0.9982752203941344
37,2,13,-0.18617745583356374,-0.5026791307506221,0.619452953338623
37,2,14,-0.1936245540669063,-0.5026791307506221,0.4923503398895263
37,2,15,-0.30533102756704456,-0.9122695335844624,0.727125346660614
37,2,16,-0.23830714346696158,-0.636726898950788,0.5196191668510437
37,2,17,-0.3649078134337849,-1.001634712384573,0.7175415754318237
37,2,18,-0.23830714346696158,-0.6516210954174732,0.5237060785293579
37,2,19,-0.3127781258003871,-1.0463173017846283,0.7181810736656189
37,2,20,-0.2532013399336467,-0.7260920777508986,0.5224794745445251
37,2,21,-0.2829897328670169,-1.0165289088512581,0.7057909965515137
37,2,22,-0.24575424170030413,-0.718644979517556,0.5118460059165955
37,2,23,0.014894196466685099,0.0037235491166712747,0.9951448440551758
37,2,24,-0.014894196466685099,-0.0037235491166712747,0.9933019876480104
37,2,25,-0.03723549116671275,0.8154572565510092,0.6536147594451904
37,2,26,-0.03723549116671275,0.8080101583176666,0.5454383492469788
37,2,27,0.18617745583356374,1.6718735533854023,0.688934862613678
37,2,28,0.1340477682001659,1.6048496692853194,0.601883053779602
37,2,29,0.297883929333702,1.7984742233522257,0.7087084054946899
37,2,30,0.2234129470002765,1.7016619463187725,0.6030022501945496
37,2,31,-0.03723549116671275,1.9474161880190768,0.7418643832206726
37,2,32,-0.0744709823334255,1.9027335986190215,0.6721813678741455
38,1,0,0.20144957075133188,-1.2581095833715257,0.9972461462020874
38,1,1,0.193847700156942,-1.3265264187210346,0.9963377714157104
38,1,2,0.20144957075133188,-1.3265264187210346,0.9958963990211488
38,1,3,0.20144957075133188,-1.3265264187210346,0.9968322515487672
38,1,4,0.16344021777938247,-1.3341282893154245,0.9968111515045166
38,1,5,0.1482364765906027,-1.3417301599098144,0.9963095188140868
38,1,6,0.13303273540182295,-1.3493320305042042,0.9968792796134948
38,1,7,0.13303273540182295,-1.3265264187210346,0.9923253655433656
38,1,8,0.03420841767475447,-1.3493320305042042,0.9949350953102112
38,1,9,0.17864395896816224,-1.1896927480220167,0.9943885803222656
38,1,10,0.1482364765906027,-1.2048964892107965,0.9959251284599304
38,1,11,0.08742151183548365,-0.9616366301903202,0.9979694485664368
38,1,12,-0.14063460599621283,-1.037655336134219,0.9983037114143372
38,1,13,0.12543086480743307,-0.49032065333814745,0.5925630331039429
38,1,14,0.011402805891584824,-0.5359318769044867,0.5364475250244141
38,1,15,0.48271878274375757,-0.8476085712744719,0.7414018511772156
38,1,16,0.12543086480743307,-1.030053465539829,0.5644785761833191
38,1,17,0.6119505828483855,-0.9236272772183708,0.7309719324111938
38,1,18,0.12543086480743307,-1.1440815244556772,0.5671907663345337
38,1,19,0.6347561946315552,-0.9692385007847101,0.7317533493041992
38,1,20,0.09502338242987353,-1.174489006833237,0.5657893419265747
38,1,21,0.581543100470826,-0.9464328890015404,0.7183502912521362
38,1,22,0.08742151183548365,-1.1364796538612874,0.553918719291687
38,1,23,0.09502338242987353,0.011402805891584824,0.9949771165847778
38,1,24,-0.09502338242987353,-0.011402805891584824,0.993419885635376
38,1,25,0.10262525302426341,0.7867936065193528,0.630892813205719
38,1,26,-0.1102271236186533,0.8095992183025225,0.5767205357551575
38,1,27,-0.05701402945792412,1.4709619600144423,0.6759228110313416
38,1,28,-0.1558383471849926,1.5849900189302906,0.6260361075401306
38,1,29,-0.1558383471849926,1.554582536552731,0.6981444358825684
38,1,30,-0.2470607943176712,1.6534068542797995,0.6161895990371704
38,1,31,0.20144957075133188,1.7142218190349185,0.7351406812667847
38,1,32,0.11782899421304319,1.8358517485451566,0.6878532767295837
38,2,0,-0.28584763373663014,-1.241180514909052,0.9975069165229796
38,2,1,-0.2632807152837383,-1.3088812702677275,0.9966932535171508
38,2,2,-0.2482361029818104,-1.3088812702677275,0.9962952136993408
38,2,3,-0.24071379683084645,-1.3088812702677275,0.9971390962600708
38,2,4,-0.2632807152837383,-1.3164035764186914,0.997112512588501
38,2,5,-0.25575840913277437,-1.3239258825696554,0.99665504693985
38,2,6,-0.2783253275856662,-1.3314481887206193,0.9971731305122375
38,2,7,-0.2632807152837383,-1.3088812702677275,0.99307781457901
38,2,8,-0.308414552189522,-1.3239258825696554,0.9954195618629456
38,2,9,-0.23319149067988248,-1.1810020657013405,0.99491685628891
38,2,10,-0.25575840913277437,-1.1885243718523044,0.9962856769561768
38,2,11,-0.14292381686831507,-0.9778997996253137,0.998164176940918
38,2,12,-0.15044612301927904,-1.0004667180782056,0.998347818851471
38,2,13,-0.25575840913277437,-0.4814275936616929,0.6316876411437988
38,2,14,-0.27080302143470225,-0.48894989981265685,0.4900273978710174
38,2,15,-0.42877145060494526,-0.9101990442666381,0.7637627124786377
38,2,16,-0.37611530754819755,-0.7371860027944672,0.5203315019607544
38,2,17,-0.5039945121145848,-1.0004667180782056,0.7520948648452759
38,2,18,-0.4062045321520534,-0.9929444119272416,0.5245866179466248
38,2,19,-0.4814275936616929,-1.0456005549839893,0.7525966763496399
38,2,20,-0.4362937567559092,-0.9101990442666381,0.523058295249939
38,2,21,-0.44381606290687314,-1.0155113303801335,0.738674521446228
38,2,22,-0.42124914445398126,-0.8575429012098905,0.5123103857040405
38,2,23,0.0,0.0,0.9954134225845336
38,2,24,0.0,0.0,0.9939308762550354
38,2,25,-0.04513383690578371,0.8274536766060346,0.6638041734695435
38,2,26,-0.022566918452891854,0.8274536766060346,0.5639508962631226
38,2,27,0.19557995992506275,1.700041190117853,0.7048436403274536
38,2,28,0.14292381686831507,1.6624296593630332,0.6258767247200012
38,2,29,0.308414552189522,1.835442700835204,0.7217784523963928
38,2,30,0.23319149067988248,1.7752642516274926,0.6114272475242615
38,2,31,-0.03761153075481976,2.015978048458339,0.758161187171936
38,2,32,-0.08274536766060346,1.9557995992506274,0.6921029090881348
39,1,0,0.20924574973887472,-1.2748491048905515,0.9976752400398254
39,1,1,0.20924574973887472,-1.3368478455539219,0.9969536066055298
39,1,2,0.20924574973887472,-1.3368478455539219,0.9965814352035522
39,1,3,0.20924574973887472,-1.3368478455539219,0.99735826253891
39,1,4,0.18599622199011084,-1.344597688136843,0.9973047971725464
39,1,5,0.1704965368242683,-1.3523475307197643,0.9968580603599548
39,1,6,0.14724700907550442,-1.3600973733026855,0.997328519821167
39,1,7,0.13174732390966185,-1.3368478455539219,0.9936134219169616
39,1,8,0.054248898080449,-1.3600973733026855,0.9957430362701416
39,1,9,0.18599622199011084,-1.2051005216442598,0.9953094720840454
39,1,10,0.162746694241347,-1.2206002068101025,0.996537983417511
39,1,11,0.10074795357797671,-0.9648554015737001,0.9982969164848328
39,1,12,-0.14724700907550442,-1.0346039848199917,0.99846214056015
39,1,13,0.14724700907550442,-0.49986484659842295,0.6071716547012329
39,1,14,0.0,-0.5076146891813442,0.5384668111801147
39,1,15,0.45724071239235586,-0.8718572905786446,0.7767154574394226
39,1,16,0.11624763874381928,-1.0036046144883064,0.5669322609901428
39,1,17,0.596737878884939,-0.9338560312420149,0.7640761733055115
39,1,18,0.09299811099505542,-1.181850993895496,0.5697861313819885
39,1,19,0.6277372492166241,-0.9571055589907788,0.7646831274032593
39,1,20,0.054248898080449,-1.2128503642271813,0.5681648850440979
39,1,21,0.5734883511361751,-0.9416058738249362,0.7504754066467285
39,1,22,0.061998740663370286,-1.1586014661467323,0.5569453835487366
39,1,23,0.09299811099505542,0.003874921291460643,0.9955047369003296
39,1,24,-0.09299811099505542,-0.003874921291460643,0.9940531849861144
39,1,25,0.06974858324629157,0.8098585499152744,0.6545669436454773
39,1,26,-0.11624763874381928,0.8486077628298808,0.5988803505897522
39,1,27,-0.07749842582921286,1.476345012046505,0.7021492123603821
39,1,28,-0.17824637940718957,1.615842178539088,0.6536288261413574
39,1,29,-0.14724700907550442,1.5538434378757178,0.7197318077087402
39,1,30,-0.2634946478193237,1.693340604368301,0.6311672329902649
39,1,31,0.20149590715595342,1.7708390301975139,0.759957492351532
39,1,32,0.11624763874381928,1.8638371411925692,0.713388979434967
39,2,0,-0.24255200272983574,-1.2348101957155273,0.9978614449501038
39,2,1,-0.22050182066348703,-1.2936106812257906,0.997218370437622
39,2,2,-0.20580169928592124,-1.2936106812257906,0.996881365776062
39,2,3,-0.19110157790835544,-1.2936106812257906,0.9975866675376892
39,2,4,-0.23520194204105285,-1.3009607419145734,0.9975106120109558
39,2,5,-0.23520194204105285,-1.3083108026033565,0.9970848560333252
39,2,6,-0.23520194204105285,-1.3156608632921394,0.997525155544281
39,2,7,-0.23520194204105285,-1.2936106812257906,0.9941918849945068
39,2,8,-0.28665236686253315,-1.3156608632921394,0.9960651397705078
39,2,9,-0.20580169928592124,-1.1686596495164814,0.9956703186035156
39,2,10,-0.22785188135226994,-1.1760097102052642,0.9967072606086732
39,2,11,-0.11760097102052643,-0.9775580716081259,0.9984413385391236
39,2,12,-0.18375151721957253,-0.9996082536744746,0.9983283877372742
39,2,13,-0.22050182066348703,-0.4924540661484544,0.6444122195243835
39,2,14,-0.32340267030644765,-0.4998041268372373,0.4963108897209167
39,2,15,-0.40425333788305956,-0.9114075254090798,0.7955161333084106
39,2,16,-0.44835370201575697,-0.8011566150773363,0.5310924649238586
39,2,17,-0.4851040054596715,-0.9922581929856916,0.7819372415542603
39,2,18,-0.4851040054596715,-0.8232067971436849,0.534088134765625
39,2,19,-0.4704038840821057,-1.036358557118389,0.7822909355163574
39,2,20,-0.5365544302811518,-0.9481578288529943,0.5320993065834045
39,2,21,-0.4263035199494083,-0.9996082536744746,0.7676615715026855
39,2,22,-0.4704038840821057,-0.9334577074754284,0.5215131044387817
39,2,23,0.03675030344391451,-0.007350060688782902,0.9958215355873108
39,2,24,-0.03675030344391451,0.007350060688782902,0.9944196939468384
39,2,25,-0.03675030344391451,0.8232067971436849,0.6842942237854004
39,2,26,-0.11025091033174352,0.8158567364549021,0.5898133516311646
39,2,27,0.17640145653078962,1.6537636549761527,0.727984607219696
39,2,28,0.10290084964296062,1.6170133515322382,0.6564423441886902
39,2,29,0.30135248824009897,1.771364625996679,0.7409822344779968
39,2,30,0.20580169928592124,1.7199142011751989,0.6304135918617249
39,2,31,-0.029400242755131607,1.9477660825274687,0.7804096341133118
39,2,32,-0.10290084964296062,1.8963156577059885,0.7195749878883362
40,1,0,0.2489237274095739,-1.2566633335354296,0.9975414276123048
40,1,1,0.24089392975120058,-1.3289315124607899,0.997024655342102
40,1,2,0.24089392975120058,-1.3289315124607899,0.9966185092926024
40,1,3,0.24089392975120058,-1.3289315124607899,0.997356116771698
40,1,4,0.2168045367760805,-1.336961310119163,0.9971992373466492
40,1,5,0.2007449414593338,-1.3449911077775365,0.9966345429420472
40,1,6,0.1846853461425871,-1.35302090543591,0.9971193075180054
40,1,7,0.1525661555090937,-1.3289315124607899,0.9935308694839478
40,1,8,0.06423838126698682,-1.361050703094283,0.9958200454711914
40,1,9,0.2168045367760805,-1.192424952268443,0.9953893423080444
40,1,10,0.19271514380096044,-1.2084845475851895,0.9964813590049744
40,1,11,0.10438736955885358,-0.9836502131507356,0.9984351992607116
40,1,12,-0.1525661555090937,-1.015769403784229,0.9984059929847716
40,1,13,0.16059595316746705,-0.4938325559899612,0.6023449301719666
40,1,14,-0.024089392975120055,-0.4697431630148411,0.5432981252670288
40,1,15,0.4496686688689077,-0.8792628435918821,0.7847644686698914
40,1,16,0.2489237274095739,-0.8792628435918821,0.5755543112754822
40,1,17,0.594205026719628,-0.9113820342253754,0.7724413871765137
40,1,18,0.3774004899435476,-0.9515310225172422,0.5767123103141785
40,1,19,0.594205026719628,-0.9515310225172422,0.7728967070579529
40,1,20,0.3211919063349341,-1.0318289991009757,0.574629545211792
40,1,21,0.5299666454526413,-0.9515310225172422,0.7577899694442749
40,1,22,0.28907271570144066,-1.0077396061258557,0.5623257756233215
40,1,23,0.10438736955885358,0.004014898829186676,0.9953433871269226
40,1,24,-0.10438736955885358,-0.004014898829186676,0.9937041401863098
40,1,25,0.10438736955885358,0.8230542599832686,0.654197633266449
40,1,26,-0.10438736955885358,0.8391138553000153,0.6155208945274353
40,1,27,-0.08029797658373353,1.5457360492368704,0.7102120518684387
40,1,28,-0.17665554848421375,1.674212811770844,0.6760220527648926
40,1,29,-0.16059595316746705,1.6420936211373505,0.7246456146240234
40,1,30,-0.2569535250679473,1.7705703836713242,0.6434975862503052
40,1,31,0.17665554848421375,1.8508683602550577,0.7692643404006958
40,1,32,0.12847676253397364,1.9311663368387912,0.7331553101539612
40,2,0,-0.279667038068764,-1.225383206274979,0.9977792501449584
40,2,1,-0.25022840248257827,-1.2916201363438966,0.9973163604736328
40,2,2,-0.24286874358603186,-1.2916201363438966,0.996950387954712
40,2,3,-0.228149425792939,-1.2916201363438966,0.9976149201393129
40,2,4,-0.2649477202756711,-1.2989797952404432,0.9974702596664428
40,2,5,-0.2649477202756711,-1.3063394541369895,0.9969592094421388
40,2,6,-0.2649477202756711,-1.3063394541369895,0.9973977208137512
40,2,7,-0.228149425792939,-1.2916201363438966,0.9941713213920592
40,2,8,-0.2943863558618568,-1.313699113033536,0.9962217807769777
40,2,9,-0.228149425792939,-1.1665059351026075,0.9958325028419496
40,2,10,-0.25022840248257827,-1.173865593999154,0.9968042969703674
40,2,11,-0.10303522455164987,-0.982514462688947,0.9985821843147278
40,2,12,-0.228149425792939,-0.9898741215854935,0.9984882473945618
40,2,13,-0.20607044910329975,-0.526215611103069,0.6406848430633545
40,2,14,-0.3606232859307746,-0.4967769755168833,0.5170068740844727
40,2,15,-0.42686021599969237,-0.8647599203442043,0.8015534281730652
40,2,16,-0.507816463861703,-0.7543650368960081,0.5526549220085144
40,2,17,-0.49309714606861016,-0.9089178737234829,0.7867146730422974
40,2,18,-0.6108516884133528,-0.8058826491718329,0.5506387948989868
40,2,19,-0.46365851048242446,-0.9530758271027614,0.7868753671646118
40,2,20,-0.5298954405513422,-0.8868388970338436,0.5472070574760437
40,2,21,-0.4415795337927852,-0.9383565093096685,0.7706641554832458
40,2,22,-0.5004568049651565,-0.8647599203442043,0.5352850556373596
40,2,23,0.0367982944827321,-0.01103948834481963,0.9957216382026672
40,2,24,-0.0367982944827321,0.01103948834481963,0.9942132234573364
40,2,25,-0.08831590675855704,0.842680943654565,0.6839881539344788
40,2,26,-0.05887727117237136,0.7764440135856473,0.6015626788139343
40,2,27,0.12511420124128914,1.666962740067764,0.7348893284797668
40,2,28,0.1103948834481963,1.5933661511022998,0.6754441261291504
40,2,29,0.2575880613791247,1.806796259102146,0.7466869950294495
40,2,30,0.19135113131020692,1.6964013756539498,0.6460912823677063
40,2,31,-0.12511420124128914,1.895112165860703,0.7884649634361267
40,2,32,-0.1471931779309284,1.821515576895239,0.7366796731948853
41,1,0,0.2793522267206478,-1.2469635627530364,0.99791020154953
41,1,1,0.2874493927125506,-1.319838056680162,0.9974989295005798
41,1,2,0.2874493927125506,-1.319838056680162,0.997145414352417
41,1,3,0.2793522267206478,-1.319838056680162,0.9977519512176514
41,1,4,0.27125506072874495,-1.3279352226720649,0.9976437091827391
41,1,5,0.2550607287449393,-1.3360323886639676,0.9971674084663392
41,1,6,0.2388663967611336,-1.3441295546558705,0.9975804686546326
41,1,7,0.19838056680161945,-1.3279352226720649,0.9945131540298462
41,1,8,0.13360323886639677,-1.3522267206477734,0.996550679206848
41,1,9,0.2388663967611336,-1.1821862348178138,0.9961668848991394
41,1,10,0.22267206477732793,-1.1983805668016194,0.997072696685791
41,1,11,0.13360323886639677,-0.9878542510121457,0.9986541867256165
41,1,12,-0.13360323886639677,-1.0121457489878543,0.9986335635185242
41,1,13,0.1659919028340081,-0.5263157894736842,0.5950973033905029
41,1,14,-0.020242914979757085,-0.44534412955465585,0.564521074295044
41,1,15,0.30364372469635625,-0.7530364372469636,0.7651525735855103
41,1,16,0.32793522267206476,-0.7854251012145749,0.5965999364852905
41,1,17,0.44129554655870445,-0.8097165991902834,0.7533722519874573
41,1,18,0.4493927125506073,-0.8340080971659919,0.5939487218856812
41,1,19,0.4331983805668016,-0.9068825910931174,0.7536240816116333
41,1,20,0.4574898785425101,-0.8987854251012146,0.5906991958618164
41,1,21,0.38461538461538464,-0.8825910931174089,0.7389293313026428
41,1,22,0.4089068825910931,-0.8906882591093117,0.5784149169921875
41,1,23,0.10121457489878542,0.0,0.9957677721977234
41,1,24,-0.10121457489878542,0.0,0.9944744110107422
41,1,25,0.13360323886639677,0.8178137651821862,0.6803928017616272
41,1,26,-0.07692307692307693,0.8421052631578947,0.6349332332611084
41,1,27,-0.10931174089068826,1.562753036437247,0.7415867447853088
41,1,28,-0.1659919028340081,1.6599190283400809,0.7018323540687561
41,1,29,-0.1902834008097166,1.6356275303643724,0.7494866847991943
41,1,30,-0.2388663967611336,1.757085020242915,0.6678500771522522
41,1,31,0.11740890688259109,1.8623481781376519,0.7959758043289185
41,1,32,0.05263157894736842,1.902834008097166,0.7575303912162781
41,2,0,-0.2563904439717954,-1.219796960714299,0.9981110692024232
41,2,1,-0.22531281439945652,-1.2897216272520615,0.9977432489395142
41,2,2,-0.2097739996132871,-1.2897216272520615,0.9974252581596376
41,2,3,-0.1942351848271177,-1.2897216272520615,0.997971534729004
41,2,4,-0.23308222179254123,-1.2897216272520615,0.9978715181350708
41,2,5,-0.23308222179254123,-1.2974910346451463,0.9974414110183716
41,2,6,-0.22531281439945652,-1.305260442038231,0.9978141784667968
41,2,7,-0.13207992568244004,-1.2974910346451463,0.9950575232505798
41,2,8,-0.16315755525477887,-1.3207992568244005,0.9968820214271544
41,2,9,-0.2097739996132871,-1.1576417015696214,0.9965316653251648
41,2,10,-0.22531281439945652,-1.1654111089627062,0.9973368048667908
41,2,11,-0.03107762957233883,-1.0022535537079273,0.9987834095954896
41,2,12,-0.1786963700409483,-0.9867147389217579,0.9987019896507264
41,2,13,-0.1010022961101012,-0.505011480550506,0.6340785026550293
41,2,14,-0.15538814786169416,-0.4583950361919978,0.5194811820983887
41,2,15,-0.2796986661510495,-0.7303242949499625,0.776062548160553
41,2,16,-0.23308222179254123,-0.7070160727707084,0.5475337505340576
41,2,17,-0.318545703116473,-0.7769407393084709,0.7595494389533997
41,2,18,-0.2796986661510495,-0.7614019245223014,0.5471571683883667
41,2,19,-0.2796986661510495,-0.8390959984531484,0.7593584060668945
41,2,20,-0.24085162918562594,-0.823557183666979,0.5439655184745789
41,2,21,-0.2563904439717954,-0.823557183666979,0.7435932755470276
41,2,22,-0.21754340700637181,-0.8080183688808096,0.5331569314002991
41,2,23,0.03884703696542354,-0.007769407393084708,0.9961398243904114
41,2,24,-0.03884703696542354,0.007769407393084708,0.9949318766593932
41,2,25,0.03107762957233883,0.8468654058462332,0.7102530598640442
41,2,26,0.03884703696542354,0.823557183666979,0.6287758946418762
41,2,27,-0.10877170350318591,1.7636554782302287,0.7643417716026306
41,2,28,-0.023308222179254125,1.6781919969062968,0.7022659778594971
41,2,29,-0.0932328887170165,1.9268130334850075,0.7707363367080688
41,2,30,0.14761874046860946,1.8801965891264993,0.6717570424079895
41,2,31,-0.06215525914467766,1.9889682926296852,0.8118211030960083
41,2,32,-0.04661644435850825,1.8724271817334146,0.7528594732284546
42,1,0,0.2890625,-1.234375,0.9982616305351256
42,1,1,0.2890625,-1.3046875,0.997933268547058
42,1,2,0.2890625,-1.3046875,0.9976400136947632
42,1,3,0.28125,-1.3046875,0.9981356859207152
42,1,4,0.28125,-1.3125,0.998045802116394
42,1,5,0.265625,-1.3203125,0.9976508617401124
42,1,6,0.2578125,-1.3203125,0.9979898929595948
42,1,7,0.1875,-1.3125,0.9954564571380616
42,1,8,0.1484375,-1.34375,0.9971711039543152
42,1,9,0.2421875,-1.1796875,0.9968408942222596
42,1,10,0.2265625,-1.1875,0.9975788593292236
42,1,11,0.125,-0.9921875,0.9988566637039183
42,1,12,-0.125,-1.0078125,0.9988250732421876
42,1,13,0.1015625,-0.5234375,0.5860005617141724
42,1,14,-0.0625,-0.4765625,0.5663016438484192
42,1,15,0.3671875,-0.71875,0.7430182099342346
42,1,16,0.3046875,-0.7421875,0.590769350528717
42,1,17,0.4921875,-0.7421875,0.7281834483146667
42,1,18,0.421875,-0.7734375,0.5884374380111694
42,1,19,0.4765625,-0.8046875,0.7283204793930054
42,1,20,0.421875,-0.8359375,0.5850661993026733
42,1,21,0.4140625,-0.796875,0.7145111560821533
42,1,22,0.375,-0.828125,0.5723000168800354
42,1,23,0.1015625,0.0,0.9962798953056335
42,1,24,-0.1015625,0.0,0.995106875896454
42,1,25,0.1328125,0.7890625,0.7041282057762146
42,1,26,0.0,0.8125,0.6624144911766052
42,1,27,-0.078125,1.5234375,0.7709216475486755
42,1,28,-0.15625,1.59375,0.7281769514083862
42,1,29,-0.1484375,1.6171875,0.776235044002533
42,1,30,-0.2421875,1.671875,0.6951223015785217
42,1,31,0.1328125,1.7890625,0.8191803693771362
42,1,32,0.046875,1.78125,0.7737688422203064
42,2,0,-0.018771011829558454,-1.2163615665553877,0.998424768447876
42,2,1,0.0037542023659116906,-1.2839372091417982,0.9981314539909364
42,2,2,0.011262607097735073,-1.2914456138736217,0.9978669285774232
42,2,3,0.018771011829558454,-1.2914456138736217,0.9983140230178832
42,2,4,-0.0037542023659116906,-1.2914456138736217,0.998227834701538
42,2,5,-0.011262607097735073,-1.2914456138736217,0.997869610786438
42,2,6,-0.011262607097735073,-1.298954018605445,0.9981772899627686
42,2,7,0.03378782129320521,-1.298954018605445,0.9959027171134948
42,2,8,0.011262607097735073,-1.3064624233372684,0.9974344372749328
42,2,9,0.0037542023659116906,-1.1562943287008007,0.9971363544464112
42,2,10,-0.018771011829558454,-1.1638027334326242,0.9977867007255554
42,2,11,0.04880463075685198,-1.0136346387961566,0.9989668726921082
42,2,12,-0.1539222970023793,-0.983601019868863,0.9988839030265808
42,2,13,0.06382144022049874,-0.5180799264958134,0.6262853741645813
42,2,14,-0.011262607097735073,-0.47302949810487305,0.5182876586914062
42,2,15,-0.018771011829558454,-0.6982816400595745,0.7645865678787231
42,2,16,0.10887186861143903,-0.3528950223956989,0.5440607666969299
42,2,17,-0.11638027334326241,-0.7132984495232212,0.7489464282989502
42,2,18,0.19897272539331962,-0.3754202365911691,0.5458208322525024
42,2,19,-0.13139708280690918,-0.7658572826459848,0.7489898800849915
42,2,20,0.23651474905243652,-0.315352998736582,0.5431632399559021
42,2,21,-0.11638027334326241,-0.7583488779141615,0.7346780300140381
42,2,22,-0.0037542023659116906,-0.5556219501549302,0.5324456691741943
42,2,23,0.13890548753873255,-0.007508404731823381,0.9965851902961732
42,2,24,-0.13890548753873255,0.007508404731823381,0.9954625368118286
42,2,25,0.13890548753873255,0.7808740921096317,0.7305328845977783
42,2,26,0.026279416561381833,0.788382496841455,0.6486445665359497
42,2,27,-0.0788382496841455,1.614307017342027,0.7900619506835938
42,2,28,0.14641389227055593,1.5617481842192633,0.7230347394943237
42,2,29,0.0037542023659116906,1.7044078741239075,0.7944028377532959
42,2,30,0.18395591592967284,1.674374255196614,0.6953528523445129
42,2,31,0.07132984495232213,1.7269330883193776,0.8326023817062378
42,2,32,0.011262607097735073,1.8020171356376116,0.7673555016517639
43,1,0,0.3396339275135649,-1.217997533152095,0.9984869956970216
43,1,1,0.3396339275135649,-1.2882666216031773,0.9982303380966188
43,1,2,0.3396339275135649,-1.296074298097742,0.9979714155197144
43,1,3,0.3318262510190002,-1.296074298097742,0.9983789920806884
43,1,4,0.3318262510190002,-1.296074298097742,0.9983183145523072
43,1,5,0.3240185745244355,-1.3038819745923067,0.9979820847511292
43,1,6,0.3084032215353061,-1.3116896510868714,0.9982768893241882
43,1,7,0.2459418095787884,-1.3116896510868714,0.9960708618164062
43,1,8,0.21471110360052953,-1.3351126805705655,0.997649312019348
43,1,9,0.28498019205161196,-1.1711514741847067,0.9973320364952089
43,1,10,0.28498019205161196,-1.1789591506792714,0.9979646801948548
43,1,11,0.15224969164401186,-0.999382591304283,0.9989736676216124
43,1,12,-0.08198060319292946,-0.999382591304283,0.99898761510849
43,1,13,0.175672721127706,-0.5309220016304003,0.5763880610466003
43,1,14,-0.058557573709235325,-0.4606529131793179,0.5652979016304016
43,1,15,0.37867230998638846,-0.6948832080162592,0.7228443026542664
43,1,16,0.3396339275135649,-0.6714601785325651,0.5879355072975159
43,1,17,0.5035951338994238,-0.6948832080162592,0.7110362648963928
43,1,18,0.47236442792116495,-0.6636525020380004,0.587626039981842
43,1,19,0.47236442792116495,-0.7417292669836475,0.710861325263977
43,1,20,0.4801721044157297,-0.7183062374999534,0.5847609043121338
43,1,21,0.4255183689537767,-0.7495369434782122,0.6989532709121704
43,1,22,0.4020953394700826,-0.7495369434782122,0.5724993348121643
43,1,23,0.08978827968749417,0.0,0.9964107275009156
43,1,24,-0.08978827968749417,0.0,0.995141625404358
43,1,25,0.09759595618205888,0.7183062374999534,0.7000200748443604
43,1,26,-0.019519191236411777,0.7729599729619063,0.6702350974082947
43,1,27,-0.10540363267662359,1.4678431809781656,0.7699123024940491
43,1,28,-0.1288266621603177,1.5224969164401185,0.7329397201538086
43,1,29,-0.175672721127706,1.6005736813857656,0.7775883078575134
43,1,30,-0.23032645658965895,1.6318043873640244,0.7011279463768005
43,1,31,0.14444201514944716,1.6630350933422833,0.8193206787109375
43,1,32,0.09759595618205888,1.6786504463314127,0.7752185463905334
43,2,0,-0.07191812131060281,-1.2112525694417315,0.9986274242401124
43,2,1,-0.05677746419258116,-1.2793855264728289,0.9983963966369628
43,2,2,-0.04920713563357034,-1.2869558550318396,0.9981619119644164
43,2,3,-0.04920713563357034,-1.2869558550318396,0.9985314011573792
43,2,4,-0.05677746419258116,-1.2869558550318396,0.9984697699546814
43,2,5,-0.05677746419258116,-1.2945261835908506,0.9981611371040344
43,2,6,-0.05677746419258116,-1.3020965121498613,0.9984294772148132
43,2,7,-0.026496149956537877,-1.3020965121498613,0.9964526891708374
43,2,8,-0.05677746419258116,-1.317237169267883,0.9978558421134948
43,2,9,-0.06434779275159198,-1.1658305980876664,0.9975837469100952
43,2,10,-0.06434779275159198,-1.1734009266466774,0.998134195804596
43,2,11,0.08705877842862444,-1.0068536983484393,0.9990748763084412
43,2,12,-0.16276206401873267,-0.9917130412304176,0.9990219473838806
43,2,13,0.11734009266466773,-0.5374933276897683,0.6180686950683594
43,2,14,-0.23089502104983006,-0.4769306992176818,0.5195900797843933
43,2,15,-0.09462910698763527,-0.681329570310974,0.7491064667701721
43,2,16,-0.1021994355466461,-0.26496149956537873,0.5449925661087036
43,2,17,-0.04920713563357034,-0.6737592417519631,0.7374057769775391
43,2,18,-0.1097697641056569,-0.21196919965230301,0.5477855205535889
43,2,19,0.1021994355466461,-0.7267515416650389,0.7371178269386292
43,2,20,-0.09462910698763527,-0.1741175568572489,0.5455543398857117
43,2,21,0.041636807074559516,-0.7267515416650389,0.725285530090332
43,2,22,-0.1097697641056569,-0.18925821397527054,0.5358256697654724
43,2,23,0.026496149956537877,0.0,0.996727168560028
43,2,24,-0.026496149956537877,0.0,0.9954971075057985
43,2,25,0.20061370681378676,0.7343218702240497,0.7271708250045776
43,2,26,-0.11734009266466773,0.7721735130191038,0.6664931178092957
43,2,27,0.15519173545972184,1.604909654510294,0.7895071506500244
43,2,28,-0.09462910698763527,1.5519173545972185,0.7317451238632202
43,2,29,-0.04920713563357034,1.6427612973053483,0.7913793325424194
43,2,30,-0.4277235635841114,1.5821986688332617,0.6992965936660767
43,2,31,0.018925821397527055,1.6957535972184241,0.8334355354309082
43,2,32,-0.12491042122367856,1.6654722829823807,0.7761164903640747
44,1,0,0.3252402035714433,-1.2186711242255284,0.9986085295677184
44,1,1,0.3330773169105142,-1.2813680309380957,0.998394012451172
44,1,2,0.3252402035714433,-1.2892051442771666,0.998133420944214
44,1,3,0.3252402035714433,-1.2892051442771666,0.9984732270240784
44,1,4,0.31740309023237234,-1.2970422576162375,0.9984781742095948
44,1,5,0.3095659768933014,-1.3048793709553086,0.9981801509857178
44,1,6,0.29389175021515956,-1.3127164842943795,0.9984517097473145
44,1,7,0.23903195684166312,-1.3127164842943795,0.996296763420105
44,1,8,0.1998463901463085,-1.3362278243115921,0.9980034828186036
44,1,9,0.2703804101979468,-1.1794855575301737,0.9976709485054016
44,1,10,0.2703804101979468,-1.1873226708692446,0.9982581734657288
44,1,11,0.17633505012909576,-0.9913948373924716,0.9990111589431764
44,1,12,-0.09796391673838653,-1.0070690640706135,0.9991112947463988
44,1,13,0.24686907018073403,-0.5681907170826418,0.5666710734367371
44,1,14,-0.09796391673838653,-0.4741453570137908,0.5667680501937866
44,1,15,0.38009999694493973,-0.6779103038296348,0.7054784893989563
44,1,16,0.3095659768933014,-0.6857474171687057,0.5892321467399597
44,1,17,0.5054938103700745,-0.6622360771514929,0.6989249587059021
44,1,18,0.450634016996578,-0.6700731904905638,0.5903527736663818
44,1,19,0.4898195836919326,-0.7170958705249894,0.6986591219902039
44,1,20,0.45847113033564896,-0.7249329838640602,0.588021457195282
44,1,21,0.4349597903184362,-0.7249329838640602,0.6892340183258057
44,1,22,0.39577422362308157,-0.7327700972031312,0.5772249102592468
44,1,23,0.0901268033993156,0.003918556669535461,0.9963831305503844
44,1,24,-0.0901268033993156,-0.003918556669535461,0.9950861930847168
44,1,25,0.11363814341652836,0.7014216438468475,0.6939550042152405
44,1,26,-0.019592783347677306,0.7641185505594149,0.6867752075195312
44,1,27,-0.10580103007745745,1.453784524397656,0.7646258473396301
44,1,28,-0.14498659677281206,1.5086443177711524,0.7405108213424683
44,1,29,-0.20768350348537942,1.555666997805578,0.7732250094413757
44,1,30,-0.2703804101979468,1.6026896778400035,0.7053138613700867
44,1,31,0.14498659677281206,1.649712357874429,0.8162100315093994
44,1,32,0.04310412336489007,1.649712357874429,0.7828319668769836
44,2,0,-0.007662329100539394,-1.2183103269857638,0.9987407326698304
44,2,1,0.015324658201078789,-1.2796089597900788,0.9985483288764954
44,2,2,0.022986987301618186,-1.2872712888906184,0.9983130693435668
44,2,3,0.030649316402157577,-1.2872712888906184,0.9986203908920288
44,2,4,0.007662329100539394,-1.2949336179911577,0.9986207485198976
44,2,5,0.0,-1.302595947091697,0.9983493089675904
44,2,6,0.0,-1.3102582761922366,0.9985955953598022
44,2,7,0.04597397460323637,-1.3179206052927759,0.9966607093811036
44,2,8,0.007662329100539394,-1.3332452634938547,0.998188853263855
44,2,9,0.007662329100539394,-1.1799986814830667,0.9978947639465332
44,2,10,-0.007662329100539394,-1.187661010583606,0.9984126687049866
44,2,11,0.1379219238097091,-1.0037651121706608,0.999109148979187
44,2,12,-0.11493493650809092,-0.9961027830701213,0.9991610646247864
44,2,13,0.17623356931240608,-0.5670123534399152,0.6092635989189148
44,2,14,-0.18389589841294549,-0.48272673333398186,0.5218069553375244
44,2,15,-0.015324658201078789,-0.6819472899480061,0.7331885695457458
44,2,16,0.03831164550269697,-0.31415549312211516,0.5473777055740356
44,2,17,-0.015324658201078789,-0.6742849608474667,0.726170539855957
44,2,18,-0.03831164550269697,-0.1455842529102485,0.5515732765197754
44,2,19,0.04597397460323637,-0.7279212645512425,0.7257863879203796
44,2,20,-0.015324658201078789,-0.22220754391564246,0.5499141216278076
44,2,21,0.030649316402157577,-0.7279212645512425,0.7160769701004028
44,2,22,-0.030649316402157577,-0.22986987301618184,0.5413402318954468
44,2,23,-0.022986987301618186,0.0,0.9967227578163148
44,2,24,0.022986987301618186,0.0,0.9954913258552552
44,2,25,0.061298632804315155,0.7509082518528607,0.7215331792831421
44,2,26,0.022986987301618186,0.7892198973555576,0.6742274761199951
44,2,27,-0.015324658201078789,1.5171411619068,0.7848770618438721
44,2,28,-0.1379219238097091,1.5784397947111153,0.7304490804672241
44,2,29,-0.24519453121726062,1.6244137693143517,0.7880364060401917
44,2,30,-0.19922055661402427,1.7240240476213637,0.6976490616798401
44,2,31,0.05363630370377576,1.823634325928376,0.8308049440383911
44,2,32,-0.022986987301618186,1.7929850095262183,0.7778292894363403
45,1,0,0.37523230954175035,-1.2254927556310355,0.9987154006958008
45,1,1,0.3832159757022131,-1.2893620849147378,0.998499035835266
45,1,2,0.3832159757022131,-1.2973457510752007,0.9982120394706726
45,1,3,0.37523230954175035,-1.2973457510752007,0.9985271692276
45,1,4,0.37523230954175035,-1.3053294172356633,0.998613715171814
45,1,5,0.3592649772208248,-1.3133130833961262,0.9983378648757936
45,1,6,0.35128131106036203,-1.3212967495565888,0.998598337173462
45,1,7,0.2953956479371226,-1.3212967495565888,0.9963902831077576
45,1,8,0.2395099848138832,-1.35323141419844,0.9982668161392212
45,1,9,0.3193466464185109,-1.177590758668259,0.997883915901184
45,1,10,0.31136298025804815,-1.1935580909891845,0.9984920620918274
45,1,11,0.19160798785110655,-0.970015438496227,0.9989365935325624
45,1,12,-0.06386932928370219,-1.0259011016194663,0.9992263913154602
45,1,13,0.33531397873943647,-0.5309137996707743,0.565723717212677
45,1,14,-0.10378766008601605,-0.48301180270799776,0.5688706636428833
45,1,15,0.4790199696277664,-0.6826034567195671,0.7132408022880554
45,1,16,0.3193466464185109,-0.7305054536823438,0.5919225215911865
45,1,17,0.6067586281951708,-0.6826034567195671,0.7071681022644043
45,1,18,0.45506897114637807,-0.7145381213614181,0.594799280166626
45,1,19,0.6067586281951708,-0.7305054536823438,0.7067050933837891
45,1,20,0.4470853049859153,-0.8103421152869714,0.5930624008178711
45,1,21,0.5508729650719313,-0.7384891198428065,0.6976696848869324
45,1,22,0.39119964186267586,-0.8103421152869714,0.583816647529602
45,1,23,0.07983666160462773,0.003991833080231387,0.9963391423225404
45,1,24,-0.07983666160462773,-0.003991833080231387,0.994994044303894
45,1,25,0.08782032776509051,0.6985707890404926,0.6809849739074707
45,1,26,-0.031934664641851095,0.7464727860032693,0.6853509545326233
45,1,27,-0.09580399392555328,1.393149745000754,0.7509936690330505
45,1,28,-0.13572232472786713,1.4809700727658444,0.7333697080612183
45,1,29,-0.21555898633249487,1.528872069728621,0.7628422975540161
45,1,30,-0.2395099848138832,1.600725065172786,0.7006558775901794
45,1,31,0.12773865856740438,1.5687904005309348,0.8075264692306519
45,1,32,0.11177132624647883,1.6087087313332487,0.7784624695777893
45,2,0,-0.16857247735479877,-1.2451376168252182,0.9987819790840148
45,2,1,-0.14558532135187166,-1.3064366994996905,0.9985791444778442
45,2,2,-0.1302605506832536,-1.3064366994996905,0.998318612575531
45,2,3,-0.12259816534894456,-1.3140990848339995,0.9986076951026917
45,2,4,-0.16091009202048973,-1.3217614701683085,0.9986568093299866
45,2,5,-0.16091009202048973,-1.3294238555026177,0.9984025955200196
45,2,6,-0.16091009202048973,-1.3370862408369266,0.9986469745635986
45,2,7,-0.09194862401170842,-1.3294238555026177,0.99665766954422
45,2,8,-0.14558532135187166,-1.3524110115055448,0.998307466506958
45,2,9,-0.1532477066861807,-1.199163304819364,0.9980127811431884
45,2,10,-0.17623486268910782,-1.206825690153673,0.9984617233276368
45,2,11,0.03831192667154518,-1.007603671461638,0.99903666973114
45,2,12,-0.21454678936065297,-0.984616515458711,0.9992001056671144
45,2,13,0.14558532135187166,-0.555522936737405,0.6079773306846619
45,2,14,-0.12259816534894456,-0.4559119273913876,0.5206053256988525
45,2,15,-0.18389724802341684,-0.6934458727549677,0.7398250699043274
45,2,16,-0.20688440402634395,-0.23370275269642557,0.5511306524276733
45,2,17,-0.17623486268910782,-0.6781211020863496,0.7329211235046387
45,2,18,-0.17623486268910782,-0.20305321135918944,0.5574403405189514
45,2,19,-0.13792293601756264,-0.7317577994265129,0.732246458530426
45,2,20,-0.16857247735479877,-0.22604036736211652,0.5560488700866699
45,2,21,-0.16091009202048973,-0.7394201847608218,0.7222910523414612
45,2,22,-0.18389724802341684,-0.21071559669349846,0.548563539981842
45,2,23,0.10727339468032648,-0.01915596333577259,0.9965941905975342
45,2,24,-0.10727339468032648,0.01915596333577259,0.9952099919319152
45,2,25,0.16091009202048973,0.7011082580892767,0.70747971534729
45,2,26,0.06896146800878132,0.7011082580892767,0.6653227210044861
45,2,27,0.14558532135187166,1.5899449568691248,0.7707870602607727
45,2,28,0.1532477066861807,1.5056587181917254,0.7205029129981995
45,2,29,0.14558532135187166,1.7431926635553054,0.7755370140075684
45,2,30,0.14558532135187166,1.6589064248779062,0.6921889185905457
45,2,31,0.01532477066861807,1.7968293608954686,0.8204473853111267
45,2,32,0.03064954133723614,1.7125431222180694,0.7720962762832642
46,1,0,0.3784139849298384,-1.2109247517754829,0.9988334774971008
46,1,1,0.3943472053479369,-1.282624243656926,0.9986268281936646
46,1,2,0.3943472053479369,-1.282624243656926,0.998340666294098
46,1,3,0.3943472053479369,-1.282624243656926,0.998621106147766
46,1,4,0.3704473747207892,-1.2985574640750246,0.998726487159729
46,1,5,0.35451415430269073,-1.3065240742840738,0.99848073720932
46,1,6,0.33061432367554305,-1.3224572947021722,0.9987089037895204
46,1,7,0.33061432367554305,-1.3065240742840738,0.9967932105064392
46,1,8,0.22704839095790305,-1.3463571253293198,0.9984031319618224
46,1,9,0.33061432367554305,-1.1631250905211876,0.9980789422988892
46,1,10,0.3067144930483954,-1.179058310939286,0.9985591173171996
46,1,11,0.3067144930483954,-0.9639598352949569,0.9990069270133972
46,1,12,-0.051782966358819994,-1.0197261067583014,0.999248504638672
46,1,13,0.46604669722937997,-0.5735959350515446,0.5822470188140869
46,1,14,-0.08364940719501691,-0.4461301717067569,0.5677558779716492
46,1,15,0.6492787320375123,-0.6691952575601353,0.7368952035903931
46,1,16,0.25094822158505076,-0.7886944106958738,0.5957123637199402
46,1,17,0.744878054546103,-0.6452954269329876,0.7264161109924316
46,1,18,0.3704473747207892,-0.8683605127863661,0.6009706258773804
46,1,19,0.744878054546103,-0.6691952575601353,0.7258725762367249
46,1,20,0.3704473747207892,-0.9161601740406614,0.5996095538139343
46,1,21,0.6811451728737091,-0.693095088187283,0.7169927954673767
46,1,22,0.33858093388459226,-0.9081935638316122,0.592066764831543
46,1,23,0.12348245824026306,-0.00796661020904923,0.9967315196990968
46,1,24,-0.12348245824026306,0.00796661020904923,0.9952126741409302
46,1,25,0.43418025639318303,0.6134289860967908,0.7117257118225098
46,1,26,-0.011949915313573846,0.7408947494415784,0.6853921413421631
46,1,27,-0.027883135731672306,1.2587244130297783,0.7606379389762878
46,1,28,-0.1075492378221646,1.378223566165517,0.7271996140480042
46,1,29,-0.15534889907646,1.3702569559564675,0.7708197832107544
46,1,30,-0.2111151705398046,1.4658562784650584,0.6869111657142639
46,1,31,0.17128211949455843,1.5455223805555507,0.8151257038116455
46,1,32,0.1075492378221646,1.5853554316007967,0.7756505012512207
46,2,0,-0.039510571578721246,-1.2643382905190799,0.9987764358520508
46,2,1,0.0,-1.335457319360778,0.9985834956169128
46,2,2,0.015804228631488497,-1.335457319360778,0.9983281493186952
46,2,3,0.023706342947232745,-1.335457319360778,0.9986066222190856
46,2,4,-0.015804228631488497,-1.3512615479922665,0.9985652565956116
46,2,5,-0.007902114315744248,-1.3591636623080108,0.9983153343200684
46,2,6,-0.007902114315744248,-1.367065776623755,0.9985443949699402
46,2,7,-0.015804228631488497,-1.3512615479922665,0.9969191551208496
46,2,8,-0.11062960042041949,-1.3828700052552436,0.998104453086853
46,2,9,0.0,-1.2090234903088701,0.9981210827827454
46,2,10,-0.015804228631488497,-1.2248277189403585,0.9982619881629944
46,2,11,0.11062960042041949,-1.0114706324152638,0.9990999102592468
46,2,12,-0.16594440063062924,-0.9877642894680311,0.9991054534912108
46,2,13,0.21335708652509472,-0.5452458877863532,0.6232858896255493
46,2,14,-0.30028034399828146,-0.46622474462891067,0.5210639834403992
46,2,15,0.06321691452595399,-0.6558754882067727,0.7621164917945862
46,2,16,-0.2923782296825372,-0.7665050886271921,0.5613929629325867
46,2,17,0.41090994441870093,-0.6558754882067727,0.7518234252929688
46,2,18,-0.3239866869455142,-0.7586029743114479,0.5710757970809937
46,2,19,0.41090994441870093,-0.7032881741012381,0.7512217164039612
46,2,20,-0.43461628736593366,-0.6084628023123071,0.5705257654190063
46,2,21,0.26076977241956023,-0.7032881741012381,0.741877555847168
46,2,22,-0.3239866869455142,-0.9166452606263329,0.5641046166419983
46,2,23,0.15014017199914073,0.0,0.996828317642212
46,2,24,-0.15014017199914073,0.0,0.9951136708259584
46,2,25,0.16594440063062924,0.7190924027327267,0.7338663339614868
46,2,26,-0.17384651494637346,0.7507008599957036,0.6580873131752014
46,2,27,0.08692325747318673,1.5409122915701285,0.7788510322570801
46,2,28,0.04741268589446549,1.4776953770441745,0.7099043726921082
46,2,29,0.11062960042041949,1.6673461206220366,0.7831556797027588
46,2,30,0.11062960042041949,1.6120313204118266,0.6770300269126892
46,2,31,-0.007902114315744248,1.777975721042456,0.8271997570991516
46,2,32,-0.04741268589446549,1.7068566922007578,0.766329824924469
47,1,0,0.39626131654796054,-1.1761373118817127,0.9988108277320862
47,1,1,0.4299856839137444,-1.2520171384547265,0.998566210269928
47,1,2,0.4384167757551904,-1.2520171384547265,0.9982882142066956
47,1,3,0.44684786759663636,-1.2520171384547265,0.9985311031341552
47,1,4,0.38783022470651457,-1.2773104139790643,0.9985783100128174
47,1,5,0.37096804102362263,-1.2941725976619562,0.9983339905738832
47,1,6,0.3456747654992847,-1.3110347813448482,0.9985241293907166
47,1,7,0.37096804102362263,-1.2857415058205104,0.9969043135643004
47,1,8,0.23607057156048714,-1.344759148710632,0.9980660080909728
47,1,9,0.36253694918217666,-1.117119668991591,0.9980111122131348
47,1,10,0.32038148997494686,-1.1508440363573749,0.998274266719818
47,1,11,0.278226030767717,-0.9906532913699014,0.9990974068641664
47,1,12,-0.07587982657301373,-0.9990843832113474,0.9991405010223388
47,1,13,0.4299856839137444,-0.6281163421877247,0.6071174740791321
47,1,14,-0.059017642890121784,-0.41733904615157547,0.5677770972251892
47,1,15,0.6491940717913397,-0.6534096177120626,0.7710995078086853
47,1,16,0.2445016634019331,-0.8557558219067659,0.6048644185066223
47,1,17,0.7840915412544751,-0.5859608829804949,0.7582489848136902
47,1,18,0.29508821445060895,-0.9653600158455635,0.6131804585456848
47,1,19,0.800953724937367,-0.6196852503462787,0.7582213282585144
47,1,20,0.26979493892627104,-1.0075154750527933,0.6126292943954468
47,1,21,0.7503671738886912,-0.6196852503462787,0.7486053109169006
47,1,22,0.2529327552433791,-0.9990843832113474,0.606014609336853
47,1,23,0.12646637762168955,-0.021077729603614925,0.9966649413108826
47,1,24,-0.12646637762168955,0.021077729603614925,0.9947237372398376
47,1,25,0.44684786759663636,0.5943919748219408,0.7323602437973022
47,1,26,0.0,0.7798759953337522,0.6844483613967896
47,1,27,0.09274201025590566,1.2182927710889426,0.773051917552948
47,1,28,-0.15175965314602746,1.4122078834421998,0.7321673035621643
47,1,29,-0.00843109184144597,1.2857415058205104,0.7823068499565125
47,1,30,-0.23607057156048714,1.5133809855395515,0.6965230107307434
47,1,31,0.3035193062920549,1.4965188018566595,0.8250759840011597
47,1,32,0.059017642890121784,1.6229851794783492,0.7823415398597717
47,2,0,-0.045389102244452195,-1.2337583246446553,0.9986340403556824
47,2,1,-0.01237884606666878,-1.2997788370002221,0.9984126687049866
47,2,2,0.004126282022222927,-1.2997788370002221,0.9981315732002258
47,2,3,0.020631410111114634,-1.2997788370002221,0.9983920454978944
47,2,4,-0.028883974155560488,-1.3245365291335596,0.99825119972229
47,2,5,-0.028883974155560488,-1.3410416572224513,0.9979305267333984
47,2,6,-0.028883974155560488,-1.357546785311343,0.998170018196106
47,2,7,0.10315705055557317,-1.3327890931780055,0.9969351291656494
47,2,8,0.03713653820000634,-1.3823044774446807,0.9975611567497252
47,2,9,0.004126282022222927,-1.1759903763335342,0.9979285597801208
47,2,10,-0.020631410111114634,-1.2007480684668719,0.9976871013641356
47,2,11,0.19393525504447756,-0.9944339673557254,0.9991682171821594
47,2,12,-0.08665192246668146,-1.0026865314001712,0.9990394115447998
47,2,13,0.3094711516667195,-0.46626986851119073,0.645200788974762
47,2,14,-0.16092499886669415,-0.48277499660008244,0.5225472450256348
47,2,15,0.0618942303333439,-0.5570480730000952,0.7908021807670593
47,2,16,-0.3507339718889488,-0.5735532010889869,0.562058687210083
47,2,17,-0.05364166628889805,-0.5322903808667576,0.7765569686889648
47,2,18,-0.4167544842445156,-0.5735532010889869,0.5721471309661865
47,2,19,0.028883974155560488,-0.6065634572667703,0.7762333750724792
47,2,20,-0.42500704828896146,-0.623068585355662,0.5716802477836609
47,2,21,0.05364166628889805,-0.6065634572667703,0.7641845941543579
47,2,22,-0.40850192020006976,-0.623068585355662,0.5668938755989075
47,2,23,0.045389102244452195,0.020631410111114634,0.9964680671691896
47,2,24,-0.045389102244452195,-0.020631410111114634,0.9945920705795288
47,2,25,0.17743012695558585,0.7551096100667957,0.7324702739715576
47,2,26,-0.01237884606666878,0.7963724302890249,0.6331994533538818
47,2,27,0.07839935842223561,1.530850630244706,0.7624502182006836
47,2,28,-0.020631410111114634,1.530850630244706,0.6867443919181824
47,2,29,0.2764608954889361,1.6051237066447186,0.7856329083442688
47,2,30,-0.17743012695558585,1.6711442190002854,0.6746082901954651
47,2,31,0.16092499886669415,1.753669859444744,0.8141048550605774
47,2,32,-0.020631410111114634,1.76192242348919,0.7412188649177551
48,1,0,0.459081424035505,-1.1908844861119041,0.9987322688102722
48,1,1,0.4954443091076242,-1.2636102562561424,0.9985091090202332
48,1,2,0.4954443091076242,-1.2636102562561424,0.9982464909553528
48,1,3,0.4954443091076242,-1.2636102562561424,0.9984704852104188
48,1,4,0.4681721453035348,-1.2908824200602318,0.9983686804771424
48,1,5,0.4499907027674752,-1.3090638625962914,0.9980767369270324
48,1,6,0.4318092602314156,-1.3272453051323512,0.9982779622077942
48,1,7,0.40453709642732616,-1.3090638625962914,0.9970815181732178
48,1,8,0.31362988374702816,-1.3726989114725001,0.99773508310318
48,1,9,0.39544637515929637,-1.1272494372356954,0.998002588748932
48,1,10,0.368174211355207,-1.1545216010397847,0.9978466033935548
48,1,11,0.28635771994293874,-0.9999793394832782,0.9991969466209412
48,1,12,-0.09545257331431292,-0.9908886182152484,0.9991136193275452
48,1,13,0.3318113262830878,-0.5363525548137583,0.6170642971992493
48,1,14,-0.013636081902044702,-0.3727195719892219,0.5695363283157349
48,1,15,0.6954401770042798,-0.5727154398858775,0.792486310005188
48,1,16,0.2954484412109686,-0.7727113077825332,0.6055707931518555
48,1,17,0.8499824385607865,-0.5272618335457285,0.7751134634017944
48,1,18,0.34999276881914737,-0.872709241730861,0.6142374277114868
48,1,19,0.8863453236329057,-0.5454432760817881,0.7760979533195496
48,1,20,0.28635771994293874,-0.9454350118750994,0.6137553453445435
48,1,21,0.8318009960247269,-0.5727154398858775,0.7650270462036133
48,1,22,0.26817627740687916,-0.9090721268029802,0.6086173057556152
48,1,23,0.13181545838643213,-0.018181442536059605,0.996629536151886
48,1,24,-0.13181545838643213,0.018181442536059605,0.994704246520996
48,1,25,0.4499907027674752,0.6636226525661756,0.7325069308280945
48,1,26,-0.040908245706134105,0.8090741928546523,0.6634954214096069
48,1,27,0.3409020475511176,1.3908803540085597,0.766228437423706
48,1,28,-0.20454122853067055,1.5545133368330961,0.7101227045059204
48,1,29,0.28635771994293874,1.4817875666888578,0.7836555242538452
48,1,30,-0.32272060501505795,1.6817834345855134,0.6869738101959229
48,1,31,0.6590772919321607,1.654511270781424,0.8161235451698303
48,1,32,0.04999896697416391,1.790872089801871,0.7573825716972351
48,2,0,-0.03179086814284815,-1.2318961405353657,0.998656690120697
48,2,1,0.015895434071424075,-1.303425593856774,0.9984241127967834
48,2,2,0.023843151107136112,-1.303425593856774,0.9981665015220642
48,2,3,0.03973858517856019,-1.303425593856774,0.9984199404716492
48,2,4,0.0,-1.3193210279281982,0.9981632828712464
48,2,5,0.0,-1.3352164619996223,0.9978328943252563
48,2,6,0.0,-1.3511118960710464,0.998085916042328
48,2,7,0.11126803849996852,-1.3431641790353344,0.997107744216919
48,2,8,0.047686302214272225,-1.3749550471781824,0.9975422620773317
48,2,9,0.007947717035712037,-1.1921575553568056,0.9980698823928832
48,2,10,-0.007947717035712037,-1.2001052723925176,0.9976449012756348
48,2,11,0.1907452088570889,-0.9934646294640046,0.9992674589157104
48,2,12,-0.047686302214272225,-1.0014123464997167,0.99907249212265
48,2,13,0.2622746621784972,-0.5086538902855704,0.6541703939437866
48,2,14,-0.11921575553568056,-0.5245493243569944,0.530098557472229
48,2,15,0.2543269451427852,-0.5722356265712667,0.8115115165710449
48,2,16,-0.3417518325356176,-0.6437650798926751,0.5765432119369507
48,2,17,0.07152945332140834,-0.5166016073212825,0.7946155667304993
48,2,18,-0.42917671992845,-0.7709285524640677,0.5849341750144958
48,2,19,0.1510066236785287,-0.6040264947141148,0.7952700853347778
48,2,20,-0.4450721539998741,-0.9537260442854445,0.5851508378982544
48,2,21,0.20664064292851297,-0.6278696458212509,0.7831812500953674
48,2,22,-0.41328128585702595,-0.8901443079997482,0.58259117603302
48,2,23,0.07152945332140834,0.015895434071424075,0.9967222809791564
48,2,24,-0.07152945332140834,-0.015895434071424075,0.9946389198303224
48,2,25,0.1907452088570889,0.3973858517856019,0.7440780401229858
48,2,26,-0.007947717035712037,0.651712796928387,0.6305731534957886
48,2,27,0.23843151107136112,1.3908504812496065,0.7700168490409851
48,2,28,0.09537260442854445,1.3829027642138945,0.6709337830543518
48,2,29,0.3020132473570574,1.4862230856781509,0.7823072075843811
48,2,30,0.07947717035712037,1.510066236785287,0.6628926396369934
48,2,31,-0.015895434071424075,1.6133865582495435,0.8132270574569702
48,2,32,-0.05563401924998426,1.5736479730709834,0.7261812090873718
49,1,0,0.4959989558618094,-1.1813793312344916,0.9987415671348572
49,1,1,0.5320716071972138,-1.2625427967391514,0.9985127449035645
49,1,2,0.5320716071972138,-1.2625427967391514,0.9982741475105286
49,1,3,0.5320716071972138,-1.2625427967391514,0.998497188091278
49,1,4,0.5140352815295116,-1.2805791224068535,0.9982793927192688
49,1,5,0.4959989558618094,-1.2986154480745555,0.9979732632637024
49,1,6,0.4689444673602562,-1.3166517737422578,0.9981833100318908
49,1,7,0.43287181602485186,-1.3076336109084068,0.9972650408744812
49,1,8,0.35170835052019217,-1.3527244250776622,0.9976938366889954
49,1,9,0.43287181602485186,-1.127270354231385,0.9981417059898376
49,1,10,0.40581732752329863,-1.1543248427329382,0.9977975487709044
49,1,11,0.31563569918478784,-1.0010160745574699,0.9992846846580504
49,1,12,-0.06312713983695757,-0.9829797488897678,0.9991438984870912
49,1,13,0.33367202485249,-0.4959989558618094,0.6236861348152161
49,1,14,0.03607265133540432,-0.3877810018555965,0.5763717889785767
49,1,15,0.7214530267080864,-0.559126095698767,0.8078868389129639
49,1,16,0.3246538620186389,-0.8026164922127462,0.61864173412323
49,1,17,0.8837799577174059,-0.5050171186956606,0.787546694278717
49,1,18,0.3697446761878943,-0.9018162833851081,0.6258379220962524
49,1,19,0.9108344462189591,-0.5410897700310648,0.7894971370697021
49,1,20,0.31563569918478784,-0.9739615860559168,0.6259687542915344
49,1,21,0.8567254692158527,-0.559126095698767,0.778359055519104
49,1,22,0.29759937351708565,-0.9469070975543635,0.6228274703025818
49,1,23,0.16232693100931944,-0.01803632566770216,0.996920883655548
49,1,24,-0.16232693100931944,0.01803632566770216,0.994844913482666
49,1,25,0.559126095698767,0.5861805842003203,0.7598668336868286
49,1,26,-0.01803632566770216,0.775562003711193,0.6640493869781494
49,1,27,0.39679916468944754,1.3527244250776622,0.784604549407959
49,1,28,-0.14429060534161728,1.5421058445885347,0.6998693346977234
49,1,29,0.33367202485249,1.4699605419177262,0.7934150099754333
49,1,30,-0.2615267221816813,1.66836012426245,0.6828462481498718
49,1,31,0.6763622125388311,1.6413056357608966,0.8248298168182373
49,1,32,0.0901816283385108,1.7765780782686629,0.7483664155006409
49,2,0,0.062396308119669605,-1.2323270853634747,0.9986634254455566
49,2,1,0.12479261623933921,-1.2947233934831444,0.9984367489814758
49,2,2,0.14039169326925663,-1.2947233934831444,0.998207986354828
49,2,3,0.15599077029917402,-1.302522931998103,0.9984605312347412
49,2,4,0.10139400069446311,-1.3181220090280206,0.9980686902999878
49,2,5,0.10139400069446311,-1.325921547542979,0.9977237582206726
49,2,6,0.10139400069446311,-1.3415206245728966,0.997969686985016
49,2,7,0.22618661693380232,-1.3337210860579378,0.9973100423812866
49,2,8,0.14039169326925663,-1.3727187786327313,0.9974663853645324
49,2,9,0.10139400069446311,-1.1855298542737225,0.9982210397720336
49,2,10,0.0857949236645457,-1.20112893130364,0.9976395964622498
49,2,11,0.28078338653851326,-0.9905413913997551,0.999350607395172
49,2,12,-0.07019584663462831,-0.9983409299147137,0.9990856051445008
49,2,13,0.3431796946581828,-0.5069700034723156,0.6600592136383057
49,2,14,-0.062396308119669605,-0.5303686190171917,0.5326810479164124
49,2,15,0.2963824635684306,-0.5927649271368612,0.8255099058151245
49,2,16,-0.26518430950859584,-0.7253570818911592,0.5858836770057678
49,2,17,0.1715898473290914,-0.545967696047109,0.8059914112091064
49,2,18,-0.33538015614322414,-0.8423501596155397,0.5938122272491455
49,2,19,0.21838707841884364,-0.6317626197116548,0.8075548410415649
49,2,20,-0.3431796946581828,-0.9827418528847963,0.5949369668960571
49,2,21,0.24958523247867842,-0.6473616967415722,0.7953081727027893
49,2,22,-0.30418200208338936,-0.8969469292202507,0.5943012237548828
49,2,23,0.10919353920942182,0.07019584663462831,0.997011423110962
49,2,24,-0.10919353920942182,-0.07019584663462831,0.9947671890258788
49,2,25,0.40557600277785244,0.37437784871801766,0.7632933855056763
49,2,26,0.04679723108975221,0.6161635426817373,0.6292294859886169
49,2,27,0.32758061762826546,1.3181220090280206,0.7752222418785095
49,2,28,0.1481912317842153,1.302522931998103,0.655447781085968
49,2,29,0.35877877168810024,1.3961173941776075,0.7756357789039612
49,2,30,0.1481912317842153,1.411716471207525,0.6546839475631714
49,2,31,0.12479261623933921,1.5287095489319054,0.8102795481681824
49,2,32,0.05459676960471091,1.5131104719019879,0.7121633291244507
50,1,0,0.5497001454554272,-1.2120437633402452,0.998749852180481
50,1,1,0.5677231010441297,-1.2931470634894067,0.9985244870185852
50,1,2,0.5677231010441297,-1.2931470634894067,0.9983100295066832
50,1,3,0.5677231010441297,-1.2931470634894067,0.9985361099243164
50,1,4,0.5497001454554272,-1.3111700190781093,0.9981982707977296
50,1,5,0.5406886676610759,-1.3201814968724606,0.9978677034378052
50,1,6,0.5226657120723734,-1.338204452461163,0.998079240322113
50,1,7,0.4776083231006171,-1.3201814968724606,0.9973998069763184
50,1,8,0.39650502295145573,-1.3742503636385681,0.9976218342781068
50,1,9,0.48661980089496837,-1.1579748965741377,0.9982640147209167
50,1,10,0.46859684530626583,-1.1759978521628403,0.9978006482124328
50,1,11,0.3244132005966456,-0.9687338628927611,0.9993654489517212
50,1,12,0.0,-1.0047797740701663,0.999151349067688
50,1,13,0.31540172280229434,-0.491125539792144,0.6267493963241577
50,1,14,0.03604591117740506,-0.4100222396429826,0.5781656503677368
50,1,15,0.6668493567819936,-0.6623436178848181,0.8203469514846802
50,1,16,0.4956312786893196,-0.7434469180339794,0.6266222596168518
50,1,17,0.8290559570803164,-0.6353091845017642,0.7985005378723145
50,1,18,0.6308034456045887,-0.8245502181831409,0.6329600214958191
50,1,19,0.8651018682577215,-0.6803665734735206,0.8006837368011475
50,1,20,0.6037690122215348,-0.9056535183323022,0.6338116526603699
50,1,21,0.7839985681085602,-0.7074010068565744,0.7879825234413147
50,1,22,0.5587116232497785,-0.8876305627435997,0.6315765976905823
50,1,23,0.1261606891209177,-0.013517216691526899,0.9971559643745422
50,1,24,-0.1261606891209177,0.013517216691526899,0.9948714375495912
50,1,25,0.5406886676610759,0.6983895290622231,0.7520708441734314
50,1,26,0.01802295558870253,0.7704813514170332,0.6505760550498962
50,1,27,0.5226657120723734,1.5364569639368908,0.7691629528999329
50,1,28,-0.1622066002983228,1.5004110527594858,0.670328676700592
50,1,29,0.5226657120723734,1.680640608646511,0.765060305595398
50,1,30,-0.2613328560361867,1.6265717418804035,0.6569827795028687
50,1,31,0.9191707350238292,1.6986635642352137,0.806938111782074
50,1,32,0.10813773353221519,1.7166865198239163,0.7206328511238098
50,2,0,-0.08540693800267643,-1.2384006010388082,0.998537302017212
50,2,1,-0.06832555040214114,-1.315266845241217,0.998371958732605
50,2,2,-0.0597848566018735,-1.315266845241217,0.998159408569336
50,2,3,-0.051244162801605854,-1.315266845241217,0.9984241724014282
50,2,4,-0.0597848566018735,-1.3323482328417522,0.9979041218757628
50,2,5,-0.0597848566018735,-1.3408889266420199,0.9975095987319946
50,2,6,-0.051244162801605854,-1.3579703142425552,0.9977722764015198
50,2,7,0.008540693800267642,-1.3408889266420199,0.9974302053451538
50,2,8,-0.008540693800267642,-1.3921330894436257,0.9974262714385986
50,2,9,-0.051244162801605854,-1.1871564382372024,0.9982180595397948
50,2,10,-0.042703469001338215,-1.2042378258377378,0.9974599480628968
50,2,11,0.1793545698056205,-0.9821797870307789,0.9994207620620728
50,2,12,-0.10248832560321171,-1.0163425622318496,0.9990329146385192
50,2,13,0.239139426407494,-0.3843312210120439,0.6619299054145813
50,2,14,-0.119569713203747,-0.4355753838136498,0.5270606279373169
50,2,15,-0.008540693800267642,-0.5466044032171291,0.8340602517127991
50,2,16,-0.32454636441017043,-0.5636857908176645,0.5782902240753174
50,2,17,-0.13665110080428228,-0.4697381590147204,0.8113477230072021
50,2,18,-0.35016844581097334,-0.6832555040214114,0.5860657691955566
50,2,19,-0.12811040700401463,-0.5893078722184674,0.8125767111778259
50,2,20,-0.4441160776139174,-0.8711507676272996,0.5869883298873901
50,2,21,-0.09394763180294408,-0.6320113412198056,0.7967888116836548
50,2,22,-0.4355753838136498,-0.8113659110254261,0.5864763259887695
50,2,23,0.017081387600535285,-0.025622081400802927,0.9971092939376832
50,2,24,-0.017081387600535285,0.025622081400802927,0.99431174993515
50,2,25,-0.2220580388069587,0.8028252172251584,0.7320327162742615
50,2,26,-0.06832555040214114,0.7601217482238202,0.5967142581939697
50,2,27,-0.14519179460454992,1.4433772522452317,0.7501680850982666
50,2,28,0.06832555040214114,1.5885690468497815,0.6166630387306213
50,2,29,-0.06832555040214114,1.7166794538537962,0.7613860368728638
50,2,30,0.12811040700401463,1.7252201476540638,0.6260244250297546
50,2,31,-0.4355753838136498,1.7850050042559373,0.7746039032936096
50,2,32,-0.08540693800267643,1.5458655778484434,0.664426863193512
51,1,0,0.5077324549063116,-1.1920675028235141,0.9986618161201476
51,1,1,0.5165625845568561,-1.2715386696784152,0.9985107779502868
51,1,2,0.5165625845568561,-1.2715386696784152,0.9983177185058594
51,1,3,0.5077324549063116,-1.2715386696784152,0.9985573887825012
51,1,4,0.5077324549063116,-1.2803687993289596,0.9980884790420532
51,1,5,0.49890232525576705,-1.2891989289795043,0.99772846698761
51,1,6,0.4900721956052225,-1.3068591882805933,0.9979669451713562
51,1,7,0.41060102875032156,-1.2980290586300487,0.9976361989974976
51,1,8,0.37528051014814334,-1.3421797068827714,0.9976637363433838
51,1,9,0.4459215473524997,-1.139086724920247,0.9983698725700378
51,1,10,0.4370914177019552,-1.1479168545707914,0.9976996779441832
51,1,11,0.2428285653899751,-0.980144391210445,0.999460756778717
51,1,12,-0.013245194475816824,-1.0066347801620787,0.9991267919540404
51,1,13,0.18101765783616328,-0.4856571307799502,0.6094822287559509
51,1,14,-0.013245194475816824,-0.3708654453228711,0.573787271976471
51,1,15,0.4547516770030443,-0.5562981679843066,0.7814635038375854
51,1,16,0.46358180665358883,-0.6445994644897521,0.6194998621940613
51,1,17,0.5960337514117571,-0.529807779032673,0.7652783393859863
51,1,18,0.6136940107128462,-0.6622597237908412,0.6255316138267517
51,1,19,0.6048638810623016,-0.626939205188663,0.7676233053207397
51,1,20,0.6225241403633908,-0.7505610202962867,0.6261773109436035
51,1,21,0.5430529735084898,-0.6445994644897521,0.7531471848487854
51,1,22,0.5607132328095789,-0.7593911499468312,0.6239467859268188
51,1,23,0.10154649098126232,-0.0176602593010891,0.9973441958427428
51,1,24,-0.10154649098126232,0.0176602593010891,0.9947925806045532
51,1,25,0.26931895434160874,0.7505610202962867,0.7108467817306519
51,1,26,0.08388623168017321,0.7593911499468312,0.6309278607368469
51,1,27,0.39294076944923245,1.5452726888452961,0.7513267993927002
51,1,28,0.048565713077995024,1.5541028184958408,0.6474927067756653
51,1,29,0.23399843573943055,1.7130451522056427,0.763475775718689
51,1,30,-0.2428285653899751,1.6600643743023753,0.6508115530014038
51,1,31,0.8167869926753708,1.7307054115067317,0.780601978302002
51,1,32,0.08388623168017321,1.7130451522056427,0.6904821991920471
51,2,0,0.011278115791763643,-1.1917209019963582,0.9984930753707886
51,2,1,-0.0037593719305878807,-1.2593895967469402,0.9983895421028136
51,2,2,-0.011278115791763643,-1.2593895967469402,0.9982019066810608
51,2,3,-0.018796859652939403,-1.2593895967469402,0.9984725713729858
51,2,4,0.03383434737529093,-1.2669083406081159,0.997907280921936
51,2,5,0.04887183509764245,-1.2744270844692915,0.9975243210792542
51,2,6,0.0789468105423455,-1.2819458283304674,0.9977944493293762
51,2,7,-0.0037593719305878807,-1.2819458283304674,0.99765944480896
51,2,8,0.09398429826469702,-1.3120208037751704,0.9975122809410096
51,2,9,0.011278115791763643,-1.1466084388293036,0.9983296990394592
51,2,10,0.056390578958818216,-1.1466084388293036,0.99746173620224
51,2,11,0.018796859652939403,-0.9962335616057885,0.999511420726776
51,2,12,-0.026315603514115167,-1.0037523054669641,0.9989431500434875
51,2,13,0.07142806668116974,-0.5225526983517155,0.6470776200294495
51,2,14,0.08646555440352126,-0.42480902815643057,0.5178030133247375
51,2,15,0.0037593719305878807,-0.6127776246858246,0.800404965877533
51,2,16,-0.08646555440352126,-0.3345841018223214,0.5598343014717102
51,2,17,0.09398429826469702,-0.5751839053799458,0.7841219305992126
51,2,18,-0.16917173687645465,-0.3947340527117275,0.5664056539535522
51,2,19,0.0037593719305878807,-0.6353338562693519,0.7856947183609009
51,2,20,-0.19924671232115768,-0.5150339544905397,0.5670105218887329
51,2,21,-0.0037593719305878807,-0.665408831714055,0.7693109512329102
51,2,22,-0.14661550529292736,-0.36465907726702446,0.5655422210693359
51,2,23,-0.018796859652939403,-0.04135309123646669,0.997430384159088
51,2,24,0.018796859652939403,0.04135309123646669,0.9942050576210022
51,2,25,-0.14661550529292736,0.6729275755752306,0.7049394845962524
51,2,26,0.04135309123646669,0.7405962703258125,0.5761699676513672
51,2,27,-0.10902178598704855,1.5451018634716192,0.7383451461791992
51,2,28,0.06390932281999398,1.387208242386928,0.5931115746498108
51,2,29,-0.09398429826469702,1.6578830213892555,0.7505894303321838
51,2,30,0.12405927370940006,1.5676580950551464,0.6119131445884705
51,2,31,-0.43984651587878204,1.612770558222201,0.756798505783081
51,2,32,-0.10150304212587279,1.4097644739704553,0.6372488737106323
52,1,0,0.4781440060923641,-1.1743887868935259,0.9986153244972228
52,1,1,0.49492098876227164,-1.241496717573156,0.9985136985778807
52,1,2,0.49492098876227164,-1.241496717573156,0.9983420968055724
52,1,3,0.48653249742731786,-1.2498852089081096,0.998583436012268
52,1,4,0.48653249742731786,-1.2582737002430635,0.9980795979499816
52,1,5,0.4781440060923641,-1.2666621915780172,0.9977300763130188
52,1,6,0.4613670234224566,-1.275050682912971,0.997972011566162
52,1,7,0.39425909274282656,-1.275050682912971,0.9977867603302002
52,1,8,0.3607051274030115,-1.3169931395877397,0.9977344870567322
52,1,9,0.4194245667476878,-1.1240578388838034,0.9984610080718994
52,1,10,0.4194245667476878,-1.132446330218757,0.9976998567581176
52,1,11,0.2264892660437514,-0.964676503519682,0.9995214939117432
52,1,12,-0.008388491334953757,-1.0233959428643582,0.999045193195343
52,1,13,0.20132379203889014,-0.5116979714321791,0.5962350368499756
52,1,14,-0.016776982669907514,-0.39425909274282656,0.5652854442596436
52,1,15,0.4445900407525491,-0.5955828847817167,0.7639685869216919
52,1,16,0.41103607541273407,-0.6123598674516242,0.6029512882232666
52,1,17,0.5871943934467629,-0.5620289194419017,0.752647876739502
52,1,18,0.5536404281069479,-0.6123598674516242,0.6079242825508118
52,1,19,0.5871943934467629,-0.6291368501215318,0.7552732825279236
52,1,20,0.5536404281069479,-0.7046332721361155,0.608286440372467
52,1,21,0.5033094800972254,-0.6626908154613468,0.73960942029953
52,1,22,0.49492098876227164,-0.7046332721361155,0.6052213907241821
52,1,23,0.10905038735439883,-0.008388491334953757,0.997578263282776
52,1,24,-0.10905038735439883,0.008388491334953757,0.9945855736732484
52,1,25,0.37748211007291904,0.7046332721361155,0.6979725360870361
52,1,26,0.008388491334953757,0.7717412028157455,0.6103730797767639
52,1,27,0.4278130580826416,1.4931514576217686,0.7410737872123718
52,1,28,-0.18454680936898263,1.5015399489567225,0.6224222183227539
52,1,29,0.343928144733104,1.6609212843208438,0.7516559958457947
52,1,30,-0.29359719672338147,1.6273673189810287,0.6294946670532227
52,1,31,0.7885181854856531,1.6944752496606588,0.7633687257766724
52,1,32,0.05871943934467629,1.6693097756557975,0.6617519855499268
52,2,0,-0.004277646743846646,-1.2405175557155272,0.998689830303192
52,2,1,-0.012832940231539938,-1.317515197104767,0.9986008405685424
52,2,2,-0.012832940231539938,-1.317515197104767,0.9984440803527832
52,2,3,-0.012832940231539938,-1.3260704905924603,0.9986698627471924
52,2,4,0.012832940231539938,-1.3260704905924603,0.9981837272644044
52,2,5,0.02138823371923323,-1.3346257840801536,0.9978567957878112
52,2,6,0.029943527206926522,-1.3431810775678468,0.998085618019104
52,2,7,0.012832940231539938,-1.3346257840801536,0.9979608058929444
52,2,8,0.004277646743846646,-1.3688469580309268,0.9978644251823424
52,2,9,0.012832940231539938,-1.1891857947893676,0.9985740184783936
52,2,10,0.0470541141823131,-1.1891857947893676,0.9978270530700684
52,2,11,-0.06416470115769969,-0.9924140445724219,0.999567449092865
52,2,12,-0.09838587510847285,-1.0009693380601152,0.9990357160568236
52,2,13,-0.004277646743846646,-0.5218729027492908,0.63570237159729
52,2,14,-0.038498820694619816,-0.4192093808969713,0.5115141868591309
52,2,15,0.10694116859616615,-0.5903152506508371,0.7855419516563416
52,2,16,-0.21815998393617894,-0.47909643531082435,0.5472144484519958
52,2,17,0.19249410347309906,-0.5475387832123707,0.7739555835723877
52,2,18,-0.2523811578869521,-0.47054114182313106,0.5535382032394409
52,2,19,0.13260704905924603,-0.6416470115769969,0.7759668231010437
52,2,20,-0.28660233183772527,-0.6245364246016103,0.5539183616638184
52,2,21,0.08983058162077956,-0.6673128920400768,0.7593904137611389
52,2,22,-0.2523811578869521,-0.5133176092615975,0.5519481897354126
52,2,23,0.029943527206926522,-0.017110586975386585,0.9977396726608276
52,2,24,-0.029943527206926522,0.017110586975386585,0.9946368336677552
52,2,25,-0.029943527206926522,0.9239716966708755,0.7150106430053711
52,2,26,-0.07271999464539299,0.9068611096954889,0.5728812217712402
52,2,27,-0.18393880998540577,1.8907198607802176,0.7547808289527893
52,2,28,-0.012832940231539938,1.7196139910263517,0.5870088934898376
52,2,29,-0.1668282230100192,2.044715143558697,0.7599985003471375
52,2,30,-0.012832940231539938,1.9249410347309908,0.6089712977409363
52,2,31,-0.5603717234439106,2.0361598500710034,0.7711837887763977
52,2,32,-0.19249410347309906,1.7966116324155914,0.6309554576873779
53,1,0,0.5046785726029853,-1.1902003003887072,0.99879252910614
53,1,1,0.5130898821463684,-1.2574907767357717,0.9987085461616516
53,1,2,0.5046785726029853,-1.2659020862791548,0.9985597133636476
53,1,3,0.5046785726029853,-1.2659020862791548,0.9987621903419496
53,1,4,0.5046785726029853,-1.2743133958225379,0.9983378648757936
53,1,5,0.4962672630596022,-1.282724705365921,0.998038113117218
53,1,6,0.4794446439728361,-1.291136014909304,0.9982466697692872
53,1,7,0.41215416762577134,-1.291136014909304,0.99806147813797
53,1,8,0.3700976199088559,-1.3247812530828365,0.998062789440155
53,1,9,0.4457994057993037,-1.1397324431284086,0.9986907243728638
53,1,10,0.4373880962559206,-1.1481437526717917,0.9980347156524658
53,1,11,0.26075059584487575,-0.9630949427173637,0.999579131603241
53,1,12,-0.016822619086766178,-1.0219741095210453,0.999130129814148
53,1,13,0.26916190538825885,-0.5088842273746769,0.5919604897499084
53,1,14,-0.05046785726029854,-0.424771131940846,0.5600127577781677
53,1,15,0.4878559535162192,-0.5593520846349754,0.7580468058586121
53,1,16,0.378508929452239,-0.5593520846349754,0.5920946002006531
53,1,17,0.6224369062103486,-0.5088842273746769,0.7489991784095764
53,1,18,0.5130898821463684,-0.5088842273746769,0.5972592234611511
53,1,19,0.6224369062103486,-0.5845860132651247,0.7518489956855774
53,1,20,0.5383238107765177,-0.5929973228085078,0.5975081324577332
53,1,21,0.563557739406667,-0.6182312514386571,0.7355344295501709
53,1,22,0.4878559535162192,-0.609819941895274,0.594674289226532
53,1,23,0.12616964315074633,-0.0042056547716915445,0.997856855392456
53,1,24,-0.12616964315074633,0.0042056547716915445,0.995012104511261
53,1,25,0.4037428580823883,0.7612235136761696,0.7177621722221375
53,1,26,-0.09252440497721398,0.803280061393085,0.6095401644706726
53,1,27,0.42897678671253753,1.6023544680144786,0.7657114863395691
53,1,28,-0.18504880995442796,1.5350639916674138,0.6222405433654785
53,1,29,0.34486369127870664,1.753758039795374,0.76683109998703
53,1,30,-0.27757321493164194,1.6780562539049262,0.6323158144950867
53,1,31,0.757017858904478,1.7369354207086078,0.7814963459968567
53,1,32,0.02523392863014927,1.7201128016218417,0.6608197689056396
53,2,0,-0.04887218045112782,-1.1954887218045114,0.9988855719566344
53,2,1,-0.05639097744360902,-1.263157894736842,0.998808979988098
53,2,2,-0.05639097744360902,-1.263157894736842,0.9986734390258788
53,2,3,-0.05639097744360902,-1.263157894736842,0.9988619089126588
53,2,4,-0.03383458646616541,-1.263157894736842,0.9984683394432068
53,2,5,-0.02631578947368421,-1.2706766917293233,0.9981915950775146
53,2,6,-0.018796992481203006,-1.2857142857142858,0.998383641242981
53,2,7,-0.03383458646616541,-1.2857142857142858,0.9982303380966188
53,2,8,-0.0037593984962406013,-1.300751879699248,0.9982059597969056
53,2,9,-0.02631578947368421,-1.1428571428571428,0.99880051612854
53,2,10,-0.011278195488721804,-1.150375939849624,0.9981757998466492
53,2,11,0.07894736842105263,-0.9849624060150376,0.9996204972267152
53,2,12,-0.07894736842105263,-1.0150375939849625,0.9991517663002014
53,2,13,0.10150375939849623,-0.518796992481203,0.6323516368865967
53,2,14,0.18421052631578946,-0.3684210526315789,0.5081348419189453
53,2,15,0.07894736842105263,-0.6090225563909775,0.7811386585235596
53,2,16,0.10902255639097744,-0.007518796992481203,0.5393496155738831
53,2,17,0.08646616541353383,-0.5639097744360902,0.7721325755119324
53,2,18,0.03383458646616541,0.09774436090225563,0.5456340312957764
53,2,19,-0.03383458646616541,-0.6165413533834586,0.7744700908660889
53,2,20,-0.0037593984962406013,0.10526315789473684,0.5455506443977356
53,2,21,-0.018796992481203006,-0.6466165413533834,0.7579697370529175
53,2,22,-0.0037593984962406013,0.06766917293233082,0.5434598922729492
53,2,23,-0.03383458646616541,0.007518796992481203,0.998017430305481
53,2,24,0.03383458646616541,-0.007518796992481203,0.995099663734436
53,2,25,0.03383458646616541,0.7593984962406015,0.7307934761047363
53,2,26,0.07142857142857142,0.7518796992481203,0.5713988542556763
53,2,27,-0.08646616541353383,1.699248120300752,0.7735612988471985
53,2,28,0.03383458646616541,1.5714285714285714,0.5909810066223145
53,2,29,-0.06390977443609022,1.8120300751879699,0.7723264098167419
53,2,30,0.07894736842105263,1.7142857142857142,0.614926815032959
53,2,31,-0.36466165413533835,1.7218045112781954,0.7847325205802917
53,2,32,-0.018796992481203006,1.6842105263157894,0.634547233581543
54,1,0,0.4809889255059355,-1.1839727397069182,0.9989407062530518
54,1,1,0.4974329913351983,-1.2497490030239693,0.9988372921943665
54,1,2,0.4974329913351983,-1.2497490030239693,0.9987004399299622
54,1,3,0.4974329913351983,-1.2497490030239693,0.9988875985145568
54,1,4,0.4892109584205669,-1.2579710359386007,0.9985539317131042
54,1,5,0.47276689259130417,-1.2744151017678633,0.998297393321991
54,1,6,0.4563228267620414,-1.2826371346824947,0.9984825253486632
54,1,7,0.41521266218888453,-1.2826371346824947,0.998184323310852
54,1,8,0.36588046470109625,-1.3073032334263888,0.9983081817626952
54,1,9,0.43165672801814725,-1.13464054221913,0.9987830519676208
54,1,10,0.4069906292742531,-1.1428625751337613,0.9982975125312804
54,1,11,0.26721606972551976,-0.961977851011871,0.9995836019515992
54,1,12,0.004111016457315688,-1.0195320814142907,0.9992303252220154
54,1,13,0.2096618393231001,-0.48509994196325124,0.5809944272041321
54,1,14,-0.03699914811584119,-0.4111016457315688,0.556432843208313
54,1,15,0.3576584317864649,-0.4768779090486198,0.7392274737358093
54,1,16,0.39876859635962175,-0.5179880736217767,0.5844264030456543
54,1,17,0.46454485967667275,-0.4111016457315688,0.7341716885566711
54,1,18,0.5220990900790924,-0.46865587613398846,0.5893625617027283
54,1,19,0.4892109584205669,-0.4768779090486198,0.7377355694770813
54,1,20,0.5385431559083551,-0.5344321394510395,0.5891085863113403
54,1,21,0.47276689259130417,-0.567320271109565,0.7210416197776794
54,1,22,0.4974329913351983,-0.567320271109565,0.5854158997535706
54,1,23,0.09455337851826083,-0.008222032914631376,0.998019516468048
54,1,24,-0.09455337851826083,0.008222032914631376,0.9953789710998536
54,1,25,0.3083262342986766,0.7235388964875611,0.71175217628479
54,1,26,0.03699914811584119,0.7893151598046122,0.6065683364868164
54,1,27,0.316548267213308,1.463521858804385,0.7701402306556702
54,1,28,-0.1767737076645746,1.5457421879506987,0.6246209740638733
54,1,29,0.24254997098162562,1.6361845500116439,0.7691172361373901
54,1,30,-0.2836601355547825,1.6526286158409067,0.6390154957771301
54,1,31,0.6947617812863514,1.6444065829262753,0.7883579134941101
54,1,32,0.061665246859735325,1.7101828462433264,0.6623005867004395
54,2,0,-0.04071282656086829,-1.1843731363161685,0.9990174770355223
54,2,1,-0.04071282656086829,-1.250994125233953,0.998927116394043
54,2,2,-0.04071282656086829,-1.250994125233953,0.998800814151764
54,2,3,-0.04071282656086829,-1.250994125233953,0.9989750385284424
54,2,4,-0.025908162356916183,-1.258396457335929,0.9986645579338074
54,2,5,-0.018505830254940132,-1.265798789437905,0.9984261393547058
54,2,6,-0.011103498152964079,-1.2806034536418571,0.9985975623130798
54,2,7,-0.018505830254940132,-1.273201121539881,0.9983415603637696
54,2,8,0.0037011660509880264,-1.3028104499477853,0.9984347224235536
54,2,9,-0.018505830254940132,-1.1399591437043122,0.9988829493522644
54,2,10,-0.0037011660509880264,-1.1473614758062882,0.9984169602394104
54,2,11,0.07772448707074855,-0.984510169562815,0.9996243715286256
54,2,12,-0.0037011660509880264,-1.014119497970719,0.9992490410804749
54,2,13,0.0851268191727246,-0.5329679113422757,0.622086763381958
54,2,14,0.17395480439643723,-0.39232360140473077,0.5042787194252014
54,2,15,-0.05551749076482039,-0.5477725755462278,0.7630019783973694
54,2,16,0.06291982286679644,-0.09623031732568868,0.5302584171295166
54,2,17,-0.0999314833766767,-0.4885539187304195,0.7571580410003662
54,2,18,0.04811515866284434,-0.007402332101976053,0.5362303853034973
54,2,19,-0.13694314388655696,-0.555174907648204,0.7600196599960327
54,2,20,0.018505830254940132,-0.014804664203952106,0.5358415246009827
54,2,21,-0.11473614758062882,-0.6069912323620363,0.7424155473709106
54,2,22,0.018505830254940132,-0.044413992611856315,0.5330133438110352
54,2,23,-0.05551749076482039,0.007402332101976053,0.9981783032417296
54,2,24,0.05551749076482039,-0.007402332101976053,0.99550062417984
54,2,25,-0.011103498152964079,0.7476355422995813,0.7193558216094971
54,2,26,0.13694314388655696,0.7180262138916771,0.5611535906791687
54,2,27,-0.07772448707074855,1.5989037340268273,0.772435188293457
54,2,28,0.05551749076482039,1.4508570919873063,0.5808662176132202
54,2,29,-0.07772448707074855,1.717341047658444,0.772371768951416
54,2,30,0.11473614758062882,1.6285130624347315,0.6103423237800598
54,2,31,-0.3664154390478146,1.6507200587406596,0.7847979068756104
54,2,32,0.04071282656086829,1.5840990698228752,0.6226921081542969
55,1,0,0.5065117768537786,-1.1653888849562548,0.9989667534828186
55,1,1,0.5147477407050595,-1.2312765957665024,0.9987992644309998
55,1,2,0.5147477407050595,-1.2395125596177832,0.9986401796340942
55,1,3,0.5065117768537786,-1.2395125596177832,0.998782515525818
55,1,4,0.5065117768537786,-1.2477485234690642,0.9986193776130676
55,1,5,0.4900398491512166,-1.2559844873203452,0.998384952545166
55,1,6,0.4735679214486547,-1.2724564150229072,0.9985654950141908
55,1,7,0.4159161744896881,-1.2724564150229072,0.9977936148643494
55,1,8,0.3747363552332833,-1.305400270428031,0.9984833598136902
55,1,9,0.45709599374609283,-1.12420906569985,0.9988278150558472
55,1,10,0.44062406604353094,-1.1324450295511308,0.9985148906707764
55,1,11,0.3088486444230357,-0.959489788674231,0.9995708465576172
55,1,12,0.04529780118204524,-1.0089055717819166,0.9993208646774292
55,1,13,0.2429609336127881,-0.4982758130024976,0.5682766437530518
55,1,14,-0.028825873479483333,-0.44062406604353094,0.5532240271568298
55,1,15,0.40768021063840715,-0.44062406604353094,0.7068132758140564
55,1,16,0.3994442467871262,-0.44062406604353094,0.5764027833938599
55,1,17,0.4982758130024976,-0.3912082829358452,0.7057095766067505
55,1,18,0.5147477407050595,-0.40768021063840715,0.5810064077377319
55,1,19,0.5147477407050595,-0.45709599374609283,0.7090859413146973
55,1,20,0.5147477407050595,-0.4735679214486547,0.5805339813232422
55,1,21,0.4735679214486547,-0.5065117768537786,0.693503737449646
55,1,22,0.4735679214486547,-0.4982758130024976,0.5764476656913757
55,1,23,0.11118551199229285,0.004117981925640476,0.998089611530304
55,1,24,-0.11118551199229285,-0.004117981925640476,0.9956444501876832
55,1,25,0.33355653597687857,0.6959389454332404,0.7058150172233582
55,1,26,-0.004117981925640476,0.7947705116486119,0.5901029706001282
55,1,27,0.3582644275307214,1.5112993667100547,0.7684288620948792
55,1,28,-0.1523653312486976,1.5524791859664595,0.6076658368110657
55,1,29,0.3253205721255976,1.6760186437356737,0.7679211497306824
55,1,30,-0.2429609336127881,1.6595467160331119,0.6244741678237915
55,1,31,0.6959389454332404,1.7254344268433595,0.7841590642929077
55,1,32,0.08647762043844999,1.7336703906946405,0.6457816958427429
55,2,0,0.21932301777870408,-1.1866941854812025,0.9990389347076416
55,2,1,0.2428219125407081,-1.2493579048465464,0.998884379863739
55,2,2,0.2271559826993721,-1.2493579048465464,0.9987416863441468
55,2,3,0.2036570879373681,-1.2571908697672145,0.9988766312599182
55,2,4,0.21932301777870408,-1.2650238346878826,0.9987103939056396
55,2,5,0.21932301777870408,-1.2728567996085505,0.9984902143478394
55,2,6,0.19582412301670007,-1.2885227294498864,0.9986567497253418
55,2,7,0.07832964920668004,-1.2885227294498864,0.9979882836341858
55,2,8,0.046997789524008016,-1.3120216242118905,0.9985575675964355
55,2,9,0.10966150888935204,-1.1396963959571944,0.9989152550697328
55,2,10,0.10966150888935204,-1.1475293608778625,0.9985828399658204
55,2,11,0.09399557904801603,-0.9830370975438344,0.9996130466461182
55,2,12,0.007832964920668003,-1.0143689572265064,0.9992461800575256
55,2,13,0.17232522825469607,-0.5052262373830861,0.6110712289810181
55,2,14,0.06266371936534403,-0.46606141277974616,0.4995031356811523
55,2,15,-0.007832964920668003,-0.4895603075417502,0.7351276874542236
55,2,16,0.046997789524008016,-0.39556472849373414,0.5208659768104553
55,2,17,0.07049668428601202,-0.4347295530970742,0.7332772016525269
55,2,18,0.06266371936534403,-0.2780702546837141,0.5262646079063416
55,2,19,0.23498894762004008,-0.5052262373830861,0.736120879650116
55,2,20,0.07049668428601202,-0.31723507928705413,0.5259256362915039
55,2,21,0.15665929841336007,-0.5443910619864262,0.720574676990509
55,2,22,0.03916482460334002,-0.38773176357306616,0.5227267742156982
55,2,23,0.0,-0.011749447381002004,0.9981882572174072
55,2,24,0.0,0.011749447381002004,0.995585560798645
55,2,25,0.03916482460334002,0.8107118692891383,0.7225034832954407
55,2,26,0.03916482460334002,0.8263777991304743,0.5639238357543945
55,2,27,-0.046997789524008016,1.8211643440553107,0.7808639407157898
55,2,28,-0.03133185968267201,1.7506676597692987,0.5870726108551025
55,2,29,-0.007832964920668003,1.9543247477066668,0.7781020402908325
55,2,30,0.0,1.9151599231033267,0.6140391826629639
55,2,31,-0.2976526669853841,1.8446632388173148,0.7921403050422668
55,2,32,-0.09399557904801603,1.8524962037379826,0.6279103755950928
56,1,0,0.47249039276083254,-1.197518754066248,0.999112069606781
56,1,1,0.48063677884291583,-1.2626898427229145,0.9989621639251708
56,1,2,0.48063677884291583,-1.2626898427229145,0.9988196492195128
56,1,3,0.47249039276083254,-1.270836228804998,0.9989394545555116
56,1,4,0.4561976205966659,-1.270836228804998,0.9988150596618652
56,1,5,0.4399048484324993,-1.2871290009691645,0.9986134767532348
56,1,6,0.42361207626833264,-1.295275387051248,0.9987713098526
56,1,7,0.382880145857916,-1.295275387051248,0.9980979561805724
56,1,8,0.30141628503708284,-1.327860931379581,0.9986907243728638
56,1,9,0.4154656901862493,-1.148640437573748,0.9989984035491944
56,1,10,0.39917291802208266,-1.1567868236558314,0.9987181425094604
56,1,11,0.2606843546266662,-0.9775663298499984,0.9995924830436708
56,1,12,0.02443915824624996,-1.0020054880962483,0.9993188977241516
56,1,13,0.21995242421624964,-0.4969295510070825,0.5572478175163269
56,1,14,-0.19551326596999968,-0.4561976205966659,0.5488364696502686
56,1,15,0.3421482154474994,-0.35029460152958275,0.6725842952728271
56,1,16,0.2851235128729162,-0.4399048484324993,0.566998302936554
56,1,17,0.37473375977583273,-0.2851235128729162,0.6729156970977783
56,1,18,0.39102653193999937,-0.3665873736937494,0.5699784159660339
56,1,19,0.407319304104166,-0.32585544328333277,0.6756515502929688
56,1,20,0.407319304104166,-0.43175846235041593,0.5693649053573608
56,1,21,0.382880145857916,-0.35844098761166604,0.6623758673667908
56,1,22,0.3665873736937494,-0.4643440066787492,0.5642484426498413
56,1,23,0.1303421773133331,0.00814638608208332,0.9980618953704834
56,1,24,-0.1303421773133331,-0.00814638608208332,0.995758295059204
56,1,25,0.35029460152958275,0.7413211334695821,0.6998950839042664
56,1,26,-0.07331747473874987,0.7413211334695821,0.5735512971878052
56,1,27,0.2606843546266662,1.498935039103331,0.758051335811615
56,1,28,-0.1710741077237497,1.531520583431664,0.5933822989463806
56,1,29,0.22809881029833295,1.6374236024987472,0.7550459504127502
56,1,30,-0.19551326596999968,1.580398899924164,0.6088433861732483
56,1,31,0.5783934118279157,1.7107410772374971,0.7733065485954285
56,1,32,-0.01629277216416664,1.7107410772374971,0.6335306763648987
56,2,0,-0.03886052503011539,-1.2152746009417903,0.99917334318161
56,2,1,-0.010598325008213288,-1.2717990009855946,0.999034583568573
56,2,2,-0.003532775002737763,-1.2717990009855946,0.9989056587219238
56,2,3,0.003532775002737763,-1.27886455099107,0.9990206360816956
56,2,4,-0.02472942501916434,-1.27886455099107,0.9988890290260316
56,2,5,-0.02472942501916434,-1.2859301009965456,0.9986976385116576
56,2,6,-0.02472942501916434,-1.292995651002021,0.998840868473053
56,2,7,0.02472942501916434,-1.292995651002021,0.9982670545578004
56,2,8,-0.03179497502463986,-1.3071267510129723,0.99875670671463
56,2,9,-0.02472942501916434,-1.1658157509034617,0.99908047914505
56,2,10,-0.03179497502463986,-1.1658157509034617,0.9987863898277284
56,2,11,0.07418827505749302,-0.9962425507720492,0.9996327757835388
56,2,12,-0.03179497502463986,-1.0033081007775246,0.999225914478302
56,2,13,0.2013681751560525,-0.565244000438042,0.6014260053634644
56,2,14,-0.10245047507939511,-0.5581784504325665,0.4955931603908539
56,2,15,-0.010598325008213288,-0.5087196003942378,0.7051502466201782
56,2,16,0.003532775002737763,-0.4309985503340071,0.513399064540863
56,2,17,-0.11658157509034617,-0.45219520035043365,0.7051829099655151
56,2,18,0.03886052503011539,-0.3815397002956784,0.5177966952323914
56,2,19,-0.14484377511224827,-0.5087196003942378,0.707585871219635
56,2,20,0.02472942501916434,-0.42393300032853154,0.5173618793487549
56,2,21,-0.10245047507939511,-0.53698180041614,0.6951726078987122
56,2,22,-0.003532775002737763,-0.42393300032853154,0.513427197933197
56,2,23,0.03886052503011539,0.007065550005475526,0.9981155395507812
56,2,24,-0.03886052503011539,-0.007065550005475526,0.9953951835632324
56,2,25,0.10245047507939511,0.7206861005585036,0.7225618958473206
56,2,26,-0.11658157509034617,0.7065550005475526,0.5490900874137878
56,2,27,-0.010598325008213288,1.4131100010951052,0.7714199423789978
56,2,28,-0.010598325008213288,1.4555033011279583,0.5763713717460632
56,2,29,0.010598325008213288,1.5756176512210422,0.7693290114402771
56,2,30,-0.03179497502463986,1.5968143012374687,0.6065664291381836
56,2,31,-0.11658157509034617,1.6038798512429444,0.7827154397964478
56,2,32,-0.07418827505749302,1.561486551210091,0.6222221851348877
57,1,0,0.3892756027922837,-1.2169586805739354,0.9992355108261108
57,1,1,0.3892756027922837,-1.2849874266929753,0.9990996718406676
57,1,2,0.3892756027922837,-1.2849874266929753,0.9989697337150574
57,1,3,0.3892756027922837,-1.2849874266929753,0.9990776181221008
57,1,4,0.37415810365471924,-1.2925461762617574,0.9989742040634156
57,1,5,0.35904060451715486,-1.3001049258305397,0.9987947940826416
57,1,6,0.3363643558108082,-1.3076636753993218,0.9989311695098876
57,1,7,0.3061293575356794,-1.3076636753993218,0.9983417987823486
57,1,8,0.23810061141663952,-1.3227811745368863,0.9988656044006348
57,1,9,0.35148185494837264,-1.171606183161242,0.999150276184082
57,1,10,0.32880560624202604,-1.171606183161242,0.9989013075828552
57,1,11,0.2078656131415107,-0.982637443941687,0.999639332294464
57,1,12,0.011338124353173312,-1.0053136926480335,0.9993006587028505
57,1,13,0.16251311572881746,-0.5366712193835367,0.5560320019721985
57,1,14,-0.2607768601229862,-0.5139949706771901,0.5449711084365845
57,1,15,0.291011858398115,-0.3930549775766748,0.672480046749115
57,1,16,0.18518936443516407,-0.4232899758518036,0.5600768327713013
57,1,17,0.32880560624202604,-0.2947912331825061,0.6753705143928528
57,1,18,0.2834531088293328,-0.3401437305951993,0.5625289082527161
57,1,19,0.32880560624202604,-0.3401437305951993,0.6785534024238586
57,1,20,0.3061293575356794,-0.3930549775766748,0.561826229095459
57,1,21,0.2985706079668972,-0.400613727145457,0.6666890978813171
57,1,22,0.26833560969176834,-0.43840747498936805,0.555812418460846
57,1,23,0.09448436960977759,0.007558749568782207,0.9980627298355104
57,1,24,-0.09448436960977759,-0.007558749568782207,0.9956054091453552
57,1,25,0.2607768601229862,0.6651699620528343,0.6934407949447632
57,1,26,-0.1020431191785598,0.7105224594655275,0.5727604031562805
57,1,27,0.13983686702247083,1.3152224249681042,0.7507929801940918
57,1,28,-0.2003068635727285,1.3756924215183617,0.5965474247932434
57,1,29,0.1020431191785598,1.4437211676374015,0.7550926208496094
57,1,30,-0.27589435926055056,1.4134861693622727,0.6104488372802734
57,1,31,0.4195106010674125,1.5268674128940058,0.7708241939544678
57,1,32,-0.026455623490737726,1.5722199103066992,0.6384919285774231
57,2,0,-0.12639055875921726,-1.2267318938394616,0.9992460012435912
57,2,1,-0.09665160375704848,-1.2936445425943413,0.9991148710250854
57,2,2,-0.08921686500650629,-1.2936445425943413,0.9989917874336244
57,2,3,-0.07434738750542191,-1.3010792813448835,0.9991077184677124
57,2,4,-0.11152108125813287,-1.3010792813448835,0.9989584684371948
57,2,5,-0.11152108125813287,-1.3085140200954257,0.9987618327140808
57,2,6,-0.11152108125813287,-1.3159487588459677,0.9988955855369568
57,2,7,-0.022304216251626572,-1.3085140200954257,0.9984513521194458
57,2,8,-0.06691264875487972,-1.32338349759651,0.9987844228744508
57,2,9,-0.10408634250759068,-1.1746887225856661,0.9991771578788756
57,2,10,-0.11895582000867505,-1.1821234613362084,0.9988332986831664
57,2,11,0.05204317125379534,-0.9962549925726536,0.9996747970581056
57,2,12,-0.03717369375271096,-1.0036897313231958,0.9991491436958312
57,2,13,0.10408634250759068,-0.54273592878958,0.600312352180481
57,2,14,-0.27508533377006106,-0.505562235036869,0.4923075437545776
57,2,15,-0.08178212625596411,-0.45351906378307366,0.7049048542976379
57,2,16,-0.029738955002168763,-0.37917167627765175,0.5058144330978394
57,2,17,-0.18586846876355478,-0.37917167627765175,0.7070205807685852
57,2,18,-0.029738955002168763,-0.3196937662733142,0.508989691734314
57,2,19,-0.22304216251626574,-0.43864958628198925,0.7098074555397034
57,2,20,-0.059477910004337525,-0.36430219877656733,0.5084066987037659
57,2,21,-0.20073794626463914,-0.4758232800347002,0.6984955668449402
57,2,22,-0.059477910004337525,-0.37917167627765175,0.5034254789352417
57,2,23,0.03717369375271096,0.0,0.9981367588043212
57,2,24,-0.03717369375271096,0.0,0.9953557252883912
57,2,25,0.10408634250759068,0.7880823075574722,0.7131717205047607
57,2,26,-0.022304216251626572,0.7657780913058456,0.5309382081031799
57,2,27,0.044608432503253144,1.3679919300997632,0.7534221410751343
57,2,28,-0.007434738750542191,1.5092519663600648,0.5595616102218628
57,2,29,0.16356425251192822,1.5389909213622335,0.7660980224609375
57,2,30,0.044608432503253144,1.5687298763644022,0.5916191935539246
57,2,31,-0.11895582000867505,1.784337300130126,0.7740908265113831
57,2,32,-0.19330320751409696,1.680250957622535,0.6099184155464172
58,1,0,0.3625973411010727,-1.242651304398468,0.9993019104003906
58,1,1,0.3625973411010727,-1.3106383058549191,0.9991716146469116
58,1,2,0.3625973411010727,-1.3106383058549191,0.9990472793579102
58,1,3,0.3625973411010727,-1.3106383058549191,0.9991540312767028
58,1,4,0.3474891185551947,-1.318192417127858,0.9990375638008118
58,1,5,0.33238089600931664,-1.3257465284007972,0.9988543391227722
58,1,6,0.3097185621904996,-1.3333006396737361,0.9989813566207886
58,1,7,0.27950211709874356,-1.3257465284007972,0.9984782934188844
58,1,8,0.2039610043693534,-1.340854750946675,0.9988908767700196
58,1,9,0.32482678473637766,-1.1897725254878948,0.9992296695709229
58,1,10,0.2946103396446216,-1.197326636760834,0.9989426136016846
58,1,11,0.1586363367317193,-0.9782574098456024,0.9996654391288756
58,1,12,-0.007554111272939015,-1.0160279662102976,0.9992321133613586
58,1,13,0.10575755782114621,-0.5401189560151396,0.554844081401825
58,1,14,-0.3172726734634386,-0.5325648447422006,0.5424861311912537
58,1,15,0.26439389455286555,-0.3739285080104812,0.6827912330627441
58,1,16,0.1510822254587803,-0.39659084182929827,0.5539716482162476
58,1,17,0.3097185621904996,-0.2832791727352131,0.6879606246948242
58,1,18,0.2568397832799265,-0.30594150655403013,0.5556094646453857
58,1,19,0.33238089600931664,-0.35126617419166417,0.6920595169067383
58,1,20,0.2946103396446216,-0.3739285080104812,0.554883599281311
58,1,21,0.3097185621904996,-0.38148261928342025,0.679785966873169
58,1,22,0.27194800582580453,-0.4041449531022373,0.5485407710075378
58,1,23,0.09820344654820719,0.0037770556364695074,0.998089611530304
58,1,24,-0.09820344654820719,-0.0037770556364695074,0.9956218004226683
58,1,25,0.21906922691523142,0.6760929589280419,0.6955429315567017
58,1,26,-0.14352811418584127,0.6685388476551029,0.5679900646209717
58,1,27,0.14352811418584127,1.30308419458198,0.7456017136573792
58,1,28,-0.26439389455286555,1.3710711960384312,0.5907982587814331
58,1,29,0.06043289018351212,1.4163958636760654,0.7613829970359802
58,1,30,-0.3474891185551947,1.4617205313136994,0.6048758625984192
58,1,31,0.37015145237401176,1.5070451989513334,0.7737791538238525
58,1,32,-0.09064933527526818,1.5297075327701506,0.635628342628479
58,2,0,-0.12829823292542492,-1.2641149420593336,0.9993162155151368
58,2,1,-0.08301650365762787,-1.3320375359610293,0.9991931915283204
58,2,2,-0.06792259390169554,-1.3320375359610293,0.9990801215171814
58,2,3,-0.06037563902372937,-1.3320375359610293,0.9991885423660278
58,2,4,-0.10565736829152639,-1.3395844908389953,0.9990288019180298
58,2,5,-0.10565736829152639,-1.3395844908389953,0.9988447427749634
58,2,6,-0.10565736829152639,-1.3471314457169614,0.9989595413208008
58,2,7,0.0,-1.3395844908389953,0.998587727546692
58,2,8,-0.06037563902372937,-1.3546784005949277,0.9988592863082886
58,2,9,-0.09811041341356022,-1.2037393030356043,0.9992664456367492
58,2,10,-0.12075127804745873,-1.2112862579135704,0.998910665512085
58,2,11,0.06037563902372937,-0.9924245664525515,0.9996984601020812
58,2,12,-0.04528172926779703,-1.007518476208484,0.9991517663002014
58,2,13,0.21131473658305278,-0.5471542286525474,0.5992729663848877
58,2,14,-0.16603300731525575,-0.5320603188966151,0.4906099140644073
58,2,15,-0.06792259390169554,-0.43394990548305484,0.7142930626869202
58,2,16,-0.16603300731525575,-0.38112122133729165,0.5019124150276184
58,2,17,-0.1811269170711881,-0.3509334018254269,0.7185680270195007
58,2,18,-0.19622082682712044,-0.3056516725576299,0.5051945447921753
58,2,19,-0.21886169146101894,-0.4037620859711901,0.7221989035606384
58,2,20,-0.19622082682712044,-0.3584803567033931,0.504625678062439
58,2,21,-0.1811269170711881,-0.441496860361021,0.7107093930244446
58,2,22,-0.21886169146101894,-0.38112122133729165,0.4995668232440948
58,2,23,0.037734774389830854,0.0037734774389830855,0.9981902837753296
58,2,24,-0.037734774389830854,-0.0037734774389830855,0.9955385327339172
58,2,25,0.08301650365762787,0.8263915591372957,0.7147365808486938
58,2,26,-0.06792259390169554,0.66035855182204,0.5232842564582825
58,2,27,0.09811041341356022,1.3999601298627247,0.7462466955184937
58,2,28,-0.12829823292542492,1.4376949042525555,0.5501866936683655
58,2,29,0.19622082682712044,1.5810870469339129,0.7726945877075195
58,2,30,-0.27169037560678216,1.550899227422048,0.5846624374389648
58,2,31,-0.06792259390169554,1.7622139640051009,0.7744495272636414
58,2,32,-0.14339214268135725,1.6490096408356083,0.6047350168228149
59,1,0,0.3504920861693513,-1.2686289640694999,0.999366044998169
59,1,1,0.3581114793469459,-1.3372035026678513,0.9992457032203674
59,1,2,0.3581114793469459,-1.3372035026678513,0.9991328120231628
59,1,3,0.3581114793469459,-1.3372035026678513,0.9992311596870422
59,1,4,0.33525329981416213,-1.3448228958454458,0.9991031885147096
59,1,5,0.3200145134589729,-1.3524422890230403,0.998932123184204
59,1,6,0.2971563339261892,-1.3524422890230403,0.999040424823761
59,1,7,0.2666787612158108,-1.3448228958454458,0.99860680103302
59,1,8,0.19810422261745944,-1.3676810753782296,0.998960018157959
59,1,9,0.31239512028137834,-1.207673818648743,0.999315083026886
59,1,10,0.28953694074859454,-1.2152932118263378,0.9990130066871644
59,1,11,0.16000725672948646,-0.9790920233209053,0.9996957182884216
59,1,12,-0.03809696588797297,-1.0171889892088783,0.9992344975471495
59,1,13,0.09905211130872972,-0.5447866121980135,0.5533778667449951
59,1,14,-0.32763390663656755,-0.5447866121980135,0.5409911870956421
59,1,15,0.2514399748606216,-0.3771599622909324,0.6859311461448669
59,1,16,0.10667150448632431,-0.40001814182371614,0.5504271984100342
59,1,17,0.2971563339261892,-0.2857272441597973,0.6938967108726501
59,1,18,0.2209624021502432,-0.308585423692581,0.5521376729011536
59,1,19,0.3200145134589729,-0.3543017827581486,0.6992580890655518
59,1,20,0.2666787612158108,-0.36954056911333777,0.5514156222343445
59,1,21,0.2971563339261892,-0.384779355468527,0.6872723698616028
59,1,22,0.2362011885054324,-0.40001814182371614,0.5447596907615662
59,1,23,0.09905211130872972,0.003809696588797297,0.9982091784477234
59,1,24,-0.09905211130872972,-0.003809696588797297,0.995823860168457
59,1,25,0.20572361579505402,0.6895550825723107,0.6985509395599365
59,1,26,-0.1371490771967027,0.6590775098619324,0.5615789294242859
59,1,27,0.14476847037429727,1.3067259299574727,0.742563784122467
59,1,28,-0.28953694074859454,1.3524422890230403,0.5855683088302612
59,1,29,0.06095514542075675,1.4057780412662026,0.7716069221496582
59,1,30,-0.38096965887972967,1.4591137935093648,0.6035997867584229
59,1,31,0.3581114793469459,1.5200689389301214,0.777153730392456
59,1,32,-0.10667150448632431,1.5353077252853107,0.6342823505401611
59,2,0,-0.09988428893754583,-1.2762992475353079,0.9993671178817748
59,2,1,-0.05549127163196991,-1.3428887734936719,0.9992530941963196
59,2,2,-0.04069359919677794,-1.3428887734936719,0.999150574207306
59,2,3,-0.025895926761585957,-1.3428887734936719,0.9992526769638062
59,2,4,-0.07768778028475788,-1.350287609711268,0.999081015586853
59,2,5,-0.07768778028475788,-1.3576864459288638,0.9989063143730164
59,2,6,-0.0702889440671619,-1.3576864459288638,0.9990028142929076
59,2,7,0.04809243541437392,-1.3428887734936719,0.9987018704414368
59,2,8,-0.003699418108797994,-1.3576864459288638,0.9989049434661864
59,2,9,-0.0702889440671619,-1.21710855779454,0.9993411302566528
59,2,10,-0.09248545271994985,-1.224507394012136,0.9989640712738036
59,2,11,0.11468196137273781,-0.9877446350490644,0.9997254610061646
59,2,12,-0.018497090543989972,-1.0099411437018524,0.9991452693939208
59,2,13,0.26265868572465756,-0.5586121344284971,0.5979304313659668
59,2,14,-0.21826566841908165,-0.5512132982109011,0.4896237552165985
59,2,15,-0.025895926761585957,-0.4402307549469613,0.7170525789260864
59,2,16,-0.1220807975903338,-0.4032365738589814,0.4988617599010467
59,2,17,-0.13687847002552578,-0.3662423927710014,0.723755419254303
59,2,18,-0.13687847002552578,-0.3292482116830215,0.5020105838775635
59,2,19,-0.17387265111350572,-0.4254330825117693,0.728507399559021
59,2,20,-0.1294796338079298,-0.3810400652061934,0.5014592409133911
59,2,21,-0.13687847002552578,-0.45502842738215327,0.717166006565094
59,2,22,-0.15167614246071776,-0.4032365738589814,0.4962484538555145
59,2,23,0.0702889440671619,0.003699418108797994,0.998278021812439
59,2,24,-0.0702889440671619,-0.003699418108797994,0.9957027435302734
59,2,25,0.14427730624312177,0.7953748933915687,0.7147959470748901
59,2,26,-0.10728312515514182,0.6769935139100329,0.5182578563690186
59,2,27,0.15167614246071776,1.4982643340631876,0.7419174313545227
59,2,28,-0.14427730624312177,1.350287609711268,0.5464684963226318
59,2,29,0.1812714873311017,1.5352585151511675,0.7794667482376099
59,2,30,-0.11468196137273781,1.4686689891928038,0.5829533338546753
59,2,31,0.05549127163196991,1.6536398946327033,0.775700569152832
59,2,32,-0.10728312515514182,1.4760678254103996,0.6036890149116516
60,1,0,0.33744926392039254,-1.2830488496313825,0.9994196891784668
60,1,1,0.33744926392039254,-1.3497970556815702,0.9993099570274352
60,1,2,0.33744926392039254,-1.3497970556815702,0.9992088079452516
60,1,3,0.33744926392039254,-1.3497970556815702,0.9993003010749816
60,1,4,0.31519986190366334,-1.3497970556815702,0.9991600513458252
60,1,5,0.3003669272258439,-1.3572135230204798,0.9989997148513794
60,1,6,0.2781175252091147,-1.3646299903593895,0.99908846616745
60,1,7,0.26328459053129527,-1.3423805883426603,0.998750865459442
60,1,8,0.18170344980328829,-1.3646299903593895,0.9990053176879884
60,1,9,0.3077833945647536,-1.216300643581195,0.9993887543678284
60,1,10,0.2855339925480244,-1.2237171109201048,0.99906325340271
60,1,11,0.16687051512546883,-0.971557221397174,0.9997230172157288
60,1,12,-0.02595763568618404,-1.0234724927695422,0.9992281794548036
60,1,13,0.11495524375310075,-0.5636515177571392,0.5630441308021545
60,1,14,-0.3596986659371217,-0.5784844524349586,0.5402552485466003
60,1,15,0.2781175252091147,-0.42273863831785435,0.7170459032058716
60,1,16,0.048207037702913215,-0.39307276896221544,0.5480093359947205
60,1,17,0.33003279658148277,-0.36340689960657657,0.7223399877548218
60,1,18,0.15203758044764937,-0.3114916282342085,0.5496158599853516
60,1,19,0.34486573125930226,-0.4079057036400349,0.7280830144882202
60,1,20,0.21878578649783692,-0.3708233669454863,0.5489039421081543
60,1,21,0.3077833945647536,-0.43015510565676407,0.714347243309021
60,1,22,0.18170344980328829,-0.39307276896221544,0.5425300598144531
60,1,23,0.09270584173637157,0.0,0.9983237981796264
60,1,24,-0.09270584173637157,0.0,0.995999038219452
60,1,25,0.26328459053129527,0.622983256468417,0.7165704369544983
60,1,26,-0.16687051512546883,0.622983256468417,0.5618982911109924
60,1,27,0.13720464576982994,1.2311335782590145,0.7480589151382446
60,1,28,-0.2855339925480244,1.2830488496313825,0.585908055305481
60,1,29,0.055623505041822945,1.3349641210037506,0.7808683514595032
60,1,30,-0.3745316006149412,1.379462925037209,0.6051409244537354
60,1,31,0.35228219859821197,1.4387946637484867,0.7843729853630066
60,1,32,-0.11495524375310075,1.4462111310873964,0.636511504650116
60,2,0,-0.1552093737809073,-1.3102558763364966,0.9994367361068726
60,2,1,-0.11189512993507271,-1.3752272421052485,0.999327838420868
60,2,2,-0.09023800801215541,-1.3752272421052485,0.9992413520812988
60,2,3,-0.07579992673021055,-1.3752272421052485,0.9993340373039246
60,2,4,-0.13355225185799,-1.382446282746221,0.99916672706604
60,2,5,-0.13355225185799,-1.382446282746221,0.999009907245636
60,2,6,-0.13355225185799,-1.382446282746221,0.9990869760513306
60,2,7,0.01082856096145865,-1.3535701201823311,0.9988508224487304
60,2,8,-0.06136184544826568,-1.368008201464276,0.998964250087738
60,2,9,-0.12633321121701757,-1.2380654699267721,0.9994227290153505
60,2,10,-0.1552093737809073,-1.2380654699267721,0.9990394115447998
60,2,11,0.11189512993507271,-0.9853990474927371,0.9997502565383912
60,2,12,-0.07579992673021055,-1.0142752100566268,0.9991347193717957
60,2,13,0.25627594275452137,-0.5739137309573084,0.6066613793373108
60,2,14,-0.1768664957038246,-0.5522566090343911,0.4899710714817047
60,2,15,-0.11189512993507271,-0.4656281213427219,0.7451395988464355
60,2,16,-0.2201807395496592,-0.3573425117281354,0.5005369186401367
60,2,17,-0.22739978019063165,-0.38621867429202517,0.7495092153549194
60,2,18,-0.2418378614725765,-0.2851521053184111,0.5046402215957642
60,2,19,-0.2707140240364662,-0.4223138774968873,0.7546120285987854
60,2,20,-0.2851521053184111,-0.32846634916424566,0.5042650699615479
60,2,21,-0.2418378614725765,-0.45119004006077706,0.7417283654212952
60,2,22,-0.2634949833954938,-0.35012347108716296,0.4992649853229522
60,2,23,0.04692376416632081,0.0036095203204862163,0.9983782768249512
60,2,24,-0.04692376416632081,-0.0036095203204862163,0.9958316683769226
60,2,25,0.11189512993507271,0.7110755031357846,0.7285001277923584
60,2,26,-0.10467608929410027,0.6100089341621706,0.5259504914283752
60,2,27,0.10467608929410027,1.3030368356955242,0.7572645545005798
60,2,28,-0.06136184544826568,1.3246939576184413,0.5560687184333801
60,2,29,0.16242841442187975,1.4474176485149728,0.7861148715019226
60,2,30,0.03248568288437595,1.4907318923608073,0.5873957276344299
60,2,31,0.18408553634479705,1.519608054924697,0.7911244034767151
60,2,32,-0.14077129249896245,1.404103404669138,0.617472767829895
61,1,0,0.3341876023171333,-1.321730741748662,0.999489724636078
61,1,1,0.3266777685571977,-1.3818094118281465,0.999388873577118
61,1,2,0.3266777685571977,-1.3818094118281465,0.9993077516555786
61,1,3,0.3266777685571977,-1.3818094118281465,0.9993911385536194
61,1,4,0.30414826727739097,-1.3893192455880823,0.9992457628250122
61,1,5,0.28161876599758423,-1.3968290793480178,0.9991036653518676
61,1,6,0.2590892647177775,-1.3968290793480178,0.9991734027862548
61,1,7,0.2515794309578419,-1.35927991054834,0.9989323019981384
61,1,8,0.16146142583861495,-1.3818094118281465,0.999064326286316
61,1,9,0.2966384335174554,-1.2391225703893707,0.999472200870514
61,1,10,0.27410893223764865,-1.2466324041493062,0.9991333484649658
61,1,11,0.16146142583861495,-0.9762783887916253,0.9997642040252686
61,1,12,-0.06383358695945243,-1.021337391351239,0.9992196559906006
61,1,13,0.1088925895190659,-0.5782571995150396,0.582653284072876
61,1,14,-0.4017761061565535,-0.5857670332749753,0.5407989621162415
61,1,15,0.2966384335174554,-0.4355703580762636,0.7591068148612976
61,1,16,-0.048813919439581265,-0.34545235295703663,0.5500633716583252
61,1,17,0.35671710359694003,-0.3679818542368434,0.7612210512161255
61,1,18,0.03379425191971011,-0.24782451407787412,0.5530841946601868
61,1,19,0.3717367711168112,-0.3980211892765857,0.7670231461524963
61,1,20,0.09387292199919474,-0.29288351663748763,0.552635133266449
61,1,21,0.3266777685571977,-0.42055069055639244,0.7531563639640808
61,1,22,0.07885325447932359,-0.3229228516772299,0.5471711158752441
61,1,23,0.07134342071938801,0.0,0.9984588027000428
61,1,24,-0.07134342071938801,0.0,0.9961569905281068
61,1,25,0.19150076087835727,0.6308260358345887,0.7189369797706604
61,1,26,-0.16146142583861495,0.6383358695945243,0.5680722594261169
61,1,27,0.08636308823925916,1.2391225703893707,0.757785975933075
61,1,28,-0.28161876599758423,1.3142209079887264,0.5947234034538269
61,1,29,0.011264750639903369,1.3667897443082755,0.7869593501091003
61,1,30,-0.3792466048767468,1.4043389131079533,0.6108682751655579
61,1,31,0.35671710359694003,1.4569077494275025,0.7979304194450378
61,1,32,-0.13142209079887265,1.4869470844672448,0.6495141386985779
61,2,0,-0.214777990469843,-1.3368078372347125,0.999373197555542
61,2,1,-0.16293502725298434,-1.3960569380539793,0.99928218126297
61,2,2,-0.15552888965057596,-1.3960569380539793,0.9992260932922364
61,2,3,-0.1407166144457592,-1.3960569380539793,0.9993401765823364
61,2,4,-0.17034116485539272,-1.4034630756563877,0.9991158843040466
61,2,5,-0.17034116485539272,-1.4034630756563877,0.9989410638809204
61,2,6,-0.16293502725298434,-1.4034630756563877,0.999001920223236
61,2,7,-0.06665523842167541,-1.3590262500419377,0.998958945274353
61,2,8,-0.09627978883130893,-1.3738385252467542,0.9987614750862122
61,2,9,-0.19255957766261786,-1.247934186005812,0.999403953552246
61,2,10,-0.19996571526502624,-1.2553403236082203,0.9987806677818298
61,2,11,0.051842963216858655,-0.9887193699215187,0.9997864961624146
61,2,12,-0.08887365122890055,-1.0109377827287438,0.9986950159072876
61,2,13,0.22218412807225138,-0.566569526584241,0.6242774128913879
61,2,14,-0.3629007425180106,-0.5443511137770158,0.4882413744926452
61,2,15,-0.16293502725298434,-0.4258529121384818,0.7829741835594177
61,2,16,-0.2518086784818849,-0.2777301600903142,0.4982258081436157
61,2,17,-0.27402709128911,-0.32957312330717287,0.7844882607460022
61,2,18,-0.3110577793011519,-0.19626264646382205,0.5024315714836121
61,2,19,-0.3110577793011519,-0.351791536114398,0.7896232008934021
61,2,20,-0.29624550409633515,-0.20366878406623043,0.5020909309387207
61,2,21,-0.26662095368670163,-0.3962283617288483,0.776480495929718
61,2,22,-0.30365164169874354,-0.2481056096806807,0.4976202547550201
61,2,23,0.037030688012041894,0.0037030688012041897,0.9983636736869812
61,2,24,-0.037030688012041894,-0.0037030688012041897,0.9953117370605468
61,2,25,-0.059249100819267035,0.6924738658251834,0.7368266582489014
61,2,26,-0.09627978883130893,0.6332247650059164,0.5398547649383545
61,2,27,0.06665523842167541,1.3368078372347125,0.7707892060279846
61,2,28,-0.044436825614450275,1.3145894244274874,0.5759977698326111
61,2,29,0.09627978883130893,1.5738042405117805,0.7968075275421143
61,2,30,0.037030688012041894,1.4997428644876967,0.6052848696708679
61,2,31,-0.11109206403612569,1.5886165157165972,0.8057986497879028
61,2,32,-0.14812275204816758,1.4997428644876967,0.6350443363189697
