frame,player_id,landmark_index,x_norm,y_norm,visibility
1,1,0,0.016059595316746705,-1.324916613631603,0.9993965029716492
1,1,1,-0.016059595316746705,-1.4052145902153366,0.9993894100189208
1,1,2,-0.016059595316746705,-1.4052145902153366,0.9993279576301576
1,1,3,-0.024089392975120055,-1.41324438787371,0.9994688034057616
1,1,4,-0.03211919063349341,-1.3971847925569634,0.9992864727973938
1,1,5,-0.04817878595024011,-1.4052145902153366,0.9991671442985536
1,1,6,-0.056208583608613465,-1.4052145902153366,0.9992618560791016
1,1,7,-0.06423838126698682,-1.3811251972402165,0.9992274641990662
1,1,8,-0.12044696487560029,-1.3730953995818431,0.9994009137153624
1,1,9,0.008029797658373352,-1.2606782323646164,0.9995138049125672
1,1,10,-0.016059595316746705,-1.252648434706243,0.9993771314620972
1,1,11,0.24089392975120058,-0.9876651119799223,0.9996844530105592
1,1,12,-0.19271514380096044,-1.0117545049550425,0.9996557235717772
1,1,13,0.2810429180430673,-0.5219368477942679,0.5423325896263123
1,1,14,-0.016059595316746705,-0.5620858360861346,0.5642935633659363
1,1,15,0.17665554848421375,-0.6343540150114948,0.7032838463783264
1,1,16,0.17665554848421375,-0.7548009798870952,0.6242282390594482
1,1,17,0.22483433443445386,-0.6423838126698682,0.7243783473968506
1,1,18,0.26498332272632064,-0.7708605752038418,0.6267317533493042
1,1,19,0.2168045367760805,-0.706622193936855,0.7254948616027832
1,1,20,0.2569535250679473,-0.8511585517875754,0.6255627870559692
1,1,21,0.19271514380096044,-0.706622193936855,0.7066764235496521
1,1,22,0.22483433443445386,-0.8511585517875754,0.6131399273872375
1,1,23,0.04817878595024011,0.016059595316746705,0.9964699745178224
1,1,24,-0.04817878595024011,-0.016059595316746705,0.9947775602340698
1,1,25,-0.03211919063349341,0.8190393611540819,0.6541539430618286
1,1,26,-0.16059595316746705,0.8591883494459487,0.6801086664199829
1,1,27,0.04817878595024011,1.4774827691406969,0.7058843374252319
1,1,28,-0.1846853461425871,1.5898999363579238,0.6999852061271667
1,1,29,-0.016059595316746705,1.6541383176249105,0.6956844925880432
1,1,30,-0.2489237274095739,1.7183766988918974,0.739504873752594
1,1,31,0.016059595316746705,1.662168115283284,0.7417616248130798
1,1,32,0.1525661555090937,1.7745852825005108,0.7478607892990112
1,2,0,-0.25058457656080013,-1.3618726987000007,0.9993082880973816
1,2,1,-0.21426797126213346,-1.4199792671778675,0.99928617477417
1,2,2,-0.2070046502024001,-1.4199792671778675,0.9992462992668152
1,2,3,-0.19974132914266676,-1.4272425882376008,0.9993711113929749
1,2,4,-0.22879461338160012,-1.4199792671778675,0.9991612434387208
1,2,5,-0.22879461338160012,-1.4199792671778675,0.9990702271461488
1,2,6,-0.23605793444133344,-1.4199792671778675,0.9991407990455629
1,2,7,-0.14163476066480007,-1.390925982938934,0.999213933944702
1,2,8,-0.1852146870232001,-1.390925982938934,0.9992589950561525
1,2,9,-0.22153129232186677,-1.2892394881026674,0.9994738101959229
1,2,10,-0.24332125550106679,-1.281976167042934,0.9991817474365234
1,2,11,0.06900155006746671,-1.0132332878328005,0.999692440032959
1,2,12,-0.17068804490373343,-0.9841800035938671,0.999326765537262
1,2,13,0.14163476066480007,-0.5556440610696003,0.5868500471115112
1,2,14,-0.15616140278426674,-0.5556440610696003,0.513653039932251
1,2,15,-0.3667977135165335,-0.613750629547467,0.7309179902076721
1,2,16,-0.3885876766957335,-0.5846973453085337,0.5747595429420471
1,2,17,-0.4975374925917336,-0.613750629547467,0.7482959032058716
1,2,18,-0.44669424517360024,-0.6064873084877337,0.5799342393875122
1,2,19,-0.4830108504722669,-0.700910482264267,0.7490090727806091
1,2,20,-0.49027417153200026,-0.7372270875629338,0.578818678855896
1,2,21,-0.4394309241138669,-0.7154371243837337,0.7298691272735596
1,2,22,-0.44669424517360024,-0.7299637665032004,0.568108320236206
1,2,23,0.08352819218693337,-0.0036316605298666684,0.996235191822052
1,2,24,-0.08352819218693337,0.0036316605298666684,0.9941295385360718
1,2,25,0.05447490794800003,0.7372270875629338,0.6711351275444031
1,2,26,-0.19247800808293344,0.7081738033240004,0.6395334005355835
1,2,27,0.14889808172453342,1.434505909297334,0.7109041213989258
1,2,28,0.010894981589600006,1.3400827355208007,0.664690375328064
1,2,29,0.22153129232186677,1.5289290830738675,0.7007919549942017
1,2,30,0.15616140278426674,1.4490325514168008,0.7071436643600464
1,2,31,-0.21426797126213346,1.6015622936712008,0.7417224049568176
1,2,32,-0.14163476066480007,1.5579823673128008,0.7200799584388733
2,1,0,-0.06677438028761494,-1.3688747958961063,0.9993002414703368
2,1,1,-0.08903250705015325,-1.4356491761837211,0.9993022084236144
2,1,2,-0.08903250705015325,-1.4356491761837211,0.9992475509643556
2,1,3,-0.08903250705015325,-1.4356491761837211,0.9993840456008912
2,1,4,-0.1038712582251788,-1.4282298005962084,0.9991534948349
2,1,5,-0.11129063381269157,-1.4282298005962084,0.999037504196167
2,1,6,-0.1261293849877171,-1.4282298005962084,0.9991366863250732
2,1,7,-0.14096813616274265,-1.3985522982461573,0.9991801977157592
2,1,8,-0.19290376527533204,-1.3837135470711317,0.9992709159851074
2,1,9,-0.0741937558751277,-1.2946810400209785,0.9994717240333556
2,1,10,-0.08903250705015325,-1.2946810400209785,0.9991902709007264
2,1,11,0.06677438028761494,-0.9979060165204677,0.9996370673179626
2,1,12,-0.2819362723254853,-0.9904866409329549,0.9993623495101928
2,1,13,0.28935564791299806,-0.5527434812697014,0.5476292371749878
2,1,14,-0.0741937558751277,-0.5304853545071632,0.5610175132751465
2,1,15,0.0741937558751277,-0.7753247488950846,0.7165443301200867
2,1,16,-0.1261293849877171,-0.8717766315327506,0.6153713464736938
2,1,17,0.15580688733776818,-0.8198410024201612,0.7285673022270203
2,1,18,-0.19290376527533204,-0.9608091385829038,0.6173283457756042
2,1,19,0.15580688733776818,-0.8717766315327506,0.7290907502174377
2,1,20,-0.2300006432128959,-1.0350028944580316,0.6154878735542297
2,1,21,0.09645188263766602,-0.8717766315327506,0.7094453573226929
2,1,22,-0.19290376527533204,-1.020164143283006,0.6040036678314209
2,1,23,0.2077425164503576,-0.011129063381269157,0.9956645965576172
2,1,24,-0.2077425164503576,0.011129063381269157,0.993830144405365
2,1,25,-0.1261293849877171,0.7159697441949824,0.618104100227356
2,1,26,-0.22258126762538313,0.7233891197824952,0.6318985223770142
2,1,27,-0.08903250705015325,1.4282298005962084,0.660560131072998
2,1,28,-0.24483939438792143,1.443068551771234,0.6527605056762695
2,1,29,-0.18548438968781927,1.5246816832338745,0.6580269932746887
2,1,30,-0.28935564791299806,1.5246816832338745,0.68695467710495
2,1,31,-0.05935500470010217,1.5617785611714383,0.7031278014183044
2,1,32,-0.014838751175025542,1.569197936758951,0.7111843824386597
2,2,0,-0.28279571432217604,-1.38421060168223,0.9988811016082764
2,2,1,-0.2604697368756885,-1.4511885340216928,0.9987776875495912
2,2,2,-0.25302774439352593,-1.4511885340216928,0.9988011717796326
2,2,3,-0.25302774439352593,-1.4511885340216928,0.9989748001098632
2,2,4,-0.26791172935785096,-1.4511885340216928,0.998500645160675
2,2,5,-0.2753537218400135,-1.4511885340216928,0.998433530330658
2,2,6,-0.28279571432217604,-1.4437465415395303,0.9985598921775818
2,2,7,-0.17116582708973813,-1.4139785716108801,0.9987590312957764
2,2,8,-0.20837578950055077,-1.4065365791287177,0.9983466863632202
2,2,9,-0.25302774439352593,-1.3172326693427674,0.9990264773368835
2,2,10,-0.2753537218400135,-1.3097906768606047,0.9979279637336732
2,2,11,0.04465195489297516,-1.0046689850919412,0.9996095299720764
2,2,12,-0.19349180453622572,-0.9897850001276162,0.9981349110603333
2,2,13,0.07441992482162527,-0.4986134963048893,0.590877115726471
2,2,14,-0.18604981205406318,-0.5134974812692144,0.5101649761199951
2,2,15,-0.45396154141191414,-0.6846633083589525,0.7419300079345703
2,2,16,-0.4614035338940767,-0.6623373309124649,0.5646178722381592
2,2,17,-0.5804754136086772,-0.6846633083589525,0.7507055401802063
2,2,18,-0.5730334211265146,-0.7739672181449029,0.5684201121330261
2,2,19,-0.5655914286443521,-0.7739672181449029,0.7508431673049927
2,2,20,-0.5804754136086772,-0.8409451504843656,0.5670177936553955
2,2,21,-0.5283814662335394,-0.7814092106270654,0.7304497957229614
2,2,22,-0.5432654511978645,-0.8632711279308531,0.557015597820282
2,2,23,0.10418789475027539,-0.0074419924821625275,0.995145320892334
2,2,24,-0.10418789475027539,0.0074419924821625275,0.992164671421051
2,2,25,0.014883984964325055,0.7441992482162527,0.6457085013389587
2,2,26,-0.20837578950055077,0.7441992482162527,0.6010228395462036
2,2,27,0.11162988723243791,1.592586391182781,0.6836668252944946
2,2,28,0.06697793233946274,1.4511885340216928,0.6351730823516846
2,2,29,0.18604981205406318,1.7265422558617063,0.6751624345779419
2,2,30,0.14883984964325053,1.5553764287719682,0.6697210073471069
2,2,31,-0.25302774439352593,1.7563102257903564,0.7196201682090759
2,2,32,-0.14139785716108802,1.6223543611114308,0.7007001638412476
3,1,0,0.04124829209826347,-1.3874425523961351,0.998913586139679
3,1,1,0.01874922368102885,-1.454939757647839,0.9988417625427246
3,1,2,0.01874922368102885,-1.454939757647839,0.9988445043563844
3,1,3,0.011249534208617311,-1.454939757647839,0.9990245699882508
3,1,4,0.011249534208617311,-1.454939757647839,0.9985568523406982
3,1,5,-0.0037498447362057704,-1.454939757647839,0.998466968536377
3,1,6,-0.01874922368102885,-1.4474400681754274,0.9986144304275512
3,1,7,-0.033748602625851935,-1.4174413102857812,0.998758852481842
3,1,8,-0.08624642893273271,-1.4024419313409582,0.9984471201896667
3,1,9,0.033748602625851935,-1.3199453471444311,0.9990566968917848
3,1,10,0.01874922368102885,-1.3124456576720196,0.9980496764183044
3,1,11,0.04874798157067502,-0.9974586998307349,0.9995381236076356
3,1,12,-0.19124208154649427,-0.9974586998307349,0.998284876346588
3,1,13,0.16874301312925966,-0.539977642013631,0.5474950075149536
3,1,14,0.01874922368102885,-0.5099788841239847,0.5577490329742432
3,1,15,0.19874177101890583,-0.8099664630204464,0.7197900414466858
3,1,16,0.14624394471202504,-0.9074624261617964,0.6058741211891174
3,1,17,0.29623773416025584,-0.8624642893273272,0.7247348427772522
3,1,18,0.23624021838096354,-0.9824593208859118,0.6062546372413635
3,1,19,0.29623773416025584,-0.9149621156342079,0.7250085473060608
3,1,20,0.20624146049131736,-1.0499565261376156,0.6040982007980347
3,1,21,0.24373990785337507,-0.9074624261617964,0.7042611241340637
3,1,22,0.18374239207408274,-1.0499565261376156,0.593094527721405
3,1,23,0.12374487629479042,-0.007499689472411541,0.994562327861786
3,1,24,-0.12374487629479042,0.007499689472411541,0.9920793771743774
3,1,25,0.033748602625851935,0.7424692577687425,0.5969655513763428
3,1,26,-0.12374487629479042,0.7574686367135656,0.5991917252540588
3,1,27,-0.07124704998790964,1.4924382050098965,0.6392362117767334
3,1,28,-0.12374487629479042,1.4624394471202504,0.6338985562324524
3,1,29,-0.17624270260167121,1.5749347892064236,0.6384515762329102
3,1,30,-0.19874177101890583,1.5824344786788351,0.6611299514770508
3,1,31,0.04124829209826347,1.7024295102374196,0.6886129379272461
3,1,32,0.1387442552396135,1.6124332365684813,0.6997994780540466
3,2,0,-0.25956362824245577,-1.3881011423400895,0.9987592101097108
3,2,1,-0.2369928779605031,-1.4558133931859476,0.9986761212348938
3,2,2,-0.2369928779605031,-1.4558133931859476,0.998682975769043
3,2,3,-0.24451646138782065,-1.4558133931859476,0.9988898634910583
3,2,4,-0.2520400448151382,-1.44828980975863,0.9983310699462892
3,2,5,-0.25956362824245577,-1.44828980975863,0.9982299208641052
3,2,6,-0.26708721166977334,-1.44828980975863,0.9984049797058104
3,2,7,-0.16175704368732752,-1.4181954760493598,0.9985972046852112
3,2,8,-0.19937496082391531,-1.4031483091947248,0.9979925751686096
3,2,9,-0.2369928779605031,-1.3203888914942317,0.9989047646522522
3,2,10,-0.2520400448151382,-1.312865308066914,0.9976162314414978
3,2,11,0.03385612542292901,-1.004398387546894,0.9995525479316713
3,2,12,-0.19185137739659774,-0.989351220692259,0.9976860284805298
3,2,13,0.05642687570488169,-0.4927947144893001,0.5917391180992126
3,2,14,-0.13918629340537483,-0.48527113106198255,0.5090150833129883
3,2,15,-0.4250824636434421,-0.6808843001722391,0.7461140751838684
3,2,16,-0.4401296304980772,-0.5830777156171109,0.5590545535087585
3,2,17,-0.5605069653351581,-0.6884078835995566,0.7489246129989624
3,2,18,-0.4927947144893001,-0.6056484658990635,0.5611609816551208
3,2,19,-0.5454597984805231,-0.7711673013000498,0.7489821910858154
3,2,20,-0.5379362150532054,-0.6583135498902865,0.5595805048942566
3,2,21,-0.5003182979166176,-0.7786908847273674,0.7281733155250549
3,2,22,-0.5153654647712528,-0.6432663830356513,0.5500481724739075
3,2,23,0.07899762598683437,-0.0037617917136587796,0.9941016435623168
3,2,24,-0.07899762598683437,0.0037617917136587796,0.9904468059539796
3,2,25,-0.026332541995611455,0.7485965510180971,0.6239996552467346
3,2,26,-0.10156837626878705,0.7636437178727322,0.5639277100563049
3,2,27,0.1090919596961046,1.621332228586934,0.6622598767280579
3,2,28,0.07899762598683437,1.4708605600405829,0.606174647808075
3,2,29,0.17680421054196263,1.75675673027865,0.6602489352226257
3,2,30,0.13918629340537483,1.636379395441569,0.6395508646965027
3,2,31,-0.221945711105868,1.7943746474152378,0.7038690447807312
3,2,32,-0.11661554312342216,1.651426562296204,0.6777908802032471
4,1,0,0.041692397360927565,-1.3985904205620248,0.9988264441490172
4,1,1,0.01895108970951253,-1.4592339076324647,0.9987712502479552
4,1,2,0.01895108970951253,-1.4592339076324647,0.998768985271454
4,1,3,0.011370653825707518,-1.4668143435162697,0.9989664554595948
4,1,4,0.003790217941902506,-1.4592339076324647,0.9984389543533324
4,1,5,-0.011370653825707518,-1.4592339076324647,0.9983242750167848
4,1,6,-0.03411196147712255,-1.4592339076324647,0.9984962344169616
4,1,7,-0.03411196147712255,-1.4289121640972446,0.9986753463745116
4,1,8,-0.10233588443136765,-1.4061708564458297,0.9981482028961182
4,1,9,0.05685326912853759,-1.3303664976077796,0.9989787936210632
4,1,10,0.02653152559331754,-1.3303664976077796,0.9978148937225342
4,1,11,0.02653152559331754,-0.996827318720359,0.9995522499084472
4,1,12,-0.1857206791532228,-0.996827318720359,0.9978883862495422
4,1,13,0.17814024326941777,-0.5344207298082533,0.5666139721870422
4,1,14,0.05685326912853759,-0.49651855038922826,0.5559357404708862
4,1,15,0.22362285857224784,-0.8755403445794788,0.7515799403190613
4,1,16,0.20088155092083282,-0.8603794728118688,0.6003643870353699
4,1,17,0.314588089177908,-0.928603395766114,0.7511682510375977
4,1,18,0.30700765329410296,-0.9210229598823089,0.5996564030647278
4,1,19,0.26910547387507794,-0.996827318720359,0.750652551651001
4,1,20,0.21604242268844284,-1.027149062255579,0.5973648428916931
4,1,21,0.21604242268844284,-0.981666446952749,0.7295446395874023
4,1,22,0.17055980738561277,-1.011988190487969,0.586384654045105
4,1,23,0.08717501266375763,-0.003790217941902506,0.994423508644104
4,1,24,-0.08717501266375763,0.003790217941902506,0.9909993410110474
4,1,25,0.041692397360927565,0.7542533704385986,0.5873580574989319
4,1,26,-0.07959457677995262,0.7694142422062087,0.5844992399215698
4,1,27,-0.10233588443136765,1.4364925999810496,0.6383700966835022
4,1,28,-0.11749675619897768,1.4971360870514898,0.6188170313835144
4,1,29,-0.16297937150180775,1.60326218942476,0.6444084644317627
4,1,30,-0.1857206791532228,1.63358393295998,0.6449558138847351
4,1,31,0.08717501266375763,1.6639056764952,0.6925594210624695
4,1,32,0.1857206791532228,1.6639056764952,0.6881133317947388
4,2,0,-0.3181772529991617,-1.4052828674129643,0.9989030361175536
4,2,1,-0.2651477108326348,-1.4658880584604237,0.9988535046577454
4,2,2,-0.24999641307076992,-1.4734637073413561,0.9988497495651244
4,2,3,-0.23484511530890506,-1.4734637073413561,0.9990316033363342
4,2,4,-0.287874657475432,-1.4658880584604237,0.9985491633415222
4,2,5,-0.2802990085944996,-1.4658880584604237,0.9984437823295592
4,2,6,-0.2802990085944996,-1.4658880584604237,0.9986055493354796
4,2,7,-0.1363616798567836,-1.435585462936694,0.9987636804580688
4,2,8,-0.18181557314237812,-1.4204341651748291,0.998266875743866
4,2,9,-0.2651477108326348,-1.3371020274845724,0.9990296959877014
4,2,10,-0.287874657475432,-1.3371020274845724,0.9979243278503418
4,2,11,0.030302595523729686,-1.0037734767235458,0.9995725750923156
4,2,12,-0.20454251978517538,-0.988622178961681,0.997901737689972
4,2,13,-0.022726946642797265,-0.503780650582006,0.6079350709915161
4,2,14,-0.21969381754704023,-0.4962050017010736,0.5161017179489136
4,2,15,-0.4469632839750129,-0.7765040102955733,0.773699164390564
4,2,16,-0.4621145817368777,-0.7840796591765057,0.580108642578125
4,2,17,-0.5833249638317964,-0.7840796591765057,0.7713975310325623
4,2,18,-0.5909006127127289,-0.7689283614146408,0.5803083777427673
4,2,19,-0.5605980171889992,-0.8674117968667623,0.7706993818283081
4,2,20,-0.5909006127127289,-0.8219579035811677,0.5784419178962708
4,2,21,-0.5151441239034047,-0.8749874457476947,0.7493828535079956
4,2,22,-0.5302954216652696,-0.844684850223965,0.5676275491714478
4,2,23,0.08333213769025664,-0.0037878244404662108,0.9947358965873718
4,2,24,-0.08333213769025664,0.0037878244404662108,0.9914135932922364
4,2,25,0.04545389328559453,0.8068066058193029,0.6154781579971313
4,2,26,0.0,0.753777063652776,0.5502569079399109
4,2,27,0.11363473321398633,1.6780062271265315,0.6628742814064026
4,2,28,0.11363473321398633,1.4961906539841532,0.5932481288909912
4,2,29,0.18939122202331055,1.814367906983315,0.659926176071167
4,2,30,0.18181557314237812,1.6780062271265315,0.6240425109863281
4,2,31,-0.2424207641898375,1.8219435558642474,0.7104365229606628
4,2,32,-0.18939122202331055,1.7007331737693288,0.6740544438362122
5,1,0,0.07929498145806423,-1.3857741997671225,0.9989431500434875
5,1,1,0.06419117546605199,-1.4537413267311776,0.998929798603058
5,1,2,0.06419117546605199,-1.4537413267311776,0.9989166855812072
5,1,3,0.05663927247004588,-1.4537413267311776,0.9990937113761902
5,1,4,0.049087369474039765,-1.4461894237351713,0.9986279606819152
5,1,5,0.03398356348202753,-1.4461894237351713,0.9985092878341676
5,1,6,0.02643166048602141,-1.4461894237351713,0.9986741542816162
5,1,7,-0.011327854494009176,-1.415981811751147,0.9988198280334472
5,1,8,-0.049087369474039765,-1.4008780057591348,0.998400628566742
5,1,9,0.09439878745007646,-1.3178070728030675,0.9990898966789246
5,1,10,0.07174307846205812,-1.3178070728030675,0.9980825781822203
5,1,11,0.0037759514980030585,-0.9930752439748044,0.9995755553245544
5,1,12,-0.1623659144141315,-1.0006271469708106,0.9980881810188292
5,1,13,0.18502162340214987,-0.5324091612184313,0.5780565142631531
5,1,14,0.05663927247004588,-0.4870977432423946,0.5623843669891357
5,1,15,0.27564445935422327,-0.902452408022731,0.7688466310501099
5,1,16,0.2378849443741927,-0.902452408022731,0.6198658347129822
5,1,17,0.3436115863182783,-0.970419534986786,0.7610992789268494
5,1,18,0.32095587733026,-0.9855233409787982,0.6170282363891602
5,1,19,0.3662672953062967,-1.0610423709388594,0.7600716948509216
5,1,20,0.25298875036620494,-1.0610423709388594,0.6143412590026855
5,1,21,0.27564445935422327,-1.0157309529628227,0.738323450088501
5,1,22,0.23033304137818658,-1.0459385649468471,0.6019890308380127
5,1,23,0.08684688445407035,0.0037759514980030585,0.9947771430015564
5,1,24,-0.08684688445407035,-0.0037759514980030585,0.9915955066680908
5,1,25,-0.018879757490015293,0.8118295720706575,0.5723764300346375
5,1,26,-0.07929498145806423,0.7665181540946209,0.555743932723999
5,1,27,-0.13971020542611318,1.4915008417112081,0.627140462398529
5,1,28,-0.11705449643809482,1.5141565506992265,0.6026289463043213
5,1,29,-0.22278113838218044,1.672746513615355,0.6334842443466187
5,1,30,-0.18502162340214987,1.665194610619349,0.628486692905426
5,1,31,0.10195069044608258,1.6500908046273366,0.6889183521270752
5,1,32,0.16991781741013764,1.7029541255993794,0.6810301542282104
5,2,0,-0.29049772015381886,-1.3951535244229458,0.9990032315254213
5,2,1,-0.2446296590769001,-1.463955616038324,0.9989875555038452
5,2,2,-0.22934030538459382,-1.463955616038324,0.9989696145057678
5,2,3,-0.20640627484613444,-1.463955616038324,0.9991374611854552
5,2,4,-0.2675636896153595,-1.463955616038324,0.9987004995346068
5,2,5,-0.2675636896153595,-1.463955616038324,0.9985822439193726
5,2,6,-0.2675636896153595,-1.463955616038324,0.9987470507621764
5,2,7,-0.11467015269229691,-1.4257322318075583,0.9988595843315125
5,2,8,-0.18347224430767506,-1.4180875549614052,0.9984408020973206
5,2,9,-0.23698498223074696,-1.3263514328075676,0.9991077184677124
5,2,10,-0.2752083664615126,-1.3339961096537207,0.9981470704078674
5,2,11,0.030578707384612512,-0.9823409747306769,0.9995630383491516
5,2,12,-0.1681828906153688,-1.0129196821152895,0.9980093836784364
5,2,13,-0.06880209161537815,-0.4854369797307236,0.6191124320030212
5,2,14,-0.23698498223074696,-0.5160156871153361,0.5315060019493103
5,2,15,-0.3822338423076564,-0.8370921146537675,0.7896686792373657
5,2,16,-0.4663252876153408,-0.86767082203838,0.604613721370697
5,2,17,-0.5198380255384127,-0.9441175904999113,0.7805114388465881
5,2,18,-0.603929470846097,-0.9594069441922175,0.5994933247566223
5,2,19,-0.4663252876153408,-1.0052750052691364,0.779363751411438
5,2,20,-0.5733507634614846,-0.9594069441922175,0.5976607799530029
5,2,21,-0.43574658023072826,-0.9594069441922175,0.7582208514213562
5,2,22,-0.5121933486922595,-0.9670516210383706,0.5862828493118286
5,2,23,0.06880209161537815,0.003822338423076564,0.9948688745498656
5,2,24,-0.06880209161537815,-0.003822338423076564,0.9916871190071106
5,2,25,0.07644676846153128,0.8447367914999206,0.6063192486763
5,2,26,0.015289353692306256,0.7835793767306956,0.5362935662269592
5,2,27,0.12995950638460319,1.6703618908844584,0.6549150943756104
5,2,28,0.12995950638460319,1.525113030807549,0.5912708044052124
5,2,29,0.20640627484613444,1.8538341351921335,0.6581169366836548
5,2,30,0.21405095169228758,1.6780065677306115,0.6209156513214111
5,2,31,-0.22169562853844071,1.8309001046536741,0.7096652984619141
5,2,32,-0.1911169211538282,1.708585275115224,0.6773668527603149
6,1,0,0.09538303183624913,-1.3887769435357873,0.9990593791007996
6,1,1,0.0648604616486494,-1.4498220839109868,0.9990623593330384
6,1,2,0.05722981910174948,-1.4498220839109868,0.9990406036376952
6,1,3,0.05722981910174948,-1.4498220839109868,0.999196708202362
6,1,4,0.041968534007949615,-1.4498220839109868,0.9987850785255432
6,1,5,0.02670724891414976,-1.4498220839109868,0.9986663460731506
6,1,6,0.011445963820349896,-1.4421914413640868,0.998821496963501
6,1,7,-0.011445963820349896,-1.411668871176487,0.9989228248596193
6,1,8,-0.08012174674244928,-1.4040382286295872,0.9985722303390504
6,1,9,0.10301367438314907,-1.3124705180667882,0.9991706013679504
6,1,10,0.07249110419554934,-1.3124705180667882,0.9982990026474
6,1,11,-0.02670724891414976,-0.9843528885500911,0.9995708465576172
6,1,12,-0.15642817221144859,-1.0072448161907908,0.9981931447982788
6,1,13,0.11827495947694892,-0.5036224080953954,0.5735950469970703
6,1,14,0.08012174674244928,-0.4959917655484955,0.5758044719696045
6,1,15,0.27851845296184746,-0.877523892893492,0.7624792456626892
6,1,16,0.24799588277424775,-0.877523892893492,0.6401668190956116
6,1,17,0.4082393762591463,-0.9385690332686915,0.7534930109977722
6,1,18,0.35482487843084676,-0.9461996758155914,0.6317293643951416
6,1,19,0.40060873371224637,-0.991983531096991,0.7531636357307434
6,1,20,0.3243023082432471,-1.0072448161907908,0.6291500926017761
6,1,21,0.331932950790147,-0.9843528885500911,0.7333194017410278
6,1,22,0.2861490955087474,-0.9996141736438909,0.6164478659629822
6,1,23,0.07249110419554934,0.0,0.9948686361312866
6,1,24,-0.07249110419554934,0.0,0.991687834262848
6,1,25,0.03433789146104969,0.8241093950651925,0.5619276762008667
6,1,26,-0.05722981910174948,0.7935868248775928,0.543529212474823
6,1,27,-0.11064431693004899,1.4956059391923864,0.6166144013404846
6,1,28,-0.09538303183624913,1.533759151926886,0.5958818197250366
6,1,29,-0.17932009985214836,1.655849432677285,0.6291355490684509
6,1,30,-0.17168945730524843,1.6863720028648848,0.6230705976486206
6,1,31,0.17168945730524843,1.6787413603179848,0.6861240267753601
6,1,32,0.19458138494594823,1.7245252155993842,0.680986225605011
6,2,0,-0.2619845250130179,-1.4062404651434046,0.9991347193717957
6,2,1,-0.23886824339422216,-1.4678838827935266,0.999140441417694
6,2,2,-0.2234573889816917,-1.4755893099997919,0.9991193413734436
6,2,3,-0.20804653456916125,-1.4755893099997919,0.9992627501487732
6,2,4,-0.2542790978067526,-1.4678838827935266,0.9988877773284912
6,2,5,-0.2542790978067526,-1.4678838827935266,0.9987779855728148
6,2,6,-0.2542790978067526,-1.4678838827935266,0.9989224672317504
6,2,7,-0.11558140809397847,-1.4370621739684657,0.999013602733612
6,2,8,-0.15410854412530461,-1.4293567467622004,0.9986822009086608
6,2,9,-0.23116281618795695,-1.3291861930807525,0.9992271661758424
6,2,10,-0.2542790978067526,-1.3291861930807525,0.9984224438667296
6,2,11,0.023116281618795694,-0.9901473960050822,0.9995864033699036
6,2,12,-0.15410854412530461,-1.0055582504176126,0.9982014894485474
6,2,13,-0.09246512647518278,-0.4738837731853117,0.6148144602775574
6,2,14,-0.18493025295036555,-0.4892946275978422,0.5376770496368408
6,2,15,-0.3621550786944659,-0.8745659879111037,0.7832525372505188
6,2,16,-0.4237984963445877,-0.8899768423236342,0.6134386658668518
6,2,17,-0.4777364867884443,-0.9516202599737561,0.7723778486251831
6,2,18,-0.5470853316448314,-0.9053876967361647,0.6044625043869019
6,2,19,-0.4237984963445877,-0.9978528232113475,0.7718155980110168
6,2,20,-0.5085581956135052,-0.9285039783549603,0.6019561290740967
6,2,21,-0.38527136031326153,-0.9978528232113475,0.7518547177314758
6,2,22,-0.4623256323759139,-0.9285039783549603,0.5897262692451477
6,2,23,0.053937990443856616,-0.0038527136031326157,0.9950515627861024
6,2,24,-0.053937990443856616,0.0038527136031326157,0.992026686668396
6,2,25,0.007705427206265231,0.8437442790860428,0.5905628204345703
6,2,26,0.023116281618795694,0.7975117158484515,0.5113656520843506
6,2,27,0.100170553681448,1.6990466989814834,0.6377038955688477
6,2,28,0.10787598088771323,1.5757598636812398,0.5686357617378235
6,2,29,0.200341107362896,1.8608606703130532,0.6431137919425964
6,2,30,0.200341107362896,1.7683955438378707,0.5997588038444519
6,2,31,-0.19263568015663077,1.8377443886942577,0.6992607116699219
6,2,32,-0.1464031169190394,1.7683955438378707,0.6614086031913757
7,1,0,0.08509953807867524,-1.3848015741893516,0.999186396598816
7,1,1,0.05415425150461151,-1.454428468980995,0.9992045760154724
7,1,2,0.04641792986109558,-1.454428468980995,0.9991803169250488
7,1,3,0.04641792986109558,-1.454428468980995,0.9993146657943726
7,1,4,0.038681608217579655,-1.454428468980995,0.9989649057388306
7,1,5,0.02320896493054779,-1.454428468980995,0.9988576173782348
7,1,6,0.015472643287031861,-1.454428468980995,0.9989945888519288
7,1,7,-0.030945286574063723,-1.4157468607634152,0.9990723729133606
7,1,8,-0.06962689479164337,-1.4080105391198994,0.9987968802452089
7,1,9,0.07736321643515931,-1.3151746793977082,0.999283492565155
7,1,10,0.061890573148127445,-1.3151746793977082,0.998556673526764
7,1,11,-0.05415425150461151,-0.9825128487265231,0.9995988011360168
7,1,12,-0.16246275451383455,-1.005721813657071,0.99837327003479
7,1,13,0.08509953807867524,-0.4796519418979877,0.5701672434806824
7,1,14,0.05415425150461151,-0.4641792986109558,0.5813977718353271
7,1,15,0.26303493587954163,-0.8664680240737842,0.759092390537262
7,1,16,0.21661700601844605,-0.8742043457173001,0.6481791734695435
7,1,17,0.3790797605322806,-0.9360949188654276,0.7493888735771179
7,1,18,0.332661830671185,-0.9206222755783957,0.6364127993583679
7,1,19,0.36360711724524875,-0.9747765270830072,0.7493054270744324
7,1,20,0.29398022245360533,-0.9902491703700391,0.6331644058227539
7,1,21,0.3017165440971213,-0.9747765270830072,0.7302097082138062
7,1,22,0.23982597094899386,-0.9825128487265231,0.619773268699646
7,1,23,0.05415425150461151,0.0,0.99516499042511
7,1,24,-0.05415425150461151,0.0,0.9922953844070436
7,1,25,0.015472643287031861,0.8200500942126886,0.5477254986763
7,1,26,-0.04641792986109558,0.8200500942126886,0.5227699279785156
7,1,27,-0.13925378958328674,1.562736971990218,0.6009784936904907
7,1,28,-0.11604482465273895,1.6014185802077976,0.5790396928787231
7,1,29,-0.20888068437493013,1.7019907615735046,0.6163704991340637
7,1,30,-0.18567171944438232,1.779353978008664,0.608781635761261
7,1,31,0.13925378958328674,1.6865181182864728,0.6747844219207764
7,1,32,0.2011443627314142,1.771617656365148,0.6670523881912231
7,2,0,-0.175672721127706,-1.3780549012906713,0.9992585778236388
7,2,1,-0.16005736813857657,-1.4561316662363184,0.9992781281471252
7,2,2,-0.15224969164401186,-1.4561316662363184,0.9992551803588868
7,2,3,-0.14444201514944716,-1.463939342730883,0.9993777871131896
7,2,4,-0.175672721127706,-1.4561316662363184,0.9990610480308532
7,2,5,-0.175672721127706,-1.4561316662363184,0.9989619255065918
7,2,6,-0.1834803976222707,-1.4561316662363184,0.999087929725647
7,2,7,-0.1288266621603177,-1.4327086367526243,0.9991589188575744
7,2,8,-0.16786504463314128,-1.4170932837634949,0.9989029765129088
7,2,9,-0.14444201514944716,-1.3155934893341537,0.9993395805358888
7,2,10,-0.16005736813857657,-1.3155934893341537,0.9986764788627625
7,2,11,-0.0039038382472823554,-0.9954787530570006,0.9996156096458436
7,2,12,-0.06636525020380003,-1.0032864295515653,0.9983657002449036
7,2,13,-0.07417292669836476,-0.47236442792116495,0.6115328669548035
7,2,14,-0.12101898566575302,-0.46455675142660025,0.5280104279518127
7,2,15,-0.3162108980298708,-0.769056134714624,0.7781899571418762
7,2,16,-0.21471110360052953,-0.6831716932744122,0.5916141271591187
7,2,17,-0.4255183689537767,-0.8315175466711416,0.7658638954162598
7,2,18,-0.29278786854617667,-0.7612484582200593,0.5828213095664978
7,2,19,-0.39428766297551787,-0.8783636056385299,0.7656400799751282
7,2,20,-0.2693648390624825,-0.8393252231657063,0.5798884034156799
7,2,21,-0.35524928050269433,-0.8627482526494005,0.7462641000747681
7,2,22,-0.25374948607335307,-0.8237098701765769,0.5680789947509766
7,2,23,0.027326867730976485,-0.0039038382472823554,0.9954158067703248
7,2,24,-0.027326867730976485,0.0039038382472823554,0.9926714301109314
7,2,25,-0.027326867730976485,0.8393252231657063,0.5760988593101501
7,2,26,-0.035134544225541194,0.847132899660271,0.4950381517410278
7,2,27,0.1132113091711883,1.7215926670515187,0.6231225728988647
7,2,28,0.09759595618205888,1.6513235786004363,0.5554907321929932
7,2,29,0.20690342710596482,1.8855538734373776,0.6364297270774841
7,2,30,0.1912880741168354,1.82309246148086,0.5864448547363281
7,2,31,-0.14444201514944716,1.8621308439536834,0.689594566822052
7,2,32,-0.10540363267662359,1.8309001379754246,0.6466212272644043
8,1,0,0.08175663585268808,-1.3820764632240128,0.9992809891700744
8,1,1,0.06618394330931893,-1.452153579669174,0.9993138909339904
8,1,2,0.06618394330931893,-1.4599399259408585,0.9992821216583252
8,1,3,0.05839759703763434,-1.4599399259408585,0.999403953552246
8,1,4,0.050611250765949765,-1.452153579669174,0.9991052746772766
8,1,5,0.035038558222580604,-1.452153579669174,0.9989981055259703
8,1,6,0.019465865679211446,-1.452153579669174,0.9991276860237122
8,1,7,-0.01167951940752687,-1.4287945408541203,0.9991637468338012
8,1,8,-0.0739702895810035,-1.413221848310751,0.9989708065986632
8,1,9,0.09732932839605724,-1.3119993467788515,0.9993544220924376
8,1,10,0.0739702895810035,-1.3119993467788515,0.9987627863883972
8,1,11,-0.035038558222580604,-0.9927591496397838,0.9995657801628112
8,1,12,-0.12847471348279554,-1.0005454959114684,0.9984965920448304
8,1,13,0.08954298212437266,-0.4866466419802862,0.5644690990447998
8,1,14,0.04282490449426518,-0.45550125689354787,0.5713280439376831
8,1,15,0.2764152926448026,-0.8292458779344076,0.7600755095481873
8,1,16,0.2608426001014334,-0.8214595316627231,0.6276506781578064
8,1,17,0.39321048672007125,-0.8993229943795689,0.7522097826004028
8,1,18,0.36206510163333294,-0.8915366481078842,0.6168093681335449
8,1,19,0.3698514479050175,-0.9460410720096764,0.7523531317710876
8,1,20,0.3309197165465946,-0.9616137645530455,0.6133199334144592
8,1,21,0.31534702400322545,-0.9304683794663072,0.7319263815879822
8,1,22,0.28420163891648714,-0.953827418281361,0.6002224683761597
8,1,23,0.04282490449426518,-0.0038931731358422894,0.9953556060791016
8,1,24,-0.04282490449426518,0.0038931731358422894,0.9927233457565308
8,1,25,0.035038558222580604,0.8058868391193539,0.5372727513313293
8,1,26,-0.04282490449426518,0.8136731853910385,0.5143603086471558
8,1,27,-0.11290202093942639,1.4910853110275968,0.5915319919586182
8,1,28,-0.08954298212437266,1.6312395439179193,0.5693462491035461
8,1,29,-0.1907654836562722,1.6779576215480267,0.607652485370636
8,1,30,-0.1518337522978493,1.7636074305365572,0.5972832441329956
8,1,31,0.08175663585268808,1.6390258901896038,0.6720074415206909
8,1,32,0.1829791373845876,1.7947528156232955,0.6585075855255127
8,2,0,-0.1835811449158988,-1.3709996141591592,0.9993459582328796
8,2,1,-0.16014525407557129,-1.4491192502935841,0.9993780851364136
8,2,2,-0.16014525407557129,-1.4491192502935841,0.9993489384651184
8,2,3,-0.16014525407557129,-1.4569312139070267,0.9994596242904664
8,2,4,-0.1835811449158988,-1.4413072866801417,0.9991891980171204
8,2,5,-0.1913931085293413,-1.4491192502935841,0.9990910291671752
8,2,6,-0.1992050721427838,-1.4491192502935841,0.9992095232009888
8,2,7,-0.12108543600835879,-1.4334953230666991,0.9992438554763794
8,2,8,-0.1679572176890138,-1.4178713958398141,0.9990628361701964
8,2,9,-0.1445213268486863,-1.3085039052516192,0.9994078874588012
8,2,10,-0.1679572176890138,-1.3085039052516192,0.9988686442375184
8,2,11,0.042965799873933765,-0.996025360713919,0.999592125415802
8,2,12,-0.06640169071426127,-1.0038373243273615,0.9985385537147522
8,2,13,-0.10546150878147378,-0.46481183499982887,0.6061680912971497
8,2,14,-0.12889739962180127,-0.45699987138638637,0.5213335752487183
8,2,15,-0.30076059911753633,-0.746042525083759,0.7750874757766724
8,2,16,-0.20701703575622632,-0.6991707434031039,0.5753384232521057
8,2,17,-0.39450416247884634,-0.8319741248316265,0.7621374726295471
8,2,18,-0.3085725627309788,-0.808538233991299,0.5670892000198364
8,2,19,-0.36325630802507636,-0.8788459065122814,0.7621002197265625
8,2,20,-0.2538888174368813,-0.8632219792853965,0.563778817653656
8,2,21,-0.3320084535713063,-0.855410015671954,0.7405255436897278
8,2,22,-0.2304529265965538,-0.839786088445069,0.5521780252456665
8,2,23,0.019529909033606255,-0.003905981806721251,0.9956060647964478
8,2,24,-0.019529909033606255,0.003905981806721251,0.993162214756012
8,2,25,-0.011717945420163753,0.808538233991299,0.5648543238639832
8,2,26,0.05077776348737626,0.8163501976047415,0.4867867529392242
8,2,27,0.10546150878147378,1.7303499403775142,0.6108195185661316
8,2,28,0.12108543600835879,1.6522303042430893,0.5461522936820984
8,2,29,0.1992050721427838,1.8944011762598068,0.6215976476669312
8,2,30,0.20701703575622632,1.8397174309657092,0.5761551260948181
8,2,31,-0.1679572176890138,1.8787772490329218,0.6835229992866516
8,2,32,-0.08983758155458878,1.8319054673522668,0.638389527797699
9,1,0,0.07849719171507896,-1.3737008550138818,0.9993734359741212
9,1,1,0.07064747254357107,-1.4521980467289608,0.9994113445281982
9,1,2,0.07064747254357107,-1.4521980467289608,0.9993796348571776
9,1,3,0.06279775337206317,-1.4600477659004687,0.999484360218048
9,1,4,0.05494803420055527,-1.444348327557453,0.9992332458496094
9,1,5,0.04709831502904738,-1.444348327557453,0.9991373419761658
9,1,6,0.031398876686031585,-1.444348327557453,0.9992522597312928
9,1,7,-0.007849719171507896,-1.4207991700429292,0.999269425868988
9,1,8,-0.05494803420055527,-1.4050997316999134,0.9991344809532166
9,1,9,0.10204634922960265,-1.3030533824703108,0.9994382858276368
9,1,10,0.08634691088658686,-1.3030533824703108,0.998956859111786
9,1,11,-0.031398876686031585,-0.9969143347815027,0.9995643496513368
9,1,12,-0.12559550674412634,-0.9969143347815027,0.9986684918403624
9,1,13,0.07064747254357107,-0.4788328694619816,0.5596697926521301
9,1,14,0.04709831502904738,-0.43958427360444213,0.5662652850151062
9,1,15,0.28258989017428426,-0.8006713554938054,0.7454217076301575
9,1,16,0.28258989017428426,-0.8085210746653133,0.6138779520988464
9,1,17,0.4238848352614264,-0.8556193896943607,0.7359064221382141
9,1,18,0.3846362394038869,-0.8713188280373764,0.6038427948951721
9,1,19,0.3924859585753948,-0.902717704723408,0.7360343337059021
9,1,20,0.3610870818893632,-0.9341165814094395,0.6001386046409607
9,1,21,0.32968820520333164,-0.902717704723408,0.7153502702713013
9,1,22,0.31398876686031585,-0.9262668622379316,0.5873162150382996
9,1,23,0.05494803420055527,0.0,0.99558424949646
9,1,24,-0.05494803420055527,0.0,0.99326491355896
9,1,25,0.07064747254357107,0.8006713554938054,0.5359064340591431
9,1,26,-0.05494803420055527,0.8242205130083291,0.5115463733673096
9,1,27,-0.08634691088658686,1.5385449576155477,0.5883899331092834
9,1,28,-0.10204634922960265,1.6484410260166582,0.5620886087417603
9,1,29,-0.15699438343015792,1.7347879369032448,0.601179301738739
9,1,30,-0.17269382177317372,1.797585690275308,0.5850220918655396
9,1,31,0.11774578757261843,1.7504873752462606,0.67152339220047
9,1,32,0.17269382177317372,1.8289845669613396,0.6497595310211182
9,2,0,-0.21552061682445037,-1.3558206076592696,0.9994305968284608
9,2,1,-0.18417216346816667,-1.4341917410499787,0.9994666576385498
9,2,2,-0.18417216346816667,-1.4420288543890496,0.9994376301765442
9,2,3,-0.17633505012909576,-1.4498659677281205,0.9995326995849608
9,2,4,-0.1998463901463085,-1.4341917410499787,0.999305248260498
9,2,5,-0.20768350348537942,-1.4341917410499787,0.9992175698280334
9,2,6,-0.21552061682445037,-1.4420288543890496,0.9993224143981934
9,2,7,-0.14498659677281206,-1.418517514371837,0.9993395805358888
9,2,8,-0.17633505012909576,-1.402843287693695,0.9992116689682008
9,2,9,-0.1684979367900248,-1.293123700946702,0.999485433101654
9,2,10,-0.1920092768072376,-1.293123700946702,0.99904602766037
9,2,11,-0.003918556669535461,-1.003150507401078,0.9995957016944884
9,2,12,-0.07445257672117375,-0.9953133940620071,0.9987136721611024
9,2,13,-0.15282371011188298,-0.4702268003442553,0.6024426221847534
9,2,14,-0.15282371011188298,-0.44671546032704257,0.5180325508117676
9,2,15,-0.3330773169105142,-0.7837113339070922,0.7650721669197083
9,2,16,-0.25470618351980495,-0.7523628805508085,0.5678619146347046
9,2,17,-0.42712267697936523,-0.8307340139415177,0.7520487308502197
9,2,18,-0.348751543588656,-0.8464082406196596,0.5610026717185974
9,2,19,-0.39577422362308157,-0.8777566939759432,0.7520142793655396
9,2,20,-0.29389175021515956,-0.8934309206540851,0.5573753118515015
9,2,21,-0.36442577026679784,-0.8699195806368724,0.7309484481811523
9,2,22,-0.2703804101979468,-0.8777566939759432,0.5459629893302917
9,2,23,0.011755670008606382,0.0,0.995849907398224
9,2,24,-0.011755670008606382,0.0,0.9936997294425964
9,2,25,-0.05877835004303191,0.8150597872633759,0.5644224286079407
9,2,26,0.050941236703960995,0.8228969006024468,0.482852578163147
9,2,27,0.0901268033993156,1.7398391612737447,0.6073355674743652
9,2,28,0.10580103007745745,1.6536309145439645,0.5363792777061462
9,2,29,0.18417216346816667,1.9200927680723758,0.6162843108177185
9,2,30,0.1920092768072376,1.8417216346816667,0.5636672377586365
9,2,31,-0.17633505012909576,1.912255654733305,0.6826356649398804
9,2,32,-0.09796391673838653,1.8338845213425958,0.6279086470603943
10,1,0,0.04729764218919193,-1.3598072129392678,0.9994407892227172
10,1,1,0.05518058255405724,-1.4307536762230557,0.9994800686836244
10,1,2,0.05518058255405724,-1.438636616587921,0.9994426369667052
10,1,3,0.04729764218919193,-1.438636616587921,0.9995391964912416
10,1,4,0.03153176145946128,-1.4307536762230557,0.9993270039558412
10,1,5,0.023648821094595963,-1.4307536762230557,0.9992322325706482
10,1,6,0.00788294036486532,-1.4307536762230557,0.9993415474891664
10,1,7,-0.01576588072973064,-1.4071048551284597,0.9993211627006532
10,1,8,-0.07094646328378788,-1.391338974398729,0.9992513060569764
10,1,9,0.08671234401351853,-1.28886074965548,0.9994864463806152
10,1,10,0.05518058255405724,-1.28886074965548,0.9991008639335632
10,1,11,-0.023648821094595963,-0.9971919561554631,0.999563992023468
10,1,12,-0.12612704583784512,-0.9971919561554631,0.9988186359405518
10,1,13,0.06306352291892256,-0.4769178920743519,0.5592771172523499
10,1,14,-0.00788294036486532,-0.44538613061489063,0.5630295276641846
10,1,15,0.3074346742297475,-0.7922355066689647,0.7490800619125366
10,1,16,0.2680199724054209,-0.8001184470338301,0.6066767573356628
10,1,17,0.44144466043245795,-0.8316502084932913,0.7399828433990479
10,1,18,0.3783811375135354,-0.8631819699527526,0.5979623794555664
10,1,19,0.42567877970272733,-0.8789478506824833,0.7398775219917297
10,1,20,0.3468493760540741,-0.9262454928716752,0.5939358472824097
10,1,21,0.36261525678380474,-0.8789478506824833,0.7182322144508362
10,1,22,0.3074346742297475,-0.9183625525068099,0.5811105370521545
10,1,23,0.04729764218919193,0.00394147018243266,0.995819091796875
10,1,24,-0.04729764218919193,-0.00394147018243266,0.993779957294464
10,1,25,0.04729764218919193,0.8080013873986954,0.5307784676551819
10,1,26,-0.01576588072973064,0.8080013873986954,0.5037662386894226
10,1,27,-0.09459528437838385,1.5805295431554969,0.5830506682395935
10,1,28,-0.11036116510811449,1.6435930660744194,0.5475100874900818
10,1,29,-0.16554174766217172,1.7460712908176685,0.5945530533790588
10,1,30,-0.1891905687567677,1.809134813736591,0.5683329105377197
10,1,31,0.1497758669324411,1.7618371715473993,0.6675286889076233
10,1,32,0.1576588072973064,1.8170177541014565,0.6357694864273071
10,2,0,-0.20925092404851528,-1.362105071636562,0.9994916915893556
10,2,1,-0.18556214019396639,-1.4331714232002086,0.999528169631958
10,2,2,-0.18556214019396639,-1.441067684485058,0.9994940757751464
10,2,3,-0.19345840147881602,-1.441067684485058,0.9995816946029664
10,2,4,-0.20135466276366565,-1.4331714232002086,0.9993894696235656
10,2,5,-0.20925092404851528,-1.4331714232002086,0.9993030428886414
10,2,6,-0.22504344661821457,-1.4331714232002086,0.9994028210639954
10,2,7,-0.11449578863031969,-1.4094826393456596,0.9993850588798524
10,2,8,-0.1618733563394175,-1.40158637806081,0.9993191361427308
10,2,9,-0.1618733563394175,-1.2989349813577646,0.9995294809341432
10,2,10,-0.19345840147881602,-1.2910387200729152,0.9991786479949952
10,2,11,0.04342943706667299,-0.9988770525334787,0.99960058927536
10,2,12,-0.1381845724848686,-0.9988770525334787,0.998885691165924
10,2,13,-0.09080700477577079,-0.47772380773340284,0.6023523807525635
10,2,14,-0.1381845724848686,-0.4461387625940043,0.5156931281089783
10,2,15,-0.3040060594667109,-0.7698854752728392,0.7709221243858337
10,2,16,-0.19345840147881602,-0.22504344661821457,0.5598994493484497
10,2,17,-0.4066574561697561,-0.8093667816970874,0.7599514722824097
10,2,18,0.011844391927274451,-0.09080700477577079,0.554134726524353
10,2,19,-0.3750724110303576,-0.8567443494061853,0.759667694568634
10,2,20,-0.003948130642424817,-0.15397709505456786,0.5508894920349121
10,2,21,-0.3434873658909591,-0.8567443494061853,0.7384361028671265
10,2,22,-0.003948130642424817,-0.1618733563394175,0.5400523543357849
10,2,23,0.05132569835152262,0.003948130642424817,0.9961132407188416
10,2,24,-0.05132569835152262,-0.003948130642424817,0.994168758392334
10,2,25,-0.011844391927274451,0.8172630429819371,0.560509979724884
10,2,26,0.03553317578182335,0.8093667816970874,0.4735825359821319
10,2,27,0.10659952734547005,1.7411256133093442,0.6047073006629944
10,2,28,0.13028831120001896,1.6463704778911485,0.5217476487159729
10,2,29,0.20135466276366565,1.9306358841457354,0.6105825901031494
10,2,30,0.20925092404851528,1.812191964872991,0.5484928488731384
10,2,31,-0.1618733563394175,1.9306358841457354,0.6798181533813477
10,2,32,-0.08291074349092116,1.8200882261578406,0.6133933067321777
11,1,0,0.040411380347940284,-1.3820692078995576,0.9994652271270752
11,1,1,0.048493656417528334,-1.446727416456262,0.9995025992393494
11,1,2,0.048493656417528334,-1.446727416456262,0.9994615316390992
11,1,3,0.040411380347940284,-1.4548096925258502,0.9995549917221068
11,1,4,0.024246828208764167,-1.438645140386674,0.9993635416030884
11,1,5,0.008082276069588057,-1.438645140386674,0.9992693066596984
11,1,6,-0.008082276069588057,-1.438645140386674,0.9993763566017152
11,1,7,-0.008082276069588057,-1.4143983121779098,0.9993292093276978
11,1,8,-0.08890503676546863,-1.3901514839691458,0.999308705329895
11,1,9,0.08082276069588057,-1.309328723273265,0.9994911551475524
11,1,10,0.05657593248711639,-1.301246447203677,0.9991876482963562
11,1,11,0.07274048462629251,-0.9941199565593309,0.999546468257904
11,1,12,-0.19397462567011334,-1.002202232628919,0.9989624619483948
11,1,13,0.16164552139176114,-0.4930188402448714,0.5787206888198853
11,1,14,-0.024246828208764167,-0.45260745989693113,0.5626460313796997
11,1,15,0.4041138034794028,-0.7839807787500415,0.7749381065368652
11,1,16,0.2667151102964059,-0.7354871223325131,0.6021143198013306
11,1,17,0.5091833923840475,-0.8324744351675698,0.7631415128707886
11,1,18,0.4041138034794028,-0.7920630548196295,0.5952271819114685
11,1,19,0.48493656417528336,-0.8809680915850981,0.7625377178192139
11,1,20,0.36370242313146256,-0.8809680915850981,0.5918782353401184
11,1,21,0.42836063168816696,-0.87288581551551,0.7407066822052002
11,1,22,0.33137331885311033,-0.864803539445922,0.5804862380027771
11,1,23,0.10506958890464473,0.016164552139176114,0.9961848855018616
11,1,24,-0.10506958890464473,-0.016164552139176114,0.9944186806678772
11,1,25,0.08082276069588057,0.864803539445922,0.5364953279495239
11,1,26,-0.07274048462629251,0.864803539445922,0.509784996509552
11,1,27,-0.07274048462629251,1.6568665942655516,0.5850913524627686
11,1,28,-0.10506958890464473,1.729607078891844,0.5438277721405029
11,1,29,-0.15356324532217308,1.8023475635181365,0.5932532548904419
11,1,30,-0.1858923496005253,1.8831703242140172,0.5562426447868347
11,1,31,0.16164552139176114,1.875088048144429,0.6679286360740662
11,1,32,0.1697277974613492,1.9074171524227812,0.6267101764678955
11,2,0,-0.23253835132859396,-1.357109066770155,0.9995089173316956
11,2,1,-0.21728993484803044,-1.4181027326924092,0.999545156955719
11,2,2,-0.20966572660774865,-1.4181027326924092,0.9995071887969972
11,2,3,-0.19441731012718513,-1.4181027326924092,0.9995928406715392
11,2,4,-0.24016255956887575,-1.4181027326924092,0.999417245388031
11,2,5,-0.2477867678091575,-1.4181027326924092,0.9993299841880798
11,2,6,-0.2554109760494393,-1.4181027326924092,0.9994289875030518
11,2,7,-0.11055101948408566,-1.3952301079715639,0.9993897676467896
11,2,8,-0.17916889364662159,-1.3799816914910004,0.9993589520454408
11,2,9,-0.2020415183674669,-1.288491192607619,0.9995267987251282
11,2,10,-0.2249141430883122,-1.288491192607619,0.9992418885231018
11,2,11,0.04193314532154973,-0.99114707123663,0.9995772242546082
11,2,12,-0.14104785244521273,-1.0063954877171937,0.9989210963249208
11,2,13,-0.019060520600704425,-0.45745249441690616,0.6200700998306274
11,2,14,-0.16392047716605804,-0.48794932737803326,0.5200544595718384
11,2,15,-0.2782836007702846,-0.7471724075476134,0.7958019971847534
11,2,16,-0.3240288502119752,-0.7319239910670499,0.5718092918395996
11,2,17,-0.37739830789394757,-0.8005418652295858,0.7835314869880676
11,2,18,-0.4231435573356382,-0.7776692405087405,0.5678579211235046
11,2,19,-0.3545256831731023,-0.86153553115184,0.7828347682952881
11,2,20,-0.39264672437451115,-0.8462871146712764,0.5646607875823975
11,2,21,-0.3240288502119752,-0.8539113229115582,0.7619628310203552
11,2,22,-0.3545256831731023,-0.8386629064309946,0.5541414022445679
11,2,23,0.04193314532154973,0.00762420824028177,0.9962818026542664
11,2,24,-0.04193314532154973,-0.00762420824028177,0.9944695234298706
11,2,25,-0.026684728840986195,0.7776692405087405,0.5654803514480591
11,2,26,0.05718156180211327,0.7776692405087405,0.4791591763496399
11,2,27,0.11055101948408566,1.6773258128619892,0.6068267226219177
11,2,28,0.15629626892577628,1.5934595222188899,0.516560435295105
11,2,29,0.2020415183674669,1.8374341859079064,0.6136041283607483
11,2,30,0.2249141430883122,1.7459436870245253,0.5392149686813354
11,2,31,-0.16392047716605804,1.85268260238847,0.6821975111961365
11,2,32,-0.11817522772436743,1.7459436870245253,0.606735110282898
12,1,0,0.027308561893619805,-1.36932931780865,0.9994394183158876
12,1,1,0.03511100814893975,-1.4317488878512097,0.9994644522666932
12,1,2,0.03511100814893975,-1.4317488878512097,0.999409556388855
12,1,3,0.03511100814893975,-1.4317488878512097,0.999509334564209
12,1,4,0.003901223127659972,-1.4239464415958898,0.9993228316307068
12,1,5,-0.011703669382979917,-1.4239464415958898,0.999204695224762
12,1,6,-0.03511100814893975,-1.4239464415958898,0.9993029832839966
12,1,7,-0.011703669382979917,-1.4005391028299299,0.9992498755455016
12,1,8,-0.1131354707021392,-1.38493421031929,0.9991950988769532
12,1,9,0.05851834691489958,-1.2913048552554507,0.9993959665298462
12,1,10,0.027308561893619805,-1.2991073015107706,0.999126136302948
12,1,11,0.08192568568085941,-0.9870094512979729,0.999504327774048
12,1,12,-0.1833574870000187,-1.0104167900639327,0.9989321827888488
12,1,13,0.23017216453193834,-0.4954553372128164,0.6052689552307129
12,1,14,-0.019506115638299862,-0.4798504447021766,0.5657017827033997
12,1,15,0.42523332091493693,-0.7685409561490145,0.8065063953399658
12,1,16,0.19896237951065857,-0.8855776499788136,0.612884521484375
12,1,17,0.5188626759787763,-0.8075531874256142,0.7932472825050354
12,1,18,0.2691843958085381,-0.971404558787333,0.6080092787742615
12,1,19,0.5266651222340962,-0.8543678649575339,0.7925786375999451
12,1,20,0.22236971827661842,-1.0494290213405324,0.6048288345336914
12,1,21,0.4642455521915367,-0.8465654187022139,0.7713996171951294
12,1,22,0.19896237951065857,-1.0338241288298926,0.5938502550125122
12,1,23,0.0975305781914993,0.019506115638299862,0.9960847496986388
12,1,24,-0.0975305781914993,-0.019506115638299862,0.9943910241127014
12,1,25,0.0975305781914993,0.8075531874256142,0.5362855195999146
12,1,26,-0.07412323942553947,0.8153556336809341,0.5112943053245544
12,1,27,-0.06632079317021952,1.533180689170369,0.5809409022331238
12,1,28,-0.1131354707021392,1.650217383000168,0.5382432341575623
12,1,29,-0.14434525572341897,1.673624721766128,0.5916407704353333
12,1,30,-0.19115993325533864,1.7828589693406072,0.547897219657898
12,1,31,0.15214770197873892,1.7750565230852873,0.6641712784767151
12,1,32,0.15214770197873892,1.814068754361887,0.6196951866149902
12,2,0,-0.30874456309832615,-1.358476077632635,0.9994880557060242
12,2,1,-0.2624328786335772,-1.4279436043297584,0.999512493610382
12,2,2,-0.25471426455611906,-1.4279436043297584,0.9994622468948364
12,2,3,-0.23927703640120276,-1.4279436043297584,0.9995533227920532
12,2,4,-0.2855887208659517,-1.4279436043297584,0.9993828535079956
12,2,5,-0.2855887208659517,-1.4279436043297584,0.9992746710777284
12,2,6,-0.2855887208659517,-1.4356622184072165,0.9993652701377868
12,2,7,-0.15437228154916308,-1.404787762097384,0.9993191957473756
12,2,8,-0.200683966013912,-1.3970691480199258,0.9992618560791016
12,2,9,-0.25471426455611906,-1.2890085509355118,0.9994444251060486
12,2,10,-0.2855887208659517,-1.29672716501297,0.9991915225982666
12,2,11,0.007718614077458154,-0.9957012159921018,0.9995466470718384
12,2,12,-0.19296535193645384,-0.9957012159921018,0.9989449977874756
12,2,13,-0.007718614077458154,-0.47855407280240553,0.6440247297286987
12,2,14,-0.24699565047866093,-0.50170991503478,0.5336552262306213
12,2,15,-0.3241817912532425,-0.7255497232810665,0.8246100544929504
12,2,16,-0.47083545872494736,-0.7795800218232736,0.5938917398452759
12,2,17,-0.43996100241511477,-0.7718614077458154,0.8113383054733276
12,2,18,-0.5788960558093615,-0.8104544781331061,0.5880489349365234
12,2,19,-0.3859307038729077,-0.8336103203654807,0.8105971813201904
12,2,20,-0.5325843713446127,-0.8644847766753132,0.5847485661506653
12,2,21,-0.3550562475630751,-0.8258917062880224,0.7903926968574524
12,2,22,-0.50170991503478,-0.8799220048302295,0.5749903321266174
12,2,23,0.054030298542207075,0.0,0.996223509311676
12,2,24,-0.054030298542207075,0.0,0.9945338368415833
12,2,25,0.015437228154916308,0.7950172499781899,0.5681748986244202
12,2,26,0.015437228154916308,0.7872986359007317,0.484480082988739
12,2,27,0.11577921116187231,1.6980950970407938,0.6048822402954102
12,2,28,0.13893505339424678,1.6131903421887541,0.5138049125671387
12,2,29,0.22383980824628646,1.8679046067448732,0.6118122339248657
12,2,30,0.22383980824628646,1.7675626237379172,0.5339342951774597
12,2,31,-0.20840258009137017,1.8756232208223313,0.6799562573432922
12,2,32,-0.16209089562662124,1.7907184659702917,0.6028470396995544
13,1,0,0.05064196287689156,-1.3868106757056458,0.99928081035614
13,1,1,0.06622410530055049,-1.4491392454002814,0.9993125796318054
13,1,2,0.06622410530055049,-1.4491392454002814,0.9992245435714722
13,1,3,0.06622410530055049,-1.4491392454002814,0.9993824362754822
13,1,4,0.042850891665062084,-1.4491392454002814,0.9991280436515808
13,1,5,0.027268749241403146,-1.4491392454002814,0.9989225268363952
13,1,6,0.011686606817744206,-1.4491392454002814,0.9990611672401428
13,1,7,0.003895535605914735,-1.425766031764793,0.9989994168281556
13,1,8,-0.07401517651237997,-1.410183889341134,0.9989097714424132
13,1,9,0.08180624772420944,-1.3166910347991805,0.9992582201957704
13,1,10,0.05064196287689156,-1.3166910347991805,0.9990145564079284
13,1,11,0.042850891665062084,-0.9894660439023427,0.9994444847106934
13,1,12,-0.190881244689822,-1.0050481863260017,0.9989112615585328
13,1,13,0.22983660074896936,-0.5220017711925745,0.6128519177436829
13,1,14,-0.011686606817744206,-0.49862855755708607,0.5761857628822327
13,1,15,0.41682230983287666,-0.7868981923947765,0.8235134482383728
13,1,16,0.190881244689822,-0.9037642605722186,0.6310667991638184
13,1,17,0.49473302195117136,-0.8336446196657533,0.8093854188919067
13,1,18,0.2532098143844578,-1.0050481863260017,0.6237483024597168
13,1,19,0.5181062355866598,-0.8648089045130712,0.808696448802948
13,1,20,0.21425445832531043,-1.0673767560206373,0.6200693249702454
13,1,21,0.455777665892024,-0.8648089045130712,0.7877790927886963
13,1,22,0.1986723159016515,-1.0517946135969785,0.6085498929023743
13,1,23,0.09738839014786838,0.00779107121182947,0.9957506656646729
13,1,24,-0.09738839014786838,-0.00779107121182947,0.9937829375267028
13,1,25,0.07401517651237997,0.7868981923947765,0.5306719541549683
13,1,26,-0.058433034088721025,0.8102714060302649,0.5029953718185425
13,1,27,-0.09738839014786838,1.527049957518576,0.5732909440994263
13,1,28,-0.09738839014786838,1.6283338832723593,0.5261945128440857
13,1,29,-0.1986723159016515,1.675080310543336,0.5871139168739319
13,1,30,-0.1986723159016515,1.7685731650852898,0.5415893197059631
13,1,31,0.1441348174188452,1.6594981681196772,0.6564732789993286
13,1,32,0.190881244689822,1.7763642362971193,0.6106191873550415
13,2,0,-0.29546943511820406,-1.364602259559074,0.9993443489074708
13,2,1,-0.24881636641532973,-1.4345818626133855,0.9993748664855956
13,2,2,-0.24104085496485067,-1.4345818626133855,0.9992943406105042
13,2,3,-0.22548983206389256,-1.4345818626133855,0.9994380474090576
13,2,4,-0.2721429007667669,-1.4345818626133855,0.9992063045501708
13,2,5,-0.27991841221724595,-1.4345818626133855,0.9990185499191284
13,2,6,-0.27991841221724595,-1.4423573740638647,0.9991461634635924
13,2,7,-0.14773471755910203,-1.4112553282619484,0.9990926384925842
13,2,8,-0.20216329771245542,-1.4112553282619484,0.9990028738975524
13,2,9,-0.24881636641532973,-1.2946226565047625,0.9993202090263368
13,2,10,-0.27991841221724595,-1.3023981679552417,0.9990926384925842
13,2,11,0.015551022900958108,-0.9913777099360794,0.9994915127754213
13,2,12,-0.20993880916293448,-0.9991532213865585,0.9989448189735411
13,2,13,0.0,-0.4781939542044618,0.6508817672729492
13,2,14,-0.31102045801916217,-0.501520488555899,0.5517250299453735
13,2,15,-0.3187959694696412,-0.7270103206197915,0.8400277495384216
13,2,16,-0.5365102900830547,-0.7425613435207497,0.6241461038589478
13,2,17,-0.427653129776348,-0.789214412223624,0.8260923624038696
13,2,18,-0.6531429618402406,-0.7581123664217078,0.6149355173110962
13,2,19,-0.3810000610734737,-0.8436429923769774,0.8253465890884399
13,2,20,-0.6142654045878453,-0.8125409465750612,0.6117016673088074
13,2,21,-0.34989801527155745,-0.8358674809264983,0.8054794073104858
13,2,22,-0.567612335884971,-0.8203164580255402,0.6010991930961609
13,2,23,0.05442858015335338,0.003887755725239527,0.995924174785614
13,2,24,-0.05442858015335338,-0.003887755725239527,0.9940004348754884
13,2,25,-0.031102045801916216,0.796989923674103,0.56218421459198
13,2,26,0.04665306870287433,0.8047654351245821,0.4746656119823456
13,2,27,0.10108164885622771,1.6911737404791942,0.5978688597679138
13,2,28,0.14773471755910203,1.6211941374248828,0.5026290416717529
13,2,29,0.1866122748114973,1.8544594809392545,0.6089318990707397
13,2,30,0.21771432061341353,1.7689288549839848,0.5290272235870361
13,2,31,-0.20993880916293448,1.8622349923897334,0.6726969480514526
13,2,32,-0.07775511450479054,1.7611533435335058,0.593706488609314
14,1,0,0.07918510237596844,-1.397617056935843,0.999220609664917
14,1,1,0.07918510237596844,-1.4609651388366176,0.9992581009864808
14,1,2,0.07918510237596844,-1.4609651388366176,0.9991569519042968
14,1,3,0.07918510237596844,-1.4609651388366176,0.9993262887001038
14,1,4,0.055429571663177905,-1.4609651388366176,0.9990421533584596
14,1,5,0.03959255118798422,-1.4609651388366176,0.9987944960594176
14,1,6,0.015837020475193687,-1.453046628599021,0.9989227652549744
14,1,7,0.007918510237596843,-1.4372096081238273,0.9988590478897096
14,1,8,-0.0712665921383716,-1.4213725876486334,0.9987452030181884
14,1,9,0.10294063308875898,-1.3184319545598746,0.9991567134857178
14,1,10,0.0712665921383716,-1.3105134443222777,0.9989122152328492
14,1,11,0.031674040950387373,-0.985854524580807,0.999450981616974
14,1,12,-0.1662887149895337,-1.0096100552935976,0.9989144802093506
14,1,13,0.19004424570232425,-0.49490688984980274,0.6206050515174866
14,1,14,-0.007918510237596843,-0.49490688984980274,0.592749834060669
14,1,15,0.4355180630678264,-0.7324621969777081,0.8441763520240784
14,1,16,0.1821257354647274,-0.8749953812544512,0.6587939858436584
14,1,17,0.5780512473445696,-0.7799732584032891,0.8304807543754578
14,1,18,0.23755530712790532,-0.9620989938680166,0.6487709879875183
14,1,19,0.6018067780573602,-0.8274843198288702,0.8302058577537537
14,1,20,0.1662887149895337,-1.0333655860063882,0.6454226970672607
14,1,21,0.5384586961565854,-0.8195658095912733,0.8099091649055481
14,1,22,0.13461467403914634,-1.0175285655311945,0.633613646030426
14,1,23,0.08710361261356528,0.011877765356395266,0.995568037033081
14,1,24,-0.08710361261356528,-0.011877765356395266,0.9934024810791016
14,1,25,0.06334808190077475,0.7799732584032891,0.5327354669570923
14,1,26,-0.047511061425581064,0.8195658095912733,0.5052270293235779
14,1,27,-0.09502212285116213,1.55598726168778,0.5785992741584778
14,1,28,-0.08710361261356528,1.643090874301345,0.5273624658584595
14,1,29,-0.19004424570232425,1.7222759766773135,0.5925957560539246
14,1,30,-0.19004424570232425,1.7935425688156852,0.543763279914856
14,1,31,0.1583702047519369,1.746031507390104,0.6600767374038696
14,1,32,0.24547381736550217,1.7935425688156852,0.6117351055145264
14,2,0,-0.30250090673239316,-1.3789327047151947,0.9992871284484864
14,2,1,-0.2632150746892252,-1.4417900359842635,0.9993232488632202
14,2,2,-0.24750074187195803,-1.4417900359842635,0.999230146408081
14,2,3,-0.23178640905469086,-1.449647202392897,0.9993848204612732
14,2,4,-0.28678657391512596,-1.449647202392897,0.999126136302948
14,2,5,-0.29464374032375956,-1.449647202392897,0.9989001154899596
14,2,6,-0.29464374032375956,-1.449647202392897,0.9990195631980896
14,2,7,-0.15321474496835497,-1.4182185367583626,0.9989622235298156
14,2,8,-0.21607207623742367,-1.4182185367583626,0.9988499879837036
14,2,9,-0.25535790828059163,-1.3003610406288588,0.999224066734314
14,2,10,-0.28678657391512596,-1.3082182070374924,0.9989930987358092
14,2,11,0.011785749612950383,-0.9939315506921489,0.999492645263672
14,2,12,-0.23178640905469086,-0.9939315506921489,0.9989397525787354
14,2,13,-0.03535724883885115,-0.4675014013136985,0.6576621532440186
14,2,14,-0.31035807314102676,-0.49893006694823283,0.5685403943061829
14,2,15,-0.37321540441009543,-0.7189307263899734,0.8579469919204712
14,2,16,-0.6167875630777366,-0.6953592271640726,0.6485968828201294
14,2,17,-0.4675014013136985,-0.7660737248417748,0.8438073396682739
14,2,18,-0.7267878927986069,-0.687502060755439,0.6366369128227234
14,2,19,-0.41250123645326336,-0.8289310561108436,0.8433611989021301
14,2,20,-0.7189307263899734,-0.7346450592072405,0.633637011051178
14,2,21,-0.3967869036359962,-0.82107388970221,0.823627769947052
14,2,22,-0.648216228712271,-0.7582165584331413,0.6228119730949402
14,2,23,0.07464308088201908,0.003928583204316794,0.995735764503479
14,2,24,-0.07464308088201908,-0.003928583204316794,0.993581771850586
14,2,25,-0.01964291602158397,0.8053595568849428,0.5600911974906921
14,2,26,0.04321441524748473,0.8132167232935764,0.4718078672885895
14,2,27,0.12178607933382062,1.7246480266950726,0.6001556515693665
14,2,28,0.16107191137698856,1.6146476969742023,0.4986718297004699
14,2,29,0.2082149098287901,1.8817913548677443,0.6111576557159424
14,2,30,0.23178640905469086,1.7717910251468743,0.5264044404029846
14,2,31,-0.22392924264605726,1.9132200205022787,0.6741653084754944
14,2,32,-0.10607174651655345,1.7875053579641413,0.5901696681976318
15,1,0,0.0936471725971723,-1.393001692382938,0.999274730682373
15,1,1,0.0936471725971723,-1.4554331407810528,0.9993224143981934
15,1,2,0.0936471725971723,-1.4632370718308172,0.9992231726646424
15,1,3,0.08584324154740794,-1.4632370718308172,0.9993837475776672
15,1,4,0.07023537944787922,-1.4554331407810528,0.9991151094436646
15,1,5,0.06243144839811487,-1.4554331407810528,0.9988738298416138
15,1,6,0.04682358629858615,-1.4554331407810528,0.9990045428276062
15,1,7,0.015607862099528717,-1.4320213476317598,0.9989511370658876
15,1,8,-0.04682358629858615,-1.4242174165819954,0.9988623857498168
15,1,9,0.1326668278459941,-1.3149623818852945,0.9992316365242004
15,1,10,0.10145110364693666,-1.3149623818852945,0.9990155696868896
15,1,11,0.031215724199057434,-0.9950012088449557,0.9994654655456544
15,1,12,-0.12486289679622974,-1.00280513989472,0.9989650845527648
15,1,13,0.1872943451943446,-0.47213782851074365,0.6173381805419922
15,1,14,0.031215724199057434,-0.47994175956050805,0.6079283952713013
15,1,15,0.3745886903886892,-0.7999029326008468,0.8476724028587341
15,1,16,0.25752972464222385,-0.8545304499491972,0.6797864437103271
15,1,17,0.4682358629858615,-0.8779422430984903,0.8321001529693604
15,1,18,0.32776510409010307,-0.9403736914966052,0.6661399006843567
15,1,19,0.46043193193609716,-0.9169618983473121,0.8312953114509583
15,1,20,0.2809415177915169,-1.0106090709444844,0.6623894572257996
15,1,21,0.40580441458774663,-0.9013540362477834,0.8106538653373718
15,1,22,0.25752972464222385,-0.9871972777951913,0.6494781970977783
15,1,23,0.06243144839811487,-0.0039019655248821792,0.9957233667373656
15,1,24,-0.06243144839811487,0.0039019655248821792,0.9933716654777528
15,1,25,0.03901965524882179,0.7920990015510824,0.529565155506134
15,1,26,-0.04682358629858615,0.8233147257501398,0.4966960251331329
15,1,27,-0.10145110364693666,1.5100606581294034,0.580734372138977
15,1,28,-0.0936471725971723,1.5959038996768113,0.5184516310691833
15,1,29,-0.19509827624410897,1.697355003323748,0.5981351733207703
15,1,30,-0.17168648309481588,1.744178589622334,0.5417452454566956
15,1,31,0.1326668278459941,1.6661392791246905,0.6642956733703613
15,1,32,0.2419218625426951,1.767590382771627,0.6066322326660156
15,2,0,-0.28526387326459984,-1.372350525435102,0.9993244409561156
15,2,1,-0.26213437002692963,-1.4417390351481127,0.9993723034858704
15,2,2,-0.25442453561437284,-1.4417390351481127,0.9992798566818236
15,2,3,-0.2467147012018161,-1.4417390351481127,0.9994281530380248
15,2,4,-0.2775540388520431,-1.4417390351481127,0.9991801381111144
15,2,5,-0.2775540388520431,-1.4417390351481127,0.9989575743675232
15,2,6,-0.2775540388520431,-1.4417390351481127,0.9990829229354858
15,2,7,-0.18503602590136206,-1.4108996974978858,0.9990383982658386
15,2,8,-0.2158753635515891,-1.4108996974978858,0.9989364743232728
15,2,9,-0.2467147012018161,-1.2952521813095346,0.99928218126297
15,2,10,-0.2775540388520431,-1.2952521813095346,0.9990688562393188
15,2,11,-0.007709834412556753,-0.9945686392198212,0.9995013475418092
15,2,12,-0.2004556947264756,-0.9945686392198212,0.9989790320396424
15,2,13,-0.08480817853812428,-0.4625900647534052,0.6545942425727844
15,2,14,-0.31610321091482685,-0.48571956799107546,0.5771998763084412
15,2,15,-0.38549172062783765,-0.7632736068431185,0.8605896234512329
15,2,16,-0.5782375809417565,-0.7015949315426645,0.6632694005966187
15,2,17,-0.48571956799107546,-0.8326621165561293,0.8441869616508484
15,2,18,-0.6476260906547673,-0.7247244347803348,0.6476855278015137
15,2,19,-0.44717039592829166,-0.8943407918565833,0.8431797623634338
15,2,20,-0.6322064218296537,-0.7709834412556753,0.644139289855957
15,2,21,-0.41633105827806466,-0.8712112886189131,0.8226726055145264
15,2,22,-0.5859474153543133,-0.7632736068431185,0.6324195861816406
15,2,23,0.06938850971301078,0.0,0.9956110715866088
15,2,24,-0.06938850971301078,0.0,0.9933584928512572
15,2,25,0.046259006475340515,0.7941129444933456,0.5589897632598877
15,2,26,0.007709834412556753,0.809532613318459,0.4672671556472778
15,2,27,0.13106718501346482,1.6807439019373722,0.5998448729515076
15,2,28,0.13877701942602155,1.595935723399248,0.4940051436424255
15,2,29,0.22358519796414583,1.8503602590136208,0.6112626194953918
15,2,30,0.20816552913903233,1.7655520804754965,0.5250769257545471
15,2,31,-0.19274586031391883,1.842650424601064,0.6741837859153748
15,2,32,-0.10793768177579455,1.7886815837131667,0.5859629511833191
16,1,0,0.1282407089130184,-1.3873313055135625,0.9992329478263856
16,1,1,0.11269638055992526,-1.4572807831024817,0.9993228912353516
16,1,2,0.10492421638337868,-1.4572807831024817,0.9992219805717468
16,1,3,0.10492421638337868,-1.4572807831024817,0.999382734298706
16,1,4,0.09715205220683211,-1.4495086189259352,0.99911630153656
16,1,5,0.08937988803028554,-1.4495086189259352,0.9988790154457092
16,1,6,0.08160772385373898,-1.4495086189259352,0.9990339875221252
16,1,7,0.027202574617912992,-1.4184199622197489,0.9989189505577089
16,1,8,0.0038860820882732844,-1.4106477980432024,0.9989240765571594
16,1,9,0.14378503726611153,-1.3173818279246434,0.999202847480774
16,1,10,0.12046854473647182,-1.309609663748097,0.9990187287330629
16,1,11,-0.0505190671475527,-0.9987230966862342,0.9994419813156128
16,1,12,-0.0505190671475527,-0.9987230966862342,0.9990368485450744
16,1,13,0.04274690297100613,-0.47021593268106743,0.5947105288505554
16,1,14,0.03497473879445956,-0.46244376850452085,0.6168275475502014
16,1,15,0.21373451485503064,-0.7577860072132905,0.8007281422615051
16,1,16,0.2992283207970429,-0.7966468280960234,0.6916705369949341
16,1,17,0.3303169775032292,-0.8044189922725699,0.7934728860855103
16,1,18,0.423582947621788,-0.8355076489787562,0.6748910546302795
16,1,19,0.36140563420941546,-0.8899127982145821,0.7933267951011658
16,1,20,0.4080386192686949,-0.8899127982145821,0.6708356738090515
16,1,21,0.28368399244394976,-0.874368469861489,0.7736635208129883
16,1,22,0.3536334700328689,-0.8899127982145821,0.6570287942886353
16,1,23,0.0038860820882732844,-0.0038860820882732844,0.995335340499878
16,1,24,-0.0038860820882732844,0.0038860820882732844,0.9929041862487792
16,1,25,0.01943041044136642,0.8044189922725699,0.5264906287193298
16,1,26,0.0038860820882732844,0.819963320625663,0.5012789368629456
16,1,27,-0.10492421638337868,1.5350024248679475,0.5819829106330872
16,1,28,-0.08937988803028554,1.612724066633413,0.5217388272285461
16,1,29,-0.18264585814884438,1.705990036751972,0.5973501205444336
16,1,30,-0.16710152979575124,1.760395185987798,0.5467895269393921
16,1,31,0.15932936561920466,1.667129215869239,0.6662181615829468
16,1,32,0.2525953357377635,1.7837116785174376,0.6083289980888367
16,2,0,-0.24648104315730643,-1.3423736811951765,0.9992838501930236
16,2,1,-0.21614491476871486,-1.4106299700695075,0.9993754625320436
16,2,2,-0.20856088267156697,-1.4106299700695075,0.9992831349372864
16,2,3,-0.20097685057441908,-1.4106299700695075,0.9994311928749084
16,2,4,-0.22372894686586275,-1.4106299700695075,0.999183177947998
16,2,5,-0.22372894686586275,-1.4106299700695075,0.9989648461341858
16,2,6,-0.21614491476871486,-1.4106299700695075,0.9991108775138856
16,2,7,-0.21614491476871486,-1.387877873778064,0.9990144371986388
16,2,8,-0.23889701106015854,-1.380293841680916,0.9989995360374452
16,2,9,-0.20856088267156697,-1.2817014244179934,0.9992468953132628
16,2,10,-0.22372894686586275,-1.2741173923208455,0.9990602731704712
16,2,11,-0.13272056170008809,-1.0010922368235216,0.999482810497284
16,2,12,-0.09480040121434863,-0.9859241726292257,0.9989628195762634
16,2,13,-0.13272056170008809,-0.4550419258288734,0.6332072019577026
16,2,14,-0.13272056170008809,-0.4550419258288734,0.5588891506195068
16,2,15,-0.3754095888088205,-0.7128990171319016,0.8102156519889832
16,2,16,-0.13272056170008809,-0.6370586961604228,0.627436101436615
16,2,17,-0.47400200607174314,-0.7659872418119369,0.7982791662216187
16,2,18,-0.23131297896301065,-0.7280670813261975,0.6140304207801819
16,2,19,-0.43608184558600366,-0.8342435306862679,0.7978187203407288
16,2,20,-0.13272056170008809,-0.7432351455204932,0.6102997660636902
16,2,21,-0.4057457171974121,-0.8190754664919722,0.7769924998283386
16,2,22,-0.14030459379723595,-0.7432351455204932,0.5982664823532104
16,2,23,-0.026544112340017613,0.0,0.995627224445343
16,2,24,0.026544112340017613,0.0,0.9932113289833068
16,2,25,-0.07204830492290495,0.7887393381033806,0.5506133437156677
16,2,26,0.041712176534313396,0.7811553060062326,0.4654902219772339
16,2,27,0.09480040121434863,1.6760710934696836,0.5994090437889099
16,2,28,0.14030459379723595,1.569894644109613,0.4893785417079925
16,2,29,0.1933928184772712,1.8353357675097894,0.610114336013794
16,2,30,0.21614491476871486,1.7139912539554232,0.5200334191322327
16,2,31,-0.15547265799153173,1.789831574926902,0.6750759482383728
16,2,32,-0.026544112340017613,1.6912391576639794,0.579590916633606
17,1,0,0.13730460445574305,-1.365418010976556,0.9992915391921996
17,1,1,0.08390836938962075,-1.4264422796235527,0.9993976354599
17,1,2,0.08390836938962075,-1.4264422796235527,0.9993088245391846
17,1,3,0.09916443655136999,-1.4264422796235527,0.9994497299194336
17,1,4,0.08390836938962075,-1.4188142460426783,0.9992082118988036
17,1,5,0.07628033580874614,-1.4188142460426783,0.998996913433075
17,1,6,0.07628033580874614,-1.4188142460426783,0.9991405010223388
17,1,7,0.030512134323498457,-1.3959301453000543,0.999030351638794
17,1,8,0.015256067161749228,-1.3883021117191798,0.9990564584732056
17,1,9,0.12967657087486845,-1.2967657087486844,0.9992634654045104
17,1,10,0.12204853729399383,-1.2891376751678099,0.9991002082824708
17,1,11,-0.053396235066122295,-1.006900432675449,0.999450147151947
17,1,12,-0.022884100742623842,-0.9916443655136998,0.9990360736846924
17,1,13,0.03814016790437307,-0.46531004843335144,0.5755664706230164
17,1,14,0.053396235066122295,-0.44242594769072763,0.5995279550552368
17,1,15,0.19832887310273997,-0.7170351566022137,0.7559716105461121
17,1,16,0.3203774103967338,-0.7399192573448375,0.6575794219970703
17,1,17,0.35851757830110687,-0.7551753245065868,0.7535381317138672
17,1,18,0.43479791410985297,-0.7933154924109599,0.6419922709465027
17,1,19,0.35088954472023226,-0.8238276267344583,0.7539138793945312
17,1,20,0.43479791410985297,-0.8314556603153329,0.6373869180679321
17,1,21,0.2974933096541099,-0.8161995931535837,0.7340040802955627
17,1,22,0.39665774620547994,-0.8238276267344583,0.6227430701255798
17,1,23,-0.030512134323498457,0.0,0.9954571723937988
17,1,24,0.030512134323498457,0.0,0.9929069876670836
17,1,25,0.022884100742623842,0.7856874588300853,0.5202824473381042
17,1,26,0.053396235066122295,0.7933154924109599,0.5012979507446289
17,1,27,-0.09153640297049537,1.5179786825940482,0.584567666053772
17,1,28,-0.053396235066122295,1.579002951241045,0.5194051861763
17,1,29,-0.1678167387792415,1.6934234549541642,0.597615122795105
17,1,30,-0.12967657087486845,1.7086795221159135,0.5433566570281982
17,1,31,0.13730460445574305,1.640027219888042,0.6690769195556641
17,1,32,0.2669811753306115,1.701051488535039,0.6034480333328247
17,2,0,-0.2762694563883291,-1.3253467164575248,0.9993400573730468
17,2,1,-0.2613359722592303,-1.3850806529739204,0.9994435906410216
17,2,2,-0.25386923019468083,-1.3850806529739204,0.9993613362312316
17,2,3,-0.23893574606558193,-1.3925473950384697,0.9994916319847108
17,2,4,-0.26880271432377967,-1.3850806529739204,0.9992671608924866
17,2,5,-0.26880271432377967,-1.3850806529739204,0.999071478843689
17,2,6,-0.2613359722592303,-1.3850806529739204,0.999207615852356
17,2,7,-0.2613359722592303,-1.3626804267802721,0.9991143345832824
17,2,8,-0.2762694563883291,-1.3552136847157226,0.9991188645362854
17,2,9,-0.24640248813013138,-1.2581460378765799,0.9993064403533936
17,2,10,-0.2613359722592303,-1.2581460378765799,0.9991446137428284
17,2,11,-0.15680158335553815,-0.9968100656173496,0.9994879364967346
17,2,12,-0.13440135716188983,-0.9818765814882509,0.9990052580833436
17,2,13,-0.22400226193648307,-0.4592046369697903,0.6168367266654968
17,2,14,-0.14933484129098873,-0.4442711528406914,0.5471035242080688
17,2,15,-0.3957373294211201,-0.6981403830353723,0.7751684188842773
17,2,16,-0.28373619845287856,-0.6981403830353723,0.6028668284416199
17,2,17,-0.4853382341957133,-0.7429408354226689,0.7691529393196106
17,2,18,-0.37333710322747177,-0.7504075774872183,0.5910406112670898
17,2,19,-0.4554712659375156,-0.8026747719390643,0.7691674828529358
17,2,20,-0.32106990877562575,-0.7952080298745149,0.586956799030304
17,2,21,-0.4181375556147684,-0.7952080298745149,0.7491557598114014
17,2,22,-0.291202940517428,-0.7728078036808667,0.5744563341140747
17,2,23,-0.03733371032274718,0.0037333710322747177,0.9956767559051514
17,2,24,0.03733371032274718,-0.0037333710322747177,0.9931755661964417
17,2,25,-0.06720067858094492,0.8250749981327127,0.5471377968788147
17,2,26,0.02986696825819774,0.7952080298745149,0.4688970446586609
17,2,27,0.08960090477459323,1.6389498831686011,0.6030285954475403
17,2,28,0.13440135716188983,1.549348978394008,0.4905731976032257
17,2,29,0.18666855161373588,1.7957514665241394,0.6163617968559265
17,2,30,0.21653551987193365,1.7136173038140956,0.5230638384819031
17,2,31,-0.17920180954918646,1.758417756201392,0.6797110438346863
17,2,32,-0.044800452387296616,1.668816851426799,0.578273355960846
18,1,0,0.13357222021587933,-1.354803947903919,0.9991830587387084
18,1,1,0.07251063383147735,-1.4158655342883208,0.9993086457252502
18,1,2,0.07251063383147735,-1.4158655342883208,0.9992232322692872
18,1,3,0.0801433321295276,-1.4158655342883208,0.999382495880127
18,1,4,0.07251063383147735,-1.4158655342883208,0.999106764793396
18,1,5,0.057245237235376854,-1.4158655342883208,0.9989027380943298
18,1,6,0.04961253893732661,-1.4158655342883208,0.9990869760513306
18,1,7,0.026714444043175866,-1.3853347410961199,0.9988239407539368
18,1,8,0.011449047447075372,-1.3777020427980697,0.9989959597587584
18,1,9,0.1259395219178291,-1.2861096632214666,0.9990631937980652
18,1,10,0.11830682361977883,-1.2861096632214666,0.9989010095596312
18,1,11,-0.026714444043175866,-1.0036998261936074,0.9994152188301086
18,1,12,-0.0038163491490251235,-0.9960671278955573,0.999055564403534
18,1,13,0.011449047447075372,-0.46177824703203996,0.5613759160041809
18,1,14,0.057245237235376854,-0.4388801521378892,0.5906038880348206
18,1,15,0.1793684100041808,-0.31675697936908526,0.7078741788864136
18,1,16,0.3243896776671355,-0.7518207823579494,0.6388015151023865
18,1,17,0.24806269468663303,-0.27859348787883403,0.7046225666999817
18,1,18,0.431247453839839,-0.7976169721462508,0.6257673501968384
18,1,19,0.2709607895807838,-0.3243896776671355,0.7046934366226196
18,1,20,0.42361475554178873,-0.8434131619345523,0.6214608550071716
18,1,21,0.24806269468663303,-0.339655074263236,0.6870301961898804
18,1,22,0.3854512640515375,-0.8281477653384518,0.6074463725090027
18,1,23,-0.034347142341226114,-0.0038163491490251235,0.9953764081001282
18,1,24,0.034347142341226114,0.0038163491490251235,0.9928661584854126
18,1,25,0.0038163491490251235,0.8052496704443011,0.5199990272521973
18,1,26,0.026714444043175866,0.8205150670404016,0.5000085830688477
18,1,27,-0.10304142702367834,1.5227233104610243,0.5868359804153442
18,1,28,-0.07251063383147735,1.5914175951434766,0.5199429392814636
18,1,29,-0.1641030134080803,1.69827537131618,0.6023162007331848
18,1,30,-0.13357222021587933,1.728806164508381,0.5452497005462646
18,1,31,0.13357222021587933,1.6753772764220294,0.6702010035514832
18,1,32,0.26332809128273355,1.7135407679122805,0.6025395393371582
18,2,0,-0.24911336800361183,-1.3361535192921,0.9992449283599854
18,2,1,-0.24156447806410847,-1.3889957488686235,0.999365210533142
18,2,2,-0.23401558812460507,-1.396544638808127,0.9992863535881042
18,2,3,-0.21891780824559828,-1.396544638808127,0.9994328618049622
18,2,4,-0.24911336800361183,-1.3889957488686235,0.9991782903671264
18,2,5,-0.24911336800361183,-1.3889957488686235,0.99899023771286
18,2,6,-0.24911336800361183,-1.3889957488686235,0.9991621971130372
18,2,7,-0.22646669818510168,-1.3663490790501134,0.998928964138031
18,2,8,-0.24911336800361183,-1.35880018911061,0.9990700483322144
18,2,9,-0.21891780824559828,-1.2682135098365694,0.9991267323493958
18,2,10,-0.23401558812460507,-1.2682135098365694,0.9989655017852784
18,2,11,-0.10568445915304744,-1.0040023619539509,0.9994571805000304
18,2,12,-0.135880018911061,-0.9813556921354406,0.9990062713623048
18,2,13,-0.20382002836659152,-0.4604822863097067,0.6038777828216553
18,2,14,-0.135880018911061,-0.43783561649119657,0.5374375581741333
18,2,15,-0.3623467170961627,-0.4755800661887135,0.7306398749351501
18,2,16,-0.2113689183060949,-0.6567534247367949,0.5833373069763184
18,2,17,-0.46803117624921015,-0.49822673600722367,0.7233905792236328
18,2,18,-0.3397000472776525,-0.7171445442528219,0.573673665523529
18,2,19,-0.4302867265516932,-0.543520075644244,0.7231529355049133
18,2,20,-0.30195559758013557,-0.7850845537083525,0.5698002576828003
18,2,21,-0.39254227685417625,-0.5359711857047407,0.7049453854560852
18,2,22,-0.271760037822122,-0.7775356637688491,0.5577413439750671
18,2,23,-0.00754888993950339,0.0,0.9956663846969604
18,2,24,0.00754888993950339,0.0,0.9931996464729308
18,2,25,-0.022646669818510167,0.8303778933453728,0.5487638115882874
18,2,26,0.01509777987900678,0.8152801134663661,0.4679160714149475
18,2,27,0.10568445915304744,1.6456580068117388,0.6085655689239502
18,2,28,0.15097779879006779,1.5777179973562083,0.4928716123104095
18,2,29,0.19627113842708813,1.8041846955413101,0.6222676038742065
18,2,30,0.21891780824559828,1.7362446860857794,0.5248922109603882
18,2,31,-0.15852668872957118,1.7890869156623033,0.6845899820327759
18,2,32,-0.03019555975801356,1.6985002363882626,0.5813668370246887
19,1,0,0.196061058141959,-1.3608944035735977,0.9991466403007508
19,1,1,0.12686303762126758,-1.4224037551475457,0.9992939233779908
19,1,2,0.11917436867452409,-1.4224037551475457,0.999215006828308
19,1,3,0.11148569972778061,-1.4224037551475457,0.9993704557418824
19,1,4,0.12686303762126758,-1.4224037551475457,0.999071717262268
19,1,5,0.11917436867452409,-1.4224037551475457,0.9988695979118348
19,1,6,0.10379703078103712,-1.4147150862008022,0.9990694522857666
19,1,7,0.07304235499406316,-1.3916490793605718,0.9987683296203612
19,1,8,0.05766501710057618,-1.3839604104138283,0.9990052580833436
19,1,9,0.17299505130172854,-1.2916963830529065,0.9989814162254332
19,1,10,0.17299505130172854,-1.2916963830529065,0.9988328814506532
19,1,11,0.011533003420115236,-1.0072156320233971,0.9994267821311952
19,1,12,0.049976348153832686,-0.9918382941299102,0.9990622997283936
19,1,13,0.042287679207089195,-0.4536314678578659,0.5501956939697266
19,1,14,0.05766501710057618,-0.42287679207089196,0.5814225673675537
19,1,15,0.24219307182241995,-0.3075467578697396,0.6718805432319641
19,1,16,0.3421457681300853,-0.6842915362601706,0.6208450198173523
19,1,17,0.32676843023659835,-0.26910341313602215,0.6684547066688538
19,1,18,0.44978713338449416,-0.7304235499406315,0.6098350882530212
19,1,19,0.3575231060235723,-0.3075467578697396,0.668414294719696
19,1,20,0.4344097954910072,-0.799621570461323,0.605787992477417
19,1,21,0.32676843023659835,-0.3229240957632266,0.652323842048645
19,1,22,0.38827778181054623,-0.7919329015145795,0.5924064517021179
19,1,23,-0.042287679207089195,-0.00768866894674349,0.995463490486145
19,1,24,0.042287679207089195,0.00768866894674349,0.9930291175842284
19,1,25,0.026910341313602214,0.799621570461323,0.524669349193573
19,1,26,0.06535368604731967,0.830376246248297,0.5011855363845825
19,1,27,-0.049976348153832686,1.5300451204019545,0.5986059904098511
19,1,28,-0.026910341313602214,1.599243140922646,0.523722231388092
19,1,29,-0.12686303762126758,1.6991958372303113,0.6112136244773865
19,1,30,-0.11917436867452409,1.737639181964029,0.5468106269836426
19,1,31,0.14992904446149805,1.676129830390081,0.6798250079154968
19,1,32,0.25757040971590695,1.7299505130172852,0.6064692735671997
19,2,0,-0.2513297312960367,-1.335423646886404,0.999206006526947
19,2,1,-0.22882259117997372,-1.4029450672345931,0.9993462562561036
19,2,2,-0.22132021114128606,-1.4029450672345931,0.9992727637290956
19,2,3,-0.21381783110259842,-1.4029450672345931,0.9994171857833862
19,2,4,-0.2363249712186614,-1.4029450672345931,0.9991390109062196
19,2,5,-0.2363249712186614,-1.4029450672345931,0.9989509582519532
19,2,6,-0.2363249712186614,-1.3954426871959054,0.9991380572319032
19,2,7,-0.20631545106391075,-1.3654331670411548,0.998874008655548
19,2,8,-0.22132021114128606,-1.3654331670411548,0.9990630745887756
19,2,9,-0.21381783110259842,-1.2679022265382152,0.9990442395210266
19,2,10,-0.22882259117997372,-1.2603998464995274,0.9988848567008972
19,2,11,-0.0937797504835958,-1.0053189251841468,0.999462068080902
19,2,12,-0.12378927063834644,-0.9828117850680839,0.9989477396011353
19,2,13,-0.1537987907930971,-0.46514756239863514,0.5937346816062927
19,2,14,-0.1688035508704724,-0.4501428023212598,0.5285354256629944
19,2,15,-0.356363051837664,-0.45764518235994744,0.6997252106666565
19,2,16,-0.30384639156685034,-0.645204683327139,0.5674208998680115
19,2,17,-0.446391612301916,-0.4426404222825721,0.693428099155426
19,2,18,-0.38637257199241465,-0.6827165835205774,0.5600658655166626
19,2,19,-0.43138685222454065,-0.46514756239863514,0.6931414604187012
19,2,20,-0.3638654318763517,-0.712726103675328,0.5566539764404297
19,2,21,-0.40137733206979,-0.4801523224760105,0.6767712235450745
19,2,22,-0.3413582917602887,-0.712726103675328,0.5454169511795044
19,2,23,0.011253570058031495,0.0,0.9956626892089844
19,2,24,-0.011253570058031495,0.0,0.9932212233543396
19,2,25,0.011253570058031495,0.8402665643330183,0.5580796599388123
19,2,26,-0.003751190019343832,0.8177594242169552,0.4772047996520996
19,2,27,0.11628689059965878,1.6430212284725982,0.6242852210998535
19,2,28,0.13879403071572177,1.5529926680083463,0.5044568181037903
19,2,29,0.21381783110259842,1.8155759693624145,0.6358227729797363
19,2,30,0.22132021114128606,1.7180450288594749,0.5356897711753845
19,2,31,-0.14629641075440944,1.785566449207664,0.696296215057373
19,2,32,-0.04126309021278215,1.6955378887434118,0.5910450220108032
20,1,0,0.20894947741655945,-1.3929965161103963,0.9991271495819092
20,1,1,0.14703852114498628,-1.4549074723819695,0.9992691874504088
20,1,2,0.14703852114498628,-1.4549074723819695,0.999192237854004
20,1,3,0.13929965161103963,-1.4549074723819695,0.9993440508842468
20,1,4,0.13929965161103963,-1.4471686028480228,0.9990447759628296
20,1,5,0.13156078207709299,-1.4471686028480228,0.998835563659668
20,1,6,0.1160830430091997,-1.4394297333140762,0.999043881893158
20,1,7,0.07738869533946646,-1.400735385644343,0.998719036579132
20,1,8,0.054172086737626524,-1.3852576465764497,0.999015212059021
20,1,9,0.2012106078826128,-1.3156078207709299,0.998931646347046
20,1,10,0.1857328688147195,-1.3156078207709299,0.998823583126068
20,1,11,0.06191095627157317,-1.006053039413064,0.9994461536407472
20,1,12,0.054172086737626524,-0.9905753003451707,0.9990180134773254
20,1,13,0.030955478135786585,-0.4488544329689055,0.5440176725387573
20,1,14,-0.015477739067893292,-0.4178989548331189,0.5736656785011292
20,1,15,0.2012106078826128,-0.34051025949365243,0.6470437049865723
20,1,16,0.34051025949365243,-0.634587301783625,0.6054059267044067
20,1,17,0.4024212157652256,-0.27859930322207926,0.6447623372077942
20,1,18,0.4565933025028521,-0.6500650408515183,0.5958688855171204
20,1,19,0.4333766939010122,-0.3172936508918125,0.6450180411338806
20,1,20,0.4565933025028521,-0.6964982580551982,0.5922472476959229
20,1,21,0.39468234623127896,-0.3327713899597058,0.6306933760643005
20,1,22,0.41016008529917225,-0.6964982580551982,0.5790057182312012
20,1,23,-0.02321660860183994,-0.015477739067893292,0.9952579736709596
20,1,24,0.02321660860183994,0.015477739067893292,0.9928720593452454
20,1,25,0.02321660860183994,0.7351926057249314,0.5300135612487793
20,1,26,0.06964982580551982,0.8203201705983445,0.5058140158653259
20,1,27,-0.04643321720367988,1.423951994246183,0.6079914569854736
20,1,28,-0.030955478135786585,1.555512776323276,0.530342698097229
20,1,29,-0.12382191254314634,1.5787293849251158,0.6206610202789307
20,1,30,-0.13929965161103963,1.6715958193324756,0.5543270111083984
20,1,31,0.12382191254314634,1.5709905153911692,0.6845178008079529
20,1,32,0.20894947741655945,1.7025512974682622,0.6111573576927185
20,2,0,-0.2567351330967084,-1.3794723569375378,0.9991649985313416
20,2,1,-0.22608019183142977,-1.4484459747844145,0.9993024468421936
20,2,2,-0.21841645651511013,-1.4484459747844145,0.9992287755012512
20,2,3,-0.2107527211987905,-1.4484459747844145,0.9993737936019896
20,2,4,-0.23374392714774944,-1.440782239468095,0.999080240726471
20,2,5,-0.23374392714774944,-1.440782239468095,0.9988787174224854
20,2,6,-0.23374392714774944,-1.4331185041517753,0.9990801811218262
20,2,7,-0.2107527211987905,-1.394799827570177,0.998805582523346
20,2,8,-0.22608019183142977,-1.3794723569375378,0.9990269541740416
20,2,9,-0.22608019183142977,-1.2951712684580214,0.9989824295043944
20,2,10,-0.23374392714774944,-1.2951712684580214,0.9988375306129456
20,2,11,-0.11878789740295463,-1.0039493264378747,0.999484658241272
20,2,12,-0.1264516327192743,-0.9809581204889157,0.9989098906517028
20,2,13,-0.10346042677031532,-0.45216038366285954,0.5885552763938904
20,2,14,-0.16477030930087255,-0.43683291303022026,0.5243326425552368
20,2,15,-0.34869995689254424,-0.45216038366285954,0.6802247166633606
20,2,16,-0.33337248625990495,-0.574780148723974,0.5604079961776733
20,2,17,-0.4176735747394211,-0.45216038366285954,0.6766592860221863
20,2,18,-0.4176735747394211,-0.597771354672933,0.554020345211029
20,2,19,-0.40234610410678184,-0.5058065308770971,0.6766538619995117
20,2,20,-0.37935489815782286,-0.6284262959382116,0.551372230052948
20,2,21,-0.3640274275251836,-0.5058065308770971,0.662366509437561
20,2,22,-0.3640274275251836,-0.6360900312545312,0.5409119129180908
20,2,23,-0.034486808923438445,-0.007663735316319654,0.9953617453575134
20,2,24,0.034486808923438445,0.007663735316319654,0.992728054523468
20,2,25,-0.07280548550503671,0.7893647375809243,0.5636416077613831
20,2,26,-0.003831867658159827,0.8123559435298833,0.4885790348052978
20,2,27,0.07280548550503671,1.5557382692128896,0.6340301036834717
20,2,28,0.10346042677031532,1.54807453389657,0.5154898166656494
20,2,29,0.17243404461719222,1.7626591227535204,0.6448073387145996
20,2,30,0.17243404461719222,1.6553668283250451,0.5480785369873047
20,2,31,-0.18009777993351186,1.7396679168045615,0.701427698135376
20,2,32,-0.07280548550503671,1.6936855049066435,0.5990534424781799
21,1,0,0.2338541489964663,-1.4318438245573113,0.9990793466567992
21,1,1,0.18462169657615762,-1.5056925031877744,0.9991967678070068
21,1,2,0.1764162878394395,-1.5056925031877744,0.999110758304596
21,1,3,0.1682108791027214,-1.5056925031877744,0.9992706775665284
21,1,4,0.1682108791027214,-1.497487094451056,0.9990026950836182
21,1,5,0.16000547036600327,-1.489281685714338,0.9988041520118712
21,1,6,0.14359465289256704,-1.48107627697762,0.9990327954292296
21,1,7,0.09436220047225834,-1.4400492332940293,0.9985042214393616
21,1,8,0.07795138299882211,-1.415433007083875,0.9990154504776
21,1,9,0.2338541489964663,-1.3497897371901302,0.9988061189651488
21,1,10,0.21744333152303008,-1.3497897371901302,0.9988017678260804
21,1,11,0.11077301794569457,-1.0051625702479692,0.9993990659713744
21,1,12,0.045129748051949636,-0.988751752774533,0.99899822473526
21,1,13,0.06154056552538587,-0.43898936741441924,0.5357121825218201
21,1,14,-0.06154056552538587,-0.4061677324675467,0.5703080892562866
21,1,15,0.18462169657615762,-0.21744333152303008,0.6207125782966614
21,1,16,0.3487298713105199,-0.4800164110980098,0.5991464257240295
21,1,17,0.3487298713105199,-0.15180006162928514,0.6205258965492249
21,1,18,0.4800164110980098,-0.4307839586777011,0.5908103585243225
21,1,19,0.31590823636364745,-0.19282710531287572,0.6208561658859253
21,1,20,0.5046326373081641,-0.4882218198347279,0.5880451798439026
21,1,21,0.3487298713105199,-0.21744333152303008,0.6082727313041687
21,1,22,0.46360559362457354,-0.5128380460448823,0.5749308466911316
21,1,23,-0.004102704368359058,-0.012308113105077175,0.995101034641266
21,1,24,0.004102704368359058,0.012308113105077175,0.9928494691848756
21,1,25,0.028718930578513407,0.7425894906729895,0.5312248468399048
21,1,26,0.11077301794569457,0.8246435780401706,0.5183560848236084
21,1,27,-0.05333515678866776,1.4482546420307476,0.6163406372070312
21,1,28,-0.045129748051949636,1.5959519992916735,0.542753279209137
21,1,29,-0.1353892441558489,1.6698006779221366,0.628156304359436
21,1,30,-0.16000547036600327,1.7436493565525997,0.5661048293113708
21,1,31,0.1271838354191308,1.5713357730815192,0.6873728632926941
21,1,32,0.20923792278631195,1.7518547652893177,0.6199129223823547
21,2,0,-0.21236156131706888,-1.4000132560903058,0.999087691307068
21,2,1,-0.1730353462583524,-1.4629352001842522,0.9991937279701232
21,2,2,-0.16517010324660913,-1.4708004431959956,0.9991145133972168
21,2,3,-0.16517010324660913,-1.4708004431959956,0.9992729425430298
21,2,4,-0.188765832281839,-1.4629352001842522,0.9990003108978271
21,2,5,-0.1809005892700957,-1.455069957172509,0.998815655708313
21,2,6,-0.1809005892700957,-1.455069957172509,0.999033749103546
21,2,7,-0.1730353462583524,-1.4157437421137924,0.9985664486885072
21,2,8,-0.1809005892700957,-1.4000132560903058,0.9989653825759888
21,2,9,-0.188765832281839,-1.321360825972873,0.9988538026809692
21,2,10,-0.20449631830532558,-1.321360825972873,0.998769462108612
21,2,11,-0.0943829161409195,-0.998885862491398,0.999455451965332
21,2,12,-0.1730353462583524,-0.9831553764679114,0.9989753365516664
21,2,13,0.007865243011743291,-0.44831885166936764,0.5817317962646484
21,2,14,-0.0865176731291762,-0.42472312263413775,0.5190416574478149
21,2,15,-0.2674182623992719,-0.41685787962239446,0.658073365688324
21,2,16,-0.07078718710568963,-0.15730486023486584,0.5502173900604248
21,2,17,-0.377531664563678,-0.40112739359890787,0.6573739051818848
21,2,18,-0.0865176731291762,-0.11011340216440609,0.5452855229377747
21,2,19,-0.39326215058716457,-0.45618409468111093,0.6575673818588257
21,2,20,-0.07078718710568963,-0.0943829161409195,0.5427998900413513
21,2,21,-0.3460706925167048,-0.4640493376928542,0.6453723311424255
21,2,22,-0.07865243011743292,-0.10224815915266279,0.5315935611724854
21,2,23,-0.015730486023486583,0.0,0.995445191860199
21,2,24,0.015730486023486583,0.0,0.9929450154304504
21,2,25,-0.16517010324660913,0.7157371140686395,0.5683385133743286
21,2,26,-0.04719145807045975,0.7865243011743291,0.496398389339447
21,2,27,0.07078718710568963,1.4786656862077387,0.6440910696983337
21,2,28,0.06292194409394633,1.533722387289942,0.518371045589447
21,2,29,0.188765832281839,1.698892490536551,0.6534387469291687
21,2,30,0.14157437421137925,1.7146229765600376,0.5534034371376038
21,2,31,-0.14943961722312255,1.620240060419118,0.7049809098243713
21,2,32,-0.05505670108220304,1.6910272475248076,0.6004642844200134
22,1,0,0.2819602344421375,-1.4339691923057278,0.9989107847213744
22,1,1,0.22556818755371,-1.4984172458925022,0.9990293383598328
22,1,2,0.21751218085536322,-1.4984172458925022,0.998908519744873
22,1,3,0.20945617415701645,-1.4984172458925022,0.9990864992141724
22,1,4,0.21751218085536322,-1.4903612391941554,0.9988572597503662
22,1,5,0.20140016745866965,-1.4903612391941554,0.998647928237915
22,1,6,0.18528815406197607,-1.4823052324958086,0.9989180564880372
22,1,7,0.12084010047520179,-1.4500812057024215,0.9981064200401306
22,1,8,0.10472808707850823,-1.4339691923057278,0.9989216923713684
22,1,9,0.27390422774379075,-1.35340912532226,0.9985580444335938
22,1,10,0.25779221434709715,-1.35340912532226,0.998691976070404
22,1,11,0.13695211387189538,-1.0070008372933483,0.9993056654930116
22,1,12,0.06444805358677429,-0.982832817198308,0.9990479350090028
22,1,13,0.02416802009504036,-0.45113637510742,0.527163565158844
22,1,14,-0.09667208038016144,-0.4189123483140329,0.5641935467720032
22,1,15,0.14500812057024215,-0.20140016745866965,0.5972638130187988
22,1,16,0.3302962746322182,-0.2980722478388311,0.5843735337257385
22,1,17,0.21751218085536322,-0.10472808707850823,0.5987522602081299
22,1,18,0.45113637510742,-0.24168020095040357,0.5757871866226196
22,1,19,0.2336241942520568,-0.13695211387189538,0.5991083383560181
22,1,20,0.491416408599154,-0.2819602344421375,0.5728081464767456
22,1,21,0.20945617415701645,-0.1691761406652825,0.5883532166481018
22,1,22,0.45113637510742,-0.2980722478388311,0.5571131706237793
22,1,23,0.008056006698346786,-0.008056006698346786,0.9952305555343628
22,1,24,-0.008056006698346786,0.008056006698346786,0.9930155277252196
22,1,25,0.08861607368181465,0.7008725827561704,0.5301404595375061
22,1,26,0.12889610717354857,0.789488656437985,0.5132953524589539
22,1,27,-0.032224026793387144,1.3856331521156473,0.615537703037262
22,1,28,-0.016112013396693572,1.506473252590849,0.53447026014328
22,1,29,-0.09667208038016144,1.5628652994792764,0.6334543228149414
22,1,30,-0.12889610717354857,1.6675933865577848,0.5645095109939575
22,1,31,0.1691761406652825,1.506473252590849,0.6839097738265991
22,1,32,0.22556818755371,1.6514813731610911,0.6132723093032837
22,2,0,-0.12971053886409645,-1.4153708799582287,0.9988610744476318
22,2,1,-0.08393034867676828,-1.476411133541333,0.9989672303199768
22,2,2,-0.07630031697888026,-1.476411133541333,0.998865842819214
22,2,3,-0.06867028528099223,-1.476411133541333,0.9990581274032592
22,2,4,-0.09919041207254434,-1.468781101843445,0.9987374544143676
22,2,5,-0.09919041207254434,-1.468781101843445,0.9985285997390748
22,2,6,-0.09919041207254434,-1.461151070145557,0.9987767338752748
22,2,7,-0.03815015848944013,-1.4230009116561169,0.9981802105903624
22,2,8,-0.061040253583104206,-1.4153708799582287,0.998659074306488
22,2,9,-0.10682044377043236,-1.3390705629793485,0.9986138939857484
22,2,10,-0.12208050716620841,-1.3390705629793485,0.9985595345497132
22,2,11,0.0,-1.0109791999701634,0.999373972415924
22,2,12,-0.061040253583104206,-0.9880891048764994,0.9989569783210754
22,2,13,0.13734057056198445,-0.4768769811180016,0.5741987824440002
22,2,14,-0.007630031697888026,-0.4539868860243375,0.511555016040802
22,2,15,-0.1754907290514246,-0.3776865690454573,0.6372368931770325
22,2,16,-0.04578019018732816,-0.20219583999403268,0.5341854095458984
22,2,17,-0.297571236217633,-0.30901628376446505,0.6382047533988953
22,2,18,-0.061040253583104206,-0.1487856181088165,0.5286766886711121
22,2,19,-0.33572139470707313,-0.3471664422539052,0.6384514570236206
22,2,20,-0.12971053886409645,-0.17167571320248057,0.5259931087493896
22,2,21,-0.297571236217633,-0.3776865690454573,0.628073513507843
22,2,22,-0.12971053886409645,-0.1793057449003686,0.5124768614768982
22,2,23,0.03815015848944013,0.003815015848944013,0.9955790042877196
22,2,24,-0.03815015848944013,-0.003815015848944013,0.9928941130638124
22,2,25,-0.007630031697888026,0.6523677101694262,0.5602351427078247
22,2,26,0.0,0.6752578052630903,0.4831181168556213
22,2,27,0.08393034867676828,1.4077408482603408,0.6405682563781738
22,2,28,0.015260063395776052,1.3619606580730126,0.5068032741546631
22,2,29,0.22890095093664078,1.5527114505202133,0.6549869775772095
22,2,30,0.09919041207254434,1.5298213554265492,0.5512782335281372
22,2,31,-0.015260063395776052,1.5527114505202133,0.6997514963150024
22,2,32,0.07630031697888026,1.491671196937109,0.593539834022522
23,1,0,0.29888318493714716,-1.4459483811824148,0.9982924461364746
23,1,1,0.23425979359938562,-1.5024938486029562,0.9983741641044616
23,1,2,0.22618186968216544,-1.5024938486029562,0.9982081651687622
23,1,3,0.22618186968216544,-1.5024938486029562,0.998509407043457
23,1,4,0.22618186968216544,-1.494415924685736,0.9982776641845704
23,1,5,0.21002602184772504,-1.494415924685736,0.9980250597000122
23,1,6,0.19387017401328466,-1.4863380007685156,0.9984319806098938
23,1,7,0.1454026305099635,-1.4459483811824148,0.9970475435256958
23,1,8,0.12116885875830291,-1.4378704572651946,0.998390793800354
23,1,9,0.29888318493714716,-1.3651691420102128,0.9980167746543884
23,1,10,0.2827273371027068,-1.3570912180929926,0.9983863830566406
23,1,11,0.1534805544271837,-1.0097404896525244,0.9990969896316528
23,1,12,0.07270131525498175,-0.9774287939836435,0.9990400075912476
23,1,13,0.048467543503321164,-0.48467543503321164,0.5207991003990173
23,1,14,-0.07270131525498175,-0.4200520436954501,0.558437168598175
23,1,15,0.1534805544271837,-0.20194809793050486,0.5768594741821289
23,1,16,0.35542865235768856,-0.24233771751660582,0.574622631072998
23,1,17,0.20194809793050486,-0.10501301092386252,0.5792261958122253
23,1,18,0.47659751111599147,-0.21810394576494524,0.5671256184577942
23,1,19,0.21810394576494524,-0.1373247065927433,0.579520583152771
23,1,20,0.5089092067848723,-0.24233771751660582,0.5642616152763367
23,1,21,0.19387017401328466,-0.16963640226162408,0.5704941153526306
23,1,22,0.46851958719877124,-0.250415641433826,0.5475284457206726
23,1,23,0.01615584783444039,-0.008077923917220195,0.995074987411499
23,1,24,-0.01615584783444039,0.008077923917220195,0.9931844472885132
23,1,25,0.10501301092386252,0.622000141625955,0.5221952199935913
23,1,26,0.12924678267552311,0.7835586199703588,0.5069214105606079
23,1,27,-0.1454026305099635,1.163221044079708,0.6064208149909973
23,1,28,0.048467543503321164,1.5186496964373966,0.5324753522872925
23,1,29,-0.24233771751660582,1.24400028325191,0.6303519606590271
23,1,30,-0.08885716308942214,1.6478964791129196,0.5749461054801941
23,1,31,0.01615584783444039,1.292467826755231,0.6727199554443359
23,1,32,0.25849356535104623,1.623662707361259,0.612625241279602
23,2,0,-0.039026489047875326,-1.4283694991522369,0.9983896017074584
23,2,1,0.0,-1.4908118816288374,0.9984557032585144
23,2,2,0.007805297809575065,-1.4908118816288374,0.9983077049255372
23,2,3,0.01561059561915013,-1.4908118816288374,0.998596489429474
23,2,4,-0.01561059561915013,-1.4830065838192623,0.9983319640159608
23,2,5,-0.01561059561915013,-1.4830065838192623,0.9980918765068054
23,2,6,-0.023415893428725194,-1.4752012860096873,0.9984595775604248
23,2,7,0.04683178685745039,-1.436174796961812,0.9972759485244752
23,2,8,0.007805297809575065,-1.4283694991522369,0.99834406375885
23,2,9,-0.007805297809575065,-1.3581218188660613,0.9981670379638672
23,2,10,-0.03122119123830026,-1.3503165210564863,0.9983918070793152
23,2,11,0.07805297809575065,-1.0146887152447586,0.9991864562034608
23,2,12,0.007805297809575065,-0.9834675240064582,0.998967468738556
23,2,13,0.24196423209682702,-0.4917337620032291,0.5684844255447388
23,2,14,0.07805297809575065,-0.4449019751457787,0.5054911375045776
23,2,15,-0.07805297809575065,-0.3512384014308779,0.6188759207725525
23,2,16,0.04683178685745039,-0.2029377430489517,0.5236256718635559
23,2,17,-0.19513244523937665,-0.2887960189542774,0.6206329464912415
23,2,18,0.0,-0.1561059561915013,0.5190598368644714
23,2,19,-0.23415893428725196,-0.32782250800215273,0.6208242177963257
23,2,20,-0.01561059561915013,-0.19513244523937665,0.5164167284965515
23,2,21,-0.19513244523937665,-0.359043699240453,0.6120724678039551
23,2,22,-0.039026489047875326,-0.1795218496202265,0.5019062161445618
23,2,23,0.09366357371490078,-0.007805297809575065,0.9955195784568788
23,2,24,-0.09366357371490078,0.007805297809575065,0.9935054779052734
23,2,25,0.06244238247660052,0.6478397181947304,0.5611271262168884
23,2,26,0.10146887152447585,0.7336979941000561,0.4838258922100067
23,2,27,0.13269006276277612,1.2566529473415855,0.6385369300842285
23,2,28,0.21854833866810183,1.4049536057235117,0.5149878859519958
23,2,29,0.24196423209682702,1.4205642013426618,0.6587844491004944
23,2,30,0.2966013167638525,1.4986171794384124,0.5701228380203247
23,2,31,-0.05463708466702546,1.319095329818186,0.6968434453010559
23,2,32,0.16391125400107637,1.4830065838192623,0.60508131980896
24,1,0,0.26123918328900203,-1.4328573386457384,0.998258113861084
24,1,1,0.2058248110761834,-1.4882717108585568,0.998329222202301
24,1,2,0.19790847218863789,-1.4882717108585568,0.9981319904327391
24,1,3,0.18999213330109238,-1.4961880497461024,0.9984670877456664
24,1,4,0.19790847218863789,-1.4803553719710114,0.998236358165741
24,1,5,0.18207579441354685,-1.4803553719710114,0.99796062707901
24,1,6,0.1662431166384558,-1.4724390330834658,0.9983853101730348
24,1,7,0.11874508331318273,-1.4328573386457384,0.9969135522842408
24,1,8,0.08707972776300067,-1.4249409997581928,0.998375654220581
24,1,9,0.26123918328900203,-1.3536939497702831,0.9980623722076416
24,1,10,0.24540650551391097,-1.3536939497702831,0.9984318614006042
24,1,11,0.11874508331318273,-1.0132913776058259,0.999047875404358
24,1,12,0.023749016662636548,-0.9816260220556439,0.9990530014038086
24,1,13,0.03958169443772758,-0.49081301102782193,0.514133632183075
24,1,14,-0.26123918328900203,-0.4670639943651854,0.5521603226661682
24,1,15,0.2058248110761834,-0.3087372166142751,0.5612116456031799
24,1,16,0.18999213330109238,-0.19790847218863789,0.5601275563240051
24,1,17,0.26123918328900203,-0.19790847218863789,0.5648596286773682
24,1,18,0.28498819995163854,-0.18999213330109238,0.5513415932655334
24,1,19,0.3087372166142751,-0.22957382773881996,0.565234899520874
24,1,20,0.3245698943893661,-0.22957382773881996,0.5471680164337158
24,1,21,0.26915552217654753,-0.29290453883918405,0.5577988624572754
24,1,22,0.27707186106409304,-0.21374114996372892,0.5278868675231934
24,1,23,0.007916338887545515,-0.01583267777509103,0.9950000047683716
24,1,24,-0.007916338887545515,0.01583267777509103,0.993354082107544
24,1,25,0.03166535555018206,0.6808051443289144,0.5154581665992737
24,1,26,0.07124704998790964,0.7362195165417329,0.5059405565261841
24,1,27,-0.01583267777509103,1.3378612719951921,0.5952406525611877
24,1,28,0.0,1.4170246608706472,0.521334171295166
24,1,29,-0.11874508331318273,1.4803553719710114,0.6245500445365906
24,1,30,-0.11874508331318273,1.519937066408739,0.5678490996360779
24,1,31,0.17415945552600134,1.4249409997581928,0.6583960056304932
24,1,32,0.22957382773881996,1.5278534052962844,0.601111650466919
24,2,0,-0.1997873219697371,-1.4138795093242933,0.9982056617736816
24,2,1,-0.14599842759326942,-1.467668403700761,0.9982022643089294
24,2,2,-0.13063017205713578,-1.467668403700761,0.9980543255805968
24,2,3,-0.12294604428906898,-1.4753525314688278,0.9984188675880432
24,2,4,-0.15368255536133624,-1.467668403700761,0.9979867935180664
24,2,5,-0.16136668312940303,-1.467668403700761,0.9976706504821776
24,2,6,-0.16136668312940303,-1.467668403700761,0.9980037808418274
24,2,7,-0.08452540544873492,-1.4138795093242933,0.9970696568489076
24,2,8,-0.12294604428906898,-1.4138795093242933,0.9976552128791808
24,2,9,-0.17673493866553666,-1.3370382316436251,0.9981269240379332
24,2,10,-0.1921031942016703,-1.3370382316436251,0.9981192350387572
24,2,11,0.015368255536133623,-1.014304865384819,0.9991421103477478
24,2,12,-0.10757778875293536,-0.9835683543125519,0.998854637145996
24,2,13,0.16905081089746984,-0.5071524326924095,0.5625836849212646
24,2,14,-0.2074714497378039,-0.4917841771562759,0.4995702505111694
24,2,15,-0.09220953321680174,-0.3150492384907393,0.6048898100852966
24,2,16,-0.16136668312940303,-0.21515557750587072,0.5109544992446899
24,2,17,-0.1921031942016703,-0.1997873219697371,0.6078040599822998
24,2,18,-0.1997873219697371,-0.12294604428906898,0.5056456327438354
24,2,19,-0.26126034411427157,-0.23052383304200436,0.6080738306045532
24,2,20,-0.25357621634620475,-0.1383142998252026,0.5021411180496216
24,2,21,-0.25357621634620475,-0.2766285996504052,0.6008391976356506
24,2,22,-0.1921031942016703,-0.16136668312940303,0.4857154488563537
24,2,23,0.023052383304200435,0.0,0.9953398704528807
24,2,24,-0.023052383304200435,0.0,0.9932495951652528
24,2,25,-0.015368255536133623,0.6762032435898794,0.5440658926963806
24,2,26,0.015368255536133623,0.6992556268940798,0.4773604273796081
24,2,27,0.015368255536133623,1.42156363709236,0.615622878074646
24,2,28,0.0691571499126013,1.3677747427158924,0.4970325827598572
24,2,29,-0.16905081089746984,1.582930320221763,0.6418476700782776
24,2,30,-0.07684127768066812,1.4984049147730283,0.5544050335884094
24,2,31,-0.023052383304200435,1.5291414258452956,0.6709667444229126
24,2,32,-0.015368255536133623,1.4753525314688278,0.583207368850708
25,1,0,0.22983870967741934,-1.435483870967742,0.9980578422546388
25,1,1,0.1814516129032258,-1.5,0.9979878067970276
25,1,2,0.17338709677419356,-1.5,0.9977505803108216
25,1,3,0.16532258064516128,-1.5,0.998166024684906
25,1,4,0.17338709677419356,-1.4919354838709677,0.997894823551178
25,1,5,0.15725806451612903,-1.4919354838709677,0.9976003766059875
25,1,6,0.14112903225806453,-1.4919354838709677,0.9980120062828064
25,1,7,0.07661290322580645,-1.4435483870967742,0.996367573738098
25,1,8,0.06048387096774194,-1.435483870967742,0.9977850914001464
25,1,9,0.22983870967741934,-1.3548387096774193,0.9979074597358704
25,1,10,0.21370967741935484,-1.3548387096774193,0.9981953501701356
25,1,11,0.06854838709677419,-0.9919354838709677,0.9987713098526
25,1,12,-0.06854838709677419,-1.0080645161290323,0.9989595413208008
25,1,13,-0.028225806451612902,-0.49193548387096775,0.5092756152153015
25,1,14,-0.42338709677419356,-0.5483870967741935,0.5486840605735779
25,1,15,0.0846774193548387,-0.16129032258064516,0.5464566946029663
25,1,16,0.012096774193548387,-0.21774193548387097,0.5555058717727661
25,1,17,0.10080645161290322,-0.056451612903225805,0.5498629808425903
25,1,18,0.10080645161290322,-0.13709677419354838,0.5466974973678589
25,1,19,0.14112903225806453,-0.06451612903225806,0.5501526594161987
25,1,20,0.14919354838709678,-0.1532258064516129,0.5425727367401123
25,1,21,0.10887096774193548,-0.12096774193548387,0.5440366864204407
25,1,22,0.125,-0.13709677419354838,0.5238765478134155
25,1,23,0.028225806451612902,0.0,0.9946386814117432
25,1,24,-0.028225806451612902,0.0,0.9931833148002625
25,1,25,0.04435483870967742,0.7016129032258065,0.5091782212257385
25,1,26,0.06854838709677419,0.7338709677419355,0.506726086139679
25,1,27,-0.06048387096774194,1.403225806451613,0.5824830532073975
25,1,28,-0.0846774193548387,1.435483870967742,0.51158207654953
25,1,29,-0.1814516129032258,1.5806451612903225,0.6158291697502136
25,1,30,-0.1975806451612903,1.5806451612903225,0.5605195164680481
25,1,31,0.14919354838709678,1.532258064516129,0.6438450217247009
25,1,32,0.10887096774193548,1.5564516129032258,0.5928066372871399
25,2,0,-0.27931114917676986,-1.4120730319492254,0.9980847239494324
25,2,1,-0.2250006479479535,-1.4741421762107298,0.9979628920555116
25,2,2,-0.20948336188257738,-1.4741421762107298,0.9977893829345704
25,2,3,-0.1939660758172013,-1.4741421762107298,0.9982102513313292
25,2,4,-0.2405179340133296,-1.4663835331780417,0.9977776408195496
25,2,5,-0.2405179340133296,-1.4663835331780417,0.9974682331085204
25,2,6,-0.23275929098064155,-1.4663835331780417,0.9977890849113464
25,2,7,-0.11637964549032077,-1.4120730319492254,0.9966566562652588
25,2,8,-0.16293150368644907,-1.4120730319492254,0.9974464178085328
25,2,9,-0.2560352200787057,-1.334486601622345,0.9980450868606568
25,2,10,-0.2715525061440818,-1.334486601622345,0.9980891346931458
25,2,11,0.0,-0.9931063081840705,0.9988937377929688
25,2,12,-0.155172860653761,-1.0008649512167587,0.9987542033195496
25,2,13,0.21724200491526544,-0.5431050122881635,0.5582767128944397
25,2,14,-0.13965557458838493,-0.5508636553208517,0.4962009191513061
25,2,15,-0.08534507335956856,-0.2405179340133296,0.5916733145713806
25,2,16,-0.14741421762107298,-0.21724200491526544,0.5075854659080505
25,2,17,-0.155172860653761,-0.12413828852300882,0.5944274663925171
25,2,18,-0.20172471884988932,-0.09310371639225662,0.5022552013397217
25,2,19,-0.2250006479479535,-0.155172860653761,0.5946264863014221
25,2,20,-0.23275929098064155,-0.10862100245763272,0.4989477396011352
25,2,21,-0.20948336188257738,-0.20172471884988932,0.5886221528053284
25,2,22,-0.1939660758172013,-0.14741421762107298,0.4829788208007812
25,2,23,0.023275929098064155,0.007758643032688051,0.9950374960899352
25,2,24,-0.023275929098064155,-0.007758643032688051,0.993169128894806
25,2,25,0.023275929098064155,0.744829731138053,0.5394597053527832
25,2,26,-0.023275929098064155,0.7215538020399888,0.4746289849281311
25,2,27,0.10086235942494466,1.4043143889165373,0.6035215258598328
25,2,28,0.10086235942494466,1.3887971028511612,0.4877843260765075
25,2,29,0.10086235942494466,1.5905218217010506,0.6299316883087158
25,2,30,0.09310371639225662,1.536211320472234,0.5478260517120361
25,2,31,-0.0775864303268805,1.4508662471126657,0.6576701402664185
25,2,32,-0.08534507335956856,1.4741421762107298,0.5771729350090027
26,1,0,0.26274307772343275,-1.4156753889277496,0.998047173023224
26,1,1,0.20784153909465578,-1.4784200045034948,0.99787437915802
26,1,2,0.19999846214768763,-1.4784200045034948,0.9976634979248048
26,1,3,0.19215538520071948,-1.4784200045034948,0.9980528354644777
26,1,4,0.19215538520071948,-1.4705769275565266,0.9978274703025818
26,1,5,0.1764692313067832,-1.4705769275565266,0.9975451231002808
26,1,6,0.15294000046587877,-1.4705769275565266,0.9978867173194884
26,1,7,0.10588153878406992,-1.4156753889277496,0.9964818358421326
26,1,8,0.07450923099619736,-1.4156753889277496,0.9976338744163512
26,1,9,0.25490000077646463,-1.3450876964050364,0.9979509115219116
26,1,10,0.2313707699355602,-1.3372446194580683,0.9982030391693116
26,1,11,0.10588153878406992,-0.99214923379147,0.9984757304191588
26,1,12,-0.11372461573103806,-1.0078353876854063,0.9988734722137452
26,1,13,0.019607692367420354,-0.552936924761254,0.5073501467704773
26,1,14,-0.44313384750370005,-0.6470538481248718,0.5461218357086182
26,1,15,0.10588153878406992,-0.25490000077646463,0.5350282192230225
26,1,16,-0.05882307710226106,-0.2705861546704009,0.5534269213676453
26,1,17,0.16078307741284692,-0.13725384657194248,0.5383610129356384
26,1,18,0.03529384626135664,-0.09803846183710177,0.5451338887214661
26,1,19,0.19215538520071948,-0.16078307741284692,0.5385971069335938
26,1,20,0.09019538489013364,-0.13725384657194248,0.5414484143257141
26,1,21,0.16862615435981507,-0.19999846214768763,0.5336228013038635
26,1,22,0.07450923099619736,-0.20784153909465578,0.5245349407196045
26,1,23,0.04313692320832478,0.003921538473484071,0.9943304061889648
26,1,24,-0.04313692320832478,-0.003921538473484071,0.99350106716156
26,1,25,0.16862615435981507,0.6548969250718398,0.5086771845817566
26,1,26,-0.027450769314388498,0.7490138484354576,0.5110985040664673
26,1,27,0.027450769314388498,1.1725400035717373,0.570727527141571
26,1,28,-0.027450769314388498,1.431361542821686,0.5208249688148499
26,1,29,-0.06666615404922921,1.2901861577762594,0.6051916480064392
26,1,30,-0.11372461573103806,1.5882230817610488,0.5709495544433594
26,1,31,0.15294000046587877,1.2588138499883867,0.6351485848426819
26,1,32,0.18431230825375133,1.549007697026208,0.6011190414428711
26,2,0,-0.23353698056073588,-1.393688432378585,0.9971559643745422
26,2,1,-0.18080282365992453,-1.4539560402652265,0.9967450499534608
26,2,2,-0.16573592168826418,-1.4539560402652265,0.9968328475952148
26,2,3,-0.1506690197166038,-1.4539560402652265,0.997462511062622
26,2,4,-0.19586972563158492,-1.4539560402652265,0.99603670835495
26,2,5,-0.19586972563158492,-1.4539560402652265,0.995417296886444
26,2,6,-0.19586972563158492,-1.4464225892793963,0.9954270124435424
26,2,7,-0.08286796084413209,-1.393688432378585,0.9964854121208192
26,2,8,-0.12806866675911321,-1.4012218833644152,0.994024693965912
26,2,9,-0.2034031766174151,-1.3258873735061134,0.9976978302001952
26,2,10,-0.2260035295749057,-1.3258873735061134,0.9966871738433838
26,2,11,0.03766725492915095,-1.0019489811154152,0.9986270070075988
26,2,12,-0.15820247070243398,-0.994415530129585,0.9980399012565612
26,2,13,0.32393839239069816,-0.6177429808380756,0.5564831495285034
26,2,14,-0.1356021177449434,-0.6328098828097359,0.4937188625335693
26,2,15,0.1431355687307736,-0.2712042354898868,0.5810716152191162
26,2,16,-0.12806866675911321,-0.24107043154656607,0.5030640959739685
26,2,17,0.10546831380162265,-0.1431355687307736,0.5831514596939087
26,2,18,-0.16573592168826418,-0.12806866675911321,0.497390866279602
26,2,19,-0.01506690197166038,-0.17326937267409437,0.5832029581069946
26,2,20,-0.17326937267409437,-0.1356021177449434,0.4944174587726593
26,2,21,-0.01506690197166038,-0.2109366276032453,0.5775327682495117
26,2,22,-0.16573592168826418,-0.18833627464575473,0.4796917736530304
26,2,23,0.03766725492915095,0.0,0.9946616291999816
26,2,24,-0.03766725492915095,0.0,0.9930514693260192
26,2,25,0.0753345098583019,0.7458116475971888,0.5370251536369324
26,2,26,0.00753345098583019,0.7684120005546793,0.4714392721652984
26,2,27,0.19586972563158492,1.4087553343502455,0.59093177318573
26,2,28,0.15820247070243398,1.469022942236887,0.4922367930412292
26,2,29,0.2034031766174151,1.5217570991376983,0.6245970129966736
26,2,30,0.16573592168826418,1.6347588639251511,0.5554364323616028
26,2,31,-0.01506690197166038,1.551890903081019,0.6480617523193359
26,2,32,-0.04520070591498113,1.6121585109676606,0.5795570611953735
27,1,0,0.22672663674887267,-1.3715103108251478,0.9972978234291076
27,1,1,0.1746910151999511,-1.430979592595344,0.9968992471694946
27,1,2,0.16725735497867655,-1.430979592595344,0.9969498515129088
27,1,3,0.15982369475740205,-1.430979592595344,0.9975329637527466
27,1,4,0.15982369475740205,-1.430979592595344,0.99631667137146
27,1,5,0.14495637431485303,-1.430979592595344,0.9957565069198608
27,1,6,0.130089053872304,-1.4235459323740693,0.9957967400550842
27,1,7,0.0780534323233824,-1.3789439710464224,0.996474027633667
27,1,8,0.05575245165955885,-1.3789439710464224,0.9945679306983948
27,1,9,0.21185931630632365,-1.3046073688336772,0.9976711869239808
27,1,10,0.1969919958637746,-1.3046073688336772,0.9969334602355956
27,1,11,0.10035441298720593,-0.9849599793188731,0.9982669353485109
27,1,12,-0.1375227140935785,-1.014694620203971,0.9982281923294068
27,1,13,0.03345147099573531,-0.5835423273700493,0.5069816708564758
27,1,14,-0.4497364433871081,-0.7099145511317161,0.5439218282699585
27,1,15,0.1746910151999511,-0.27132859807651977,0.5263054966926575
27,1,16,-0.11522173342975496,-0.3382315400679904,0.5503270626068115
27,1,17,0.1969919958637746,-0.15239003453612754,0.5289888381958008
27,1,18,-0.04831879143828434,-0.20442565608504912,0.5427294969558716
27,1,19,0.20442565608504912,-0.15982369475740205,0.5291597247123718
27,1,20,0.011150490331911771,-0.21929297652759816,0.5395998954772949
27,1,21,0.1969919958637746,-0.21185931630632365,0.5246134400367737
27,1,22,-0.003716830110637257,-0.2787622582977943,0.5245074033737183
27,1,23,0.0780534323233824,0.011150490331911771,0.9943808913230896
27,1,24,-0.0780534323233824,-0.011150490331911771,0.9934391379356384
27,1,25,0.10035441298720593,0.7247818715742651,0.5219225883483887
27,1,26,-0.04831879143828434,0.7619501726806377,0.5150684714317322
27,1,27,0.003716830110637257,1.3938112914889713,0.581799328327179
27,1,28,-0.0260178107744608,1.4830152141442654,0.5323521494865417
27,1,29,-0.09292075276593142,1.520183515250638,0.6187959909439087
27,1,30,-0.12265539365102948,1.6168210981272069,0.5831437706947327
27,1,31,0.20442565608504912,1.5424844959144617,0.6452577710151672
27,1,32,0.1969919958637746,1.646555739012305,0.6107845306396484
27,2,0,-0.23900339915619262,-1.3615951224655822,0.997303545475006
27,2,1,-0.18830570842609115,-1.419535340442841,0.996838927268982
27,2,2,-0.1810631811789338,-1.419535340442841,0.9969485998153688
27,2,3,-0.1665781266846191,-1.4122928131956838,0.9975488781929016
27,2,4,-0.21003329016756322,-1.419535340442841,0.9961600303649902
27,2,5,-0.20279076292040588,-1.419535340442841,0.9956110715866088
27,2,6,-0.20279076292040588,-1.4122928131956838,0.995609164237976
27,2,7,-0.08691032696588823,-1.3615951224655822,0.9967089295387268
27,2,8,-0.13036549044883233,-1.3688376497127397,0.9941214323043824
27,2,9,-0.20279076292040588,-1.2819273227468513,0.9977517127990724
27,2,10,-0.22451834466187792,-1.2819273227468513,0.996646285057068
27,2,11,0.07966779971873088,-1.006711287354872,0.9984389543533324
27,2,12,-0.14485054494314706,-0.9922262328605572,0.9978607892990112
27,2,13,0.3621263623578676,-0.6590699794913191,0.5561776757240295
27,2,14,-0.17382065393177645,-0.6663125067384764,0.4919648170471191
27,2,15,0.1520930721903044,-0.3041861443806088,0.5732529759407043
27,2,16,-0.12312296320167498,-0.3186711988749235,0.5008274912834167
27,2,17,0.07242527247157353,-0.18830570842609115,0.574745774269104
27,2,18,-0.1520930721903044,-0.21003329016756322,0.4961236715316772
27,2,19,-0.02897010898862941,-0.21003329016756322,0.5747268199920654
27,2,20,-0.15933559943746176,-0.21727581741472057,0.4936620593070984
27,2,21,-0.014485054494314704,-0.2534884536505073,0.5696747303009033
27,2,22,-0.14485054494314706,-0.2534884536505073,0.4803656637668609
27,2,23,0.05069769073010147,0.0,0.9947203993797302
27,2,24,-0.05069769073010147,0.0,0.993086874485016
27,2,25,0.08691032696588823,0.7532228337043646,0.5515297055244446
27,2,26,0.021727581741472057,0.7170101974685779,0.4841595292091369
27,2,27,0.1665781266846191,1.4629905039257851,0.6056817770004272
27,2,28,0.1520930721903044,1.4267778676899985,0.5113690495491028
27,2,29,0.14485054494314706,1.6150835761160895,0.6372048258781433
27,2,30,0.12312296320167498,1.5716284126331455,0.5693438053131104
27,2,31,-0.02897010898862941,1.7092364303291352,0.6617996692657471
27,2,32,-0.007242527247157352,1.5933559943746176,0.5978988409042358
28,1,0,0.2137264475046449,-1.3892219087801918,0.9974759221076964
28,1,1,0.1526617482176035,-1.4426535206563529,0.9970237016677856
28,1,2,0.1450286608067233,-1.4426535206563529,0.9971002340316772
28,1,3,0.13739557339584313,-1.4426535206563529,0.997651755809784
28,1,4,0.1450286608067233,-1.4426535206563529,0.9964632987976074
28,1,5,0.12976248598496296,-1.4426535206563529,0.9959689378738404
28,1,6,0.11449631116320262,-1.4426535206563529,0.995988667011261
28,1,7,0.0610646992870414,-1.3892219087801918,0.9967682957649232
28,1,8,0.038165437054400876,-1.396854996191072,0.9946694374084472
28,1,9,0.19846027268288455,-1.30525794726051,0.9977805018424988
28,1,10,0.1831940978611242,-1.30525794726051,0.9969159960746764
28,1,11,0.10686322375232245,-0.9846682760035426,0.9978640079498292
28,1,12,-0.12976248598496296,-1.0152006256470631,0.9980681538581848
28,1,13,0.1221293985740828,-0.610646992870414,0.5061935782432556
28,1,14,-0.47325141947457083,-0.7175102166227364,0.5424882173538208
28,1,15,0.20609336009376472,-0.2595249719699259,0.5187799334526062
28,1,16,-0.12976248598496296,-0.3358558460787277,0.5491489171981812
28,1,17,0.2137264475046449,-0.1526617482176035,0.5208382606506348
28,1,18,-0.07633087410880175,-0.2137264475046449,0.5429162383079529
28,1,19,0.23662570973728542,-0.1526617482176035,0.5209838151931763
28,1,20,-0.01526617482176035,-0.23662570973728542,0.5403348803520203
28,1,21,0.2137264475046449,-0.22135953491552507,0.5169943571090698
28,1,22,-0.022899262232640525,-0.27479114679168626,0.5269549489021301
28,1,23,0.09923013634144227,0.022899262232640525,0.9944519996643066
28,1,24,-0.09923013634144227,-0.022899262232640525,0.9935332536697388
28,1,25,0.1221293985740828,0.786208003320658,0.5386794209480286
28,1,26,-0.11449631116320262,0.7785749159097778,0.5267416834831238
28,1,27,-0.022899262232640525,1.4808189577107538,0.5969916582107544
28,1,28,-0.04579852446528105,1.5495167444086755,0.5516109466552734
28,1,29,-0.11449631116320262,1.618214531106597,0.6277813911437988
28,1,30,-0.1526617482176035,1.6945454052153988,0.596947968006134
28,1,31,0.1831940978611242,1.7174446674480393,0.662582278251648
28,1,32,0.17556101045024403,1.7250777548589193,0.6298664808273315
28,2,0,-0.22029662103678868,-1.3621674400774766,0.996886670589447
28,2,1,-0.16155085542697836,-1.4282564263885134,0.9961228966712952
28,2,2,-0.1468644140245258,-1.420913205687287,0.9964696168899536
28,2,3,-0.1321779726220732,-1.420913205687287,0.9971657991409302
28,2,4,-0.18358051753065724,-1.4282564263885134,0.9951175451278688
28,2,5,-0.18358051753065724,-1.4282564263885134,0.9945910573005676
28,2,6,-0.18358051753065724,-1.4282564263885134,0.9943501353263856
28,2,7,-0.0734322070122629,-1.3621674400774766,0.9967514872550964
28,2,8,-0.1321779726220732,-1.3841971021811554,0.991914927959442
28,2,9,-0.19092373823188352,-1.2813920123639875,0.9975678324699402
28,2,10,-0.22029662103678868,-1.2887352330652138,0.9956035017967224
28,2,11,0.05140254490858402,-1.0096928464186148,0.9980756044387816
28,2,12,-0.15420763472575208,-0.9876631843149359,0.9970815181732178
28,2,13,0.4038771385674459,-0.6645614734609792,0.5554298162460327
28,2,14,-0.18358051753065724,-0.6205021492536215,0.4899888038635254
28,2,15,0.10280508981716804,-0.29740043839966473,0.5663251280784607
28,2,16,-0.13952119332329949,-0.304743659100891,0.4987147450447082
28,2,17,0.02202966210367887,-0.19459534858249666,0.567058265209198
28,2,18,-0.13952119332329949,-0.1725656864788178,0.4952532052993774
28,2,19,-0.04405932420735774,-0.20928178998494926,0.5669833421707153
28,2,20,-0.1468644140245258,-0.1725656864788178,0.4933073818683624
28,2,21,-0.03671610350613145,-0.26068433489353326,0.562194287776947
28,2,22,-0.13952119332329949,-0.2313114520886281,0.4816251993179321
28,2,23,0.05874576560981031,0.0036716103506131445,0.9946112036705016
28,2,24,-0.05874576560981031,-0.0036716103506131445,0.9924344420433044
28,2,25,0.12483475192084692,0.7893962253818261,0.5710198879241943
28,2,26,0.02202966210367887,0.7453369011744684,0.4956845343112945
28,2,27,0.18358051753065724,1.5384047369069076,0.6198402047157288
28,2,28,0.16155085542697836,1.49434541269955,0.529457151889801
28,2,29,0.19092373823188352,1.6779259302302072,0.6430976986885071
28,2,30,0.1468644140245258,1.626523385321623,0.5819875001907349
28,2,31,-0.02202966210367887,1.7366716958400175,0.6749967336654663
28,2,32,-0.014686441402452578,1.6485530474253018,0.6128470301628113
29,1,0,0.15258175893975504,-1.380864918404783,0.9969816207885742
29,1,1,0.09154905536385301,-1.441897621980685,0.99623441696167
29,1,2,0.09154905536385301,-1.441897621980685,0.996502697467804
29,1,3,0.08391996741686526,-1.4342685340336971,0.9971426129341124
29,1,4,0.07629087946987752,-1.441897621980685,0.9954165816307068
29,1,5,0.06103270357590201,-1.441897621980685,0.9949392676353456
29,1,6,0.045774527681926504,-1.441897621980685,0.994772732257843
29,1,7,0.015258175893975502,-1.380864918404783,0.996460735797882
29,1,8,-0.030516351787951004,-1.3961230942987584,0.9926352500915528
29,1,9,0.14495267099276726,-1.2969449509879176,0.9973028302192688
29,1,10,0.12969449509879177,-1.2969449509879176,0.9958724975585938
29,1,11,0.07629087946987752,-0.9917814331084076,0.9975885152816772
29,1,12,-0.14495267099276726,-1.0070396090023832,0.9973628520965576
29,1,13,0.030516351787951004,-0.6408433875469711,0.5052451491355896
29,1,14,-0.5264070683421548,-0.7247633549638364,0.5406154990196228
29,1,15,0.12969449509879177,-0.27464716609155904,0.5125540494918823
29,1,16,-0.16783993483373053,-0.3433089576144488,0.5463549494743347
29,1,17,0.17546902278071827,-0.16783993483373053,0.5138485431671143
29,1,18,-0.10680723125782851,-0.21361446251565702,0.5403377413749695
29,1,19,0.19835628662168153,-0.18309811072770601,0.5138947367668152
29,1,20,-0.03814543973493876,-0.22887263840963254,0.5381800532341003
29,1,21,0.16783993483373053,-0.21361446251565702,0.510166585445404
29,1,22,-0.053403615628914256,-0.2822762540385468,0.5262882709503174
29,1,23,0.08391996741686526,0.022887263840963252,0.994451940059662
29,1,24,-0.08391996741686526,-0.022887263840963252,0.9929251074790956
29,1,25,0.06866179152288976,0.8086833223807016,0.5488995909690857
29,1,26,-0.09154905536385301,0.8010542344337138,0.5347320437431335
29,1,27,-0.06866179152288976,1.563963029132489,0.6046338081359863
29,1,28,-0.09154905536385301,1.5715921170794767,0.5634958744049072
29,1,29,-0.12969449509879177,1.686028436284293,0.6320740580558777
29,1,30,-0.16021084688674278,1.7089157001252562,0.6040922999382019
29,1,31,0.16021084688674278,1.808093843436097,0.6647343635559082
29,1,32,0.15258175893975504,1.777577491648146,0.6387607455253601
29,2,0,-0.22332190045693362,-1.3435924175031908,0.996840238571167
29,2,1,-0.1647456642715084,-1.4094906832117942,0.9957897067070008
29,2,2,-0.1501016052251521,-1.4094906832117942,0.9961808323860168
29,2,3,-0.1354575461787958,-1.402168653688616,0.9968978762626648
29,2,4,-0.18671175284104286,-1.4168127127349723,0.9949213862419128
29,2,5,-0.18671175284104286,-1.4168127127349723,0.994294822216034
29,2,6,-0.18671175284104286,-1.4094906832117942,0.9940258264541626
29,2,7,-0.06955928047019244,-1.350914447026369,0.9965595006942748
29,2,8,-0.1354575461787958,-1.365558506072725,0.9909892082214355
29,2,9,-0.1793897233178647,-1.2703721222714093,0.9972059726715088
29,2,10,-0.2086778414105773,-1.2703721222714093,0.9949502944946288
29,2,11,0.06955928047019244,-1.021423118483352,0.9978265762329102
29,2,12,-0.1354575461787958,-0.9774909413442832,0.996726930141449
29,2,13,0.41369466805956556,-0.7138978785098697,0.5546426773071289
29,2,14,-0.20135581188739915,-0.6113894651853756,0.4883857071399688
29,2,15,0.10616942808608319,-0.33315234330460586,0.5610218048095703
29,2,16,-0.12813551665561765,-0.23796595950328991,0.4975500404834747
29,2,17,0.02562710333112353,-0.18671175284104286,0.561530351638794
29,2,18,-0.1647456642715084,-0.1354575461787958,0.4948375523090362
29,2,19,-0.047593191900657986,-0.2086778414105773,0.561455249786377
29,2,20,-0.18671175284104286,-0.14277957570197394,0.4933168590068817
29,2,21,-0.04027116237747983,-0.2526100185496462,0.5574339032173157
29,2,22,-0.15742363474833024,-0.17206769379468656,0.4828901886940002
29,2,23,0.06955928047019244,-0.0036610147615890754,0.994604468345642
29,2,24,-0.06955928047019244,0.0036610147615890754,0.992692530155182
29,2,25,0.12081348713243949,0.7578300556489387,0.5872098207473755
29,2,26,0.010983044284767226,0.8090842623111857,0.5214852094650269
29,2,27,0.17206769379468656,1.4900330079667536,0.6300854086875916
29,2,28,0.1647456642715084,1.5925414212912479,0.5598018169403076
29,2,29,0.194033782364221,1.651117657476673,0.6484824419021606
29,2,30,0.2086778414105773,1.7243379527084546,0.598706841468811
29,2,31,0.03294913285430168,1.797558247940236,0.681085467338562
29,2,32,-0.05491522142383613,1.8634565136488395,0.6297077536582947
30,1,0,0.15805832539266917,-1.386961805320672,0.997032344341278
30,1,1,0.10273791150523497,-1.4501851354777398,0.9960487484931946
30,1,2,0.10273791150523497,-1.4501851354777398,0.996378481388092
30,1,3,0.09483499523560152,-1.4501851354777398,0.997029721736908
30,1,4,0.07902916269633459,-1.458088051747373,0.9953056573867798
30,1,5,0.055320413887434215,-1.458088051747373,0.9947423934936525
30,1,6,0.039514581348167294,-1.4501851354777398,0.9945245981216432
30,1,7,0.039514581348167294,-1.3948647215903056,0.9964930415153505
30,1,8,-0.039514581348167294,-1.402767637859939,0.9918246865272522
30,1,9,0.15805832539266917,-1.300029726354704,0.9971637725830078
30,1,10,0.12644666031413535,-1.3079326426243374,0.995335042476654
30,1,11,0.09483499523560152,-0.9997189081086326,0.9976963996887208
30,1,12,-0.14225249285340227,-0.9997189081086326,0.9970411658287048
30,1,13,0.09483499523560152,-0.6756993410536608,0.5068774223327637
30,1,14,-0.5136895575261748,-0.6915051735929276,0.5389791131019592
30,1,15,0.18966999047120303,-0.2884564438416213,0.5114426612854004
30,1,16,-0.1501554091230357,-0.2963593601112547,0.5439106822013855
30,1,17,0.19757290674083647,-0.13830103471858554,0.5131824016571045
30,1,18,-0.07902916269633459,-0.1857185323363863,0.5376576781272888
30,1,19,0.22918457181937033,-0.1620097835274859,0.5133644938468933
30,1,20,-0.015805832539266918,-0.21733019741492013,0.535662829875946
30,1,21,0.2133787392801034,-0.2015243648756532,0.5102739930152893
30,1,22,-0.031611665078533836,-0.2568447787630874,0.5243686437606812
30,1,23,0.08693207896596805,0.019757290674083647,0.9946685433387756
30,1,24,-0.08693207896596805,-0.019757290674083647,0.9931405782699584
30,1,25,0.07112624642670114,0.8574664152552303,0.5637815594673157
30,1,26,-0.031611665078533836,0.8811751640641307,0.5588399767875671
30,1,27,-0.055320413887434215,1.67936970729711,0.6180095672607422
30,1,28,-0.06322333015706767,1.7900105350719784,0.5910291075706482
30,1,29,-0.10273791150523497,1.797913451341612,0.6382120847702026
30,1,30,-0.1343495765837688,1.8927484465772135,0.617051362991333
30,1,31,0.19757290674083647,1.9796805255431815,0.6736000180244446
30,1,32,0.15805832539266917,1.9796805255431815,0.6523599624633789
30,2,0,-0.2581545107191844,-1.3380402809107024,0.997012495994568
30,2,1,-0.19997884633176258,-1.403487903346552,0.9959304928779602
30,2,2,-0.1781629721864794,-1.403487903346552,0.9962732195854188
30,2,3,-0.16361905608962393,-1.403487903346552,0.99697083234787
30,2,4,-0.21452276242861804,-1.4107598613949797,0.9951766133308412
30,2,5,-0.21452276242861804,-1.4107598613949797,0.9945074915885924
30,2,6,-0.2072508043801903,-1.4107598613949797,0.99426931142807
30,2,7,-0.0836275175569189,-1.3598561550559856,0.996648371219635
30,2,8,-0.134531223895913,-1.3671281131044133,0.9912790060043336
30,2,9,-0.21452276242861804,-1.2580487423779974,0.9971896409988404
30,2,10,-0.23633863657390122,-1.265320700426425,0.9949511885643004
30,2,11,0.0836275175569189,-1.0253460848283098,0.9979241490364076
30,2,12,-0.11271534975062981,-0.9744423784893158,0.9966800808906556
30,2,13,0.43995346192987766,-0.7562836370364839,0.5561206936836243
30,2,14,-0.09089947560534663,-0.6035725180195016,0.4876128435134887
30,2,15,0.11998730779905754,-0.3563259443729588,0.5601209998130798
30,2,16,-0.134531223895913,-0.269062447791826,0.4984083473682403
30,2,17,0.054539685363207975,-0.20361482535597644,0.5612202882766724
30,2,18,-0.18543493023490712,-0.11635132877484368,0.4962126314640045
30,2,19,-0.03999576926635252,-0.22543069950125963,0.5612980127334595
30,2,20,-0.19997884633176258,-0.12362328682327141,0.4947876334190368
30,2,21,-0.03272381121792478,-0.269062447791826,0.5580286979675293
30,2,22,-0.18543493023490712,-0.17452699316226553,0.4850458204746246
30,2,23,0.07635555950849117,0.0,0.9947704076766968
30,2,24,-0.07635555950849117,0.0,0.9928723573684692
30,2,25,0.11271534975062981,0.8144593014239058,0.5978033542633057
30,2,26,0.018179895121069323,0.8435471336176167,0.5357143878936768
30,2,27,0.1563470980411962,1.4980233579761124,0.6374533772468567
30,2,28,0.1563470980411962,1.5998307706541006,0.5720463395118713
30,2,29,0.2581545107191844,1.643462518944667,0.660521388053894
30,2,30,0.25088255267075665,1.7161820994289443,0.6044501066207886
30,2,31,0.054539685363207975,1.7743577638163661,0.6844218373298645
30,2,32,-0.025451853169497055,1.8688932184459266,0.6310136914253235
31,1,0,0.17509197446369806,-1.3851720646461447,0.9972692728042604
31,1,1,0.12061891574165866,-1.455208854431624,0.9962761998176576
31,1,2,0.12061891574165866,-1.455208854431624,0.9965722560882568
31,1,3,0.12061891574165866,-1.4474269888999038,0.9972040057182312
31,1,4,0.10505518467821884,-1.455208854431624,0.9956146478652954
31,1,5,0.08170958808305909,-1.455208854431624,0.9950114488601683
31,1,6,0.06614585701961927,-1.455208854431624,0.9948068857192992
31,1,7,0.05836399148789935,-1.4007357957095845,0.9968083500862122
31,1,8,0.0038909327658599568,-1.4085176612413044,0.9921244382858276
31,1,9,0.18287383999541798,-1.3073534093289454,0.9973302483558656
31,1,10,0.15952824340025823,-1.3073534093289454,0.9954005479812622
31,1,11,0.089491453614779,-1.0038606535918688,0.9978729486465454
31,1,12,-0.10505518467821884,-0.9960787880601489,0.997001886367798
31,1,13,0.12840078127337856,-0.6069855114741532,0.507942259311676
31,1,14,-0.4241116714787353,-0.6381129736010329,0.5383280515670776
31,1,15,0.22178316765401754,-0.2801471591419169,0.5116980075836182
31,1,16,-0.08170958808305909,-0.29571089020535674,0.5447134375572205
31,1,17,0.27625622637605696,-0.1712010416978381,0.5140790343284607
31,1,18,-0.019454663829299786,-0.1712010416978381,0.5385724306106567
31,1,19,0.28403809190777685,-0.19454663829299784,0.514620304107666
31,1,20,0.03501839489273961,-0.19454663829299784,0.5366821885108948
31,1,21,0.268474360844337,-0.22567410041987748,0.512133002281189
31,1,22,0.019454663829299786,-0.24123783148331732,0.5257517695426941
31,1,23,0.07392772255133918,0.015563731063439827,0.994907021522522
31,1,24,-0.07392772255133918,-0.015563731063439827,0.9933496117591858
31,1,25,0.06614585701961927,0.8404414774257507,0.5751674175262451
31,1,26,-0.0272365293610197,0.8715689395526304,0.5735825896263123
31,1,27,-0.03501839489273961,1.6497554927246216,0.630547821521759
31,1,28,-0.04280026042445952,1.7275741480418207,0.6059759259223938
31,1,29,-0.12840078127337856,1.7587016101687005,0.6522598266601562
31,1,30,-0.1517463778685383,1.8598658620810593,0.6267635226249695
31,1,31,0.16731010893197815,1.8676477276127792,0.6853877305984497
31,1,32,0.12840078127337856,1.9999394416520178,0.6584271788597107
31,2,0,-0.28044280442804426,-1.3394833948339484,0.9974488019943236
31,2,1,-0.22140221402214022,-1.4059040590405905,0.9965113997459412
31,2,2,-0.2066420664206642,-1.4059040590405905,0.9967857599258424
31,2,3,-0.1918819188191882,-1.4132841328413284,0.9973871111869812
31,2,4,-0.23616236162361623,-1.4132841328413284,0.9958900213241576
31,2,5,-0.23616236162361623,-1.4132841328413284,0.995308756828308
31,2,6,-0.22878228782287824,-1.4132841328413284,0.9951269030570984
31,2,7,-0.0959409594095941,-1.3690036900369005,0.9970648288726808
31,2,8,-0.14760147601476015,-1.3690036900369005,0.9925652742385864
31,2,9,-0.22878228782287824,-1.2583025830258303,0.9975156188011168
31,2,10,-0.25092250922509224,-1.2656826568265682,0.9955816864967346
31,2,11,0.0959409594095941,-1.03690036900369,0.9980839490890504
31,2,12,-0.0959409594095941,-0.9630996309963099,0.9968567490577698
31,2,13,0.4575645756457565,-0.7269372693726938,0.5570640563964844
31,2,14,-0.05904059040590406,-0.5645756457564576,0.4876510798931122
31,2,15,0.13284132841328414,-0.3284132841328413,0.560286819934845
31,2,16,-0.14760147601476015,-0.24723247232472326,0.5002076625823975
31,2,17,0.06642066420664207,-0.2029520295202952,0.561836302280426
31,2,18,-0.22878228782287824,-0.0996309963099631,0.4980087578296661
31,2,19,-0.03690036900369004,-0.2177121771217712,0.5622138381004333
31,2,20,-0.25830258302583026,-0.1070110701107011,0.4965808093547821
31,2,21,-0.02952029520295203,-0.25461254612546125,0.5594044327735901
31,2,22,-0.22878228782287824,-0.15867158671586715,0.4870507419109344
31,2,23,0.07380073800738007,0.0036900369003690036,0.9952087998390198
31,2,24,-0.07380073800738007,-0.0036900369003690036,0.9934024810791016
31,2,25,0.05166051660516605,0.8302583025830258,0.6107670664787292
31,2,26,-0.03690036900369004,0.8228782287822878,0.559580385684967
31,2,27,0.16236162361623616,1.5977859778597785,0.6575011610984802
31,2,28,0.13284132841328414,1.5904059040590406,0.596590518951416
31,2,29,0.2730627306273063,1.7158671586715868,0.6772955656051636
31,2,30,0.24354243542435425,1.7232472324723247,0.6199467182159424
31,2,31,0.02952029520295203,1.8856088560885609,0.705495297908783
31,2,32,-0.014760147601476014,1.8929889298892988,0.6515586376190186
32,1,0,0.14060210904745368,-1.3794206914655591,0.9976288676261902
32,1,1,0.07980119702693318,-1.45542183149121,0.9967252612113952
32,1,2,0.07980119702693318,-1.45542183149121,0.9969428777694702
32,1,3,0.07220108302436812,-1.45542183149121,0.9975057244300842
32,1,4,0.07220108302436812,-1.45542183149121,0.9962169528007508
32,1,5,0.05700085501923798,-1.45542183149121,0.995685875415802
32,1,6,0.041800627014107854,-1.45542183149121,0.9955332279205322
32,1,7,0.011400171003847596,-1.4098211474758195,0.9969930648803712
32,1,8,-0.03420051301154279,-1.4098211474758195,0.9932213425636292
32,1,9,0.13300199504488863,-1.3034195514399085,0.997562050819397
32,1,10,0.11020165303719344,-1.3034195514399085,0.9959346055984496
32,1,11,0.07220108302436812,-0.999414991337306,0.9980404376983644
32,1,12,-0.14060210904745368,-0.999414991337306,0.9971495866775512
32,1,13,0.10260153903462838,-0.5738086071936623,0.5261831879615784
32,1,14,-0.3990059851346659,-0.5890088351987925,0.5382664799690247
32,1,15,0.3534053011192755,-0.3230048451090152,0.5379617810249329
32,1,16,-0.026600399008977725,-0.34580518711671043,0.5482646822929382
32,1,17,0.42940644114492615,-0.2242033630756694,0.5380861759185791
32,1,18,0.08740131102949825,-0.2470037050833646,0.5446176528930664
32,1,19,0.4826072391628816,-0.25460381908592966,0.5409016609191895
32,1,20,0.13300199504488863,-0.3230048451090152,0.542976975440979
32,1,21,0.414206213139796,-0.27740416109362487,0.5384902358055115
32,1,22,0.09500142503206331,-0.3610054151218406,0.5324445962905884
32,1,23,0.07220108302436812,0.003800057001282532,0.9951282143592834
32,1,24,-0.07220108302436812,-0.003800057001282532,0.9936763644218444
32,1,25,0.03420051301154279,0.7866117992654842,0.593728244304657
32,1,26,-0.03420051301154279,0.8322124832808746,0.5974915027618408
32,1,27,-0.06460096902180305,1.5466231995219906,0.6521576046943665
32,1,28,-0.11020165303719344,1.6226243395476414,0.6311101317405701
32,1,29,-0.1634024510551489,1.6378245675527714,0.6736827492713928
32,1,30,-0.21660324907310435,1.706225593575857,0.6445753574371338
32,1,31,0.11020165303719344,1.7746266195989426,0.7067970633506775
32,1,32,0.05700085501923798,1.8582278736271582,0.6797694563865662
32,2,0,-0.27246798855689075,-1.351441223242178,0.9975730180740356
32,2,1,-0.22160729735960447,-1.4168335404958319,0.9966055154800416
32,2,2,-0.20707567130323695,-1.4168335404958319,0.9968333840370178
32,2,3,-0.19254404524686947,-1.4168335404958319,0.9974445700645448
32,2,4,-0.23613892341597198,-1.4168335404958319,0.9960849285125732
32,2,5,-0.23613892341597198,-1.4168335404958319,0.995522916316986
32,2,6,-0.23613892341597198,-1.4168335404958319,0.995396077632904
32,2,7,-0.11262010193684817,-1.3805044753549132,0.9970430135726928
32,2,8,-0.1707466061623182,-1.3805044753549132,0.99278324842453
32,2,9,-0.23613892341597198,-1.2715172799321568,0.99756920337677
32,2,10,-0.2579363625005232,-1.2715172799321568,0.9956350922584534
32,2,11,0.0617594107395619,-1.0172138239457253,0.9982328414916992
32,2,12,-0.14894916707776693,-0.9808847588048066,0.9969727993011476
32,2,13,0.4032526230641983,-0.6902522376774566,0.5734113454818726
32,2,14,-0.13441754102139944,-0.5522017901419652,0.4882385432720184
32,2,15,0.14168335404958318,-0.3560248383810039,0.5837099552154541
32,2,16,-0.23613892341597198,-0.2688350820427989,0.5069154500961304
32,2,17,0.04722778468319439,-0.23977182993006385,0.5829406976699829
32,2,18,-0.3015312406696258,-0.1380504475354913,0.5080183148384094
32,2,19,-0.03996197165501064,-0.2688350820427989,0.5853179097175598
32,2,20,-0.3378603058105445,-0.1671136996482263,0.5070466995239258
32,2,21,-0.025430345598643135,-0.29789833415553385,0.5822713971138
32,2,22,-0.3015312406696258,-0.20344276478914508,0.497582733631134
32,2,23,0.06902522376774566,0.0,0.9953452348709106
32,2,24,-0.06902522376774566,0.0,0.9936603903770448
32,2,25,0.03996197165501064,0.8210368721847641,0.6271731853485107
32,2,26,-0.01816453257045938,0.7992394331002128,0.5758388638496399
32,2,27,0.13441754102139944,1.562149801059507,0.6777331233024597
32,2,28,0.10535428890866443,1.5258207359185882,0.6201604008674622
32,2,29,0.2288731103877882,1.671136996482263,0.6970715522766113
32,2,30,0.21434148433142072,1.6493395573977119,0.6372803449630737
32,2,31,-0.01816453257045938,1.8309848831023057,0.7247053980827332
32,2,32,-0.04722778468319439,1.794655817961387,0.6726288199424744
33,1,0,0.1294300457858868,-1.3719584853303999,0.9977296590805054
33,1,1,0.07765802747153207,-1.4459185114937638,0.9968037009239196
33,1,2,0.07026202485519568,-1.4459185114937638,0.9969784617424012
33,1,3,0.0628660222388593,-1.4459185114937638,0.9975581765174866
33,1,4,0.0628660222388593,-1.4459185114937638,0.996385097503662
33,1,5,0.05547001962252291,-1.4459185114937638,0.9958685636520386
33,1,6,0.04067801438985013,-1.4459185114937638,0.99576997756958
33,1,7,-0.003698001308168194,-1.4015424957957454,0.99695885181427
33,1,8,-0.04067801438985013,-1.4015424957957454,0.9934112429618835
33,1,9,0.1220340431695504,-1.297998459167036,0.997565984725952
33,1,10,0.09984603532054123,-1.297998459167036,0.995963454246521
33,1,11,0.04067801438985013,-0.9947623518972442,0.998193383216858
33,1,12,-0.15161805363489594,-1.0021583545135806,0.9972529411315918
33,1,13,0.033282011773513746,-0.5805862053824065,0.5376476049423218
33,1,14,-0.41047814520666953,-0.57319020276607,0.5387459397315979
33,1,15,0.2847461007289509,-0.3587061268923148,0.5553918480873108
33,1,16,-0.04067801438985013,-0.3661021295086512,0.5541545748710632
33,1,17,0.343914121659642,-0.26255809287994175,0.5543097257614136
33,1,18,0.0628660222388593,-0.2773500981126145,0.5534155964851379
33,1,19,0.40308214259033315,-0.29214210334528734,0.5585357546806335
33,1,20,0.11463804055321401,-0.343914121659642,0.5521805882453918
33,1,21,0.33651811904330564,-0.3143301111942965,0.5559093952178955
33,1,22,0.08505403008786847,-0.37349813212498756,0.5416571497917175
33,1,23,0.05547001962252291,0.003698001308168194,0.9953522086143494
33,1,24,-0.05547001962252291,-0.003698001308168194,0.9939398765563964
33,1,25,0.01849000654084097,0.7728822734071525,0.6088195443153381
33,1,26,-0.003698001308168194,0.8024662838724981,0.6121417880058289
33,1,27,-0.09245003270420485,1.490294527191782,0.6726266741752625
33,1,28,-0.10724203793687762,1.527274540273464,0.6521309018135071
33,1,29,-0.1885980667165779,1.586442561204155,0.6938782334327698
33,1,30,-0.21818207718192342,1.623422574285837,0.6603259444236755
33,1,31,0.09245003270420485,1.71957060829821,0.7248870730400085
33,1,32,0.04807401700618652,1.756550621379892,0.6987529397010803
33,2,0,-0.25700357696814935,-1.3393144151861305,0.997820258140564
33,2,1,-0.19908727793307346,-1.404470251600591,0.99691241979599
33,2,2,-0.19184774055368897,-1.404470251600591,0.9970792531967164
33,2,3,-0.17736866579492,-1.404470251600591,0.9976513385772704
33,2,4,-0.22080589007122692,-1.4117097889799755,0.9965127110481262
33,2,5,-0.22080589007122692,-1.4117097889799755,0.9960011839866638
33,2,6,-0.21356635269184243,-1.4117097889799755,0.995918333530426
33,2,7,-0.09773375462169061,-1.3682725647036684,0.9971387982368468
33,2,8,-0.1556500536567665,-1.3682725647036684,0.9935627579689026
33,2,9,-0.21356635269184243,-1.2669190413922857,0.9976842403411864
33,2,10,-0.2425245022093804,-1.2669190413922857,0.9959940910339355
33,2,11,0.05429653034538367,-1.020774770493213,0.9983702898025512
33,2,12,-0.14117097889799754,-0.977337546216906,0.99709951877594
33,2,13,0.39455478717645465,-0.6877560510415265,0.5837666392326355
33,2,14,-0.1556500536567665,-0.5429653034538368,0.4890660047531128
33,2,15,0.11221282938045958,-0.36921640634860897,0.5994985103607178
33,2,16,-0.21356635269184243,-0.2751024204166106,0.5114713311195374
33,2,17,0.025338380827845713,-0.25338380827845713,0.59775310754776
33,2,18,-0.26424311434753384,-0.15203028496707427,0.5144776701927185
33,2,19,-0.06153606772476816,-0.2823419577959951,0.6014220714569092
33,2,20,-0.3076803386238408,-0.17374889710522776,0.5137929916381836
33,2,21,-0.04705699296599918,-0.30406056993414854,0.5983923077583313
33,2,22,-0.2714826517269184,-0.22442565876091916,0.5047504901885986
33,2,23,0.06153606772476816,0.0,0.9955012798309326
33,2,24,-0.06153606772476816,0.0,0.9938498735427856
33,2,25,0.0325779182072302,0.7963491117322938,0.641816258430481
33,2,26,-0.0036197686896922445,0.7891095743529093,0.5905060768127441
33,2,27,0.11221282938045958,1.5347819244295118,0.6941954493522644
33,2,28,0.11221282938045958,1.5275423870501272,0.6379445791244507
33,2,29,0.20632681531245795,1.6506145224996636,0.7142439484596252
33,2,30,0.22080589007122692,1.6506145224996636,0.6503474712371826
33,2,31,-0.018098843448461223,1.8098843448461224,0.7385758757591248
33,2,32,-0.03981745558661469,1.7954052700873533,0.6861069798469543
34,1,0,0.1485156352963064,-1.3801087084851889,0.997824728488922
34,1,1,0.09055831420506488,-1.4380660295764303,0.9969555139541626
34,1,2,0.08331364906865969,-1.4380660295764303,0.9970399141311646
34,1,3,0.0760689839322545,-1.4380660295764303,0.9976248145103456
34,1,4,0.08331364906865969,-1.4380660295764303,0.9966660737991332
34,1,5,0.0760689839322545,-1.4380660295764303,0.9961608052253724
34,1,6,0.06882431879584931,-1.4308213644400252,0.996145486831665
34,1,7,0.003622332568202595,-1.3945980387579993,0.9965790510177612
34,1,8,-0.010866997704607785,-1.387353373621594,0.9940158128738404
34,1,9,0.12678163988709082,-1.3004173919847317,0.9975028038024902
34,1,10,0.11953697475068564,-1.3004173919847317,0.9962340593338012
34,1,11,0.039845658250228545,-1.003386121392119,0.9982173442840576
34,1,12,-0.08331364906865969,-0.9961414562557137,0.9973512291908264
34,1,13,-0.08331364906865969,-0.554216882934997,0.5309316515922546
34,1,14,-0.2934089380244102,-0.5397275526621866,0.5379326343536377
34,1,15,0.2282069517967635,-0.41656824534329845,0.5524348616600037
34,1,16,0.09780297934147007,-0.3875895847976777,0.5536483526229858
34,1,17,0.27891960775159985,-0.3875895847976777,0.555266797542572
34,1,18,0.21371762152395313,-0.3441215939792465,0.5529958009719849
34,1,19,0.3006536031608154,-0.4600362361617296,0.5596569776535034
34,1,20,0.2426962820695739,-0.438302240752514,0.5514317750930786
34,1,21,0.27167494261519465,-0.46728090129813477,0.5560536980628967
34,1,22,0.20647295638754792,-0.4527915710253244,0.5373870730400085
34,1,23,0.025356327977418165,-0.003622332568202595,0.9949743747711182
34,1,24,-0.025356327977418165,0.003622332568202595,0.9934629797935486
34,1,25,0.061579653659444115,0.7063548507995061,0.6012145280838013
34,1,26,0.039845658250228545,0.7280888462087216,0.617426335811615
34,1,27,-0.11229230961428045,1.3801087084851889,0.6738851070404053
34,1,28,-0.12678163988709082,1.4308213644400252,0.6578706502914429
34,1,29,-0.19922829125114275,1.496023350667672,0.6991709470748901
34,1,30,-0.2282069517967635,1.5250020112132925,0.6608047485351562
34,1,31,0.0760689839322545,1.5539806717589133,0.7266924381256104
34,1,32,0.0760689839322545,1.575714667168129,0.701754629611969
34,2,0,-0.17917971069201596,-1.374930024902,0.9979555010795592
34,2,1,-0.12798550763715424,-1.4407511431153937,0.9971265196800232
34,2,2,-0.11335859247862233,-1.4407511431153937,0.9972116351127625
34,2,3,-0.09873167732009042,-1.4407511431153937,0.9977660775184632
34,2,4,-0.14261242279568617,-1.4334376855361277,0.9968462586402892
34,2,5,-0.14261242279568617,-1.4334376855361277,0.9963674545288086
34,2,6,-0.14261242279568617,-1.4334376855361277,0.9963597059249878
34,2,7,-0.05485093184449468,-1.3968703976397978,0.9968453645706176
34,2,8,-0.09873167732009042,-1.3895569400605319,0.9942978024482728
34,2,9,-0.1499258803749521,-1.2944819915300745,0.9976867437362672
34,2,10,-0.17186625311275,-1.2944819915300745,0.9964028596878052
34,2,11,0.02559710152743085,-1.016570603517968,0.9983935952186584
34,2,12,-0.14261242279568617,-0.9800033156216382,0.9973921179771424
34,2,13,0.38395652291146276,-0.5704496911827447,0.5777563452720642
34,2,14,-0.1352989652164202,-0.511942030548617,0.4933425784111023
34,2,15,0.09873167732009042,-0.4095536244388936,0.596960723400116
34,2,16,-0.2523142864846755,-0.24865755769504255,0.520270824432373
34,2,17,-0.0036567287896329785,-0.36567287896329786,0.599039614200592
34,2,18,-0.3181354046980691,-0.1535826091645851,0.5227788686752319
34,2,19,-0.07679130458229255,-0.43149399717669146,0.6029066443443298
34,2,20,-0.34738923501513297,-0.17552298190238297,0.522051215171814
34,2,21,-0.05485093184449468,-0.4461209123352234,0.5991834998130798
34,2,22,-0.30350848953953724,-0.21209026979871276,0.5104792714118958
34,2,23,0.06216438942376064,-0.014626915158531914,0.9952690005302428
34,2,24,-0.06216438942376064,0.014626915158531914,0.9935824275016784
34,2,25,0.018283643948164893,0.7386592155058617,0.6348828077316284
34,2,26,-0.02559710152743085,0.7459726730851276,0.5921146273612976
34,2,27,0.15723933795421807,1.4992588037495211,0.696643590927124
34,2,28,0.1352989652164202,1.4773184310117233,0.6376253366470337
34,2,29,0.25962774406394146,1.6382144977555744,0.7149120569229126
34,2,30,0.24500082890540956,1.6455279553348403,0.6452116966247559
34,2,31,0.010970186368898936,1.7917971069201595,0.7420485615730286
34,2,32,-0.0036567287896329785,1.7479163614445639,0.6840612292289734
35,1,0,0.19077161775476784,-1.4078945390301867,0.9976261258125304
35,1,1,0.13735556478343283,-1.4689414567117123,0.9967772364616394
35,1,2,0.13735556478343283,-1.4689414567117123,0.9966795444488524
35,1,3,0.12972470007324213,-1.4689414567117123,0.997351050376892
35,1,4,0.12972470007324213,-1.4613105920015217,0.9967007040977478
35,1,5,0.11446297065286071,-1.4613105920015217,0.996213436126709
35,1,6,0.10683210594266998,-1.4613105920015217,0.9963665008544922
35,1,7,0.06867778239171642,-1.423156268450568,0.9951817989349364
35,1,8,0.038154323550953564,-1.4155254037403773,0.9945247769355774
35,1,9,0.1755098883343864,-1.3239550272180887,0.9969618916511536
35,1,10,0.16024815891400498,-1.3239550272180887,0.9963997602462769
35,1,11,0.09157037652228855,-1.0110895741002695,0.9980874061584472
35,1,12,-0.038154323550953564,-0.9881969799696974,0.9976133704185486
35,1,13,0.030523458840762855,-0.5303450973582545,0.52366042137146
35,1,14,-0.16024815891400498,-0.4540364502563474,0.5426163673400879
35,1,15,0.25944940014648427,-0.4311438561257753,0.544391930103302
35,1,16,0.24418767072610284,-0.4540364502563474,0.5651796460151672
35,1,17,0.3510197766687728,-0.4311438561257753,0.5494895577430725
35,1,18,0.3510197766687728,-0.4311438561257753,0.5655543208122253
35,1,19,0.3586506413789635,-0.4845599090971103,0.553582489490509
35,1,20,0.3662815060891542,-0.5074525032276824,0.5645157694816589
35,1,21,0.3433889119585821,-0.5227142326480638,0.5504229068756104
35,1,22,0.33575804724839137,-0.5227142326480638,0.5506060123443604
35,1,23,0.05341605297133499,-0.01144629706528607,0.9942654371261596
35,1,24,-0.05341605297133499,0.01144629706528607,0.9926274418830872
35,1,25,0.10683210594266998,0.6905932562722595,0.5901573300361633
35,1,26,0.04578518826114428,0.7287475798232131,0.6038151383399963
35,1,27,-0.09920124123247927,1.3544784860588517,0.6651886105537415
35,1,28,-0.11446297065286071,1.4155254037403773,0.645521879196167
35,1,29,-0.19077161775476784,1.4842031861320937,0.6896709203720093
35,1,30,-0.2365568060159121,1.5376192391034287,0.6502797603607178
35,1,31,0.11446297065286071,1.5223575096830473,0.7187739610671997
35,1,32,0.12209383536305142,1.5757735626543823,0.6921898126602173
35,2,0,-0.10106656897361406,-1.382446282746221,0.997769832611084
35,2,1,-0.0649713657687519,-1.4401986078740003,0.9969691038131714
35,2,2,-0.05053328448680703,-1.4474176485149728,0.9968854784965516
35,2,3,-0.0433142438458346,-1.4474176485149728,0.99751478433609
35,2,4,-0.07219040640972432,-1.4401986078740003,0.9968743324279784
35,2,5,-0.0649713657687519,-1.4401986078740003,0.9964026808738708
35,2,6,-0.0649713657687519,-1.4401986078740003,0.9965342879295348
35,2,7,-0.03609520320486216,-1.404103404669138,0.9955928325653076
35,2,8,-0.07219040640972432,-1.3968843640281656,0.9947131872177124
35,2,9,-0.0649713657687519,-1.3102558763364966,0.997197687625885
35,2,10,-0.07940944705069676,-1.3102558763364966,0.9965192079544068
35,2,11,0.12272369089653136,-1.0142752100566268,0.9982741475105286
35,2,12,-0.0866284876916692,-0.9853990474927371,0.9976073503494264
35,2,13,0.3465139507666768,-0.5811327715982808,0.5711967349052429
35,2,14,-0.07940944705069676,-0.48006620262466676,0.4965902268886566
35,2,15,-0.014438081281944865,-0.45840908070174946,0.5897260308265686
35,2,16,-0.11550465025555892,-0.34290443044619057,0.5324656963348389
35,2,17,-0.12272369089653136,-0.4223138774968873,0.5938481688499451
35,2,18,-0.20935217858820054,-0.32846634916424566,0.5365428924560547
35,2,19,-0.1515998534604211,-0.43675195877883216,0.5974559187889099
35,2,20,-0.23822834115209027,-0.40065675557397,0.5363935232162476
35,2,21,-0.11550465025555892,-0.48006620262466676,0.5940616130828857
35,2,22,-0.20213313794722812,-0.38621867429202517,0.5247412919998169
35,2,23,0.07940944705069676,-0.01082856096145865,0.994479477405548
35,2,24,-0.07940944705069676,0.01082856096145865,0.9926961660385132
35,2,25,0.07219040640972432,0.6533231780080052,0.6204558610916138
35,2,26,-0.014438081281944865,0.6821993405718949,0.5761537551879883
35,2,27,0.216571219229173,1.3535701201823311,0.6813364624977112
35,2,28,0.216571219229173,1.4257605265920554,0.6254614591598511
35,2,29,0.3248568288437595,1.534046136206642,0.7046794891357422
35,2,30,0.31763778820278704,1.5773603800524765,0.6391662955284119
35,2,31,0.02887616256388973,1.584579420693449,0.7251567244529724
35,2,32,0.0216571219229173,1.6278936645392836,0.6709666848182678
36,1,0,0.2108345785496182,-1.4172768891391,0.9974969029426576
36,1,1,0.16398244998303638,-1.487555081988973,0.9966925382614136
36,1,2,0.15617376188860607,-1.487555081988973,0.9964658617973328
36,1,3,0.14836507379417577,-1.487555081988973,0.9971698522567748
36,1,4,0.15617376188860607,-1.4797463938945425,0.9967017769813538
36,1,5,0.14055638569974546,-1.4797463938945425,0.996169924736023
36,1,6,0.12493900951088485,-1.4797463938945425,0.9964332580566406
36,1,7,0.07027819284987273,-1.440702953422391,0.994480848312378
36,1,8,0.04685212856658182,-1.4328942653279606,0.9946802258491516
36,1,9,0.1952172023607576,-1.339190008194797,0.9965211153030396
36,1,10,0.179599826171897,-1.339190008194797,0.9963647723197936
36,1,11,0.07808688094430304,-1.0112251082287242,0.9980551600456238
36,1,12,-0.015617376188860606,-0.9877990439454334,0.9977580308914183
36,1,13,0.15617376188860607,-0.4802343178074637,0.5202362537384033
36,1,14,-0.031234752377721213,-0.43338218924088184,0.5439416170120239
36,1,15,0.35139096424936367,-0.4958516939963243,0.5499087572097778
36,1,16,0.35139096424936367,-0.6442167677905001,0.5738499760627747
36,1,17,0.42947784519366666,-0.5270864463740454,0.5578803420066833
36,1,18,0.4529039094769576,-0.6832602082626515,0.5742675065994263
36,1,19,0.4450952213825273,-0.6051733273183485,0.5615574717521667
36,1,20,0.4450952213825273,-0.7613470892069546,0.5731428861618042
36,1,21,0.4060517809103758,-0.6051733273183485,0.5570312738418579
36,1,22,0.4138604690048061,-0.7535384011125242,0.557917594909668
36,1,23,0.03904344047215152,-0.011713032141645456,0.9939342737197876
36,1,24,-0.03904344047215152,0.011713032141645456,0.9917771816253662
36,1,25,0.10151294522759395,0.6910688963570819,0.5750712752342224
36,1,26,0.10151294522759395,0.722303648734803,0.5951196551322937
36,1,27,-0.10151294522759395,1.3548073843836577,0.6418852806091309
36,1,28,-0.12493900951088485,1.4250855772335305,0.629418671131134
36,1,29,-0.2030258904551879,1.495363770083403,0.6692765355110168
36,1,30,-0.2420693309273394,1.542215898649985,0.6384570598602295
36,1,31,0.12493900951088485,1.487555081988973,0.6929965615272522
36,1,32,0.11713032141645455,1.542215898649985,0.6750710606575012
36,2,0,-0.09156038037465632,-1.4153708799582287,0.9976969957351683
36,2,1,-0.05341022188521618,-1.491671196937109,0.9969574213027954
36,2,2,-0.04578019018732816,-1.491671196937109,0.9967480897903442
36,2,3,-0.030520126791552103,-1.491671196937109,0.9973958134651184
36,2,4,-0.061040253583104206,-1.491671196937109,0.9969503283500672
36,2,5,-0.04578019018732816,-1.491671196937109,0.9964587688446044
36,2,6,-0.03815015848944013,-1.491671196937109,0.996709167957306
36,2,7,-0.08393034867676828,-1.453521038447669,0.9949591159820556
36,2,8,-0.11445047546832039,-1.453521038447669,0.9950359463691713
36,2,9,-0.05341022188521618,-1.3467005946772366,0.9968100786209106
36,2,10,-0.061040253583104206,-1.3390705629793485,0.99656879901886
36,2,11,0.061040253583104206,-1.0186092316680515,0.998240888118744
36,2,12,-0.12208050716620841,-0.9804590731786114,0.9977600574493408
36,2,13,0.13734057056198445,-0.4997670762116657,0.5679583549499512
36,2,14,-0.09156038037465632,-0.40820669583700936,0.5039033889770508
36,2,15,-0.2060108558429767,-0.5226571713053297,0.5944895148277283
36,2,16,-0.2670511094260809,-0.37005653734756927,0.5459604263305664
36,2,17,-0.33572139470707313,-0.5073971079095537,0.6010039448738098
36,2,18,-0.34335142640496114,-0.591327456586322,0.5475111603736877
36,2,19,-0.3509814581028492,-0.5684373614926579,0.6042090058326721
36,2,20,-0.3586114898007372,-0.5684373614926579,0.5468668341636658
36,2,21,-0.31283129961340905,-0.583697424888434,0.599330484867096
36,2,22,-0.3280913630091851,-0.4997670762116657,0.5335900783538818
36,2,23,0.07630031697888026,-0.01144504754683204,0.9941561818122864
36,2,24,-0.07630031697888026,0.01144504754683204,0.9918670654296876
36,2,25,0.05341022188521618,0.7439280905440825,0.6112987399101257
36,2,26,0.007630031697888026,0.7820782490335226,0.577643632888794
36,2,27,0.2060108558429767,1.491671196937109,0.6707630157470703
36,2,28,0.19075079244720064,1.491671196937109,0.6253237128257751
36,2,29,0.30520126791552105,1.6595318942906456,0.6938843727111816
36,2,30,0.2746811411239689,1.6366417991969815,0.6387173533439636
36,2,31,-0.007630031697888026,1.5679715139159893,0.7160083651542664
36,2,32,-0.015260063395776052,1.5450814188223252,0.6761025786399841
37,1,0,0.20481762538669113,-1.4297073458365106,0.9973013401031494
37,1,1,0.16465730668341835,-1.5019959195024015,0.9963985085487366
37,1,2,0.1566252429427638,-1.5019959195024015,0.9961528182029724
37,1,3,0.1566252429427638,-1.510027983243056,0.9969651103019714
37,1,4,0.14859317920210924,-1.5019959195024015,0.9963420629501344
37,1,5,0.1405611154614547,-1.5019959195024015,0.995830774307251
37,1,6,0.13252905172080012,-1.5019959195024015,0.996206283569336
37,1,7,0.07630460553621826,-1.4698676645397832,0.9937774538993835
37,1,8,0.044176350573600046,-1.4618356007991287,0.9942902326583862
37,1,9,0.19678556164603656,-1.3574187721706195,0.9961215257644652
37,1,10,0.18072143416472747,-1.3574187721706195,0.9960742592811584
37,1,11,0.052208414314254596,-1.0200720950631283,0.9981868863105774
37,1,12,-0.044176350573600046,-0.9799117763598555,0.9978983998298644
37,1,13,0.0682725417955637,-0.47389176069861866,0.5181591510772705
37,1,14,0.0682725417955637,-0.3855390595514186,0.5512730479240417
37,1,15,0.22891381660865479,-0.35341080458880036,0.5516983270645142
37,1,16,0.35742683645912765,-0.7871422465841462,0.5887707471847534
37,1,17,0.30120239027454576,-0.3453787408481458,0.5604627728462219
37,1,18,0.46184366508763686,-0.89959113895331,0.5885642170906067
37,1,19,0.333330645237164,-0.36144286832945494,0.5641451478004456
37,1,20,0.4377474738656732,-0.9397514576565827,0.5876145958900452
37,1,21,0.2851382627932367,-0.36947493207010945,0.5596312880516052
37,1,22,0.40561921890305497,-0.9156552664346191,0.5724436640739441
37,1,23,0.044176350573600046,-0.008032063740654554,0.99397075176239
37,1,24,-0.044176350573600046,0.008032063740654554,0.9913567304611206
37,1,25,0.14859317920210924,0.7148536729182553,0.5674324631690979
37,1,26,0.044176350573600046,0.7710781191028372,0.5714161396026611
37,1,27,-0.11646492423949102,1.421675282095856,0.630788266658783
37,1,28,-0.12449698798014558,1.4859317920210924,0.6194599866867065
37,1,29,-0.21284968912734567,1.5582203656869833,0.6611330509185791
37,1,30,-0.23694588034930933,1.6064127481309107,0.6357231140136719
37,1,31,0.1405611154614547,1.5341241744650198,0.687122642993927
37,1,32,0.1566252429427638,1.582316556908947,0.6753994226455688
37,2,0,-0.21048822976396114,-1.4098739918152114,0.9975554943084716
37,2,1,-0.21048822976396114,-1.4893035124808571,0.9967398643493652
37,2,2,-0.20254527769739658,-1.4893035124808571,0.9965162873268129
37,2,3,-0.194602325630832,-1.4893035124808571,0.9972510933876038
37,2,4,-0.2263741338970903,-1.4893035124808571,0.9966842532157898
37,2,5,-0.2263741338970903,-1.4893035124808571,0.9962204694747924
37,2,6,-0.23431708596365486,-1.4893035124808571,0.9965640902519226
37,2,7,-0.13900166116488,-1.4495887521480342,0.9943697452545166
37,2,8,-0.17871642149770287,-1.4495887521480342,0.9948211312294006
37,2,9,-0.20254527769739658,-1.3383874232161304,0.996483564376831
37,2,10,-0.2184311818305257,-1.3383874232161304,0.9964148998260498
37,2,11,0.011914428099846858,-1.0127263884869828,0.9983582496643066
37,2,12,-0.17077346943113828,-0.9809545802207246,0.9980394244194032
37,2,13,-0.07545804463236343,-0.4328908876277691,0.5657535791397095
37,2,14,-0.10722985289862172,-0.40111907936151087,0.5144335627555847
37,2,15,-0.36140431902868797,-0.6076358330921897,0.5956881642341614
37,2,16,-0.11517280496518628,-0.2263741338970903,0.569797694683075
37,2,17,-0.48849155209372114,-0.6552935454915771,0.602596640586853
37,2,18,-0.24226003803021942,-0.20254527769739658,0.5697233080863953
37,2,19,-0.4646626958940274,-0.7029512578909646,0.6057757139205933
37,2,20,-0.2581459421633486,-0.20254527769739658,0.5691933631896973
37,2,21,-0.4249479355612046,-0.6950083058244,0.600693941116333
37,2,22,-0.2581459421633486,-0.194602325630832,0.5560252070426941
37,2,23,0.083400996698928,-0.011914428099846858,0.9944016933441162
37,2,24,-0.083400996698928,0.011914428099846858,0.9919432401657104
37,2,25,0.011914428099846858,0.8538673471556915,0.6039628386497498
37,2,26,-0.04368623636610514,0.8300384909559977,0.5591185688972473
37,2,27,0.194602325630832,1.695820266211536,0.6608371138572693
37,2,28,0.15488756529800915,1.4495887521480342,0.6139836311340332
37,2,29,0.2819747983630423,1.822907499276569,0.6866374611854553
37,2,30,0.23431708596365486,1.6322766496790193,0.6320065259933472
37,2,31,-0.083400996698928,1.751420930677488,0.7110344767570496
37,2,32,-0.05162918843266971,1.7117061703446652,0.6762223839759827
38,1,0,0.19274621586330176,-1.433549980483307,0.9975120425224304
38,1,1,0.13652856956983875,-1.505829811432045,0.9967344999313354
38,1,2,0.13652856956983875,-1.505829811432045,0.9964984655380248
38,1,3,0.12849747724220117,-1.505829811432045,0.9972386956214904
38,1,4,0.12849747724220117,-1.505829811432045,0.996612787246704
38,1,5,0.11243529258692603,-1.4977987191044075,0.9961524605751038
38,1,6,0.09637310793165088,-1.4977987191044075,0.99653959274292
38,1,7,0.11243529258692603,-1.4656743497938571,0.9943206906318665
38,1,8,0.09637310793165088,-1.4576432574662197,0.9949362874031068
38,1,9,0.17668403120802662,-1.3612701495345687,0.9964970350265504
38,1,10,0.16062184655275147,-1.3532390572069313,0.9964701533317566
38,1,11,0.032124369310550294,-1.015933179446153,0.9983999133110046
38,1,12,-0.06424873862110059,-0.9838088101356027,0.9981833696365356
38,1,13,0.04015546163818787,-0.4617878088391605,0.514337956905365
38,1,14,0.056217646293463014,-0.3975390702180599,0.5609188079833984
38,1,15,0.22487058517385206,-0.38950797789042235,0.5504525303840637
38,1,16,0.36139915474369083,-0.791062594272301,0.6098595261573792
38,1,17,0.29715041612259024,-0.3332903315969593,0.5601484179496765
38,1,18,0.46580335500297926,-0.8794046098763143,0.6077426075935364
38,1,19,0.3132126007778654,-0.3654147009075096,0.5634192824363708
38,1,20,0.43367898569242896,-0.9195600715145021,0.6066698431968689
38,1,21,0.3132126007778654,-0.4296634395286102,0.5588389039039612
38,1,22,0.3935235240542411,-0.903497886859227,0.5909850001335144
38,1,23,0.032124369310550294,-0.01204663849145636,0.9944437146186828
38,1,24,-0.032124369310550294,0.01204663849145636,0.9918733239173888
38,1,25,0.06424873862110059,0.734844947978838,0.5665262341499329
38,1,26,0.04818655396582544,0.7750004096170259,0.5717775821685791
38,1,27,-0.14455966189747632,1.433549980483307,0.6396699547767639
38,1,28,-0.1204663849145636,1.4656743497938571,0.6246593594551086
38,1,29,-0.26502604681203995,1.5700785500531456,0.6711114645004272
38,1,30,-0.23290167750148963,1.5861407347084209,0.6374159455299377
38,1,31,0.09637310793165088,1.5540163653978705,0.7005026340484619
38,1,32,0.23290167750148963,1.6262961963466087,0.6859174370765686
38,2,0,-0.1315367540610914,-1.426974483450628,0.9977265000343324
38,2,1,-0.17936830099239737,-1.5066937283361377,0.9970134496688844
38,2,2,-0.17936830099239737,-1.5066937283361377,0.9967979788780212
38,2,3,-0.17936830099239737,-1.5066937283361377,0.9974691867828368
38,2,4,-0.19531214996949933,-1.5066937283361377,0.9968964457511902
38,2,5,-0.20328407445805033,-1.5066937283361377,0.9964762330055236
38,2,6,-0.21125599894660133,-1.4987218038475867,0.9968335032463074
38,2,7,-0.11559290508398941,-1.466834105893383,0.9948211908340454
38,2,8,-0.15545252752674438,-1.458862181404832,0.9953442215919496
38,2,9,-0.15545252752674438,-1.347255238565118,0.9967997074127196
38,2,10,-0.17139637650384637,-1.347255238565118,0.9967212677001952
38,2,11,0.0039859622442754965,-1.0124344100459761,0.9985445737838744
38,2,12,-0.17139637650384637,-0.9805467120917722,0.9982855916023254
38,2,13,-0.17936830099239737,-0.44642777135885564,0.5622398853302002
38,2,14,-0.09964905610688742,-0.39859622442754966,0.5249499678611755
38,2,15,-0.32286294178631525,-0.6058662611298755,0.5943964123725891
38,2,16,-0.06776135815268344,-0.2391577346565298,0.5926159620285034
38,2,17,-0.44244180911458014,-0.6457258835726305,0.6020756363868713
38,2,18,-0.2431436969008053,-0.20727003670232583,0.590811550617218
38,2,19,-0.43446988462602915,-0.7015293549924875,0.6048619151115417
38,2,20,-0.2431436969008053,-0.20727003670232583,0.5904572010040283
38,2,21,-0.37866641320617217,-0.6935574305039365,0.5994884967803955
38,2,22,-0.17936830099239737,-0.20727003670232583,0.5762068629264832
38,2,23,0.09167713161833643,-0.015943848977101986,0.9947437047958374
38,2,24,-0.09167713161833643,0.015943848977101986,0.9923515915870668
38,2,25,-0.019929811221377484,0.7413889774352425,0.6034102439880371
38,2,26,-0.03587366019847947,0.7892205243665483,0.563418447971344
38,2,27,0.13950867854964238,1.44291833242773,0.6697822213172913
38,2,28,0.16342445201529537,1.5146656528246887,0.626274585723877
38,2,29,0.2431436969008053,1.6741041425957086,0.6954467296600342
38,2,30,0.2590875458779073,1.6900479915728106,0.640203595161438
38,2,31,-0.09964905610688742,1.6581602936186066,0.7241500020027161
38,2,32,-0.04384558468703047,1.6023568221987496,0.6911404132843018
39,1,0,0.16576247369487002,-1.4231314814779086,0.997897744178772
39,1,1,0.10916065340881685,-1.4959052504171197,0.9972692728042604
39,1,2,0.10916065340881685,-1.5039912247436988,0.9970712661743164
39,1,3,0.10107467908223781,-1.5039912247436988,0.9976757168769836
39,1,4,0.10107467908223781,-1.4959052504171197,0.9971535801887512
39,1,5,0.08490273042907977,-1.4959052504171197,0.9967736601829528
39,1,6,0.06873078177592172,-1.4959052504171197,0.997097373008728
39,1,7,0.07681675610250074,-1.4635613531108036,0.9952551126480104
39,1,8,0.02830091014302659,-1.4554753787842247,0.9957854747772216
39,1,9,0.13341857638855392,-1.3503577125386972,0.9970880746841432
39,1,10,0.11724662773539588,-1.3503577125386972,0.9970192909240724
39,1,11,0.06064480744934269,-0.9945748421692202,0.9986367225646972
39,1,12,-0.16576247369487002,-1.002660816495799,0.9984487295150756
39,1,13,0.07681675610250074,-0.4851584595947415,0.515409529209137
39,1,14,0.03638688446960561,-0.42855663930868837,0.5708471536636353
39,1,15,0.27088013994039734,-0.8409413299642187,0.5601363778114319
39,1,16,0.2870520885935554,-0.8571132786173767,0.6301664710044861
39,1,17,0.3679118318593457,-0.91371509890343,0.5706469416618347
39,1,18,0.3679118318593457,-0.937973021883167,0.6255622506141663
39,1,19,0.35982585753276664,-0.970316919189483,0.5739765167236328
39,1,20,0.3436539088796086,-0.9945748421692202,0.6244378089904785
39,1,21,0.3193959858998715,-0.9541449705363251,0.569893479347229
39,1,22,0.31131001157329247,-0.9784028935160621,0.6086294054985046
39,1,23,0.06873078177592172,-0.008085974326579025,0.994804859161377
39,1,24,-0.06873078177592172,0.008085974326579025,0.992398202419281
39,1,25,0.05255883312276367,0.7924254840047446,0.5630069971084595
39,1,26,-0.04447285879618464,0.8085974326579025,0.5789993405342102
39,1,27,-0.17384844802144905,1.4959052504171197,0.6401035189628601
39,1,28,-0.16576247369487002,1.601022916662647,0.6399736404418945
39,1,29,-0.2789661142669764,1.6576247369487003,0.6765372157096863
39,1,30,-0.2789661142669764,1.7384844802144905,0.6521651148796082
39,1,31,0.06064480744934269,1.6657107112752794,0.7099495530128479
39,1,32,0.157676499368291,1.7303985058879114,0.7032513618469238
39,2,0,-0.17776704867749146,-1.3905333585439332,0.998081922531128
39,2,1,-0.18566780639649108,-1.4695409357339293,0.9975182414054872
39,2,2,-0.17776704867749146,-1.4695409357339293,0.9973362684249878
39,2,3,-0.17776704867749146,-1.4695409357339293,0.9978858828544616
39,2,4,-0.20146932183449032,-1.4695409357339293,0.9974035024642944
39,2,5,-0.20146932183449032,-1.4695409357339293,0.9970539808273317
39,2,6,-0.20937007955348994,-1.4695409357339293,0.997353971004486
39,2,7,-0.11456098692549449,-1.4379379048579308,0.9957038760185242
39,2,8,-0.1540647755204926,-1.4379379048579308,0.9961521029472352
39,2,9,-0.17776704867749146,-1.3194265390729365,0.9973451495170592
39,2,10,-0.1935685641154907,-1.3194265390729365,0.9972518682479858
39,2,11,0.01185113657849943,-0.9954954725939522,0.998760461807251
39,2,12,-0.20146932183449032,-0.9954954725939522,0.9984760880470276
39,2,13,-0.05925568289249715,-0.4661447054209776,0.5632607340812683
39,2,14,-0.13826326008249334,-0.45034318998297834,0.5260065197944641
39,2,15,-0.28837765674348614,-0.7663734987429631,0.6030569076538086
39,2,16,-0.3199806876194846,-0.5135492517349753,0.5972667932510376
39,2,17,-0.37528599165248194,-0.8295795604949602,0.6113393902778625
39,2,18,-0.4226905379664797,-0.7505719833049639,0.5961980819702148
39,2,19,-0.312079929900485,-0.8848848645279574,0.6141683459281921
39,2,20,-0.37528599165248194,-0.7584727410239636,0.5956211090087891
39,2,21,-0.2725761413054869,-0.8690833490899582,0.6093892455101013
39,2,22,-0.32788144533848423,-0.7505719833049639,0.5821089744567871
39,2,23,0.08295795604949602,-0.00790075771899962,0.9951307773590088
39,2,24,-0.08295795604949602,0.00790075771899962,0.9927938580513
39,2,25,-0.01185113657849943,0.8611825913709586,0.597029983997345
39,2,26,-0.019751894297499052,0.8137780450569609,0.5470640063285828
39,2,27,0.12246174464449411,1.6275560901139219,0.664802610874176
39,2,28,0.13036250236349373,1.5722507860809245,0.6162056922912598
39,2,29,0.22517159499148917,1.7776704867749145,0.6946969628334045
39,2,30,0.22517159499148917,1.706563667303918,0.6357143521308899
39,2,31,-0.11456098692549449,1.935685641154907,0.7275454998016357
39,2,32,-0.00395037885949981,1.7223651827419173,0.6872357130050659
40,1,0,0.1514577383207856,-1.3825373036461455,0.9982597827911376
40,1,1,0.11262242080263545,-1.4524408751788158,0.9977554678916932
40,1,2,0.10485535729900541,-1.4524408751788158,0.9975897669792176
40,1,3,0.10485535729900541,-1.4524408751788158,0.998086154460907
40,1,4,0.09708829379537538,-1.4446738116751858,0.9976481795310974
40,1,5,0.08155416678811532,-1.4446738116751858,0.9973317384719848
40,1,6,0.06602003978085526,-1.4446738116751858,0.9976032376289368
40,1,7,0.058252976277225234,-1.4213726211642956,0.9961082935333252
40,1,8,0.0038835317518150156,-1.4136055576606656,0.9965292811393738
40,1,9,0.13592361131352554,-1.3126337321134753,0.997598111629486
40,1,10,0.11262242080263545,-1.3126337321134753,0.9975139498710632
40,1,11,0.058252976277225234,-0.9864170649610139,0.998858630657196
40,1,12,-0.18252599233530573,-1.009718255471904,0.9986200928688048
40,1,13,0.12038948430626548,-0.504859127735952,0.5312026739120483
40,1,14,0.011650595255445047,-0.4582567467141718,0.571837842464447
40,1,15,0.252429563867976,-0.9009793664210836,0.609536349773407
40,1,16,0.18252599233530573,-0.9087464299247137,0.635371744632721
40,1,17,0.3378672624079063,-0.9786500014573839,0.6131111979484558
40,1,18,0.2679636908752361,-1.009718255471904,0.6319381594657898
40,1,19,0.3223331354006463,-1.0407865094864241,0.6154487133026123
40,1,20,0.23689543686071596,-1.0718547635009443,0.6307142972946167
40,1,21,0.27573075437886607,-1.017485318975534,0.6091940999031067
40,1,22,0.20582718284619583,-1.0563206364936841,0.6162394285202026
40,1,23,0.07378710328448529,0.0,0.9954538941383362
40,1,24,-0.07378710328448529,0.0,0.993329644203186
40,1,25,0.058252976277225234,0.8233087313847833,0.5865040421485901
40,1,26,-0.08932123029174535,0.8155416678811532,0.5836371183395386
40,1,27,-0.12038948430626548,1.5767138912368963,0.6692902445793152
40,1,28,-0.1980601193425658,1.5922480182441563,0.6469098329544067
40,1,29,-0.21359424634982585,1.6776857167840866,0.6949059367179871
40,1,30,-0.31456607189701624,1.7009869072949768,0.6573231816291809
40,1,31,0.08932123029174535,1.8019587328421671,0.7373425960540771
40,1,32,0.02718472226270511,1.7165210343022368,0.7116259336471558
40,2,0,-0.11385547705268413,-1.3434946292216727,0.9984179139137268
40,2,1,-0.15939766787375778,-1.4118079154532832,0.9979667067527772
40,2,2,-0.15939766787375778,-1.4193982805901288,0.997815489768982
40,2,3,-0.15939766787375778,-1.4193982805901288,0.9982657432556152
40,2,4,-0.174578398147449,-1.4118079154532832,0.9978650212287904
40,2,5,-0.1897591284211402,-1.4118079154532832,0.9975741505622864
40,2,6,-0.20493985869483142,-1.4118079154532832,0.9978240132331848
40,2,7,-0.15180730273691218,-1.3890368200427463,0.996482253074646
40,2,8,-0.1973494935579858,-1.3814464549059007,0.9968462586402892
40,2,9,-0.14421693760006657,-1.2827717081269079,0.9978033900260924
40,2,10,-0.1669880330106034,-1.2751813429900622,0.9977110624313354
40,2,11,-0.022771095410536825,-0.9943378329267747,0.998944878578186
40,2,12,-0.1897591284211402,-0.9943378329267747,0.9985315799713136
40,2,13,-0.037951825684228044,-0.49337373389496453,0.577124297618866
40,2,14,-0.14421693760006657,-0.5009640990318102,0.5196496248245239
40,2,15,-0.2732531449264419,-0.8349401650530169,0.6458619832992554
40,2,16,-0.1973494935579858,-0.6300003063581855,0.5811047554016113
40,2,17,-0.3339760660212068,-0.9260245466951642,0.6465854644775391
40,2,18,-0.22012058896852263,-0.6148195760844942,0.5809067487716675
40,2,19,-0.28843387520013314,-0.9715667375162379,0.6484069228172302
40,2,20,-0.23530131924221387,-0.6300003063581855,0.5799509286880493
40,2,21,-0.2656627797895963,-0.948795642105701,0.6412643194198608
40,2,22,-0.22012058896852263,-0.6300003063581855,0.5676711797714233
40,2,23,0.037951825684228044,-0.007590365136845609,0.9957319498062134
40,2,24,-0.037951825684228044,0.007590365136845609,0.993692934513092
40,2,25,0.053132555957919256,0.8121690696424801,0.6214173436164856
40,2,26,0.007590365136845609,0.7969883393687889,0.5640154480934143
40,2,27,0.15939766787375778,1.6850610603797251,0.6948719620704651
40,2,28,0.12903620732637533,1.5636152181901952,0.6357163786888123
40,2,29,0.2504820495159051,1.783735807158718,0.7147941589355469
40,2,30,0.22012058896852263,1.7002417906534162,0.6443755626678467
40,2,31,-0.06831328623161048,1.9886756658535494,0.7556192278862
40,2,32,-0.037951825684228044,1.8292779979797915,0.7035817503929138
41,1,0,0.13611388590425327,-1.3346722701167058,0.9985691905021667
41,1,1,0.09830447315307182,-1.4027292130688325,0.9981653690338136
41,1,2,0.09074259060283552,-1.4102910956190688,0.9980288743972778
41,1,3,0.09074259060283552,-1.4102910956190688,0.9984342455863952
41,1,4,0.07561882550236293,-1.4027292130688325,0.9980711340904236
41,1,5,0.06049506040189035,-1.4027292130688325,0.997808575630188
41,1,6,0.04537129530141776,-1.4027292130688325,0.9980328679084778
41,1,7,0.04537129530141776,-1.3800435654181236,0.9968241453170776
41,1,8,-0.037809412751181465,-1.3724816828678872,0.9971581697463988
41,1,9,0.1209901208037807,-1.2741772097148154,0.9980176091194152
41,1,10,0.09830447315307182,-1.2666153271645793,0.9979328513145448
41,1,11,0.06805694295212664,-1.001949437906309,0.9990436434745787
41,1,12,-0.18904706375590732,-0.9943875553560726,0.9986734986305236
41,1,13,0.14367576845448957,-0.5331127197916586,0.5710053443908691
41,1,14,0.007561882550236294,-0.4801795419400046,0.566204309463501
41,1,15,0.2419802416075614,-0.9036449647532371,0.6712877750396729
41,1,16,0.15123765100472586,-0.9187687298537096,0.6213451027870178
41,1,17,0.3402847147606332,-0.9641400251551274,0.6684437394142151
41,1,18,0.25710400670803396,-0.9943875553560726,0.6190839409828186
41,1,19,0.31003718455968804,-1.0095113204565451,0.669882595539093
41,1,20,0.13611388590425327,-1.1002539110593808,0.6176737546920776
41,1,21,0.3024753020094517,-0.9943875553560726,0.6617414355278015
41,1,22,0.11342823825354441,-1.0700063808584355,0.6048790812492371
41,1,23,0.08318070805259922,-0.003780941275118147,0.9961004853248596
41,1,24,-0.08318070805259922,0.003780941275118147,0.9942389726638794
41,1,25,0.05293317785165406,0.8129023741504016,0.635693371295929
41,1,26,-0.12855200335401698,0.8129023741504016,0.6043562889099121
41,1,27,-0.1209901208037807,1.5388430989730857,0.7144010663032532
41,1,28,-0.21929459395685252,1.569090629174031,0.6689471006393433
41,1,29,-0.20417082885637994,1.6371475721261575,0.7293571829795837
41,1,30,-0.31003718455968804,1.6673951023271028,0.6703318357467651
41,1,31,0.11342823825354441,1.8261946358820649,0.772699236869812
41,1,32,0.0,1.8337565184323013,0.730089008808136
41,2,0,-0.23279171803328214,-1.3103920902196042,0.9986993670463562
41,2,1,-0.23279171803328214,-1.3704673722927094,0.9983384013175964
41,2,2,-0.225282307774144,-1.3704673722927094,0.9982139468193054
41,2,3,-0.21777289751500586,-1.3704673722927094,0.9985815286636353
41,2,4,-0.2478105385515584,-1.3704673722927094,0.9982504844665528
41,2,5,-0.25531994881069653,-1.3704673722927094,0.9980072975158693
41,2,6,-0.2628293590698347,-1.3704673722927094,0.9982126951217652
41,2,7,-0.19524466673759147,-1.347939141515295,0.9971314072608948
41,2,8,-0.2703387693289728,-1.3404297312561568,0.9974133968353271
41,2,9,-0.21777289751500586,-1.242807397887361,0.9981842637062072
41,2,10,-0.24030112829242029,-1.235297987628223,0.9980952143669128
41,2,11,-0.052565871813966936,-0.9874874490766646,0.999120831489563
41,2,12,-0.2628293590698347,-0.9874874490766646,0.9986380934715272
41,2,13,-0.10513174362793387,-0.5294134232692385,0.613194465637207
41,2,14,-0.23279171803328214,-0.5669604745649292,0.5164313912391663
41,2,15,-0.2628293590698347,-0.8748462951895926,0.7023113369941711
41,2,16,-0.25531994881069653,-0.784733372079935,0.5775030255317688
41,2,17,-0.33041405140207786,-0.9424309875218357,0.6983075737953186
41,2,18,-0.18773525647845335,-0.8523180644121782,0.579662024974823
41,2,19,-0.2928670001063872,-0.9874874490766646,0.6994417309761047
41,2,20,-0.30037641036552537,-0.8823557054487308,0.5784023404121399
41,2,21,-0.24030112829242029,-0.9724686285583883,0.6909867525100708
41,2,22,-0.28535758984724907,-0.8523180644121782,0.5682228207588196
41,2,23,0.07509410259138134,-0.018773525647845336,0.996404469013214
41,2,24,-0.07509410259138134,0.018773525647845336,0.9946889281272888
41,2,25,0.0675846923322432,0.8372992438939019,0.6707659959793091
41,2,26,-0.09762233336879574,0.8222804233756257,0.6248249411582947
41,2,27,0.20275407699672962,1.5957496800668534,0.7411603331565857
41,2,28,0.12765997440534826,1.5807308595485772,0.6889470815658569
41,2,29,0.30037641036552537,1.6933720134356491,0.7514529228210449
41,2,30,0.225282307774144,1.678353192917373,0.6855448484420776
41,2,31,0.0,1.9562013725054839,0.7933868169784546
41,2,32,-0.0675846923322432,1.918654321209793,0.7465676665306091
42,1,0,0.16843285232898275,-1.3398067798896354,0.998807966709137
42,1,1,0.12249661987562381,-1.4087111285696738,0.9984866380691528
42,1,2,0.12249661987562381,-1.4087111285696738,0.9983710050582886
42,1,3,0.11484058113339733,-1.4087111285696738,0.9987037181854248
42,1,4,0.09952850364894435,-1.4010550898274474,0.9984056353569032
42,1,5,0.08421642616449138,-1.4010550898274474,0.9981840252876282
42,1,6,0.06890434868003839,-1.4010550898274474,0.998371720314026
42,1,7,0.06890434868003839,-1.3857430123429944,0.9973760843276978
42,1,8,-0.007656038742226488,-1.3704309348585415,0.9976596832275392
42,1,9,0.15312077484452977,-1.2709024312095971,0.9983457922935486
42,1,10,0.1301526586178503,-1.2709024312095971,0.9982683658599854
42,1,11,0.061248309937811905,-1.00294107523167,0.9991353154182434
42,1,12,-0.1454647361023033,-0.9952850364894434,0.9987584352493286
42,1,13,0.16843285232898275,-0.5282666732136277,0.5846521854400635
42,1,14,0.022968116226679464,-0.5435787506980807,0.5619669556617737
42,1,15,0.329209665915739,-0.9187246490671787,0.6984882354736328
42,1,16,0.24499323975124762,-0.8804444553560462,0.6166555881500244
42,1,17,0.38280193711132443,-0.9952850364894434,0.6903975009918213
42,1,18,0.3215536271735125,-0.9493488040360846,0.616398811340332
42,1,19,0.4134260920802304,-1.0718454239117083,0.6905067563056946
42,1,20,0.24499323975124762,-1.0259091914583494,0.614715576171875
42,1,21,0.30624154968905953,-1.0105971139738965,0.6805196404457092
42,1,22,0.22968116226679466,-0.9952850364894434,0.6030164957046509
42,1,23,0.09187246490671785,-0.007656038742226488,0.9965718388557434
42,1,24,-0.09187246490671785,0.007656038742226488,0.9950080513954164
42,1,25,0.061248309937811905,0.8345082229026872,0.6650195717811584
42,1,26,-0.12249661987562381,0.8421642616449138,0.6546599864959717
42,1,27,-0.09187246490671785,1.5771439808986567,0.7437430024147034
42,1,28,-0.21436908478234168,1.6230802133520155,0.7114903926849365
42,1,29,-0.19140096855566222,1.6690164458053744,0.747268557548523
42,1,30,-0.313897588431286,1.7226087170009599,0.6968552470207214
42,1,31,0.16077681358675625,1.8680734531032632,0.7993487119674683
42,1,32,0.04593623245335893,1.9369778017833015,0.7648482322692871
42,2,0,-0.20382002836659152,-1.3172812944433414,0.998913049697876
42,2,1,-0.18117335854808134,-1.3776724139593686,0.9986246824264526
42,2,2,-0.17362446860857794,-1.3852213038988719,0.9985195994377136
42,2,3,-0.15852668872957118,-1.3852213038988719,0.9988215565681458
42,2,4,-0.20382002836659152,-1.3776724139593686,0.998546838760376
42,2,5,-0.2113689183060949,-1.3776724139593686,0.9983402490615844
42,2,6,-0.21891780824559828,-1.3776724139593686,0.9985135793685912
42,2,7,-0.15852668872957118,-1.370123524019865,0.9976235032081604
42,2,8,-0.24156447806410847,-1.3550257441408584,0.997857391834259
42,2,9,-0.17362446860857794,-1.249341284987811,0.9984756708145142
42,2,10,-0.20382002836659152,-1.249341284987811,0.9983847737312316
42,2,11,-0.01509777987900678,-1.000227916984199,0.9991898536682128
42,2,12,-0.22646669818510168,-0.9851301371051923,0.9986475110054016
42,2,13,-0.09058667927404067,-0.5170989608559822,0.6255151033401489
42,2,14,-0.24156447806410847,-0.5850389703115126,0.5225769877433777
42,2,15,-0.33215115733814915,-0.864347898073138,0.7251925468444824
42,2,16,-0.30195559758013557,-0.8718967880126415,0.5845832824707031
42,2,17,-0.38499338691467283,-0.939836797468172,0.7144778370857239
42,2,18,-0.30950448751963894,-0.939836797468172,0.5843600034713745
42,2,19,-0.3472489372171559,-0.9926790270446957,0.7143392562866211
42,2,20,-0.2793089277616254,-0.9700323572261855,0.5827646255493164
42,2,21,-0.3397000472776525,-0.9624834672866821,0.7039384245872498
42,2,22,-0.2793089277616254,-0.939836797468172,0.5728006362915039
42,2,23,0.10568445915304744,-0.011323334909255084,0.9967702627182008
42,2,24,-0.10568445915304744,0.011323334909255084,0.995327651500702
42,2,25,0.07548889939503389,0.8115056684966143,0.6948411464691162
42,2,26,-0.09813556921354406,0.8417012282546279,0.6551295518875122
42,2,27,0.19627113842708813,1.6267857819629803,0.7642018795013428
42,2,28,0.135880018911061,1.6645302316604973,0.7160778045654297
42,2,29,0.2868578177011288,1.7626658008740415,0.7620296478271484
42,2,30,0.24156447806410847,1.7853124706925516,0.6994094252586365
42,2,31,-0.01509777987900678,1.9740347191801362,0.8143138289451599
42,2,32,-0.09813556921354406,1.9815836091196397,0.7702832221984863
43,1,0,0.17294904945541978,-1.337472649121913,0.9990041851997375
43,1,1,0.1345159273542154,-1.406652268904081,0.9987484812736512
43,1,2,0.1345159273542154,-1.406652268904081,0.998651683330536
43,1,3,0.1268293029339745,-1.406652268904081,0.9989246726036072
43,1,4,0.11145605409349275,-1.39896564448384,0.9986759424209596
43,1,5,0.096082805253011,-1.39896564448384,0.9984883666038512
43,1,6,0.08070955641252923,-1.39896564448384,0.9986460208892822
43,1,7,0.07302293199228836,-1.3912790200635992,0.9978311061859132
43,1,8,-0.00384331221012044,-1.3682191468028766,0.9980629682540894
43,1,9,0.1652624250351789,-1.2682930293397452,0.9986125826835632
43,1,10,0.14220255177445626,-1.2682930293397452,0.9985325932502748
43,1,11,0.057649683151806595,-1.0069477990515552,0.9992094039916992
43,1,12,-0.1345159273542154,-0.9915745502110734,0.9987709522247314
43,1,13,0.14220255177445626,-0.515003836156139,0.5883891582489014
43,1,14,0.01152993663036132,-0.5226904605763798,0.568020224571228
43,1,15,0.3113082890197556,-0.891648432747942,0.714240550994873
43,1,16,0.2498152936578286,-0.8839618083277011,0.6232211589813232
43,1,17,0.38817453322216444,-0.9838879257908326,0.701190173625946
43,1,18,0.3343681622804783,-0.9454548036896282,0.6206233501434326
43,1,19,0.4342942797436097,-1.0453809211527596,0.700684130191803
43,1,20,0.26518854249831036,-1.022321047892037,0.6186468601226807
43,1,21,0.3113082890197556,-0.9915745502110734,0.6894294619560242
43,1,22,0.2498152936578286,-0.9992611746313144,0.6073184609413147
43,1,23,0.08839618083277012,0.0,0.9969101548194884
43,1,24,-0.08839618083277012,0.0,0.9955543279647828
43,1,25,0.06533630757204748,0.8301554373860149,0.6877277493476868
43,1,26,-0.11145605409349275,0.8685885594872194,0.682243287563324
43,1,27,-0.08070955641252923,1.5757580061493803,0.7659552097320557
43,1,28,-0.2113821715566242,1.6833707480327527,0.7364998459815979
43,1,29,-0.17294904945541978,1.6833707480327527,0.759965181350708
43,1,30,-0.29593504017927386,1.7679236166554022,0.7112007737159729
43,1,31,0.15757580061493803,1.8678497341185338,0.8188204169273376
43,1,32,0.049963058731565715,1.9600892271614243,0.7864886522293091
43,2,0,-0.19089393043117156,-1.328621755800954,0.9990881085395812
43,2,1,-0.17562241599667783,-1.3973435707561759,0.9988605976104736
43,2,2,-0.1603509015621841,-1.3973435707561759,0.9987725615501404
43,2,3,-0.15271514434493724,-1.4049793279734226,0.9990205764770508
43,2,4,-0.1832581732139247,-1.389707813538929,0.9987891912460328
43,2,5,-0.19089393043117156,-1.3973435707561759,0.9986128211021424
43,2,6,-0.19089393043117156,-1.3973435707561759,0.998759150505066
43,2,7,-0.15271514434493724,-1.3820720563216822,0.9980341792106628
43,2,8,-0.2061654448656653,-1.3668005418871882,0.9982235431671144
43,2,9,-0.1603509015621841,-1.2598999408457323,0.9987170696258544
43,2,10,-0.17562241599667783,-1.2522641836284854,0.9986241459846495
43,2,11,0.007635757217246862,-1.0002841954593389,0.9992682933807372
43,2,12,-0.17562241599667783,-0.9926484382420921,0.9987284541130066
43,2,13,-0.08399332938971549,-0.5192314907727866,0.6289097666740417
43,2,14,-0.221436959300159,-0.5268672479900335,0.5231703519821167
43,2,15,-0.28252301703813393,-0.8628405655488954,0.7403782606124878
43,2,16,-0.15271514434493724,-0.8093902650281674,0.5813416242599487
43,2,17,-0.35124483199335566,-0.9468338949386109,0.7262325882911682
43,2,18,-0.2596157453863933,-0.8933835944178828,0.5803937315940857
43,2,19,-0.3054302886898745,-0.9926484382420921,0.7256012558937073
43,2,20,-0.221436959300159,-0.9315623805041172,0.578507125377655
43,2,21,-0.29779453147262763,-0.9621054093731046,0.7141523361206055
43,2,22,-0.1374436299104435,-0.9086551088523767,0.568520188331604
43,2,23,0.09162908660696235,-0.007635757217246862,0.9971089959144592
43,2,24,-0.09162908660696235,0.007635757217246862,0.9958504438400269
43,2,25,0.053450300520728036,0.8475690511144017,0.71488356590271
43,2,26,-0.11453635825870294,0.8628405655488954,0.670102059841156
43,2,27,0.1985296876484184,1.6416878017080754,0.7837986350059509
43,2,28,0.1374436299104435,1.7027738594460502,0.7338391542434692
43,2,29,0.29779453147262763,1.771495674401272,0.7745766639709473
43,2,30,0.22907271651740588,1.8096744604875064,0.7076628804206848
43,2,31,0.007635757217246862,1.9700253620496904,0.8315955400466919
43,2,32,-0.0992648438242092,2.0005683909186778,0.7864667177200317
44,1,0,0.21874332458535983,-1.3476151246776633,0.9983453154563904
44,1,1,0.17968201662368843,-1.4179254790086717,0.9979021549224854
44,1,2,0.17186975503135415,-1.4179254790086717,0.9976820945739746
44,1,3,0.17186975503135415,-1.4179254790086717,0.9981518983840942
44,1,4,0.16405749343901987,-1.4101132174163375,0.997805953025818
44,1,5,0.14843297025435132,-1.4101132174163375,0.9975135922431946
44,1,6,0.14062070866201704,-1.4101132174163375,0.9978528022766112
44,1,7,0.10937166229267992,-1.4023009558240032,0.9955984354019164
44,1,8,0.06249809273867424,-1.3866764326393346,0.9969966411590576
44,1,9,0.195306539808357,-1.2773047703466547,0.9976650476455688
44,1,10,0.17968201662368843,-1.2773047703466547,0.9976465106010436
44,1,11,0.05468583114633996,-1.003875614614955,0.9990536570549012
44,1,12,-0.0390613079616714,-0.9960633530226207,0.9987567663192748
44,1,13,0.13280844706968276,-0.4804540879285582,0.5741967558860779
44,1,14,0.04687356955400568,-0.4804540879285582,0.5680437684059143
44,1,15,0.37498855643204543,-0.3945192104128811,0.691785991191864
44,1,16,0.37498855643204543,-0.8163813363989323,0.6207528114318848
44,1,17,0.4218621259860511,-0.38670694882054685,0.6837483048439026
44,1,18,0.47654795713239106,-0.8866916907299408,0.618696391582489
44,1,19,0.4140498643937168,-0.3242088560818726,0.6846944093704224
44,1,20,0.4531111723553882,-0.9413775218762808,0.616776704788208
44,1,21,0.4609234339477225,-0.4492050415592211,0.6739357113838196
44,1,22,0.4140498643937168,-0.9257529986916122,0.6052066087722778
44,1,23,0.05468583114633996,0.00390613079616714,0.9965415596961976
44,1,24,-0.05468583114633996,-0.00390613079616714,0.9949182868003844
44,1,25,0.05468583114633996,0.8554426443606037,0.671933114528656
44,1,26,-0.0390613079616714,0.8710671675452722,0.675357460975647
44,1,27,-0.05468583114633996,1.644481065186366,0.7567741870880127
44,1,28,-0.08593487751567708,1.7147914195173743,0.7365456819534302
44,1,29,-0.14843297025435132,1.7460404658867115,0.7499380707740784
44,1,30,-0.20311880140069127,1.7929140354407171,0.7036058306694031
44,1,31,0.195306539808357,1.9179102209180656,0.8143380880355835
44,1,32,0.1562452318466856,1.9804083136567399,0.7882575392723083
44,2,0,-0.15697294858949504,-1.3323557587596164,0.9984820485115052
44,2,1,-0.1340012975763982,-1.401270711798907,0.9980889558792114
44,2,2,-0.11868686356766699,-1.401270711798907,0.9978886246681212
44,2,3,-0.11102964656330137,-1.401270711798907,0.9983156323432922
44,2,4,-0.14931573158512942,-1.3936134947945413,0.9979940056800842
44,2,5,-0.14931573158512942,-1.3936134947945413,0.9977195262908936
44,2,6,-0.14931573158512942,-1.3936134947945413,0.9980338215827942
44,2,7,-0.042114693524010864,-1.37829906078581,0.9960161447525024
44,2,8,-0.08805799555020453,-1.3706418437814445,0.9972442388534546
44,2,9,-0.12634408057203259,-1.263440805720326,0.9978362917900084
44,2,10,-0.1416585145807638,-1.2557835887159603,0.9977932572364808
44,2,11,0.01914304251091403,-1.0107526445762607,0.9991238713264464
44,2,12,-0.09571521255457015,-0.987780993563164,0.9987388849258424
44,2,13,-0.011485825506548418,-0.48240467127503356,0.6154447197914124
44,2,14,-0.08805799555020453,-0.48240467127503356,0.5174286365509033
44,2,15,-0.21823068462441994,-0.5666340583230552,0.7175438404083252
44,2,16,-0.10337242955893576,-0.7350928324190987,0.5688505172729492
44,2,17,-0.28714563766371043,-0.6049201433448833,0.7068328857421875
44,2,18,-0.17228738259822626,-0.8422938704802173,0.5697927474975586
44,2,19,-0.2641739866506136,-0.6432062283667114,0.7075080275535583
44,2,20,-0.1416585145807638,-0.8958943895107766,0.5680009126663208
44,2,21,-0.22588790162878555,-0.6814923133885394,0.6959806084632874
44,2,22,-0.1340012975763982,-0.8805799555020454,0.5577513575553894
44,2,23,0.03445747651964525,0.0,0.9967443346977234
44,2,24,-0.03445747651964525,0.0,0.9952532649040222
44,2,25,0.026800259515279642,0.8346366534758517,0.6975244283676147
44,2,26,-0.01914304251091403,0.8422938704802173,0.6492956876754761
44,2,27,0.15697294858949504,1.6539588729429722,0.7728614211082458
44,2,28,0.17228738259822626,1.6922449579648002,0.7192354202270508
44,2,29,0.2488595526418824,1.7841315620171876,0.766105592250824
44,2,30,0.24120233563751678,1.7917887790215532,0.690492570400238
44,2,31,0.0650863445371077,1.9602475531175967,0.8257080912590027
44,2,32,0.03445747651964525,1.9602475531175967,0.7755302786827087
45,1,0,0.25974390046337054,-1.330203611463928,0.997874677181244
45,1,1,0.2125177367427577,-1.4010428570448472,0.9973456859588624
45,1,2,0.2046467094559889,-1.4010428570448472,0.997166395187378
45,1,3,0.2046467094559889,-1.4010428570448472,0.9977312684059144
45,1,4,0.2046467094559889,-1.4010428570448472,0.9971689581871032
45,1,5,0.1889046548824513,-1.4010428570448472,0.996879518032074
45,1,6,0.1731626003089137,-1.4010428570448472,0.9972802996635436
45,1,7,0.13380746387506967,-1.3853008024713096,0.9944385886192322
45,1,8,0.07871027286768804,-1.3774297751845408,0.996179223060608
45,1,9,0.2203887640295265,-1.2593643658830087,0.9964809417724608
45,1,10,0.2125177367427577,-1.2593643658830087,0.9965215921401978
45,1,11,0.05509719100738163,-1.007491492706407,0.9988118410110474
45,1,12,0.0,-0.9917494381328693,0.9987379908561708
45,1,13,0.11019438201476325,-0.4092934189119778,0.5623334050178528
45,1,14,0.05509719100738163,-0.4565195826325906,0.5633928179740906
45,1,15,0.3463252006178274,-0.30697006418398337,0.6590073108673096
45,1,16,0.401422391625209,-0.7320055376694988,0.608976423740387
45,1,17,0.4486485553458218,-0.27548595503690815,0.651181161403656
45,1,18,0.5194878009267411,-0.802844783250418,0.6083593368530273
45,1,19,0.46439060991935943,-0.28335698232367695,0.6525416970252991
45,1,20,0.5116167736399723,-0.8579419742577996,0.6064725518226624
45,1,21,0.4250354734855154,-0.29909903689721457,0.6422820091247559
45,1,22,0.47226163720612824,-0.8500709469710308,0.5945315957069397
45,1,23,0.031484109147075216,0.007871027286768804,0.996003806591034
45,1,24,-0.031484109147075216,-0.007871027286768804,0.9941872954368592
45,1,25,0.06296821829415043,0.7871027286768804,0.6512899994850159
45,1,26,0.023613081860306414,0.7949737559636492,0.6537202596664429
45,1,27,-0.031484109147075216,1.6529157302214488,0.7275021076202393
45,1,28,-0.04722616372061283,1.7080129212288304,0.7127371430397034
45,1,29,-0.13380746387506967,1.7867231940965185,0.7260075211524963
45,1,30,-0.1574205457353761,1.8260783305303625,0.6816816926002502
45,1,31,0.2203887640295265,1.9126596306848194,0.7892466187477112
45,1,32,0.2203887640295265,1.9756278489789698,0.7701940536499023
45,2,0,-0.19918479075346557,-1.3153712596926972,0.9980368614196776
45,2,1,-0.17663556915873363,-1.3830189244768931,0.9975702166557312
45,2,2,-0.16160275476224564,-1.3830189244768931,0.9974067211151124
45,2,3,-0.15408634756400166,-1.3830189244768931,0.9979200959205629
45,2,4,-0.1841519763569776,-1.3830189244768931,0.9973976016044616
45,2,5,-0.1841519763569776,-1.3830189244768931,0.9971298575401306
45,2,6,-0.1841519763569776,-1.3830189244768931,0.9975053668022156
45,2,7,-0.10147149717629378,-1.3679861100804052,0.9949490427970886
45,2,8,-0.1390535331675137,-1.360469702882161,0.996501326560974
45,2,9,-0.16911916196048965,-1.2402071877102574,0.9967485070228576
45,2,10,-0.1841519763569776,-1.2402071877102574,0.9967610239982604
45,2,11,-0.07892227558156183,-1.007198564564694,0.99890798330307
45,2,12,-0.10147149717629378,-0.9846493429699619,0.998739778995514
45,2,13,-0.08643868277980582,-0.44346802469639507,0.6036128997802734
45,2,14,-0.06388946118507387,-0.44346802469639507,0.5114409327507019
45,2,15,-0.2517996411411735,-0.45850083909288303,0.6822174787521362
45,2,16,0.05637305398682988,-0.2330086231455635,0.5525544285774231
45,2,17,-0.3194473059253693,-0.5937961686612747,0.6703386306762695
45,2,18,0.011274610797365976,-0.1428117367666357,0.5539345741271973
45,2,19,-0.2893816771323934,-0.6313782046524946,0.6713783144950867
45,2,20,0.011274610797365976,-0.12777892237014774,0.5523094534873962
45,2,21,-0.26683245553766144,-0.6013125758595187,0.6594775319099426
45,2,22,0.01879101799560996,-0.1428117367666357,0.5418341755867004
45,2,23,0.011274610797365976,0.0,0.996190071105957
45,2,24,-0.011274610797365976,0.0,0.9944026470184326
45,2,25,0.003758203599121992,0.8643868277980582,0.675824761390686
45,2,26,0.10898790437453777,0.7215750910314225,0.6193322539329529
45,2,27,0.17663556915873363,1.6611259908119205,0.7447332143783569
45,2,28,0.24428323394292947,1.5859619188294807,0.6828743815422058
45,2,29,0.25931604833941746,1.7889049131820682,0.7415488362312317
45,2,30,0.30441449152888134,1.7062244340013843,0.6598307490348816
45,2,31,0.003758203599121992,1.9542658715434358,0.8004364371299744
45,2,32,0.13153712596926972,1.84903617076802,0.7488449215888977
46,1,0,0.2652257629053552,-1.3261288145267762,0.9978456497192384
46,1,1,0.23447494981487926,-1.395318143980347,0.9974846839904784
46,1,2,0.22678724654226026,-1.395318143980347,0.9972744584083556
46,1,3,0.2190995432696413,-1.395318143980347,0.9977979063987732
46,1,4,0.22678724654226026,-1.395318143980347,0.9972726702690125
46,1,5,0.2114118399970223,-1.395318143980347,0.9969366788864136
46,1,6,0.19603643345178431,-1.395318143980347,0.9973738193511964
46,1,7,0.12684710399821336,-1.3799427374351092,0.994750678539276
46,1,8,0.0960962909077374,-1.3722550341624902,0.9965363144874572
46,1,9,0.22678724654226026,-1.2415640785279674,0.9967349171638488
46,1,10,0.2190995432696413,-1.2492517818005862,0.9968344569206238
46,1,11,0.08072088436249943,-1.0032452770767786,0.998793125152588
46,1,12,-0.01153155490892849,-0.9955575738041595,0.99882310628891
46,1,13,0.11915940072559437,-0.44204293817559204,0.5485842227935791
46,1,14,0.08072088436249943,-0.43435523490297306,0.5567674040794373
46,1,15,0.36516590544940214,-0.511232267629163,0.6323165893554688
46,1,16,0.4112921250851161,-0.5957970036279719,0.5924870371818542
46,1,17,0.480481454538687,-0.5342953774470199,0.6274372935295105
46,1,18,0.526607674174401,-0.6188601134458289,0.591597855091095
46,1,19,0.47279375126606804,-0.6188601134458289,0.6290761828422546
46,1,20,0.511232267629163,-0.6880494428993998,0.5895321369171143
46,1,21,0.4266675316303541,-0.6188601134458289,0.6181364059448242
46,1,22,0.47279375126606804,-0.6880494428993998,0.5766306519508362
46,1,23,0.042282367999404456,0.003843851636309496,0.9955192804336548
46,1,24,-0.042282367999404456,-0.003843851636309496,0.9935183525085448
46,1,25,0.06534547781726144,0.7649264756255897,0.6323621273040771
46,1,26,0.01921925818154748,0.7649264756255897,0.6323131918907166
46,1,27,-0.01921925818154748,1.541384506160108,0.7111690640449524
46,1,28,-0.01921925818154748,1.6336369454315358,0.6859799027442932
46,1,29,-0.11147169745297539,1.7105139781577259,0.7115611433982849
46,1,30,-0.12684710399821336,1.7489524945208208,0.6609271764755249
46,1,31,0.19603643345178431,1.8027664174291538,0.7766863703727722
46,1,32,0.27291346617797424,1.8796434501553436,0.7502459287643433
46,2,0,-0.14557408106301434,-1.3176320670575399,0.998038113117218
46,2,1,-0.10824739361095936,-1.3922854419616497,0.9977147579193116
46,2,2,-0.0933167186301374,-1.3922854419616497,0.9975225925445556
46,2,3,-0.07838604364931541,-1.3922854419616497,0.997998058795929
46,2,4,-0.11571273110137036,-1.3922854419616497,0.99751478433609
46,2,5,-0.11571273110137036,-1.3922854419616497,0.9972050189971924
46,2,6,-0.11571273110137036,-1.3922854419616497,0.9976057410240172
46,2,7,-0.12317806859178135,-1.369889429490417,0.9952545166015624
46,2,8,-0.17543543102465828,-1.369889429490417,0.9968364238739014
46,2,9,-0.10824739361095936,-1.24297869215343,0.9970303177833556
46,2,10,-0.13064340608219235,-1.250444029643841,0.9970932602882384
46,2,11,0.03359401870684946,-1.0115532299506893,0.9989035725593568
46,2,12,-0.19783144349589127,-0.9816918799890453,0.9988616108894348
46,2,13,0.0037326687452054956,-0.4591182556602759,0.5926957130432129
46,2,14,-0.10824739361095936,-0.45165291816986497,0.5095921158790588
46,2,15,-0.22769279345753524,-0.6009596679780848,0.66546231508255
46,2,16,-0.1605047560438363,-0.27995015589041217,0.5478079915046692
46,2,17,-0.31727684334246714,-0.6158903429589068,0.6580982804298401
46,2,18,-0.18290076851506928,-0.23515813094794621,0.550470232963562
46,2,19,-0.2948808308712341,-0.6980090553534276,0.6592290997505188
46,2,20,-0.19036610600548026,-0.2948808308712341,0.5488302707672119
46,2,21,-0.27248481840000116,-0.6905437178630167,0.6473639011383057
46,2,22,-0.17543543102465828,-0.30981150585205613,0.5379565358161926
46,2,23,0.0933167186301374,0.0037326687452054956,0.9958239197731018
46,2,24,-0.0933167186301374,-0.0037326687452054956,0.9939305782318116
46,2,25,0.07838604364931541,0.7651970927671266,0.6592484712600708
46,2,26,0.10078205612054837,0.7353357428054826,0.6037673354148865
46,2,27,0.22769279345753524,1.6087802291835687,0.7307591438293457
46,2,28,0.2575541434191792,1.5565228667506916,0.6695019602775574
46,2,29,0.31727684334246714,1.7356909665205553,0.7265713214874268
46,2,30,0.34713819330411105,1.7058296165589115,0.6512958407402039
46,2,31,-0.018663343726027477,1.8849977163287752,0.7900785803794861
46,2,32,0.07092070615890442,1.8028790039342544,0.7399198412895203
47,1,0,0.25093424558146565,-1.3117017382667524,0.9980525970458984
47,1,1,0.22812204143769607,-1.3801383506980611,0.9977856874465942
47,1,2,0.22051797338977286,-1.3877424187459844,0.9975892305374146
47,1,3,0.22051797338977286,-1.3877424187459844,0.9980254769325256
47,1,4,0.21291390534184965,-1.3877424187459844,0.997590959072113
47,1,5,0.20530983729392646,-1.3877424187459844,0.9972946047782898
47,1,6,0.19010170119808006,-1.3877424187459844,0.9976949095726012
47,1,7,0.13687322486261763,-1.3725342826501379,0.995398223400116
47,1,8,0.09124881657507843,-1.3725342826501379,0.9970653057098388
47,1,9,0.22051797338977286,-1.2356610577875204,0.9971963167190552
47,1,10,0.20530983729392646,-1.2356610577875204,0.9972953200340272
47,1,11,0.09885288462300162,-0.9999349483019011,0.9988237619400024
47,1,12,-0.07604068047923201,-0.9999349483019011,0.9989587664604188
47,1,13,0.13687322486261763,-0.4524420488514305,0.5412669777870178
47,1,14,0.007604068047923202,-0.4296298447076609,0.5563242435455322
47,1,15,0.2965586538690049,-0.6045234098098946,0.623703122138977
47,1,16,0.3193708580127745,-0.695772226384973,0.5898852944374084
47,1,17,0.4106196745878529,-0.6425437500495106,0.6209192276000977
47,1,18,0.4258278106836993,-0.7261884985766658,0.5899991393089294
47,1,19,0.4182237426357761,-0.7033762944328962,0.6222940683364868
47,1,20,0.4182237426357761,-0.7946251110079746,0.5879316329956055
47,1,21,0.3497871302044673,-0.7033762944328962,0.6111329793930054
47,1,22,0.38020340239616013,-0.7946251110079746,0.575282871723175
47,1,23,0.06843661243130882,0.003802034023961601,0.9954800605773926
47,1,24,-0.06843661243130882,-0.003802034023961601,0.99377703666687
47,1,25,0.05322847633546241,0.7794169749121282,0.6361953020095825
47,1,26,-0.09885288462300162,0.7794169749121282,0.6306466460227966
47,1,27,-0.03802034023961601,1.5398237797044485,0.7223255038261414
47,1,28,-0.09124881657507843,1.6082603921357572,0.6888726949691772
47,1,29,-0.12166508876677123,1.6766970045670662,0.7146287560462952
47,1,30,-0.18249763315015685,1.7147173448066821,0.6646799445152283
47,1,31,0.19770576924600325,1.8059661613817606,0.7877660393714905
47,1,32,0.17489356510223364,1.82877836552553,0.7545139789581299
47,2,0,-0.18627286465627338,-1.3002576434830062,0.9982358813285828
47,2,1,-0.15705359176901482,-1.3733058257011528,0.9979959726333618
47,2,2,-0.14974877354720018,-1.3733058257011528,0.9978180527687072
47,2,3,-0.1351391371035709,-1.3733058257011528,0.9982130527496338
47,2,4,-0.1716632282126441,-1.3733058257011528,0.997814953327179
47,2,5,-0.1716632282126441,-1.3733058257011528,0.9975451827049256
47,2,6,-0.17896804643445874,-1.3733058257011528,0.9979081749916076
47,2,7,-0.09131022777268302,-1.3586961892575236,0.9958451390266418
47,2,8,-0.14974877354720018,-1.3586961892575236,0.9973344802856444
47,2,9,-0.15705359176901482,-1.2272094612648599,0.9974603652954102
47,2,10,-0.17896804643445874,-1.2272094612648599,0.9975310564041138
47,2,11,-0.010957227332721963,-0.9934552781667914,0.99893319606781
47,2,12,-0.2739306833180491,-0.9861504599449767,0.9989578723907472
47,2,13,0.04017650021998053,-0.4675083661961371,0.5864498019218445
47,2,14,-0.15705359176901482,-0.45289872975250783,0.5110876560211182
47,2,15,-0.21549213754353194,-0.6209095488542445,0.6598392128944397
47,2,16,-0.19357768287808802,-0.40906982042162,0.5489931106567383
47,2,17,-0.32506441087075155,-0.6793480946287618,0.6558013558387756
47,2,18,-0.25201622865260515,-0.2921927288725857,0.5516093373298645
47,2,19,-0.30314995620530766,-0.7304818221814642,0.6568101644515991
47,2,20,-0.2885403197616784,-0.4309842750870639,0.5499880909919739
47,2,21,-0.2812355015398637,-0.7377866404032789,0.6455420851707458
47,2,22,-0.2593210468744198,-0.4309842750870639,0.5393065214157104
47,2,23,0.0693957731072391,0.0,0.995769500732422
47,2,24,-0.0693957731072391,0.0,0.9939997792243958
47,2,25,-0.018262045554536605,0.7377866404032789,0.6617697477340698
47,2,26,0.05478613666360982,0.7304818221814642,0.598602294921875
47,2,27,0.17896804643445874,1.5486214630247042,0.7383374571800232
47,2,28,0.23740659220897586,1.490182917250187,0.6616512537002563
47,2,29,0.295845137983493,1.6728033727955531,0.7328554391860962
47,2,30,0.32506441087075155,1.6216696452428505,0.6525734663009644
47,2,31,-0.02556686377635125,1.7458515550136995,0.7965953946113586
47,2,32,0.07670059132905374,1.6289744634646652,0.7334508299827576
48,1,0,0.23333173298399992,-1.2962874054666662,0.998105525970459
48,1,1,0.20370230657333327,-1.370360971493333,0.9979202151298524
48,1,2,0.20370230657333327,-1.3777683280959996,0.9977105259895324
48,1,3,0.1962949499706666,-1.3777683280959996,0.9981006979942322
48,1,4,0.1962949499706666,-1.3777683280959996,0.9977349042892456
48,1,5,0.18888759336799996,-1.3777683280959996,0.9974439740180968
48,1,6,0.17407288016266662,-1.3851756846986663,0.9978528022766112
48,1,7,0.1370360971493333,-1.3629536148906662,0.9956979155540466
48,1,8,0.08518460093066664,-1.370360971493333,0.9974371790885924
48,1,9,0.18888759336799996,-1.2296211960426664,0.9974801540374756
48,1,10,0.18148023676533329,-1.2296211960426664,0.9976199865341188
48,1,11,0.07777724432799998,-0.9925857847573331,0.9988064169883728
48,1,12,-0.08518460093066664,-1.0074004979626663,0.999040961265564
48,1,13,0.12222138394399996,-0.4740708225706665,0.5351048111915588
48,1,14,-0.003703678301333332,-0.4444413961599999,0.5581635236740112
48,1,15,0.2851832292026666,-0.6370326678293331,0.6214889883995056
48,1,16,0.3148126556133332,-0.7481430168693332,0.5917540788650513
48,1,17,0.39629357824266653,-0.6592547376373331,0.6221390962600708
48,1,18,0.4333303612559999,-0.7555503734719998,0.5924180746078491
48,1,19,0.4111082914479999,-0.7407356602666665,0.623320460319519
48,1,20,0.4111082914479999,-0.8222165828959997,0.5905172228813171
48,1,21,0.3370347254213332,-0.7407356602666665,0.6130103468894958
48,1,22,0.3666641518319999,-0.8296239394986664,0.5785517692565918
48,1,23,0.07036988772533331,0.007407356602666664,0.9952884316444396
48,1,24,-0.07036988772533331,-0.007407356602666664,0.993683099746704
48,1,25,0.03333310471199999,0.7407356602666665,0.6337777376174927
48,1,26,-0.10740667073866664,0.7629577300746665,0.6231304407119751
48,1,27,-0.04074046131466665,1.481471320533333,0.7181650996208191
48,1,28,-0.08518460093066664,1.5333228167519994,0.675517737865448
48,1,29,-0.12962874054666662,1.6073963827786661,0.7157250642776489
48,1,30,-0.18148023676533329,1.6518405223946662,0.6602235436439514
48,1,31,0.17407288016266662,1.7110993752159995,0.7848570346832275
48,1,32,0.18148023676533329,1.7036920186133329,0.7432340383529663
48,2,0,-0.2073289364551347,-1.294896515403999,0.998284637928009
48,2,1,-0.17823013835616844,-1.3676435106514149,0.9981179237365724
48,2,2,-0.17095543883142686,-1.3676435106514149,0.9979285597801208
48,2,3,-0.15640603978194373,-1.3676435106514149,0.9982815384864808
48,2,4,-0.19277953740565157,-1.3676435106514149,0.9979458451271056
48,2,5,-0.19277953740565157,-1.3676435106514149,0.9976822137832642
48,2,6,-0.19277953740565157,-1.3749182101761563,0.998052418231964
48,2,7,-0.10548314310875274,-1.3603688111266732,0.996115267276764
48,2,8,-0.15640603978194373,-1.3603688111266732,0.9976726770401
48,2,9,-0.17823013835616844,-1.2221495201565835,0.9977178573608398
48,2,10,-0.20005423693039312,-1.2221495201565835,0.9978295564651488
48,2,11,-0.02546144833659549,-0.9893591353648533,0.9989176392555236
48,2,12,-0.26552653265306725,-0.9893591353648533,0.9990451335906982
48,2,13,0.01818674881185392,-0.4728554691082019,0.5808972716331482
48,2,14,-0.16368073930668528,-0.4583060700587188,0.5129106044769287
48,2,15,-0.23642773455410096,-0.6474482577019995,0.6577156186103821
48,2,16,-0.14913134025720215,-0.26188918289069646,0.5511586666107178
48,2,17,-0.33099882837574135,-0.691096454850449,0.6566564440727234
48,2,18,-0.2509771336035841,-0.28371328146492114,0.5540401339530945
48,2,19,-0.30917472980151667,-0.7565687505731231,0.6574731469154358
48,2,20,-0.22187833550461783,-0.2327903847917302,0.5525920987129211
48,2,21,-0.28735063122729193,-0.7492940510483815,0.6469306349754333
48,2,22,-0.2073289364551347,-0.24006508431647175,0.5423185229301453
48,2,23,0.0691096454850449,0.0,0.995621919631958
48,2,24,-0.0691096454850449,0.0,0.9939582347869872
48,2,25,-0.010912049287112353,0.7347446519988984,0.6635003685951233
48,2,26,0.047285546910820195,0.7347446519988984,0.5960670113563538
48,2,27,0.18550483788091,1.5422362992452125,0.7377333045005798
48,2,28,0.26552653265306725,1.4258411068493475,0.6563715934753418
48,2,29,0.3019000302767751,1.6586314916410776,0.7361049056053162
48,2,30,0.30917472980151667,1.5567856982946957,0.6548128724098206
48,2,31,-0.05456024643556176,1.702279688789527,0.796431839466095
48,2,32,0.0909337440592696,1.5567856982946957,0.7292460203170776
49,1,0,0.2364341085271318,-1.3255813953488371,0.9980399012565612
49,1,1,0.2131782945736434,-1.4108527131782946,0.9979546666145324
49,1,2,0.2054263565891473,-1.4108527131782946,0.9977101683616638
49,1,3,0.2054263565891473,-1.4186046511627908,0.9981092810630798
49,1,4,0.19767441860465115,-1.4108527131782946,0.997755765914917
49,1,5,0.18992248062015504,-1.4186046511627908,0.9974294304847716
49,1,6,0.1744186046511628,-1.4186046511627908,0.9978827238082886
49,1,7,0.13565891472868216,-1.4031007751937985,0.9957678318023682
49,1,8,0.08914728682170543,-1.4031007751937985,0.9976059794425964
49,1,9,0.2054263565891473,-1.255813953488372,0.9975883364677428
49,1,10,0.18992248062015504,-1.255813953488372,0.9977732300758362
49,1,11,0.08914728682170543,-0.9922480620155039,0.9987056851387024
49,1,12,-0.08914728682170543,-1.0077519379844961,0.9990800023078918
49,1,13,0.19767441860465115,-0.4806201550387597,0.5325368046760559
49,1,14,0.011627906976744186,-0.4496124031007752,0.5580889582633972
49,1,15,0.36046511627906974,-0.6589147286821705,0.6218879222869873
49,1,16,0.3062015503875969,-0.8062015503875969,0.5916662216186523
49,1,17,0.44573643410852715,-0.7054263565891473,0.6235861778259277
49,1,18,0.4069767441860465,-0.8682170542635659,0.5914753079414368
49,1,19,0.437984496124031,-0.7751937984496124,0.6239272356033325
49,1,20,0.38372093023255816,-0.9302325581395349,0.5892767906188965
49,1,21,0.4069767441860465,-0.7596899224806202,0.6136434078216553
49,1,22,0.3449612403100775,-0.9224806201550387,0.5764344930648804
49,1,23,0.04263565891472868,0.007751937984496124,0.9948021173477172
49,1,24,-0.04263565891472868,-0.007751937984496124,0.992991268634796
49,1,25,0.03488372093023256,0.751937984496124,0.6202514171600342
49,1,26,-0.04263565891472868,0.8062015503875969,0.6067678928375244
49,1,27,-0.1124031007751938,1.441860465116279,0.6997877955436707
49,1,28,-0.12015503875968993,1.565891472868217,0.6569291949272156
49,1,29,-0.2054263565891473,1.627906976744186,0.7061246037483215
49,1,30,-0.22868217054263565,1.697674418604651,0.6560861468315125
49,1,31,0.12015503875968993,1.6046511627906976,0.7678424119949341
49,1,32,0.22093023255813954,1.7209302325581395,0.7277018427848816
49,2,0,-0.22096841169826864,-1.318057192586164,0.9982054233551024
49,2,1,-0.1977085788879246,-1.403343246224092,0.9981327056884766
49,2,2,-0.18220202368102853,-1.403343246224092,0.9979100823402404
49,2,3,-0.1666954684741325,-1.4110965238275401,0.9982753992080688
49,2,4,-0.22096841169826864,-1.403343246224092,0.9979345798492432
49,2,5,-0.22872168930171666,-1.403343246224092,0.9976304173469543
49,2,6,-0.22872168930171666,-1.4110965238275401,0.9980446100234984
49,2,7,-0.1356823580603404,-1.387836691017196,0.996161162853241
49,2,8,-0.1977085788879246,-1.387836691017196,0.9977805018424988
49,2,9,-0.18995530128447655,-1.2482776941551317,0.9978047609329224
49,2,10,-0.22096841169826864,-1.2482776941551317,0.9979378581047058
49,2,11,-0.042643026818964126,-0.9846662556378989,0.9988272786140442
49,2,12,-0.3062544653361969,-0.9846662556378989,0.9990498423576356
49,2,13,0.0659028596293082,-0.4496901009999853,0.578968346118927
49,2,14,-0.22872168930171666,-0.4419368233965373,0.5222287178039551
49,2,15,-0.2054618564913726,-0.6435220410861859,0.6592996716499329
49,2,16,-0.4070470741810212,-0.6280154858792898,0.5734682679176331
49,2,17,-0.32176102054309297,-0.7133015395172181,0.6603336334228516
49,2,18,-0.5155929606292935,-0.659028596293082,0.5730186700820923
49,2,19,-0.29850118773274886,-0.7753277603448022,0.6605359315872192
49,2,20,-0.5388527934396375,-0.8528605363792825,0.571759819984436
49,2,21,-0.2674880773189568,-0.7598212051379062,0.6506760120391846
49,2,22,-0.4535667398017093,-0.7055482619137701,0.5601094365119934
49,2,23,0.05039630442241215,0.007753277603448023,0.9948834180831908
49,2,24,-0.05039630442241215,-0.007753277603448023,0.9926583170890808
49,2,25,-0.18995530128447655,0.7598212051379062,0.653374969959259
49,2,26,0.011629916405172034,0.8218474259654904,0.5930251479148865
49,2,27,0.14343563566378842,1.5429022430861565,0.7206977009773254
49,2,28,0.22096841169826864,1.5273956878792605,0.6473342776298523
49,2,29,0.24422824450861272,1.6824612399482208,0.7281481027603149
49,2,30,0.3062544653361969,1.6824612399482208,0.6589880585670471
49,2,31,-0.10466924764654831,1.7677472935861491,0.7800734043121338
49,2,32,0.08916269243965226,1.659201407137877,0.7188226580619812
50,1,0,0.24136336666699093,-1.329414098943585,0.9979342818260192
50,1,1,0.20305172116429396,-1.4136997190495184,0.9977149963378906
50,1,2,0.20305172116429396,-1.4213620481500577,0.9974144101142884
50,1,3,0.20305172116429396,-1.4213620481500577,0.997947871685028
50,1,4,0.18772706296321517,-1.4136997190495184,0.9975106120109558
50,1,5,0.18006473386267577,-1.4213620481500577,0.9970130920410156
50,1,6,0.16474007566159699,-1.4213620481500577,0.9974761605262756
50,1,7,0.11876610105836062,-1.4060373899489789,0.9956688284873962
50,1,8,0.07279212645512426,-1.3983750608484395,0.996719479560852
50,1,9,0.21837637936537274,-1.2604531370387304,0.9973452687263488
50,1,10,0.19538939206375455,-1.2604531370387304,0.99748957157135
50,1,11,0.05746746825404546,-0.9922716185198516,0.9988170266151428
50,1,12,-0.08045445555566365,-1.0075962767209303,0.9989216327667236
50,1,13,0.16474007566159699,-0.47889556878371214,0.5385740399360657
50,1,14,-0.04980513915350607,-0.47123323968317277,0.5652078986167908
50,1,15,0.3946099486777788,-0.570843517990185,0.6535819172859192
50,1,16,0.19538939206375455,-0.8773366820117607,0.613034725189209
50,1,17,0.4635709105826334,-0.6014928343923425,0.6542641520500183
50,1,18,0.2873373412702273,-0.9692846312182334,0.611384391784668
50,1,19,0.49422022698479096,-0.670453796297197,0.6550158858299255
50,1,20,0.2643503539686091,-1.0459079222236274,0.6097162365913391
50,1,21,0.4635709105826334,-0.670453796297197,0.6429513096809387
50,1,22,0.24136336666699093,-1.0075962767209303,0.5959687829017639
50,1,23,0.019155822751348486,0.003831164550269697,0.99473637342453
50,1,24,-0.019155822751348486,-0.003831164550269697,0.9919016361236572
50,1,25,0.03448048095242728,0.6781161253977365,0.6036437153816223
50,1,26,0.02681815185188788,0.7240901000009728,0.5849862098693848
50,1,27,-0.07279212645512426,1.3217517698430457,0.667728841304779
50,1,28,-0.07279212645512426,1.3983750608484395,0.6306419372558594
50,1,29,-0.18006473386267577,1.4673360227532941,0.6893935799598694
50,1,30,-0.18006473386267577,1.5286346555576091,0.6483779549598694
50,1,31,0.13409075925943942,1.4749983518538334,0.7377089262008667
50,1,32,0.20305172116429396,1.5592839719597669,0.7024699449539185
50,2,0,-0.31547563109967003,-1.3388478002766484,0.9981245398521424
50,2,1,-0.26930846557288907,-1.4157930761546167,0.997929036617279
50,2,2,-0.26161393798509225,-1.4234876037424136,0.9976582527160645
50,2,3,-0.2539194103972954,-1.4234876037424136,0.9981412291526794
50,2,4,-0.2770029931606859,-1.4157930761546167,0.9977385997772216
50,2,5,-0.26930846557288907,-1.4234876037424136,0.9972886443138124
50,2,6,-0.26930846557288907,-1.4234876037424136,0.9977088570594788
50,2,7,-0.19236318969492075,-1.4004040209790232,0.9960910081863404
50,2,8,-0.22314130004610808,-1.4004040209790232,0.9970245957374572
50,2,9,-0.2846975207484827,-1.2619025243986801,0.9975973963737488
50,2,10,-0.2923920483362796,-1.2619025243986801,0.9977023005485536
50,2,11,-0.08463980346576513,-0.9925940588257911,0.998932957649231
50,2,12,-0.26161393798509225,-0.9772050036501975,0.9989673495292664
50,2,13,0.08463980346576513,-0.4770607104434035,0.5843649506568909
50,2,14,-0.11541791381695245,-0.46936618285560666,0.5186383724212646
50,2,15,-0.2923920483362796,-0.6001731518481528,0.6876075267791748
50,2,16,-0.34625374145085736,-0.5155333483823876,0.5737219452857971
50,2,17,-0.42319901732882564,-0.6309512621993401,0.6875413656234741
50,2,18,-0.45397712768001297,-0.7617582311918862,0.5754362344741821
50,2,19,-0.3924209069776383,-0.7078965380773083,0.6880597472190857
50,2,20,-0.46936618285560666,-0.9002597277722292,0.5738056898117065
50,2,21,-0.3539482690386542,-0.7078965380773083,0.6760809421539307
50,2,22,-0.4155044897410288,-0.7617582311918862,0.5617078542709351
50,2,23,0.06155622070237464,0.00769452758779683,0.995154619216919
50,2,24,-0.06155622070237464,-0.00769452758779683,0.9924312829971312
50,2,25,-0.19236318969492075,0.6771184277261211,0.6386381983757019
50,2,26,-0.1538905517559366,0.7002020104895116,0.5711718797683716
50,2,27,-0.02308358276339049,1.4619602416813977,0.6958855986595154
50,2,28,-0.053861693114577815,1.3927094933912263,0.6169365048408508
50,2,29,0.13850149658034294,1.6004617382617408,0.7133151888847351
50,2,30,0.11541791381695245,1.5466000451471629,0.640912652015686
50,2,31,-0.13850149658034294,1.6466289037885216,0.7580627202987671
50,2,32,-0.06925074829017147,1.5773781554983501,0.6928876042366028
51,1,0,0.27038377587972906,-1.3776697151967148,0.998217225074768
51,1,1,0.22746571621628,-1.463505834523613,0.9980022311210632
51,1,2,0.22746571621628,-1.463505834523613,0.9977309107780457
51,1,3,0.2188821042835902,-1.463505834523613,0.998189091682434
51,1,4,0.21029849235090037,-1.463505834523613,0.997861623764038
51,1,5,0.19313126848552076,-1.463505834523613,0.9974253177642822
51,1,6,0.17596404462014115,-1.463505834523613,0.9978109002113342
51,1,7,0.13304598495669206,-1.4377549987255434,0.9962295293807985
51,1,8,0.0729607014278634,-1.4377549987255434,0.9971691966056824
51,1,9,0.24463294008165962,-1.2918335958698166,0.9975587129592896
51,1,10,0.2188821042835902,-1.2918335958698166,0.997746765613556
51,1,11,0.09012792529324302,-0.9914071782256733,0.9989792108535768
51,1,12,-0.09871153722593283,-1.0085744020910528,0.9990171194076538
51,1,13,0.20171488041821056,-0.4420560145335253,0.5584154725074768
51,1,14,-0.047209865629793964,-0.41630517873545586,0.5653817653656006
51,1,15,0.502141298062354,-0.5364757457931132,0.6882578134536743
51,1,16,0.26180016394703925,-0.8025677157064973,0.6151772737503052
51,1,17,0.6480627009180807,-0.5278921338604234,0.6871722340583801
51,1,18,0.34763628327393736,-0.9399055066295343,0.6159493923187256
51,1,19,0.6566463128507706,-0.5965610293219419,0.6882398128509521
51,1,20,0.31330183554317814,-1.0171580140237426,0.6143445372581482
51,1,21,0.6051446412546317,-0.6051446412546317,0.6747701168060303
51,1,22,0.28755099974510867,-0.9742399543602935,0.6023333072662354
51,1,23,0.055793477562483776,0.004291805966344906,0.9954691529273988
51,1,24,-0.055793477562483776,-0.004291805966344906,0.992824137210846
51,1,25,0.09871153722593283,0.776816879908428,0.6088398694992065
51,1,26,0.33905267134124756,0.7338988202449789,0.6037527918815613
51,1,27,0.004291805966344906,1.5493419538505109,0.6618783473968506
51,1,28,-0.06437708949517358,1.188830252677539,0.6016988158226013
51,1,29,-0.11587876109131245,1.7124305805716173,0.6806949377059937
51,1,30,-0.2188821042835902,1.2145810884756083,0.6284272074699402
51,1,31,0.2360493281489698,1.7639322521677563,0.7232000827789307
51,1,32,0.047209865629793964,1.3948369390620943,0.6755473017692566
51,2,0,-0.324963330859677,-1.3581800751314705,0.9983822107315063
51,2,1,-0.2916337584638127,-1.4331716130221652,0.9981871843338012
51,2,2,-0.2749689722658805,-1.4331716130221652,0.9979425072669984
51,2,3,-0.26663657916691447,-1.4415040061211313,0.9983583688735962
51,2,4,-0.2999661515627787,-1.4331716130221652,0.998056709766388
51,2,5,-0.2916337584638127,-1.4415040061211313,0.9976611733436584
51,2,6,-0.2916337584638127,-1.4415040061211313,0.9980115294456482
51,2,7,-0.23330700677105015,-1.4081744337252668,0.9965956807136536
51,2,8,-0.2833013653648466,-1.416506826824233,0.9974290132522584
51,2,9,-0.2833013653648466,-1.2748561441418098,0.9977893829345704
51,2,10,-0.2916337584638127,-1.2831885372407759,0.9979300498962402
51,2,11,-0.03332957239586431,-0.9915547787769631,0.9990782737731934
51,2,12,-0.2833013653648466,-0.983222385677997,0.9990606307983398
51,2,13,0.09165632408862684,-0.44994922734416815,0.6022117733955383
51,2,14,-0.33329572395864304,-0.4666140135421003,0.523518979549408
51,2,15,-0.34162811705760915,-0.5249407652348628,0.7186846733093262
51,2,16,-0.5249407652348628,-0.7499153789069469,0.5867895483970642
51,2,17,-0.49994358593796456,-0.49994358593796456,0.7168320417404175
51,2,18,-0.6332618755214218,-0.6415942686203879,0.5886020660400391
51,2,19,-0.4916111928389985,-0.6082646962245236,0.7176304459571838
51,2,20,-0.6332618755214218,-0.7415829858079808,0.5874617099761963
51,2,21,-0.44994922734416815,-0.6249294824224557,0.7040966749191284
51,2,22,-0.5832675169276254,-0.758247772005913,0.5775786638259888
51,2,23,0.09998871718759292,0.0,0.995814323425293
51,2,24,-0.09998871718759292,0.0,0.9934141635894777
51,2,25,-0.18331264817725368,0.7915773444017773,0.6448756456375122
51,2,26,-0.30829854466174483,0.6999210203131504,0.6125604510307312
51,2,27,0.0,1.5914870819025206,0.6925041079521179
51,2,28,-0.1416506826824233,1.3998420406263008,0.6143141984939575
51,2,29,0.13331828958345723,1.749802550782876,0.7041966319084167
51,2,30,0.0,1.50816315091286,0.6395426988601685
51,2,31,-0.14998307578138936,1.8247940886735707,0.7472211718559265
51,2,32,-0.24163939987001623,1.3415152889335382,0.687134325504303
52,1,0,0.28498905595585555,-1.389869703661634,0.9984022974967957
52,1,1,0.2499134798382118,-1.4687897499263325,0.9982110857963562
52,1,2,0.24114458580880085,-1.4687897499263325,0.9979605674743652
52,1,3,0.24114458580880085,-1.4687897499263325,0.9983822107315063
52,1,4,0.223606797749979,-1.4687897499263325,0.9981138706207277
52,1,5,0.2060690096911571,-1.4687897499263325,0.997718870639801
52,1,6,0.1885312216323352,-1.4687897499263325,0.9980734586715698
52,1,7,0.15345564551469146,-1.4424830678380998,0.9966729283332824
52,1,8,0.08330449327940394,-1.4424830678380998,0.9975608587265016
52,1,9,0.2586823738676227,-1.3021807633675246,0.9977771043777466
52,1,10,0.24114458580880085,-1.3021807633675246,0.9980181455612184
52,1,11,0.08330449327940394,-1.0040383663675527,0.999067723751068
52,1,12,-0.13591785745586957,-0.9952694723381418,0.9991096258163452
52,1,13,0.4165224663970197,-0.51298030072054,0.5545885562896729
52,1,14,-0.09207338730881487,-0.4165224663970197,0.5688971877098083
52,1,15,0.5042114066911291,-0.5568247708675947,0.6750702261924744
52,1,16,0.35514020819114306,-0.7058959693675807,0.6228625774383545
52,1,17,0.6357448171322931,-0.4866736186323072,0.6781471371650696
52,1,18,0.4866736186323072,-0.7234337574264026,0.6220145225524902
52,1,19,0.6357448171322931,-0.6094381350440603,0.6789224147796631
52,1,20,0.4691358305734853,-0.8023538036911011,0.6203965544700623
52,1,21,0.5919003469852385,-0.6269759231028822,0.6666206121444702
52,1,22,0.4165224663970197,-0.8023538036911011,0.6078755855560303
52,1,23,0.07453559924999299,-0.00438444701470547,0.9953092336654664
52,1,24,-0.07453559924999299,0.00438444701470547,0.9927292466163636
52,1,25,0.1885312216323352,0.7935849096616902,0.599842369556427
52,1,26,0.28498905595585555,0.7935849096616902,0.6380135416984558
52,1,27,0.10084228133822581,1.6090920543969076,0.6512860655784607
52,1,28,0.09207338730881487,1.5915542663380857,0.6220383644104004
52,1,29,0.01315334104411641,1.7406254648380717,0.6692440509796143
52,1,30,-0.03946002313234923,1.7230876767792498,0.6401755809783936
52,1,31,0.363909102220554,1.7581632528968936,0.7058092355728149
52,1,32,0.2937579499852665,1.714318782749839,0.6837621927261353
52,2,0,-0.37432238360776404,-1.3611723040282329,0.9985491037368774
52,2,1,-0.3317857491068818,-1.437738246129821,0.9983753561973572
52,2,2,-0.31477109530652886,-1.437738246129821,0.9981495141983032
52,2,3,-0.297756441506176,-1.437738246129821,0.9985309839248656
52,2,4,-0.3488004029072347,-1.437738246129821,0.998285472393036
52,2,5,-0.3488004029072347,-1.4462455730299975,0.9979288578033448
52,2,6,-0.3402930760070582,-1.4462455730299975,0.998249053955078
52,2,7,-0.2126831725044114,-1.4122162654292916,0.9969943165779114
52,2,8,-0.27223446080564656,-1.420723592329468,0.9977819323539734
52,2,9,-0.3317857491068818,-1.2846063619266448,0.9979854822158812
52,2,10,-0.35730772980741116,-1.2846063619266448,0.9981734752655028
52,2,11,-0.04253663450088228,-0.9868499204204689,0.9991551637649536
52,2,12,-0.28074178770582303,-0.9868499204204689,0.9991297125816344
52,2,13,0.12760990350264684,-0.484917633310058,0.5986408591270447
52,2,14,-0.2892491146059995,-0.45088832570935217,0.5244453549385071
52,2,15,-0.3658150567075876,-0.5444689216112931,0.706312358379364
52,2,16,-0.46790297950970505,-0.6380495175132341,0.5873895287513733
52,2,17,-0.5274542678109403,-0.5019322871104109,0.7076985239982605
52,2,18,-0.5699909023118226,-0.6380495175132341,0.5864488482475281
52,2,19,-0.5104396140105874,-0.6125275368127048,0.7081822752952576
52,2,20,-0.5614835754116461,-0.765659421015881,0.5849205851554871
52,2,21,-0.45939565260952864,-0.6380495175132341,0.6951201558113098
52,2,22,-0.5274542678109403,-0.7571520941157046,0.5745959877967834
52,2,23,0.10208792280211747,0.008507326900176455,0.99566912651062
52,2,24,-0.10208792280211747,-0.008507326900176455,0.9933115839958192
52,2,25,-0.14462455730299975,0.8081960555167633,0.6374601721763611
52,2,26,-0.37432238360776404,0.7401374403153517,0.6421201825141907
52,2,27,-0.11910257660247038,1.6334067648338795,0.683218240737915
52,2,28,-0.2552198070052937,1.531318842031762,0.6380387544631958
52,2,29,0.14462455730299975,1.7269873607358206,0.6944202184677124
52,2,30,-0.23820515320494076,1.7014653800352912,0.6551790833473206
52,2,31,-0.18716119180388202,1.829075283537938,0.7316775321960449
52,2,32,-0.6635714982137636,1.6929580531351147,0.6986945271492004
53,1,0,0.28564737965683146,-1.3806290016746852,0.99856036901474
53,1,1,0.25102345484994276,-1.4585328324901847,0.9983760118484496
53,1,2,0.25102345484994276,-1.4585328324901847,0.9981477856636048
53,1,3,0.25102345484994276,-1.4585328324901847,0.9985433220863342
53,1,4,0.23371149244649844,-1.4585328324901847,0.998315930366516
53,1,5,0.21639953004305412,-1.4585328324901847,0.9979516267776488
53,1,6,0.19908756763960977,-1.467188813691907,0.9982861280441284
53,1,7,0.16446364283272114,-1.4325648888850182,0.997033417224884
53,1,8,0.09521579321894381,-1.4325648888850182,0.9978370666503906
53,1,9,0.2683354172533871,-1.2940691896574636,0.9978927373886108
53,1,10,0.24236747364822062,-1.3027251708591858,0.998208224773407
53,1,11,0.060591868412055154,-0.9997658287989101,0.9990952014923096
53,1,12,-0.10387177442066597,-0.9997658287989101,0.9991533756256104
53,1,13,0.17311962403444328,-0.4890629378973023,0.5481250286102295
53,1,14,-0.060591868412055154,-0.42847106948524716,0.5696783661842346
53,1,15,0.4501110224895526,-0.5496548063093575,0.6602651476860046
53,1,16,0.38086317287577526,-0.67949452433519,0.6230154633522034
53,1,17,0.5539827969102186,-0.5150308815024688,0.6669982075691223
53,1,18,0.5107028909016077,-0.7227744303438007,0.6193975806236267
53,1,19,0.5539827969102186,-0.6362146183265791,0.6672740578651428
53,1,20,0.48473494729644123,-0.8179902235627445,0.6173011660575867
53,1,21,0.5193588721033299,-0.6362146183265791,0.6542159914970398
53,1,22,0.4414550412878304,-0.8006782611593002,0.6040904521942139
53,1,23,0.05193588721033299,-0.0043279906008610826,0.9947705864906312
53,1,24,-0.05193588721033299,0.0043279906008610826,0.992263913154602
53,1,25,0.21639953004305412,0.7747103175541338,0.5977648496627808
53,1,26,0.33758326686716444,0.7660543363524116,0.6663720607757568
53,1,27,0.09521579321894381,1.4931567572970734,0.6442570686340332
53,1,28,0.11252775562238815,1.5883725505160173,0.6427335739135742
53,1,29,0.008655981201722165,1.6749323625332388,0.6582266688346863
53,1,30,0.008655981201722165,1.7182122685418497,0.6542358994483948
53,1,31,0.28564737965683146,1.6662763813315167,0.6914029121398926
53,1,32,0.38086317287577526,1.7528361933487384,0.6932685375213623
53,2,0,-0.375423841142542,-1.354056775356809,0.9986981749534608
53,2,1,-0.3248048962693903,-1.4299851926665366,0.9985312223434448
53,2,2,-0.3079319146450064,-1.4299851926665366,0.998325526714325
53,2,3,-0.29105893302062247,-1.4299851926665366,0.9986826181411744
53,2,4,-0.3416778778937742,-1.4299851926665366,0.9984758496284484
53,2,5,-0.33324138708158224,-1.4384216834787285,0.9981473684310912
53,2,6,-0.33324138708158224,-1.4384216834787285,0.9984493255615234
53,2,7,-0.20669402489870292,-1.4131122110421526,0.9973247051239014
53,2,8,-0.2657494605840466,-1.4131122110421526,0.9980392456054688
53,2,9,-0.3248048962693903,-1.2781283580470812,0.9980948567390442
53,2,10,-0.3501143687059662,-1.2781283580470812,0.998359441757202
53,2,11,-0.0379642086548638,-0.9912876704325548,0.999181628227234
53,2,12,-0.2826224422084305,-0.9828511796203628,0.9991711974143982
53,2,13,0.07171017190363163,-0.4597887492644616,0.592873215675354
53,2,14,-0.29105893302062247,-0.4513522584522696,0.5258837342262268
53,2,15,-0.375423841142542,-0.5441536573863811,0.6929256916046143
53,2,16,-0.4597887492644616,-0.6453915471326847,0.5866010189056396
53,2,17,-0.5272806757619972,-0.5104076941376133,0.6973214745521545
53,2,18,-0.5525901481985731,-0.6453915471326847,0.5825395584106445
53,2,19,-0.5188441849498053,-0.6200820746961088,0.697338879108429
53,2,20,-0.5357171665741892,-0.763502418503372,0.5801886320114136
53,2,21,-0.46822524007665356,-0.6369550563204927,0.6834923028945923
53,2,22,-0.5104076941376133,-0.7550659276911801,0.5689483880996704
53,2,23,0.08858315352801553,-0.004218245406095978,0.9951962828636168
53,2,24,-0.08858315352801553,0.004218245406095978,0.9929211735725404
53,2,25,-0.13076560758897532,0.7466294368789881,0.6361592411994934
53,2,26,-0.3501143687059662,0.7466294368789881,0.6674559712409973
53,2,27,-0.012654736218287934,1.4721676467274962,0.6776413321495056
53,2,28,-0.2488764789596627,1.5312230824128399,0.6586241722106934
53,2,29,0.18138455246212704,1.699952898656679,0.6853435039520264
53,2,30,-0.23200349733527878,1.691516407844487,0.6677672863006592
53,2,31,-0.1138926259645914,1.6493339537835274,0.7197293639183044
53,2,32,-0.6453915471326847,1.699952898656679,0.7094661593437195
54,1,0,0.251928496847915,-1.3463719667609886,0.9987857937812804
54,1,1,0.2188886939826147,-1.4207115232079144,0.9986397624015808
54,1,2,0.2106287432662896,-1.4207115232079144,0.9984517097473145
54,1,3,0.2106287432662896,-1.4207115232079144,0.998777151107788
54,1,4,0.2106287432662896,-1.4207115232079144,0.9985871911048888
54,1,5,0.19410884183363947,-1.4207115232079144,0.9982839822769164
54,1,6,0.18584889111731437,-1.4289714739242394,0.9985634088516236
54,1,7,0.14454913753568896,-1.4041916217752641,0.9975392818450928
54,1,8,0.10324938395406354,-1.4041916217752641,0.9982089996337892
54,1,9,0.2106287432662896,-1.2720324103140628,0.9982326626777648
54,1,10,0.19410884183363947,-1.2720324103140628,0.9984930157661438
54,1,11,-0.004129975358162541,-1.00771398739166,0.9992064237594604
54,1,12,-0.06194963037243812,-0.9911940859590099,0.9992411136627196
54,1,13,-0.004129975358162541,-0.4790771415468548,0.542605996131897
54,1,14,-0.04542972893978796,-0.42951743724890434,0.5713332295417786
54,1,15,0.251928496847915,-0.6277562544407064,0.6466659903526306
54,1,16,0.30148820114586555,-0.6607960573060067,0.6205453872680664
54,1,17,0.38408770830911637,-0.6194963037243812,0.6556087136268616
54,1,18,0.45016731403971705,-0.6773159587386568,0.6127520799636841
54,1,19,0.34278795472749096,-0.6938358601713069,0.6555234789848328
54,1,20,0.441907363323392,-0.7599154659019076,0.609622597694397
54,1,21,0.28496829971321536,-0.6938358601713069,0.6422238945960999
54,1,22,0.39234765902544144,-0.7599154659019076,0.5962387919425964
54,1,23,-0.020649876790812708,0.0,0.9949697256088256
54,1,24,0.020649876790812708,0.0,0.9927791357040404
54,1,25,0.11150933467038862,0.7599154659019076,0.6184431910514832
54,1,26,0.3345280040111659,0.7516555151855826,0.6917338371276855
54,1,27,0.028909827507137793,1.5115709810874902,0.6632719039916992
54,1,28,0.2932282504295404,1.49505107965484,0.6681897640228271
54,1,29,-0.1197692853867137,1.6602500939813418,0.6723403930664062
54,1,30,0.16106903896833913,1.6437301925486916,0.6767638921737671
54,1,31,0.28496829971321536,1.6685100446976668,0.7017664313316345
54,1,32,0.5823265255009183,1.6602500939813418,0.7104964256286621
54,2,0,-0.3649021832856706,-1.3298657346411107,0.9989044666290284
54,2,1,-0.3405753710666259,-1.3947372338918964,0.9987735152244568
54,2,2,-0.3243574962539294,-1.4028461712982447,0.9986040592193604
54,2,3,-0.3162485588475812,-1.4028461712982447,0.9988973736763
54,2,4,-0.3486843084729741,-1.4028461712982447,0.9987255334854126
54,2,5,-0.3405753710666259,-1.4028461712982447,0.9984524250030518
54,2,6,-0.33246643366027767,-1.4028461712982447,0.9987045526504515
54,2,7,-0.2594859970031435,-1.3785193590792,0.997783899307251
54,2,8,-0.3000306840348847,-1.3785193590792,0.998384952545166
54,2,9,-0.3243574962539294,-1.2487763605776283,0.9984062314033508
54,2,10,-0.3405753710666259,-1.2568852979839764,0.9986358880996704
54,2,11,-0.06487149925078588,-0.997399300980833,0.9992833733558656
54,2,12,-0.2270502473777506,-0.9811814261681364,0.9992812871932985
54,2,13,-0.03243574962539294,-0.4541004947555012,0.5878298282623291
54,2,14,-0.2108323725650541,-0.4622094321618494,0.5283420085906982
54,2,15,-0.3567932458793224,-0.6000613680697694,0.6803151965141296
54,2,16,-0.3486843084729741,-0.6487149925078588,0.5826862454414368
54,2,17,-0.4541004947555012,-0.5919524306634212,0.6864585280418396
54,2,18,-0.4378826199428047,-0.6324971176951624,0.5768542885780334
54,2,19,-0.4459915573491529,-0.6649328673205553,0.6861364841461182
54,2,20,-0.3973379329110635,-0.7460222413840376,0.573430597782135
54,2,21,-0.4216647451301082,-0.6811507421332518,0.6724503040313721
54,2,22,-0.3730111206920188,-0.7460222413840376,0.5622339844703674
54,2,23,0.05676256184443765,0.0,0.995400071144104
54,2,24,-0.05676256184443765,0.0,0.9933498501777648
54,2,25,-0.2594859970031435,0.7541311787903858,0.6523258686065674
54,2,26,-0.2919217466285365,0.6811507421332518,0.657828152179718
54,2,27,-0.10541618628252705,1.5082623575807717,0.6897538900375366
54,2,28,-0.19461449775235765,1.4271729835172895,0.6402270197868347
54,2,29,0.08108937406348235,1.6785500431140847,0.6937423944473267
54,2,30,-0.21894130997140235,1.5406981072061647,0.6594167351722717
54,2,31,-0.24326812219044705,1.727203667552174,0.7237245440483093
54,2,32,-0.3973379329110635,1.6380053560823435,0.6893982887268066
55,1,0,0.2478937566228701,-1.3370007529331847,0.9989896416664124
55,1,1,0.22351076416816157,-1.4101497302973103,0.998874843120575
55,1,2,0.21538310001659206,-1.4101497302973103,0.9987199902534484
55,1,3,0.20725543586502254,-1.4101497302973103,0.9989838600158693
55,1,4,0.20725543586502254,-1.4101497302973103,0.998828947544098
55,1,5,0.19912777171345303,-1.4101497302973103,0.9985800981521606
55,1,6,0.18287244341031403,-1.4182773944488798,0.9988116025924684
55,1,7,0.15036178680403597,-1.3938944019941713,0.9979686737060548
55,1,8,0.1097234660461884,-1.3938944019941713,0.9985355138778688
55,1,9,0.20725543586502254,-1.263851775569059,0.998542547225952
55,1,10,0.19912777171345303,-1.263851775569059,0.9987615346908568
55,1,11,0.02844682453049329,-1.0118941868704043,0.999289333820343
55,1,12,-0.07721280943991037,-0.9875111944156957,0.9993468523025512
55,1,13,0.02844682453049329,-0.5079790094730945,0.5392711758613586
55,1,14,-0.06095748113677134,-0.43483003210896887,0.5739484429359436
55,1,15,0.2397660924713006,-0.6542769642013457,0.63637375831604
55,1,16,0.2560214207744396,-0.6705322925044848,0.6200956106185913
55,1,17,0.3616810547448433,-0.6705322925044848,0.6465736627578735
55,1,18,0.3941917113511213,-0.6786599566560543,0.6115145087242126
55,1,19,0.3535533905932738,-0.7355536057170409,0.6458891034126282
55,1,20,0.3860640471995518,-0.7680642623233189,0.6075780987739563
55,1,21,0.28040441322914816,-0.7274259415654714,0.6336515545845032
55,1,22,0.32917039813856525,-0.7680642623233189,0.595050573348999
55,1,23,0.004063832075784756,0.004063832075784756,0.995291829109192
55,1,24,-0.004063832075784756,-0.004063832075784756,0.9933902025222778
55,1,25,0.06908514528834085,0.7436812698686104,0.6241931915283203
55,1,26,0.27227674907757865,0.7355536057170409,0.6824215650558472
55,1,27,-0.04470215283363232,1.5239370284192835,0.6702703237533569
55,1,28,0.2885320773807177,1.5401923567224225,0.6562467813491821
55,1,29,-0.166617115107175,1.6621073189959652,0.6800121665000916
55,1,30,0.20725543586502254,1.6052136699349786,0.6759964823722839
55,1,31,0.1584894509556055,1.6377243265412567,0.7076898813247681
55,1,32,0.6217663075950677,1.6377243265412567,0.6978880763053894
55,2,0,-0.3295019187214825,-1.3102546885630715,0.9990787506103516
55,2,1,-0.29848997343004885,-1.3800315654687971,0.9989773035049438
55,2,2,-0.282984000784332,-1.3800315654687971,0.9988364577293396
55,2,3,-0.2752310144614736,-1.3800315654687971,0.9990760684013368
55,2,4,-0.3062429597529072,-1.3800315654687971,0.9989355206489564
55,2,5,-0.29848997343004885,-1.3800315654687971,0.9987103939056396
55,2,6,-0.29848997343004885,-1.3877845517916556,0.9989216327667236
55,2,7,-0.22096011020146472,-1.3645255928230804,0.9981661438941956
55,2,8,-0.25197205549289836,-1.3645255928230804,0.99866783618927
55,2,9,-0.2907369871071904,-1.2404778116573458,0.9986770749092102
55,2,10,-0.3062429597529072,-1.2404778116573458,0.9988628625869752
55,2,11,-0.11241830168144697,-1.000135235648735,0.9993446469306946
55,2,12,-0.18994816491003108,-0.9768762766801599,0.999346911907196
55,2,13,-0.05039441109857967,-0.44967320672578787,0.5841771960258484
55,2,14,-0.18994816491003108,-0.44967320672578787,0.5321115255355835
55,2,15,-0.32174893239862407,-0.6047329331829561,0.6672282218933105
55,2,16,-0.3992787956272082,-0.659003837442965,0.5846436023712158
55,2,17,-0.414784768272925,-0.6202389058286729,0.6713894009590149
55,2,18,-0.4690556725329339,-0.6279918921515313,0.5777573585510254
55,2,19,-0.414784768272925,-0.6745098100886818,0.6699259281158447
55,2,20,-0.4613026862100755,-0.6900157827343986,0.5742902755737305
55,2,21,-0.38377282298149135,-0.6822627964115402,0.6560216546058655
55,2,22,-0.43029074091864183,-0.697768769057257,0.5638135075569153
55,2,23,0.01938246580714603,0.007752986322858411,0.995320200920105
55,2,24,-0.01938246580714603,-0.007752986322858411,0.9934974908828736
55,2,25,-0.31399594607576564,0.7055217553801154,0.6522488594055176
55,2,26,-0.08140635639001331,0.7985575912544164,0.6436947584152222
55,2,27,-0.2597250418157568,1.5040793466345317,0.6905092000961304
55,2,28,0.04264142477572126,1.5505972645716823,0.6348066926002502
55,2,29,-0.22871309652432312,1.604868168831691,0.6976429224014282
55,2,30,0.16668920594145584,1.6668920594145584,0.6639529466629028
55,2,31,-0.47680865885579227,1.6513860867688417,0.7229637503623962
55,2,32,0.03488843845286285,1.6668920594145584,0.6791757941246033
56,1,0,0.2053732341669738,-1.3309765368128879,0.9991363286972046
56,1,1,0.17377735198743938,-1.3941683011719568,0.9990447163581848
56,1,2,0.16587838144255576,-1.3941683011719568,0.998913586139679
56,1,3,0.16587838144255576,-1.4020672717168403,0.9991310238838196
56,1,4,0.16587838144255576,-1.3941683011719568,0.9990068674087524
56,1,5,0.15008044035278856,-1.4020672717168403,0.998801589012146
56,1,6,0.14218146980790494,-1.4020672717168403,0.9989999532699584
56,1,7,0.1026866170834869,-1.3862693306270732,0.9982762336730956
56,1,8,0.07109073490395247,-1.3862693306270732,0.998786449432373
56,1,9,0.17377735198743938,-1.2598858019089354,0.9987720847129822
56,1,10,0.15797941089767215,-1.2598858019089354,0.9989592432975768
56,1,11,0.023696911634650823,-0.9992197739277764,0.9993314146995544
56,1,12,-0.1026866170834869,-0.9992197739277764,0.9994068145751952
56,1,13,0.015797941089767214,-0.5015846296001091,0.5309242010116577
56,1,14,-0.13428249926302133,-0.44629183578592385,0.5772976875305176
56,1,15,0.17377735198743938,-0.6200691877733632,0.61532062292099
56,1,16,0.17377735198743938,-0.6516650699528976,0.6211632490158081
56,1,17,0.2843629396158099,-0.6279681583182468,0.6237682104110718
56,1,18,0.3080598512504607,-0.6516650699528976,0.611358642578125
56,1,19,0.2843629396158099,-0.6990588932221993,0.6223518252372742
56,1,20,0.3001608807055771,-0.7227558048568501,0.607269823551178
56,1,21,0.22117117525674101,-0.6911599226773156,0.6097978949546814
56,1,22,0.2527670574362754,-0.7306547754017337,0.594917893409729
56,1,23,0.023696911634650823,0.0039494852724418035,0.9953142404556274
56,1,24,-0.023696911634650823,-0.0039494852724418035,0.9936631321907043
56,1,25,0.023696911634650823,0.7148568343119664,0.6180465817451477
56,1,26,0.23696911634650822,0.8175434513954534,0.6671402454376221
56,1,27,-0.07109073490395247,1.5205518298900944,0.6739227175712585
56,1,28,0.2053732341669738,1.552147712069629,0.6485111713409424
56,1,29,-0.17377735198743938,1.631137417518465,0.6864714622497559
56,1,30,0.15008044035278856,1.6627332996979993,0.673126220703125
56,1,31,0.047393823269301645,1.5995415353389306,0.7129956483840942
56,1,32,0.46603926214813285,1.694329181877534,0.689516007900238
56,2,0,-0.24272699079561447,-1.3075937891247618,0.9992075562477112
56,2,1,-0.2114073790800513,-1.3780629154847788,0.9991274476051332
56,2,2,-0.2035774761511605,-1.3858928184136696,0.9990071654319764
56,2,3,-0.18791767029337894,-1.3858928184136696,0.9992067217826844
56,2,4,-0.22706718493783287,-1.3858928184136696,0.9990905523300172
56,2,5,-0.2192372820089421,-1.3858928184136696,0.9989033937454224
56,2,6,-0.2192372820089421,-1.3937227213425605,0.9990861415863036
56,2,7,-0.11744854393336183,-1.3780629154847788,0.99843829870224
56,2,8,-0.14876815564892498,-1.3780629154847788,0.9988792538642884
56,2,9,-0.2035774761511605,-1.2449545656936354,0.9988731145858764
56,2,10,-0.2192372820089421,-1.2527844686225262,0.9990076422691344
56,2,11,-0.046979417573344735,-1.002227574898021,0.999390423297882
56,2,12,-0.16442796150670658,-0.9865677690402394,0.9993101954460144
56,2,13,0.0,-0.4932838845201197,0.5771458148956299
56,2,14,-0.1957475732222697,-0.45413436987566574,0.5260423421859741
56,2,15,-0.25055689372450524,-0.5872427196668092,0.6515291333198547
56,2,16,-0.32102602008452236,-0.6029025255245908,0.5695304870605469
56,2,17,-0.3445157288711947,-0.5872427196668092,0.656478226184845
56,2,18,-0.3836652435156487,-0.5950726225956999,0.5614689588546753
56,2,19,-0.3445157288711947,-0.665541748955717,0.6548173427581787
56,2,20,-0.3758353405867579,-0.6577118460268263,0.5576821565628052
56,2,21,-0.32102602008452236,-0.665541748955717,0.6410394906997681
56,2,22,-0.3445157288711947,-0.6577118460268263,0.547278881072998
56,2,23,0.06263922343112631,0.0,0.9956371188163756
56,2,24,-0.06263922343112631,0.0,0.9939897060394288
56,2,25,-0.14876815564892498,0.7125211665290618,0.6505560874938965
56,2,26,-0.15659805857781578,0.7908201958179697,0.6337082386016846
56,2,27,-0.0704691263600171,1.5659805857781577,0.6977869272232056
56,2,28,-0.22706718493783287,1.5424908769914853,0.6320080757141113
56,2,29,0.10178873807558025,1.7382384502137551,0.703752875328064
56,2,30,-0.18791767029337894,1.636449712138175,0.6550169587135315
56,2,31,-0.14876815564892498,1.7695580619293183,0.7327220439910889
56,2,32,-0.47762407866233814,1.706918838498192,0.6768033504486084
57,1,0,0.23318518807568475,-1.3319221759577247,0.9992639422416688
57,1,1,0.2094714401357846,-1.4030634197774252,0.9991961717605592
57,1,2,0.2015668574891512,-1.4030634197774252,0.9990863800048828
57,1,3,0.19366227484251783,-1.4030634197774252,0.9992650747299194
57,1,4,0.18575769219588445,-1.4030634197774252,0.9991601705551147
57,1,5,0.17785310954925107,-1.4030634197774252,0.9989910125732422
57,1,6,0.1620439442559843,-1.4109680024240585,0.9991579055786132
57,1,7,0.14623477896271755,-1.3951588371307917,0.9985573887825012
57,1,8,0.10671186572955065,-1.3951588371307917,0.9989840388298036
57,1,9,0.2094714401357846,-1.2686855147846576,0.9989664554595948
57,1,10,0.18575769219588445,-1.2686855147846576,0.9990966320037842
57,1,11,0.08299811778965051,-1.007834287445756,0.999417006969452
57,1,12,-0.05928436984975036,-0.9920251221524893,0.9993749856948853
57,1,13,0.08299811778965051,-0.5019409980612197,0.5264645218849182
57,1,14,-0.1304256136694508,-0.4149905889482525,0.5718668103218079
57,1,15,0.23318518807568475,-0.5493684939410199,0.6020462512969971
57,1,16,0.22528060542905137,-0.6047005724674537,0.6065412759780884
57,1,17,0.30432643189538516,-0.5572730765876533,0.6098988652229309
57,1,18,0.32804017983528533,-0.6047005724674537,0.5944262146949768
57,1,19,0.30432643189538516,-0.6442234857006206,0.6085748076438904
57,1,20,0.32804017983528533,-0.6679372336405207,0.5898376107215881
57,1,21,0.28061268395548505,-0.6521280683472539,0.5967227220535278
57,1,22,0.2964218492487518,-0.6758418162871541,0.5769159197807312
57,1,23,0.05137978720311698,-0.00395229132331669,0.995722234249115
57,1,24,-0.05137978720311698,0.00395229132331669,0.994073212146759
57,1,25,0.09090270043628389,0.7390784774602212,0.6214931011199951
57,1,26,0.1304256136694508,0.7944105559866548,0.6587696075439453
57,1,27,-0.00395229132331669,1.5769642380033595,0.6822583675384521
57,1,28,0.0434752045564836,1.5532504900634594,0.6469888687133789
57,1,29,-0.07509353514301711,1.750865056229294,0.6918012499809265
57,1,30,-0.03557062190985021,1.64810548182306,0.6635918617248535
57,1,31,0.24108977072231813,1.687628395056227,0.7217581868171692
57,1,32,0.2885172666021184,1.7034375603494936,0.6880683302879333
57,2,0,-0.08845892137240098,-1.3114996603473363,0.9992374777793884
57,2,1,-0.05769060089504412,-1.380728381421389,0.9991800785064696
57,2,2,-0.0499985207757049,-1.380728381421389,0.9990793466567992
57,2,3,-0.03461436053702647,-1.3884204615407283,0.9992669224739076
57,2,4,-0.07307476113372255,-1.380728381421389,0.9991257786750792
57,2,5,-0.07307476113372255,-1.380728381421389,0.9989457726478576
57,2,6,-0.06538268101438333,-1.3884204615407283,0.999118149280548
57,2,7,0.026922280417687253,-1.380728381421389,0.9986141920089722
57,2,8,-0.0038460400596696076,-1.37303630130205,0.9988431930541992
57,2,9,-0.0499985207757049,-1.2499630193926226,0.998906672000885
57,2,10,-0.07307476113372255,-1.2499630193926226,0.9987341165542604
57,2,11,0.05769060089504412,-1.0115085356931068,0.9994648098945618
57,2,12,-0.07307476113372255,-0.9884322953350891,0.9987853765487672
57,2,13,0.18076388280447156,-0.5038312478167186,0.5733200907707214
57,2,14,-0.011538120179008822,-0.4499866869813441,0.5182462334632874
57,2,15,-0.08076684125306176,-0.5653678887714323,0.6406916379928589
57,2,16,-0.10384308161107941,-0.58844412912945,0.5521035194396973
57,2,17,-0.17307180268513234,-0.5653678887714323,0.6465404629707336
57,2,18,-0.18076388280447156,-0.5730599688907716,0.5427772998809814
57,2,19,-0.18076388280447156,-0.6422886899648245,0.6451414823532104
57,2,20,-0.19614804304315,-0.6422886899648245,0.5388229489326477
57,2,21,-0.15768764244645392,-0.6499807700841637,0.6329679489135742
57,2,22,-0.1499955623271147,-0.6499807700841637,0.5277905464172363
57,2,23,0.08076684125306176,-0.0038460400596696076,0.9959666728973388
57,2,24,-0.08076684125306176,0.0038460400596696076,0.9940581917762756
57,2,25,0.042306440656365685,0.7115174110388774,0.6538959741592407
57,2,26,0.026922280417687253,0.7653619718742519,0.6348570585250854
57,2,27,0.11922724184975785,1.588414544643548,0.7080918550491333
57,2,28,-0.03461436053702647,1.5345699838081734,0.6367730498313904
57,2,29,0.2423005237591853,1.7576403072690108,0.7151181697845459
57,2,30,-0.01923020029834804,1.6653353458369402,0.6554171442985535
57,2,31,0.026922280417687253,1.76533238738835,0.7438113689422607
57,2,32,-0.17307180268513234,1.6807195060756186,0.6833720207214355
58,1,0,0.2265625,-1.33203125,0.999245822429657
58,1,1,0.203125,-1.40234375,0.9991942644119264
58,1,2,0.1953125,-1.41015625,0.9990912675857544
58,1,3,0.1875,-1.41015625,0.9992684721946716
58,1,4,0.1875,-1.40234375,0.999146282672882
58,1,5,0.171875,-1.41015625,0.9989786148071288
58,1,6,0.15625,-1.41015625,0.9991504549980164
58,1,7,0.125,-1.40234375,0.9985839128494264
58,1,8,0.0859375,-1.39453125,0.99892657995224
58,1,9,0.203125,-1.26953125,0.9989483952522278
58,1,10,0.1875,-1.27734375,0.9988288879394532
58,1,11,0.078125,-1.00390625,0.999433159828186
58,1,12,-0.078125,-0.99609375,0.998896062374115
58,1,13,0.09375,-0.51171875,0.5221720933914185
58,1,14,-0.1484375,-0.44140625,0.5651388168334961
58,1,15,0.2734375,-0.41015625,0.5955934524536133
58,1,16,0.21875,-0.60546875,0.5938524603843689
58,1,17,0.296875,-0.36328125,0.6067390441894531
58,1,18,0.3203125,-0.59765625,0.5832027196884155
58,1,19,0.34375,-0.41796875,0.6060260534286499
58,1,20,0.3125,-0.67578125,0.5790415406227112
58,1,21,0.3125,-0.44140625,0.5953760743141174
58,1,22,0.2890625,-0.67578125,0.5662164092063904
58,1,23,0.0625,-0.00390625,0.9957062602043152
58,1,24,-0.0625,0.00390625,0.9937794208526612
58,1,25,0.1328125,0.73046875,0.618130624294281
58,1,26,0.125,0.76953125,0.6565600633621216
58,1,27,0.0234375,1.60546875,0.6822692155838013
58,1,28,0.0625,1.54296875,0.6458503603935242
58,1,29,-0.046875,1.69140625,0.6922497749328613
58,1,30,-0.015625,1.67578125,0.6563988924026489
58,1,31,0.2734375,1.66796875,0.7250871658325195
58,1,32,0.296875,1.66015625,0.6901564598083496
58,2,0,-0.16826649763695137,-1.3193623110170052,0.9992595911026
58,2,1,-0.13002411181037152,-1.3881986055048487,0.9992159008979796
58,2,2,-0.12237563464505555,-1.3881986055048487,0.9991196393966676
58,2,3,-0.10707868031442361,-1.3958470826701648,0.9992966651916504
58,2,4,-0.14532106614100346,-1.3881986055048487,0.9991595149040222
58,2,5,-0.14532106614100346,-1.3958470826701648,0.9989907741546632
58,2,6,-0.14532106614100346,-1.3958470826701648,0.999157965183258
58,2,7,-0.04589086299189583,-1.3881986055048487,0.9986728429794312
58,2,8,-0.08413324881847568,-1.380550128339533,0.998881220817566
58,2,9,-0.1376725889756875,-1.2581744936944774,0.9989592432975768
58,2,10,-0.15296954330631943,-1.2581744936944774,0.9986770153045654
58,2,11,0.007648477165315972,-1.0134232244043662,0.9994807243347168
58,2,12,-0.13002411181037152,-0.9828293157431024,0.9985462427139282
58,2,13,0.12237563464505555,-0.5086237314935121,0.5693607330322266
58,2,14,-0.06883629448784374,-0.46273286850161627,0.511883020401001
58,2,15,-0.13002411181037152,-0.44743591417098433,0.6346837878227234
58,2,16,-0.1606180204716354,-0.5851085031466718,0.5408619046211243
58,2,17,-0.23710279212479513,-0.39389657401377254,0.643356442451477
58,2,18,-0.2447512692901111,-0.5698115488160399,0.5330736637115479
58,2,19,-0.2447512692901111,-0.47038134566693224,0.6425098776817322
58,2,20,-0.2447512692901111,-0.6233508889732516,0.5296342968940735
58,2,21,-0.21415736062884722,-0.49332677716288015,0.6313535571098328
58,2,22,-0.22180583779416319,-0.6386478433038836,0.5188428163528442
58,2,23,0.08413324881847568,-0.003824238582657986,0.9959644675254822
58,2,24,-0.08413324881847568,0.003824238582657986,0.99388986825943
58,2,25,0.04589086299189583,0.7916173866102031,0.6510189771652222
58,2,26,-0.053539340157211804,0.7610234779489392,0.6373615860939026
58,2,27,0.13002411181037152,1.587059011803064,0.7083047032356262
58,2,28,-0.04589086299189583,1.5029257629845885,0.6405075788497925
58,2,29,0.20650888346353125,1.7323800779440675,0.7140766382217407
58,2,30,-0.12237563464505555,1.6482468291255918,0.6515373587608337
58,2,31,-0.030593908661263887,1.7323800779440675,0.7464876174926758
58,2,32,-0.267696700786059,1.6482468291255918,0.6885408163070679
59,1,0,0.2331724403916969,-1.3516097392196667,0.998984396457672
59,1,1,0.20155583830468715,-1.4227470939154387,0.9988449215888976
59,1,2,0.1936516877829347,-1.4227470939154387,0.9987128973007202
59,1,3,0.1936516877829347,-1.430651244437191,0.9989749789237976
59,1,4,0.18574753726118226,-1.4227470939154387,0.998806655406952
59,1,5,0.16203508569592495,-1.4227470939154387,0.9986315965652466
59,1,6,0.1462267846524201,-1.4227470939154387,0.9988608360290528
59,1,7,0.1067060320436579,-1.4069387928719337,0.9980302453041076
59,1,8,0.05928112891314328,-1.3990346423501814,0.9986974000930786
59,1,9,0.21736413934819201,-1.2883765350456473,0.99858820438385
59,1,10,0.1936516877829347,-1.2883765350456473,0.9985430240631104
59,1,11,0.0829935804784006,-1.011731266784312,0.9994341135025024
59,1,12,-0.05137697839139084,-0.9880188152190547,0.9986544847488404
59,1,13,0.05137697839139084,-0.49796148287040354,0.523341715335846
59,1,14,-0.20155583830468715,-0.44263242921813645,0.5588651299476624
59,1,15,0.2805973435222115,-0.3240701713918499,0.5921968221664429
59,1,16,0.20155583830468715,-0.5849071386096804,0.583587646484375
59,1,17,0.3675429992614883,-0.252932816696078,0.6027548909187317
59,1,18,0.3122139456092213,-0.5770029880879279,0.5746093988418579
59,1,19,0.3833513003049932,-0.3003577198265926,0.6028445363044739
59,1,20,0.3122139456092213,-0.6560444933054522,0.5709975361824036
59,1,21,0.343830547696231,-0.30826187034834507,0.5932561755180359
59,1,22,0.2805973435222115,-0.6639486438272048,0.5578755140304565
59,1,23,0.05928112891314328,-0.007904150521752437,0.9954631924629213
59,1,24,-0.05928112891314328,0.007904150521752437,0.993041217327118
59,1,25,0.17784338673942984,0.7746067511317388,0.6020835638046265
59,1,26,0.09880188152190546,0.7825109016534912,0.631403923034668
59,1,27,0.019760376304381093,1.5571176527852302,0.6573688983917236
59,1,28,0.003952075260876218,1.5334052012199728,0.621664822101593
59,1,29,-0.09880188152190546,1.7072965126985264,0.6700829863548279
59,1,30,-0.11461018256541033,1.6914882116550216,0.6352291703224182
59,1,31,0.2331724403916969,1.6756799106115166,0.6985447406768799
59,1,32,0.1936516877829347,1.6677757600897642,0.670819878578186
59,2,0,-0.11492903248222995,-1.3446696800420903,0.9990479350090028
59,2,1,-0.08428129048696863,-1.4136270995314284,0.9989224076271056
59,2,2,-0.06895741948933796,-1.4136270995314284,0.9988021850585938
59,2,3,-0.05363354849170731,-1.4136270995314284,0.9990481734275818
59,2,4,-0.09960516148459929,-1.405965164032613,0.9988763332366944
59,2,5,-0.09960516148459929,-1.405965164032613,0.9987104535102844
59,2,6,-0.10726709698341462,-1.4136270995314284,0.9989254474639891
59,2,7,0.0,-1.3983032285337977,0.9981973171234132
59,2,8,-0.05363354849170731,-1.3906412930349823,0.9987426400184632
59,2,9,-0.0766193549881533,-1.2757122605527524,0.9986799359321594
59,2,10,-0.10726709698341462,-1.2757122605527524,0.998538851737976
59,2,11,0.06129548399052264,-1.0152064535930312,0.9994869828224182
59,2,12,-0.09194322598578396,-0.9845587115977699,0.9985572099685668
59,2,13,0.19921032296919858,-0.5095187106712195,0.570488452911377
59,2,14,0.00766193549881533,-0.46354709767832747,0.507788896560669
59,2,15,-0.09960516148459929,-0.4022516136878048,0.6316896080970764
59,2,16,-0.12259096798104528,-0.5401664526664808,0.5342587828636169
59,2,17,-0.18388645197156792,-0.3026464522032055,0.6398268938064575
59,2,18,-0.2068722584680139,-0.5171806461700348,0.5283246040344238
59,2,19,-0.19921032296919858,-0.36394193619372817,0.6396692991256714
59,2,20,-0.2068722584680139,-0.5784761301605574,0.5253088474273682
59,2,21,-0.17622451647275258,-0.4022516136878048,0.6295197010040283
59,2,22,-0.18388645197156792,-0.6014619366570034,0.514210045337677
59,2,23,0.09960516148459929,-0.003830967749407665,0.9958119988441468
59,2,24,-0.09960516148459929,0.003830967749407665,0.9933681488037108
59,2,25,0.09194322598578396,0.8236580661226479,0.6349266767501831
59,2,26,-0.00766193549881533,0.7700245176309406,0.6043036580085754
59,2,27,0.17622451647275258,1.6051754870018116,0.683565080165863
59,2,28,0.03830967749407665,1.4902464545195817,0.6067206859588623
59,2,29,0.25284387146090587,1.7584141969781182,0.6908619403839111
59,2,30,0.14557677447749126,1.6511470999947035,0.6239802837371826
59,2,31,-0.04597161299289198,1.7737380679757488,0.7209646701812744
59,2,32,-0.12259096798104528,1.6741329064911497,0.6643160581588745
