frame,player_id,landmark_index,x_norm,y_norm,visibility
1,1,0,0.020546017540462265,-1.362885830183997,0.999306619167328
1,1,1,-0.03424336256743711,-1.4313725553188712,0.998745620250702
1,1,2,-0.03424336256743711,-1.4313725553188712,0.9986311197280884
1,1,3,-0.03424336256743711,-1.4313725553188712,0.9989466667175292
1,1,4,-0.047940707594411956,-1.424523882805384,0.9989731311798096
1,1,5,-0.0616380526213868,-1.424523882805384,0.998932421207428
1,1,6,-0.06848672513487422,-1.424523882805384,0.999154567718506
1,1,7,-0.04109203508092453,-1.3971291927514342,0.997862696647644
1,1,8,-0.10273008770231133,-1.3765831752109718,0.9989390969276428
1,1,9,0.013697345026974844,-1.3080964500760976,0.9989177584648132
1,1,10,-0.006848672513487422,-1.3012477775626101,0.999119222164154
1,1,11,0.15067079529672328,-1.0136035319961385,0.9990947246551514
1,1,12,-0.178065485350673,-0.9862088419421888,0.9996039867401124
1,1,13,-0.04109203508092453,-0.4794070759441196,0.6203063130378723
1,1,14,-0.23285486545857237,-0.6506238887813051,0.6175409555435181
1,1,15,-0.10957876021579875,-0.1849141578641604,0.761305034160614
1,1,16,-0.178065485350673,-1.0136035319961385,0.6793397068977356
1,1,17,-0.10273008770231133,-0.0616380526213868,0.7549198269844055
1,1,18,-0.1232761052427736,-1.0889389296445002,0.6676045060157776
1,1,19,-0.11642743272928618,-0.06848672513487422,0.7572973966598511
1,1,20,-0.16436814032369812,-1.1231822922119372,0.668785810470581
1,1,21,-0.1232761052427736,-0.11642743272928618,0.7374779582023621
1,1,22,-0.178065485350673,-1.0957876021579875,0.6624385118484497
1,1,23,0.06848672513487422,0.0,0.9919523596763612
1,1,24,-0.06848672513487422,0.0,0.993741512298584
1,1,25,-0.178065485350673,0.7807486665375661,0.7414113283157349
1,1,26,-0.0616380526213868,0.7670513215105913,0.7086306214332581
1,1,27,-0.5547424735924812,1.4656159178863084,0.8023767471313477
1,1,28,-0.06848672513487422,1.5204052979942078,0.7937746644020081
1,1,29,-0.6506238887813051,1.5614973330751323,0.8000134229660034
1,1,30,-0.13697345026974844,1.6231353856965192,0.8178417682647705
1,1,31,-0.47255840343063216,1.5957406956425695,0.8243522644042969
1,1,32,0.1575194678102107,1.6505300757504688,0.8128633499145508
1,2,0,-0.34127903976248164,-1.3344010454713033,0.999365508556366
1,2,1,-0.3071511357862335,-1.4026568534237995,0.9988600611686708
1,2,2,-0.2866743934004846,-1.4094824342190493,0.9987590909004213
1,2,3,-0.27302323180998533,-1.4094824342190493,0.9990442395210266
1,2,4,-0.3276278781719824,-1.4026568534237995,0.9990631341934204
1,2,5,-0.3276278781719824,-1.39583127262855,0.9990246295928956
1,2,6,-0.32080229737673277,-1.4026568534237995,0.9992231726646424
1,2,7,-0.15698835829074156,-1.3753545302428012,0.9980724453926086
1,2,8,-0.21841858544798826,-1.3685289494475514,0.9990253448486328
1,2,9,-0.279848812605235,-1.266145237518807,0.9990203976631165
1,2,10,-0.3071511357862335,-1.266145237518807,0.9991868138313292
1,2,11,0.1228604543144934,-1.0135987480945705,0.9991848468780518
1,2,12,-0.1433371967002423,-0.986296424913572,0.999572455883026
1,2,13,0.409534847714978,-0.6108894811748422,0.658236563205719
1,2,14,-0.17063951988124082,-0.6245406427653415,0.5738800764083862
1,2,15,0.13651161590499267,-0.29008718379810944,0.785060465335846
1,2,16,-0.3685813629434802,-0.34469183016010646,0.6653235554695129
1,2,17,0.11603487351924377,-0.21500579505036344,0.7790728211402893
1,2,18,-0.41636042851022764,-0.26278486061711087,0.6543577313423157
1,2,19,0.0614302271572467,-0.24913369902661162,0.781169593334198
1,2,20,-0.4231860093054773,-0.27643602220761015,0.6570559740066528
1,2,21,0.0614302271572467,-0.27643602220761015,0.7629733085632324
1,2,22,-0.3958836861244787,-0.30373834538860867,0.6489222049713135
1,2,23,0.08873255033824523,0.0034127903976248165,0.992567777633667
1,2,24,-0.08873255033824523,-0.0034127903976248165,0.993800163269043
1,2,25,-0.13651161590499267,0.7200987738988363,0.7633520364761353
1,2,26,-0.21841858544798826,0.7337499354893355,0.7063770890235901
1,2,27,-0.0614302271572467,1.4367847574000479,0.8174935579299927
1,2,28,-0.027302323180998532,1.4026568534237995,0.7861735224723816
1,2,29,0.03412790397624817,1.5391684693287924,0.8111327290534973
1,2,30,0.054604646361997064,1.5118661461477938,0.8120294213294983
1,2,31,-0.38223252453397943,1.58012195410029,0.8359220623970032
1,2,32,-0.30032555499098385,1.5528196309192916,0.8082111477851868
2,1,0,0.07794998041285958,-1.3692083515997944,0.9991737604141236
2,1,1,0.010167388749503424,-1.4234344249304793,0.9984958171844482
2,1,2,0.0033891295831678077,-1.4302126840968148,0.9984294176101683
2,1,3,-0.0033891295831678077,-1.4302126840968148,0.9987905621528624
2,1,4,0.010167388749503424,-1.4166561657641437,0.9987457394599916
2,1,5,-0.0033891295831678077,-1.4166561657641437,0.9987177848815918
2,1,6,-0.010167388749503424,-1.409877906597808,0.9989840984344482
2,1,7,-0.10506301707820204,-1.3895431290988012,0.9976003766059875
2,1,8,-0.10506301707820204,-1.3624300924334587,0.99871426820755
2,1,9,0.08472823957919519,-1.3014257599364383,0.9986603856086732
2,1,10,0.07794998041285958,-1.2946475007701026,0.9989173412322998
2,1,11,0.07794998041285958,-1.0031823566176712,0.9987331628799438
2,1,12,-0.11861953541087328,-0.9964040974513355,0.9995418190956116
2,1,13,-0.07117172124652396,-0.5897085474711985,0.5995389223098755
2,1,14,-0.2609629779039212,-0.6371563616355479,0.615278422832489
2,1,15,0.023723907082174655,-0.2169042933227397,0.7094681859016418
2,1,16,-0.15251083124255135,-0.9015084691226368,0.6952341794967651
2,1,17,0.057615202913852734,-0.12200866499404107,0.7046239972114563
2,1,18,-0.010167388749503424,-0.9828475791186643,0.6829507946968079
2,1,19,0.06439346208018834,-0.14234344249304792,0.7064685225486755
2,1,20,-0.05083694374751711,-1.0167388749503423,0.684634804725647
2,1,21,0.05083694374751711,-0.18301299749106162,0.6904931664466858
2,1,22,-0.09828475791186643,-1.0031823566176712,0.6737183332443237
2,1,23,0.08472823957919519,0.0,0.9921772480010986
2,1,24,-0.08472823957919519,0.0,0.9937558770179749
2,1,25,-0.09150649874553081,0.7252737307979109,0.7477656006813049
2,1,26,-0.05083694374751711,0.7456085082969177,0.7219351530075073
2,1,27,-0.369415124565291,1.4369909432631505,0.8131937384605408
2,1,28,-0.010167388749503424,1.4912170165938354,0.7992258071899414
2,1,29,-0.4304194570623116,1.5251083124255136,0.8074969053268433
2,1,30,-0.06439346208018834,1.5793343857561983,0.8189260363578796
2,1,31,-0.28129775540292806,1.5725561265898629,0.8308598399162292
2,1,32,0.06439346208018834,1.6810082732512326,0.8177659511566162
2,2,0,-0.2866827411058533,-1.3515043509275941,0.9992136359214784
2,2,1,-0.2457280638050171,-1.4197621464289878,0.9985911846160888
2,2,2,-0.2320765047047384,-1.4197621464289878,0.9985392689704896
2,2,3,-0.2115991660543203,-1.4197621464289878,0.9988749623298644
2,2,4,-0.2730311820055746,-1.4129363668788484,0.9988090395927428
2,2,5,-0.2730311820055746,-1.4129363668788484,0.9987702965736388
2,2,6,-0.2730311820055746,-1.4129363668788484,0.9990044832229614
2,2,7,-0.10921247280222983,-1.3719816895780121,0.9978211522102356
2,2,8,-0.18429604785376283,-1.3788074691281516,0.998727321624756
2,2,9,-0.2320765047047384,-1.2695949963259219,0.9987677335739136
2,2,10,-0.2662054024554352,-1.2695949963259219,0.9989289045333862
2,2,11,0.12286403190250855,-1.0033895938704867,0.998856246471405
2,2,12,-0.1365155910027873,-0.9965638143203472,0.9993485808372498
2,2,13,0.45732722985933744,-0.5938428208621247,0.6395246386528015
2,2,14,-0.1911218274039022,-0.6484490572632396,0.5635089874267578
2,2,15,0.1365155910027873,-0.2730311820055746,0.7380256652832031
2,2,16,-0.25255384335515646,-0.3208116388565501,0.6493887305259705
2,2,17,0.06825779550139364,-0.16381870920334474,0.7324500679969788
2,2,18,-0.25255384335515646,-0.21842494560445966,0.6392062902450562
2,2,19,0.027303118200557457,-0.2115991660543203,0.7339139580726624
2,2,20,-0.2730311820055746,-0.25937962290529587,0.6415389180183411
2,2,21,0.040954677300836184,-0.2457280638050171,0.7184951901435852
2,2,22,-0.25255384335515646,-0.27985696155571393,0.6315786242485046
2,2,23,0.0955609137019511,0.0,0.9924572706222534
2,2,24,-0.0955609137019511,0.0,0.9932816624641418
2,2,25,-0.04778045685097555,0.6962295141142152,0.7633405923843384
2,2,26,-0.21842494560445966,0.7030552936643545,0.6988235712051392
2,2,27,0.04778045685097555,1.4334137055292666,0.8155179023742676
2,2,28,0.04778045685097555,1.406110587328709,0.7646462917327881
2,2,29,0.16381870920334474,1.5358003987813569,0.8032706379890442
2,2,30,0.08873513415181174,1.5289746192312177,0.792798638343811
2,2,31,-0.25255384335515646,1.5767550760821931,0.8256245255470276
2,2,32,-0.25937962290529587,1.590406635182472,0.7864252328872681
3,1,0,0.13559244129817996,-1.3660938460791632,0.9990870356559752
3,1,1,0.06101659858418099,-1.427110444663344,0.9984273314476012
3,1,2,0.054236976519271986,-1.427110444663344,0.9983283877372742
3,1,3,0.04067773238945399,-1.427110444663344,0.9987047910690308
3,1,4,0.054236976519271986,-1.427110444663344,0.9987343549728394
3,1,5,0.047457354454362985,-1.420330822598435,0.9986886978149414
3,1,6,0.03389811032454499,-1.420330822598435,0.9989670515060424
3,1,7,-0.06101659858418099,-1.3728734681440722,0.9973435997962952
3,1,8,-0.047457354454362985,-1.3728734681440722,0.9987123608589172
3,1,9,0.12203319716836197,-1.291518003365164,0.9984687566757202
3,1,10,0.11525357510345297,-1.291518003365164,0.9988635778427124
3,1,11,0.10169433097363498,-0.9932146325091682,0.9982172846794128
3,1,12,-0.09491470890872597,-1.0067738766389862,0.9993851184844972
3,1,13,-0.013559244129817996,-0.5728780644848104,0.58042973279953
3,1,14,-0.3389811032454499,-0.6203354189391733,0.6060532927513123
3,1,15,0.11525357510345297,-0.3423709142779044,0.6667686104774475
3,1,16,-0.23050715020690593,-0.5864373086146284,0.6806114315986633
3,1,17,0.11525357510345297,-0.2745746936288144,0.6626035571098328
3,1,18,0.020338866194726996,-0.6338946630689913,0.668287456035614
3,1,19,0.06101659858418099,-0.3084728039533594,0.6639975309371948
3,1,20,0.027118488259635993,-0.6745723954584453,0.6695703268051147
3,1,21,0.07457584271399897,-0.32881167014808643,0.6503780484199524
3,1,22,0.006779622064908998,-0.6745723954584453,0.657309353351593
3,1,23,0.08135546477890798,-0.003389811032454499,0.9916899800300598
3,1,24,-0.08135546477890798,0.003389811032454499,0.9932960867881776
3,1,25,-0.06101659858418099,0.7084705057829903,0.7374094724655151
3,1,26,-0.20338866194726996,0.7355889940426263,0.7140733599662781
3,1,27,-0.23728677227181494,1.440669688793162,0.8065736889839172
3,1,28,-0.06779622064908998,1.467788177052798,0.7803729772567749
3,1,29,-0.3186422370507229,1.5559232638966152,0.7963513731956482
3,1,30,-0.12203319716836197,1.5491436418317062,0.8032230138778687
3,1,31,-0.23728677227181494,1.58982137422116,0.8196319937705994
3,1,32,0.054236976519271986,1.7118545713895221,0.7998002767562866
3,2,0,-0.25252525252525254,-1.3535353535353536,0.999116599559784
3,2,1,-0.21212121212121213,-1.4208754208754208,0.9985144734382628
3,2,2,-0.1919191919191919,-1.4208754208754208,0.9984320402145386
3,2,3,-0.1717171717171717,-1.4208754208754208,0.9987834692001344
3,2,4,-0.23232323232323232,-1.4208754208754208,0.9987640976905824
3,2,5,-0.23232323232323232,-1.4208754208754208,0.9987044930458068
3,2,6,-0.23232323232323232,-1.4208754208754208,0.9989506006240844
3,2,7,-0.07744107744107744,-1.367003367003367,0.997581660747528
3,2,8,-0.13804713804713806,-1.3804713804713804,0.9986573457717896
3,2,9,-0.19865319865319866,-1.2727272727272727,0.9985931515693665
3,2,10,-0.2255892255892256,-1.2727272727272727,0.9988669157028198
3,2,11,0.11784511784511785,-1.0033670033670035,0.9983924031257628
3,2,12,-0.11784511784511785,-0.9966329966329966,0.9992969632148744
3,2,13,0.4208754208754209,-0.5791245791245792,0.6223155856132507
3,2,14,-0.2053872053872054,-0.5791245791245792,0.5561947226524353
3,2,15,0.050505050505050504,-0.2558922558922559,0.6996803283691406
3,2,16,-0.265993265993266,-0.30303030303030304,0.64227694272995
3,2,17,-0.050505050505050504,-0.13468013468013468,0.694901704788208
3,2,18,-0.29292929292929293,-0.20875420875420875,0.6330972909927368
3,2,19,-0.10437710437710437,-0.20875420875420875,0.695991039276123
3,2,20,-0.29292929292929293,-0.24915824915824916,0.6353585720062256
3,2,21,-0.07744107744107744,-0.2356902356902357,0.6827371120452881
3,2,22,-0.265993265993266,-0.26936026936026936,0.6237081289291382
3,2,23,0.07744107744107744,0.0,0.9920433163642884
3,2,24,-0.07744107744107744,0.0,0.9929625391960144
3,2,25,-0.037037037037037035,0.6599326599326599,0.7470881938934326
3,2,26,-0.1919191919191919,0.6531986531986532,0.685021162033081
3,2,27,0.09764309764309764,1.387205387205387,0.7982950806617737
3,2,28,0.037037037037037035,1.3602693602693603,0.7461442947387695
3,2,29,0.1919191919191919,1.4882154882154883,0.785836935043335
3,2,30,0.08417508417508418,1.4882154882154883,0.7836096286773682
3,2,31,-0.21212121212121213,1.5420875420875422,0.8068521022796631
3,2,32,-0.1447811447811448,1.5824915824915824,0.7684736251831055
4,1,0,0.11473190030161547,-1.3538364235590625,0.999074637889862
4,1,1,0.062283031592305534,-1.412841400857036,0.9984532594680786
4,1,2,0.062283031592305534,-1.412841400857036,0.9983230233192444
4,1,3,0.05572692300364179,-1.412841400857036,0.9987033605575562
4,1,4,0.04917081441497805,-1.412841400857036,0.9987554550170898
4,1,5,0.03605859723765057,-1.4062852922683724,0.9986966848373412
4,1,6,0.022946380060323093,-1.4062852922683724,0.9989668130874634
4,1,7,-0.022946380060323093,-1.36694864073639,0.9972280859947203
4,1,8,-0.04917081441497805,-1.3603925321477262,0.9987204670906068
4,1,9,0.10817579171295172,-1.2751631204950975,0.9984816908836364
4,1,10,0.09506357453562424,-1.2751631204950975,0.9988813400268556
4,1,11,0.07539524876963302,-0.9801382340052293,0.9981247782707214
4,1,12,-0.11473190030161547,-1.0194748855372118,0.9993571043014526
4,1,13,0.022946380060323093,-0.5539911757420861,0.5634484887123108
4,1,14,-0.3179712665501914,-0.5998839358627323,0.5997021198272705
4,1,15,0.05572692300364179,-0.27207850642954523,0.6318831443786621
4,1,16,-0.0032780542943318704,-0.37042013525950135,0.6734707951545715
4,1,17,0.03605859723765057,-0.17373687759958914,0.6285197138786316
4,1,18,0.10817579171295172,-0.35075180949351015,0.6618791222572327
4,1,19,-0.009834162882995611,-0.2196296377202353,0.6295918226242065
4,1,20,0.14751244324493418,-0.35075180949351015,0.6632567644119263
4,1,21,0.009834162882995611,-0.25241018066355403,0.6179408431053162
4,1,22,0.10817579171295172,-0.3310834837275189,0.648871898651123
4,1,23,0.06883914018096927,0.0032780542943318704,0.9918662309646606
4,1,24,-0.06883914018096927,-0.0032780542943318704,0.9931724071502686
4,1,25,-0.03605859723765057,0.6523328045720422,0.7139466404914856
4,1,26,-0.13440022606760668,0.6785572389266972,0.7050049304962158
4,1,27,-0.14095633465627042,1.36694864073639,0.7808060646057129
4,1,28,-0.17373687759958914,1.3603925321477262,0.7630946636199951
4,1,29,-0.22618574630889907,1.4652902695663461,0.7744667530059814
4,1,30,-0.25896628925221776,1.4587341609776823,0.7916815280914307
4,1,31,-0.07539524876963302,1.5505196812189748,0.7973902225494385
4,1,32,0.022946380060323093,1.6226368756942757,0.7831124663352966
4,2,0,-0.2364775602308235,-1.3622439737240395,0.9990965127944946
4,2,1,-0.19650952188195192,-1.4288573709721588,0.9985206127166748
4,2,2,-0.17652550270751613,-1.4288573709721588,0.9984153509140016
4,2,3,-0.15654148353308034,-1.4288573709721588,0.9987747669219972
4,2,4,-0.22315488078119963,-1.4355187106969707,0.9987747669219972
4,2,5,-0.22981622050601155,-1.4355187106969707,0.9987029433250428
4,2,6,-0.22981622050601155,-1.4355187106969707,0.9989440441131592
4,2,7,-0.07660540683533719,-1.3822279928984753,0.9974730610847472
4,2,8,-0.14988014380826842,-1.3955506723480993,0.9987030625343324
4,2,9,-0.18318684243232805,-1.2756465573014846,0.9986029863357544
4,2,10,-0.22315488078119963,-1.2823078970262964,0.9988769888877868
4,2,11,0.06994406711052525,-0.9958702888593834,0.9983111023902892
4,2,12,-0.14988014380826842,-1.0025316285841954,0.9993279576301576
4,2,13,0.3230749766533786,-0.48960846977367684,0.6070315837860107
4,2,14,-0.19650952188195192,-0.5295765081225484,0.5495388507843018
4,2,15,-0.07660540683533719,-0.2364775602308235,0.668475329875946
4,2,16,-0.3097522972037547,-0.3097522972037547,0.6401064395904541
4,2,17,-0.19650952188195192,-0.12323478490902069,0.6650189161300659
4,2,18,-0.376365694451874,-0.2364775602308235,0.6316317915916443
4,2,19,-0.24313889995563542,-0.18984818215714,0.6659286022186279
4,2,20,-0.38968837390149785,-0.2631229191300712,0.6339277625083923
4,2,21,-0.20983220133157576,-0.22315488078119963,0.6548091769218445
4,2,22,-0.36304301500225017,-0.2764455985796951,0.6205021142959595
4,2,23,0.06994406711052525,0.003330669862405965,0.9924980401992798
4,2,24,-0.06994406711052525,-0.003330669862405965,0.9934510588645936
4,2,25,-0.06994406711052525,0.6761259820684108,0.7348825335502625
4,2,26,-0.22315488078119963,0.662803302618787,0.6862825155258179
4,2,27,0.10991210545939684,1.3755666531736634,0.7931435108184814
4,2,28,-0.06994406711052525,1.32893727509998,0.7438246607780457
4,2,29,0.2364775602308235,1.50213210794509,0.7784031629562378
4,2,30,0.09658942600977298,1.4488413901465946,0.7785512208938599
4,2,31,-0.12989612463383263,1.5620841654683975,0.8060896992683411
4,2,32,-0.20983220133157576,1.5221161271195258,0.76930832862854
5,1,0,0.11429123619478429,-1.3714948343374116,0.9989317655563354
5,1,1,0.06204381393431147,-1.4368041121630024,0.9982736706733704
5,1,2,0.05551288615175237,-1.4368041121630024,0.9981374740600586
5,1,3,0.048981958369193265,-1.4302731843804435,0.9985385537147522
5,1,4,0.048981958369193265,-1.4302731843804435,0.9985801577568054
5,1,5,0.042451030586634166,-1.4302731843804435,0.9984987378120422
5,1,6,0.02938917502151596,-1.4302731843804435,0.9987916350364684
5,1,7,-0.02285824723895686,-1.3845566899025297,0.9968659281730652
5,1,8,-0.042451030586634166,-1.3845566899025297,0.9986249208450316
5,1,9,0.10776030841222518,-1.286592773164143,0.9983539581298828
5,1,10,0.09469845284710698,-1.286592773164143,0.99881774187088
5,1,11,0.05551288615175237,-0.9927010229489835,0.9982292652130128
5,1,12,-0.1338840195424616,-1.0057628785141017,0.999383270740509
5,1,13,-0.035920102804075066,-0.5028814392570509,0.5516457557678223
5,1,14,-0.31674999745411647,-0.5485979337349646,0.5934498310089111
5,1,15,-0.06204381393431147,-0.22858247238956858,0.6059930324554443
5,1,16,0.035920102804075066,-0.3526701002581915,0.6700336933135986
5,1,17,0.003265463891279551,-0.11102577230350474,0.604381263256073
5,1,18,0.11429123619478429,-0.254706183519805,0.6585607528686523
5,1,19,0.06857474171687057,-0.10449484452094564,0.6053670644760132
5,1,20,0.1796005140203753,-0.3004226779977187,0.6597245931625366
5,1,21,0.035920102804075066,-0.13714948343374114,0.595618724822998
5,1,22,0.1534768028901389,-0.33307731691051423,0.6429156064987183
5,1,23,0.06857474171687057,0.0,0.992577850818634
5,1,24,-0.06857474171687057,0.0,0.993688702583313
5,1,25,0.02938917502151596,0.6726855616035875,0.6936907768249512
5,1,26,-0.1534768028901389,0.7184020560815012,0.7027650475502014
5,1,27,-0.160007730672698,1.338840195424616,0.7611076235771179
5,1,28,-0.23837886406340725,1.332309267642057,0.7551944255828857
5,1,29,-0.2645025751936436,1.469458751075798,0.7537376880645752
5,1,30,-0.32328092523667556,1.4302731843804435,0.7795325517654419
5,1,31,-0.009796391673838653,1.5151752455537117,0.7889589667320251
5,1,32,-0.05551288615175237,1.5151752455537117,0.7801405191421509
5,2,0,-0.26123918328900203,-1.3842283997651017,0.9989859461784364
5,2,1,-0.2205265832959108,-1.4588681664191023,0.9983747005462646
5,2,2,-0.20695571663154708,-1.4588681664191023,0.9982576966285706
5,2,3,-0.18659941663500146,-1.4588681664191023,0.998633623123169
5,2,4,-0.2408828832924564,-1.4588681664191023,0.9986435174942015
5,2,5,-0.2408828832924564,-1.4588681664191023,0.9985573887825012
5,2,6,-0.2408828832924564,-1.465653599751284,0.9988184571266174
5,2,7,-0.1526722499740921,-1.418155566426011,0.9971402883529664
5,2,8,-0.17981398330281959,-1.4317264330903747,0.9986212253570556
5,2,9,-0.21374114996372892,-1.309588633111101,0.99848735332489
5,2,10,-0.23409744996027454,-1.309588633111101,0.9988333582878112
5,2,11,0.06446161665572778,-0.9906732664985531,0.99839985370636
5,2,12,-0.20695571663154708,-1.0042441331629168,0.9993390440940856
5,2,13,0.16624311663845584,-0.43426773325963974,0.5961767435073853
5,2,14,-0.22731201662809267,-0.4885511999170947,0.5421898365020752
5,2,15,-0.2815954832855476,-0.27141733328727485,0.6441426873207092
5,2,16,-0.32230808327863886,-0.29177363328382044,0.6246121525764465
5,2,17,-0.4173041499291851,-0.1628503999723649,0.640825629234314
5,2,18,-0.4105187165970032,-0.18999213330109238,0.6161434054374695
5,2,19,-0.43766044992573067,-0.15606496664018304,0.6415280699729919
5,2,20,-0.43766044992573067,-0.2374901666263655,0.6177135705947876
5,2,21,-0.39694784993263943,-0.16963583330454676,0.6304590702056885
5,2,22,-0.39694784993263943,-0.2849881999516386,0.6023513674736023
5,2,23,0.105174216648819,0.006785433332181871,0.9928860068321228
5,2,24,-0.105174216648819,-0.006785433332181871,0.993630826473236
5,2,25,-0.01696358333045468,0.7260413665434602,0.7151380777359009
5,2,26,-0.2748100499533658,0.6649724665538234,0.694813072681427
5,2,27,0.105174216648819,1.3910138330972834,0.7741228938102722
5,2,28,-0.03731988332700029,1.309588633111101,0.7428973913192749
5,2,29,0.2408828832924564,1.5335079330731027,0.7593362331390381
5,2,30,0.08481791665227338,1.4520827330869204,0.7716847062110901
5,2,31,-0.1526722499740921,1.5674350997340123,0.7968658208847046
5,2,32,-0.24766831662463829,1.519937066408739,0.7702703475952148
6,1,0,0.17171619837141505,-1.41413339835283,0.998535931110382
6,1,1,0.12457841842632073,-1.474739115425094,0.9977768063545228
6,1,2,0.11784444986273583,-1.474739115425094,0.997673749923706
6,1,3,0.10437651273556602,-1.474739115425094,0.9982300996780396
6,1,4,0.11784444986273583,-1.474739115425094,0.9980308413505554
6,1,5,0.11111048129915092,-1.474739115425094,0.9978500604629515
6,1,6,0.10437651273556602,-1.474739115425094,0.998237371444702
6,1,7,0.04377079566330188,-1.4276013354799997,0.9964703321456908
6,1,8,0.04377079566330188,-1.4276013354799997,0.9981817603111268
6,1,9,0.15824826124424526,-1.3333257755898111,0.9979873299598694
6,1,10,0.15151429268066036,-1.3333257755898111,0.998577117919922
6,1,11,0.05050476422688678,-0.9898933788469809,0.9982845783233644
6,1,12,-0.04377079566330188,-1.0100952845377356,0.999362289905548
6,1,13,-0.11111048129915092,-0.4713777994509433,0.5391626358032227
6,1,14,-0.2390558840072641,-0.5117816108324528,0.584201991558075
6,1,15,-0.04377079566330188,-0.18855111978037734,0.5829702019691467
6,1,16,0.13804635555349054,-0.2962946167977358,0.6455597281455994
6,1,17,0.09090857560839621,-0.08754159132660376,0.5816048979759216
6,1,18,0.2323219154436792,-0.18855111978037734,0.6327461004257202
6,1,19,0.13131238698990563,-0.08754159132660376,0.5823105573654175
6,1,20,0.29292763251594334,-0.24242286828905657,0.6323866248130798
6,1,21,0.10437651273556602,-0.12121143414452829,0.5725466012954712
6,1,22,0.2592577896980188,-0.2760927111069811,0.6098970174789429
6,1,23,0.03030285853613207,0.0,0.992540717124939
6,1,24,-0.03030285853613207,0.0,0.9933510422706604
6,1,25,0.13804635555349054,0.7138006677399998,0.6675509810447693
6,1,26,0.016834921408962263,0.7407365419943395,0.7052184343338013
6,1,27,-0.16498222980783014,1.3669956184077356,0.7363472580909729
6,1,28,-0.18518413549858487,1.3535276812805657,0.7459163069725037
6,1,29,-0.2592577896980188,1.488207052552264,0.7319316267967224
6,1,30,-0.28619366395235846,1.4545372097343394,0.768395185470581
6,1,31,0.023568889972547167,1.4949410211158487,0.7712551355361938
6,1,32,-0.003366984281792452,1.5218768953701884,0.7722800374031067
6,2,0,-0.22426116686809783,-1.4106750819122282,0.9986536502838136
6,2,1,-0.18085577973233696,-1.4902516249944564,0.9979671835899352
6,2,2,-0.17362154854304349,-1.4902516249944564,0.9978702664375304
6,2,3,-0.17362154854304349,-1.4902516249944564,0.9983811974525452
6,2,4,-0.2025584733002174,-1.49748585618375,0.9981862902641296
6,2,5,-0.2025584733002174,-1.49748585618375,0.9980091452598572
6,2,6,-0.2025584733002174,-1.49748585618375,0.9983658194541932
6,2,7,-0.10851346783940218,-1.4540804690479892,0.9967883825302124
6,2,8,-0.17362154854304349,-1.4613147002372826,0.9982563853263856
6,2,9,-0.18085577973233696,-1.3238643076407064,0.9981558918952942
6,2,10,-0.20979270448951087,-1.3238643076407064,0.9986240863800048
6,2,11,0.07234231189293479,-0.9910896729332065,0.9984412789344788
6,2,12,-0.18809001092163044,-1.0055581353117935,0.999147653579712
6,2,13,0.036171155946467394,-0.41958540897902175,0.5846265554428101
6,2,14,-0.3038377099503261,-0.484693489682663,0.5387154817581177
6,2,15,-0.4268196401683152,-0.34000886589679347,0.6218020915985107
6,2,16,-0.4268196401683152,-0.31107194113961956,0.5981495380401611
6,2,17,-0.5642700327648913,-0.2966034787610326,0.6171074509620667
6,2,18,-0.5425673391970108,-0.21702693567880435,0.5874777436256409
6,2,19,-0.5787384951434783,-0.3761800218432609,0.61741042137146
6,2,20,-0.5498015703863043,-0.27490078519315214,0.5873093008995056
6,2,21,-0.5280988768184239,-0.38341425303255433,0.6059634685516357
6,2,22,-0.47745925849336956,-0.31107194113961956,0.5682935118675232
6,2,23,0.08681077427152174,0.007234231189293478,0.9930272102355956
6,2,24,-0.08681077427152174,-0.007234231189293478,0.9933412075042723
6,2,25,-0.15915308616445653,0.7740627372544021,0.6874805688858032
6,2,26,-0.2604323228145652,0.7017204253614674,0.6718904972076416
6,2,27,0.11574769902869565,1.5336570121302173,0.7516652941703796
6,2,28,0.028936924757173913,1.4396120066694023,0.7105154395103455
6,2,29,0.24596386043597826,1.6638731735374999,0.7479234337806702
6,2,30,0.13745039259657607,1.5698281680766848,0.7465763092041016
6,2,31,-0.18085577973233696,1.6421704799696195,0.7804298400878906
6,2,32,-0.2604323228145652,1.605999324023152,0.7406927943229675
7,1,0,0.1655162573378994,-1.424129464178176,0.9982767701148988
7,1,1,0.11724068228101209,-1.493094571402301,0.9974531531333924
7,1,2,0.1103441715585996,-1.493094571402301,0.9973576068878174
7,1,3,0.10344766083618713,-1.493094571402301,0.9980170130729676
7,1,4,0.1103441715585996,-1.4861980606798886,0.997757375240326
7,1,5,0.10344766083618713,-1.4861980606798886,0.997528612613678
7,1,6,0.08965463939136219,-1.4861980606798886,0.998003363609314
7,1,7,0.08965463939136219,-1.4448189963454137,0.9961704015731812
7,1,8,0.04137906433447485,-1.437922485623001,0.9980108141899108
7,1,9,0.15861974661548695,-1.3344748247868141,0.9977155923843384
7,1,10,0.14482672517066197,-1.3344748247868141,0.9984396696090698
7,1,11,0.03448255361206238,-0.9896492886661903,0.9983163475990297
7,1,12,-0.04137906433447485,-1.0103388208334276,0.999206006526947
7,1,13,-0.15861974661548695,-0.4586179630404296,0.5291295647621155
7,1,14,-0.27586042889649903,-0.506893538097317,0.5829728841781616
7,1,15,-0.07586161794653723,-0.1620680019766932,0.5635385513305664
7,1,16,0.1103441715585996,-0.2793086842577053,0.6293143630027771
7,1,17,0.04137906433447485,-0.07241336258533099,0.5613196492195129
7,1,18,0.2275848538396117,-0.1620680019766932,0.6154859066009521
7,1,19,0.11724068228101209,-0.08620638403015594,0.5616368055343628
7,1,20,0.27586042889649903,-0.217240087755993,0.61408931016922
7,1,21,0.09655115011377466,-0.12068893764221832,0.5514026284217834
7,1,22,0.24827438600684912,-0.25172264136805533,0.589876115322113
7,1,23,0.0275860428896499,-0.0034482553612062376,0.9927675127983092
7,1,24,-0.0275860428896499,0.0034482553612062376,0.9933079481124878
7,1,25,0.06206859650171228,0.7206853704921037,0.6456590294837952
7,1,26,0.006896510722412475,0.7482714133817536,0.6896241903305054
7,1,27,-0.23448136456202417,1.4172329534557637,0.7168139219284058
7,1,28,-0.23448136456202417,1.4172329534557637,0.7163435816764832
7,1,29,-0.3448255361206238,1.5413701464591882,0.718958854675293
7,1,30,-0.3379290253982113,1.506887592847126,0.74300217628479
7,1,31,0.01379302144482495,1.5275771250143633,0.7548395991325378
7,1,32,-0.006896510722412475,1.5551631679040132,0.7446284294128418
7,2,0,-0.21055301795857312,-1.4048968612063413,0.9984323978424072
7,2,1,-0.15972987569271063,-1.4992826968429431,0.9976890087127686
7,2,2,-0.1452089779024642,-1.4992826968429431,0.9975989460945128
7,2,3,-0.1452089779024642,-1.4992826968429431,0.998198926448822
7,2,4,-0.1960321201683267,-1.4992826968429431,0.9979586005210876
7,2,5,-0.1960321201683267,-1.4992826968429431,0.997744083404541
7,2,6,-0.1960321201683267,-1.4992826968429431,0.9981775879859924
7,2,7,-0.08712538674147853,-1.4484595545770806,0.996529757976532
7,2,8,-0.17425077348295706,-1.4557200034722038,0.9981500506401062
7,2,9,-0.15972987569271063,-1.3177714744648628,0.9979188442230223
7,2,10,-0.1960321201683267,-1.3177714744648628,0.9985346794128418
7,2,11,0.0653440400561089,-0.9910512741843183,0.9984698295593262
7,2,12,-0.18151122237808026,-1.0055721719745647,0.9991002678871156
7,2,13,0.021781346685369633,-0.4102153625744614,0.5755581855773926
7,2,14,-0.28315750690980523,-0.49008030042081674,0.5395652055740356
7,2,15,-0.4501478314976391,-0.3448713225183525,0.6039417386054993
7,2,16,-0.3339806491756677,-0.2795272824622436,0.5853826999664307
7,2,17,-0.5735754627147337,-0.31582952693785965,0.597957193851471
7,2,18,-0.4065851381268998,-0.15609965124514902,0.5734455585479736
7,2,19,-0.58809636050498,-0.38843401588909177,0.5978617072105408
7,2,20,-0.413845587022023,-0.22870414019638113,0.5719969868659973
7,2,21,-0.5372732182391176,-0.38843401588909177,0.5858965516090393
7,2,22,-0.37028289365128375,-0.2650063846719972,0.5512359142303467
7,2,23,0.07986493784635532,0.010890673342684816,0.9933167099952698
7,2,24,-0.07986493784635532,-0.010890673342684816,0.993565559387207
7,2,25,-0.18151122237808026,0.7659773584354987,0.6688050627708435
7,2,26,-0.23959481353906595,0.7151542161696363,0.6590009927749634
7,2,27,0.10890673342684816,1.5501058391088054,0.7345404624938965
7,2,28,0.0,1.4339386567868342,0.6823007464408875
7,2,29,0.23959481353906595,1.6807939192210233,0.7373673915863037
7,2,30,0.08712538674147853,1.5210640435283127,0.7226500511169434
7,2,31,-0.21055301795857312,1.6444916747454073,0.7665587663650513
7,2,32,-0.24685526243418918,1.5936685324795448,0.7133727669715881
8,1,0,0.1964273187073192,-1.4178481004873769,0.998029887676239
8,1,1,0.16071326076053388,-1.4964190279703045,0.9970840811729432
8,1,2,0.16071326076053388,-1.4964190279703045,0.9969780445098876
8,1,3,0.15357044917117682,-1.4964190279703045,0.9977715611457824
8,1,4,0.1392848259924627,-1.4964190279703045,0.9975431561470032
8,1,5,0.13214201440310563,-1.4964190279703045,0.9972944259643556
8,1,6,0.11785639122439152,-1.4964190279703045,0.9978489279747008
8,1,7,0.12499920281374859,-1.446419346844805,0.9958280324935912
8,1,8,0.08928514486696328,-1.446419346844805,0.9978766441345216
8,1,9,0.18928450711796213,-1.332134361415092,0.9972158074378968
8,1,10,0.16785607234989094,-1.332134361415092,0.9982686638832092
8,1,11,0.06785671009889209,-0.989279405125953,0.9980818629264832
8,1,12,-0.07499952168824915,-1.0107078398940244,0.9991558790206908
8,1,13,-0.06071389850953503,-0.43928291274545933,0.5208752751350403
8,1,14,-0.22499856506474744,-0.48928259387095874,0.5839349031448364
8,1,15,0.13214201440310563,-0.174998883939248,0.5458501577377319
8,1,16,0.2321413766541045,-0.3035694925476751,0.6195161938667297
8,1,17,0.21071294188603332,-0.12499920281374859,0.5418062210083008
8,1,18,0.38214042003060283,-0.174998883939248,0.6056815385818481
8,1,19,0.21071294188603332,-0.15357044917117682,0.5416951179504395
8,1,20,0.43214010115610224,-0.26071262301153275,0.6034154295921326
8,1,21,0.1964273187073192,-0.16785607234989094,0.5312207341194153
8,1,22,0.38928323161995987,-0.3035694925476751,0.5789256691932678
8,1,23,0.0464282753308209,-0.003571405794678531,0.9922316074371338
8,1,24,-0.0464282753308209,0.003571405794678531,0.9930468797683716
8,1,25,0.14642763758181976,0.7321381879090988,0.6169701218605042
8,1,26,0.06785671009889209,0.75356662267717,0.66566002368927
8,1,27,-0.174998883939248,1.446419346844805,0.680215060710907
8,1,28,-0.18214169552860507,1.432133723666091,0.6784000992774963
8,1,29,-0.2964266809583181,1.5821327670425893,0.6899302005767822
8,1,30,-0.2964266809583181,1.5107046511490185,0.7173893451690674
8,1,31,0.024999840562749717,1.553561520685161,0.7173806428909302
8,1,32,0.0464282753308209,1.5892755786319464,0.708045244216919
8,2,0,-0.2848364240206326,-1.4063798436018735,0.9981878399848938
8,2,1,-0.27059460281960096,-1.4847098602075475,0.9973517656326294
8,2,2,-0.25635278161856934,-1.4847098602075475,0.997252345085144
8,2,3,-0.2421109604175377,-1.4847098602075475,0.9979724287986756
8,2,4,-0.2919573346211484,-1.4847098602075475,0.997750997543335
8,2,5,-0.2919573346211484,-1.4847098602075475,0.9975157380104064
8,2,6,-0.2919573346211484,-1.4847098602075475,0.9980258941650392
8,2,7,-0.1495391226108321,-1.4348634860039367,0.9962138533592224
8,2,8,-0.20650640741495863,-1.4419843966044525,0.998041808605194
8,2,9,-0.27059460281960096,-1.3209289163956837,0.9974406957626344
8,2,10,-0.2990782452216642,-1.3209289163956837,0.9983409643173218
8,2,11,-0.021362731801547446,-0.9862461181714404,0.9982351064682008
8,2,12,-0.13529730140980048,-1.0076088499729878,0.998950719833374
8,2,13,-0.13529730140980048,-0.4308150913312068,0.5673050880432129
8,2,14,-0.20650640741495863,-0.45929873373327007,0.533894956111908
8,2,15,-0.4913428314355912,-0.5874751245425547,0.5871196985244751
8,2,16,-0.22786913921650606,-0.3382432535245012,0.5709807872772217
8,2,17,-0.6052774010438443,-0.6729260517487445,0.5804265141487122
8,2,18,-0.3702873512268224,-0.35960598532604865,0.5609294176101685
8,2,19,-0.5839146692422968,-0.7227724259523552,0.5798230767250061
8,2,20,-0.3702873512268224,-0.423694180730691,0.5590900182723999
8,2,21,-0.5411892056392019,-0.694288783550292,0.5679787993431091
8,2,22,-0.3489246194252749,-0.423694180730691,0.5380849838256836
8,2,23,0.014241821201031629,0.003560455300257907,0.9926865100860596
8,2,24,-0.014241821201031629,-0.003560455300257907,0.9928321242332458
8,2,25,-0.22074822861599025,0.7512560683544185,0.6419693231582642
8,2,26,-0.1495391226108321,0.7156515153518394,0.627748429775238
8,2,27,0.08545092720618978,1.4562262178054841,0.6957359910011292
8,2,28,-0.014241821201031629,1.3778962011998102,0.6350011825561523
8,2,29,0.20650640741495863,1.584402608614769,0.7108017206192017
8,2,30,0.13529730140980048,1.5131935026096106,0.6829572319984436
8,2,31,-0.25635278161856934,1.5559189662127055,0.7266457676887512
8,2,32,-0.2777155134201168,1.5274353238106422,0.6674612164497375
9,1,0,0.18465105638381066,-1.3970768605643034,0.9977851510047911
9,1,1,0.16374716320828492,-1.4667565044827224,0.9968597888946532
9,1,2,0.17071512760012683,-1.4667565044827224,0.996774971485138
9,1,3,0.17768309199196874,-1.4667565044827224,0.9976016879081726
9,1,4,0.14284327003275918,-1.4667565044827224,0.9972942471504213
9,1,5,0.13587530564091727,-1.4667565044827224,0.9970253705978394
9,1,6,0.12890734124907535,-1.4667565044827224,0.9976325035095216
9,1,7,0.12193937685723345,-1.424948718131671,0.995567500591278
9,1,8,0.08013159050618199,-1.424948718131671,0.99768328666687
9,1,9,0.17768309199196874,-1.3134612878622003,0.996565878391266
9,1,10,0.1498112344246011,-1.3134612878622003,0.997815489768982
9,1,11,0.010451946587762868,-0.9999028902293143,0.9980589151382446
9,1,12,-0.038323804155130516,-0.9999028902293143,0.9989992380142212
9,1,13,-0.10103548368170771,-0.4564016676656452,0.5155588388442993
9,1,14,-0.07316362611434007,-0.4633696320574871,0.5793214440345764
9,1,15,-0.038323804155130516,-0.19858698516749448,0.5318186283111572
9,1,16,0.31704237982880695,-0.5121453828003805,0.6078115701675415
9,1,17,-0.04529176854697242,-0.12193937685723345,0.5271738171577454
9,1,18,0.43549777449011945,-0.5400172403677481,0.5962392687797546
9,1,19,-0.010451946587762868,-0.12193937685723345,0.5266022682189941
9,1,20,0.4424657388819614,-0.6027289198943253,0.594356119632721
9,1,21,-0.02438787537144669,-0.17768309199196874,0.5163896679878235
9,1,22,0.4006579525309099,-0.6027289198943253,0.5715211033821106
9,1,23,0.010451946587762868,-0.0034839821959209557,0.99254310131073
9,1,24,-0.010451946587762868,0.0034839821959209557,0.9926908612251282
9,1,25,0.17768309199196874,0.7211843145556378,0.610949695110321
9,1,26,0.13587530564091727,0.7490561721230055,0.6470084190368652
9,1,27,-0.2125229139511783,1.417980753739829,0.6647771000862122
9,1,28,-0.18465105638381066,1.4528205756990387,0.6485608816146851
9,1,29,-0.3240103442206489,1.5364361484011415,0.6823058128356934
9,1,30,-0.29613848665328124,1.5503720771848253,0.6864867806434631
9,1,31,-0.010451946587762868,1.5225002196174577,0.704508900642395
9,1,32,0.12193937685723345,1.564308005968509,0.6801952719688416
9,2,0,-0.19773318871882045,-1.3737253110991736,0.9979786276817322
9,2,1,-0.17691916885368145,-1.4431053773163036,0.9971551299095154
9,2,2,-0.16998116223196846,-1.4431053773163036,0.997076451778412
9,2,3,-0.14916714236682946,-1.4431053773163036,0.9978248476982116
9,2,4,-0.19079518209710744,-1.4431053773163036,0.9975335597991944
9,2,5,-0.19773318871882045,-1.4431053773163036,0.9972808361053468
9,2,6,-0.19773318871882045,-1.4431053773163036,0.9978356957435608
9,2,7,-0.09366308939312548,-1.3945393309643126,0.9959905743598938
9,2,8,-0.19773318871882045,-1.4014773375860257,0.9978498220443726
9,2,9,-0.16304315561025545,-1.2904692316386177,0.9968538284301758
9,2,10,-0.21160920196224645,-1.2835312250169046,0.9979289770126344
9,2,11,0.010407009932569497,-0.9851969402832458,0.9982143640518188
9,2,12,-0.19773318871882045,-1.0060109601483846,0.9988927841186525
9,2,13,-0.3850593675050714,-0.4579084370330579,0.5624101758003235
9,2,14,-0.3364933211530804,-0.5064744833850489,0.5516744256019592
9,2,15,-0.4821914602090534,-0.8186847813621339,0.5746521949768066
9,2,16,-0.49606747345247937,-0.8256227879838468,0.6058333516120911
9,2,17,-0.5515715264261833,-0.9019408608226898,0.5672141313552856
9,2,18,-0.5723855462913223,-0.9019408608226898,0.5942745208740234
9,2,19,-0.5376955131827573,-0.9505069071746808,0.5661514401435852
9,2,20,-0.5654475396696094,-0.9643829204181068,0.5913523435592651
9,2,21,-0.5030054800741923,-0.9158168740661158,0.5551576018333435
9,2,22,-0.5099434866959054,-0.9158168740661158,0.5706870555877686
9,2,23,0.06591106290627348,0.006938006621712998,0.993109941482544
9,2,24,-0.06591106290627348,-0.006938006621712998,0.9931122064590454
9,2,25,-0.16304315561025545,0.7354287019015778,0.6424893736839294
9,2,26,-0.20467119534053346,0.6521726224410218,0.6321576237678528
9,2,27,0.07978707614969947,1.4431053773163036,0.6886129379272461
9,2,28,-0.003469003310856499,1.3251592647471826,0.6251652836799622
9,2,29,0.21854720858395946,1.5749275031288505,0.7042799592018127
9,2,30,0.13529112912340346,1.5332994633985726,0.6715314388275146
9,2,31,-0.22548521520567244,1.5332994633985726,0.7239621877670288
9,2,32,-0.19079518209710744,1.5610514898854246,0.664139449596405
10,1,0,0.20945945945945946,-1.3547297297297298,0.9980441331863404
10,1,1,0.18243243243243243,-1.429054054054054,0.997310221195221
10,1,2,0.1891891891891892,-1.429054054054054,0.9972161650657654
10,1,3,0.20270270270270271,-1.429054054054054,0.9979328513145448
10,1,4,0.17567567567567569,-1.429054054054054,0.9976698756217957
10,1,5,0.16891891891891891,-1.429054054054054,0.9974109530448914
10,1,6,0.16216216216216217,-1.429054054054054,0.9979490637779236
10,1,7,0.12162162162162163,-1.3952702702702702,0.9961746335029602
10,1,8,0.10135135135135136,-1.3885135135135136,0.9979711174964904
10,1,9,0.20270270270270271,-1.2804054054054055,0.9969436526298524
10,1,10,0.17567567567567569,-1.2804054054054055,0.998001754283905
10,1,11,0.0,-0.9966216216216216,0.9982041120529176
10,1,12,0.0,-1.0033783783783783,0.9989702701568604
10,1,13,-0.02027027027027027,-0.48986486486486486,0.5126317143440247
10,1,14,-0.060810810810810814,-0.46283783783783783,0.5945104956626892
10,1,15,0.24324324324324326,-0.6722972972972973,0.5277125835418701
10,1,16,0.2905405405405405,-0.6790540540540541,0.6395580172538757
10,1,17,0.33783783783783783,-0.7128378378378378,0.5250496864318848
10,1,18,0.42567567567567566,-0.7398648648648649,0.6270982623100281
10,1,19,0.33783783783783783,-0.7804054054054054,0.5244348049163818
10,1,20,0.41216216216216217,-0.8141891891891891,0.624137818813324
10,1,21,0.3108108108108108,-0.7668918918918919,0.5148670077323914
10,1,22,0.3716216216216216,-0.793918918918919,0.6033325791358948
10,1,23,0.006756756756756757,-0.0033783783783783786,0.9929543137550354
10,1,24,-0.006756756756756757,0.0033783783783783786,0.9930618405342102
10,1,25,0.0945945945945946,0.7128378378378378,0.6174988150596619
10,1,26,0.0472972972972973,0.7466216216216216,0.6557731628417969
10,1,27,-0.16216216216216217,1.402027027027027,0.6685876250267029
10,1,28,-0.1554054054054054,1.489864864864865,0.6453500986099243
10,1,29,-0.2905405405405405,1.5236486486486487,0.6848258376121521
10,1,30,-0.2702702702702703,1.597972972972973,0.6835856437683105
10,1,31,0.02702702702702703,1.5439189189189189,0.7122712731361389
10,1,32,0.14189189189189189,1.6587837837837838,0.683056116104126
10,2,0,-0.1289198606271777,-1.348432055749129,0.9981225728988647
10,2,1,-0.08710801393728224,-1.4250871080139373,0.997477650642395
10,2,2,-0.059233449477351915,-1.4320557491289199,0.9973881244659424
10,2,3,-0.03832752613240418,-1.4320557491289199,0.998041331768036
10,2,4,-0.11498257839721254,-1.4250871080139373,0.997755527496338
10,2,5,-0.12195121951219512,-1.4250871080139373,0.9974639415740968
10,2,6,-0.12195121951219512,-1.4250871080139373,0.9979754090309144
10,2,7,-0.04529616724738676,-1.397212543554007,0.9964609146118164
10,2,8,-0.06620209059233449,-1.3902439024390243,0.9977898001670836
10,2,9,-0.08013937282229965,-1.2717770034843205,0.9969976544380188
10,2,10,-0.12195121951219512,-1.264808362369338,0.9977585077285768
10,2,11,0.14285714285714285,-1.0,0.998286783695221
10,2,12,-0.14285714285714285,-1.0,0.9987267851829528
10,2,13,-0.09407665505226481,-0.5052264808362369,0.5594041347503662
10,2,14,-0.2613240418118467,-0.5331010452961672,0.5651854872703552
10,2,15,-0.25435540069686413,-0.9303135888501742,0.5707498788833618
10,2,16,-0.3519163763066202,-0.8885017421602788,0.6372578144073486
10,2,17,-0.31010452961672474,-1.0557491289198606,0.5649974346160889
10,2,18,-0.4076655052264808,-1.0069686411149825,0.6226254105567932
10,2,19,-0.2682926829268293,-1.0975609756097562,0.563826858997345
10,2,20,-0.37282229965156793,-1.0418118466898956,0.6188094019889832
10,2,21,-0.24041811846689895,-1.0557491289198606,0.5529736280441284
10,2,22,-0.3240418118466899,-1.0,0.5987891554832458
10,2,23,0.12195121951219512,-0.010452961672473868,0.9932246804237366
10,2,24,-0.12195121951219512,0.010452961672473868,0.9933607578277588
10,2,25,0.05226480836236934,0.7700348432055749,0.6499909162521362
10,2,26,-0.11498257839721254,0.7909407665505227,0.6490275859832764
10,2,27,0.2264808362369338,1.5156794425087108,0.6942495107650757
10,2,28,0.10801393728222997,1.5365853658536586,0.6539159417152405
10,2,29,0.33797909407665505,1.6550522648083623,0.6993454098701477
10,2,30,0.1986062717770035,1.6550522648083623,0.6889394521713257
10,2,31,0.024390243902439025,1.6689895470383276,0.7326828241348267
10,2,32,-0.10801393728222997,1.710801393728223,0.692270815372467
11,1,0,0.17992110220004812,-1.3424882241080514,0.9982513189315796
11,1,1,0.13840084784619086,-1.4116886480311468,0.9976761937141418
11,1,2,0.13840084784619086,-1.4186086904234565,0.997584879398346
11,1,3,0.1591609750231195,-1.4186086904234565,0.9981896281242372
11,1,4,0.13148080545388133,-1.4116886480311468,0.9979282021522522
11,1,5,0.11764072066926223,-1.4116886480311468,0.9976486563682556
11,1,6,0.10380063588464315,-1.4116886480311468,0.9981274008750916
11,1,7,0.08996055110002406,-1.3909285208542181,0.9967227578163148
11,1,8,0.07612046631540498,-1.3770884360695992,0.9979705810546876
11,1,9,0.1591609750231195,-1.273287800184956,0.9972365498542786
11,1,10,0.14532089023850042,-1.273287800184956,0.9979400038719176
11,1,11,0.04152025435385726,-0.9895660621002647,0.9983595609664916
11,1,12,-0.06228038153078589,-1.0103261892771933,0.9988381266593932
11,1,13,0.08304050870771452,-0.4982430522462871,0.5180327296257019
11,1,14,-0.06228038153078589,-0.5120831370309062,0.6072523593902588
11,1,15,0.33908207722316763,-0.7681247055463594,0.5636714696884155
11,1,16,0.2975618228693104,-0.7750447479386688,0.6715318560600281
11,1,17,0.4359626707155012,-0.8304050870771452,0.5632296800613403
11,1,18,0.4013624587539535,-0.8511652142540739,0.6570623517036438
11,1,19,0.42212258593088214,-0.8857654262156216,0.5619399547576904
11,1,20,0.3875223739693344,-0.9065255533925501,0.6532759070396423
11,1,21,0.39444241636164395,-0.8650052990386929,0.5501085519790649
11,1,22,0.35984220440009623,-0.8857654262156216,0.6335616707801819
11,1,23,0.04152025435385726,-0.006920042392309544,0.99340158700943
11,1,24,-0.04152025435385726,0.006920042392309544,0.9935636520385742
11,1,25,0.05536033913847635,0.7750447479386688,0.6197137236595154
11,1,26,-0.006920042392309544,0.7958048751155975,0.6635788083076477
11,1,27,-0.16608101741542905,1.5224093263080996,0.6687014698982239
11,1,28,-0.15224093263080996,1.5846897078388855,0.6606258749961853
11,1,29,-0.2560415685154531,1.653890131761981,0.6768319010734558
11,1,30,-0.24912152612314356,1.6884903437235286,0.6877461075782776
11,1,31,0.0,1.7300105980773859,0.715351402759552
11,1,32,0.0968805934923336,1.8407312763543386,0.6980887651443481
11,2,0,-0.14233433445626825,-1.330826027166108,0.9983873963356018
11,2,1,-0.09963403411938777,-1.416226627839869,0.9978769421577454
11,2,2,-0.07828388395094753,-1.416226627839869,0.9977935552597046
11,2,3,-0.04981701705969389,-1.4233433445626824,0.998340666294098
11,2,4,-0.12810090101064142,-1.416226627839869,0.9980883598327636
11,2,5,-0.12810090101064142,-1.416226627839869,0.9978225231170654
11,2,6,-0.12810090101064142,-1.416226627839869,0.9982608556747437
11,2,7,-0.014233433445626824,-1.4091099111170555,0.9970263838768004
11,2,8,-0.056933733782507295,-1.3948764776714289,0.9980672597885132
11,2,9,-0.08540060067376094,-1.2596588599379739,0.9974483251571656
11,2,10,-0.120984184287828,-1.2596588599379739,0.99801105260849
11,2,11,0.18503463479314872,-1.003457057916691,0.9984923601150512
11,2,12,-0.15656776790189506,-0.9963403411938777,0.9986847043037416
11,2,13,-0.03558358361406706,-0.49817017059693885,0.565069854259491
11,2,14,-0.21350150168440238,-0.49817017059693885,0.5731257796287537
11,2,15,-0.19926806823877555,-0.9038230237973034,0.6047176718711853
11,2,16,-0.2846686689125365,-0.8468892900147961,0.6594324707984924
11,2,17,-0.2704352354669097,-1.0248072080851314,0.6018848419189453
11,2,18,-0.32736896924941694,-0.9607567575798106,0.6434709429740906
11,2,19,-0.2348516518528426,-1.0675075084220118,0.6002796292304993
11,2,20,-0.2846686689125365,-1.003457057916691,0.6388538479804993
11,2,21,-0.19926806823877555,-1.0248072080851314,0.5877334475517273
11,2,22,-0.24908508529846943,-0.9465233241341838,0.6199362874031067
11,2,23,0.12810090101064142,-0.014233433445626824,0.993731677532196
11,2,24,-0.12810090101064142,0.014233433445626824,0.9937834143638612
11,2,25,0.09963403411938777,0.8184224231235424,0.6536508202552795
11,2,26,-0.12810090101064142,0.8468892900147961,0.6546332836151123
11,2,27,0.20638478496158896,1.622611412801458,0.6957334876060486
11,2,28,0.07828388395094753,1.622611412801458,0.6640366911888123
11,2,29,0.32736896924941694,1.757829030534913,0.6914383172988892
11,2,30,0.18503463479314872,1.7364788803664726,0.6867991089820862
11,2,31,-0.04981701705969389,1.8503463479314872,0.7363804578781128
11,2,32,-0.09251731739657436,1.8574630646543007,0.7038138508796692
12,1,0,0.18595461037158487,-1.3332594705887217,0.9984482526779176
12,1,1,0.12981736950469133,-1.4034310216723387,0.9980009198188782
12,1,2,0.12280021439632963,-1.4104481767807002,0.9979095458984376
12,1,3,0.11578305928796793,-1.4104481767807002,0.9984244108200072
12,1,4,0.12981736950469133,-1.4034310216723387,0.9981908798217772
12,1,5,0.11578305928796793,-1.4034310216723387,0.9979264736175536
12,1,6,0.10876590417960624,-1.4104481767807002,0.9983502626419068
12,1,7,0.09473159396288286,-1.396413866563977,0.997171938419342
12,1,8,0.08069728374615948,-1.3823795563472536,0.9981960654258728
12,1,9,0.1578859899381381,-1.2630879195051048,0.9975998401641846
12,1,10,0.1508688348297764,-1.2630879195051048,0.9981358647346495
12,1,11,0.024560042879265925,-0.9964360253873604,0.9985100030899048
12,1,12,-0.045611508204351,-1.003453180495722,0.9987982511520386
12,1,13,0.03157719798762762,-0.4912008575853185,0.5138278007507324
12,1,14,-0.045611508204351,-0.4841837024769568,0.6144125461578369
12,1,15,0.28419478188864855,-0.8420586130034031,0.566645622253418
12,1,16,0.32629771253881873,-0.7648699068114245,0.6913619637489319
12,1,17,0.38243495340571226,-0.9683674049539136,0.5719283819198608
12,1,18,0.42453788405588244,-0.8420586130034031,0.6758326292037964
12,1,19,0.3964692636224357,-0.9192473191953818,0.5711546540260315
12,1,20,0.4034864187307974,-0.8981958538702968,0.6714577674865723
12,1,21,0.3473491778639038,-0.8841615436535734,0.5594543814659119
12,1,22,0.37541779829735056,-0.8771443885452116,0.6528217792510986
12,1,23,0.024560042879265925,-0.0070171551083616935,0.9934281706809998
12,1,24,-0.024560042879265925,0.0070171551083616935,0.993627905845642
12,1,25,0.03157719798762762,0.799955682353233,0.6267051100730896
12,1,26,0.0035085775541808467,0.8350414578950415,0.6681265234947205
12,1,27,-0.17893745526322316,1.599911364706466,0.6768051385879517
12,1,28,-0.14385167972141472,1.6279799851399128,0.6744829416275024
12,1,29,-0.2771776267802869,1.7262201566569766,0.6781094670295715
12,1,30,-0.2420918512384784,1.7332373117653381,0.690070629119873
12,1,31,-0.16490314504649978,1.803408862848955,0.7251289486885071
12,1,32,0.06666297352943608,1.8805975690409338,0.7133996486663818
12,2,0,-0.13523046041696368,-1.338069818862588,0.9985679388046264
12,2,1,-0.09964349714934165,-1.4163611380513563,0.9981703758239746
12,2,2,-0.08540871184229284,-1.4163611380513563,0.9980873465538024
12,2,3,-0.07117392653524404,-1.4234785307048807,0.99855375289917
12,2,4,-0.12099567510991487,-1.4163611380513563,0.9983280897140504
12,2,5,-0.12811306776343928,-1.4163611380513563,0.9980784058570862
12,2,6,-0.12811306776343928,-1.4234785307048807,0.9984648823738098
12,2,7,-0.05693914122819523,-1.409243745397832,0.9974343180656432
12,2,8,-0.07117392653524404,-1.3950089600907831,0.9982801675796508
12,2,9,-0.08540871184229284,-1.266895892327344,0.9977788925170898
12,2,10,-0.12099567510991487,-1.266895892327344,0.9981889128684998
12,2,11,0.1779348163381101,-1.0106697568004654,0.99862802028656
12,2,12,-0.1708174236845857,-0.9893175788398921,0.998696744441986
12,2,13,-0.028469570614097616,-0.49110009309318386,0.56085205078125
12,2,14,-0.22063917225925653,-0.48398270043965946,0.5743064880371094
12,2,15,-0.22775656491278093,-0.8967914743440749,0.6063979268074036
12,2,16,-0.29893049144802497,-0.8398523331158797,0.6721075773239136
12,2,17,-0.29893049144802497,-1.0249045421075142,0.6080120801925659
12,2,18,-0.334517454715647,-0.9466132229187457,0.6570015549659729
12,2,19,-0.26334352818040296,-1.0604915053751363,0.6067994832992554
12,2,20,-0.29893049144802497,-0.9893175788398921,0.6518628597259521
12,2,21,-0.23487395756630533,-1.0106697568004654,0.5940757393836975
12,2,22,-0.27046092083392737,-0.9466132229187457,0.6338180899620056
12,2,23,0.14234785307048808,-0.007117392653524404,0.9937983155250548
12,2,24,-0.14234785307048808,0.007117392653524404,0.9939712285995485
12,2,25,0.13523046041696368,0.8327349404623553,0.6609278321266174
12,2,26,-0.14946524572401249,0.8469697257694041,0.6727476119995117
12,2,27,0.22063917225925653,1.6512350956176618,0.7039299607276917
12,2,28,0.049821748574670824,1.6441177029641374,0.6887281537055969
12,2,29,0.3487522400226958,1.7864655560346254,0.6895176768302917
12,2,30,0.1565826383775369,1.7579959854205278,0.6949694156646729
12,2,31,-0.04270435592114642,1.886109053183967,0.7461832761764526
12,2,32,-0.11387828245639046,1.8718742678769182,0.7270985245704651
13,1,0,0.20848056537102475,-1.3356890459363957,0.9986250400543212
13,1,1,0.15901060070671377,-1.4134275618374559,0.99828439950943
13,1,2,0.1519434628975265,-1.4134275618374559,0.99820077419281
13,1,3,0.14487632508833923,-1.4134275618374559,0.9986268877983092
13,1,4,0.1519434628975265,-1.4134275618374559,0.9984224438667296
13,1,5,0.13780918727915195,-1.4134275618374559,0.998182475566864
13,1,6,0.12367491166077739,-1.4134275618374559,0.998540997505188
13,1,7,0.08833922261484099,-1.3992932862190812,0.9975770115852356
13,1,8,0.053003533568904596,-1.392226148409894,0.9984097480773926
13,1,9,0.18021201413427562,-1.265017667844523,0.9979351758956908
13,1,10,0.17314487632508835,-1.265017667844523,0.998319923877716
13,1,11,0.0812720848056537,-1.0035335689045937,0.9986559748649596
13,1,12,-0.0812720848056537,-0.9964664310954063,0.9988107681274414
13,1,13,0.10954063604240283,-0.49469964664310956,0.5186520218849182
13,1,14,-0.038869257950530034,-0.4452296819787986,0.6141321063041687
13,1,15,0.33568904593639576,-0.8127208480565371,0.585568368434906
13,1,16,0.3215547703180212,-0.7915194346289752,0.701469898223877
13,1,17,0.4204946996466431,-0.9257950530035336,0.5898705124855042
13,1,18,0.38515901060070673,-0.8763250883392226,0.6858786940574646
13,1,19,0.3992932862190813,-0.9469964664310954,0.5887999534606934
13,1,20,0.3568904593639576,-0.9469964664310954,0.6807589530944824
13,1,21,0.36395759717314485,-0.9187279151943463,0.5767273306846619
13,1,22,0.33568904593639576,-0.911660777385159,0.6621665358543396
13,1,23,0.09540636042402827,-0.007067137809187279,0.9937394857406616
13,1,24,-0.09540636042402827,0.007067137809187279,0.9939190149307252
13,1,25,0.1519434628975265,0.8197879858657244,0.6328222155570984
13,1,26,-0.045936395759717315,0.8621908127208481,0.6831530928611755
13,1,27,-0.16607773851590105,1.6325088339222615,0.6761060953140259
13,1,28,-0.21554770318021202,1.667844522968198,0.6926470398902893
13,1,29,-0.27208480565371024,1.7667844522968197,0.666831374168396
13,1,30,-0.3215547703180212,1.773851590106007,0.6932633519172668
13,1,31,0.038869257950530034,1.8586572438162545,0.7287683486938477
13,1,32,0.024734982332155476,1.9151943462897527,0.7308061122894287
13,2,0,-0.16587489160867355,-1.309352867804636,0.99869042634964
13,2,1,-0.13058236147916855,-1.3940549401154478,0.9983970522880554
13,2,2,-0.10940684340146553,-1.3940549401154478,0.9983204007148744
13,2,3,-0.09528983134966353,-1.3940549401154478,0.9987127780914308
13,2,4,-0.15881638558277256,-1.3940549401154478,0.998494565486908
13,2,5,-0.15881638558277256,-1.401113446141349,0.9982512593269348
13,2,6,-0.16587489160867355,-1.40817195216725,0.9985873699188232
13,2,7,-0.07411431327196052,-1.379937928063646,0.9977863430976868
13,2,8,-0.13764086750506954,-1.3869964340895469,0.998365044593811
13,2,9,-0.11646534942736654,-1.2387678075456259,0.99803626537323
13,2,10,-0.15881638558277256,-1.2387678075456259,0.9982256293296814
13,2,11,0.12352385545326754,-1.0058371086908928,0.9987265467643738
13,2,12,-0.22234293981588157,-0.9917200966390908,0.998414933681488
13,2,13,0.010587759038851504,-0.48350766277421864,0.5641434192657471
13,2,14,-0.21528443378998058,-0.44115662661881266,0.5655837655067444
13,2,15,-0.2576354699453866,-0.8293744580433677,0.6170984506607056
13,2,16,-0.2999865061007926,-0.7940819279138628,0.6624883413314819
13,2,17,-0.34939604828209964,-0.9493690604836847,0.6145815849304199
13,2,18,-0.3776300723857036,-0.9211350363800808,0.650846004486084
13,2,19,-0.3211620241784956,-0.9987786026649919,0.6123670935630798
13,2,20,-0.3564545543080006,-0.9846615906131898,0.6452357172966003
13,2,21,-0.2858694940489906,-0.9564275665095858,0.5983434319496155
13,2,22,-0.3211620241784956,-0.9352520484318828,0.6280322074890137
13,2,23,0.13058236147916855,-0.010587759038851504,0.9939488768577576
13,2,24,-0.13058236147916855,0.010587759038851504,0.9939741492271424
13,2,25,0.03882178314245551,0.8223159520174668,0.6664771437644958
13,2,26,-0.17293339763457455,0.8505499761210707,0.6844543814659119
13,2,27,0.20822592776407955,1.6269856389701811,0.7039832472801208
13,2,28,0.08117281929786152,1.591693108840676,0.6994165778160095
13,2,29,0.34939604828209964,1.7610972534623,0.6864153146743774
13,2,30,0.20822592776407955,1.7187462173068941,0.6955296397209167
13,2,31,-0.05999730122015852,1.845799325773112,0.7499774098396301
13,2,32,-0.16587489160867355,1.874033349876716,0.7366474866867065
14,1,0,0.20846885235822554,-1.310880410591554,0.99879652261734
14,1,1,0.16606840781078985,-1.3886145589285193,0.9985404014587402
14,1,2,0.16606840781078985,-1.3886145589285193,0.9984694123268129
14,1,3,0.1590016670528839,-1.3956812996864254,0.9988237619400024
14,1,4,0.15193492629497796,-1.3956812996864254,0.9986251592636108
14,1,5,0.13780144477916603,-1.4027480404443313,0.9984030723571776
14,1,6,0.12366796326335414,-1.4027480404443313,0.998707950115204
14,1,7,0.06713403720010654,-1.3815478181706133,0.9979789853096008
14,1,8,0.02473359265267083,-1.3815478181706133,0.9985198378562928
14,1,9,0.18020188932660175,-1.2402130030124945,0.9982106685638428
14,1,10,0.1590016670528839,-1.2402130030124945,0.9983866214752196
14,1,11,0.06006729644220058,-0.9999438172436921,0.9987998008728028
14,1,12,-0.08126751871591843,-0.9999438172436921,0.9985640048980712
14,1,13,0.10953448174754224,-0.4699382604007457,0.5174798965454102
14,1,14,-0.04593381492638868,-0.434604556611216,0.6068675518035889
14,1,15,0.3144699637268148,-0.717274186927454,0.593192994594574
14,1,16,0.3144699637268148,-0.7455411499590778,0.6921976208686829
14,1,17,0.42753781585331,-0.7950083352644195,0.5954100489616394
14,1,18,0.40633759357959215,-0.8303420390539492,0.6793612837791443
14,1,19,0.40633759357959215,-0.865675742843479,0.5936675667762756
14,1,20,0.37100388979006244,-0.9151429281488206,0.673755407333374
14,1,21,0.35687040827425054,-0.8374087798118551,0.5804300308227539
14,1,22,0.34273692675843864,-0.9010094466330087,0.6560366749763489
14,1,23,0.06713403720010654,-0.010600111136858926,0.9942965507507324
14,1,24,-0.06713403720010654,0.010600111136858926,0.9942592978477478
14,1,25,0.06006729644220058,0.8303420390539492,0.6352152824401855
14,1,26,-0.03886707416848273,0.858609002085573,0.701764702796936
14,1,27,-0.2155355931161315,1.6359504854552276,0.683093786239624
14,1,28,-0.2438025561477553,1.6783509300026633,0.7106560468673706
14,1,29,-0.3144699637268148,1.7631518190975348,0.6721312403678894
14,1,30,-0.34980366751634456,1.7772853006133467,0.7002068161964417
14,1,31,0.04593381492638868,1.8903531527398418,0.7368643879890442
14,1,32,-0.017666851894764878,1.9468870788030894,0.7449436783790588
14,2,0,-0.18767794809401542,-1.3031223565773147,0.9988829493522644
14,2,1,-0.14518482777084213,-1.3810264105031322,0.998660445213318
14,2,2,-0.12393826760925547,-1.3810264105031322,0.9985937476158142
14,2,3,-0.10269170744766881,-1.3881085972236613,0.9989191889762878
14,2,4,-0.18059576137348654,-1.3881085972236613,0.998727321624756
14,2,5,-0.18767794809401542,-1.3951907839441902,0.998511791229248
14,2,6,-0.18767794809401542,-1.3951907839441902,0.9987943768501282
14,2,7,-0.09560952072713993,-1.3668620370620745,0.9981659054756165
14,2,8,-0.18059576137348654,-1.3739442237826034,0.9985791444778442
14,2,9,-0.13810264105031322,-1.225218302651497,0.9983438849449158
14,2,10,-0.18059576137348654,-1.225218302651497,0.9984332919120787
14,2,11,0.07436296056555328,-0.9985883275945726,0.9988664388656616
14,2,12,-0.18059576137348654,-0.9985883275945726,0.99834406375885
14,2,13,-0.010623280080793326,-0.45325995011384856,0.5634872317314148
14,2,14,-0.22308888169665983,-0.4320133899522619,0.5544377565383911
14,2,15,-0.35056824266617975,-0.7153008587734173,0.6222350001335144
14,2,16,-0.30807512234300644,-0.7223830454939462,0.6391791105270386
14,2,17,-0.456801043474113,-0.8002870994197638,0.6162029504776001
14,2,18,-0.39306136298935307,-0.7790405392581772,0.6297401785850525
14,2,19,-0.43555448331252633,-0.8711089666250527,0.6135454773902893
14,2,20,-0.39306136298935307,-0.8781911533455816,0.6240599751472473
14,2,21,-0.4001435497098819,-0.849862406463466,0.5978535413742065
14,2,22,-0.34348605594565085,-0.8781911533455816,0.608788013458252
14,2,23,0.1097738941681977,-0.014164373441057768,0.9945281744003296
14,2,24,-0.1097738941681977,0.014164373441057768,0.9944342374801636
14,2,25,-0.01770546680132221,0.8286158463018795,0.6678436398506165
14,2,26,-0.2018423215350732,0.8144514728608216,0.7022112607955933
14,2,27,0.21600669497613095,1.6076563855600565,0.7097569108009338
14,2,28,0.09560952072713993,1.5509988917958255,0.7144179344177246
14,2,29,0.34348605594565085,1.7422179332501053,0.6933037042617798
14,2,30,0.22308888169665983,1.6926426262064032,0.7012773156166077
14,2,31,-0.03895202696290886,1.8413685473375099,0.7572476267814636
14,2,32,-0.13810264105031322,1.820121987175923,0.7477433085441589
15,1,0,0.20273648711088055,-1.300309882849096,0.9988035559654236
15,1,1,0.1677819203676253,-1.3772099296842575,0.998662769794464
15,1,2,0.16079100701897422,-1.3772099296842575,0.998589813709259
15,1,3,0.15380009367032318,-1.3842008430329087,0.9989008903503418
15,1,4,0.16079100701897422,-1.3842008430329087,0.9987112879753112
15,1,5,0.15380009367032318,-1.3842008430329087,0.9984995126724244
15,1,6,0.13981826697302108,-1.3911917563815597,0.9987749457359314
15,1,7,0.09787278688111475,-1.3632281029869555,0.9981423616409302
15,1,8,0.04194548009190632,-1.3702190163356065,0.9986348152160645
15,1,9,0.1677819203676253,-1.2234098360139343,0.9982357621192932
15,1,10,0.16079100701897422,-1.2234098360139343,0.99837726354599
15,1,11,-0.04194548009190632,-0.9997006088571007,0.998850166797638
15,1,12,-0.006990913348651054,-0.9997006088571007,0.9984760284423828
15,1,13,-0.013981826697302108,-0.4614002810109695,0.5112999081611633
15,1,14,0.013981826697302108,-0.4054729742217611,0.5956921577453613
15,1,15,0.06291822013785948,-0.517327587800178,0.566706120967865
15,1,16,0.3006092739919953,-0.657145854773199,0.6649670004844666
15,1,17,0.11185461357841686,-0.41945480091906323,0.5639664530754089
15,1,18,0.41246388757041214,-0.7060822482137564,0.6534576416015625
15,1,19,0.12583644027571897,-0.5802458079380375,0.561938464641571
15,1,20,0.3845002341758079,-0.7690004683516158,0.6481473445892334
15,1,21,0.05592730678920843,-0.5383003278461311,0.5486007332801819
15,1,22,0.34954566743255266,-0.7690004683516158,0.631744384765625
15,1,23,-0.05592730678920843,-0.006990913348651054,0.9945824146270752
15,1,24,0.05592730678920843,0.006990913348651054,0.9943984746932985
15,1,25,-0.04194548009190632,0.8109459484435222,0.631374180316925
15,1,26,-0.03495456674325527,0.8389096018381265,0.7113169431686401
15,1,27,-0.2376910538541358,1.5939282434924402,0.6856021881103516
15,1,28,-0.25167288055143794,1.6498555502816485,0.7215514779090881
15,1,29,-0.3425547540839016,1.712773770419508,0.6787139177322388
15,1,30,-0.3635274941298548,1.7477283371627634,0.7074432969093323
15,1,31,0.027963653394604215,1.831619297346576,0.7406057715415955
15,1,32,0.04194548009190632,1.8945375174844354,0.7540593147277832
15,2,0,-0.22032688109688806,-1.3006393303461457,0.998901665210724
15,2,1,-0.1705756498814617,-1.3859271552868764,0.9987812638282776
15,2,2,-0.1563610123913399,-1.3930344740319374,0.998713493347168
15,2,3,-0.1350390561561572,-1.3930344740319374,0.9989976286888124
15,2,4,-0.19900492486170535,-1.3930344740319374,0.9988171458244324
15,2,5,-0.19900492486170535,-1.3930344740319374,0.9986181259155272
15,2,6,-0.19900492486170535,-1.3930344740319374,0.998871684074402
15,2,7,-0.07818050619566995,-1.3717125177967546,0.9983190298080444
15,2,8,-0.1421463749012181,-1.3788198365418156,0.9987159371376038
15,2,9,-0.1634683311364008,-1.2295661428955365,0.9983910322189332
15,2,10,-0.19900492486170535,-1.2295661428955365,0.9984850883483888
15,2,11,0.049751231215426336,-1.0021319430535875,0.9989434480667114
15,2,12,-0.1563610123913399,-0.9950246243085267,0.9984184503555298
15,2,13,-0.03553659372530452,-0.4193318059585934,0.5587359070777893
15,2,14,-0.1705756498814617,-0.4122244872135325,0.5450842976570129
15,2,15,-0.37668789348822795,-0.5828001370949942,0.6030793190002441
15,2,16,-0.31982934352774073,-0.5330489058795679,0.6177158355712891
15,2,17,-0.47619035591908065,-0.5614781808598115,0.5950104594230652
15,2,18,-0.4335464434487152,-0.597014774585116,0.611027181148529
15,2,19,-0.4690830371740197,-0.675195280780786,0.5926613807678223
15,2,20,-0.4264391247036543,-0.6396586870554815,0.6060377359390259
15,2,21,-0.4335464434487152,-0.6467660058005423,0.5776306390762329
15,2,22,-0.3837952122332889,-0.6396586870554815,0.592069149017334
15,2,23,0.07818050619566995,-0.007107318745060905,0.9948058128356934
15,2,24,-0.07818050619566995,0.007107318745060905,0.994494080543518
15,2,25,-0.03553659372530452,0.8386636119171867,0.6625980734825134
15,2,26,-0.1421463749012181,0.8102343369369431,0.6916086673736572
15,2,27,0.20611224360676625,1.6204686738738863,0.7099252939224243
15,2,28,0.12082441866603538,1.5351808489331555,0.7108144164085388
15,2,29,0.3411512997629234,1.7484004112849827,0.698980450630188
15,2,30,0.24164883733207076,1.6702199050893127,0.7003049254417419
15,2,31,-0.06396586870554814,1.8550101924608962,0.7586914896965027
15,2,32,-0.09950246243085267,1.791044323755348,0.7479561567306519
16,1,0,0.19507932542258202,-1.3028512090722442,0.998564600944519
16,1,1,0.16721085036221317,-1.3864566342533509,0.9984705448150636
16,1,2,0.16024373159712094,-1.3864566342533509,0.9984134435653688
16,1,3,0.15327661283202873,-1.393423753018443,0.9987297058105468
16,1,4,0.15327661283202873,-1.3864566342533509,0.998486876487732
16,1,5,0.14630949406693652,-1.393423753018443,0.9982514381408693
16,1,6,0.13237525653675208,-1.393423753018443,0.9985524415969848
16,1,7,0.07663830641601437,-1.3725223967231663,0.9979893565177916
16,1,8,0.048769831355645506,-1.3794895154882587,0.9985167980194092
16,1,9,0.16024373159712094,-1.233180021421322,0.9978004097938538
16,1,10,0.14630949406693652,-1.233180021421322,0.9980627298355104
16,1,11,-0.02786847506036886,-1.003265102173279,0.9987804889678956
16,1,12,-0.01393423753018443,-0.9962979834081868,0.998527467250824
16,1,13,-0.05573695012073772,-0.42499424467062513,0.5071029663085938
16,1,14,0.0,-0.39712576961025625,0.58858722448349
16,1,15,-0.18114508789239758,-0.11147390024147544,0.5482667684555054
16,1,16,0.31352034442914967,-0.5922050950328382,0.6510466933250427
16,1,17,-0.26475051307350417,-0.02786847506036886,0.5430966019630432
16,1,18,0.40409288837534846,-0.6549091639186683,0.6436923742294312
16,1,19,-0.2299149192480431,-0.09753966271129101,0.5410288572311401
16,1,20,0.37622441331497963,-0.7036789952743138,0.6391119360923767
16,1,21,-0.23688203801313532,-0.09057254394619879,0.5280687808990479
16,1,22,0.34835593825461075,-0.6967118765092215,0.623969316482544
16,1,23,-0.02786847506036886,-0.006967118765092215,0.9945854544639589
16,1,24,0.02786847506036886,0.006967118765092215,0.9944141507148744
16,1,25,-0.006967118765092215,0.7803173016903281,0.6350529193878174
16,1,26,-0.04180271259055329,0.8360542518110659,0.6955830454826355
16,1,27,-0.2786847506036886,1.5676017221457483,0.6837441921234131
16,1,28,-0.26475051307350417,1.6303057910315784,0.7137419581413269
16,1,29,-0.38319153208007184,1.6930098599174084,0.6803213953971863
16,1,30,-0.37622441331497963,1.7417796912730539,0.701306164264679
16,1,31,-0.09057254394619879,1.7905495226286994,0.742055356502533
16,1,32,0.048769831355645506,1.8741549478098058,0.7510285973548889
16,2,0,-0.2478641763734992,-1.2986686424076295,0.9986832737922668
16,2,1,-0.19898955004633034,-1.3824537161113475,0.998604416847229
16,2,2,-0.18502537109571066,-1.3824537161113475,0.9985491037368774
16,2,3,-0.16407910266978115,-1.3894358055866574,0.99884033203125
16,2,4,-0.2269179079475697,-1.3824537161113475,0.9986082911491394
16,2,5,-0.2269179079475697,-1.3894358055866574,0.998383641242981
16,2,6,-0.2269179079475697,-1.3894358055866574,0.998662292957306
16,2,7,-0.08029402896606312,-1.368489537160728,0.9981791973114014
16,2,8,-0.1501149237191615,-1.3754716266360378,0.9985918998718262
16,2,9,-0.1920074605710205,-1.2288477476545312,0.9980005025863647
16,2,10,-0.2269179079475697,-1.2288477476545312,0.9982030987739564
16,2,11,0.024437313163584426,-0.9984387949693065,0.998881459236145
16,2,12,-0.1361507447685418,-0.9984387949693065,0.9984058737754822
16,2,13,0.03141940263889426,-0.4119432790432803,0.5551097393035889
16,2,14,-0.1570970131944713,-0.4049611895679705,0.5357071161270142
16,2,15,-0.38750596587969593,-0.1536059684568164,0.5865727066993713
16,2,16,-0.31070298165128774,-0.4957283527469984,0.5976570248603821
16,2,17,-0.5201656659105828,-0.12567761055557705,0.5756123661994934
16,2,18,-0.42241641325624507,-0.5027104422223082,0.5935949087142944
16,2,19,-0.5062014869599631,-0.20248059478398525,0.5730941295623779
16,2,20,-0.41543432378093526,-0.5795134264507165,0.5895171165466309
16,2,21,-0.47129103958341395,-0.1536059684568164,0.5583634376525879
16,2,22,-0.38052387640438606,-0.5864955159260262,0.5770251750946045
16,2,23,0.05934776054013361,-0.006982089475309836,0.9947094321250916
16,2,24,-0.05934776054013361,0.006982089475309836,0.9941458106040956
16,2,25,-0.03141940263889426,0.809922379135941,0.6636348366737366
16,2,26,-0.1570970131944713,0.809922379135941,0.6767033934593201
16,2,27,0.1570970131944713,1.5919164003706427,0.7050995230674744
16,2,28,0.10124029739199263,1.5639880424694033,0.6998944878578186
16,2,29,0.26182835532411886,1.7315581898768393,0.6991896629333496
16,2,30,0.1780432816204008,1.6966477425002902,0.6960653066635132
16,2,31,-0.10822238686730246,1.787414905679318,0.7554585337638855
16,2,32,-0.10822238686730246,1.7315581898768393,0.7382250428199768
17,1,0,0.1745102336714124,-1.2934287907410567,0.9985510110855104
17,1,1,0.14713607937001438,-1.3755512536452508,0.9985453486442566
17,1,2,0.14029254079466488,-1.3755512536452508,0.9984755516052246
17,1,3,0.13344900221931535,-1.3823947922206001,0.998771905899048
17,1,4,0.14713607937001438,-1.3755512536452508,0.9985369443893432
17,1,5,0.13344900221931535,-1.3823947922206001,0.9982938170433044
17,1,6,0.12660546364396585,-1.3823947922206001,0.9985889196395874
17,1,7,0.06501361646582031,-1.3687077150699012,0.9980942606925964
17,1,8,0.04448300073977179,-1.3687077150699012,0.9985944032669068
17,1,9,0.14029254079466488,-1.2249934049875615,0.9977999329566956
17,1,10,0.13344900221931535,-1.2249934049875615,0.9980828166007996
17,1,11,-0.07870069361651932,-0.9991566320010279,0.9988635182380676
17,1,12,-0.0034217692876747532,-0.9991566320010279,0.998526692390442
17,1,13,-0.1813537722467619,-0.4174558530963199,0.5051380395889282
17,1,14,0.017108846438373765,-0.3900816987949218,0.5787721872329712
17,1,15,-0.22241500369885894,-0.2189932344111842,0.5352144241333008
17,1,16,0.2840068508770045,-0.540639547452611,0.6283968687057495
17,1,17,-0.22925854227420844,-0.16424492580838815,0.527825653553009
17,1,18,0.37981639093189756,-0.540639547452611,0.6223766207695007
17,1,19,-0.1881973108221114,-0.21214969583583468,0.5256375670433044
17,1,20,0.35244223663049956,-0.6364490875075041,0.6185398697853088
17,1,21,-0.1950408493974609,-0.2258367729865337,0.5126718878746033
17,1,22,0.32506808232910156,-0.622762010356805,0.6041718125343323
17,1,23,-0.08554423219186882,0.0,0.9948525428771972
17,1,24,0.08554423219186882,0.0,0.9943017959594728
17,1,25,-0.10607484791791734,0.7664763204391447,0.6384528875350952
17,1,26,-0.017108846438373765,0.8006940133158922,0.6829988956451416
17,1,27,-0.2840068508770045,1.553483256604338,0.6895605325698853
17,1,28,-0.2703197737263055,1.5877009494810854,0.7060938477516174
17,1,29,-0.3935034680825966,1.6835104895359785,0.6888595819473267
17,1,30,-0.3866599295072471,1.6971975666866774,0.6996206641197205
17,1,31,-0.07870069361651932,1.745102336714124,0.7442867159843445
17,1,32,0.01026530786302426,1.79985064531692,0.744407594203949
17,2,0,-0.2445427913587771,-1.288154985467361,0.9986602663993835
17,2,1,-0.2101001446885268,-1.3708173374759618,0.9986634254455566
17,2,2,-0.18943455668637663,-1.3777058668100117,0.9985957741737366
17,2,3,-0.1756574980182765,-1.3777058668100117,0.9988718032836914
17,2,4,-0.23076573269067696,-1.3777058668100117,0.9986386895179749
17,2,5,-0.23076573269067696,-1.3777058668100117,0.9984002113342284
17,2,6,-0.23076573269067696,-1.3845943961440619,0.9986761212348938
17,2,7,-0.08610661667562573,-1.3639288081419116,0.9982697367668152
17,2,8,-0.14810338068207626,-1.3708173374759618,0.9986312985420228
17,2,9,-0.18943455668637663,-1.2192696921268604,0.9979951977729796
17,2,10,-0.22387720335662692,-1.2192696921268604,0.9982067346572876
17,2,11,0.024109852669175206,-0.9988367534372585,0.9989557266235352
17,2,12,-0.12054926334587603,-0.9988367534372585,0.998383641242981
17,2,13,0.010332794001075089,-0.4064232307089535,0.5531109571456909
17,2,14,-0.12054926334587603,-0.3857576427068033,0.5245951414108276
17,2,15,-0.3892019073738283,-0.4202002893770536,0.5726780891418457
17,2,16,-0.29965102603117755,-0.4821970533835041,0.5730177164077759
17,2,17,-0.5063069060526794,-0.42708881871110366,0.5588223934173584
17,2,18,-0.3892019073738283,-0.44775440671325384,0.5702530145645142
17,2,19,-0.4925298473845792,-0.4890855827175542,0.5561190843582153
17,2,20,-0.3823133780397783,-0.5235282293878045,0.5669414401054382
17,2,21,-0.4580872007143289,-0.49597411205160424,0.5409665703773499
17,2,22,-0.34787073136952795,-0.5304167587218546,0.5550359487533569
17,2,23,0.044775440671325384,0.0,0.9950053095817566
17,2,24,-0.044775440671325384,0.0,0.994105339050293
17,2,25,-0.044775440671325384,0.7990694027498069,0.6667046546936035
17,2,26,-0.13432632201397615,0.7852923440817067,0.6674702763557434
17,2,27,0.15499191001612633,1.5774732174974635,0.7109990119934082
17,2,28,0.09299514600967579,1.529253512159113,0.6959874629974365
17,2,29,0.25143132069282714,1.7152438041784646,0.7065513730049133
17,2,30,0.16876896868422644,1.6670240988401142,0.6958422064781189
17,2,31,-0.09299514600967579,1.763463509516815,0.7571415305137634
17,2,32,-0.11366073401182597,1.7083552748444146,0.7337198257446289
18,1,0,0.1883550598464324,-1.2979375942145068,0.9983769059181212
18,1,1,0.15410868532889924,-1.3801288930565865,0.9984610676765442
18,1,2,0.14041013552188597,-1.3801288930565865,0.9983572363853456
18,1,3,0.13356086061837932,-1.386978167960093,0.9986720681190492
18,1,4,0.16095796023240586,-1.3801288930565865,0.9984639286994934
18,1,5,0.15410868532889924,-1.3801288930565865,0.9981744289398192
18,1,6,0.1472594104253926,-1.386978167960093,0.9984957575798036
18,1,7,0.09931448610084617,-1.3801288930565865,0.9979669451713562
18,1,8,0.07876666139032627,-1.3732796181530798,0.9984775185585022
18,1,9,0.1472594104253926,-1.2294448451794406,0.9976344704627992
18,1,10,0.15410868532889924,-1.2294448451794406,0.997979462146759
18,1,11,-0.07876666139032627,-1.0034187733637216,0.9987934231758118
18,1,12,0.07191738648681964,-0.996569498460215,0.9985141754150392
18,1,13,-0.03767101196928648,-0.476024605793711,0.5063400864601135
18,1,14,0.058218836679806374,-0.4212304065656579,0.567306399345398
18,1,15,0.01027391235525995,-0.44862750617968444,0.5207343697547913
18,1,16,0.28424490849552525,-0.5787637293463105,0.6059454083442688
18,1,17,0.0856159362938329,-0.45547678108319106,0.5101068615913391
18,1,18,0.3801347571446181,-0.606160828960337,0.601897656917572
18,1,19,0.11986231081136607,-0.5102709803112441,0.5078152418136597
18,1,20,0.36643620733760485,-0.6678043030918966,0.5987329483032227
18,1,21,0.05136956177629974,-0.5239695301182574,0.4952026307582855
18,1,22,0.3321898328200717,-0.6678043030918966,0.5857264995574951
18,1,23,-0.03767101196928648,-0.003424637451753316,0.9943206906318665
18,1,24,0.03767101196928648,0.003424637451753316,0.9942493438720704
18,1,25,0.03767101196928648,0.6883521278024166,0.6248698234558105
18,1,26,-0.058218836679806374,0.791091251355016,0.6749863028526306
18,1,27,-0.19520433474993903,1.1814999208548942,0.665719747543335
18,1,28,-0.3321898328200717,1.5856071401617855,0.6998478174209595
18,1,29,-0.28424490849552525,1.2499926698899604,0.6738306283950806
18,1,30,-0.4212304065656579,1.7020448135213981,0.7017987370491028
18,1,31,-0.07876666139032627,1.3184854189250268,0.7173502445220947
18,1,32,-0.003424637451753316,1.743140462942438,0.7359611392021179
18,2,0,-0.17808114749117243,-1.2979375942145068,0.9984375834465028
18,2,1,-0.14383477297363928,-1.3801288930565865,0.9985401034355164
18,2,2,-0.12328694826311938,-1.3801288930565865,0.9984369277954102
18,2,3,-0.10958839845610611,-1.386978167960093,0.99874609708786
18,2,4,-0.1643825976841592,-1.3801288930565865,0.9984855651855468
18,2,5,-0.1643825976841592,-1.3801288930565865,0.998160183429718
18,2,6,-0.15753332278065255,-1.386978167960093,0.9984871745109558
18,2,7,-0.0205478247105199,-1.3732796181530798,0.9981061220169068
18,2,8,-0.08904057374558622,-1.3732796181530798,0.9983375668525696
18,2,9,-0.130136223166626,-1.2294448451794406,0.9977798461914062
18,2,10,-0.15753332278065255,-1.2294448451794406,0.9979438185691832
18,2,11,0.034246374517533165,-1.0034187733637216,0.998887300491333
18,2,12,-0.0410956494210398,-0.996569498460215,0.9980056285858154
18,2,13,0.1712318725876658,-0.476024605793711,0.5547857284545898
18,2,14,-0.0410956494210398,-0.4212304065656579,0.516217052936554
18,2,15,-0.1917796972981857,-0.5239695301182574,0.564678966999054
18,2,16,-0.26712172123675865,-0.5239695301182574,0.5548115968704224
18,2,17,-0.3150666455613051,-0.5376680799252707,0.5515729188919067
18,2,18,-0.36986084478935816,-0.5376680799252707,0.5533321499824524
18,2,19,-0.3150666455613051,-0.606160828960337,0.5488879680633545
18,2,20,-0.36301156988585154,-0.5924622791533237,0.5507170557975769
18,2,21,-0.28766954594727856,-0.606160828960337,0.5342836976051331
18,2,22,-0.3082173706577985,-0.5924622791533237,0.5396600961685181
18,2,23,0.013698549807013264,-0.003424637451753316,0.9942962527275084
18,2,24,-0.013698549807013264,0.003424637451753316,0.9928601980209352
18,2,25,0.034246374517533165,0.7020506776094299,0.6526661515235901
18,2,26,-0.034246374517533165,0.791091251355016,0.6568835973739624
18,2,27,0.21917679691221223,1.4691694668021726,0.68925541639328
18,2,28,0.15753332278065255,1.5719085903547723,0.6804310083389282
18,2,29,0.3424637451753316,1.5856071401617855,0.6955124139785767
18,2,30,0.26712172123675865,1.688346263714385,0.6917400360107422
18,2,31,-0.0821912988420796,1.5719085903547723,0.733697772026062
18,2,32,-0.08904057374558622,1.7362911880389313,0.7173551917076111
19,1,0,0.25768334859838865,-1.3093099874728935,0.9984642267227172
19,1,1,0.2367901041174382,-1.3928829653966952,0.9985912442207336
19,1,2,0.22982568929045472,-1.3998473802236788,0.9984786510467528
19,1,3,0.22286127446347126,-1.3998473802236788,0.998780071735382
19,1,4,0.22286127446347126,-1.3928829653966952,0.9985370635986328
19,1,5,0.21589685963648778,-1.3928829653966952,0.9982138872146606
19,1,6,0.2019680299825208,-1.3998473802236788,0.9985382556915284
19,1,7,0.1183950520587191,-1.3928829653966952,0.9981328845024108
19,1,8,0.09750180757776868,-1.3859185505697118,0.9984509944915771
19,1,9,0.22286127446347126,-1.2396658392030588,0.9978987574577332
19,1,10,0.2089324448095043,-1.2396658392030588,0.9980846047401428
19,1,11,0.055715318615867815,-1.0028757350856206,0.9989289045333862
19,1,12,0.013928829653966954,-0.9959113202586372,0.9981940984725952
19,1,13,0.09750180757776868,-0.5084022823697938,0.5042253732681274
19,1,14,-0.027857659307933907,-0.4178648896190086,0.5621317028999329
19,1,15,0.25768334859838865,-0.5571531861586781,0.5265191197395325
19,1,16,0.3203630820412399,-0.5501887713316946,0.5952175855636597
19,1,17,0.34125632652219035,-0.6267973344285129,0.5225293636322021
19,1,18,0.42482930444599204,-0.6198329196015294,0.5922308564186096
19,1,19,0.34125632652219035,-0.6894770678713642,0.5205531120300293
19,1,20,0.4039360599650416,-0.6964414826983476,0.5895090103149414
19,1,21,0.31339866721425647,-0.6476905789094634,0.507646381855011
19,1,22,0.3691139858301243,-0.6685838233904138,0.5769175291061401
19,1,23,0.06267973344285128,-0.006964414826983477,0.99443781375885
19,1,24,-0.06267973344285128,0.006964414826983477,0.9930756092071532
19,1,25,0.09750180757776868,0.7382279716602486,0.6154575347900391
19,1,26,-0.06267973344285128,0.8148365347570667,0.6650064587593079
19,1,27,-0.25071893377140514,1.504313602628431,0.6528068780899048
19,1,28,-0.3203630820412399,1.608779825033183,0.6794962286949158
19,1,29,-0.37607840065710774,1.6296730695141335,0.6655736565589905
19,1,30,-0.42482930444599204,1.7202104622649188,0.6863237619400024
19,1,31,-0.027857659307933907,1.650566313995084,0.7078254222869873
19,1,32,-0.027857659307933907,1.7619969512268197,0.7196824550628662
19,2,0,-0.16894944671468884,-1.3067722511197362,0.998510718345642
19,2,1,-0.11378228044050473,-1.3826271047467393,0.9986572265625
19,2,2,-0.0999904888719587,-1.3895230005310124,0.998547911643982
19,2,3,-0.07930280151913967,-1.3895230005310124,0.9988397359848022
19,2,4,-0.1482617593618698,-1.3826271047467393,0.9985520839691162
19,2,5,-0.1482617593618698,-1.3895230005310124,0.9982097744941713
19,2,6,-0.1482617593618698,-1.3895230005310124,0.998525321483612
19,2,7,-0.03792742681350158,-1.3826271047467393,0.9982722997665404
19,2,8,-0.07930280151913967,-1.3757312089624663,0.9983683824539183
19,2,9,-0.11378228044050473,-1.237813293277006,0.9980556964874268
19,2,10,-0.15515765514614283,-1.237813293277006,0.998118221759796
19,2,11,0.07930280151913967,-1.0033528366117235,0.9990230202674866
19,2,12,-0.10688638465623172,-0.9964569408274505,0.9980018138885498
19,2,13,0.27238788347878407,-0.4930565485755205,0.553303062915802
19,2,14,-0.17584534249896186,-0.4447852780856094,0.5151111483573914
19,2,15,0.03792742681350158,-0.5827031937710697,0.5720645785331726
19,2,16,-0.2930755708316031,-0.5482237148497047,0.5551375150680542
19,2,17,-0.21722071720459996,-0.6309744642609808,0.5662701725959778
19,2,18,-0.3827222160271523,-0.5827031937710697,0.5546947717666626
19,2,19,-0.237908404557419,-0.6999334221037109,0.5640671849250793
19,2,20,-0.3896181118114253,-0.6792457347508919,0.5523235201835632
19,2,21,-0.17584534249896186,-0.6792457347508919,0.5500436425209045
19,2,22,-0.35513863289006026,-0.6654539431823459,0.5411829352378845
19,2,23,0.08619869730341267,-0.0034479478921365073,0.9942710399627686
19,2,24,-0.08619869730341267,0.0034479478921365073,0.9915181994438172
19,2,25,0.01034384367640952,0.7344129010250761,0.6360501050949097
19,2,26,-0.14136586357759678,0.7757882757307141,0.6306191086769104
19,2,27,0.21032482142032694,1.4860655415108346,0.6663872003555298
19,2,28,0.17584534249896186,1.5274409162164726,0.6456776261329651
19,2,29,0.31376325818442213,1.617087561412022,0.679101288318634
19,2,30,0.251700196125965,1.6515670403333869,0.6710429191589355
19,2,31,-0.05861511416632062,1.644671144549114,0.7117182016372681
19,2,32,-0.07240690573486665,1.665358831901933,0.6854040622711182
20,1,0,0.299678717542086,-1.343265780982762,0.9985058903694152
20,1,1,0.2714736617734191,-1.420829684346596,0.9986333250999452
20,1,2,0.2714736617734191,-1.420829684346596,0.9985055923461914
20,1,3,0.2644223978312524,-1.4278809482887627,0.998818814754486
20,1,4,0.2503198699469189,-1.420829684346596,0.9985597729682922
20,1,5,0.23621734206258543,-1.420829684346596,0.9982169270515442
20,1,6,0.222114814178252,-1.4278809482887627,0.998547613620758
20,1,7,0.15865343869875143,-1.4137784204044292,0.9981378316879272
20,1,8,0.12339711898791776,-1.4067271564622625,0.9984266757965088
20,1,9,0.2644223978312524,-1.265701877618928,0.9979943633079528
20,1,10,0.2503198699469189,-1.2727531415610946,0.9981626272201538
20,1,11,0.12339711898791776,-0.9977538478165923,0.9989494681358336
20,1,12,0.010576895913250095,-0.9977538478165923,0.998171865940094
20,1,13,0.15865343869875143,-0.5041653718649212,0.5037071108818054
20,1,14,-0.04583321562408374,-0.43365273244325386,0.5614641308784485
20,1,15,0.3349350372529197,-0.5746780112865885,0.5331363081932068
20,1,16,0.3913451487902535,-0.6310881228239223,0.5956944227218628
20,1,17,0.3913451487902535,-0.6169855949395888,0.5336636304855347
20,1,18,0.5112166358070879,-0.7509596098407567,0.5934263467788696
20,1,19,0.4124989406167537,-0.6874982343612561,0.5314450860023499
20,1,20,0.49711410792275446,-0.8144209853202573,0.5907540917396545
20,1,21,0.37724262090592003,-0.6663444425347559,0.518123984336853
20,1,22,0.4618577882119208,-0.7932671934937571,0.5775688886642456
20,1,23,0.05288447956625047,-0.010576895913250095,0.99422949552536
20,1,24,-0.05288447956625047,0.010576895913250095,0.9916403889656068
20,1,25,0.1092945911035843,0.7580108737829234,0.6060283780097961
20,1,26,0.12339711898791776,0.8003184574359238,0.6590954065322876
20,1,27,-0.21506355023608525,1.4701885319417631,0.6506525278091431
20,1,28,-0.222114814178252,1.5195473795369303,0.667334794998169
20,1,29,-0.3419863011950864,1.5971112829007643,0.6622973084449768
20,1,30,-0.36314009302158656,1.6323676026115979,0.684084415435791
20,1,31,0.024679423797583554,1.6676239223224316,0.6999778151512146
20,1,32,0.03878195168191701,1.6958289780910984,0.7034376859664917
20,2,0,-0.130100350919323,-1.343198217599497,0.998559296131134
20,2,1,-0.024613579903655702,-1.4205551830109864,0.9986811876296996
20,2,2,-0.017581128502611218,-1.4205551830109864,0.9985587000846864
20,2,3,-0.05977583690887814,-1.4205551830109864,0.9988617300987244
20,2,4,-0.08790564251305609,-1.4205551830109864,0.9985675811767578
20,2,5,-0.08790564251305609,-1.4205551830109864,0.9982157349586488
20,2,6,-0.08790564251305609,-1.4205551830109864,0.9985329508781432
20,2,7,-0.09493809391410057,-1.4064902802088974,0.9982615113258362
20,2,8,-0.16526260792454545,-1.4064902802088974,0.9983218312263488
20,2,9,-0.05977583690887814,-1.2658412521880076,0.9981297850608826
20,2,10,-0.12306789951827853,-1.2658412521880076,0.9981315732002258
20,2,11,0.07384073971096711,-0.9986080989483171,0.9990434050559998
20,2,12,-0.17932751072663441,-0.9986080989483171,0.9981388449668884
20,2,13,0.27778183034125725,-0.4993040494741586,0.5530732870101929
20,2,14,-0.2566844761381238,-0.5063365008752031,0.5306828618049622
20,2,15,-0.12306789951827853,-0.5696285634846034,0.5791598558425903
20,2,16,-0.36920369855483554,-0.6540179802971373,0.5932442545890808
20,2,17,-0.13713280232036748,-0.5766610148856479,0.5786660313606262
20,2,18,-0.4395282125652804,-0.7243424943075821,0.5928125977516174
20,2,19,-0.10900299671618954,-0.6469855288960927,0.5764768719673157
20,2,20,-0.4606255667684139,-0.7876345569169825,0.5902583599090576
20,2,21,-0.13713280232036748,-0.6399530774950483,0.5632913708686829
20,2,22,-0.42546330976319147,-0.7735696541148935,0.5771316289901733
20,2,23,0.08790564251305609,-0.007032451401044487,0.9939736127853394
20,2,24,-0.08790564251305609,0.007032451401044487,0.9907922744750975
20,2,25,-0.12306789951827853,0.7595047513128046,0.6289815902709961
20,2,26,-0.16526260792454545,0.6962126887034042,0.6247119307518005
20,2,27,0.1863599621276789,1.4486849886151643,0.6630155444145203
20,2,28,0.130100350919323,1.4346200858130753,0.6274455189704895
20,2,29,0.31294408734647966,1.575269113833965,0.6788023710250854
20,2,30,0.23558712193499032,1.5541717596308315,0.663815438747406
20,2,31,-0.09493809391410057,1.6244962736412765,0.7053273320198059
20,2,32,-0.12306789951827853,1.617463822240232,0.6651512980461121
21,1,0,0.34460716174824874,-1.3397482512865588,0.9985709190368652
21,1,1,0.3164759648708407,-1.410076243480079,0.998638391494751
21,1,2,0.30944316565148866,-1.417109042699431,0.99851393699646
21,1,3,0.29537756721278463,-1.417109042699431,0.9988328218460084
21,1,4,0.30241036643213665,-1.410076243480079,0.9985793232917786
21,1,5,0.2883447679934326,-1.417109042699431,0.9982351064682008
21,1,6,0.2742791695547286,-1.417109042699431,0.99855774641037
21,1,7,0.20395117736120844,-1.4030434442607271,0.9981571435928344
21,1,8,0.16175438204509635,-1.4030434442607271,0.9983726739883424
21,1,9,0.3164759648708407,-1.2553546606543347,0.9980406761169434
21,1,10,0.29537756721278463,-1.2623874598736868,0.9981790781021118
21,1,11,0.15472158282574433,-0.9951410895383102,0.9990206956863404
21,1,12,0.04219679531611209,-0.9951410895383102,0.9982991814613342
21,1,13,0.16878718126444836,-0.48877954574496507,0.505219042301178
21,1,14,-0.08439359063222418,-0.48877954574496507,0.576239287853241
21,1,15,0.2813119687740806,-0.43954995120950097,0.5359460711479187
21,1,16,0.35867276018695277,-0.6435011285707094,0.6314315795898438
21,1,17,0.3164759648708407,-0.4184515535514449,0.5398481488227844
21,1,18,0.5133943430126972,-0.7489931168609897,0.6297973990440369
21,1,19,0.35867276018695277,-0.48877954574496507,0.5378942489624023
21,1,20,0.5063615437933451,-0.8122883098351578,0.6272472143173218
21,1,21,0.3375743625288967,-0.4958123449643171,0.5253958702087402
21,1,22,0.464164748477233,-0.7841571129577497,0.6133051514625549
21,1,23,0.06329519297416814,-0.010549198829028023,0.99409818649292
21,1,24,-0.06329519297416814,0.010549198829028023,0.9912885427474976
21,1,25,0.021098397658056045,0.7208619199835816,0.6175966262817383
21,1,26,0.20395117736120844,0.7138291207642296,0.6566216349601746
21,1,27,-0.1828527797031524,1.374912247383319,0.666511058807373
21,1,28,-0.11252478750963224,1.388977845822023,0.6576547622680664
21,1,29,-0.3164759648708407,1.5015026333316552,0.679253101348877
21,1,30,-0.2391151734579685,1.4874370348929513,0.6873003840446472
21,1,31,-0.06329519297416814,1.5296338302090633,0.7060568332672119
21,1,32,0.16878718126444836,1.6140274208412875,0.6909233331680298
21,2,0,-0.18537293686723014,-1.336824063946371,0.9986191987991332
21,2,1,-0.12833511013885163,-1.422380804038939,0.9986616373062134
21,2,2,-0.114075653456757,-1.422380804038939,0.9985211491584778
21,2,3,-0.09981619677466237,-1.422380804038939,0.9988209009170532
21,2,4,-0.14972429516199356,-1.422380804038939,0.998583734035492
21,2,5,-0.13546483847989893,-1.422380804038939,0.9982422590255736
21,2,6,-0.12833511013885163,-1.422380804038939,0.9985488653182985
21,2,7,-0.12120538179780431,-1.400991619015797,0.9982468485832214
21,2,8,-0.1782432085261828,-1.400991619015797,0.9983003735542296
21,2,9,-0.14259456682094626,-1.2512673238538035,0.9981685876846312
21,2,10,-0.1639837518440882,-1.2583970521948507,0.9981997609138488
21,2,11,0.07842701175152043,-1.0017268319171475,0.9990613460540771
21,2,12,-0.19963239354932474,-0.9945971035761001,0.9984228014945984
21,2,13,0.21389185023141938,-0.4741269346796463,0.5530819296836853
21,2,14,-0.3564864170523656,-0.48838639136174095,0.5582656264305115
21,2,15,-0.15685402350304087,-0.466997206338599,0.5779616236686707
21,2,16,-0.46343234216807533,-0.6880187849110657,0.6363325715065002
21,2,17,-0.14259456682094626,-0.4242188362923151,0.5766767263412476
21,2,18,-0.548989082260643,-0.7735755250036335,0.6327913999557495
21,2,19,-0.08555674009256775,-0.49551611970278825,0.573837161064148
21,2,20,-0.5561188106016904,-0.80922416670887,0.6293506026268005
21,2,21,-0.12120538179780431,-0.5026458480438355,0.5591662526130676
21,2,22,-0.5133404405554065,-0.7878349816857281,0.614602267742157
21,2,23,0.09981619677466237,-0.010694592511570969,0.9942002892494202
21,2,24,-0.09981619677466237,0.010694592511570969,0.991954505443573
21,2,25,-0.09981619677466237,0.581072859795356,0.6380349397659302
21,2,26,-0.09268646843361507,0.7379268832983968,0.6708585023880005
21,2,27,0.15685402350304087,0.4598674779975517,0.6187567114830017
21,2,28,0.06416755506942581,1.3938618906747495,0.6644488573074341
21,2,29,0.21389185023141938,0.4099593796102205,0.6518257856369019
21,2,30,0.1782432085261828,1.5079375441315066,0.7021493315696716
21,2,31,0.18537293686723014,0.5668134031132613,0.6602357029914856
21,2,32,-0.14259456682094626,1.5934942842240745,0.689315676689148
22,1,0,0.33427623902383774,-1.3299926956905885,0.9986741542816162
22,1,1,0.30582719740478775,-1.4153398205477385,0.9986743927001952
22,1,2,0.2987149370000252,-1.4153398205477385,0.9985409379005432
22,1,3,0.2987149370000252,-1.4153398205477385,0.9988391995429992
22,1,4,0.29160267659526273,-1.4153398205477385,0.9986338019371032
22,1,5,0.2844904161905002,-1.4153398205477385,0.9983102679252625
22,1,6,0.27026589538097523,-1.4224520809525012,0.9986128807067872
22,1,7,0.20625555173811266,-1.4011152997382137,0.9982260465621948
22,1,8,0.17069424971430014,-1.4011152997382137,0.9983839392662048
22,1,9,0.2987149370000252,-1.251757831238201,0.9981722235679626
22,1,10,0.2844904161905002,-1.2588700916429634,0.9982982277870178
22,1,11,0.1493574685000126,-0.9957164566667508,0.9990310668945312
22,1,12,0.035561302023812524,-0.9957164566667508,0.9985604882240297
22,1,13,0.11379616647620008,-0.4836337075238504,0.5061152577400208
22,1,14,-0.09957164566667508,-0.4765214471190879,0.6015233397483826
22,1,15,0.29160267659526273,-0.43384788469051283,0.5412910580635071
22,1,16,0.34850075983336276,-0.6827769988572006,0.6709072589874268
22,1,17,0.34850075983336276,-0.3982865826667003,0.5460646748542786
22,1,18,0.4978582283333754,-0.7681241237143506,0.6665644645690918
22,1,19,0.36983754104765026,-0.45518466590480033,0.5434926748275757
22,1,20,0.5049704887381379,-0.8179099465476881,0.6632226705551147
22,1,21,0.34850075983336276,-0.46940918671432535,0.5286810994148254
22,1,22,0.45518466590480033,-0.7894609049286381,0.648202121257782
22,1,23,0.04978582283333754,-0.01422452080952501,0.9943316578865052
22,1,24,-0.04978582283333754,0.01422452080952501,0.9923770427703856
22,1,25,0.15646972890477512,0.6258789156191005,0.6319518089294434
22,1,26,0.2489291141666877,0.7325628216905381,0.700229287147522
22,1,27,-0.19203103092858764,1.1450739251667634,0.6292470693588257
22,1,28,-0.10668390607143759,1.3868907789286886,0.6911166310310364
22,1,29,-0.32716397861907526,1.2730946124524884,0.6541675329208374
22,1,30,-0.21336781214287517,1.479350164190601,0.7201004028320312
22,1,31,-0.01422452080952501,1.265982352047726,0.6688846945762634
22,1,32,0.1280206872857251,1.6002585910715637,0.7129451632499695
22,2,0,-0.21698009946773864,-1.3416602817088505,0.9987125396728516
22,2,1,-0.17358407957419092,-1.4284523214959461,0.998687982559204
22,2,2,-0.15188606962741705,-1.4284523214959461,0.9985358715057372
22,2,3,-0.13742072966290114,-1.4284523214959461,0.998813807964325
22,2,4,-0.19528208952096476,-1.4284523214959461,0.9986346960067748
22,2,5,-0.19528208952096476,-1.4284523214959461,0.9983136653900146
22,2,6,-0.18804941953870682,-1.4284523214959461,0.998602032661438
22,2,7,-0.11572271971612727,-1.4067543115491723,0.998303234577179
22,2,8,-0.17358407957419092,-1.4067543115491723,0.998299777507782
22,2,9,-0.17358407957419092,-1.2548682419217552,0.998277485370636
22,2,10,-0.19528208952096476,-1.2621009119040132,0.9982836842536926
22,2,11,0.08679203978709546,-1.0017247925427266,0.999060332775116
22,2,12,-0.2097474294854807,-0.9944921225604688,0.9986588954925536
22,2,13,0.20251475950322273,-0.45204187389112216,0.5536103248596191
22,2,14,-0.34716815914838184,-0.4665072138556381,0.5771594643592834
22,2,15,-0.05062868987580568,-0.4303438639443483,0.58147794008255
22,2,16,-0.477356218829025,-0.6834873133233768,0.6695905923843384
22,2,17,-0.19528208952096476,-0.4086458539975744,0.5796869993209839
22,2,18,-0.5641482586161205,-0.7702793531104721,0.6636745929718018
22,2,19,-0.19528208952096476,-0.47373988383789606,0.5760802030563354
22,2,20,-0.5713809285983784,-0.8064427030217619,0.6594791412353516
22,2,21,-0.16635140959193295,-0.48097255382015397,0.5586491227149963
22,2,22,-0.5207522387225727,-0.7847446930749881,0.6439919471740723
22,2,23,0.10125737975161136,-0.010849004973386932,0.9944637417793274
22,2,24,-0.10125737975161136,0.010849004973386932,0.9929841160774232
22,2,25,-0.08679203978709546,0.5677645936072494,0.6531223058700562
22,2,26,-0.10125737975161136,0.7413486731814404,0.7087661623954773
22,2,27,0.15911873960967501,0.4954378937846699,0.5918236374855042
22,2,28,0.06509402984032159,1.4284523214959461,0.6998223066329956
22,2,29,0.21698009946773864,0.45204187389112216,0.6363083124160767
22,2,30,0.18081674955644886,1.5369423712298154,0.7339819669723511
22,2,31,0.20251475950322273,0.6183932834830551,0.6340179443359375
22,2,32,-0.16635140959193295,1.6381997509814268,0.71372389793396
23,1,0,0.3090936535997105,-1.334722595089659,0.9986523985862732
23,1,1,0.2739693747815616,-1.4190208642532165,0.9985357522964478
23,1,2,0.2739693747815616,-1.4190208642532165,0.9983763098716736
23,1,3,0.2669445190179318,-1.4190208642532165,0.9986888766288756
23,1,4,0.2669445190179318,-1.4190208642532165,0.998547613620758
23,1,5,0.2528948074906722,-1.4190208642532165,0.9982054829597472
23,1,6,0.23884509596341266,-1.4190208642532165,0.998534381389618
23,1,7,0.1826462498543744,-1.397946296962327,0.9980438947677612
23,1,8,0.14049711527259567,-1.4049711527259567,0.99826318025589
23,1,9,0.28099423054519135,-1.2574491816897313,0.998142957687378
23,1,10,0.2669445190179318,-1.2574491816897313,0.9983118176460266
23,1,11,0.14752197103622547,-0.9975295184354294,0.998956859111786
23,1,12,-0.007024855763629784,-0.9975295184354294,0.9987478852272034
23,1,13,0.14049711527259567,-0.4776901919268253,0.5085313320159912
23,1,14,-0.1264474037453361,-0.4355410573450466,0.6178273558616638
23,1,15,0.3442179324178594,-0.4355410573450466,0.5429152250289917
23,1,16,0.32314336512697006,-0.5479387495631232,0.698667049407959
23,1,17,0.4425659131086764,-0.4214913458177871,0.5453301668167114
23,1,18,0.45661562463593597,-0.5971127399085316,0.6912104487419128
23,1,19,0.4495907688723062,-0.4987647592177147,0.5426691174507141
23,1,20,0.4776901919268253,-0.7305849994174975,0.6870284080505371
23,1,21,0.41446649005415725,-0.5057896149813444,0.5265311598777771
23,1,22,0.4355410573450466,-0.7095104321266082,0.6700392961502075
23,1,23,0.056198846109038275,-0.014049711527259569,0.9943015575408936
23,1,24,-0.056198846109038275,0.014049711527259569,0.9929858446121216
23,1,25,0.11942254798170633,0.6322370187266806,0.6315596699714661
23,1,26,0.1756213940907446,0.716535287890238,0.7271441221237183
23,1,27,-0.18967110561800418,1.2785237489806207,0.593411386013031
23,1,28,0.09834798069081697,1.369846873907808,0.7100822329521179
23,1,29,-0.32314336512697006,1.4049711527259567,0.6339024305343628
23,1,30,0.0,1.468194854598625,0.736195981502533
23,1,31,-0.014049711527259569,1.369846873907808,0.6345970034599304
23,1,32,0.23884509596341266,1.5735676910530716,0.7198452949523926
23,2,0,-0.24674472828068927,-1.3389530108172698,0.9987459182739258
23,2,1,-0.20320154093703824,-1.4187821876139635,0.9986353516578674
23,2,2,-0.18868714515582122,-1.4187821876139635,0.9984886646270752
23,2,3,-0.1669155514839957,-1.4260393855045719,0.9987714886665344
23,2,4,-0.22497313460886376,-1.4260393855045719,0.9986414313316344
23,2,5,-0.22497313460886376,-1.4260393855045719,0.9983331561088562
23,2,6,-0.22497313460886376,-1.4332965833951805,0.998633861541748
23,2,7,-0.10160077046851912,-1.4042677918327464,0.998199999332428
23,2,8,-0.13788675992156166,-1.4115249897233548,0.9983916878700256
23,2,9,-0.20320154093703824,-1.2591238340205761,0.9983002543449402
23,2,10,-0.23223033249947228,-1.2591238340205761,0.9984109997749328
23,2,11,0.07982917679669359,-0.9978647099586699,0.9990397691726683
23,2,12,-0.21045873882764674,-0.9978647099586699,0.9988136887550354
23,2,13,0.15965835359338718,-0.4390604723818148,0.5572398900985718
23,2,14,-0.29754511351494883,-0.4753464618348573,0.580862820148468
23,2,15,-0.23948753039008078,-0.46808926394424877,0.5872977375984192
23,2,16,-0.39914588398346795,-0.5479184407409424,0.6745424866676331
23,2,17,-0.39188868609285943,-0.4753464618348573,0.5878040790557861
23,2,18,-0.49348945656137855,-0.6132332217564189,0.6656989455223083
23,2,19,-0.39188868609285943,-0.5696900344127679,0.5850375294685364
23,2,20,-0.5152610502332041,-0.7220911901155466,0.6610931158065796
23,2,21,-0.3483454987492084,-0.5624328365221594,0.568961501121521
23,2,22,-0.45720346710833604,-0.6930623985531126,0.6453486680984497
23,2,23,0.07257197890608508,-0.0036285989453042544,0.9943124651908876
23,2,24,-0.07257197890608508,0.0036285989453042544,0.9930365681648254
23,2,25,-0.2612591240619063,0.6930623985531126,0.6671817302703857
23,2,26,-0.11611516624973614,0.7220911901155466,0.7037769556045532
23,2,27,-0.1669155514839957,1.3970105939421378,0.6271271705627441
23,2,28,0.0,1.3897533960515294,0.7024993896484375
23,2,29,-0.06531478101547658,1.498611364410657,0.6659669280052185
23,2,30,0.07257197890608508,1.5058685623012655,0.7409217953681946
23,2,31,-0.3483454987492084,1.5856977390979592,0.6614068150520325
23,2,32,-0.19594434304642971,1.556668947535525,0.7173089385032654
24,1,0,0.2905172302695599,-1.3392135736816297,0.9987028241157532
24,1,1,0.25508829974888186,-1.4171572208271215,0.9985755681991576
24,1,2,0.24800251364474626,-1.4171572208271215,0.9984261393547058
24,1,3,0.24091672754061066,-1.4171572208271215,0.998733401298523
24,1,4,0.24800251364474626,-1.4171572208271215,0.998606503009796
24,1,5,0.23383094143647504,-1.424243006931257,0.998291015625
24,1,6,0.22674515533233944,-1.424243006931257,0.9986244440078736
24,1,7,0.2054877970199326,-1.4029856486188503,0.998088002204895
24,1,8,0.16297308039511899,-1.4029856486188503,0.9984101057052612
24,1,9,0.2621740858530175,-1.2612699265361382,0.9982834458351136
24,1,10,0.24800251364474626,-1.2612699265361382,0.998468816280365
24,1,11,0.07794364714549168,-0.9990958406831206,0.9988855719566344
24,1,12,0.007085786104135607,-0.9990958406831206,0.998903512954712
24,1,13,-0.02834314441654243,-0.4676618828729501,0.5070783495903015
24,1,14,-0.09211521935376289,-0.43223295235227205,0.6198028922080994
24,1,15,0.24800251364474626,-0.4251471662481365,0.5355839729309082
24,1,16,0.3117745885819667,-0.4534903106646789,0.6955478191375732
24,1,17,0.34011773299850917,-0.3897182357274584,0.5389654040336609
24,1,18,0.4676618828729501,-0.4534903106646789,0.6843918561935425
24,1,19,0.40388980793572965,-0.48183345508122133,0.5367967486381531
24,1,20,0.4747476689770857,-0.5456055300184418,0.6795227527618408
24,1,21,0.361375091310916,-0.48183345508122133,0.5222828984260559
24,1,22,0.43223295235227205,-0.5526913161225774,0.6609723567962646
24,1,23,0.0,0.0,0.9935823678970336
24,1,24,0.0,0.0,0.993093192577362
24,1,25,-0.05668628883308486,0.7014928243094252,0.6377801299095154
24,1,26,0.21257358312406824,0.6731496798928828,0.7210959792137146
24,1,27,-0.396804021831594,1.4384145791395284,0.6260856986045837
24,1,28,0.32594616079023797,1.4738435096602063,0.7208511233329773
24,1,29,-0.4534903106646789,1.5376155845974269,0.6670851707458496
24,1,30,0.36846087741505157,1.6013876595346472,0.7561537623405457
24,1,31,-0.1913162248116614,1.5234440123891557,0.6610187888145447
24,1,32,0.6589781076846115,1.6297308039511897,0.7314432859420776
24,2,0,-0.2765208141165324,-1.3395099177333323,0.9988232851028442
24,2,1,-0.24060902007542428,-1.4113335058155485,0.9987106323242188
24,2,2,-0.22624430245898106,-1.4113335058155485,0.998576045036316
24,2,3,-0.2118795848425378,-1.41851586462377,0.998852550983429
24,2,4,-0.26215609650008914,-1.4113335058155485,0.9987379908561708
24,2,5,-0.25497373769186754,-1.41851586462377,0.9984538555145264
24,2,6,-0.25497373769186754,-1.4256982234319917,0.998754620552063
24,2,7,-0.11132656152743513,-1.404151147007327,0.9982757568359376
24,2,8,-0.15442071437676486,-1.404151147007327,0.9985599517822266
24,2,9,-0.23342666126720268,-1.2605039708428945,0.9984500408172609
24,2,10,-0.2477913788836459,-1.2605039708428945,0.9986096024513244
24,2,11,0.08977948510277026,-0.9947566949386945,0.9989896416664124
24,2,12,-0.2046972260343162,-1.0019390537469162,0.998967468738556
24,2,13,0.02513825582877567,-0.43453270789740805,0.5552577972412109
24,2,14,-0.23342666126720268,-0.4560797843220729,0.5659530758857727
24,2,15,-0.32679732577408377,-0.5063562959796243,0.5764760375022888
24,2,16,-0.3124326081576405,-0.4991739371714026,0.6392759084701538
24,2,17,-0.47044450193851617,-0.5207210135960675,0.5746585130691528
24,2,18,-0.4560797843220729,-0.5279033724042891,0.6313058733940125
24,2,19,-0.4488974255138513,-0.6069093192947269,0.5719273686408997
24,2,20,-0.47044450193851617,-0.6069093192947269,0.6266812682151794
24,2,21,-0.39862091385629994,-0.6069093192947269,0.5546464323997498
24,2,22,-0.39143855504807834,-0.5997269604865053,0.6104344129562378
24,2,23,0.07541476748632701,0.0035911794041108103,0.9939642548561096
24,2,24,-0.07541476748632701,-0.0035911794041108103,0.993327021598816
24,2,25,-0.30525024934941886,0.7361917778427162,0.6698928475379944
24,2,26,-0.08977948510277026,0.700279983801608,0.6873916983604431
24,2,27,-0.3770738374316351,1.5262512467470943,0.659134030342102
24,2,28,0.15442071437676486,1.41851586462377,0.7155903577804565
24,2,29,-0.3627091198151918,1.6411689876786404,0.6949180364608765
24,2,30,0.24060902007542428,1.5477983231717594,0.7548591494560242
24,2,31,-0.6859152661851647,1.6268042700621972,0.6894692778587341
24,2,32,-0.017955897020554053,1.5477983231717594,0.7310625314712524
25,1,0,0.2320805595878592,-1.3242243694130789,0.998854637145996
25,1,1,0.19112516671941346,-1.3924833575271551,0.9987488985061646
25,1,2,0.18429926790800583,-1.3993092563385627,0.9986194372177124
25,1,3,0.1774733690965982,-1.3993092563385627,0.998889982700348
25,1,4,0.19112516671941346,-1.3924833575271551,0.9987674355506896
25,1,5,0.18429926790800583,-1.3993092563385627,0.9984903335571288
25,1,6,0.1706474702851906,-1.3993092563385627,0.9987974166870116
25,1,7,0.10921438098252197,-1.3856574587157475,0.9982990622520448
25,1,8,0.10238848217111435,-1.3856574587157475,0.9986339807510376
25,1,9,0.2047769643422287,-1.2559653812990026,0.998504102230072
25,1,10,0.2047769643422287,-1.2559653812990026,0.9986907839775084
25,1,11,0.0,-0.996581226465513,0.9989525079727172
25,1,12,0.006825898811407623,-1.0034071252769206,0.9990522861480712
25,1,13,-0.10921438098252197,-0.4641611191757184,0.5063090324401855
25,1,14,-0.06825898811407623,-0.4436834227414955,0.6061755418777466
25,1,15,-0.034129494057038114,-0.3549467381931964,0.5243926048278809
25,1,16,0.27986185126771257,-0.5051165120441641,0.6603602170944214
25,1,17,-0.18429926790800583,-0.31399134532475065,0.5245854258537292
25,1,18,0.4027280298730498,-0.5119424108555717,0.649456262588501
25,1,19,-0.15699567266237532,-0.36177263700460405,0.5222986936569214
25,1,20,0.4095539286844574,-0.580201398969648,0.6449989080429077
25,1,21,-0.12286617860533722,-0.37542443462741926,0.5070533752441406
25,1,22,0.36859853581601165,-0.5870272977810556,0.6263223886489868
25,1,23,-0.02730359524563049,-0.006825898811407623,0.9939685463905334
25,1,24,0.02730359524563049,0.006825898811407623,0.99369215965271
25,1,25,-0.1160402797939296,0.6962416787635776,0.6515743136405945
25,1,26,0.1706474702851906,0.7030675775749852,0.7079444527626038
25,1,27,-0.3890762322502345,1.412961053961378,0.6687158346176147
25,1,28,0.3344690417589735,1.4539164468298238,0.7366380095481873
25,1,29,-0.45733522036431073,1.501697738509677,0.7037870287895203
25,1,30,0.3549467381931964,1.5836085242465685,0.7707820534706116
25,1,31,-0.22525466077645157,1.4812200420754542,0.6995486617088318
25,1,32,0.6552862858951318,1.576782625435161,0.7490049600601196
25,2,0,-0.2541333558559898,-1.3228859619900837,0.9989564418792723
25,2,1,-0.2193205673825665,-1.3994740966316148,0.9988630414009094
25,2,2,-0.2053954519931972,-1.3994740966316148,0.9987465143203736
25,2,3,-0.18450777890914324,-1.4064366543262996,0.998989462852478
25,2,4,-0.2471707981613051,-1.3994740966316148,0.9988792538642884
25,2,5,-0.2471707981613051,-1.4064366543262996,0.9986299872398376
25,2,6,-0.2471707981613051,-1.4064366543262996,0.9989070296287536
25,2,7,-0.09399452887824279,-1.3855489812422455,0.998463809490204
25,2,8,-0.15665754813040464,-1.3925115389369302,0.9987565279006958
25,2,9,-0.21235800968788185,-1.260222942737922,0.9986465573310852
25,2,10,-0.24020824046662045,-1.260222942737922,0.9988036155700684
25,2,11,0.08006941348887349,-0.9956457503399051,0.999043583869934
25,2,12,-0.1636201058250893,-1.0026083080345898,0.9990909695625304
25,2,13,0.04525662501545023,-0.438641134765133,0.5544040203094482
25,2,14,-0.24020824046662045,-0.4804164809332409,0.5540635585784912
25,2,15,-0.3585717212762595,-0.4525662501545023,0.5659822821617126
25,2,16,-0.3794593943603135,-0.5013041540172949,0.6093736290931702
25,2,17,-0.5117479905593219,-0.4177534616810791,0.5609238743782043
25,2,18,-0.5187105482540065,-0.5221918271013488,0.6024290919303894
25,2,19,-0.5047854328646372,-0.4804164809332409,0.558175265789032
25,2,20,-0.49782287516995255,-0.5848548463535107,0.5984684228897095
25,2,21,-0.45604752900184464,-0.5082667117119796,0.5399842858314514
25,2,22,-0.44212241361247534,-0.59877996174288,0.5824056267738342
25,2,23,0.07310685579418884,0.006962557694684651,0.9939287304878236
25,2,24,-0.07310685579418884,-0.006962557694684651,0.993613064289093
25,2,25,-0.2959087020240977,0.7241060002472037,0.6807279586791992
25,2,26,-0.1079196442676121,0.7241060002472037,0.6785635352134705
25,2,27,-0.3933845097496828,1.4690996735784614,0.6958879232406616
25,2,28,0.1775452212144586,1.4133992120209842,0.7298262715339661
25,2,29,-0.48389775978058325,1.5735380389987312,0.7246965765953064
25,2,30,0.2471707981613051,1.538725250525308,0.7657470703125
25,2,31,-0.6440365867583302,1.5735380389987312,0.7219438552856445
25,2,32,-0.02436895193139628,1.5039124620518847,0.7449856400489807
26,1,0,0.2448144870901346,-1.3309632678421401,0.998955249786377
26,1,1,0.20343739068053437,-1.406821277926407,0.9988580346107484
26,1,2,0.196541207945601,-1.406821277926407,0.9987397193908693
26,1,3,0.18274884247573428,-1.4137174606613405,0.9989888072013856
26,1,4,0.20343739068053437,-1.406821277926407,0.9988675117492676
26,1,5,0.18964502521066764,-1.406821277926407,0.9986139535903932
26,1,6,0.18274884247573428,-1.4137174606613405,0.9989106059074402
26,1,7,0.09999464965653385,-1.3930289124565405,0.9984351396560668
26,1,8,0.10689083239146721,-1.3930289124565405,0.9987877011299132
26,1,9,0.2172297561504011,-1.2688976232277398,0.9986653327941896
26,1,10,0.2172297561504011,-1.2688976232277398,0.998849630355835
26,1,11,0.003448091367466684,-0.9930503138304051,0.9990150928497314
26,1,12,0.017240456837333423,-1.0068426793002718,0.9991639256477356
26,1,13,-0.051721370512000264,-0.44825187777066894,0.5080932974815369
26,1,14,-0.051721370512000264,-0.4689404259754691,0.5966324210166931
26,1,15,-0.010344274102400053,-0.42756332956586884,0.5164114832878113
26,1,16,0.2999839489696015,-0.5172137051200026,0.6401200294494629
26,1,17,0.07240991871680037,-0.38618623315626865,0.5137614607810974
26,1,18,0.43101142093333555,-0.5379022533248028,0.6306427121162415
26,1,19,0.16206029427093416,-0.4896289741802692,0.5113820433616638
26,1,20,0.4241152381984022,-0.6068640806741364,0.6266135573387146
26,1,21,0.07930610145173374,-0.4896289741802692,0.4955284595489502
26,1,22,0.3896343245237353,-0.6137602634090698,0.6093735694885254
26,1,23,-0.03103282230720016,0.0,0.9939038157463074
26,1,24,0.03103282230720016,0.0,0.9938907623291016
26,1,25,-0.09309846692160048,0.7447877353728038,0.6545400619506836
26,1,26,0.12068319786133395,0.7309953699029371,0.6954699754714966
26,1,27,-0.3896343245237353,1.4619907398058742,0.6938568353652954
26,1,28,0.3482572281141351,1.5102640189504077,0.7435730695724487
26,1,29,-0.4654923346080024,1.551641115360008,0.7250739932060242
26,1,30,0.34136104537920176,1.6412914909141416,0.7774052023887634
26,1,31,-0.2586068525600013,1.5447449326250746,0.7190715074539185
26,1,32,0.6516892684512033,1.6412914909141416,0.7554987072944641
26,2,0,-0.2629960509978334,-1.3360199390689935,0.9990389943122864
26,2,1,-0.22091668283818003,-1.4131654473616915,0.99894917011261
26,2,2,-0.19987699875835338,-1.4131654473616915,0.9988425970077516
26,2,3,-0.1788373146785267,-1.4131654473616915,0.9990682601928712
26,2,4,-0.2419563669180067,-1.4131654473616915,0.998958170413971
26,2,5,-0.2419563669180067,-1.4131654473616915,0.9987291097640992
26,2,6,-0.2419563669180067,-1.4201786753883003,0.9989968538284302
26,2,7,-0.09467857835922001,-1.3921257632818647,0.998577892780304
26,2,8,-0.15779763059870003,-1.3991389913084735,0.9988754987716676
26,2,9,-0.21390345481157116,-1.2658876588029047,0.9987871646881104
26,2,10,-0.2419563669180067,-1.2658876588029047,0.9989339113235474
26,2,11,0.09467857835922001,-0.992371765765158,0.9990966320037842
26,2,12,-0.16481085862530892,-1.0063982218183758,0.9991859197616576
26,2,13,0.09467857835922001,-0.4383267516630556,0.5564857125282288
26,2,14,-0.22792991086478892,-0.5084590319291445,0.5447940230369568
26,2,15,-0.3401415592905312,-0.417287067583229,0.5595682263374329
26,2,16,-0.354168015343749,-0.41027383955662006,0.586152970790863
26,2,17,-0.4874193478493179,-0.36819447139696676,0.5519024133682251
26,2,18,-0.480406119822709,-0.34715478731714006,0.5789315700531006
26,2,19,-0.49443257587592676,-0.43131352363644676,0.5489670038223267
26,2,20,-0.4663796637694912,-0.3822209274501845,0.5758038759231567
26,2,21,-0.44533997968966454,-0.45936643574288233,0.5309557318687439
26,2,22,-0.42430029560983784,-0.42430029560983784,0.5612519383430481
26,2,23,0.08766535033261112,-0.003506614013304445,0.9939680099487304
26,2,24,-0.08766535033261112,0.003506614013304445,0.9938696622848512
26,2,25,-0.2629960509978334,0.7609352408870645,0.6841322779655457
26,2,26,-0.1087050344124378,0.739895556807238,0.6664292812347412
26,2,27,-0.5365119440355801,1.5183638677608247,0.7153564095497131
26,2,28,0.1718240866519178,1.4482315874947358,0.7371068596839905
26,2,29,-0.41027383955662006,1.623562288159958,0.7401787638664246
26,2,30,0.2419563669180067,1.560443235920478,0.7733044624328613
26,2,31,-0.6487235924613224,1.623562288159958,0.7348370552062988
26,2,32,-0.045585982172957784,1.5323903238140426,0.7493669986724854
27,1,0,0.24913345665933753,-1.346012703340032,0.9990248084068298
27,1,1,0.20069084008668855,-1.415216441300959,0.9989390969276428
27,1,2,0.18685009249450313,-1.415216441300959,0.9988299012184144
27,1,3,0.17992971869841043,-1.4221368150970517,0.999062716960907
27,1,4,0.19377046629059586,-1.415216441300959,0.998940646648407
27,1,5,0.18685009249450313,-1.415216441300959,0.9987092614173888
27,1,6,0.17300934490231773,-1.415216441300959,0.998997926712036
27,1,7,0.10380560694139063,-1.3944553199126808,0.9985381960868835
27,1,8,0.09688523314529793,-1.3944553199126808,0.9988946318626404
27,1,9,0.21453158767887398,-1.2768089653791048,0.9987761378288268
27,1,10,0.20761121388278125,-1.2768089653791048,0.9989578127861024
27,1,11,0.006920373796092709,-0.9930736397393037,0.9990296959877014
27,1,12,-0.013840747592185417,-1.0069143873314892,0.9992473721504213
27,1,13,-0.06228336416483438,-0.4532844836440724,0.5087197422981262
27,1,14,-0.06920373796092709,-0.487886352624536,0.588140070438385
27,1,15,-0.1522482235140396,-0.31487700772221827,0.5087162256240845
27,1,16,0.2837353256398011,-0.439443736051887,0.6181148886680603
27,1,17,-0.24913345665933753,-0.23183252216910574,0.5031914710998535
27,1,18,0.4152224277655625,-0.3563992504987745,0.6082019209861755
27,1,19,-0.06920373796092709,-0.3010362601300328,0.5005359053611755
27,1,20,0.4152224277655625,-0.4325233622557943,0.6050392985343933
27,1,21,-0.0761241117570198,-0.32179738151831094,0.4847189784049988
27,1,22,0.37370018498900626,-0.4671252312362579,0.5887200236320496
27,1,23,-0.04152224277655625,-0.0034601868980463544,0.9940541982650756
27,1,24,0.04152224277655625,0.0034601868980463544,0.9941956996917723
27,1,25,-0.11764635453357605,0.7370198092838735,0.6609899401664734
27,1,26,0.19377046629059586,0.7162586878955953,0.6841766238212585
27,1,27,-0.42214280156165523,1.4567386840775152,0.7142540216445923
27,1,28,0.33217794221245,1.5190220482423495,0.7511244416236877
27,1,29,-0.47750579193039694,1.5605442910189058,0.7402039766311646
27,1,30,0.3667798111929136,1.6366684027759257,0.7838262915611267
27,1,31,-0.3667798111929136,1.5605442910189058,0.7331315279006958
27,1,32,0.6366743892405292,1.6435887765720183,0.7603916525840759
27,2,0,-0.2717981889673456,-1.3378118651769346,0.9991002082824708
27,2,1,-0.2223803364278282,-1.4154684905961763,0.9990206360816956
27,2,2,-0.2082609499879661,-1.4225281838161072,0.9989221692085266
27,2,3,-0.18708187032817292,-1.4225281838161072,0.9991337060928344
27,2,4,-0.25061910930755243,-1.4154684905961763,0.999021589756012
27,2,5,-0.25061910930755243,-1.4225281838161072,0.9988123774528505
27,2,6,-0.25061910930755243,-1.4225281838161072,0.9990738034248352
27,2,7,-0.09530585846906922,-1.394289410936383,0.9986687302589417
27,2,8,-0.1588430974484487,-1.4013491041563142,0.998970866203308
27,2,9,-0.2223803364278282,-1.2742746261975553,0.9988856315612792
27,2,10,-0.2576788025274835,-1.2742746261975553,0.9990274906158448
27,2,11,0.08824616524913817,-0.9918868974003131,0.999114155769348
27,2,12,-0.18002217710824187,-1.006006283840175,0.9992579817771912
27,2,13,0.10236555168900029,-0.4412308262456909,0.5571570992469788
27,2,14,-0.2364997228676903,-0.5047680652250703,0.5377538800239563
27,2,15,-0.37769358726631136,-0.32121604150686295,0.5543334484100342
27,2,16,-0.3706338940463803,-0.3847532804862424,0.5681491494178772
27,2,17,-0.5259471448848635,-0.25061910930755243,0.545674204826355
27,2,18,-0.4977083720051393,-0.32121604150686295,0.5608130693435669
27,2,19,-0.5259471448848635,-0.34945481438658715,0.5426304340362549
27,2,20,-0.49064867878520824,-0.3706338940463803,0.5584806799888611
27,2,21,-0.4694695991254151,-0.34945481438658715,0.5253740549087524
27,2,22,-0.4412308262456909,-0.39887266692610457,0.5448597073554993
27,2,23,0.07412677880927607,-0.003529846609965527,0.9941511750221252
27,2,24,-0.07412677880927607,0.003529846609965527,0.9940611124038696
27,2,25,-0.2859175754072077,0.7730364075824504,0.6887261867523193
27,2,26,-0.08118647202920712,0.7306782482628641,0.6520035862922668
27,2,27,-0.41299205336596667,1.5354832753350043,0.733211874961853
27,2,28,0.17296248388831081,1.4366475702559696,0.7370280623435974
27,2,29,-0.3565145076065182,1.634318980414039,0.7547450661659241
27,2,30,0.25061910930755243,1.5637220482147285,0.7753939032554626
27,2,31,-0.6671410092834846,1.634318980414039,0.7463943362236023
27,2,32,-0.04588800592955185,1.5213638888951422,0.7473487854003906
28,1,0,0.21160286315363633,-1.337876167035894,0.9990555047988892
28,1,1,0.16382157147378296,-1.412961053961378,0.9989227056503296
28,1,2,0.15699567266237532,-1.412961053961378,0.998811900615692
28,1,3,0.15016977385096772,-1.412961053961378,0.9990506768226624
28,1,4,0.16382157147378296,-1.412961053961378,0.9989470839500428
28,1,5,0.15016977385096772,-1.412961053961378,0.9987295269966124
28,1,6,0.13651797622815245,-1.412961053961378,0.999029576778412
28,1,7,0.07508488692548386,-1.3856574587157475,0.998449444770813
28,1,8,0.05460719049126098,-1.3856574587157475,0.9989336133003236
28,1,9,0.18429926790800583,-1.2696171789218178,0.9988346099853516
28,1,10,0.1774733690965982,-1.2696171789218178,0.9990285634994508
28,1,11,0.04095539286844574,-0.9829294288426977,0.9990234971046448
28,1,12,-0.047781291679853365,-1.0170589228997358,0.9993135333061218
28,1,13,0.02730359524563049,-0.45050932155290313,0.5075302720069885
28,1,14,-0.10921438098252197,-0.5051165120441641,0.5822997689247131
28,1,15,0.12286617860533722,-0.3549467381931964,0.506628692150116
28,1,16,0.30033954770193544,-0.525594208478387,0.6055751442909241
28,1,17,0.19795106553082106,-0.30033954770193544,0.5014029741287231
28,1,18,0.43685752393008787,-0.4982906132327565,0.5962607860565186
28,1,19,0.2047769643422287,-0.3822503334388269,0.4986547827720642
28,1,20,0.4436834227414955,-0.5870272977810556,0.593447744846344
28,1,21,0.19795106553082106,-0.37542443462741926,0.4831790030002594
28,1,22,0.3959021310616421,-0.6006790954038709,0.5778473019599915
28,1,23,-0.013651797622815246,0.0,0.9939693808555604
28,1,24,0.013651797622815246,0.0,0.9942083954811096
28,1,25,-0.1433438750395601,0.7371970716320233,0.6634065508842468
28,1,26,0.0887366845482991,0.7167193751978004,0.6737815141677856
28,1,27,-0.4095539286844574,1.4607423456412314,0.7334485650062561
28,1,28,0.2866877500791202,1.501697738509677,0.7511661052703857
28,1,29,-0.4982906132327565,1.5631308278123457,0.7563819289207458
28,1,30,0.2662100536448973,1.631389815926422,0.7855255007743835
28,1,31,-0.3890762322502345,1.5631308278123457,0.7474238276481628
28,1,32,0.5665496013468327,1.6109121194921991,0.7586867809295654
28,2,0,-0.3076786323585995,-1.3171411115576,0.9991249442100524
28,2,1,-0.26619387293946245,-1.400110630395874,0.9989951848983764
28,2,2,-0.25236561979975014,-1.4070247569657302,0.9988969564437866
28,2,3,-0.23162324009018162,-1.4070247569657302,0.9991174340248108
28,2,4,-0.2938503792188871,-1.400110630395874,0.9990196824073792
28,2,5,-0.2938503792188871,-1.4070247569657302,0.9988191723823548
28,2,6,-0.2938503792188871,-1.4070247569657302,0.9990911483764648
28,2,7,-0.14173959468205144,-1.3793682506863054,0.9985817074775696
28,2,8,-0.20396673381075694,-1.3862823772561617,0.9989824295043944
28,2,9,-0.25236561979975014,-1.2549139724288945,0.9989362955093384
28,2,10,-0.28693625264903094,-1.2549139724288945,0.9990816712379456
28,2,11,0.05185594927392126,-0.9921771627743601,0.9991180300712584
28,2,12,-0.2385373666600378,-0.9990912893442162,0.9993371963500975
28,2,13,0.09334070869305827,-0.4459611637557228,0.5564126968383789
28,2,14,-0.2938503792188871,-0.5012741763145722,0.5406656265258789
28,2,15,-0.33533513863802417,-0.27310799950931863,0.5548092126846313
28,2,16,-0.4459611637557228,-0.28693625264903094,0.5737683773040771
28,2,17,-0.452875290325579,-0.16939610096147611,0.5486885905265808
28,2,18,-0.5427589357337091,-0.15556784782176378,0.5642105937004089
28,2,19,-0.5081883028844283,-0.21779498695046928,0.5459436178207397
28,2,20,-0.5565871888734215,-0.17631022753133227,0.5626025199890137
28,2,21,-0.4597894168954352,-0.25927974636960627,0.5300278663635254
28,2,22,-0.5220165560241407,-0.22470911352032547,0.5500481724739075
28,2,23,0.07951245555334593,0.003457063284928084,0.9943397641181946
28,2,24,-0.07951245555334593,-0.003457063284928084,0.9943963289260864
28,2,25,-0.328421012068168,0.7501827328293942,0.6917041540145874
28,2,26,-0.13482546811219528,0.7225262265499696,0.65906822681427
28,2,27,-0.4044764043365858,1.5038225289437166,0.7549529075622559
28,2,28,0.1071689618327706,1.4139388835355864,0.7495431900024414
28,2,29,-0.36990577148730497,1.607534427491559,0.7704135179519653
28,2,30,0.1970526072409008,1.5383931617929973,0.78600013256073
28,2,31,-0.7017838468404011,1.6213626806312713,0.7650859951972961
28,2,32,-0.1279113415423391,1.5176507820834289,0.7585245966911316
29,1,0,0.16483073299124376,-1.3323817583458872,0.9991114735603333
29,1,1,0.12362304974343283,-1.4079291776335405,0.9989692568778992
29,1,2,0.11675510253546434,-1.4079291776335405,0.9988713264465332
29,1,3,0.10988715532749585,-1.414797124841509,0.9991023540496826
29,1,4,0.11675510253546434,-1.4079291776335405,0.9990012049674988
29,1,5,0.10301920811952736,-1.4079291776335405,0.9987956881523132
29,1,6,0.09615126091155887,-1.4079291776335405,0.9990799427032472
29,1,7,0.04120768324781094,-1.3873253360096351,0.9985520243644714
29,1,8,0.027471788831873963,-1.3873253360096351,0.9989590048789978
29,1,9,0.13049099695140132,-1.2637022862662022,0.9989033341407776
29,1,10,0.11675510253546434,-1.2637022862662022,0.9990695714950562
29,1,11,0.013735894415936981,-0.9889843979474626,0.9990426301956176
29,1,12,-0.08928331370359037,-1.009588239571368,0.9993725419044496
29,1,13,0.048075630455779436,-0.46702041014185736,0.5100761651992798
29,1,14,-0.11675510253546434,-0.5013601461816998,0.584995448589325
29,1,15,0.1373589441593698,-0.36400120202233,0.5096445083618164
29,1,16,0.30218967715061357,-0.5631716710534163,0.611702561378479
29,1,17,0.18543457461514926,-0.24037815227889717,0.5063039064407349
29,1,18,0.4395486213099834,-0.5700396182613847,0.6007660031318665
29,1,19,0.26784994111077115,-0.40520888527014093,0.5036086440086365
29,1,20,0.44641656851795186,-0.6455870375490381,0.5986481308937073
29,1,21,0.19917046903108623,-0.39147299085420395,0.4892183244228363
29,1,22,0.39834093806217247,-0.6455870375490381,0.5844784379005432
29,1,23,-0.03433973603984245,0.0,0.9942611455917358
29,1,24,0.03433973603984245,0.0,0.9944956302642822
29,1,25,-0.2129063634470232,0.7348703512526285,0.6752176880836487
29,1,26,0.1442268913673383,0.72800240404466,0.6825432777404785
29,1,27,-0.4944921989737313,1.5040804385450994,0.7533353567123413
29,1,28,0.20603841623905472,1.5315522273769733,0.7629759907722473
29,1,29,-0.5631716710534163,1.6208355410805637,0.7682915925979614
29,1,30,0.17169868019921225,1.6483073299124378,0.7948721051216125
29,1,31,-0.377737096438267,1.5796278578327527,0.7607547640800476
29,1,32,0.40520888527014093,1.6757791187443116,0.7676446437835693
29,2,0,-0.30564032000248825,-1.3371764000108861,0.9991856217384338
29,2,1,-0.25701572363845604,-1.4205328509206558,0.9990506768226624
29,2,2,-0.23617661091101366,-1.4205328509206558,0.99896502494812
29,2,3,-0.21533749818357129,-1.4274792218298031,0.9991761445999146
29,2,4,-0.2848012072750459,-1.4205328509206558,0.9990803003311156
29,2,5,-0.29174757818419333,-1.4205328509206558,0.998893976211548
29,2,6,-0.29174757818419333,-1.4274792218298031,0.9991504549980164
29,2,7,-0.11808830545550683,-1.3996937381932133,0.9986830949783324
29,2,8,-0.20144475636527637,-1.3996937381932133,0.9990258812904358
29,2,9,-0.2500693527293086,-1.2677126909194116,0.9990054965019226
29,2,10,-0.2848012072750459,-1.2677126909194116,0.9991411566734314
29,2,11,0.06251733818232715,-1.003750596371808,0.999136745929718
29,2,12,-0.22228386909271874,-0.9898578545535132,0.9994114637374878
29,2,13,0.10419556363721191,-0.4549872945491587,0.5588852763175964
29,2,14,-0.2986939490933408,-0.5036118909131909,0.5588715672492981
29,2,15,-0.21533749818357129,-0.1146151200009331,0.5582280158996582
29,2,16,-0.5209778181860596,-0.2049179418198501,0.6133047938346863
29,2,17,-0.3195330618207832,0.0034731854545737304,0.554635226726532
29,2,18,-0.618227010914124,-0.09377600727349072,0.60005784034729
29,2,19,-0.38205040000311036,-0.03820504000031103,0.5521177649497986
29,2,20,-0.6321197527324189,-0.10766874909178564,0.600158154964447
29,2,21,-0.361211287275668,-0.07293689454604833,0.5383691787719727
29,2,22,-0.5834951563683867,-0.13545423272837548,0.5875115990638733
29,2,23,0.07641008000062206,0.0034731854545737304,0.994698703289032
29,2,24,-0.07641008000062206,-0.0034731854545737304,0.9947698712348938
29,2,25,-0.3264794327299307,0.746734872733352,0.703656792640686
29,2,26,-0.10419556363721191,0.7328421309150571,0.6731148958206177
29,2,27,-0.4098358836397002,1.5177820436487202,0.774898111820221
29,2,28,0.09724919272806445,1.4274792218298031,0.7658307552337646
29,2,29,-0.361211287275668,1.6219776072859322,0.7841532230377197
29,2,30,0.18755201454698145,1.5316747854670152,0.7995107173919678
29,2,31,-0.6876907200055986,1.6219776072859322,0.779753565788269
29,2,32,-0.14587378909209667,1.5525138981944575,0.7736306190490723
30,1,0,0.13047330466489987,-1.3596691749289564,0.9990649819374084
30,1,1,0.09613822448992622,-1.4283393352789038,0.9988675117492676
30,1,2,0.08927120845493149,-1.4283393352789038,0.99878990650177
30,1,3,0.08927120845493149,-1.4283393352789038,0.9990463256835938
30,1,4,0.08240419241993675,-1.4283393352789038,0.9989153742790222
30,1,5,0.0686701603499473,-1.4283393352789038,0.9987110495567322
30,1,6,0.06180314431495257,-1.4283393352789038,0.9990110397338868
30,1,7,0.027468064139978918,-1.4008712711389248,0.9984698295593262
30,1,8,-0.006867016034994729,-1.4008712711389248,0.9987909197807312
30,1,9,0.10987225655991567,-1.2772649825090197,0.9987587332725524
30,1,10,0.09613822448992622,-1.2841319985440145,0.9989378452301024
30,1,11,0.013734032069989459,-1.0025843411092306,0.99886554479599
30,1,12,-0.09613822448992622,-0.9957173250742358,0.9993983507156372
30,1,13,0.08927120845493149,-0.47382410641463635,0.5128490924835205
30,1,14,-0.10987225655991567,-0.50815918658961,0.6015903353691101
30,1,15,0.14420733673488934,-0.24034556122481554,0.5096143484115601
30,1,16,0.33648378571474175,-0.6661005553944888,0.6479704976081848
30,1,17,0.1373403206998946,-0.14420733673488934,0.5076863169670105
30,1,18,0.4600900743446469,-0.7210366836744466,0.6339285969734192
30,1,19,0.1167392725949104,-0.21287749708483664,0.505188524723053
30,1,20,0.4600900743446469,-0.7828398279893992,0.6334965825080872
30,1,21,0.1373403206998946,-0.1854094329448577,0.4930406510829925
30,1,22,0.41888797813467854,-0.7553717638494203,0.6194769740104675
30,1,23,-0.013734032069989459,0.0,0.9943514466285706
30,1,24,0.013734032069989459,0.0,0.9946669340133668
30,1,25,-0.21974451311983134,0.7279036997094414,0.6832762956619263
30,1,26,0.14420733673488934,0.7485047478144256,0.6918565034866333
30,1,27,-0.4669570903796416,1.476408447523867,0.7684953212738037
30,1,28,0.1854094329448577,1.52447755976883,0.7767512798309326
30,1,29,-0.5493612827995784,1.5862807040837825,0.7789311408996582
30,1,30,0.1648083848398735,1.6343498163287458,0.8073337078094482
30,1,31,-0.33648378571474175,1.579413688048788,0.7728328108787537
30,1,32,0.4120209620996838,1.6618178804687247,0.7816992402076721
30,2,0,-0.28455074205018366,-1.3637614832405143,0.9991483688354492
30,2,1,-0.24290917004283968,-1.4331641032527542,0.9989675879478456
30,2,2,-0.22208838403916772,-1.4401043652539782,0.9988994002342224
30,2,3,-0.20126759803549574,-1.4401043652539782,0.999131679534912
30,2,4,-0.2567896940452877,-1.4401043652539782,0.9990105032920836
30,2,5,-0.2567896940452877,-1.4401043652539782,0.998826801776886
30,2,6,-0.24984943204406368,-1.4401043652539782,0.9990986585617064
30,2,7,-0.09022340601591189,-1.4123433172490822,0.9986139535903932
30,2,8,-0.1596260260281518,-1.4123433172490822,0.9988958835601808
30,2,9,-0.2359689080416157,-1.2804783392258263,0.9988771677017212
30,2,10,-0.2567896940452877,-1.2874186012270503,0.9990307688713074
30,2,11,0.10410393001835987,-1.0098081211780907,0.9989774823188782
30,2,12,-0.17350655003059978,-0.9889873351744187,0.999441921710968
30,2,13,0.18738707403304777,-0.4754079470838434,0.5612099170684814
30,2,14,-0.27067021804773567,-0.5031689950887394,0.58753502368927
30,2,15,0.027761048004895966,-0.10757406101897186,0.5579503774642944
30,2,16,-0.5205196500917993,-0.1630961570287638,0.6526181101799011
30,2,17,0.05552209600979193,0.03817144100673195,0.5554801225662231
30,2,18,-0.6038027941064872,-0.045111703007955944,0.6333329677581787
30,2,19,-0.09022340601591189,-0.01735065500305998,0.5530939698219299
30,2,20,-0.6107430561077112,-0.03817144100673195,0.6351228952407837
30,2,21,-0.0763428820134639,-0.05205196500917993,0.5411208868026733
30,2,22,-0.5691014841003673,-0.07287275101285191,0.623580276966095
30,2,23,0.05552209600979193,0.0034701310006119957,0.9947052001953124
30,2,24,-0.05552209600979193,-0.0034701310006119957,0.994812786579132
30,2,25,-0.27761048004895966,0.7460781651315791,0.7098069787025452
30,2,26,-0.0832831440146879,0.7321976411291311,0.6739892363548279
30,2,27,-0.3817144100673195,1.4956264612637702,0.7881770133972168
30,2,28,0.12492471602203184,1.4123433172490822,0.7653799057006836
30,2,29,-0.3261923140575276,1.606670653283354,0.7939867973327637
30,2,30,0.20126759803549574,1.516447247267442,0.8042222857475281
30,2,31,-0.6662651521175031,1.606670653283354,0.7894712090492249
30,2,32,-0.12492471602203184,1.516447247267442,0.7779840230941772
31,1,0,0.0955275389144299,-1.3510323360755088,0.9991000890731812
31,1,1,0.06823395636744993,-1.4192662924429587,0.9989138841629028
31,1,2,0.06823395636744993,-1.4192662924429587,0.99882709980011
31,1,3,0.07505735200419493,-1.4260896880797036,0.9990890026092528
31,1,4,0.05458716509395995,-1.4192662924429587,0.9989921450614928
31,1,5,0.04094037382046996,-1.4192662924429587,0.998801589012146
31,1,6,0.027293582546979975,-1.4192662924429587,0.9990909099578856
31,1,7,0.02047018691023498,-1.3919727098959787,0.9985613822937012
31,1,8,-0.034116978183724965,-1.3919727098959787,0.9988539814949036
31,1,9,0.08870414327768492,-1.2759749840713137,0.9987192749977112
31,1,10,0.06823395636744993,-1.2759749840713137,0.9989227652549744
31,1,11,0.034116978183724965,-1.016685949875004,0.9986290335655212
31,1,12,-0.08870414327768492,-0.9825689716912791,0.9993888139724731
31,1,13,0.13646791273489986,-0.5663418378498345,0.5177412629127502
31,1,14,-0.08188074764093992,-0.5117546727558745,0.6266313195228577
31,1,15,0.2934060123800347,-0.7642203113154392,0.5142068266868591
31,1,16,0.3002294080167797,-0.7710437069521843,0.6811007857322693
31,1,17,0.3821101556577196,-0.8461010589563792,0.5134177803993225
31,1,18,0.4162271338414446,-0.8597478502298692,0.6598262786865234
31,1,19,0.36846336438422966,-0.8665712458666142,0.5108783841133118
31,1,20,0.4162271338414446,-0.9143350153238291,0.6603589653968811
31,1,21,0.34799317747399466,-0.8461010589563792,0.5006524920463562
31,1,22,0.37528676002097466,-0.8802180371401042,0.6466662287712097
31,1,23,-0.013646791273489988,0.0,0.9942732453346252
31,1,24,0.013646791273489988,0.0,0.9946257472038268
31,1,25,-0.1978784734656048,0.7301033331317143,0.688133716583252
31,1,26,0.13646791273489986,0.7573969156786943,0.6928423047065735
31,1,27,-0.48446109020889455,1.4602066662634285,0.7808170318603516
31,1,28,0.17058489091862483,1.4943236444471535,0.7779878377914429
31,1,29,-0.5731652334865794,1.5693809964513485,0.7877799868583679
31,1,30,0.12282112146140989,1.5966745789983285,0.8125044107437134
31,1,31,-0.3957569469312096,1.5693809964513485,0.7823493480682373
31,1,32,0.3889335512944646,1.6376149528187984,0.7869073152542114
31,2,0,-0.3039728195134936,-1.3367895585422955,0.9991742968559264
31,2,1,-0.25561350731816507,-1.4196912365914303,0.9989997744560242
31,2,2,-0.2348880878058814,-1.4196912365914303,0.9989245533943176
31,2,3,-0.21416266829359776,-1.4265997097621914,0.99916273355484
31,2,4,-0.29015587317197117,-1.4196912365914303,0.9990714192390442
31,2,5,-0.29015587317197117,-1.4196912365914303,0.9988994002342224
31,2,6,-0.2970643463427324,-1.4265997097621914,0.9991613626480104
31,2,7,-0.11053557073217948,-1.3989658170791466,0.9986914396286012
31,2,8,-0.20725419512283652,-1.3989658170791466,0.9989425539970398
31,2,9,-0.25561350731816507,-1.2677048268346836,0.9988393783569336
31,2,10,-0.29015587317197117,-1.2677048268346836,0.9990118145942688
31,2,11,0.0829016780491346,-1.0189997926872796,0.9987636804580688
31,2,12,-0.2003457219520753,-0.9775489536627123,0.9994292855262756
31,2,13,0.2763389268304487,-0.5561320902462781,0.5656934976577759
31,2,14,-0.2625219804889263,-0.5008643048801883,0.6022898554801941
31,2,15,0.1519864097567468,-0.18307453902517226,0.5619950890541077
31,2,16,-0.5043185414655689,-0.21070843170821713,0.6857050657272339
31,2,17,0.17271182926903045,-0.03108812926842548,0.5604045987129211
31,2,18,-0.5872202195147035,-0.08635591463451522,0.6622160077095032
31,2,19,0.1934372487813141,-0.06563049512223157,0.5579475164413452
31,2,20,-0.6010371658562259,-0.09326438780527643,0.6648033857345581
31,2,21,0.20725419512283652,-0.10017286097603766,0.5478563904762268
31,2,22,-0.5595863268316587,-0.12089828048832131,0.652913510799408
31,2,23,0.06908473170761217,0.003454236585380609,0.9946723580360411
31,2,24,-0.06908473170761217,-0.003454236585380609,0.9948576092720032
31,2,25,-0.2832474000012099,0.7426608658568309,0.7165576219558716
31,2,26,-0.13126099024446314,0.7012100268322636,0.6766211986541748
31,2,27,-0.3592406048795833,1.481867495128281,0.7987649440765381
31,2,28,0.0829016780491346,1.412782763420669,0.7691795229911804
31,2,29,-0.2970643463427324,1.5924030658604607,0.802548885345459
31,2,30,0.1658033560982692,1.5233183341528485,0.8097270131111145
31,2,31,-0.6493964780515544,1.5854945926896995,0.7973291277885437
31,2,32,-0.13816946341522435,1.5025929146405648,0.7826076745986938
32,1,0,0.10533924730729072,-1.3354298126375888,0.9991362690925598
32,1,1,0.07815492542153828,-1.410186697823408,0.9989590048789978
32,1,2,0.07815492542153828,-1.410186697823408,0.9988660216331482
32,1,3,0.07815492542153828,-1.410186697823408,0.9991292357444764
32,1,4,0.06456276447866205,-1.410186697823408,0.9990610480308532
32,1,5,0.050970603535785836,-1.410186697823408,0.9988809823989868
32,1,6,0.03737844259290961,-1.410186697823408,0.9991546869277954
32,1,7,0.010194120707157167,-1.3830023759376555,0.998663365840912
32,1,8,-0.03737844259290961,-1.3830023759376555,0.9988962411880492
32,1,9,0.08495100589297638,-1.2674690079232078,0.9987006783485411
32,1,10,0.07135884495010017,-1.2674690079232078,0.9989146590232848
32,1,11,0.010194120707157167,-1.0228101109514358,0.9984183311462402
32,1,12,-0.09854316683585261,-0.9752375476513689,0.99936705827713
32,1,13,0.12572748872160505,-0.5878609607793966,0.5209783911705017
32,1,14,-0.0917470863644145,-0.5131040755935774,0.6394230723381042
32,1,15,0.30922166145043406,-0.7577629725653494,0.5184721946716309
32,1,16,0.2956295005075578,-0.7645590530367875,0.7102157473564148
32,1,17,0.3839785466362533,-0.8393159382226067,0.519028902053833
32,1,18,0.4043667880505676,-0.8461120186940448,0.6855483651161194
32,1,19,0.3907746271076914,-0.859704179636921,0.5165525078773499
32,1,20,0.4043667880505676,-0.8936845819941116,0.6868463158607483
32,1,21,0.37038638569337706,-0.8393159382226067,0.5081303119659424
32,1,22,0.37038638569337706,-0.8665002601083591,0.6721540689468384
32,1,23,-0.016990201178595277,-0.0033980402357190556,0.994400918483734
32,1,24,0.016990201178595277,0.0033980402357190556,0.994742214679718
32,1,25,-0.19368829343598618,0.7237825702081588,0.692060112953186
32,1,26,0.11213532777872884,0.7305786506795969,0.6950981020927429
32,1,27,-0.4587354318220725,1.4509631806520367,0.7901984453201294
32,1,28,0.1597078910787956,1.4645553415949129,0.7815480828285217
32,1,29,-0.5538805584222061,1.5529043877236084,0.7959221601486206
32,1,30,0.13252356919304317,1.5800887096093608,0.8172908425331116
32,1,31,-0.37038638569337706,1.5529043877236084,0.7902692556381226
32,1,32,0.3975707075791295,1.593680870552237,0.7908979654312134
32,2,0,-0.3017629658547255,-1.3270712248383951,0.9992040395736694
32,2,1,-0.2537552212869283,-1.4093702155260477,0.999036192893982
32,2,2,-0.2400387228389862,-1.4093702155260477,0.9989564418792723
32,2,3,-0.21260572594310206,-1.4093702155260477,0.9991960525512696
32,2,4,-0.28804646740678347,-1.4093702155260477,0.999129056930542
32,2,5,-0.28804646740678347,-1.4093702155260477,0.9989670515060424
32,2,6,-0.28804646740678347,-1.4093702155260477,0.9992151260375975
32,2,7,-0.11659023680750759,-1.3887954678541345,0.99878191947937
32,2,8,-0.20574747671913104,-1.3887954678541345,0.9989780187606812
32,2,9,-0.26061347051089934,-1.2584887325986849,0.99882173538208
32,2,10,-0.28804646740678347,-1.2584887325986849,0.9990017414093018
32,2,11,0.07544074146368138,-1.0184500097596987,0.998574197292328
32,2,12,-0.20574747671913104,-0.9773005144158724,0.9994096159934998
32,2,13,0.26747171973487033,-0.5726638102015814,0.5685911178588867
32,2,14,-0.26061347051089934,-0.5040813179618711,0.6137695908546448
32,2,15,0.16459798137530482,-0.1817436044352324,0.565820574760437
32,2,16,-0.5006521933498855,-0.20917660133111654,0.7110260128974915
32,2,17,0.22632222439104413,-0.024003872283898622,0.5654433369636536
32,2,18,-0.582951184037538,-0.09258636452360897,0.6844387054443359
32,2,19,0.15088148292736275,-0.058295118403753794,0.5630372762680054
32,2,20,-0.59666768248548,-0.09944461374758,0.6878129243850708
32,2,21,0.13030673525544967,-0.09944461374758,0.5545447468757629
32,2,22,-0.5623764363656248,-0.12687761064346414,0.6752544641494751
32,2,23,0.07544074146368138,0.0034291246119855174,0.9947824478149414
32,2,24,-0.07544074146368138,-0.0034291246119855174,0.9949480891227722
32,2,25,-0.2811882181828124,0.7304035423529152,0.7201533913612366
32,2,26,-0.1371649844794207,0.6823957977851179,0.6787452101707458
32,2,27,-0.35662895964649377,1.4642362093178158,0.807217538356781
32,2,28,0.07544074146368138,1.3887954678541345,0.7711952924728394
32,2,29,-0.29490471663075446,1.5739681969013524,0.809718906879425
32,2,30,0.16459798137530482,1.498527455437671,0.8128392696380615
32,2,31,-0.6378171778293062,1.5671099476773813,0.8043047785758972
32,2,32,-0.1371649844794207,1.477952707765758,0.7850829362869263
