frame,player_id,landmark_index,x_norm,y_norm,visibility
1,1,0,0.23450778276005776,-1.2832787001036494,0.9996544718742372
1,1,1,0.22147957260672121,-1.3549338559470003,0.9995527863502502
1,1,2,0.2279936776833895,-1.3614479610236687,0.9994949102401732
1,1,3,0.23450778276005776,-1.3614479610236687,0.9996303915977478
1,1,4,0.20193725737671642,-1.3614479610236687,0.9995368123054504
1,1,5,0.18890904722337987,-1.3614479610236687,0.9994459748268129
1,1,6,0.1823949421467116,-1.3679620661003369,0.9995461702346802
1,1,7,0.15633852184003852,-1.3419056457936638,0.9992559552192688
1,1,8,0.0911974710733558,-1.3484197508703322,0.9993484616279602
1,1,9,0.22147957260672121,-1.2181376493369667,0.9995359778404236
1,1,10,0.18890904722337987,-1.224651754413635,0.9994462132453918
1,1,11,0.11073978630336061,-0.983629866576909,0.9997662305831908
1,1,12,-0.1367962066100337,-1.0162003919602502,0.9996033310890198
1,1,13,0.20193725737671642,-0.5081001959801251,0.5599923133850098
1,1,14,-0.14982441676337024,-0.46250146044344725,0.5955566763877869
1,1,15,0.3647898842934232,-0.6644387178201636,0.6949385404586792
1,1,16,0.28662062337340394,-0.6318681924368224,0.6686540246009827
1,1,17,0.4494732502901107,-0.7426079787401829,0.6996759176254272
1,1,18,0.40387451475343283,-0.6709528228968319,0.6571444272994995
1,1,19,0.46250146044344725,-0.7816926092001926,0.7043695449829102
1,1,20,0.4169027249067694,-0.7426079787401829,0.6578484177589417
1,1,21,0.4103886198301011,-0.7556361888935195,0.6832762956619263
1,1,22,0.37130398937009146,-0.7295797685868464,0.6455768346786499
1,1,23,0.09771157615002407,0.0,0.9971329569816588
1,1,24,-0.09771157615002407,0.0,0.9971851110458374
1,1,25,0.08468336599668752,0.7230656635101781,0.6473854780197144
1,1,26,0.21496546753005294,0.7360938736635146,0.8638763427734375
1,1,27,-0.14331031168670197,1.4461313270203562,0.7539961338043213
1,1,28,0.384332199523428,1.5308146930170436,0.8946021795272827
1,1,29,-0.24102188783672604,1.5764134285537217,0.714533269405365
1,1,30,0.3322193589100818,1.635040374243736,0.8406270146369934
1,1,31,0.13028210153336542,1.5698993234770533,0.8038904666900635
1,1,32,0.7295797685868464,1.6415544793204044,0.8878028392791748
1,2,0,-0.26610642866679257,-1.3132525051088466,0.9996793866157532
1,2,1,-0.25228271808669944,-1.4031066238794518,0.9995831847190856
1,2,2,-0.23845900750660634,-1.4031066238794518,0.9995322227478028
1,2,3,-0.23154715221655978,-1.4100184791694983,0.9996552467346193
1,2,4,-0.27301828395683914,-1.4031066238794518,0.9995678067207336
1,2,5,-0.2799301392468857,-1.4031066238794518,0.9994850754737854
1,2,6,-0.2799301392468857,-1.4100184791694983,0.999574601650238
1,2,7,-0.20389973105637355,-1.382371058009312,0.9993184804916382
1,2,8,-0.26610642866679257,-1.3892829132993587,0.9993777871131896
1,2,9,-0.23845900750660634,-1.2372220969183343,0.999571681022644
1,2,10,-0.27301828395683914,-1.2372220969183343,0.9994747638702391
1,2,11,0.031103348805209523,-0.9953071617667048,0.9997856020927428
1,2,12,-0.2246352969265132,-0.9953071617667048,0.9996098279953004
1,2,13,0.14860488873600106,-0.44235873856297986,0.6036530137062073
1,2,14,-0.23154715221655978,-0.4700061597231661,0.5497416257858276
1,2,15,-0.12786932286586136,-0.10367782935069841,0.7238508462905884
1,2,16,-0.25228271808669944,-0.1589726716710709,0.6274046301841736
1,2,17,-0.19007602047628042,0.020735565870139683,0.7261263728141785
1,2,18,-0.25228271808669944,-0.0345592764502328,0.6161667704582214
1,2,19,-0.21772344163646665,-0.01382371058009312,0.730147659778595
1,2,20,-0.2246352969265132,-0.05529484232037248,0.6182317733764648
1,2,21,-0.2108115863464201,-0.048382987030325925,0.7087143063545227
1,2,22,-0.23154715221655978,-0.08985411877060528,0.6076724529266357
1,2,23,0.11404561228576825,0.00691185529004656,0.9973008036613464
1,2,24,-0.11404561228576825,-0.00691185529004656,0.99734765291214
1,2,25,0.1071337569957217,0.7879515030653079,0.6808298826217651
1,2,26,-0.2246352969265132,0.7603040819051217,0.8604894280433655
1,2,27,0.23845900750660634,1.5759030061306158,0.776776909828186
1,2,28,-0.35596054743739786,1.5413437296803831,0.8981049060821533
1,2,29,0.3214012709871651,1.7072282566415005,0.7312979698181152
1,2,30,-0.3490486921473513,1.6726689801912678,0.8408349752426147
1,2,31,-0.06566262525544232,1.6795808354813142,0.8208457827568054
1,2,32,-0.6739058907795397,1.603550427290802,0.892110288143158
2,1,0,0.235472938581173,-1.3206960468248399,0.999692976474762
2,1,1,0.20817172831089206,-1.3957743750681124,0.9996007680892944
2,1,2,0.20817172831089206,-1.4025996776356826,0.9995502829551696
2,1,3,0.20817172831089206,-1.4025996776356826,0.9996697902679444
2,1,4,0.1945211231757516,-1.3957743750681124,0.9995875954627992
2,1,5,0.18087051804061113,-1.4025996776356826,0.9995056390762328
2,1,6,0.16721991290547067,-1.4025996776356826,0.999593198299408
2,1,7,0.14674400520276,-1.3752984673654016,0.9993376135826112
2,1,8,0.11261749236490882,-1.382123769932972,0.999420702457428
2,1,9,0.2149970308784623,-1.2592683237167077,0.9995937943458556
2,1,10,0.1945211231757516,-1.266093626284278,0.9995164275169371
2,1,11,0.09896688722976836,-0.9453044056084771,0.9997647404670716
2,1,12,-0.12626809750004928,-1.0545092466896009,0.9996436834335328
2,1,13,0.14674400520276,-0.501659738716412,0.572469174861908
2,1,14,-0.29690066168930507,-0.5153103438515525,0.5941748023033142
2,1,15,0.3446777796622967,-0.6518163952029571,0.7332798838615417
2,1,16,0.17404521547304092,-0.6381657900678167,0.6639587879180908
2,1,17,0.4334067130407097,-0.706418815743519,0.735610842704773
2,1,18,0.29690066168930507,-0.6859429080408083,0.6530250310897827
2,1,19,0.44023201560827996,-0.7405453285813701,0.7393097281455994
2,1,20,0.3037259642568753,-0.7405453285813701,0.6546620726585388
2,1,21,0.39245489763528835,-0.7268947234462296,0.7174057364463806
2,1,22,0.26277414885145395,-0.7337200260137999,0.6439875364303589
2,1,23,0.09896688722976836,0.0034126512837851157,0.9970505833625792
2,1,24,-0.09896688722976836,-0.0034126512837851157,0.9972081780433656
2,1,25,0.16039461033790045,0.7883224465543618,0.6619538068771362
2,1,26,0.18087051804061113,0.7883224465543618,0.8644157648086548
2,1,27,-0.1535693077703302,1.5322804264195171,0.7663445472717285
2,1,28,0.31055126682444556,1.6141840572303598,0.8997269868850708
2,1,29,-0.26277414885145395,1.6687864777709216,0.7251715064048767
2,1,30,0.2559488462838837,1.737039503446624,0.8445838689804077
2,1,31,0.12626809750004928,1.648310570068211,0.8138865232467651
2,1,32,0.6449910926353869,1.7165635957439134,0.8934282660484314
2,2,0,-0.25191352514527343,-1.337865072730979,0.9997174739837646
2,2,1,-0.2246796305349736,-1.4195667565618786,0.999631404876709
2,2,2,-0.2110626832298237,-1.4195667565618786,0.9995867609977722
2,2,3,-0.20425420957724874,-1.4263752302144537,0.999695360660553
2,2,4,-0.24510505149269848,-1.4195667565618786,0.9996199011802672
2,2,5,-0.24510505149269848,-1.4263752302144537,0.9995460510253906
2,2,6,-0.24510505149269848,-1.4263752302144537,0.999624490737915
2,2,7,-0.19063726227209882,-1.3991413356041538,0.9993957281112672
2,2,8,-0.2246796305349736,-1.4127582829093037,0.9994614124298096
2,2,9,-0.20425420957724874,-1.2629718625526547,0.9996262788772584
2,2,10,-0.23148810418754856,-1.2629718625526547,0.9995431303977966
2,2,11,0.05446778922059966,-0.9906329164496563,0.999785542488098
2,2,12,-0.19744573592467377,-1.0042498637548063,0.999617040157318
2,2,13,0.32680673532359794,-0.5276567080745592,0.6150521039962769
2,2,14,-0.18382878861952387,-0.5140397607694093,0.547672688961029
2,2,15,0.08851015748347445,-0.1940414990983863,0.7594719529151917
2,2,16,-0.2246796305349736,-0.21446692005611118,0.6216344833374023
2,2,17,0.047659315568024704,-0.05787202604688714,0.7607841491699219
2,2,18,-0.19744573592467377,-0.09191439430976193,0.6112145781517029
2,2,19,-0.013616947305149915,-0.13276523622521166,0.7640386819839478
2,2,20,-0.18382878861952387,-0.12595676257263672,0.6138202548027039
2,2,21,-0.006808473652574957,-0.18042455179323638,0.7433749437332153
2,2,22,-0.20425420957724874,-0.16680760448808646,0.6046608090400696
2,2,23,0.09531863113604941,0.023829657784012352,0.9971151351928712
2,2,24,-0.09531863113604941,-0.023829657784012352,0.9972280263900756
2,2,25,-0.20425420957724874,0.7591448122621077,0.6937355995178223
2,2,26,-0.20425420957724874,0.718293970346658,0.8593835830688477
2,2,27,0.24510505149269848,1.542119282308228,0.7870784997940063
2,2,28,-0.3540406299338978,1.4808430194350533,0.8955217003822327
2,2,29,0.31318978801844805,1.6510548607494273,0.744419515132904
2,2,30,-0.31318978801844805,1.6033955451814026,0.84133380651474
2,2,31,-0.05446778922059966,1.6714802817071521,0.8286445140838623
2,2,32,-0.6944643125626457,1.542119282308228,0.891232967376709
3,1,0,0.23431832792480597,-1.3333042884735438,0.9997351169586182
3,1,1,0.20791626280651798,-1.3993094512692639,0.9996562600135804
3,1,2,0.20131574652694598,-1.3993094512692639,0.9996119737625122
3,1,3,0.20131574652694598,-1.3993094512692639,0.9997130036354064
3,1,4,0.18811471396780197,-1.3993094512692639,0.9996473789215088
3,1,5,0.16831316512908598,-1.3993094512692639,0.999578297138214
3,1,6,0.14851161629037,-1.3993094512692639,0.9996528029441832
3,1,7,0.08910696977422199,-1.3663068698714038,0.999417781829834
3,1,8,0.056104388376361995,-1.3663068698714038,0.9995082020759584
3,1,9,0.22771781164523397,-1.2606986093982517,0.9996436834335328
3,1,10,0.20791626280651798,-1.2672991256778239,0.9995821714401244
3,1,11,0.12210955117208198,-0.9636753768175119,0.9997456669807434
3,1,12,-0.10890851861293799,-1.036281055892804,0.99965101480484
3,1,13,0.12210955117208198,-0.4950387209678999,0.576117992401123
3,1,14,-0.40593175119367797,-0.6006469814410519,0.5925562977790833
3,1,15,0.306924007000098,-0.613848014000196,0.7599478960037231
3,1,16,0.04290335581721799,-0.6204485302797679,0.6589683890342712
3,1,17,0.36632865351624594,-0.6600516279572,0.7618340849876404
3,1,18,0.15511213256994197,-0.6666521442367719,0.6487867832183838
3,1,19,0.35972813723667396,-0.6996547256346319,0.7646962404251099
3,1,20,0.15511213256994197,-0.7194562744733479,0.650935173034668
3,1,21,0.32012503955924193,-0.6996547256346319,0.7423953413963318
3,1,22,0.12210955117208198,-0.7128557581937759,0.6418144106864929
3,1,23,0.07590593721507799,0.006600516279571999,0.9969304800033568
3,1,24,-0.07590593721507799,-0.006600516279571999,0.997217059135437
3,1,25,0.01650129069893,0.7722604047099239,0.668894350528717
3,1,26,0.19471523024737397,0.7392578233120639,0.8618274331092834
3,1,27,-0.17491368140865798,1.5115182280219879,0.777093231678009
3,1,28,0.26732090932266594,1.5379202931402758,0.8960957527160645
3,1,29,-0.26732090932266594,1.6369280373338557,0.7378810048103333
3,1,30,0.21451677908608996,1.6567295861725717,0.8435383439064026
3,1,31,0.10890851861293799,1.6105259722155678,0.8225094676017761
3,1,32,0.584145690742122,1.6435285536134279,0.8918541669845581
3,2,0,-0.22959874151634013,-1.3640866407735501,0.9997556805610656
3,2,1,-0.19583422070511364,-1.424862778233758,0.999683141708374
3,2,2,-0.18232841238062306,-1.424862778233758,0.9996441602706908
3,2,3,-0.16882260405613245,-1.424862778233758,0.999736189842224
3,2,4,-0.20934002902960425,-1.4316156823960031,0.9996755719184875
3,2,5,-0.20934002902960425,-1.4316156823960031,0.999613344669342
3,2,6,-0.20934002902960425,-1.4383685865582485,0.9996799230575562
3,2,7,-0.12830517908266068,-1.384345353260286,0.9994717240333556
3,2,8,-0.17557550821837775,-1.3978511615847766,0.9995450377464294
3,2,9,-0.18232841238062306,-1.269545982502116,0.9996728897094728
3,2,10,-0.19583422070511364,-1.269545982502116,0.9996055960655212
3,2,11,0.08778775410918888,-0.9926769118500588,0.999768853187561
3,2,12,-0.15531679573164187,-1.0061827201745495,0.9995763897895812
3,2,13,0.4186800580592085,-0.5402323329796238,0.6183575391769409
3,2,14,-0.14181098740715126,-0.5469852371418692,0.5392475128173828
3,2,15,0.23635164567858544,-0.24985745400307602,0.7831664085388184
3,2,16,-0.15531679573164187,-0.22959874151634013,0.6024205088615417
3,2,17,0.20934002902960425,-0.11479937075817007,0.7834981679916382
3,2,18,-0.14856389156939656,-0.11479937075817007,0.5939993262290955
3,2,19,0.14856389156939656,-0.18908131654286836,0.7859388589859009
3,2,20,-0.14856389156939656,-0.12830517908266068,0.5964692831039429
3,2,21,0.14856389156939656,-0.22959874151634013,0.7645118236541748
3,2,22,-0.14856389156939656,-0.18908131654286836,0.5886867046356201
3,2,23,0.09454065827143418,0.0067529041622452985,0.997002363204956
3,2,24,-0.09454065827143418,-0.0067529041622452985,0.9971184730529784
3,2,25,-0.05402323329796239,0.7630781703337187,0.7005887031555176
3,2,26,-0.18232841238062306,0.7158078411980016,0.8565086722373962
3,2,27,0.25661035816532135,1.559920861478664,0.7968685626983643
3,2,28,-0.3038806873010384,1.4586272990449844,0.8916775584220886
3,2,29,0.3376452081122649,1.6814731363990791,0.755378782749176
3,2,30,-0.25661035816532135,1.6004382864521356,0.8402481079101562
3,2,31,-0.03376452081122649,1.6882260405613245,0.8357972502708435
3,2,32,-0.6617846079000392,1.5261563406674374,0.8888246417045593
4,1,0,0.18357104048258474,-1.3341680977930712,0.9997540712356568
4,1,1,0.14423438895060228,-1.393173075091045,0.9996843934059144
4,1,2,0.14423438895060228,-1.393173075091045,0.9996342062950134
4,1,3,0.14423438895060228,-1.393173075091045,0.9997244477272034
4,1,4,0.12456606318461107,-1.393173075091045,0.9996870756149292
4,1,5,0.10489773741861985,-1.393173075091045,0.9996280074119568
4,1,6,0.08522941165262862,-1.393173075091045,0.9996970891952516
4,1,7,0.05900497729797367,-1.3472803149703987,0.9993996024131776
4,1,8,-0.006556108588663741,-1.3472803149703987,0.999580442905426
4,1,9,0.177014931893921,-1.2554947947291064,0.9996541738510132
4,1,10,0.15734660612792978,-1.2554947947291064,0.9996322989463806
4,1,11,0.09178552024129237,-0.9604699082392381,0.9996141791343688
4,1,12,-0.13112217177327481,-1.0391432113032029,0.9996151328086852
4,1,13,0.032780542943318704,-0.5080984156214399,0.5642303228378296
4,1,14,-0.531044795681763,-0.6654450217493697,0.5850033164024353
4,1,15,0.22290769201456717,-0.5212106327987673,0.7395514249801636
4,1,16,-0.052448868709309926,-0.580215610096741,0.6415399312973022
4,1,17,0.2425760177805584,-0.580215610096741,0.7455928325653076
4,1,18,0.039336651531982444,-0.5867717186854048,0.632997989654541
4,1,19,0.2425760177805584,-0.6261083702173872,0.7478589415550232
4,1,20,0.05900497729797367,-0.6457766959833785,0.6349948048591614
4,1,21,0.21635158342590344,-0.6261083702173872,0.7255367040634155
4,1,22,0.032780542943318704,-0.6457766959833785,0.6268947720527649
4,1,23,0.07867330306396489,-0.0032780542943318704,0.996640682220459
4,1,24,-0.07867330306396489,0.0032780542943318704,0.997077703475952
4,1,25,0.006556108588663741,0.783454976345317,0.6680168509483337
4,1,26,0.10489773741861985,0.7375622162246708,0.8556126952171326
4,1,27,-0.19012714907124847,1.517739138275656,0.7806569933891296
4,1,28,0.11800995459594733,1.5111830296869921,0.8881528377532959
4,1,29,-0.3212493208445233,1.6488613100489309,0.7463564276695251
4,1,30,0.052448868709309926,1.6291929842829396,0.8364964723587036
4,1,31,-0.039336651531982444,1.6816418529922494,0.8252103328704834
4,1,32,0.40647873249715194,1.6291929842829396,0.8863166570663452
4,2,0,-0.2548148929500725,-1.3361447591869184,0.9997539520263672
4,2,1,-0.21561260172698438,-1.3949481960215504,0.999683916568756
4,2,2,-0.20254517131928837,-1.3949481960215504,0.9996452927589417
4,2,3,-0.18947774091159234,-1.3949481960215504,0.999729871749878
4,2,4,-0.2286800321346804,-1.3949481960215504,0.9996853470802308
4,2,5,-0.2286800321346804,-1.4014819112253984,0.9996320009231568
4,2,6,-0.2286800321346804,-1.4014819112253984,0.9996922612190248
4,2,7,-0.08493829765002416,-1.3557459047984624,0.999447762966156
4,2,8,-0.14374173448465627,-1.3688133352061584,0.9995787739753724
4,2,9,-0.20254517131928837,-1.2512064615368943,0.9996689558029176
4,2,10,-0.2221463169308324,-1.2512064615368943,0.9996074438095092
4,2,11,0.07187086724232813,-0.9963915685868218,0.999650537967682
4,2,12,-0.12414058887311222,-1.0029252837906697,0.9995186924934388
4,2,13,0.37895548182318467,-0.5913012259482451,0.6076006293296814
4,2,14,-0.09147201285387216,-0.578233795540549,0.5298882722854614
4,2,15,0.28748346896931254,-0.31035147218278053,0.7642048597335815
4,2,16,-0.08493829765002416,-0.27768289616354047,0.584162712097168
4,2,17,0.26134860815392047,-0.20581202892121236,0.7675519585609436
4,2,18,-0.0522697216307841,-0.17967716810582032,0.5776300430297852
4,2,19,0.21561260172698438,-0.2646154657558445,0.7692646384239197
4,2,20,-0.07187086724232813,-0.18621088330966834,0.5799062848091125
4,2,21,0.21561260172698438,-0.30381775697893254,0.7469285726547241
4,2,22,-0.06533715203848012,-0.2188794593289084,0.5729694962501526
4,2,23,0.09147201285387216,0.009800572805772017,0.996801495552063
4,2,24,-0.09147201285387216,-0.009800572805772017,0.997053563594818
4,2,25,0.0,0.7350429604329013,0.7002977728843689
4,2,26,-0.26788232335776846,0.6370372323751812,0.8617566823959351
4,2,27,0.15027544968850426,1.4798864936715745,0.8013644814491272
4,2,28,-0.26134860815392047,1.3426784743907665,0.8932825326919556
4,2,29,0.2548148929500725,1.597493367340839,0.7650736570358276
4,2,30,-0.2286800321346804,1.4798864936715745,0.8421950340270996
4,2,31,-0.05880343683463211,1.636695658563927,0.8406428694725037
4,2,32,-0.601101798754017,1.4864202088754226,0.892456591129303
5,1,0,0.14835931095163224,-1.3513598106246503,0.999728262424469
5,1,1,0.10320647718374418,-1.4094134540405063,0.9996569752693176
5,1,2,0.10320647718374418,-1.4094134540405063,0.9996025562286376
5,1,3,0.09675607235976016,-1.4094134540405063,0.9996906518936156
5,1,4,0.08385526271179214,-1.4094134540405063,0.9996763467788696
5,1,5,0.07095445306382411,-1.4094134540405063,0.999627411365509
5,1,6,0.05160323859187209,-1.4029630492165224,0.9996952414512634
5,1,7,0.01935121447195203,-1.3578102154486342,0.9993346333503724
5,1,8,-0.03870242894390406,-1.3513598106246503,0.9996069669723512
5,1,9,0.14835931095163224,-1.2675045479128582,0.9996193647384644
5,1,10,0.1225576916556962,-1.2675045479128582,0.9996234178543092
5,1,11,0.08385526271179214,-0.9514347115376416,0.9995368123054504
5,1,12,-0.1225576916556962,-1.0481907838974018,0.999564528465271
5,1,13,0.03870242894390406,-0.5257079931546969,0.5523433089256287
5,1,14,-0.4902307666227848,-0.6869681137542971,0.5766644477844238
5,1,15,0.2451153833113924,-0.2934934194912725,0.6944072842597961
5,1,16,-0.058053643415856095,-0.44185273044290474,0.6245380640029907
5,1,17,0.25156578813537644,-0.21608856160346437,0.6993862390518188
5,1,18,0.03870242894390406,-0.32574544361119256,0.6170200109481812
5,1,19,0.26446659778334447,-0.2547909905473684,0.7012196183204651
5,1,20,0.07095445306382411,-0.4225015159709527,0.6187686920166016
5,1,21,0.2386649784874084,-0.2870430146672885,0.6817514300346375
5,1,22,0.045152833767888076,-0.4676543497388408,0.610958993434906
5,1,23,0.07740485788780813,0.0032252024119920055,0.9967797994613647
5,1,24,-0.07740485788780813,-0.0032252024119920055,0.997173309326172
5,1,25,0.06450404823984011,0.7837241861140574,0.6669955253601074
5,1,26,-0.1225576916556962,0.7256705426982012,0.8643704056739807
5,1,27,-0.025801619295936044,1.4739175022803466,0.7760882377624512
5,1,28,-0.20641295436748835,1.4287646685124584,0.8915695548057556
5,1,29,-0.12900809647968023,1.5900247891120587,0.7493271827697754
5,1,30,-0.19996254954350434,1.5448719553441705,0.8362399935722351
5,1,31,0.14835931095163224,1.6222768132319787,0.8216218948364258
5,1,32,0.1225576916556962,1.5771239794640908,0.8914080262184143
5,2,0,-0.29030898689015844,-1.3321956842848381,0.9997230768203736
5,2,1,-0.2516011219714706,-1.4031601033024323,0.999647855758667
5,2,2,-0.23224718951212675,-1.4096114141222138,0.999610424041748
5,2,3,-0.21934456787256415,-1.4096114141222138,0.9996936917304992
5,2,4,-0.26450374361103324,-1.4096114141222138,0.9996594786643982
5,2,5,-0.26450374361103324,-1.4096114141222138,0.9996145963668824
5,2,6,-0.26450374361103324,-1.416062724941995,0.9996671676635742
5,2,7,-0.11612359475606338,-1.3644522383837445,0.999384343624115
5,2,8,-0.16773408131431375,-1.370903549203526,0.9995606541633606
5,2,9,-0.23869850033190804,-1.2483286436276813,0.9996349811553956
5,2,10,-0.26450374361103324,-1.2483286436276813,0.999573528766632
5,2,11,0.10967228393628208,-0.9967275216562106,0.999581813812256
5,2,12,-0.12902621639562598,-1.0031788324759918,0.9993638396263124
5,2,13,0.3870786491868779,-0.6031975616495514,0.5969669222831726
5,2,14,-0.25805243279125195,-0.551587075091301,0.522697925567627
5,2,15,0.28385767607037715,-0.28708333148026777,0.7240169048309326
5,2,16,-0.16773408131431375,-0.2548267773813613,0.5712516903877258
5,2,17,0.3096629193495023,-0.1774110475439857,0.7269635796546936
5,2,18,-0.15483145967475115,-0.1516058042648605,0.5657724738121033
5,2,19,0.23224718951212675,-0.24837546656158,0.7283755540847778
5,2,20,-0.19999063541322026,-0.1645084259044231,0.5677844285964966
5,2,21,0.2516011219714706,-0.28708333148026777,0.7090683579444885
5,2,22,-0.16128277049453246,-0.1967649800033296,0.5606329441070557
5,2,23,0.10967228393628208,0.003225655409890649,0.9970303177833556
5,2,24,-0.10967228393628208,-0.003225655409890649,0.9971983432769777
5,2,25,0.04515917573846909,0.7386750888649587,0.6996719241142273
5,2,26,-0.3354681626286275,0.6419054265682392,0.8677542805671692
5,2,27,0.14192883803518858,1.4547705898606829,0.7978403568267822
5,2,28,-0.23224718951212675,1.3128417518254942,0.8944904804229736
5,2,29,0.23869850033190804,1.5837968062563088,0.7696959376335144
5,2,30,-0.18063670295387635,1.4289653465815575,0.8388801217079163
5,2,31,-0.032256554098906494,1.6225046711749966,0.8382067084312439
5,2,32,-0.5290074872220665,1.480575833139808,0.8953607678413391
6,1,0,0.14919432092258822,-1.3617949718253264,0.9996992349624634
6,1,1,0.09205607035649059,-1.4125845278840798,0.9995965361595154
6,1,2,0.09205607035649059,-1.4125845278840798,0.9995390176773072
6,1,3,0.08570737584914642,-1.4125845278840798,0.9996324777603148
6,1,4,0.07935868134180224,-1.4125845278840798,0.9996250867843628
6,1,5,0.06666129232711387,-1.4125845278840798,0.99957937002182
6,1,6,0.053963903312425524,-1.4062358333767357,0.9996474981307985
6,1,7,-0.009523041761016269,-1.3617949718253264,0.999164879322052
6,1,8,-0.04761520880508134,-1.3554462773179823,0.999566376209259
6,1,9,0.1555430154299324,-1.279261943229852,0.9995710849761964
6,1,10,0.13649693190789985,-1.2729132487225079,0.9995815753936768
6,1,11,0.1174508483858673,-0.9491298288479548,0.999481439590454
6,1,12,-0.09205607035649059,-1.0507089409654617,0.9994212985038756
6,1,13,0.14919432092258822,-0.4856751298118297,0.5454277396202087
6,1,14,-0.40314210121635535,-0.6316951034807459,0.5699467658996582
6,1,15,0.28251690557681597,-0.04761520880508134,0.6673482060432434
6,1,16,0.009523041761016269,-0.21268126599603,0.6113854050636292
6,1,17,0.3396551561429136,0.07935868134180224,0.6723995804786682
6,1,18,0.11110215387852314,-0.19363518247399747,0.6035009026527405
6,1,19,0.34600385065025774,0.07300998683445806,0.6742215156555176
6,1,20,0.16189170993727656,-0.21268126599603,0.6047482490539551
6,1,21,0.32060907262088106,0.009523041761016269,0.6574922204017639
6,1,22,0.13649693190789985,-0.21902996050337417,0.5954403877258301
6,1,23,0.07935868134180224,0.0031743472536720895,0.9970113635063172
6,1,24,-0.07935868134180224,-0.0031743472536720895,0.9972542524337769
6,1,25,0.06666129232711387,0.7713663826423177,0.6780012249946594
6,1,26,-0.009523041761016269,0.707879437568876,0.8740537166595459
6,1,27,-0.07935868134180224,1.4443280004208008,0.7891871333122253
6,1,28,-0.08570737584914642,1.3935384443620473,0.8977967500686646
6,1,29,-0.14919432092258822,1.558604501552996,0.7658969759941101
6,1,30,-0.13649693190789985,1.4760714729575217,0.8375661373138428
6,1,31,0.03491781979039298,1.5776505850750284,0.832528829574585
6,1,32,0.2507734330400951,1.558604501552996,0.8979372978210449
6,2,0,-0.27152169027155604,-1.3542972112325173,0.9996652603149414
6,2,1,-0.22516432851787574,-1.4271444939883007,0.9995357990264891
6,2,2,-0.2119193680168242,-1.4271444939883007,0.9995108246803284
6,2,3,-0.19205192726524695,-1.4271444939883007,0.999608039855957
6,2,4,-0.23840928901892725,-1.4271444939883007,0.9995454549789428
6,2,5,-0.23840928901892725,-1.4337669742388264,0.999504327774048
6,2,6,-0.2317868087684015,-1.4337669742388264,0.9995548725128174
6,2,7,-0.09933720375788635,-1.3741646519840944,0.9992069602012634
6,2,8,-0.14569456551156665,-1.387409612485146,0.9994239211082458
6,2,9,-0.22516432851787574,-1.2682049679756824,0.999559998512268
6,2,10,-0.245031769269453,-1.2682049679756824,0.999418318271637
6,2,11,0.1258271247599894,-0.9966832777041263,0.9995314478874208
6,2,12,-0.13244960501051514,-1.003305757954652,0.999200403690338
6,2,13,0.3973488150315454,-0.5463546206683749,0.590767502784729
6,2,14,-0.2119193680168242,-0.5132422194157461,0.5168443322181702
6,2,15,0.23840928901892725,-0.18211820688945832,0.7000183463096619
6,2,16,-0.19205192726524695,-0.20860812789156133,0.5606170296669006
6,2,17,0.1854294470147212,-0.056291082129468935,0.7034534811973572
6,2,18,-0.245031769269453,-0.08940348338209772,0.5549567341804504
6,2,19,0.1258271247599894,-0.109270924133675,0.7048927545547485
6,2,20,-0.23840928901892725,-0.1225158846347265,0.5564666390419006
6,2,21,0.1390720852610409,-0.15562828588735528,0.688473105430603
6,2,22,-0.2119193680168242,-0.14900580563682952,0.5479961037635803
6,2,23,0.11258216425893787,0.003311240125262878,0.9971888065338136
6,2,24,-0.11258216425893787,-0.003311240125262878,0.99727201461792
6,2,25,0.0463573617536803,0.7715189491862506,0.7089195847511292
6,2,26,-0.3178790520252363,0.6788042256788901,0.8741523027420044
6,2,27,0.09933720375788635,1.4999917767440838,0.8089141845703125
6,2,28,-0.0927147235073606,1.360919691483043,0.8979710936546326
6,2,29,0.2317868087684015,1.632441381754599,0.780285120010376
6,2,30,-0.07946976300630908,1.466879375491455,0.8382184505462646
6,2,31,-0.05960232225473181,1.685421223758805,0.8468702435493469
6,2,32,-0.31125657177471056,1.5927065002514444,0.899858832359314
7,1,0,0.13875708266684664,-1.356035126062365,0.9996504187583924
7,1,1,0.08199282157586393,-1.4127993871533477,0.9994980692863464
7,1,2,0.08199282157586393,-1.4127993871533477,0.9994492530822754
7,1,3,0.06937854133342332,-1.4127993871533477,0.9995517134666444
7,1,4,0.06937854133342332,-1.4127993871533477,0.9995279312133788
7,1,5,0.05676426109098272,-1.4064922470321275,0.999485969543457
7,1,6,0.037842840727321816,-1.4064922470321275,0.9995508193969728
7,1,7,0.037842840727321816,-1.3623422661835853,0.9989670515060424
7,1,8,-0.006307140121220302,-1.3434208458199244,0.99944269657135
7,1,9,0.13244994254562634,-1.2803494446077213,0.9994682669639589
7,1,10,0.11352852218196544,-1.274042304486501,0.9994345903396606
7,1,11,0.11352852218196544,-0.9712995786679266,0.99942147731781
7,1,12,-0.06307140121220302,-1.0280638397589092,0.9992713332176208
7,1,13,0.05045712096976242,-0.4919569294551836,0.5385614037513733
7,1,14,-0.30904986593979483,-0.5108783498188445,0.5645056366920471
7,1,15,0.30904986593979483,-0.15137136290928727,0.6497447490692139
7,1,16,0.07568568145464363,-0.22074990424271057,0.6017206907272339
7,1,17,0.34058556654589633,-0.05676426109098272,0.6568983793258667
7,1,18,0.20182848387904967,-0.11352852218196544,0.5940718054771423
7,1,19,0.35319984678833694,-0.08199282157586393,0.6587057709693909
7,1,20,0.2459784647275918,-0.16398564315172787,0.5949679017066956
7,1,21,0.31535700606101513,-0.11983566230318575,0.6433595418930054
7,1,22,0.21444276412149027,-0.18921420363660907,0.5846356153488159
7,1,23,0.05045712096976242,0.006307140121220302,0.9970698952674866
7,1,24,-0.05045712096976242,-0.006307140121220302,0.9971905946731568
7,1,25,0.018921420363660908,0.7442425343039957,0.6839543581008911
7,1,26,0.05676426109098272,0.7000925534554535,0.8798584938049316
7,1,27,-0.09460710181830453,1.4254136673957882,0.7979086637496948
7,1,28,-0.03153570060610151,1.3686494063048056,0.8988968729972839
7,1,29,-0.17029278327294817,1.5326350494565335,0.7739949822425842
7,1,30,-0.13244994254562634,1.4506422278806694,0.8364194631576538
7,1,31,0.07568568145464363,1.564170750062635,0.8361079692840576
7,1,32,0.18921420363660907,1.564170750062635,0.8994966149330139
7,2,0,-0.21102895083744783,-1.3733114800652373,0.999601662158966
7,2,1,-0.1590833629389991,-1.4382434649382982,0.9994223713874816
7,2,2,-0.14609696596438695,-1.4382434649382982,0.9994035959243774
7,2,3,-0.13311056898977477,-1.4382434649382982,0.999518096446991
7,2,4,-0.17856295840091738,-1.4382434649382982,0.9994252324104308
7,2,5,-0.17856295840091738,-1.4382434649382982,0.9993796944618224
7,2,6,-0.17856295840091738,-1.4382434649382982,0.999431610107422
7,2,7,-0.042205790167489564,-1.3862978770398495,0.9990172386169434
7,2,8,-0.09415137806593825,-1.3992842740144618,0.9992853999137878
7,2,9,-0.1590833629389991,-1.282406701242952,0.9994804859161376
7,2,10,-0.19154935537552956,-1.282406701242952,0.999336004257202
7,2,11,0.11363097352785652,-0.9967059678014842,0.9994781613349916
7,2,12,-0.09415137806593825,-1.0031991662887905,0.9992677569389344
7,2,13,0.34089292058356957,-0.5291956767154461,0.5846233367919922
7,2,14,-0.17856295840091738,-0.49023648579160956,0.517875075340271
7,2,15,0.06168538562940782,-0.2175221493247539,0.6845349669456482
7,2,16,-0.2694677372232026,-0.17856295840091738,0.5715754628181458
7,2,17,-0.022726194705571304,-0.09415137806593825,0.6904913187026978
7,2,18,-0.33439972209626345,-0.08765817957863217,0.5641385316848755
7,2,19,-0.08116498109132608,-0.15259016445169304,0.6920294165611267
7,2,20,-0.34738611907087563,-0.10713777504055043,0.5656569600105286
7,2,21,-0.06168538562940782,-0.19154935537552956,0.6774622201919556
7,2,22,-0.3149201266343452,-0.12661737050246868,0.5563101768493652
7,2,23,0.0681785841167139,0.00973979773095913,0.9972339868545532
7,2,24,-0.0681785841167139,-0.00973979773095913,0.9971965551376344
7,2,25,0.022726194705571304,0.6980188373854043,0.7125121355056763
7,2,26,-0.21102895083744783,0.6460732494869557,0.8654462695121765
7,2,27,0.1201241720151626,1.4057774725017678,0.8143206238746643
7,2,28,0.016232996218265218,1.2953930982175643,0.8848716020584106
7,2,29,0.24998814176128434,1.5291482437605834,0.7838337421417236
7,2,30,0.09415137806593825,1.3927910755271555,0.8296410441398621
7,2,31,-0.02921939319287739,1.561614236197114,0.8471571803092957
7,2,32,-0.12661737050246868,1.5421346407351955,0.8933639526367188
8,1,0,0.16298057810956654,-1.3759321882711482,0.9995970129966736
8,1,1,0.10656422414856273,-1.432348542232152,0.9993964433670044
8,1,2,0.10656422414856273,-1.432348542232152,0.99936181306839
8,1,3,0.094027256601673,-1.432348542232152,0.9994828701019288
8,1,4,0.094027256601673,-1.4260800584587072,0.999418318271637
8,1,5,0.08149028905478327,-1.4260800584587072,0.99937504529953
8,1,6,0.06268483773444866,-1.4198115746852622,0.9994370341300964
8,1,7,0.0188054513203346,-1.3822006720445932,0.9988660216331482
8,1,8,-0.04387938641411407,-1.3696637044977034,0.9993107318878174
8,1,9,0.15671209433612165,-1.30071038298981,0.9994336366653442
8,1,10,0.1316381592423422,-1.2944418992163649,0.9993672370910645
8,1,11,0.10029574037511786,-0.9684807429972319,0.9993807673454284
8,1,12,-0.06268483773444866,-1.0311655807316806,0.999332070350647
8,1,13,0.12536967546889732,-0.4419281060278631,0.5343839526176453
8,1,14,-0.3008872211253536,-0.5171499113092015,0.5652709007263184
8,1,15,0.23193389961746005,-0.10969846603528517,0.6370803713798523
8,1,16,0.06895332150789353,-0.2538735928245171,0.6115028262138367
8,1,17,0.3196926724456882,-0.0094027256601673,0.6459786891937256
8,1,18,0.188054513203346,-0.1598463362228441,0.6025097966194153
8,1,19,0.34476660753946764,-0.0282081769805019,0.6481159925460815
8,1,20,0.23820238339090494,-0.24760510905107222,0.6033104062080383
8,1,21,0.3008872211253536,-0.0658190796211711,0.6347035765647888
8,1,22,0.19432299697679087,-0.2726790441448517,0.5917338132858276
8,1,23,0.0564163539610038,0.0094027256601673,0.9971421360969543
8,1,24,-0.0564163539610038,-0.0094027256601673,0.9971709251403807
8,1,25,0.0752218052813384,0.6863989731922129,0.6847847104072571
8,1,26,0.06895332150789353,0.6801304894187681,0.8721796274185181
8,1,27,-0.0752218052813384,1.3822006720445932,0.803274393081665
8,1,28,-0.03134241886722433,1.3383212856304791,0.8884232640266418
8,1,29,-0.1692490618830114,1.5013018637400455,0.7771986722946167
8,1,30,-0.1316381592423422,1.4386170260055968,0.8298975229263306
8,1,31,0.05014787018755893,1.52010731506038,0.8394112586975098
8,1,32,0.18178602942990113,1.5389127663807147,0.895124614238739
8,2,0,-0.1666139511577636,-1.3454862470853362,0.9995068907737732
8,2,1,-0.12260271877646754,-1.4083594362014733,0.999272346496582
8,2,2,-0.1100280809532401,-1.4083594362014733,0.9992783069610596
8,2,3,-0.09116612421839894,-1.4083594362014733,0.9994204640388488
8,2,4,-0.1414646755113087,-1.4083594362014733,0.9992392063140868
8,2,5,-0.135177356599695,-1.414646755113087,0.9991795420646667
8,2,6,-0.135177356599695,-1.414646755113087,0.999215304851532
8,2,7,-0.015718297279034302,-1.3643482038201773,0.9989023208618164
8,2,8,-0.07230416748355778,-1.3832101605550184,0.99899423122406
8,2,9,-0.11631539986485383,-1.2574637823227441,0.9994236826896667
8,2,10,-0.1414646755113087,-1.2637511012343579,0.9991624355316162
8,2,11,0.11631539986485383,-0.9933963880349678,0.9994413256645204
8,2,12,-0.06601684857194406,-1.0059710258581953,0.9992570281028748
8,2,13,0.3803827941526301,-0.5218474696639388,0.5808207392692566
8,2,14,-0.11631539986485383,-0.5029855129290977,0.5150636434555054
8,2,15,0.09745344313001267,-0.2200561619064802,0.6729523539543152
8,2,16,-0.22319982136228708,-0.20748152408325277,0.5697964429855347
8,2,17,0.015718297279034302,-0.10059710258581953,0.6801756620407104
8,2,18,-0.2672110537435831,-0.11945905932066068,0.5633320808410645
8,2,19,-0.04086757292548918,-0.15718297279034302,0.6819605827331543
8,2,20,-0.2986476483016517,-0.14460833496711556,0.5645501613616943
8,2,21,-0.02200561619064802,-0.18861956734841162,0.6688220500946045
8,2,22,-0.2546364159203557,-0.16975761061357045,0.5543946623802185
8,2,23,0.05972952966033034,0.01886195673484116,0.9972978234291076
8,2,24,-0.05972952966033034,-0.01886195673484116,0.9970552921295166
8,2,25,0.047154891837102905,0.6475938478962132,0.7131304740905762
8,2,26,-0.1666139511577636,0.6035826155149171,0.8568604588508606
8,2,27,0.16032663224614987,1.3329116092621087,0.8191128373146057
8,2,28,0.028292935102261742,1.213452549941448,0.8739662170410156
8,2,29,0.2672110537435831,1.4523706685827693,0.7879877090454102
8,2,30,0.10374076204162638,1.326624290350495,0.8225234746932983
8,2,31,-0.015718297279034302,1.4900945820524516,0.8499330282211304
8,2,32,-0.09745344313001267,1.458657987494383,0.8883159756660461
9,1,0,0.10827805840074194,-1.4203533543156148,0.9994112849235536
9,1,1,0.0636929755298482,-1.4713077347394934,0.999091863632202
9,1,2,0.05732367797686338,-1.4713077347394934,0.999053120613098
9,1,3,0.05732367797686338,-1.4713077347394934,0.9992496371269226
9,1,4,0.03821578531790892,-1.4713077347394934,0.9991245865821838
9,1,5,0.01910789265895446,-1.4649384371865086,0.9990576505661012
9,1,6,0.0,-1.4649384371865086,0.9991357922554016
9,1,7,0.05095438042387856,-1.4203533543156148,0.998316764831543
9,1,8,-0.00636929755298482,-1.41398405676263,0.99889475107193
9,1,9,0.10827805840074194,-1.3375524861268122,0.9991756081581116
9,1,10,0.08917016574178747,-1.3375524861268122,0.999096930027008
9,1,11,0.11464735595372676,-0.9808718231596623,0.999220073223114
9,1,12,-0.10190876084775712,-1.0190876084775713,0.9993042945861816
9,1,13,0.15286314127163567,-0.47132801892087667,0.5323269367218018
9,1,14,-0.17834033148357495,-0.4776973164738615,0.5620272159576416
9,1,15,0.23566400946043833,-0.21018681924849905,0.623740553855896
9,1,16,0.21655611680148387,-0.34394206786118026,0.6080224514007568
9,1,17,0.318464877649241,-0.18470962903655977,0.6333451271057129
9,1,18,0.34394206786118026,-0.30572628254327133,0.5993493795394897
9,1,19,0.3630499605201347,-0.28024909233133205,0.63594651222229
9,1,20,0.37578855562610436,-0.3821578531790892,0.5998629331588745
9,1,21,0.3248341752022258,-0.27387979477834723,0.6232799291610718
9,1,22,0.33757277030819544,-0.3948964482850588,0.5861336588859558
9,1,23,0.08280086818880265,0.0,0.996776521205902
9,1,24,-0.08280086818880265,0.0,0.9967035055160522
9,1,25,0.0955394632947723,0.6560376479574365,0.6785042881965637
9,1,26,0.01273859510596964,0.6687762430634061,0.8599204421043396
9,1,27,-0.08280086818880265,1.3630296763387515,0.7988947629928589
9,1,28,-0.07006227308283301,1.3311831885738274,0.875525176525116
9,1,29,-0.17197103393059013,1.4776770322924782,0.7724362015724182
9,1,30,-0.1592324388246205,1.4330919494215846,0.81940758228302
9,1,31,0.05095438042387856,1.5350007102693417,0.8365321755409241
9,1,32,0.1337552486126812,1.554108602928296,0.8884771466255188
9,2,0,-0.24772659483461862,-1.3755345134238033,0.9993953108787536
9,2,1,-0.20861186933441567,-1.4472448435075087,0.9990785121917723
9,2,2,-0.1955736275010147,-1.4472448435075087,0.9990578889846802
9,2,3,-0.17601626475091323,-1.4472448435075087,0.9992530345916748
9,2,4,-0.22816923208451714,-1.4537639644242093,0.9990938901901244
9,2,5,-0.22816923208451714,-1.4602830853409097,0.9990250468254088
9,2,6,-0.22816923208451714,-1.4602830853409097,0.9990865588188172
9,2,7,-0.13690153925071027,-1.4016109970906052,0.9984237551689148
9,2,8,-0.1955736275010147,-1.4211683598407068,0.9988446831703186
9,2,9,-0.21513099025111615,-1.290785941506697,0.9992201924324036
9,2,10,-0.24120747391791814,-1.2973050624233975,0.9990572929382324
9,2,11,0.058672088250304406,-0.997425500255175,0.9992961287498474
9,2,12,-0.20209274841771518,-0.997425500255175,0.9992888569831848
9,2,13,0.1955736275010147,-0.4433002223356333,0.578864336013794
9,2,14,-0.16297802291751223,-0.4563384641690343,0.5137009024620056
9,2,15,-0.22816923208451714,-0.24772659483461862,0.6607875227928162
9,2,16,-0.306398683084923,-0.2542457157513191,0.5674264430999756
9,2,17,-0.3650707713352274,-0.16949714383421274,0.6686276793479919
9,2,18,-0.3976663759187299,-0.14993978108411127,0.5623387694358826
9,2,19,-0.41070461775213085,-0.24120747391791814,0.670860230922699
9,2,20,-0.41722373866883133,-0.1890545065843142,0.5631793141365051
9,2,21,-0.3715898922519279,-0.2607648366680196,0.6581760048866272
9,2,22,-0.3715898922519279,-0.20861186933441567,0.5510022044181824
9,2,23,0.09778681375050735,0.01303824183340098,0.9969639778137208
9,2,24,-0.09778681375050735,-0.01303824183340098,0.9967005848884584
9,2,25,-0.09778681375050735,0.6845076962535515,0.7052520513534546
9,2,26,-0.24772659483461862,0.6323547289199475,0.834864616394043
9,2,27,0.11734417650060881,1.3494580297570014,0.8126513361930847
9,2,28,0.00651912091670049,1.2581903369231946,0.8495973944664001
9,2,29,0.24120747391791814,1.4798404480910112,0.7841326594352722
9,2,30,0.07822945100040588,1.369015392507103,0.805698812007904
9,2,31,-0.12386329741730931,1.4993978108411126,0.844420313835144
9,2,32,-0.1825353856676137,1.4537639644242093,0.8699731230735779
10,1,0,0.12251386973101037,-1.4171874660776336,0.9994284510612488
10,1,1,0.08277964171014214,-1.4900335507825586,0.9991410970687866
10,1,2,0.08277964171014214,-1.4900335507825586,0.9991154074668884
10,1,3,0.08277964171014214,-1.4900335507825586,0.999299168586731
10,1,4,0.05629015636289666,-1.4900335507825586,0.9991601705551147
10,1,5,0.04304541368927391,-1.4900335507825586,0.9990929961204528
10,1,6,0.016555928342028427,-1.4834111794457472,0.9991575479507446
10,1,7,0.06291252769970802,-1.443676951424879,0.9985207915306092
10,1,8,-0.0033111856684056857,-1.4370545800880676,0.9989444017410278
10,1,9,0.12913624106782173,-1.3310966386990857,0.9992595314979552
10,1,10,0.09602438438376489,-1.337719010035897,0.9991326332092284
10,1,11,0.09602438438376489,-0.9999780718585171,0.9992729425430298
10,1,12,-0.10926912705738763,-0.9999780718585171,0.9993510842323304
10,1,13,0.14238098374144448,-0.47681073625041875,0.5296135544776917
10,1,14,-0.0033111856684056857,-0.4238317655559278,0.5613250136375427
10,1,15,0.24833892513042644,-0.5827686776394007,0.6157458424568176
10,1,16,0.36754160919303114,-0.5496568209553438,0.6071229577064514
10,1,17,0.3278073811721629,-0.6357476483338916,0.6283615827560425
10,1,18,0.4867442932556358,-0.6158805343234576,0.599775493144989
10,1,19,0.3542968665194084,-0.6821042476915713,0.6303883194923401
10,1,20,0.47349955058201304,-0.6754818763547599,0.599897563457489
10,1,21,0.31456263849854016,-0.6688595050179486,0.6173664927482605
10,1,22,0.4337653225611448,-0.6622371336811371,0.5863727331161499
10,1,23,0.08277964171014214,-0.0066223713368113715,0.9967584013938904
10,1,24,-0.08277964171014214,0.0066223713368113715,0.99662584066391
10,1,25,0.09602438438376489,0.748327961059685,0.6882530450820923
10,1,26,0.10926912705738763,0.7218384757124395,0.8460789322853088
10,1,27,-0.10264675572057626,1.4304322087512562,0.8052072525024414
10,1,28,-0.03642304235246254,1.4569216940985017,0.8558048605918884
10,1,29,-0.20198232577274683,1.5562572641506722,0.7751001119613647
10,1,30,-0.12251386973101037,1.5628796354874837,0.8097862005233765
10,1,31,0.07615727037333077,1.569502006824295,0.8376805782318115
10,1,32,0.20198232577274683,1.6092362348451632,0.8733655214309692
10,2,0,-0.21032482142032694,-1.4240024794523773,0.999426007270813
10,2,1,-0.20342892563605391,-1.4929614372951077,0.9991515874862672
10,2,2,-0.1965330298517809,-1.4929614372951077,0.9991222620010376
10,2,3,-0.18274123828323488,-1.4929614372951077,0.9992997646331788
10,2,4,-0.23101250877314597,-1.4929614372951077,0.9991625547409058
10,2,5,-0.237908404557419,-1.4998573330793805,0.9990925192832948
10,2,6,-0.237908404557419,-1.4998573330793805,0.999161958694458
10,2,7,-0.07930280151913967,-1.4515860625894694,0.9986000061035156
10,2,8,-0.14136586357759678,-1.4653778541580156,0.9989345073699952
10,2,9,-0.17584534249896186,-1.3274599384725552,0.9992852807044984
10,2,10,-0.20342892563605391,-1.3412517300411013,0.9991036057472228
10,2,11,0.12757407200905077,-0.9895610450431775,0.9993140697479248
10,2,12,-0.15515765514614283,-1.0102487323959966,0.999334156513214
10,2,13,0.12067817622477775,-0.41030579916424437,0.5758522152900696
10,2,14,-0.17584534249896186,-0.4723688612227015,0.5218049883842468
10,2,15,-0.3413468413215142,-0.5206401317126126,0.6505120396614075
10,2,16,-0.3275550497529682,-0.3965140075956983,0.5724051594734192
10,2,17,-0.4861606527912475,-0.4930565485755205,0.6581334471702576
10,2,18,-0.4861606527912475,-0.3620345286743332,0.566216766834259
10,2,19,-0.5068483401440665,-0.5551196106339776,0.6595970392227173
10,2,20,-0.4792647570069745,-0.37582632024287926,0.5671099424362183
10,2,21,-0.45857706965415546,-0.5551196106339776,0.6447917819023132
10,2,22,-0.4309934865170634,-0.4172016949485174,0.5557015538215637
10,2,23,0.11378228044050473,0.0034479478921365073,0.9965833425521852
10,2,24,-0.11378228044050473,-0.0034479478921365073,0.9963890314102172
10,2,25,-0.10688638465623172,0.7826841715149871,0.7110183835029602
10,2,26,-0.20342892563605391,0.727517005240803,0.8167250752449036
10,2,27,0.1896371340675079,1.4653778541580156,0.8154990077018738
10,2,28,0.07240690573486665,1.4102106878838314,0.8317957520484924
10,2,29,0.29997146661587615,1.5963998740592027,0.7859911322593689
10,2,30,0.16205355093041585,1.5343368120007457,0.7984268665313721
10,2,31,-0.0930945930876857,1.5963998740592027,0.8429597616195679
10,2,32,-0.12757407200905077,1.5619203951378378,0.8554024696350098
11,1,0,0.1461038961038961,-1.3733766233766234,0.9994798302650452
11,1,1,0.10714285714285714,-1.4383116883116882,0.999233603477478
11,1,2,0.10714285714285714,-1.4383116883116882,0.999206840991974
11,1,3,0.10714285714285714,-1.4383116883116882,0.9993669390678406
11,1,4,0.08766233766233766,-1.4318181818181819,0.9992427825927734
11,1,5,0.07467532467532467,-1.4318181818181819,0.9991790652275084
11,1,6,0.06818181818181818,-1.4318181818181819,0.999242067337036
11,1,7,0.08116883116883117,-1.3993506493506493,0.9987351298332214
11,1,8,0.05519480519480519,-1.3863636363636365,0.9990392923355104
11,1,9,0.1461038961038961,-1.2954545454545454,0.9993534088134766
11,1,10,0.1266233766233766,-1.2954545454545454,0.9991905689239502
11,1,11,0.016233766233766232,-0.9837662337662337,0.9993736147880554
11,1,12,-0.016233766233766232,-1.0162337662337662,0.9993990063667296
11,1,13,0.12012987012987013,-0.4448051948051948,0.5370767116546631
11,1,14,0.05519480519480519,-0.4707792207792208,0.5685420632362366
11,1,15,0.11363636363636363,-0.6915584415584416,0.6392073035240173
11,1,16,0.38636363636363635,-0.7435064935064936,0.6117913722991943
11,1,17,0.17857142857142858,-0.775974025974026,0.6490370035171509
11,1,18,0.4837662337662338,-0.8409090909090909,0.6028342247009277
11,1,19,0.20454545454545456,-0.814935064935065,0.6503043174743652
11,1,20,0.4448051948051948,-0.8863636363636364,0.6028209924697876
11,1,21,0.18506493506493507,-0.7824675324675324,0.6339350342750549
11,1,22,0.40584415584415584,-0.8603896103896104,0.5903154611587524
11,1,23,-0.00974025974025974,-0.003246753246753247,0.9967766404151917
11,1,24,0.00974025974025974,0.003246753246753247,0.9965760111808776
11,1,25,-0.00974025974025974,0.7175324675324676,0.6898048520088196
11,1,26,0.1525974025974026,0.7435064935064936,0.8283723592758179
11,1,27,-0.11363636363636363,1.4318181818181819,0.8028550744056702
11,1,28,0.016233766233766232,1.4772727272727273,0.8403033018112183
11,1,29,-0.21753246753246752,1.5551948051948052,0.7753564119338989
11,1,30,-0.09415584415584416,1.6071428571428572,0.8084484338760376
11,1,31,0.08766233766233766,1.5551948051948052,0.8352110981941223
11,1,32,0.21753246753246752,1.6266233766233766,0.8608889579772949
11,2,0,-0.19930800756594777,-1.3848470180875336,0.999517261981964
11,2,1,-0.19930800756594777,-1.4535739172482054,0.9992990493774414
11,2,2,-0.18556262773381343,-1.4535739172482054,0.9992736577987672
11,2,3,-0.1718172479016791,-1.4604466071642725,0.9994186758995056
11,2,4,-0.21992607731414926,-1.4604466071642725,0.9993045926094056
11,2,5,-0.21992607731414926,-1.4673192970803397,0.9992457628250122
11,2,6,-0.21992607731414926,-1.4673192970803397,0.9993044137954712
11,2,7,-0.0755995890767388,-1.4192104676678694,0.9988548755645752
11,2,8,-0.12370841848920897,-1.4329558475000037,0.9991160035133362
11,2,9,-0.18556262773381343,-1.2886293592625933,0.9994068145751952
11,2,10,-0.20618069748201492,-1.2955020491786604,0.999245285987854
11,2,11,0.1168357285731418,-0.9931036928717053,0.9994160532951356
11,2,12,-0.13058110840527612,-1.0068490727038395,0.9993934035301208
11,2,13,0.013745379832134329,-0.43641580967026494,0.5823307633399963
11,2,14,-0.24054414706235075,-0.4913973289988023,0.5273941159248352
11,2,15,-0.41923408488009706,-0.608233057571944,0.6702715754508972
11,2,16,-0.4054887050479627,-0.6357238172362127,0.5808500647544861
11,2,17,-0.5429425033693059,-0.6563418869844142,0.6741430163383484
11,2,18,-0.5429425033693059,-0.6838326466486828,0.5747847557067871
11,2,19,-0.5154517437050373,-0.7113234063129515,0.6749012470245361
11,2,20,-0.5223244336211045,-0.731941476061153,0.574685275554657
11,2,21,-0.4673429142925672,-0.6907053365647501,0.6569556593894958
11,2,22,-0.4535975344604329,-0.7181960962290187,0.5633914470672607
11,2,23,0.08934496890887314,0.003436344958033582,0.9968042969703674
11,2,24,-0.08934496890887314,-0.003436344958033582,0.9965586066246032
11,2,25,-0.12370841848920897,0.773177615557556,0.7145193815231323
11,2,26,-0.19243531764988062,0.7525595458093545,0.7987475991249084
11,2,27,0.1718172479016791,1.4879373668285412,0.8148065805435181
11,2,28,0.08247227899280597,1.4192104676678694,0.817406177520752
11,2,29,0.2749075966426866,1.6185184752338173,0.7892817854881287
11,2,30,0.1718172479016791,1.5566642659892127,0.7962842583656311
11,2,31,-0.10309034874100746,1.604773095401683,0.8435195088386536
11,2,32,-0.13058110840527612,1.5841550256534813,0.84540855884552
12,1,0,0.10260345469832975,-1.350393855384469,0.9995477795600892
12,1,1,0.06950556608596531,-1.4165896326091978,0.9993552565574646
12,1,2,0.08274472153091109,-1.4165896326091978,0.9993297457695008
12,1,3,0.09598387697585686,-1.4165896326091978,0.999463438987732
12,1,4,0.04964683291854665,-1.4165896326091978,0.9993589520454408
12,1,5,0.04964683291854665,-1.4165896326091978,0.9993035793304444
12,1,6,0.04964683291854665,-1.4165896326091978,0.9993603825569152
12,1,7,0.05626641064101954,-1.3901113217193062,0.9989452958106996
12,1,8,0.016548944306182218,-1.3702525885518877,0.999197244644165
12,1,9,0.09598387697585686,-1.2709589227147944,0.9994515180587769
12,1,10,0.0761251438084382,-1.2709589227147944,0.9993090629577636
12,1,11,0.009929366583709331,-0.9796975029259873,0.9994261264801024
12,1,12,-0.06950556608596531,-1.0194149692608245,0.9994489550590516
12,1,13,0.10260345469832975,-0.48322917374052077,0.5413793921470642
12,1,14,0.023168522028655106,-0.4964683291854665,0.573434054851532
12,1,15,0.1820383873680044,-0.8075884821416922,0.643409788608551
12,1,16,0.31442994181746214,-0.8406863707540566,0.6194283962249756
12,1,17,0.24823416459273326,-0.9135017257012584,0.6491270661354065
12,1,18,0.3938648744871368,-0.9399800365911499,0.610505998134613
12,1,19,0.23499500914778748,-0.9532191920360957,0.6494280099868774
12,1,20,0.3740061413197181,-0.992936658370933,0.6095431447029114
12,1,21,0.20851669825789595,-0.933360458868677,0.6322016716003418
12,1,22,0.3342886749848808,-0.9532191920360957,0.5968984365463257
12,1,23,0.02978809975112799,0.0,0.996779441833496
12,1,24,-0.02978809975112799,0.0,0.9965431094169616
12,1,25,-0.023168522028655106,0.7943493266967464,0.6743253469467163
12,1,26,0.06950556608596531,0.7943493266967464,0.7991742491722107
12,1,27,-0.15556007647811285,1.5026441430013453,0.7804504632949829
12,1,28,-0.03640767747360088,1.5754594979485472,0.8133606910705566
12,1,29,-0.25485374231520613,1.6284161197283302,0.7623487114906311
12,1,30,-0.14232092103316707,1.694611896953059,0.7918490767478943
12,1,31,-0.016548944306182218,1.6217965420058573,0.8180811405181885
12,1,32,0.16879923192305862,1.7806664073452065,0.8382806777954102
12,2,0,-0.22119389974213224,-1.3548126359205601,0.9995797872543336
12,2,1,-0.18663235290742408,-1.4239357295899764,0.9994083642959596
12,2,2,-0.17972004354048246,-1.4239357295899764,0.9993851184844972
12,2,3,-0.1658954248065992,-1.4239357295899764,0.9995054006576538
12,2,4,-0.20736928100824897,-1.430848038956918,0.9994093775749208
12,2,5,-0.21428159037519062,-1.430848038956918,0.9993583559989928
12,2,6,-0.21428159037519062,-1.4377603483238597,0.9994112849235536
12,2,7,-0.0829477124032996,-1.3962864921222098,0.9990431666374208
12,2,8,-0.1451584967057743,-1.410111110856093,0.9992559552192688
12,2,9,-0.18663235290742408,-1.264952614150319,0.9994911551475524
12,2,10,-0.21428159037519062,-1.264952614150319,0.9993467926979064
12,2,11,0.09677233113718287,-1.0022848582065367,0.9994660019874572
12,2,12,-0.19354466227436573,-0.9953725488395951,0.9994539618492126
12,2,13,-0.0829477124032996,-0.4631247275850894,0.585738480091095
12,2,14,-0.2764923746776653,-0.546072439988389,0.5474360585212708
12,2,15,-0.41473856201649795,-0.7465294116296963,0.6735668778419495
12,2,16,-0.5045985837867392,-0.7741786490974629,0.6168051958084106
12,2,17,-0.5391601306214474,-0.8363894333999375,0.6740450263023376
12,2,18,-0.6082832242908637,-0.8778632896015873,0.6064756512641907
12,2,19,-0.5184232025206225,-0.8986002177024123,0.673810601234436
12,2,20,-0.5875462961900388,-0.9331617645371204,0.6042529344558716
12,2,21,-0.4631247275850894,-0.8709509802346457,0.6552848815917969
12,2,22,-0.5391601306214474,-0.8986002177024123,0.5906679630279541
12,2,23,0.10368464050412449,0.0,0.9969143271446228
12,2,24,-0.10368464050412449,0.0,0.996712327003479
12,2,25,-0.0829477124032996,0.8433017427668792,0.7014455795288086
12,2,26,-0.20045697164130735,0.8018278865652294,0.7703776955604553
12,2,27,0.18663235290742408,1.5760065356626922,0.7959939241409302
12,2,28,0.03456154683470816,1.5137957513602176,0.7925302982330322
12,2,29,0.3110539215123735,1.714252723001525,0.7745529413223267
12,2,30,0.12442156860494939,1.638217319965167,0.7791072130203247
12,2,31,-0.13824618733883265,1.7004281042676417,0.829968273639679
12,2,32,-0.18663235290742408,1.7004281042676417,0.8293136954307556
13,1,0,0.10228293960564792,-1.3461754631969145,0.9996045231819152
13,1,1,0.08908514094685464,-1.4121644564908808,0.9994553327560424
13,1,2,0.09568404027625128,-1.4121644564908808,0.99943208694458
13,1,3,0.10888183893504456,-1.4121644564908808,0.9995432496070862
13,1,4,0.06928844295866472,-1.4121644564908808,0.9994542002677916
13,1,5,0.06268954362926808,-1.4055655571614842,0.999404788017273
13,1,6,0.06268954362926808,-1.4055655571614842,0.9994561076164246
13,1,7,0.06268954362926808,-1.3791699598438978,0.9991203546524048
13,1,8,0.0164972483234916,-1.3659721611851043,0.999323546886444
13,1,9,0.10888183893504456,-1.2603897719147583,0.9995299577713012
13,1,10,0.082486241617458,-1.2735875705735515,0.9994013905525208
13,1,11,0.029695046982284878,-0.9832360000800994,0.99948650598526
13,1,12,-0.07588734228806136,-1.0162304967270825,0.9995027780532836
13,1,13,0.14187633558202775,-0.494917449704748,0.5489057898521423
13,1,14,0.029695046982284878,-0.494917449704748,0.5912104249000549
13,1,15,0.247458724852374,-0.8050657181863901,0.6533438563346863
13,1,16,0.32004661747573704,-0.8314613155039766,0.6516364216804504
13,1,17,0.2936510201581505,-0.9106481074567363,0.6549703478813171
13,1,18,0.3992334094284967,-0.9436426041037195,0.639239490032196
13,1,19,0.3002499194875471,-0.970038201421306,0.6542431116104126
13,1,20,0.38603561076970344,-0.9964337987388926,0.636435866355896
13,1,21,0.247458724852374,-0.9238459061155295,0.6362698078155518
13,1,22,0.3530411141227202,-0.9634393020919094,0.6218685507774353
13,1,23,0.0494917449704748,0.0,0.9968984723091124
13,1,24,-0.0494917449704748,0.0,0.9966503977775574
13,1,25,0.00329944966469832,0.7720712215394069,0.6651361584663391
13,1,26,0.06268954362926808,0.7918679195275968,0.7748745679855347
13,1,27,-0.1352774362526311,1.5243457450906237,0.7624902725219727
13,1,28,-0.02309614765288824,1.5771369397257968,0.7889232039451599
13,1,29,-0.27385432216996053,1.6563237316785566,0.7487738132476807
13,1,30,-0.1352774362526311,1.6959171276549365,0.775440514087677
13,1,31,-0.02309614765288824,1.6563237316785566,0.8031116127967834
13,1,32,0.18806863088780423,1.775103919607696,0.8223859667778015
13,2,0,-0.2120010764062831,-1.3527687732591398,0.9996296167373656
13,2,1,-0.1716199189955625,-1.4268008951787943,0.9994981288909912
13,2,2,-0.16488972609377575,-1.4268008951787943,0.9994771480560304
13,2,3,-0.14469914738841544,-1.4268008951787943,0.9995776414871216
13,2,4,-0.19181049770092282,-1.4268008951787943,0.9994941353797911
13,2,5,-0.19181049770092282,-1.433531088080581,0.9994482398033142
13,2,6,-0.19854069060270957,-1.433531088080581,0.9994962811470032
13,2,7,-0.07066702546876104,-1.3931499306698605,0.9992013573646544
13,2,8,-0.12450856868305515,-1.4066103164734338,0.9993689656257628
13,2,9,-0.16488972609377575,-1.2652762655359118,0.9995617866516112
13,2,10,-0.19854069060270957,-1.2652762655359118,0.9994277358055116
13,2,11,0.09758779707590809,-1.002798742366228,0.9995208382606506
13,2,12,-0.16488972609377575,-0.9960685494644412,0.9994863867759703
13,2,13,-0.04374625386161397,-0.47111350312507355,0.5927521586418152
13,2,14,-0.2523822338170037,-0.5586060108483015,0.5572840571403503
13,2,15,-0.39371628475452575,-0.7605117979019045,0.6831381320953369
13,2,16,-0.46774840667418016,-0.7941627624108383,0.6349116563796997
13,2,17,-0.5148597569866875,-0.8547344985269192,0.6803451180458069
13,2,18,-0.5754314931027684,-0.888385463035853,0.6227505803108215
13,2,19,-0.4812087924777537,-0.9153062346430001,0.6793377995491028
13,2,20,-0.5485107214956214,-0.9422270062501471,0.6189792156219482
13,2,21,-0.43409744216524637,-0.8816552701340662,0.660383403301239
13,2,22,-0.4946691782813272,-0.9085760417412133,0.6039667129516602
13,2,23,0.09085760417412132,0.006730192901786765,0.99701726436615
13,2,24,-0.09085760417412132,-0.006730192901786765,0.9968016147613524
13,2,25,-0.09085760417412132,0.8076231482144118,0.6926482915878296
13,2,26,-0.19181049770092282,0.7537816050001177,0.7444897294044495
13,2,27,0.17835011189734928,1.521023595803809,0.7785293459892273
13,2,28,0.05047644676340074,1.4469914738841545,0.7656748294830322
13,2,29,0.30622377703129783,1.6556274538395441,0.7617066502571106
13,2,30,0.14469914738841544,1.5681349461163163,0.7611848711967468
13,2,31,-0.14469914738841544,1.6488972609377575,0.815341591835022
13,2,32,-0.16488972609377575,1.6219764893306103,0.8110334873199463
14,1,0,0.0868055024382126,-1.3213726482261252,0.9996110796928406
14,1,1,0.06751539078527646,-1.385673020402579,0.9995039701461792
14,1,2,0.07394542800292185,-1.385673020402579,0.9994738101959229
14,1,3,0.0868055024382126,-1.3921030576202242,0.9995766878128052
14,1,4,0.048225279132340336,-1.385673020402579,0.9994962811470032
14,1,5,0.041795241914694956,-1.385673020402579,0.9994407892227172
14,1,6,0.035365204697049575,-1.385673020402579,0.9994999766349792
14,1,7,0.06108535356763109,-1.3599528715319975,0.9992096424102784
14,1,8,0.009645055826468067,-1.353522834314352,0.9994036555290222
14,1,9,0.09323553965585799,-1.2442122016143806,0.9995637536048888
14,1,10,0.06751539078527646,-1.250642238832026,0.9994516372680664
14,1,11,0.05465531634998571,-0.9805806756909201,0.9994874000549316
14,1,12,-0.0868055024382126,-1.0191608989967924,0.9995243549346924
14,1,13,0.15110587461466637,-0.5176179960204529,0.5570085644721985
14,1,14,0.016075093044113444,-0.5497681821086798,0.600052535533905
14,1,15,0.25398647009699243,-0.8391198569027218,0.6663434505462646
14,1,16,0.2989967306205101,-0.8841301174262395,0.6687319874763489
14,1,17,0.35686706557931847,-0.9355704151674025,0.6641480922698975
14,1,18,0.38258721444989996,-0.9805806756909201,0.6554482579231262
14,1,19,0.3118568050558008,-0.9934407501262109,0.6622652411460876
14,1,20,0.3697271400146092,-1.032020973432083,0.6514119505882263
14,1,21,0.2604165073146378,-0.9548605268203386,0.643821656703949
14,1,22,0.32471687949109157,-1.0063008245615017,0.6358242034912109
14,1,23,0.041795241914694956,0.003215018608822689,0.996821105480194
14,1,24,-0.041795241914694956,-0.003215018608822689,0.9965399503707886
14,1,25,-0.0289351674794042,0.8005396335968495,0.6571744084358215
14,1,26,0.035365204697049575,0.774819484726268,0.7508825063705444
14,1,27,-0.12538572574408488,1.4821235786672595,0.7438304424285889
14,1,28,-0.02250513026175882,1.5142737647554865,0.7606870532035828
14,1,29,-0.24112639566170166,1.610724323020167,0.7359654307365417
14,1,30,-0.10609561409114873,1.610724323020167,0.7553905248641968
14,1,31,0.02250513026175882,1.623584397455458,0.787150502204895
14,1,32,0.15753591183231175,1.7650452162436563,0.8025931119918823
14,2,0,-0.21938311561145693,-1.3230489433798633,0.9996248483657836
14,2,1,-0.18563186705584817,-1.3973016902022026,0.9995264410972596
14,2,2,-0.17213136763360465,-1.3973016902022026,0.9995000958442688
14,2,3,-0.14513036878911764,-1.4040519399133242,0.9995898008346558
14,2,4,-0.2058826161892134,-1.4040519399133242,0.9995172023773192
14,2,5,-0.2058826161892134,-1.4040519399133242,0.9994665384292604
14,2,6,-0.2058826161892134,-1.410802189624446,0.999523103237152
14,2,7,-0.07762787167790014,-1.383801190779959,0.9992679953575134
14,2,8,-0.1518806185002394,-1.3905514404910808,0.999415159225464
14,2,9,-0.17213136763360465,-1.2420459468464022,0.9995737075805664
14,2,10,-0.2058826161892134,-1.248796196557524,0.9994466304779052
14,2,11,0.13162986936687415,-0.9990369572460192,0.999494969844818
14,2,12,-0.21938311561145693,-0.9990369572460192,0.9995173215866088
14,2,13,-0.03712637341116963,-0.47926772948964436,0.5988568663597107
14,2,14,-0.3611383595450137,-0.5872717248675924,0.5918918251991272
14,2,15,-0.3611383595450137,-0.8235304647568537,0.6904375553131104
14,2,16,-0.4961433537674487,-0.8842827121569494,0.6781186461448669
14,2,17,-0.47589260463408345,-0.9112837110014365,0.6819456815719604
14,2,18,-0.5636458508786663,-0.9787862081126539,0.6613874435424805
14,2,19,-0.4421413560784747,-0.9787862081126539,0.6794697642326355
14,2,20,-0.5298946023230575,-1.032788205801628,0.656588613986969
14,2,21,-0.39488960810062246,-0.9382847098459234,0.6590030789375305
14,2,22,-0.4961433537674487,-0.9990369572460192,0.6389563083648682
14,2,23,0.1248796196557524,-0.006750249711121752,0.9968338012695312
14,2,24,-0.1248796196557524,0.006750249711121752,0.9966424703598022
14,2,25,-0.003375124855560876,0.8370309641790972,0.6873262524604797
14,2,26,-0.17213136763360465,0.8032797156234884,0.7310107350349426
14,2,27,0.18563186705584817,1.5930589318247332,0.7645615339279175
14,2,28,0.030376123700047882,1.5390569341357594,0.7538939118385315
14,2,29,0.2936358624337962,1.7213136763360466,0.7469671964645386
14,2,30,0.11137912023350889,1.6403106798025855,0.7466001510620117
14,2,31,-0.10462887052238715,1.8023166728695077,0.8036452531814575
14,2,32,-0.19913236647809165,1.788816173447264,0.8039649724960327
15,1,0,0.0781758957654723,-1.3094462540716612,0.9996463656425476
15,1,1,0.06514657980456026,-1.3680781758957654,0.9995617270469666
15,1,2,0.07166123778501629,-1.3680781758957654,0.9995347261428832
15,1,3,0.08469055374592833,-1.3680781758957654,0.9996190071105956
15,1,4,0.03908794788273615,-1.3680781758957654,0.9995503425598145
15,1,5,0.03257328990228013,-1.3680781758957654,0.999498724937439
15,1,6,0.03257328990228013,-1.3745928338762214,0.9995543956756592
15,1,7,0.0781758957654723,-1.3550488599348534,0.999323844909668
15,1,8,-0.006514657980456026,-1.3420195439739413,0.999466598033905
15,1,9,0.09120521172638436,-1.244299674267101,0.99960458278656
15,1,10,0.06514657980456026,-1.250814332247557,0.9994907975196838
15,1,11,0.1237785016286645,-0.9576547231270358,0.9995330572128296
15,1,12,-0.1237785016286645,-1.0423452768729642,0.9995617866516112
15,1,13,0.1758957654723127,-0.5146579804560261,0.5827882289886475
15,1,14,-0.026058631921824105,-0.5407166123778502,0.6316359043121338
15,1,15,0.31921824104234525,-0.8664495114006515,0.6980884671211243
15,1,16,0.3127035830618892,-0.9120521172638436,0.7086220383644104
15,1,17,0.42996742671009774,-0.9641693811074918,0.6860897541046143
15,1,18,0.40390879478827363,-0.996742671009772,0.6917049288749695
15,1,19,0.3778501628664495,-1.0358306188925082,0.6828076243400574
15,1,20,0.3778501628664495,-1.0618892508143323,0.6868974566459656
15,1,21,0.3127035830618892,-0.996742671009772,0.663371741771698
15,1,22,0.33876221498371334,-1.0358306188925082,0.6696983575820923
15,1,23,0.0781758957654723,0.0,0.9970241785049438
15,1,24,-0.0781758957654723,0.0,0.996796727180481
15,1,25,0.06514657980456026,0.7947882736156352,0.6534386277198792
15,1,26,0.006514657980456026,0.8338762214983714,0.7400757074356079
15,1,27,-0.09771986970684039,1.5830618892508144,0.7279298901557922
15,1,28,-0.11074918566775244,1.5765472312703583,0.7461857795715332
15,1,29,-0.20195439739413681,1.6872964169381108,0.718653678894043
15,1,30,-0.247557003257329,1.6742671009771988,0.7386112213134766
15,1,31,0.09771986970684039,1.771986970684039,0.7708020210266113
15,1,32,0.03257328990228013,1.8371335504885993,0.7936314940452576
15,2,0,-0.21731353352912774,-1.3272841970932878,0.9996511340141296
15,2,1,-0.17050754169208485,-1.394149899717635,0.9995742440223694
15,2,2,-0.15713440116721544,-1.394149899717635,0.9995525479316713
15,2,3,-0.13038812011747664,-1.4008364699800695,0.9996262192726136
15,2,4,-0.19725382274182365,-1.4008364699800695,0.9995590448379515
15,2,5,-0.19725382274182365,-1.4008364699800695,0.9995104670524596
15,2,6,-0.19725382274182365,-1.4075230402425043,0.9995604753494264
15,2,7,-0.06352241749312965,-1.3807767591927655,0.999375820159912
15,2,8,-0.14376126064234604,-1.394149899717635,0.9994549751281738
15,2,9,-0.16382097142965013,-1.2470453539440716,0.9996055364608764
15,2,10,-0.19725382274182365,-1.2470453539440716,0.9994537830352784
15,2,11,0.15044783090478075,-0.9996422542339876,0.9995545148849488
15,2,12,-0.20394039300425834,-0.9996422542339876,0.999514639377594
15,2,13,0.016716425656086747,-0.49814948455138514,0.6218836903572083
15,2,14,-0.27080609562860536,-0.5115226250762546,0.5917797088623047
15,2,15,-0.33767179825295235,-0.879283989510163,0.7206202149391174
15,2,16,-0.39785093061486465,-0.9929556839715529,0.6842761635780334
15,2,17,-0.4446569224519075,-0.9528362623969447,0.704157829284668
15,2,18,-0.49146291428895045,-0.9996422542339876,0.6673721671104431
15,2,19,-0.4245972116646034,-1.0197019650212917,0.7004123330116272
15,2,20,-0.47140320350164633,-1.0598213865958999,0.6614893078804016
15,2,21,-0.3911643603524299,-0.9862691137091182,0.6790030002593994
15,2,22,-0.411224071139734,-1.0598213865958999,0.6439076066017151
15,2,23,0.13707469037991135,-0.01002985539365205,0.9970216751098632
15,2,24,-0.13707469037991135,0.01002985539365205,0.996887743473053
15,2,25,0.05014927696826025,0.8391645679355548,0.6845632195472717
15,2,26,-0.12370154985504195,0.8257914274106855,0.7354397177696228
15,2,27,0.17050754169208485,1.61480671837798,0.7492529153823853
15,2,28,0.016716425656086747,1.5345678752287635,0.7512152194976807
15,2,29,0.27749266589104005,1.7284784128393698,0.7224005460739136
15,2,30,0.11032840933017254,1.6348664291652841,0.7359055280685425
15,2,31,-0.07020898775556435,1.8555232478256292,0.7876250743865967
15,2,32,-0.18388068221695425,1.7819709749388475,0.8008869290351868
16,1,0,0.13850528299964512,-1.2828227401633796,0.9996569752693176
16,1,1,0.11212332433304605,-1.3487776368298774,0.9995906949043274
16,1,2,0.11212332433304605,-1.3487776368298774,0.9995644092559814
16,1,3,0.1187188139996958,-1.3553731264965272,0.9996396899223328
16,1,4,0.08574136566644697,-1.3553731264965272,0.9995726943016052
16,1,5,0.07255038633314743,-1.361968616163177,0.9995144009590148
16,1,6,0.06595489666649768,-1.361968616163177,0.9995679259300232
16,1,7,0.11212332433304605,-1.328991167829928,0.9994049668312072
16,1,8,0.039572937999898604,-1.3355866574965778,0.999489963054657
16,1,9,0.13850528299964512,-1.2102723538302322,0.9996225237846376
16,1,10,0.1187188139996958,-1.216867843496882,0.9994876980781556
16,1,11,0.15829175199959442,-0.9530482568308913,0.9995876550674438
16,1,12,-0.07914587599979721,-1.045385112163988,0.999558448791504
16,1,13,0.2374376279993916,-0.5111504491653569,0.6105454564094543
16,1,14,0.006595489666649767,-0.5045549594987072,0.6312274932861328
16,1,15,0.3825384006656865,-0.8475204221644951,0.7318436503410339
16,1,16,0.36934742133238696,-0.8475204221644951,0.7137892246246338
16,1,17,0.4484932973321842,-0.9134753188309928,0.7138906121253967
16,1,18,0.4682797663321335,-0.9002843394976933,0.6966593265533447
16,1,19,0.4287068283322349,-0.9860257051641402,0.7095219492912292
16,1,20,0.4418978076655344,-0.9794302154974904,0.6908830404281616
16,1,21,0.3825384006656865,-0.9596437464975411,0.6884428858757019
16,1,22,0.39572937999898605,-0.9662392361641909,0.6733626127243042
16,1,23,0.07255038633314743,0.0032977448333248835,0.9971837997436525
16,1,24,-0.07255038633314743,-0.0032977448333248835,0.9970084428787231
16,1,25,0.09893234499974651,0.8013519944979467,0.6506794691085815
16,1,26,0.07255038633314743,0.8541159118311449,0.7465363144874573
16,1,27,-0.07914587599979721,1.5994062441625685,0.7108249068260193
16,1,28,-0.10552783466639627,1.5994062441625685,0.7492188215255737
16,1,29,-0.19126920033284325,1.7115295684956147,0.6922444701194763
16,1,30,-0.24403311766604138,1.698338589162315,0.733360767364502
16,1,31,0.03297744833324884,1.810461913495361,0.7530869841575623
16,1,32,0.03297744833324884,1.869821320495209,0.7947012782096863
16,2,0,-0.2080536912751678,-1.2919463087248322,0.9996435642242432
16,2,1,-0.174496644295302,-1.3657718120805369,0.9995853304862976
16,2,2,-0.1610738255033557,-1.3724832214765101,0.9995640516281128
16,2,3,-0.14093959731543623,-1.3724832214765101,0.9996301531791688
16,2,4,-0.19463087248322147,-1.3724832214765101,0.9995576739311218
16,2,5,-0.19463087248322147,-1.3724832214765101,0.9995018243789672
16,2,6,-0.19463087248322147,-1.3791946308724832,0.9995510578155518
16,2,7,-0.06711409395973154,-1.3590604026845639,0.9994389414787292
16,2,8,-0.14093959731543623,-1.3724832214765101,0.9994322657585144
16,2,9,-0.1610738255033557,-1.2114093959731544,0.9995982050895692
16,2,10,-0.18791946308724833,-1.2114093959731544,0.9993909597396852
16,2,11,0.15436241610738255,-0.9966442953020134,0.9995992183685304
16,2,12,-0.15436241610738255,-1.0033557046979866,0.99946129322052
16,2,13,0.03355704697986577,-0.4865771812080537,0.6474277973175049
16,2,14,-0.22818791946308725,-0.5,0.585063099861145
16,2,15,-0.3422818791946309,-0.8355704697986577,0.7508821487426758
16,2,16,-0.3825503355704698,-0.8691275167785235,0.6751104593276978
16,2,17,-0.4697986577181208,-0.9362416107382551,0.7282575368881226
16,2,18,-0.4899328859060403,-0.9429530201342282,0.6605735421180725
16,2,19,-0.4429530201342282,-1.0503355704697988,0.7235872149467468
16,2,20,-0.46308724832214765,-1.0302013422818792,0.6539723873138428
16,2,21,-0.40268456375838924,-1.023489932885906,0.7001667618751526
16,2,22,-0.40939597315436244,-0.9899328859060402,0.636893630027771
16,2,23,0.12080536912751678,-0.003355704697986577,0.997050166130066
16,2,24,-0.12080536912751678,0.003355704697986577,0.9969608187675476
16,2,25,0.06040268456375839,0.8758389261744967,0.680517315864563
16,2,26,-0.053691275167785234,0.8557046979865772,0.7266248464584351
16,2,27,0.174496644295302,1.6140939597315436,0.7331051826477051
16,2,28,0.0738255033557047,1.5671140939597314,0.7468351125717163
16,2,29,0.2953020134228188,1.7416107382550337,0.7064149975776672
16,2,30,0.1610738255033557,1.667785234899329,0.7283624410629272
16,2,31,-0.11409395973154363,1.8624161073825503,0.7713794112205505
16,2,32,-0.16778523489932887,1.8221476510067114,0.797902524471283
17,1,0,0.13984780409713207,-1.2919273330877916,0.999613642692566
17,1,1,0.11321012712624978,-1.3518621062722769,0.999559760093689
17,1,2,0.11986954636897036,-1.3518621062722769,0.9995211958885192
17,1,3,0.12652896561169094,-1.3518621062722769,0.9996045231819152
17,1,4,0.09323186939808806,-1.3585215255149974,0.9995396733283995
17,1,5,0.0799130309126469,-1.3585215255149974,0.9994662404060364
17,1,6,0.06659419242720575,-1.3585215255149974,0.9995323419570924
17,1,7,0.12652896561169094,-1.3318838485441151,0.9993783831596376
17,1,8,0.04661593469904403,-1.3252244293013944,0.9994369149208068
17,1,9,0.13984780409713207,-1.2186737214178653,0.999549925327301
17,1,10,0.1065507078835292,-1.2186737214178653,0.9993898272514344
17,1,11,0.11321012712624978,-0.9789346286799245,0.9995641112327576
17,1,12,-0.019978257728161725,-1.018891144136248,0.9995019435882568
17,1,13,0.18646373879617612,-0.47947818547588145,0.6079554557800293
17,1,14,0.019978257728161725,-0.4594999277477197,0.6252007484436035
17,1,15,0.3795868968350728,-0.7858114706410279,0.7379935383796692
17,1,16,0.3929057353205139,-0.7924708898837485,0.7055901288986206
17,1,17,0.49945644320404314,-0.8723839207963954,0.7182962894439697
17,1,18,0.5061158624467638,-0.8657245015536748,0.6907775402069092
17,1,19,0.4728187662331608,-0.9389781132236011,0.7129203677177429
17,1,20,0.47947818547588145,-0.9389781132236011,0.6844142079353333
17,1,21,0.4128839930486757,-0.92565927473816,0.6895414590835571
17,1,22,0.4328622507768374,-0.9123404362527189,0.6672535538673401
17,1,23,0.006659419242720575,0.0,0.9967567920684814
17,1,24,-0.006659419242720575,0.0,0.9967106580734252
17,1,25,0.12652896561169094,0.8590650823109542,0.6453648209571838
17,1,26,0.13984780409713207,0.8857027592818365,0.7385251522064209
17,1,27,-0.06659419242720575,1.5916011990102175,0.7002059817314148
17,1,28,-0.07325361166992633,1.6515359721947027,0.7506279945373535
17,1,29,-0.18646373879617612,1.7314490031073495,0.6808347105979919
17,1,30,-0.20644199652433784,1.758086680078232,0.7318252325057983
17,1,31,0.09323186939808806,1.8246808725054378,0.7436839938163757
17,1,32,0.11321012712624978,1.9045939034180845,0.7954269051551819
17,2,0,-0.2506800730908499,-1.2980420223060447,0.9996203184127808
17,2,1,-0.21634033705100744,-1.3804573888016667,0.9995734691619872
17,2,2,-0.20947238984303895,-1.3804573888016667,0.9995384812355042
17,2,3,-0.1888685482191335,-1.3873253360096351,0.999614715576172
17,2,4,-0.2438121258828814,-1.3804573888016667,0.9995494484901428
17,2,5,-0.2438121258828814,-1.3804573888016667,0.9994804263114928
17,2,6,-0.2506800730908499,-1.3873253360096351,0.99954491853714
17,2,7,-0.1064531817235116,-1.373589441593698,0.9994215965270996
17,2,8,-0.182000601011165,-1.3804573888016667,0.9994347095489502
17,2,9,-0.20260444263507046,-1.2156266558104227,0.9995517134666444
17,2,10,-0.23007623146694442,-1.2156266558104227,0.9993494749069214
17,2,11,0.13392497055538558,-1.0164561867793367,0.9995914101600648
17,2,12,-0.20947238984303895,-0.9821164507394942,0.9994571208953856
17,2,13,0.017169868019921226,-0.46702041014185736,0.6453371644020081
17,2,14,-0.2918877563386608,-0.4189447796860779,0.5821303129196167
17,2,15,-0.3811710700422512,-0.714266509628723,0.7571262717247009
17,2,16,-0.3674351756263142,-0.659322931964975,0.6681139469146729
17,2,17,-0.5116620669936526,-0.7898139289163764,0.7334749102592468
17,2,18,-0.48419027816177856,-0.7348703512526285,0.6555526852607727
17,2,19,-0.4910582253697471,-0.8722292954119983,0.7278435230255127
17,2,20,-0.4773223309538101,-0.8241536649562189,0.6486634016036987
17,2,21,-0.44298259491396763,-0.8584934009960613,0.7023311257362366
17,2,22,-0.4155108060820937,-0.8104177705402819,0.6321631073951721
17,2,23,0.13392497055538558,-0.013735894415936981,0.9967875480651855
17,2,24,-0.13392497055538558,0.013735894415936981,0.9967200756072998
17,2,25,0.030905762435858207,0.8997010842438723,0.6761544346809387
17,2,26,-0.09958523451554312,0.8790972426199668,0.7216935753822327
17,2,27,0.182000601011165,1.6483073299124378,0.7233632206916809
17,2,28,0.07898139289163764,1.6483073299124378,0.7450234293937683
17,2,29,0.2918877563386608,1.806270115695713,0.6947682499885559
17,2,30,0.16826470659522802,1.7513265380319651,0.7219510078430176
17,2,31,-0.09958523451554312,1.9092893238152404,0.7621212005615234
17,2,32,-0.15452881217929104,1.8955534293993033,0.7939770817756653
18,1,0,0.15326437987342958,-1.2760925541635548,0.9996055364608764
18,1,1,0.12660970511283312,-1.3560565784453442,0.9995655417442322
18,1,2,0.12660970511283312,-1.3560565784453442,0.9995195269584656
18,1,3,0.12660970511283312,-1.3560565784453442,0.9996076822280884
18,1,4,0.09995503035223667,-1.3560565784453442,0.9995403289794922
18,1,5,0.08662769297193845,-1.3560565784453442,0.9994579553604126
18,1,6,0.07330035559164023,-1.3627202471354933,0.9995349049568176
18,1,7,0.1132823677325349,-1.3360655723748969,0.9993919134140016
18,1,8,0.046645680831043784,-1.3360655723748969,0.9994552731513976
18,1,9,0.14660071118328047,-1.2027921985719148,0.9995431900024414
18,1,10,0.12660970511283312,-1.2027921985719148,0.9993727803230286
18,1,11,0.1132823677325349,-0.9828911317969939,0.9996070265769958
18,1,12,-0.05330934952119289,-1.0162094752477395,0.999504029750824
18,1,13,0.2199010667749207,-0.5031069861062579,0.6129382252693176
18,1,14,0.013327337380298223,-0.4364702992047668,0.6227753162384033
18,1,15,0.3998201214089467,-0.7763174024023716,0.7522580027580261
18,1,16,0.3931564527187976,-0.7230080528811786,0.6994996666908264
18,1,17,0.5197661578316307,-0.8362904206137135,0.7296730875968933
18,1,18,0.5064388204513325,-0.7896447397826698,0.6863895058631897
18,1,19,0.5064388204513325,-0.8962634388250555,0.7237293124198914
18,1,20,0.48644781438088514,-0.8562814266841609,0.6797342300415039
18,1,21,0.4398021335498414,-0.8895997701349064,0.6990092992782593
18,1,22,0.43313846485969226,-0.8496177579940117,0.6629654169082642
18,1,23,0.03998201214089467,-0.003331834345074556,0.9967743754386902
18,1,24,-0.03998201214089467,0.003331834345074556,0.9966000914573668
18,1,25,0.06663668690149112,0.8895997701349064,0.6371838450431824
18,1,26,0.09329136166208757,0.8829361014447573,0.7309747338294983
18,1,27,-0.07330035559164023,1.642594332121756,0.6900932788848877
18,1,28,-0.06663668690149112,1.6559216695020542,0.7461191415786743
18,1,29,-0.19991006070447334,1.76254036854444,0.671526312828064
18,1,30,-0.18658272332417514,1.76254036854444,0.723717212677002
18,1,31,0.14660071118328047,1.869159067586826,0.7349817752838135
18,1,32,0.13993704249313135,1.8958137423474224,0.7913443446159363
18,2,0,-0.25487558535985216,-1.2984877794684362,0.9995845556259156
18,2,1,-0.22043293868960187,-1.3811501314770367,0.99955552816391
18,2,2,-0.20665588002150176,-1.3811501314770367,0.999514937400818
18,2,3,-0.19287882135340165,-1.3880386608110868,0.9995959997177124
18,2,4,-0.24109852669175205,-1.3880386608110868,0.99952232837677
18,2,5,-0.24109852669175205,-1.3880386608110868,0.9994432330131532
18,2,6,-0.24798705602580212,-1.3880386608110868,0.9995211958885192
18,2,7,-0.117104998678851,-1.3673730728089366,0.9994205832481384
18,2,8,-0.17910176268530154,-1.3811501314770367,0.999401330947876
18,2,9,-0.20665588002150176,-1.2158254274598355,0.999509871006012
18,2,10,-0.234209997357702,-1.2158254274598355,0.999253273010254
18,2,11,0.12399352801290106,-1.0160580767723837,0.9996106624603271
18,2,12,-0.22043293868960187,-0.9816154301021334,0.9993732571601868
18,2,13,0.013777058668100117,-0.46497573004837894,0.649511992931366
18,2,14,-0.30309529069820257,-0.4374216127121787,0.5784265995025635
18,2,15,-0.39264617204085334,-0.706074256740131,0.767731249332428
18,2,16,-0.39953470137490343,-0.6854086687379809,0.6585120558738708
18,2,17,-0.5235282293878045,-0.7818480794146817,0.7404518127441406
18,2,18,-0.5028626413856543,-0.7611824914125315,0.6475391387939453
18,2,19,-0.4890855827175542,-0.8645104314232824,0.7341871857643127
18,2,20,-0.4890855827175542,-0.8369563140870822,0.6405684947967529
18,2,21,-0.44775440671325384,-0.8507333727551822,0.706760823726654
18,2,22,-0.4339773480451537,-0.8025136674168318,0.6243470311164856
18,2,23,0.13777058668100117,-0.017221323335125147,0.9965716004371644
18,2,24,-0.13777058668100117,0.017221323335125147,0.9963945746421814
18,2,25,0.020665588002150178,0.8989530780935326,0.6688019037246704
18,2,26,-0.09643941067670082,0.8782874900913825,0.7106282711029053
18,2,27,0.16532470401720142,1.6773568928411893,0.7141554355621338
18,2,28,0.07577382267455064,1.6704683635071393,0.7364803552627563
18,2,29,0.2824297026960524,1.8220160088562405,0.686037003993988
18,2,30,0.18599029201935158,1.77379630351789,0.7103961706161499
18,2,31,-0.11021646934480094,1.9322324782010416,0.7538424730300903
18,2,32,-0.15843617468315135,1.9046783608648412,0.7851940989494324
19,1,0,0.13725416904928342,-1.2548952598791627,0.9996045231819152
19,1,1,0.11764643061367151,-1.3333262136216104,0.999581515789032
19,1,2,0.11764643061367151,-1.3333262136216104,0.99954092502594
19,1,3,0.12418234342554214,-1.3398621264334811,0.999619722366333
19,1,4,0.10457460498993022,-1.3333262136216104,0.999549686908722
19,1,5,0.09150277936618895,-1.3333262136216104,0.9994722604751588
19,1,6,0.07843095374244767,-1.3398621264334811,0.999548316001892
19,1,7,0.11111051780180087,-1.3202543879978692,0.9994486570358276
19,1,8,0.05228730249496511,-1.3267903008097397,0.9994494915008544
19,1,9,0.13725416904928342,-1.1895361317604563,0.9995396733283995
19,1,10,0.11764643061367151,-1.1830002189485858,0.9993128776550292
19,1,11,0.07843095374244767,-0.9803869217805959,0.9996262788772584
19,1,12,-0.07189504093057704,-1.0196023986518197,0.9994315505027772
19,1,13,0.19607738435611918,-0.4967293737021686,0.616358757019043
19,1,14,0.0,-0.4117625071478503,0.6195350289344788
19,1,15,0.32679564059353194,-0.7777736246126061,0.7554473280906677
19,1,16,0.30718790215792,-0.6601271939989346,0.6909053921699524
19,1,17,0.42483433277159155,-0.8235250142957006,0.730111300945282
19,1,18,0.4182984199597209,-0.7189504093057704,0.6793509125709534
19,1,19,0.3856188559003677,-0.8758123167906656,0.7238415479660034
19,1,20,0.398690681524109,-0.7647017989888648,0.6727008819580078
19,1,21,0.33986746621727326,-0.869276403978795,0.6985514760017395
19,1,22,0.3529392918410145,-0.7581658861769942,0.6564413905143738
19,1,23,0.0326795640593532,-0.006535912811870639,0.9965260028839112
19,1,24,-0.0326795640593532,0.006535912811870639,0.996297299861908
19,1,25,0.058823215306835756,0.8562045783550537,0.6351403594017029
19,1,26,0.07189504093057704,0.8562045783550537,0.7201675772666931
19,1,27,-0.07189504093057704,1.594762726096436,0.6833295822143555
19,1,28,-0.019607738435611918,1.6601218542151424,0.7372221946716309
19,1,29,-0.1830055587323779,1.7124091567101074,0.6633234620094299
19,1,30,-0.10457460498993022,1.7646964592050727,0.7133463621139526
19,1,31,0.09150277936618895,1.7712323720169432,0.7299284338951111
19,1,32,0.18954147154424855,1.8561992385712616,0.7826612591743469
19,2,0,-0.28550699497986887,-1.3076925325621154,0.9996050000190736
19,2,1,-0.24320966239025865,-1.3993367531729375,0.999597430229187
19,2,2,-0.22911055152705526,-1.3993367531729375,0.9995594620704652
19,2,3,-0.20796188523225015,-1.4063863086045392,0.999634861946106
19,2,4,-0.27140788411666544,-1.3922871977413358,0.9995558857917786
19,2,5,-0.27140788411666544,-1.3993367531729375,0.9994784593582152
19,2,6,-0.27140788411666544,-1.3993367531729375,0.999555766582489
19,2,7,-0.13746633091623314,-1.3852376423097341,0.9994881749153136
19,2,8,-0.21501144066385183,-1.3922871977413358,0.9994327425956726
19,2,9,-0.23616010695865694,-1.2371969782460983,0.999550998210907
19,2,10,-0.27140788411666544,-1.2301474228144966,0.9992911219596864
19,2,11,0.08106988746341955,-1.011611204434844,0.9996410608291626
19,2,12,-0.22206099609545354,-0.9834129827084371,0.9992800951004028
19,2,13,-0.02467344401060595,-0.4264981036119028,0.653061032295227
19,2,14,-0.29960610584307223,-0.39829988188549603,0.5695845484733582
19,2,15,-0.39829988188549603,-0.6520838774231572,0.7722082138061523
19,2,16,-0.39125032645389435,-0.5604396568123351,0.6435440182685852
19,2,17,-0.5040432133595215,-0.7014307654443691,0.7435138821601868
19,2,18,-0.48289454706471646,-0.6309352111283522,0.6353396773338318
19,2,19,-0.48994410249631815,-0.7578272088971827,0.7370638847351074
19,2,20,-0.46879543620151304,-0.6802820991495641,0.629067599773407
19,2,21,-0.44764676990670793,-0.750777653465581,0.7099958658218384
19,2,22,-0.43354765904350456,-0.6732325437179624,0.6146118640899658
19,2,23,0.11631766462142805,-0.01057433314740255,0.9964548349380492
19,2,24,-0.11631766462142805,0.01057433314740255,0.9959511160850524
19,2,25,-0.02467344401060595,0.9058678729608184,0.6657652854919434
19,2,26,-0.15861499721103825,0.8635705403712083,0.6943303942680359
19,2,27,0.13041677548463146,1.7306658584582173,0.7068644762039185
19,2,28,0.08106988746341955,1.6954180813002089,0.7160161733627319
19,2,29,0.23616010695865694,1.878706522521853,0.6786724925041199
19,2,30,0.17976366350584336,1.8646074116586495,0.6947579383850098
19,2,31,-0.17271410807424165,1.9562516322694716,0.7472090125083923
19,2,32,-0.10926810918982635,1.928053410543065,0.7663355469703674
20,1,0,0.12580579705790956,-1.2516063912427926,0.9995992183685304
20,1,1,0.10645105904900042,-1.3225737639421262,0.9995877742767334
20,1,2,0.10645105904900042,-1.3290253432784294,0.9995407462120056
20,1,3,0.11290263838530347,-1.3354769226147325,0.9996234178543092
20,1,4,0.08709632104009124,-1.3290253432784294,0.9995540976524352
20,1,5,0.07419316236748513,-1.3290253432784294,0.9994704723358154
20,1,6,0.05483842435857597,-1.3354769226147325,0.9995578527450562
20,1,7,0.0935479003763943,-1.3225737639421262,0.9994516968727112
20,1,8,0.02903210701336375,-1.3225737639421262,0.9994634985923768
20,1,9,0.11935421772160652,-1.1870905978797621,0.9995502829551696
20,1,10,0.09999947971269736,-1.1870905978797621,0.9993361234664916
20,1,11,0.08709632104009124,-0.9741884797817614,0.999617338180542
20,1,12,-0.0935479003763943,-1.0258011144721857,0.9993478655815125
20,1,13,0.13225737639421264,-0.4838684502227291,0.6125157475471497
20,1,14,-0.0354836863496668,-0.4451589742049108,0.6118865013122559
20,1,15,0.27419212179287983,-0.7483832030111544,0.7509759664535522
20,1,16,0.31290159781069815,-0.5999968782761841,0.677867591381073
20,1,17,0.36451423250112264,-0.7741895203563666,0.7263450622558594
20,1,18,0.4354816052004562,-0.580642140267275,0.6691519021987915
20,1,19,0.34515949449221345,-0.8322537343830941,0.7199012637138367
20,1,20,0.4354816052004562,-0.6387063542940025,0.6632547974586487
20,1,21,0.29999843913809204,-0.8387053137193972,0.6941975355148315
20,1,22,0.39032054984633485,-0.6838674096481239,0.6488436460494995
20,1,23,0.06774158303118208,-0.0064515793363030555,0.9961109161376952
20,1,24,-0.06774158303118208,0.0064515793363030555,0.9958492517471312
20,1,25,0.06774158303118208,0.8322537343830941,0.6395626664161682
20,1,26,0.022580527677060692,0.819350575710488,0.7046705484390259
20,1,27,-0.1387089557305157,1.5870885167305515,0.6847224235534668
20,1,28,-0.0032257896681515278,1.6193464134120668,0.7217015027999878
20,1,29,-0.2612889631202737,1.6903137861114004,0.6644139289855957
20,1,30,-0.0354836863496668,1.7677327381470371,0.7020363807678223
20,1,31,-0.07419316236748513,1.7677327381470371,0.7314004898071289
20,1,32,0.20322474909354624,1.8451516901826739,0.7687376141548157
20,2,0,-0.26708914992458166,-1.290352776259018,0.9996081590652466
20,2,1,-0.23240224733697365,-1.3805387229867987,0.9996083378791808
20,2,2,-0.21852748630193045,-1.3874761035043204,0.9995648860931396
20,2,3,-0.19771534474936564,-1.3874761035043204,0.9996430277824402
20,2,4,-0.26015176940706003,-1.3805387229867987,0.999562919139862
20,2,5,-0.26015176940706003,-1.3805387229867987,0.9994819760322572
20,2,6,-0.26708914992458166,-1.3874761035043204,0.9995682239532472
20,2,7,-0.12834153957414962,-1.3805387229867987,0.9994953274726868
20,2,8,-0.21159010578440884,-1.3805387229867987,0.9994626045227052
20,2,9,-0.21852748630193045,-1.2279163516013234,0.9995768070220948
20,2,10,-0.25321438888953846,-1.220978971083802,0.9993461966514589
20,2,11,0.10059201750406323,-1.0059201750406321,0.9996469020843506
20,2,12,-0.19077796423184404,-0.992045414005589,0.9992764592170716
20,2,13,0.017343451293804005,-0.4162428310512961,0.6497851610183716
20,2,14,-0.23240224733697365,-0.4162428310512961,0.5633310079574585
20,2,15,-0.37114985768740566,-0.610489485541901,0.7699412703514099
20,2,16,-0.3642124771698841,-0.5549904414017282,0.6336357593536377
20,2,17,-0.5029600875203161,-0.6382390076119874,0.7427101731300354
20,2,18,-0.4752105654502297,-0.5827399634718146,0.6283643245697021
20,2,19,-0.4890853264852729,-0.7076128127872033,0.736223578453064
20,2,20,-0.4543984238976649,-0.645176388129509,0.6229071617126465
20,2,21,-0.4405236628626217,-0.7006754322696818,0.7094221115112305
20,2,22,-0.4197115213100569,-0.6590511491645521,0.6103892922401428
20,2,23,0.11446677853910643,-0.006937380517521602,0.996116042137146
20,2,24,-0.11446677853910643,0.006937380517521602,0.99529767036438
20,2,25,0.03815559284636881,0.887984706242765,0.6653775572776794
20,2,26,-0.16302844216175763,0.8255482815850705,0.6701825857162476
20,2,27,0.14221630060919283,1.7204703683453573,0.7019837498664856
20,2,28,0.09365463698654163,1.6233470411000548,0.6831004023551941
20,2,29,0.23933962785449525,1.845343217660746,0.6651838421821594
20,2,30,0.18384058371432244,1.7482198904154436,0.6675318479537964
20,2,31,-0.18384058371432244,1.94940392542357,0.7394214868545532
20,2,32,-0.07977987595149842,1.810656315073138,0.7361609935760498
21,1,0,0.13591592455830595,-1.2458959751178045,0.9995766282081604
21,1,1,0.11649936390711939,-1.3300344046062798,0.9995574951171876
21,1,2,0.11649936390711939,-1.3300344046062798,0.9994997978210448
21,1,3,0.11649936390711939,-1.3365065914900085,0.9996023178100586
21,1,4,0.10355499013966167,-1.3300344046062798,0.9995277523994446
21,1,5,0.09061061637220397,-1.3365065914900085,0.9994383454322816
21,1,6,0.07766624260474626,-1.3494509652574662,0.9995442628860474
21,1,7,0.10355499013966167,-1.3300344046062798,0.9993485808372498
21,1,8,0.045305308186101984,-1.3429787783737375,0.999450147151947
21,1,9,0.12297155079084825,-1.1876462931642449,0.9995164275169371
21,1,10,0.10355499013966167,-1.1941184800479736,0.999351680278778
21,1,11,0.11649936390711939,-0.954647565350006,0.999544084072113
21,1,12,-0.09708280325593283,-1.04525818172221,0.9993393421173096
21,1,13,0.15533248520949253,-0.4498169884191554,0.6025428175926208
21,1,14,-0.051777495069830835,-0.48865010972152856,0.6064069867134094
21,1,15,0.3300815310701716,-0.6245660342798345,0.7465012669563293
21,1,16,0.3041927835352562,-0.6310382211635633,0.6690295934677124
21,1,17,0.43363652120983326,-0.6569269686984788,0.7249601483345032
21,1,18,0.446580894977291,-0.598677286744919,0.6629482507705688
21,1,19,0.4142199605586467,-0.6957600900008519,0.719362199306488
21,1,20,0.45305308186101984,-0.6828157162333942,0.6577174067497253
21,1,21,0.36244246548881587,-0.7540097719544115,0.6929066777229309
21,1,22,0.4077477736749179,-0.7216488375357674,0.6447055339813232
21,1,23,0.058249681953559694,-0.003236093441864427,0.9956656694412231
21,1,24,-0.058249681953559694,0.003236093441864427,0.9951464533805848
21,1,25,0.058249681953559694,0.8187316407917001,0.626258373260498
21,1,26,0.012944373767457709,0.7863707063730558,0.6843129992485046
21,1,27,-0.14886029832576367,1.5500887586530607,0.6743539571762085
21,1,28,-0.08413842948847511,1.582449693071705,0.6947482228279114
21,1,29,-0.22005435404678106,1.6989490569788244,0.6487047076225281
21,1,30,-0.16180467209322136,1.7054212438625533,0.6792193651199341
21,1,31,-0.006472186883728854,1.757198738932384,0.7237824201583862
21,1,32,0.2006377933955945,1.7248378045137398,0.7449464797973633
21,2,0,-0.3129735975520843,-1.2690907417221882,0.9995795488357544
21,2,1,-0.2785808945243827,-1.3653903101997524,0.9995749592781068
21,2,2,-0.2648238133133021,-1.3722688508052927,0.9995222091674804
21,2,3,-0.24418819149668117,-1.3722688508052927,0.9996182322502136
21,2,4,-0.2992165163410037,-1.3653903101997524,0.9995312690734864
21,2,5,-0.2992165163410037,-1.3653903101997524,0.999444305896759
21,2,6,-0.2992165163410037,-1.3722688508052927,0.9995455145835876
21,2,7,-0.17540278544127802,-1.3722688508052927,0.9994013905525208
21,2,8,-0.23730965089114087,-1.3722688508052927,0.999439775943756
21,2,9,-0.2579452727077618,-1.2071838762723253,0.9995414614677428
21,2,10,-0.2923379757354634,-1.2071838762723253,0.9993443489074708
21,2,11,0.07222467635817331,-0.9939491175005755,0.9995779991149902
21,2,12,-0.2166740290745199,-1.0008276581061157,0.9992327094078064
21,2,13,0.05158905454155236,-0.40927316602964875,0.6410560607910156
21,2,14,-0.2992165163410037,-0.4436658690573503,0.5573733448982239
21,2,15,-0.35424484118532623,-0.5881152217736969,0.766160249710083
21,2,16,-0.3817590036074875,-0.6293864654069388,0.6213694214820862
21,2,17,-0.4849371126905922,-0.6293864654069388,0.7412387132644653
21,2,18,-0.5055727345072132,-0.6225079248013985,0.6179335117340088
21,2,19,-0.47805857208505187,-0.6912933308568017,0.735381007194519
21,2,20,-0.4918156532961325,-0.6844147902512613,0.6130170226097107
21,2,21,-0.43678732845181,-0.6912933308568017,0.7074268460273743
21,2,22,-0.4436658690573503,-0.7050504120678822,0.6015726923942566
21,2,23,0.1134959199914152,-0.0034392703027701574,0.9952773451805116
21,2,24,-0.1134959199914152,0.0034392703027701574,0.9939767718315125
21,2,25,0.030953432724931416,0.8563783053897692,0.651432454586029
21,2,26,-0.18228132604681835,0.7944714399399063,0.6496884822845459
21,2,27,0.14101008241357646,1.6749246374490667,0.6870964765548706
21,2,28,0.09286029817479426,1.6336533938158249,0.658614993095398
21,2,29,0.22355256968006024,1.8262525307709536,0.6511826515197754
21,2,30,0.17540278544127802,1.7781027465321713,0.6507009863853455
21,2,31,-0.19603840725789898,1.8606452337986552,0.7272996306419373
21,2,32,-0.09973883878033457,1.791859827743252,0.711720883846283
22,1,0,0.15832963731937094,-1.2963239055523494,0.9995384216308594
22,1,1,0.1319413644328091,-1.375488724212035,0.9995194673538208
22,1,2,0.1319413644328091,-1.375488724212035,0.9994488954544068
22,1,3,0.1319413644328091,-1.375488724212035,0.999561846256256
22,1,4,0.11215015976788774,-1.375488724212035,0.9994903802871704
22,1,5,0.09235895510296638,-1.375488724212035,0.9993978142738342
22,1,6,0.07916481865968547,-1.375488724212035,0.9995183944702148
22,1,7,0.11215015976788774,-1.362294587768754,0.9992153644561768
22,1,8,0.039582409329842735,-1.3556975195471137,0.9994387626647948
22,1,9,0.15832963731937094,-1.2303532233359449,0.9994756579399108
22,1,10,0.1319413644328091,-1.2303532233359449,0.9993568062782288
22,1,11,0.19131497842757322,-0.9532763580270458,0.9994863271713256
22,1,12,-0.12534429621116866,-1.0456353131300122,0.9993016123771667
22,1,13,0.30346513819546095,-0.405719695630888,0.6012403964996338
22,1,14,-0.09235895510296638,-0.49148158251221397,0.6011587381362915
22,1,15,0.3562416839685846,-0.6366170833883039,0.7471055388450623
22,1,16,0.3166592746387419,-0.6630053562748658,0.6582257151603699
22,1,17,0.4551977072931914,-0.6036317422801016,0.7256500720977783
22,1,18,0.44860063907155096,-0.6234229469450231,0.6539096236228943
22,1,19,0.40901822974170826,-0.768558447821113,0.7202171683311462
22,1,20,0.4617947755148319,-0.7223789702696299,0.6492007374763489
22,1,21,0.34964461574694417,-0.8015437889293153,0.6923466920852661
22,1,22,0.42221236618498914,-0.7487672431561917,0.6372838020324707
22,1,23,0.09895602332460683,0.0032985341108202277,0.9950340390205384
22,1,24,-0.09895602332460683,-0.0032985341108202277,0.9940248131752014
22,1,25,0.14513550087609003,0.781752584264394,0.6186116337776184
22,1,26,0.0593736139947641,0.768558447821113,0.6744232177734375
22,1,27,-0.05277654577312364,1.5338183615314058,0.6722606420516968
22,1,28,-0.06597068221640455,1.5668037026396082,0.6779364943504333
22,1,29,-0.13853843265444957,1.6591626577425747,0.6450632810592651
22,1,30,-0.17152377376265185,1.6855509306291363,0.6637425422668457
22,1,31,0.14513550087609003,1.7185362717373387,0.721872091293335
22,1,32,0.19131497842757322,1.7317304081806195,0.7271637320518494
22,2,0,-0.30403268150078366,-1.281774145872622,0.999461591243744
22,2,1,-0.2694835131484219,-1.3716019835887627,0.9994848370552064
22,2,2,-0.25566384580747714,-1.3716019835887627,0.9994184970855712
22,2,3,-0.2349343447960601,-1.378511817259235,0.9995372891426086
22,2,4,-0.29021301415983897,-1.3716019835887627,0.999393880367279
22,2,5,-0.29021301415983897,-1.3716019835887627,0.9992662072181702
22,2,6,-0.29021301415983897,-1.378511817259235,0.9993921518325806
22,2,7,-0.16583600809133653,-1.3646921499182902,0.9992526173591614
22,2,8,-0.24184417846653244,-1.3716019835887627,0.9992689490318298
22,2,9,-0.24875401213700482,-1.219585642838371,0.9994681477546692
22,2,10,-0.2763933468188942,-1.219585642838371,0.9992026090621948
22,2,11,0.08982783771614063,-0.991561131712783,0.999517560005188
22,2,12,-0.20038517644369833,-1.0053807990537278,0.9990022778511048
22,2,13,0.15201634075039183,-0.41113510339310516,0.6404057741165161
22,2,14,-0.2625736794779495,-0.49405310743877345,0.5506953597068787
22,2,15,-0.31785234884172836,-0.5977006124958588,0.7700324654579163
22,2,16,-0.4353195212397584,-0.6806186165415271,0.6133438348770142
22,2,17,-0.46295885592164787,-0.6184301135072758,0.7480133175849915
22,2,18,-0.5389670262968438,-0.65988911553011,0.6117550730705261
22,2,19,-0.4698686895921202,-0.7151677848938889,0.7426420450210571
22,2,20,-0.5320571926263714,-0.7289874522348335,0.6078635454177856
22,2,21,-0.42840968756928605,-0.7151677848938889,0.7145427465438843
22,2,22,-0.47677852326259257,-0.7428071195757783,0.5981756448745728
22,2,23,0.11746717239803005,0.003454916835236178,0.9944286942481996
22,2,24,-0.11746717239803005,-0.003454916835236178,0.9924688339233398
22,2,25,0.013819667340944712,0.8119054562805018,0.6341680884361267
22,2,26,-0.1727458417618089,0.7980857889395571,0.6378846168518066
22,2,27,0.16583600809133653,1.6065363283848229,0.6731728315353394
22,2,28,0.1105573387275577,1.5512576590210438,0.6380702257156372
22,2,29,0.24184417846653244,1.765462502805687,0.6448332667350769
22,2,30,0.1865655091027536,1.7309133344533252,0.6389744281768799
22,2,31,-0.1105573387275577,1.786192003817104,0.712563693523407
22,2,32,-0.10364750505708534,1.7516428354647422,0.6851468086242676
23,1,0,0.1735318804615414,-1.2998520102496591,0.99938702583313
23,1,1,0.14733838907112004,-1.3718841115733178,0.9993714690208436
23,1,2,0.15388676191872538,-1.3718841115733178,0.999279797077179
23,1,3,0.15388676191872538,-1.3718841115733178,0.9994341731071472
23,1,4,0.12769327052830404,-1.3718841115733178,0.9993104338645936
23,1,5,0.11459652483309338,-1.3784324844209233,0.9991731643676758
23,1,6,0.09495140629027736,-1.3849808572685285,0.9993321895599364
23,1,7,0.13424164337590938,-1.3587873658781071,0.9989538788795472
23,1,8,0.05566116920464535,-1.3653357387257126,0.999221920967102
23,1,9,0.1735318804615414,-1.2409166546212111,0.999338686466217
23,1,10,0.14733838907112004,-1.2409166546212111,0.999186098575592
23,1,11,0.2128221175471734,-0.946239876478971,0.999420404434204
23,1,12,-0.10804815198548803,-1.0510138420406563,0.99909108877182
23,1,13,0.3175960831088588,-0.38962818443251745,0.5975635647773743
23,1,14,-0.06875791489985603,-0.5074988956894135,0.5951046943664551
23,1,15,0.38962818443251745,-0.5860793698606775,0.7477826476097107
23,1,16,0.33724120165167476,-0.6908533354223629,0.6510734558105469
23,1,17,0.4092733029753335,-0.6253696069463095,0.729412853717804
23,1,18,0.46820865860378147,-0.6712082168795469,0.648615837097168
23,1,19,0.4616602857561762,-0.6777565897271522,0.724844217300415
23,1,20,0.4747570314513868,-0.7497886910508109,0.6448848247528076
23,1,21,0.4092733029753335,-0.7432403182032056,0.6965596079826355
23,1,22,0.4354667943657548,-0.769433809593627,0.6345944404602051
23,1,23,0.1014997791378827,0.003274186423802668,0.9942430853843688
23,1,24,-0.1014997791378827,-0.003274186423802668,0.9927030205726624
23,1,25,0.19972537185196274,0.7497886910508109,0.606425404548645
23,1,26,-0.03601605066182935,0.7366919453556002,0.6639358997344971
23,1,27,-0.009822559271408004,1.4963031956778192,0.6587929725646973
23,1,28,-0.08840303344267203,1.476658077135003,0.658092737197876
23,1,29,-0.1014997791378827,1.60762553408711,0.6362800598144531
23,1,30,-0.18008025330914673,1.6403673983251366,0.6494348645210266
23,1,31,0.18662862615675208,1.666560889715558,0.7078292369842529
23,1,32,0.18008025330914673,1.6796576354107686,0.7022860050201416
23,2,0,-0.3154794643026676,-1.285921729494569,0.9992618560791016
23,2,1,-0.2811882181828124,-1.3750789694061925,0.9993064999580384
23,2,2,-0.26061347051089934,-1.3819372186301635,0.9992221593856812
23,2,3,-0.24689697206295724,-1.3819372186301635,0.999384105205536
23,2,4,-0.29490471663075446,-1.3750789694061925,0.9991613030433656
23,2,5,-0.29490471663075446,-1.3819372186301635,0.9989764094352722
23,2,6,-0.29490471663075446,-1.3819372186301635,0.999140739440918
23,2,7,-0.16459798137530482,-1.3750789694061925,0.9989925026893616
23,2,8,-0.2400387228389862,-1.3750789694061925,0.9989887475967408
23,2,9,-0.2537552212869283,-1.2310557357028007,0.99931663274765
23,2,10,-0.2811882181828124,-1.2310557357028007,0.9989611506462096
23,2,11,0.08229899068765241,-0.9841587636398434,0.9994558691978456
23,2,12,-0.21260572594310206,-1.0115917605357276,0.9988576769828796
23,2,13,0.15088148292736275,-0.4149240780502476,0.636922299861908
23,2,14,-0.2743299689588414,-0.5315143148577551,0.5447800159454346
23,2,15,-0.3154794643026676,-0.5932385578734944,0.7701508402824402
23,2,16,-0.4389279503341462,-0.6823957977851179,0.6054818034172058
23,2,17,-0.46636094723003035,-0.6275298039933497,0.7507472038269043
23,2,18,-0.5555181871416538,-0.6823957977851179,0.6060356497764587
23,2,19,-0.46636094723003035,-0.69611229623306,0.7461201548576355
23,2,20,-0.5349434394697407,-0.7372617915768862,0.6031444668769836
23,2,21,-0.4183532026622331,-0.7029705454570311,0.7171007394790649
23,2,22,-0.4937939441259145,-0.7441200408008573,0.5947484374046326
23,2,23,0.11659023680750759,0.0034291246119855174,0.9937471747398376
23,2,24,-0.11659023680750759,-0.0034291246119855174,0.9915819764137268
23,2,25,0.01371649844794207,0.7852695361446834,0.6247999668121338
23,2,26,-0.19888922749516,0.7646947884727704,0.631925106048584
23,2,27,0.16459798137530482,1.5876846953492945,0.6642972230911255
23,2,28,0.10287373835956552,1.5328187015575263,0.626716673374176
23,2,29,0.2537552212869283,1.7317079290526862,0.6431716084480286
23,2,30,0.19888922749516,1.711133181380773,0.633467972278595
23,2,31,-0.10287373835956552,1.7522826767245994,0.7044881582260132
23,2,32,-0.13030673525544967,1.7385661782766573,0.6687915325164795
24,1,0,0.22008560549533238,-1.293836589881651,0.9990916848182678
24,1,1,0.19340856240498905,-1.3805369799252667,0.999043107032776
24,1,2,0.19340856240498905,-1.3805369799252667,0.9989266395568848
24,1,3,0.19340856240498905,-1.3805369799252667,0.9991888403892516
24,1,4,0.1800700408598174,-1.3805369799252667,0.9989333152770996
24,1,5,0.16673151931464575,-1.3805369799252667,0.9987000226974488
24,1,6,0.15339299776947407,-1.3872062406978525,0.9989103674888612
24,1,7,0.14005447622430242,-1.3671984583800951,0.998621106147766
24,1,8,0.08003112927102995,-1.3805369799252667,0.9986577033996582
24,1,9,0.20674708395016073,-1.2271439821557926,0.9990067481994628
24,1,10,0.18673930163240324,-1.2338132429283786,0.9988155364990234
24,1,11,0.21341634472274654,-0.9537042904797737,0.9994134306907654
24,1,12,-0.060023346953272466,-1.0404046805233895,0.9989307522773744
24,1,13,0.4001556463551498,-0.4001556463551498,0.6046922206878662
24,1,14,-0.04001556463551498,-0.5202023402616948,0.5891449451446533
24,1,15,0.5135330794891089,-0.5602179048972097,0.7638721466064453
24,1,16,0.34013229940187734,-0.7002723811215121,0.6438334584236145
24,1,17,0.6135719910778963,-0.6069027303053105,0.7446559071540833
24,1,18,0.48685603639876557,-0.7336186849844413,0.6434220671653748
24,1,19,0.6202412518504822,-0.6869338595763405,0.7406768798828125
24,1,20,0.4668482540810081,-0.8336575965732287,0.640572190284729
24,1,21,0.5735564264423814,-0.6936031203489262,0.7106539607048035
24,1,22,0.4201634286729073,-0.8336575965732287,0.6313266158103943
24,1,23,0.09336965081620162,0.006669260772585829,0.993707537651062
24,1,24,-0.09336965081620162,-0.006669260772585829,0.9916236996650696
24,1,25,0.28010895244860484,0.7069416418940979,0.5972995758056641
24,1,26,0.12671595467913077,0.7269494242118555,0.657647967338562
24,1,27,0.033346303862929146,1.4138832837881958,0.6384382843971252
24,1,28,0.02000778231775749,1.4739066307414683,0.6436426639556885
24,1,29,-0.08003112927102995,1.5539377600124984,0.6223087906837463
24,1,30,-0.11337743313395911,1.600622585420599,0.6401898264884949
24,1,31,0.18673930163240324,1.6339688892835282,0.6861931085586548
24,1,32,0.22675486626791821,1.6939922362368007,0.6823866367340088
24,2,0,-0.3174207103931076,-1.3145357680410217,0.998930037021637
24,2,1,-0.28291845926342196,-1.4042416209782043,0.998926877975464
24,2,2,-0.26911755881154775,-1.4042416209782043,0.9988317489624025
24,2,3,-0.24841620813373638,-1.4111420712041414,0.9990943670272828
24,2,4,-0.30361980994123333,-1.3973411707522672,0.9987196922302246
24,2,5,-0.30361980994123333,-1.3973411707522672,0.998469889163971
24,2,6,-0.30361980994123333,-1.4042416209782043,0.9986621737480164
24,2,7,-0.18631215610030227,-1.4042416209782043,0.9986404180526732
24,2,8,-0.2553166583596735,-1.4042416209782043,0.9983993768692015
24,2,9,-0.2622171085856106,-1.2386308155557133,0.9989907145500184
24,2,10,-0.2898189094893591,-1.2386308155557133,0.9984481930732728
24,2,11,0.06900450225937121,-1.004015507873851,0.9994564652442932
24,2,12,-0.22081440722998788,-0.9902146074219769,0.998799204826355
24,2,13,0.17251125564842804,-0.4312781391210701,0.6431589126586914
24,2,14,-0.2967193597152962,-0.5278844422841897,0.5441219210624695
24,2,15,-0.28291845926342196,-0.5830880440916868,0.7844613790512085
24,2,16,-0.5520360180749697,-0.7279974988363663,0.6136038899421692
24,2,17,-0.43472836423403866,-0.6313911956732466,0.7643204927444458
24,2,18,-0.6348414207862152,-0.7694002001919891,0.6155723333358765
24,2,19,-0.43472836423403866,-0.7072961481585549,0.7602308392524719
24,2,20,-0.6279409705602781,-0.8453051526772973,0.6128780245780945
24,2,21,-0.3933256628784159,-0.7003956979326178,0.7291707992553711
24,2,22,-0.5934387194305925,-0.8315042522254231,0.60440593957901
24,2,23,0.1311085542928053,-0.0034502251129685606,0.9936475157737732
24,2,24,-0.1311085542928053,0.0034502251129685606,0.9911757111549376
24,2,25,0.013800900451874243,0.7970020010957375,0.6172916889190674
24,2,26,-0.227714857455925,0.7072961481585549,0.6264510750770569
24,2,27,0.11730765384093106,1.4732461232375753,0.651289701461792
24,2,28,0.041402701355622726,1.452544772559764,0.6110728979110718
24,2,29,0.227714857455925,1.5905537770785065,0.6360294818878174
24,2,30,0.11040720361499394,1.5836533268525694,0.6255766749382019
24,2,31,-0.12420810406686819,1.6802596300156891,0.6922490000724792
24,2,32,-0.1311085542928053,1.6802596300156891,0.6553670167922974
25,1,0,0.25359555119851723,-1.3119343182003294,0.9988057613372804
25,1,1,0.2265453590706754,-1.379559798519934,0.998728573322296
25,1,2,0.2265453590706754,-1.3863223465518943,0.99862802028656
25,1,3,0.21978281103871497,-1.3863223465518943,0.9989597201347352
25,1,4,0.20625771497479403,-1.379559798519934,0.998566210269928
25,1,5,0.19273261891087312,-1.3863223465518943,0.9982993006706238
25,1,6,0.17920752284695218,-1.3863223465518943,0.9985218644142152
25,1,7,0.15215733071911036,-1.3727972504879735,0.9984036087989808
25,1,8,0.09805694646342668,-1.3727972504879735,0.9982297420501708
25,1,9,0.23330790710263588,-1.2443088378807248,0.998718798160553
25,1,10,0.2130202630067545,-1.2443088378807248,0.9983986020088196
25,1,11,0.20625771497479403,-0.9738069166023062,0.9993786215782166
25,1,12,-0.06424420630362437,-1.0211447528260296,0.9988840222358704
25,1,13,0.32798357955008234,-0.5612914866527182,0.6082463264465332
25,1,14,-0.02366891811186161,-0.4801409102691927,0.5889980792999268
25,1,15,0.4835221842851729,-0.6356795150042832,0.7737890481948853
25,1,16,0.382083963805766,-0.6627297071321251,0.6514260768890381
25,1,17,0.6120105968924217,-0.6221544189403624,0.7542093396186829
25,1,18,0.5376225685408565,-0.689779899259967,0.6524430513381958
25,1,19,0.5917229527965403,-0.6965424472919274,0.7506510019302368
25,1,20,0.5240974724769357,-0.7844555717074134,0.6498504281044006
25,1,21,0.5376225685408565,-0.7168300913878087,0.7189498543739319
25,1,22,0.47675963625321244,-0.7912181197393738,0.6407506465911865
25,1,23,0.1251071385912685,-0.0067625480319604605,0.9937158226966858
25,1,24,-0.1251071385912685,0.0067625480319604605,0.9912194609642028
25,1,25,0.4294218000294892,0.58834167878056,0.6121251583099365
25,1,26,0.10481949449538713,0.7235926394197693,0.6553858518600464
25,1,27,0.2468330031665568,1.3457470583601316,0.6393518447875977
25,1,28,0.016906370079901152,1.453947826871499,0.6294965147972107
25,1,29,0.13863223465518942,1.4471852788395385,0.6269926428794861
25,1,30,-0.08453185039950575,1.5553860473509058,0.6310104131698608
25,1,31,0.36179631970988463,1.5959613355426685,0.6871147751808167
25,1,32,0.2468330031665568,1.61624897963855,0.6705936789512634
25,2,0,-0.35220657422740775,-1.2961201931568607,0.998855471611023
25,2,1,-0.30994178532011885,-1.3806497709714385,0.9987754821777344
25,2,2,-0.2958535223510225,-1.3876939024559867,0.9986902475357056
25,2,3,-0.27472112789737807,-1.3876939024559867,0.9989992380142212
25,2,4,-0.33811831125831143,-1.3806497709714385,0.998590648174286
25,2,5,-0.3310741797737633,-1.3806497709714385,0.998337745666504
25,2,6,-0.3310741797737633,-1.3876939024559867,0.9985411763191224
25,2,7,-0.2183680760209928,-1.3806497709714385,0.9985097050666808
25,2,8,-0.2817652593819262,-1.3806497709714385,0.9982330203056335
25,2,9,-0.2958535223510225,-1.225678878311379,0.9987907409667968
25,2,10,-0.32403004828921517,-1.2186347468268308,0.9982997179031372
25,2,11,0.021132394453644465,-1.000266670805838,0.9994340538978576
25,2,12,-0.2535887334437336,-0.9861784078367417,0.998827576637268
25,2,13,0.1267943667218668,-0.46491267798017827,0.6467548608779907
25,2,14,-0.35220657422740775,-0.5071774668874672,0.5505233407020569
25,2,15,-0.2888093908664744,-0.542398124310208,0.7946114540100098
25,2,16,-0.5987511761865932,-0.7044131484548155,0.6310093402862549
25,2,17,-0.4367361520419856,-0.5564863872793042,0.7748668193817139
25,2,18,-0.6691924910320748,-0.7396338058775563,0.6311968564987183
25,2,19,-0.4367361520419856,-0.6410159650938821,0.7713146209716797
25,2,20,-0.6691924910320748,-0.8241633836921342,0.6281560659408569
25,2,21,-0.408559626103793,-0.6551042280629784,0.7401216626167297
25,2,22,-0.633971833609334,-0.8241633836921342,0.619491696357727
25,2,23,0.13383849820641494,-0.01408826296909631,0.9940921664237976
25,2,24,-0.13383849820641494,0.01408826296909631,0.991638720035553
25,2,25,0.0,0.7185014114239119,0.646287739276886
25,2,26,-0.35925070571195594,0.683280754001171,0.6587049961090088
25,2,27,0.10566197226822233,1.4651793487860163,0.6703450083732605
25,2,28,-0.09157370929912602,1.4158704283941792,0.6317010521888733
25,2,29,0.21132394453644465,1.5567530580851423,0.6542362570762634
25,2,30,0.01408826296909631,1.5637971895696905,0.6385357975959778
25,2,31,-0.07748544633002971,1.7046798192606536,0.7115160822868347
25,2,32,-0.23950047047463727,1.6694591618379129,0.6746145486831665
26,1,0,0.2721404954716117,-1.2918061493905617,0.9988373517990112
26,1,1,0.2514715970813627,-1.367592110154808,0.9987363219261168
26,1,2,0.2514715970813627,-1.367592110154808,0.9986534714698792
26,1,3,0.244581964284613,-1.3744817429515577,0.9989820122718812
26,1,4,0.2308026986911137,-1.367592110154808,0.9985578060150146
26,1,5,0.21702343309761438,-1.3744817429515577,0.9982786774635316
26,1,6,0.20324416750411506,-1.3813713757483073,0.998478889465332
26,1,7,0.1756856363171164,-1.3744817429515577,0.9984428286552428
26,1,8,0.11367894114636944,-1.3744817429515577,0.9981544613838196
26,1,9,0.244581964284613,-1.2229098214230651,0.998743176460266
26,1,10,0.22391306589436402,-1.2297994542198147,0.9983536601066588
26,1,11,0.14812710513011776,-0.981772673536827,0.9994519352912904
26,1,12,-0.05856187877237213,-1.0162208375205752,0.9989209771156312
26,1,13,0.23769233148786337,-0.5063880105611002,0.618216872215271
26,1,14,-0.010334449195124494,-0.45816058098385254,0.5945618748664856
26,1,15,0.47882947937410153,-0.5821739713253465,0.7925649285316467
26,1,16,0.42371241700010426,-0.6579599320895928,0.666782796382904
26,1,17,0.6441806664960934,-0.5752843385285968,0.7738684415817261
26,1,18,0.5752843385285968,-0.6786288304798418,0.6660099625587463
26,1,19,0.6304014009025941,-0.6235117681058445,0.7715527415275574
26,1,20,0.5683947057318471,-0.775083689634337,0.6630920171737671
26,1,21,0.5615050729350975,-0.6579599320895928,0.7404087781906128
26,1,22,0.5132776433578499,-0.775083689634337,0.6532407999038696
26,1,23,0.10678930834961978,-0.010334449195124494,0.9943140745162964
26,1,24,-0.10678930834961978,0.010334449195124494,0.9916715621948242
26,1,25,0.4099331514066049,0.6097325025123451,0.642264187335968
26,1,26,0.05856187877237213,0.7199666272603398,0.6860641837120056
26,1,27,0.3892642530163559,1.429598805325555,0.667788565158844
26,1,28,0.11367894114636944,1.470936602106053,0.6532815098762512
26,1,29,0.3617057218293573,1.5467225628702992,0.6532854437828064
26,1,30,0.044782613178872804,1.6018396252442966,0.6492025852203369
26,1,31,0.4926087449676009,1.6087292580410462,0.7134149074554443
26,1,32,0.2790301282683613,1.636287789228045,0.6915539503097534
26,2,0,-0.3750693654999515,-1.282947549280208,0.998893976211548
26,2,1,-0.3400161537709841,-1.3670752574297298,0.9987886548042296
26,2,2,-0.3259948690793971,-1.3670752574297298,0.9987179040908812
26,2,3,-0.31197358438781014,-1.3740858997755234,0.9990181922912598
26,2,4,-0.36104808080836454,-1.3670752574297298,0.9986109733581544
26,2,5,-0.3540374384625711,-1.3670752574297298,0.998356819152832
26,2,6,-0.3540374384625711,-1.3740858997755234,0.9985408186912536
26,2,7,-0.2278458762382883,-1.3670752574297298,0.9985429644584656
26,2,8,-0.2839310150046362,-1.3740858997755234,0.9982194900512696
26,2,9,-0.31898422673360366,-1.2058304834764797,0.9988129138946532
26,2,10,-0.3400161537709841,-1.2058304834764797,0.9983283281326294
26,2,11,-0.01051596351869023,-0.9955112131026751,0.9994966387748718
26,2,12,-0.24186716092987529,-0.9885005707568816,0.9989081025123596
26,2,13,0.05257981759345115,-0.4346598254391962,0.6556354761123657
26,2,14,-0.3400161537709841,-0.5047662488971311,0.5522248148918152
26,2,15,-0.36104808080836454,-0.532808818280305,0.8109502196311951
26,2,16,-0.5222928547616148,-0.6800323075419682,0.636552095413208
26,2,17,-0.5082715700700278,-0.5468301029718919,0.7918297648429871
26,2,18,-0.627452489948517,-0.7150855192709357,0.6344500184059143
26,2,19,-0.5012609277242343,-0.6239471687756203,0.7893855571746826
26,2,20,-0.627452489948517,-0.792202585074664,0.6315668821334839
26,2,21,-0.4591970736494734,-0.6379684534672073,0.7578935623168945
26,2,22,-0.5783779935279626,-0.7851919427288705,0.6229117512702942
26,2,23,0.12268624105138601,0.0,0.9946655631065368
26,2,24,-0.12268624105138601,0.0,0.9921591877937316
26,2,25,-0.0035053211728967434,0.5888939570466528,0.676533043384552
26,2,26,-0.41713321957471244,0.5888939570466528,0.6990995407104492
26,2,27,0.08062238697662509,1.4722348926166322,0.6993815302848816
26,2,28,-0.2839310150046362,1.3670752574297298,0.6729414463043213
26,2,29,0.20681394920090784,1.6334796665698823,0.6823452115058899
26,2,30,-0.2699097303130492,1.4792455349624256,0.6681787967681885
26,2,31,-0.03855853290186417,1.6194583818782955,0.7396399974822998
26,2,32,-0.5713673511821692,1.570383885457741,0.7095357179641724
27,1,0,0.23961223972537643,-1.2767909345366486,0.9989058375358582
27,1,1,0.2190740477489156,-1.358943702442492,0.9987800121307372
27,1,2,0.2190740477489156,-1.358943702442492,0.9987124800682068
27,1,3,0.2190740477489156,-1.358943702442492,0.9990212321281432
27,1,4,0.20538191976460837,-1.358943702442492,0.9986137747764589
27,1,5,0.19168979178030113,-1.3657897664346457,0.9983553886413574
27,1,6,0.1779976637959939,-1.3726358304267992,0.9985551834106444
27,1,7,0.1643055358116867,-1.3657897664346457,0.9984659552574158
27,1,8,0.1095370238744578,-1.3726358304267992,0.9982193112373352
27,1,9,0.2190740477489156,-1.2083302946151124,0.998816728591919
27,1,10,0.20538191976460837,-1.2220224225994198,0.9984191656112672
27,1,11,0.1163830878666114,-0.9687180548897362,0.999498724937439
27,1,12,-0.0547685119372289,-1.0303326308191185,0.9990060329437256
27,1,13,0.13007521585091864,-0.4484171914860616,0.6149193644523621
27,1,14,0.013692127984307224,-0.4689553834625224,0.5959538817405701
27,1,15,0.3902256475527559,-0.4347250635017544,0.7939925789833069
27,1,16,0.41076383952921675,-0.6469530472585163,0.6714463829994202
27,1,17,0.4723784154585992,-0.42103293551744714,0.7788383960723877
27,1,18,0.5545311833644426,-0.6743373032271308,0.668425440788269
27,1,19,0.5066087354193674,-0.5031857034232905,0.7778401970863342
27,1,20,0.5613772473565962,-0.7496440071408206,0.6656461954116821
27,1,21,0.4723784154585992,-0.5100317674154441,0.7460725903511047
27,1,22,0.513454799411521,-0.7496440071408206,0.6559386849403381
27,1,23,0.08899883189799696,-0.003423031996076806,0.9946573972702026
27,1,24,-0.08899883189799696,0.003423031996076806,0.992531716823578
27,1,25,0.2875346876704517,0.6537991112506699,0.6584227681159973
27,1,26,0.19168979178030113,0.6674912392349772,0.7225967645645142
27,1,27,-0.1163830878666114,1.4684807263169497,0.6976057291030884
27,1,28,0.4518402234821384,1.516403174262025,0.699090838432312
27,1,29,-0.23961223972537643,1.5985559421678683,0.6814195513725281
27,1,30,0.41076383952921675,1.6464783901129436,0.6920300722122192
27,1,31,0.1643055358116867,1.5643256222071005,0.7403351068496704
27,1,32,0.8146816150662799,1.5917098781757149,0.7312626838684082
27,2,0,-0.36013766176149914,-1.2777961268268576,0.9989264607429504
27,2,1,-0.33243476470292227,-1.3678305422672323,0.9988003373146056
27,2,2,-0.31858331617363383,-1.3678305422672323,0.9987344741821288
27,2,3,-0.30473186764434546,-1.3747562665318767,0.9990191459655762
27,2,4,-0.3393604889675665,-1.3678305422672323,0.9986417889595032
27,2,5,-0.3393604889675665,-1.3747562665318767,0.9984114170074464
27,2,6,-0.33243476470292227,-1.3747562665318767,0.9986051321029664
27,2,7,-0.22854890073325906,-1.3678305422672323,0.9985362887382508
27,2,8,-0.2839546948504128,-1.3747562665318767,0.9982482194900512
27,2,9,-0.30473186764434546,-1.2016131599157711,0.9988408088684082
27,2,10,-0.32550904043827805,-1.2016131599157711,0.9983439445495604
27,2,11,0.0,-0.9799899834471564,0.999521553516388
27,2,12,-0.22162317646861487,-1.0076928805057332,0.9989752769470216
27,2,13,-0.02770289705857686,-0.41208059374633077,0.6523122191429138
27,2,14,-0.30473186764434546,-0.5090407334513497,0.548517107963562
27,2,15,-0.43632062867258553,-0.5090407334513497,0.8101247549057007
27,2,16,-0.4570978014665181,-0.6406294944795898,0.6286704540252686
27,2,17,-0.6025380110240467,-0.5090407334513497,0.7923576831817627
27,2,18,-0.6025380110240467,-0.6683323915381667,0.6251623630523682
27,2,19,-0.581760838230114,-0.5921494246270803,0.7910365462303162
27,2,20,-0.6025380110240467,-0.7237381856553204,0.6228067278862
27,2,21,-0.5332807683776045,-0.6060008731563687,0.7571932077407837
27,2,22,-0.547132216906893,-0.7237381856553204,0.6144373416900635
27,2,23,0.10388586396966322,0.010388586396966321,0.9945725798606871
27,2,24,-0.10388586396966322,-0.010388586396966321,0.9926483631134032
27,2,25,-0.08310869117573057,0.7375896341846089,0.6905769109725952
27,2,26,-0.3739891102907876,0.5921494246270803,0.722763180732727
27,2,27,0.11773731249895164,1.5340479246186935,0.7247657179832458
27,2,28,-0.4224691801432971,1.4024591635904533,0.7137136459350586
27,2,29,0.20777172793932644,1.6587109613822892,0.7033533453941345
27,2,30,-0.3809148345554318,1.5409736488833377,0.7056481838226318
27,2,31,-0.193920279410038,1.6171566157944242,0.761629581451416
27,2,32,-0.8033840146987289,1.4717164062368955,0.7436559200286865
28,1,0,0.23881884728607478,-1.2862100775264314,0.9989502429962158
28,1,1,0.2183486603758398,-1.3680908251673711,0.9988221526145936
28,1,2,0.2183486603758398,-1.3680908251673711,0.9987578988075256
28,1,3,0.2183486603758398,-1.3749142208041163,0.9990422129631042
28,1,4,0.2047018691023498,-1.3680908251673711,0.998667538166046
28,1,5,0.1910550778288598,-1.3749142208041163,0.9984347820281982
28,1,6,0.17740828655536983,-1.3817376164408612,0.9986411333084106
28,1,7,0.16376149528187983,-1.3680908251673711,0.998513638973236
28,1,8,0.11599772582466489,-1.3749142208041163,0.9983012676239014
28,1,9,0.22517205601258478,-1.2179761211589812,0.9988715052604676
28,1,10,0.2047018691023498,-1.2247995167957264,0.9984538555145264
28,1,11,0.1091743301879199,-0.9655104825994166,0.9995169639587402
28,1,12,-0.05458716509395995,-1.0337444389668664,0.9990686178207396
28,1,13,0.1091743301879199,-0.4401090185700521,0.6061305999755859
28,1,14,0.013646791273489988,-0.4674026011170321,0.5923156142234802
28,1,15,0.34116978183724966,-0.549283348757972,0.7856959700584412
28,1,16,0.4094037382046996,-0.6175173051254219,0.6637549996376038
28,1,17,0.45716750766191455,-0.481049392390522,0.7737260460853577
28,1,18,0.5526950465763445,-0.6448108876724019,0.6591116786003113
28,1,19,0.49128448584563955,-0.569753535668207,0.7737182378768921
28,1,20,0.5526950465763445,-0.6993980527663618,0.6567432880401611
28,1,21,0.45716750766191455,-0.569753535668207,0.7395581007003784
28,1,22,0.5117546727558745,-0.6925746571296169,0.6469661593437195
28,1,23,0.06823395636744993,0.003411697818372497,0.9942668080329896
28,1,24,-0.06823395636744993,-0.003411697818372497,0.992842137813568
28,1,25,0.1091743301879199,0.7403384265868318,0.6693176031112671
28,1,26,0.22517205601258478,0.6721044702193819,0.7444960474967957
28,1,27,-0.11599772582466489,1.5045587379022711,0.7225307822227478
28,1,28,0.44352071638842455,1.511382133539016,0.7361646294593811
28,1,29,-0.23881884728607478,1.634203255000426,0.7008344531059265
28,1,30,0.4094037382046996,1.641026650637171,0.7266917824745178
28,1,31,0.1296445170981549,1.559145902996231,0.7614356279373169
28,1,32,0.8051606851359092,1.497735342265526,0.7621544003486633
28,2,0,-0.37866253504630476,-1.2771254591107186,0.9989984631538392
28,2,1,-0.35112344158839165,-1.359742739484458,0.998873770236969
28,2,2,-0.3373538948594351,-1.359742739484458,0.9988146424293518
28,2,3,-0.3235843481304786,-1.3666275128489362,0.9990711212158204
28,2,4,-0.3648929883173482,-1.359742739484458,0.99873149394989
28,2,5,-0.3648929883173482,-1.3666275128489362,0.9985264539718628
28,2,6,-0.35800821495286994,-1.3666275128489362,0.9987184405326844
28,2,7,-0.24785184112121764,-1.359742739484458,0.998613178730011
28,2,8,-0.3029300280370438,-1.3666275128489362,0.998383402824402
28,2,9,-0.3235843481304786,-1.1945081787369796,0.998926281929016
28,2,10,-0.3442386682239134,-1.1945081787369796,0.9984654784202576
28,2,11,-0.020654320093434805,-0.9741954310736749,0.9995449781417848
28,2,12,-0.24096706775673937,-1.0086192978960662,0.9990655183792114
28,2,13,-0.04130864018686961,-0.40964401518645693,0.6444094181060791
28,2,14,-0.3235843481304786,-0.49226129556019615,0.5448912382125854
28,2,15,-0.461279815420044,-0.5542242558405006,0.8024923801422119
28,2,16,-0.48881890887795704,-0.616187216120805,0.6209453344345093
28,2,17,-0.6196296028030441,-0.512915615653631,0.7875373959541321
28,2,18,-0.6333991495320006,-0.6506110829431964,0.6163730025291443
28,2,19,-0.5989752827096093,-0.6093024427563267,0.7871209383010864
28,2,20,-0.6196296028030441,-0.6988044964945442,0.6142381429672241
28,2,21,-0.5507818691582614,-0.616187216120805,0.7509711384773254
28,2,22,-0.5714361892516963,-0.6988044964945442,0.6057118773460388
28,2,23,0.10327160046717403,0.010327160046717403,0.9943658709526062
28,2,24,-0.10327160046717403,-0.010327160046717403,0.9930944442749025
28,2,25,-0.16523456074747844,0.7538826834103703,0.7007322907447815
28,2,26,-0.385547308410783,0.5886481226628919,0.7433731555938721
28,2,27,0.08950205373821749,1.5456316203253713,0.7477030158042908
28,2,28,-0.43374072196213087,1.4010513796713275,0.7483581304550171
28,2,29,0.17900410747643497,1.66955754088598,0.7213237285614014
28,2,30,-0.3924320817752613,1.5456316203253713,0.737981915473938
28,2,31,-0.22719752102778284,1.6351336740635887,0.7813813090324402
28,2,32,-0.8124032570084356,1.4492447932226755,0.7730826735496521
29,1,0,0.2108733756132848,-1.282246171067877,0.9990828633308412
29,1,1,0.20407100865801756,-1.3570722075758168,0.99897038936615
29,1,2,0.20407100865801756,-1.363874574531084,0.998917281627655
29,1,3,0.20407100865801756,-1.363874574531084,0.9991497993469238
29,1,4,0.1836639077922158,-1.363874574531084,0.9988386631011964
29,1,5,0.1700591738816813,-1.3706769414863513,0.9986503720283508
29,1,6,0.1564544399711468,-1.3774793084416186,0.998826026916504
29,1,7,0.16325680692641403,-1.363874574531084,0.9987261295318604
29,1,8,0.10203550432900878,-1.3774793084416186,0.9985324144363404
29,1,9,0.1972686417027503,-1.2210248684704716,0.999022364616394
29,1,10,0.17686154083694855,-1.227827235425739,0.998611330986023
29,1,11,0.10203550432900878,-0.9761396580808507,0.999573290348053
29,1,12,-0.08162840346320702,-1.0237562267677214,0.9991571307182312
29,1,13,0.10203550432900878,-0.45235740252527223,0.607120931148529
29,1,14,0.006802366955267252,-0.45235740252527223,0.5892314910888672
29,1,15,0.28569941212122457,-0.6428236772727554,0.7814806699752808
29,1,16,0.36052544862916436,-0.6224165764069536,0.6566323041915894
29,1,17,0.3673278155844316,-0.663230778138557,0.7684018015861511
29,1,18,0.4965727877345094,-0.6496260442280225,0.6502987742424011
29,1,19,0.36052544862916436,-0.7176497137806951,0.7690145373344421
29,1,20,0.4829680538239749,-0.7040449798701606,0.6480607986450195
29,1,21,0.32651361385282807,-0.7176497137806951,0.7348330616950989
29,1,22,0.43535148513710414,-0.6972426129148933,0.6382224559783936
29,1,23,0.08162840346320702,0.003401183477633626,0.994478166103363
29,1,24,-0.08162840346320702,-0.003401183477633626,0.9934931993484496
29,1,25,0.07482603650793977,0.7584639155122986,0.685265839099884
29,1,26,0.2108733756132848,0.7312544476912296,0.7625975012779236
29,1,27,-0.11564023823954328,1.5067242805916963,0.7446114420890808
29,1,28,0.44215385209237135,1.5407361153680326,0.7682623863220215
29,1,29,-0.25168757734488834,1.629166885786507,0.7211612462997437
29,1,30,0.40133965036076785,1.663178720562843,0.7584717273712158
29,1,31,0.10203550432900878,1.5679455831891016,0.7809991240501404
29,1,32,0.8026793007215357,1.6155621518759724,0.790012001991272
29,2,0,-0.3502534426010008,-1.2900423826492304,0.9991633296012878
29,2,1,-0.3294463073969809,-1.3871423469346564,0.99906188249588
29,2,2,-0.31557488392763433,-1.3871423469346564,0.999012529850006
29,2,3,-0.3017034604582878,-1.3940780586693298,0.9992225766181946
29,2,4,-0.34331773086632744,-1.3871423469346564,0.9989427924156188
29,2,5,-0.34331773086632744,-1.3871423469346564,0.9987735748291016
29,2,6,-0.33638201913165416,-1.3940780586693298,0.9989338517189026
29,2,7,-0.23928205484622822,-1.3940780586693298,0.9988446235656738
29,2,8,-0.2947677487236145,-1.3940780586693298,0.9986595511436462
29,2,9,-0.3017034604582878,-1.2206852653024975,0.9991074204444884
29,2,10,-0.3225105956623076,-1.2137495535678244,0.9987221360206604
29,2,11,0.024274991071356486,-0.9848710663236061,0.9996017217636108
29,2,12,-0.2184749196422084,-1.005678201527626,0.9991983771324158
29,2,13,-0.07282497321406946,-0.4230784158150702,0.6455497741699219
29,2,14,-0.27396061351959466,-0.47856410969245644,0.5494745969772339
29,2,15,-0.44041769515175344,-0.5756640739778824,0.7983545064926147
29,2,16,-0.47509625382511983,-0.589535497447229,0.6242322325706482
29,2,17,-0.5721962181105458,-0.6103426326512488,0.781272292137146
29,2,18,-0.5999390650492389,-0.6103426326512488,0.6163152456283569
29,2,19,-0.5583247946411992,-0.6727640382633083,0.7816012501716614
29,2,20,-0.5860676415798923,-0.6727640382633083,0.6145119667053223
29,2,21,-0.5097748124984862,-0.6658283265286351,0.7462214231491089
29,2,22,-0.5305819477025061,-0.6727640382633083,0.6056525111198425
29,2,23,0.1005678201527626,0.013871423469346564,0.9947501420974731
29,2,24,-0.1005678201527626,-0.013871423469346564,0.9939160346984864
29,2,25,-0.16298922576482214,0.7767997142834075,0.7155992388725281
29,2,26,-0.27396061351959466,0.6866354617326549,0.7674776911735535
29,2,27,0.14218209056080228,1.546663716832142,0.7682054042816162
29,2,28,-0.4820319655597931,1.4564994642813893,0.7823335528373718
29,2,29,0.24621776658090153,1.6853779515256075,0.7413060069084167
29,2,30,-0.42654627168240683,1.5952136989748549,0.7679704427719116
29,2,31,-0.1768606492341687,1.6576351045869144,0.8001788258552551
29,2,32,-0.8634961109668237,1.574406563770835,0.8022007346153259
30,1,0,0.1972686417027503,-1.2924497215007777,0.999226450920105
30,1,1,0.19046627474748304,-1.3672757580087176,0.9991332292556764
30,1,2,0.19046627474748304,-1.3740781249639848,0.999087393283844
30,1,3,0.1972686417027503,-1.3740781249639848,0.9992789030075072
30,1,4,0.1700591738816813,-1.3740781249639848,0.9990220665931702
30,1,5,0.1564544399711468,-1.380880491919252,0.998863935470581
30,1,6,0.13604733910534503,-1.3876828588745194,0.9990131855010986
30,1,7,0.1700591738816813,-1.380880491919252,0.9989153742790222
30,1,8,0.09523313737374152,-1.3876828588745194,0.9987752437591552
30,1,9,0.19046627474748304,-1.2312284189033726,0.999177873134613
30,1,10,0.16325680692641403,-1.2312284189033726,0.9988391399383544
30,1,11,0.09523313737374152,-0.9863432085137516,0.9996139407157898
30,1,12,-0.11564023823954328,-1.0135526763348206,0.9992761611938475
30,1,13,0.10203550432900878,-0.4693633199134404,0.6089088916778564
30,1,14,-0.02720946782106901,-0.4489562190476386,0.5935007333755493
30,1,15,0.31971124689756086,-0.6666319616161906,0.7847309112548828
30,1,16,0.32651361385282807,-0.6122130259740527,0.660096287727356
30,1,17,0.43535148513710414,-0.7074461633477942,0.7707265019416809
30,1,18,0.4625609529581731,-0.6530272277056561,0.6511777639389038
30,1,19,0.4285491181818369,-0.7618650989899322,0.771338939666748
30,1,20,0.45575858600290586,-0.7210508972583287,0.6492363810539246
30,1,21,0.3741301825396989,-0.755062732034665,0.7376438975334167
30,1,22,0.40133965036076785,-0.7210508972583287,0.6393961906433105
30,1,23,0.07482603650793977,0.006802366955267252,0.9946768283843994
30,1,24,-0.07482603650793977,-0.006802366955267252,0.994155764579773
30,1,25,0.006802366955267252,0.7686674659451994,0.7011731266975403
30,1,26,0.21767574256855207,0.7618650989899322,0.7861402034759521
30,1,27,-0.13604733910534503,1.5169278310245973,0.76728355884552
30,1,28,0.4081420173160351,1.5645443997114679,0.799155592918396
30,1,29,-0.2652923112554228,1.646172803174675,0.7417522072792053
30,1,30,0.36052544862916436,1.6869870049062785,0.7851682901382446
30,1,31,0.11564023823954328,1.6053586014430714,0.8003066778182983
30,1,32,0.7754698329004667,1.6529751701299422,0.816020667552948
30,2,0,-0.3555848947366535,-1.304962040878204,0.9992919564247132
30,2,1,-0.3279666504852629,-1.3947213346952234,0.9992085099220276
30,2,2,-0.3141575283595676,-1.3947213346952234,0.999165177345276
30,2,3,-0.29344384517102473,-1.401625895758071,0.9993390440940856
30,2,4,-0.3417757726109582,-1.3947213346952234,0.9991077780723572
30,2,5,-0.3417757726109582,-1.3947213346952234,0.9989655017852784
30,2,6,-0.3417757726109582,-1.401625895758071,0.9991022944450378
30,2,7,-0.23130279560539596,-1.3947213346952234,0.9990145564079284
30,2,8,-0.29344384517102473,-1.401625895758071,0.9988770484924316
30,2,9,-0.3003484062338724,-1.2359164302497276,0.9992473125457764
30,2,10,-0.3279666504852629,-1.2359164302497276,0.998926877975464
30,2,11,0.0172614026571191,-0.9873522319872126,0.9996343851089478
30,2,12,-0.23130279560539596,-1.0011613541129079,0.99929279088974
30,2,13,-0.05868876903420494,-0.43498734695940133,0.6470675468444824
30,2,14,-0.2589210398567865,-0.47641471333648716,0.5485248565673828
30,2,15,-0.4591533106793681,-0.5523648850278112,0.8006105422973633
30,2,16,-0.4453441885536728,-0.5592694460906589,0.6172427535057068
30,2,17,-0.6041490929991685,-0.5661740071535065,0.7821740508079529
30,2,18,-0.5765308487477779,-0.5868876903420495,0.6082287430763245
30,2,19,-0.5972445319363209,-0.6283150567191352,0.7823817729949951
30,2,20,-0.5834354098106256,-0.6559333009705258,0.6065137982368469
30,2,21,-0.5489126044963873,-0.6283150567191352,0.7472396492958069
30,2,22,-0.5281989213078445,-0.6559333009705258,0.5979862809181213
30,2,23,0.10702069647413842,0.01380912212569528,0.9949185848236084
30,2,24,-0.10702069647413842,-0.01380912212569528,0.9944534301757812
30,2,25,-0.14844806285122428,0.7733108390389357,0.729830265045166
30,2,26,-0.23820735666824358,0.7180743505361545,0.7852086424827576
30,2,27,0.13463894072552898,1.5466216780778714,0.7886444330215454
30,2,28,-0.4936761159936063,1.4637669453236997,0.8085466623306274
30,2,29,0.23130279560539596,1.6778083382719766,0.76063472032547
30,2,30,-0.4453441885536728,1.6018581665806526,0.7896129488945007
30,2,31,-0.18297086816546246,1.6709037772091289,0.8175134062767029
30,2,32,-0.8596178523245313,1.5880490444549573,0.8246233463287354
31,1,0,0.1972503881300263,-1.288929260366896,0.9993441700935364
31,1,1,0.19044865060830124,-1.3637483731058715,0.9992669820785522
31,1,2,0.19044865060830124,-1.3705501106275966,0.9992262721061708
31,1,3,0.1972503881300263,-1.3705501106275966,0.999386429786682
31,1,4,0.1700434380431261,-1.3705501106275966,0.9991759657859802
31,1,5,0.15643996299967602,-1.3773518481493217,0.9990441203117372
31,1,6,0.14283648795622594,-1.3841535856710465,0.9991726279258728
31,1,7,0.1700434380431261,-1.3773518481493217,0.9990725517272948
31,1,8,0.10202606282587567,-1.3909553231927716,0.9989752173423768
31,1,9,0.1836469130865762,-1.2345153601930956,0.9993047714233398
31,1,10,0.15643996299967602,-1.2345153601930956,0.9990237951278688
31,1,11,0.09522432530415062,-0.9828510718892689,0.999624490737915
31,1,12,-0.12923301291277584,-1.016859759497894,0.9993612766265868
31,1,13,0.1360347504345009,-0.5135311828902409,0.6035657525062561
31,1,14,-0.04081042513035027,-0.46591902023816556,0.5927409529685974
31,1,15,0.3196816635210771,-0.6427641958030167,0.7668250799179077
31,1,16,0.3196816635210771,-0.5951520331509415,0.6538848876953125
31,1,17,0.455716413955578,-0.6971780959768171,0.7525347471237183
31,1,18,0.4693198889990281,-0.6427641958030167,0.6440646052360535
31,1,19,0.44891467643385297,-0.7379885211071674,0.7535576224327087
31,1,20,0.455716413955578,-0.7175833085419923,0.6422517895698547
31,1,21,0.37409556369487745,-0.7311867835854423,0.7218654155731201
31,1,22,0.4013025137817776,-0.7107815710202672,0.6328169107437134
31,1,23,0.08162085026070054,0.0034008687608625223,0.9948217868804932
31,1,24,-0.08162085026070054,-0.0034008687608625223,0.9946655631065368
31,1,25,0.09522432530415062,0.7719972087157926,0.707980215549469
31,1,26,0.21085386317347637,0.7447902586288924,0.7998889088630676
31,1,27,-0.1360347504345009,1.5269900736272726,0.7819594144821167
31,1,28,0.4081042513035027,1.574602236279348,0.8221812844276428
31,1,29,-0.25166428830382664,1.6630248240617733,0.7554299831390381
31,1,30,0.3536903511297023,1.7038352491921236,0.8038071393966675
31,1,31,0.12923301291277584,1.6358178739748732,0.814865231513977
31,1,32,0.75499286491148,1.6902317741486736,0.8360111117362976
31,2,0,-0.3477346276701653,-1.3151943343564667,0.9993579387664796
31,2,1,-0.3133054566137133,-1.404710179103242,0.9992780089378356
31,2,2,-0.29953378819113247,-1.404710179103242,0.9992353916168212
31,2,3,-0.28576211976855165,-1.4115960133145322,0.999391794204712
31,2,4,-0.33396295924758446,-1.404710179103242,0.9991887211799622
31,2,5,-0.33396295924758446,-1.404710179103242,0.9990664124488832
31,2,6,-0.32707712503629405,-1.4115960133145322,0.9991918802261353
31,2,7,-0.21690377765564764,-1.404710179103242,0.999100387096405
31,2,8,-0.27887628555726124,-1.4115960133145322,0.9989594221115112
31,2,9,-0.29264795397984206,-1.2463359922435626,0.9993289709091188
31,2,10,-0.3201912908250037,-1.2394501580322723,0.9990081787109376
31,2,11,0.03787208816209721,-0.9915601264258178,0.9996464848518372
31,2,12,-0.23756128028951884,-0.9984459606371082,0.9993278980255128
31,2,13,0.017214585528226002,-0.4682367263677473,0.6425761580467224
31,2,14,-0.25133294871209966,-0.4957800632129089,0.5512591600418091
31,2,15,-0.4303646382056501,-0.4544650579451665,0.7875698208808899
31,2,16,-0.5061088145298445,-0.4475792237338761,0.6162976622581482
31,2,17,-0.5749671566427486,-0.4200358868887145,0.7719150185585022
31,2,18,-0.6231679961217813,-0.4062642184661337,0.6061587333679199
31,2,19,-0.5887388250653294,-0.4682367263677473,0.7725335955619812
31,2,20,-0.6300538303330717,-0.4475792237338761,0.6059327125549316
31,2,21,-0.5474238197975869,-0.4888942290016185,0.740058183670044
31,2,22,-0.581852990854039,-0.4682367263677473,0.5985047221183777
31,2,23,0.10673043027500122,0.013771668422580803,0.9949221611022948
31,2,24,-0.10673043027500122,-0.013771668422580803,0.9945329427719116
31,2,25,-0.12050209869758202,0.7712134316645249,0.7346852421760559
31,2,26,-0.23756128028951884,0.7092409237629114,0.7881991267204285
31,2,27,0.14115960133145322,1.5561985317516307,0.8010128736495972
31,2,28,-0.4510221408395213,1.4666826870048555,0.8238873481750488
31,2,29,0.24444711450080925,1.6870293817661484,0.7716736197471619
31,2,30,-0.4165929697830693,1.6181710396532443,0.8046615719795227
31,2,31,-0.17558877238790524,1.6732577133435675,0.8292385339736938
31,2,32,-0.8297430224604934,1.5906277028080826,0.8391042947769165
32,1,0,0.16154382626372232,-1.2758665462053171,0.9993796348571776
32,1,1,0.16154382626372232,-1.3483964273849476,0.9992908239364624
32,1,2,0.16154382626372232,-1.3483964273849476,0.999241292476654
32,1,3,0.1681374518255069,-1.3483964273849476,0.9993982911109924
32,1,4,0.14176294957836857,-1.3483964273849476,0.9992148280143738
32,1,5,0.1285756984547994,-1.3549900529467322,0.9990927577018738
32,1,6,0.11538844733123023,-1.3681773040703014,0.9992242455482484
32,1,7,0.14176294957836857,-1.3549900529467322,0.9990469217300416
32,1,8,0.06923306839873813,-1.3681773040703014,0.9990144371986388
32,1,9,0.15495020070193774,-1.2165239161492558,0.9993483424186708
32,1,10,0.1285756984547994,-1.2231175417110405,0.9990795254707336
32,1,11,0.06923306839873813,-0.9857470214867954,0.9996024966239928
32,1,12,-0.16154382626372232,-1.0121215237339338,0.9993910193443298
32,1,13,0.11538844733123023,-0.5241932321618745,0.5971582531929016
32,1,14,-0.10220119620766106,-0.46485060210581325,0.5953320860862732
32,1,15,0.27363546081406026,-0.5901294877797203,0.7526863217353821
32,1,16,0.28022908637584487,-0.6033167389032895,0.6531160473823547
32,1,17,0.41210159761153653,-0.6296912411504278,0.7415883541107178
32,1,18,0.4384760998586749,-0.6362848667122124,0.6424355506896973
32,1,19,0.44506972542045947,-0.7088147478918428,0.7429600358009338
32,1,20,0.4384760998586749,-0.6956274967682737,0.6419491767883301
32,1,21,0.35935259311725987,-0.7088147478918428,0.7121890783309937
32,1,22,0.37913346980261364,-0.7022211223300583,0.6332622766494751
32,1,23,0.08242031952230731,0.0032968127808922923,0.994409203529358
32,1,24,-0.08242031952230731,-0.0032968127808922923,0.9944737553596495
32,1,25,0.05604581727516897,0.7417828757007658,0.7092373371124268
32,1,26,0.18791832851086065,0.7154083734536275,0.802598237991333
32,1,27,-0.135169324016584,1.4802689386206394,0.7928912043571472
32,1,28,0.3857270953643982,1.5132370664295622,0.8344517946243286
32,1,29,-0.24066733300513735,1.6253287009799002,0.7661405205726624
32,1,30,0.33957171643190615,1.645109577665254,0.8146179914474487
32,1,31,0.135169324016584,1.6055478242945465,0.8240871429443359
32,1,32,0.7154083734536275,1.6187350754181156,0.8476060032844543
32,2,0,-0.36085328547749645,-1.3072420907864022,0.9993791580200196
32,2,1,-0.33361907525277973,-1.3821361689043732,0.9992817640304564
32,2,2,-0.3131934175842422,-1.3821361689043732,0.9992310404777528
32,2,3,-0.2995763124718839,-1.3889447214605524,0.9993883967399596
32,2,4,-0.3472361803651381,-1.3889447214605524,0.9992214441299438
32,2,5,-0.3472361803651381,-1.3957532740167315,0.9991060495376588
32,2,6,-0.3404276278089589,-1.4025618265729107,0.9992344379425048
32,2,7,-0.23829933946627124,-1.375327616348194,0.9990713596343994
32,2,8,-0.2927677599157047,-1.3889447214605524,0.9989941716194152
32,2,9,-0.306384865028063,-1.225539460112252,0.9993640184402466
32,2,10,-0.33361907525277973,-1.225539460112252,0.9990638494491576
32,2,11,0.006808552556179178,-0.9804315680898017,0.9996256828308104
32,2,12,-0.22468223435391288,-1.0076657783145184,0.9993739128112792
32,2,13,0.013617105112358356,-0.44936446870782576,0.6368486285209656
32,2,14,-0.23829933946627124,-0.49702433660108003,0.5493952631950378
32,2,15,-0.4629815738201841,-0.3404276278089589,0.7750420570373535
32,2,16,-0.49021578404490085,-0.3540447329213173,0.6140506267547607
32,2,17,-0.5923440723875886,-0.26553354969098797,0.7623818516731262
32,2,18,-0.612769730056126,-0.2587249971348088,0.6038402915000916
32,2,19,-0.6195782826123052,-0.3131934175842422,0.7632761001586914
32,2,20,-0.6263868351684844,-0.2927677599157047,0.6049256920814514
32,2,21,-0.5855355198314094,-0.3472361803651381,0.7313395142555237
32,2,22,-0.5923440723875886,-0.33361907525277973,0.5984785556793213
32,2,23,0.0953197357865085,0.013617105112358356,0.9945516586303712
32,2,24,-0.0953197357865085,-0.013617105112358356,0.9945662021636964
32,2,25,-0.14297960367976276,0.7693664388482472,0.7343405485153198
32,2,26,-0.23149078691009206,0.7148980183988137,0.790199339389801
32,2,27,0.08170263067415014,1.5455414302526735,0.8086610436439514
32,2,28,-0.45617302126400494,1.4297960367976275,0.8341847062110901
32,2,29,0.17702236646065864,1.6680953762638988,0.7754348516464233
32,2,30,-0.4425559161516466,1.5863927455897486,0.8131617903709412
32,2,31,-0.20425657668537536,1.6680953762638988,0.8351238369941711
32,2,32,-0.8442605169662182,1.5319243251403152,0.8487910032272339
33,1,0,0.1406506122998879,-1.2495007883385392,0.9994115233421326
33,1,1,0.1406506122998879,-1.3214615667245282,0.9993150234222412
33,1,2,0.14719250124406874,-1.3214615667245282,0.9992650151252748
33,1,3,0.14719250124406874,-1.328003455668709,0.9994127750396729
33,1,4,0.12102494546734541,-1.328003455668709,0.9992624521255492
33,1,5,0.10794116757898374,-1.3345453446128899,0.9991515874862672
33,1,6,0.09485738969062207,-1.3410872335570707,0.9992777109146118
33,1,7,0.12102494546734541,-1.328003455668709,0.9990851879119872
33,1,8,0.04906416708135625,-1.3476291225012516,0.9990664124488832
33,1,9,0.1341087233557071,-1.1906237878409116,0.999394416809082
33,1,10,0.10139927863480291,-1.1971656767850924,0.9991387128829956
33,1,11,0.03598038919299458,-0.9812833416271249,0.9995737075805664
33,1,12,-0.17336005702079207,-1.0139927863480291,0.9994328618049622
33,1,13,0.08831550074644125,-0.49064167081356247,0.5855979323387146
33,1,14,-0.09485738969062207,-0.4513903371484775,0.5932328701019287
33,1,15,0.2976559469602279,-0.6149375607529983,0.7274557948112488
33,1,16,0.2714883911835046,-0.588770004976275,0.6498399972915649
33,1,17,0.42849372584384454,-0.6411051165297217,0.7203046083450317
33,1,18,0.42195183689966376,-0.6149375607529983,0.6381931304931641
33,1,19,0.4546612816205679,-0.6934402280831683,0.7220243215560913
33,1,20,0.42195183689966376,-0.6738145612506258,0.6387522220611572
33,1,21,0.3761586142903979,-0.6999821170273491,0.6931029558181763
33,1,22,0.36307483640203625,-0.6803564501948066,0.6304290294647217
33,1,23,0.07523172285807958,0.0,0.993760883808136
33,1,24,-0.07523172285807958,0.0,0.994433343410492
33,1,25,0.00981283341627125,0.7588591175249766,0.7080896496772766
33,1,26,0.19298572385333457,0.7261496728040725,0.8037812113761902
33,1,27,-0.15373439018824958,1.4784669013848684,0.7997943162918091
33,1,28,0.3565329474578554,1.5111763461057723,0.8434790968894958
33,1,29,-0.24532083540678123,1.6158465692126658,0.768144965171814
33,1,30,0.3107397248485896,1.6289303471010275,0.8234593868255615
33,1,31,0.12102494546734541,1.5831371244917616,0.82904452085495
33,1,32,0.7097949504436204,1.6158465692126658,0.8553017377853394
33,2,0,-0.34327288060199107,-1.2956868532526133,0.9994099736213684
33,2,1,-0.30961867662140374,-1.3697261020099056,0.9993144869804382
33,2,2,-0.29615699502916876,-1.3764569428060232,0.9992627501487732
33,2,3,-0.27596447264081636,-1.3764569428060232,0.999409794807434
33,2,4,-0.3230803582136387,-1.3764569428060232,0.9992755055427552
33,2,5,-0.3230803582136387,-1.3831877836021407,0.9991698861122132
33,2,6,-0.3163495174175212,-1.389918624398258,0.9992940425872804
33,2,7,-0.21538690547575912,-1.3629952612137881,0.9991201758384703
33,2,8,-0.26250279104858143,-1.3764569428060232,0.9990701079368592
33,2,9,-0.2894261542330513,-1.2149167636992038,0.999414324760437
33,2,10,-0.3163495174175212,-1.2216476044953213,0.999140202999115
33,2,11,0.020192522388352417,-0.9793373358350922,0.9996010661125184
33,2,12,-0.1951943830874067,-1.0129915398156797,0.9994167685508728
33,2,13,0.020192522388352417,-0.44087007214569446,0.6264193058013916
33,2,14,-0.20865606467964165,-0.48798595771851677,0.5456036329269409
33,2,15,-0.44423549254375316,-0.34663830100004983,0.7520310282707214
33,2,16,-0.4644280149321056,-0.36009998259228476,0.6055157780647278
33,2,17,-0.5788523084661026,-0.27259905224275766,0.7427709102630615
33,2,18,-0.5855831492622201,-0.27259905224275766,0.5953314304351807
33,2,19,-0.6057756716505726,-0.3197149378155799,0.7439106106758118
33,2,20,-0.599044830854455,-0.306253256223345,0.5969409942626953
33,2,21,-0.5653906268738677,-0.3533691417961673,0.7134594917297363
33,2,22,-0.5586597860777502,-0.34663830100004983,0.5908240079879761
33,2,23,0.07403924875729219,0.01682710199029368,0.9938908219337464
33,2,24,-0.07403924875729219,-0.01682710199029368,0.994350790977478
33,2,25,-0.12788597512623198,0.7841429527476855,0.7323598861694336
33,2,26,-0.1951943830874067,0.7101037039903934,0.7787509560585022
33,2,27,0.0,1.4976120771361376,0.8127282857894897
33,2,28,-0.42404297015540077,1.3966494651943755,0.8302067518234253
33,2,29,0.06057756716505725,1.6254980522623697,0.7768784761428833
33,2,30,-0.41058128856316584,1.5581896443011949,0.8127754330635071
33,2,31,-0.2826953134369338,1.6187672114662521,0.8364877700805664
33,2,32,-0.7673158507573918,1.51780459952449,0.8450189232826233
34,1,0,0.15092579960667568,-1.2523630180128407,0.999436855316162
34,1,1,0.14450342515532777,-1.3230091369776678,0.9993321299552916
34,1,2,0.15092579960667568,-1.3294315114290156,0.999278485774994
34,1,3,0.15092579960667568,-1.3294315114290156,0.9994242787361144
34,1,4,0.13165867625263197,-1.3294315114290156,0.9993060827255248
34,1,5,0.12523630180128406,-1.3358538858803635,0.999201774597168
34,1,6,0.11239155289858827,-1.3422762603317113,0.999325692653656
34,1,7,0.12523630180128406,-1.3230091369776678,0.999094545841217
34,1,8,0.06743493173915296,-1.3422762603317113,0.9991167783737184
34,1,9,0.13808105070397989,-1.1945616479507095,0.9994317293167114
34,1,10,0.11239155289858827,-1.2009840224020576,0.99920254945755
34,1,11,0.05459018283645716,-0.9826232910562289,0.9995598196983336
34,1,12,-0.15734817405802357,-1.0147351633129684,0.9994704127311708
34,1,13,0.11881392734993618,-0.5266347050105279,0.5849506855010986
34,1,14,-0.12523630180128406,-0.4752557093997447,0.5903520584106445
34,1,15,0.35644178204980853,-0.6871940662942254,0.7292163968086243
34,1,16,0.26010616527959,-0.6358150706834422,0.6437175869941711
34,1,17,0.48488927107676655,-0.7064611896482691,0.7241650223731995
34,1,18,0.4078207776605917,-0.6679269429401817,0.6332802176475525
34,1,19,0.47846689662541864,-0.7642625597104002,0.7263553142547607
34,1,20,0.4142431521119396,-0.7385730619050086,0.6344677209854126
34,1,21,0.42708790101463545,-0.7642625597104002,0.6966814398765564
34,1,22,0.35644178204980853,-0.7321506874536607,0.6269383430480957
34,1,23,0.08670205509319667,0.0064223744513479016,0.9936562776565552
34,1,24,-0.08670205509319667,-0.0064223744513479016,0.9944767355918884
34,1,25,0.03532305948241345,0.7578401852590524,0.7167091965675354
34,1,26,0.1894600463147631,0.7000388151969212,0.7972484230995178
34,1,27,-0.12523630180128406,1.4193447537478863,0.8117201924324036
34,1,28,0.3500194075984606,1.4707237493586693,0.8441475033760071
34,1,29,-0.22799429302285049,1.5542146172261921,0.7768766283988953
34,1,30,0.3114851608903732,1.5863264894829316,0.826637327671051
34,1,31,0.09312442954454457,1.5221027449694526,0.8371954560279846
34,1,32,0.6839828790685515,1.56063699167754,0.8564190864562988
34,2,0,-0.3668083843341871,-1.3008112148147561,0.9994767308235168
34,2,1,-0.3328446450439846,-1.382324189111242,0.9993779063224792
34,2,2,-0.3192591493279036,-1.382324189111242,0.999328315258026
34,2,3,-0.3056736536118226,-1.3891169369692826,0.9994637966156006
34,2,4,-0.3464301407600656,-1.382324189111242,0.9993571639060974
34,2,5,-0.3396373929020251,-1.3891169369692826,0.9992630481719972
34,2,6,-0.3328446450439846,-1.3959096848273231,0.9993777275085448
34,2,7,-0.23774617503141757,-1.3687386933951613,0.9991669058799744
34,2,8,-0.2785026621796606,-1.382324189111242,0.9991779327392578
34,2,9,-0.3124664014698631,-1.2192982405182702,0.9994743466377258
34,2,10,-0.32605189718594413,-1.2260909883763107,0.9992505311965942
34,2,11,0.006792747858040502,-0.9747593176288121,0.9995944499969482
34,2,12,-0.20378243574121507,-1.0155158047770552,0.9994875192642212
34,2,13,0.05434198286432402,-0.4313394889855719,0.6261386871337891
34,2,14,-0.2649171664635796,-0.4924742197079364,0.5496219396591187
34,2,15,-0.3736011321922276,-0.24114254896043782,0.7548236846923828
34,2,16,-0.4211503671985111,-0.26152079253455934,0.6077024936676025
34,2,17,-0.4958705936369567,-0.12566583537374929,0.7481129169464111
34,2,18,-0.5434198286432401,-0.1596295746639518,0.5951821208000183
34,2,19,-0.5434198286432401,-0.1935933139541543,0.7498012781143188
34,2,20,-0.5637980722173617,-0.1868005660961138,0.5973218679428101
34,2,21,-0.5026633414949971,-0.23434980110239734,0.7201319932937622
34,2,22,-0.5162488372110782,-0.22076430538631633,0.5912492871284485
34,2,23,0.08830572215452653,0.010189121787060754,0.994009792804718
34,2,24,-0.08830572215452653,-0.010189121787060754,0.994763195514679
34,2,25,-0.14264770501885055,0.7913551254617185,0.7418776154518127
34,2,26,-0.2581244186055391,0.7234276468813134,0.7875926494598389
34,2,27,0.09509847001256704,1.5385573898461737,0.8258238434791565
34,2,28,-0.44152861077263267,1.4298734241175257,0.8413854241371155
34,2,29,0.19698968788317456,1.6676195991489433,0.784153401851654
34,2,30,-0.4211503671985111,1.5861066248524573,0.8198557496070862
34,2,31,-0.21057518359925556,1.6676195991489433,0.8469879627227783
34,2,32,-0.7947514993907387,1.5181791462720522,0.8552128076553345
35,1,0,0.1633428800962003,-1.2512064615368943,0.999494194984436
35,1,1,0.15680916489235228,-1.3230773287792224,0.9993903636932372
35,1,2,0.15680916489235228,-1.3230773287792224,0.9993376135826112
35,1,3,0.1633428800962003,-1.3296110439830704,0.9994718432426452
35,1,4,0.14374173448465627,-1.3296110439830704,0.9993739128112792
35,1,5,0.13720801928080825,-1.3361447591869184,0.9992763996124268
35,1,6,0.12414058887311222,-1.3426784743907665,0.9993946552276612
35,1,7,0.14374173448465627,-1.3230773287792224,0.999120831489563
35,1,8,0.08493829765002416,-1.3361447591869184,0.99921715259552
35,1,9,0.15680916489235228,-1.1924030247022621,0.9994818568229676
35,1,10,0.13067430407696023,-1.1989367399061102,0.999302327632904
35,1,11,0.08493829765002416,-0.9702567077714297,0.99955415725708
35,1,12,-0.13720801928080825,-1.0290601446060619,0.999535322189331
35,1,13,0.17641031050389633,-0.4475594914635888,0.5856093168258667
35,1,14,-0.18947774091159234,-0.4998292130943729,0.5938583612442017
35,1,15,0.2744160385616165,-0.6827732388021173,0.7383590340614319
35,1,16,0.18947774091159234,-0.6435709475790291,0.6454132795333862
35,1,17,0.3920229122308807,-0.7154418148213573,0.7356089949607849
35,1,18,0.30708461458085656,-0.6893069540059652,0.6325569152832031
35,1,19,0.3985566274347287,-0.7807789668598374,0.7376741170883179
35,1,20,0.31361832978470455,-0.7611778212482934,0.6341689825057983
35,1,21,0.3332194753962486,-0.7677115364521414,0.70856112241745
35,1,22,0.2548148929500725,-0.7415766756367493,0.6266207098960876
35,1,23,0.08493829765002416,0.003266857601924006,0.9937261939048768
35,1,24,-0.08493829765002416,-0.003266857601924006,0.9948607087135316
35,1,25,0.03266857601924006,0.7546441060444453,0.7167171239852905
35,1,26,0.18294402570774432,0.7285092452290534,0.8042353987693787
35,1,27,-0.1045394432615682,1.4733527784677267,0.8164264559745789
35,1,28,0.36588805141548864,1.5256225000985106,0.8527802228927612
35,1,29,-0.20254517131928837,1.6105607977485348,0.7755575180053711
35,1,30,0.3266857601924006,1.643229373767775,0.8317571878433228
35,1,31,0.13067430407696023,1.5844259369331428,0.8412646651268005
35,1,32,0.7056412420155853,1.6236282281562309,0.8640092015266418
35,2,0,-0.36507256644066,-1.2984184674351775,0.9995360374450684
35,2,1,-0.3375199199168366,-1.3810764070066477,0.9994401335716248
35,2,2,-0.3237435966549249,-1.3810764070066477,0.9993926286697388
35,2,3,-0.3099672733930132,-1.3879645686376036,0.9995155334472656
35,2,4,-0.3512962431787483,-1.3810764070066477,0.9994258284568788
35,2,5,-0.34440808154779246,-1.3879645686376036,0.999338448047638
35,2,6,-0.34440808154779246,-1.3948527302685594,0.9994457960128784
35,2,7,-0.227309333821543,-1.367300083744736,0.999200165271759
35,2,8,-0.28241462686918983,-1.3810764070066477,0.9992794990539552
35,2,9,-0.3099672733930132,-1.222648689494663,0.9995259642601012
35,2,10,-0.33063175828588076,-1.222648689494663,0.9993525147438048
35,2,11,0.013776323261911697,-0.9746748707802526,0.9995949268341064
35,2,12,-0.20664484892867546,-1.0160038405659877,0.9995452165603638
35,2,13,0.12398690935720529,-0.409845617041873,0.6268239617347717
35,2,14,-0.24108565708345472,-0.5062798798752549,0.5487422943115234
35,2,15,-0.28241462686918983,-0.18942444485128584,0.7635083198547363
35,2,16,-0.3512962431787483,-0.23075341463702095,0.6041252017021179
35,2,17,-0.4132896978573509,-0.07232569712503642,0.7593094110488892
35,2,18,-0.4752831525359536,-0.12054282854172736,0.5907407402992249
35,2,19,-0.4615068292740419,-0.14120731343459492,0.7609679698944092
35,2,20,-0.49594763742882114,-0.14120731343459492,0.5930928587913513
35,2,21,-0.42017785948830677,-0.17564812158937415,0.7324537634849548
35,2,22,-0.454618667643086,-0.17564812158937415,0.586318850517273
35,2,23,0.10332242446433773,0.010332242446433774,0.9941445589065552
35,2,24,-0.10332242446433773,-0.010332242446433774,0.9951251745224
35,2,25,-0.07576977794051434,0.823135314899224,0.7432309985160828
35,2,26,-0.33063175828588076,0.7198128904348862,0.804614782333374
35,2,27,0.11709874772624944,1.594609417566279,0.8322905898094177
35,2,28,-0.46839499090499775,1.4775106698400295,0.8561267256736755
35,2,29,0.20664484892867546,1.7185963269234843,0.7873061895370483
35,2,30,-0.454618667643086,1.6359383873520141,0.8309563994407654
35,2,31,-0.19975668729771962,1.7185963269234843,0.8533802628517151
35,2,32,-0.8334675573456577,1.5326159628876763,0.8670883774757385
36,1,0,0.1666518538268679,-1.2765532003138083,0.9995620846748352
36,1,1,0.15331970552071847,-1.3565460901507047,0.9994712471961976
36,1,2,0.15331970552071847,-1.3565460901507047,0.999424159526825
36,1,3,0.15331970552071847,-1.3565460901507047,0.99954092502594
36,1,4,0.13332148306149433,-1.3565460901507047,0.9994560480117798
36,1,5,0.1199893347553449,-1.3632121643037796,0.999369204044342
36,1,6,0.10665718644919546,-1.3698782384568542,0.9994731545448304
36,1,7,0.13998755721456904,-1.3365478676914806,0.9992182850837708
36,1,8,0.06666074153074716,-1.34988001599763,0.9993276596069336
36,1,9,0.15998577967379318,-1.209892458783061,0.999546468257904
36,1,10,0.13332148306149433,-1.2165585329361357,0.9994040727615356
36,1,11,0.09332503814304603,-0.9632477151192965,0.9995973706245422
36,1,12,-0.1199893347553449,-1.0365745308031185,0.9995866417884828
36,1,13,0.13998755721456904,-0.4699582277917675,0.5982531905174255
36,1,14,-0.33996978180681053,-0.576615414240963,0.5932617783546448
36,1,15,0.17998400213301735,-0.6766065265370838,0.7715261578559875
36,1,16,0.05999466737767245,-0.7432672680678308,0.6428447961807251
36,1,17,0.2599768919699139,-0.7299351197616815,0.7679045796394348
36,1,18,0.1666518538268679,-0.7765976388332044,0.6297114491462708
36,1,19,0.2599768919699139,-0.7632654905270551,0.7693793177604675
36,1,20,0.1666518538268679,-0.8232601579047275,0.6315593123435974
36,1,21,0.21331437289839092,-0.7299351197616815,0.7413234710693359
36,1,22,0.12665540890841961,-0.8032619354455033,0.6241649389266968
36,1,23,0.08665896398997132,0.003333037076537358,0.9942163825035096
36,1,24,-0.08665896398997132,-0.003333037076537358,0.9953083992004396
36,1,25,0.046662519071523016,0.8032619354455033,0.7200027704238892
36,1,26,0.15331970552071847,0.7432672680678308,0.8185166716575623
36,1,27,-0.1199893347553449,1.5365300922837222,0.8212190866470337
36,1,28,0.3799662267252588,1.5698604630490958,0.8648137450218201
36,1,29,-0.23331259535761506,1.6831837236513658,0.7782553434371948
36,1,30,0.31997155934758637,1.6965158719575153,0.8399865627288818
36,1,31,0.13998755721456904,1.6498533528859922,0.8463374376296997
36,1,32,0.7199360085320694,1.6698515753452166,0.8733342289924622
36,2,0,-0.32909351661082076,-1.2994104831128284,0.999597668647766
36,2,1,-0.29516634994991137,-1.3808356830990107,0.9995126724243164
36,2,2,-0.2815954832855476,-1.3808356830990107,0.9994707703590392
36,2,3,-0.2680246166211839,-1.3876211164311927,0.9995779395103456
36,2,4,-0.315522649946457,-1.3808356830990107,0.9995006322860718
36,2,5,-0.315522649946457,-1.3808356830990107,0.999422252178192
36,2,6,-0.3087372166142751,-1.3876211164311927,0.9995164275169371
36,2,7,-0.15945768330627397,-1.360479383102465,0.99929016828537
36,2,8,-0.22731201662809267,-1.367264816434647,0.9993825554847716
36,2,9,-0.2748100499533658,-1.2179852831266458,0.999585509300232
36,2,10,-0.29516634994991137,-1.2179852831266458,0.9994472861289978
36,2,11,0.03053444999481842,-0.9872805498324623,0.9996356964111328
36,2,12,-0.1730285499706377,-1.0076368498290078,0.9995973110198976
36,2,13,0.24766831662463829,-0.47158761658664006,0.6383099555969238
36,2,14,-0.21374114996372892,-0.525871083244095,0.5447584390640259
36,2,15,-0.14588681664191022,-0.2205265832959108,0.7938282489776611
36,2,16,-0.2883809166177295,-0.21374114996372892,0.5991936922073364
36,2,17,-0.2544537499568202,-0.09160334998445525,0.7894729375839233
36,2,18,-0.3833769832682757,-0.08481791665227338,0.5857638120651245
36,2,19,-0.315522649946457,-0.15945768330627397,0.7906382083892822
36,2,20,-0.40373328326482133,-0.11874508331318274,0.5881595015525818
36,2,21,-0.2883809166177295,-0.19338484996718333,0.7637017965316772
36,2,22,-0.3630206832717301,-0.1526722499740921,0.5817468166351318
36,2,23,0.08481791665227338,0.01696358333045468,0.9946131110191344
36,2,24,-0.08481791665227338,-0.01696358333045468,0.9955706000328064
36,2,25,-0.07803248332009152,0.790502983199188,0.7459648251533508
36,2,26,-0.3087372166142751,0.681936049884278,0.81837397813797
36,2,27,0.1255305166453646,1.5572569497357394,0.8360623717308044
36,2,28,-0.3901624166004576,1.4419045830886477,0.8664711713790894
36,2,29,0.2205265832959108,1.679394749715013,0.7885361909866333
36,2,30,-0.37659154993609384,1.5911841163966487,0.8407804369926453
36,2,31,-0.14588681664191022,1.6997510497115587,0.8571885228157043
36,2,32,-0.7497903832060967,1.516544349742648,0.8755075931549072
37,1,0,0.1571475756625365,-1.3073340868947185,0.9996299147605896
37,1,1,0.13708618302476588,-1.3675182648080304,0.9995517730712892
37,1,2,0.13708618302476588,-1.3742053956872873,0.9995112419128418
37,1,3,0.130399052145509,-1.3742053956872873,0.9996104836463928
37,1,4,0.11702479038699527,-1.3675182648080304,0.999541997909546
37,1,5,0.10365052862848152,-1.3675182648080304,0.9994695782661438
37,1,6,0.09027626686996777,-1.3742053956872873,0.9995574951171876
37,1,7,0.08358913599071091,-1.3474568721702598,0.999334990978241
37,1,8,0.01671782719814218,-1.340769741291003,0.9994375705718994
37,1,9,0.15046044478327963,-1.233775647222893,0.9996109008789062
37,1,10,0.130399052145509,-1.233775647222893,0.9994968175888062
37,1,11,0.12371192126625213,-0.9596032811733612,0.9995639324188232
37,1,12,-0.07690200511145404,-1.0398488517244437,0.999633014202118
37,1,13,0.12371192126625213,-0.5048783813838938,0.5971181392669678
37,1,14,-0.4848169887461233,-0.6319338680897745,0.5898382067680359
37,1,15,0.14377331390402276,-0.6653695224860589,0.7831947803497314
37,1,16,-0.07021487423219716,-0.6854309151238295,0.638546884059906
37,1,17,0.1772089683003071,-0.6988051768823431,0.7797061800956726
37,1,18,-0.030092088956655928,-0.6988051768823431,0.6255475878715515
37,1,19,0.1571475756625365,-0.7456150930371412,0.7797600626945496
37,1,20,-0.01671782719814218,-0.758989354795655,0.6274437308311462
37,1,21,0.12371192126625213,-0.7389279621578844,0.7522987723350525
37,1,22,-0.05015348159442654,-0.758989354795655,0.6207191348075867
37,1,23,0.06352774335294029,0.01003069631888531,0.9947527647018432
37,1,24,-0.06352774335294029,-0.01003069631888531,0.995810329914093
37,1,25,0.023404958077399052,0.81248640182971,0.7317869067192078
37,1,26,0.13708618302476588,0.7255537003993706,0.8319125771522522
37,1,27,-0.13708618302476588,1.5748193220649935,0.8295546770095825
37,1,28,0.3109515858854446,1.5881935838235073,0.8735840320587158
37,1,29,-0.24408027709287586,1.695187677891617,0.7835935354232788
37,1,30,0.2507674079721327,1.7219362014086446,0.8455023765563965
37,1,31,0.06352774335294029,1.6885005470123602,0.8530619144439697
37,1,32,0.6386209989690314,1.6885005470123602,0.8799735307693481
37,2,0,-0.2985753559814369,-1.3150734780305986,0.9996523261070251
37,2,1,-0.2583180046131533,-1.3888786222057852,0.9995749592781068
37,2,2,-0.24489888749039207,-1.3888786222057852,0.9995422959327698
37,2,3,-0.23147977036763087,-1.3888786222057852,0.9996346831321716
37,2,4,-0.27173712173591447,-1.3955881807671657,0.999565601348877
37,2,5,-0.2650275631745339,-1.3955881807671657,0.9995023012161256
37,2,6,-0.2650275631745339,-1.4022977393285463,0.9995815753936768
37,2,7,-0.11741727482416058,-1.3620403879602627,0.9993905425071716
37,2,8,-0.16438418475382482,-1.3754595050830238,0.9994655251502992
37,2,9,-0.24489888749039207,-1.2412683338554118,0.9996384382247924
37,2,10,-0.2650275631745339,-1.2412683338554118,0.9995095133781432
37,2,11,0.07715992345587695,-0.9997242256457101,0.9996060729026794
37,2,12,-0.12412683338554119,-0.9997242256457101,0.9995923042297364
37,2,13,0.36567094159524294,-0.5568933605945902,0.6372701525688171
37,2,14,-0.18451286043796664,-0.5367646849104484,0.5369662642478943
37,2,15,0.06374080633311574,-0.24154410820970176,0.8042194247245789
37,2,16,-0.2583180046131533,-0.20128675684141814,0.586188554763794
37,2,17,-0.010064337842070907,-0.10735293698208967,0.7998653054237366
37,2,18,-0.30528491454281753,-0.08722426129794786,0.5745289325714111
37,2,19,-0.09728859914001876,-0.18115808115727633,0.7997258901596069
37,2,20,-0.3187040316655787,-0.10735293698208967,0.5765373706817627
37,2,21,-0.07045036489449635,-0.22141543252555995,0.7732726335525513
37,2,22,-0.2918657974200563,-0.16102940547313452,0.5707884430885315
37,2,23,0.09728859914001876,0.020128675684141815,0.9951554536819458
37,2,24,-0.09728859914001876,-0.020128675684141815,0.9960007667541504
37,2,25,-0.003354779280690302,0.7783087931201501,0.757461428642273
37,2,26,-0.33883270734972054,0.6441176218925381,0.8362211585044861
37,2,27,0.1308363919469218,1.5633271448016808,0.8453068733215332
37,2,28,-0.2985753559814369,1.409007297889927,0.8769171237945557
37,2,29,0.22477021180625026,1.6840991989065317,0.7982040643692017
37,2,30,-0.2516084460517727,1.543198469117539,0.846969723701477
37,2,31,-0.08386948201725755,1.7042278745906736,0.865578293800354
37,2,32,-0.6474724011732284,1.5163602348720167,0.88472580909729
38,1,0,0.177415738217525,-1.2681939805919378,0.9996768236160278
38,1,1,0.15770287841557776,-1.3339035132650952,0.9996045231819152
38,1,2,0.15770287841557776,-1.3339035132650952,0.999572455883026
38,1,3,0.15770287841557776,-1.3339035132650952,0.9996575713157654
38,1,4,0.13799001861363053,-1.3339035132650952,0.9995973706245422
38,1,5,0.12484811207899905,-1.3339035132650952,0.9995384812355042
38,1,6,0.11170620554436758,-1.3404744665324109,0.9996134042739868
38,1,7,0.11170620554436758,-1.3207616067304637,0.9994196891784668
38,1,8,0.045996672871210176,-1.3207616067304637,0.9995104074478148
38,1,9,0.17084478495020924,-1.2024844479187804,0.9996473789215088
38,1,10,0.15113192514826201,-1.2024844479187804,0.9995497465133668
38,1,11,0.15770287841557776,-0.959359177028098,0.9995017647743224
38,1,12,-0.059138579405841656,-1.0382106162358868,0.9996273517608644
38,1,13,0.14456097188094627,-0.5191053081179434,0.5936387181282043
38,1,14,-0.44025386891015456,-0.6110986538603638,0.582892119884491
38,1,15,0.20369955128678793,-0.657095326731574,0.7846806049346924
38,1,16,-0.08542239247510462,-0.6768081865335213,0.6267781257629395
38,1,17,0.2299833643560509,-0.7030919996027841,0.7819705009460449
38,1,18,0.02628381306926296,-0.683379139800837,0.6152603626251221
38,1,19,0.20369955128678793,-0.7490886724739944,0.7803859114646912
38,1,20,0.045996672871210176,-0.7425177192066786,0.6168010830879211
38,1,21,0.177415738217525,-0.7425177192066786,0.7533982992172241
38,1,22,0.00657095326731574,-0.7425177192066786,0.6107492446899414
38,1,23,0.06570953267315739,0.01314190653463148,0.9953174591064452
38,1,24,-0.06570953267315739,-0.01314190653463148,0.9962658286094666
38,1,25,0.09199334574242035,0.7490886724739944,0.7476263046264648
38,1,26,0.1839866914848407,0.7096629528701,0.850317120552063
38,1,27,-0.11170620554436758,1.5704578308884618,0.8432964086532593
38,1,28,0.35483147643505,1.5573159243538304,0.8852647542953491
38,1,29,-0.22341241108873516,1.7084478495020923,0.7971228361129761
38,1,30,0.30226385029652403,1.7018768962347766,0.8539332151412964
38,1,31,0.07885143920778888,1.7347316625713554,0.8633990287780762
38,1,32,0.7030919996027841,1.6821640364328294,0.890049159526825
38,2,0,-0.2860588767415299,-1.305349127199855,0.999690055847168
38,2,1,-0.25317854608158397,-1.377685854651736,0.9996151328086852
38,2,2,-0.23345034768561637,-1.377685854651736,0.9995905160903932
38,2,3,-0.220298215421638,-1.377685854651736,0.9996716380119324
38,2,4,-0.26633067834556234,-1.377685854651736,0.999609351158142
38,2,5,-0.26633067834556234,-1.3842619207837252,0.999556005001068
38,2,6,-0.25975461221357315,-1.3842619207837252,0.999622404575348
38,2,7,-0.1085050911778217,-1.3579576562557685,0.9994643330574036
38,2,8,-0.16111362023373524,-1.3645337223877576,0.9995171427726746
38,2,9,-0.23345034768561637,-1.2264363336159847,0.9996668100357056
38,2,10,-0.25317854608158397,-1.2264363336159847,0.9995414614677428
38,2,11,0.07562476051787573,-1.002850085128352,0.9995495676994324
38,2,12,-0.13480935570577848,-0.9962740189963628,0.9995653033256532
38,2,13,0.36497167032540023,-0.5885579188130329,0.6341482400894165
38,2,14,-0.16111362023373524,-0.5293733236251301,0.5311776995658875
38,2,15,0.08220082664986492,-0.25317854608158397,0.8055985569953918
38,2,16,-0.24002641381760556,-0.25317854608158397,0.577689528465271
38,2,17,0.0032880330659945966,-0.13480935570577848,0.8019891381263733
38,2,18,-0.25975461221357315,-0.12823328957378927,0.5674209594726562
38,2,19,-0.06247262825389734,-0.2137221492896488,0.8003807067871094
38,2,20,-0.27290674447755153,-0.17426575249771364,0.5692831873893738
38,2,21,-0.042744429857929755,-0.25317854608158397,0.774537980556488
38,2,22,-0.24002641381760556,-0.2071460831576596,0.5641921758651733
38,2,23,0.1019290250458325,0.016440165329972983,0.9955637454986572
38,2,24,-0.1019290250458325,-0.016440165329972983,0.9962843060493468
38,2,25,0.00986409919798379,0.7135031753208275,0.7711717486381531
38,2,26,-0.3057870751374975,0.6017100510770113,0.8505926132202148
38,2,27,0.16111362023373524,1.5092071772915199,0.8564103245735168
38,2,28,-0.25975461221357315,1.3579576562557685,0.8845233917236328
38,2,29,0.24002641381760556,1.6275763676673254,0.8067628741264343
38,2,30,-0.2071460831576596,1.5026311111595307,0.8538001775741577
38,2,31,-0.06247262825389734,1.6604566983272715,0.8728493452072144
38,2,32,-0.6214382494729788,1.4565986482356064,0.8903107643127441
