frame,player_id,landmark_index,x_norm,y_norm,visibility
1,1,0,0.2338274505865314,-1.2407940523059489,0.9994286298751832
1,1,1,0.2187418086132068,-1.3162222621725719,0.999403178691864
1,1,2,0.2187418086132068,-1.3162222621725719,0.9992600679397584
1,1,3,0.2111989876265445,-1.3162222621725719,0.9993720054626464
1,1,4,0.2036561666398822,-1.3237650831592342,0.999392867088318
1,1,5,0.18857052466655758,-1.3313079041458966,0.9992426037788392
1,1,6,0.17348488269323298,-1.3313079041458966,0.9993965029716492
1,1,7,0.16594206170657066,-1.3237650831592342,0.998610258102417
1,1,8,0.10559949381327224,-1.3313079041458966,0.99936842918396
1,1,9,0.2262846295998691,-1.1804514844126506,0.9992943406105042
1,1,10,0.2036561666398822,-1.195537126385975,0.999395787715912
1,1,11,0.07542820986662303,-1.0069666017194174,0.9994330406188964
1,1,12,-0.0075428209866623035,-0.9918809597460929,0.999415159225464
1,1,13,0.13577077775992147,-0.5619401635063416,0.5423036217689514
1,1,14,0.09805667282660994,-0.45634066969306936,0.5654622316360474
1,1,15,0.422397975253089,-0.8334817190261845,0.658923864364624
1,1,16,0.4374836172264136,-0.795767614092873,0.5993737578392029
1,1,17,0.5430831110396859,-0.8787386449461584,0.6692404747009277
1,1,18,0.5581687530130105,-0.8485673609995091,0.5969905853271484
1,1,19,0.5204546480796989,-0.9239955708661322,0.6697052717208862
1,1,20,0.5279974690663612,-0.9164527498794699,0.595325231552124
1,1,21,0.4676549011730628,-0.9164527498794699,0.6552870869636536
1,1,22,0.4827405431463874,-0.9013671079061453,0.5881595611572266
1,1,23,-0.02262846295998691,-0.0037714104933311518,0.9949766993522644
1,1,24,0.02262846295998691,0.0037714104933311518,0.995120108127594
1,1,25,0.015085641973324607,0.7580535091595615,0.6164567470550537
1,1,26,0.06034256789329843,0.795767614092873,0.7429450154304504
1,1,27,-0.13577077775992147,1.4595358609191558,0.6890131235122681
1,1,28,-0.09805667282660994,1.5047927868391295,0.7817355394363403
1,1,29,-0.2262846295998691,1.6254779226257263,0.7006739377975464
1,1,30,-0.2036561666398822,1.6330207436123887,0.7695870399475098
1,1,31,0.10559949381327224,1.5726781757190902,0.74599289894104
1,1,32,0.1810277036798953,1.7461630584123233,0.8007742166519165
1,2,0,-0.027999104043005707,-1.3279575060396993,0.9994702935218812
1,2,1,0.011999616018431017,-1.3839557141257106,0.9994450807571412
1,2,2,0.027999104043005707,-1.3839557141257106,0.999315619468689
1,2,3,0.051998336079867744,-1.3839557141257106,0.9994166493415833
1,2,4,-0.019999360030718363,-1.3999552021502852,0.9994341731071472
1,2,5,-0.027999104043005707,-1.3999552021502852,0.9992967247962952
1,2,6,-0.035998848055293055,-1.4079549461625727,0.9994375705718994
1,2,7,0.1159962881781665,-1.343956994064274,0.99872887134552
1,2,8,0.011999616018431017,-1.3759559701134234,0.999391794204712
1,2,9,-0.011999616018431017,-1.2479600659168257,0.9993239045143129
1,2,10,-0.043998592067580396,-1.2639595539414006,0.9993842244148254
1,2,11,0.21199321632561463,-1.0079677455482055,0.999462902545929
1,2,12,-0.19599372830103995,-0.9919682575236307,0.9993624091148376
1,2,13,0.09199705614130446,-0.49598412876181536,0.5856609344482422
1,2,14,-0.16399475225189056,-0.4559854087003787,0.5467632412910461
1,2,15,-0.12399603219045384,-0.8399731212901712,0.6902036666870117
1,2,16,-0.31598988848535015,-0.8159738892533092,0.6172279119491577
1,2,17,-0.21999296033790197,-0.9119708174007574,0.6977414488792419
1,2,18,-0.38798758459593624,-0.8959713293761826,0.6131797432899475
1,2,19,-0.17199449626417793,-0.9679690254867688,0.6977771520614624
1,2,20,-0.3799878405836489,-0.9439697934499067,0.6105340719223022
1,2,21,-0.1319957762027412,-0.9439697934499067,0.6828646659851074
1,2,22,-0.33998912052221214,-0.9199705614130447,0.6023079752922058
1,2,23,0.13999552021502853,0.0,0.995331048965454
1,2,24,-0.13999552021502853,0.0,0.9953768849372864
1,2,25,0.1879939842887526,0.7679754251795851,0.64298415184021
1,2,26,0.051998336079867744,0.7439761931427231,0.6997448205947876
1,2,27,0.24399219237476402,1.5039518743100209,0.7000480890274048
1,2,28,0.21199321632561463,1.391955458137998,0.736382007598877
1,2,29,0.32398963249763746,1.647947266531193,0.6880507469177246
1,2,30,0.3079901444730628,1.527951106346883,0.7298729419708252
1,2,31,-0.06799782410444243,1.6639467545557678,0.7508299350738525
1,2,32,-0.019999360030718363,1.6079485464697563,0.7682486176490784
2,1,0,0.2295094459074891,-1.2992568632729042,0.9994524121284484
2,1,1,0.22172946469028607,-1.3614967130105284,0.9994205236434937
2,1,2,0.2295094459074891,-1.3614967130105284,0.9992898106575012
2,1,3,0.23728942712469211,-1.3537167317933254,0.999399483203888
2,1,4,0.20616950225588004,-1.3692766942277315,0.9994165301322936
2,1,5,0.19838952103867702,-1.3770566754449345,0.9992774724960328
2,1,6,0.18282955860427097,-1.3848366566621375,0.999422252178192
2,1,7,0.190609539821474,-1.3303767881417163,0.9986797571182252
2,1,8,0.14392965251825587,-1.3537167317933254,0.9993902444839478
2,1,9,0.21394948347308304,-1.2292370323180772,0.9992854595184326
2,1,10,0.190609539821474,-1.2447969947524833,0.9993754029273988
2,1,11,0.01166997182580453,-1.0036175770191895,0.9993962049484252
2,1,12,-0.05834985912902265,-0.9958375958019866,0.9994159936904908
2,1,13,0.09724976521503775,-0.5056987791181963,0.5373526215553284
2,1,14,0.06612984034622567,-0.4667988730321812,0.5905987620353699
2,1,15,0.3073092580795193,-0.7935580841547081,0.6579486727714539
2,1,16,0.3539891453827374,-0.777998121720302,0.6530609726905823
2,1,17,0.4395689387719706,-0.8557979338923322,0.6727343201637268
2,1,18,0.4940288072923918,-0.8480179526751291,0.6479337811470032
2,1,19,0.44734891998917364,-0.9180377836299564,0.6726857423782349
2,1,20,0.4706888636407827,-0.9024778211955503,0.6452223658561707
2,1,21,0.3617691265999404,-0.9024778211955503,0.6591702699661255
2,1,22,0.41622899512036154,-0.8946978399783473,0.6357535719871521
2,1,23,-0.00388999060860151,0.0,0.9949546456336976
2,1,24,0.00388999060860151,0.0,0.9950634241104126
2,1,25,0.04278989669461661,0.770218140503099,0.6174032092094421
2,1,26,0.08946978399783473,0.7235382531998809,0.7180059552192688
2,1,27,-0.10502974643224076,1.5015363749201829,0.6803997755050659
2,1,28,-0.0816898027806317,1.5015363749201829,0.7476344704627991
2,1,29,-0.20616950225588004,1.6571359992642434,0.673140823841095
2,1,30,-0.190609539821474,1.6571359992642434,0.7385857701301575
2,1,31,0.09724976521503775,1.6415760368298373,0.7413654923439026
2,1,32,0.17504957738706795,1.6882559241330553,0.777601957321167
2,2,0,-0.061982941886847776,-1.363624721510651,0.9994853734970092
2,2,1,0.012396588377369556,-1.4297398595232886,0.9994521141052246
2,2,2,0.04545415738368837,-1.421475467271709,0.99933522939682
2,2,3,0.05371854963526807,-1.421475467271709,0.9994357228279114
2,2,4,-0.037189765132108664,-1.4380042517748683,0.999447226524353
2,2,5,-0.037189765132108664,-1.446268644026448,0.9993179440498352
2,2,6,-0.04545415738368837,-1.446268644026448,0.999449610710144
2,2,7,0.07024733413842747,-1.3801535060138104,0.9987943172454834
2,2,8,-0.02892537288052896,-1.4049466827685495,0.9993879795074464
2,2,9,-0.037189765132108664,-1.2892451912464338,0.9993136525154114
2,2,10,-0.07851172639000718,-1.3057739757495932,0.9993546605110168
2,2,11,0.16115564890580422,-1.0082558546927238,0.9994248151779176
2,2,12,-0.1694200411573839,-0.9917270701895644,0.9992825388908386
2,2,13,-0.061982941886847776,-0.4875991428432025,0.5810859203338623
2,2,14,-0.25206396367318096,-0.4545415738368837,0.5464434027671814
2,2,15,-0.22727078691844185,-0.8099104406548109,0.6865153312683105
2,2,16,-0.25206396367318096,-0.7437953026421733,0.6223992109298706
2,2,17,-0.34297227844055767,-0.8677611864158689,0.6957525610923767
2,2,18,-0.3595010629437171,-0.8264392251579703,0.6187565326690674
2,2,19,-0.3264434939373983,-0.9421407166800861,0.6950922012329102
2,2,20,-0.3595010629437171,-0.9008187554221877,0.6148454546928406
2,2,21,-0.29338592493107946,-0.9256119321769267,0.6797401905059814
2,2,22,-0.30165031718265917,-0.892554363170608,0.6057513356208801
2,2,23,0.111569295396326,0.0,0.9952915906906128
2,2,24,-0.111569295396326,0.0,0.9953358769416808
2,2,25,0.1694200411573839,0.7933816561516516,0.6510825157165527
2,2,26,-0.05371854963526807,0.8016460484032312,0.7134085297584534
2,2,27,0.21074200241528243,1.5784989200517234,0.7014849185943604
2,2,28,0.1280980798994854,1.479326213032767,0.7421310544013977
2,2,29,0.29338592493107946,1.727257980580158,0.6605069637298584
2,2,30,0.20247761016370272,1.644614058064361,0.7182427048683167
2,2,31,-0.07851172639000718,1.7603155495864768,0.7534481883049011
2,2,32,-0.061982941886847776,1.7189935883285783,0.7725399732589722
3,1,0,0.19103165853217688,-1.3412861130982632,0.999103844165802
3,1,1,0.19916066527822696,-1.4063181670666638,0.9988861083984376
3,1,2,0.2154186787703271,-1.4063181670666638,0.9986720681190492
3,1,3,0.2235476855163772,-1.4063181670666638,0.9989446997642516
3,1,4,0.1747736450400767,-1.4144471738127138,0.9990159273147584
3,1,5,0.15851563154797654,-1.4144471738127138,0.9988128542900084
3,1,6,0.15038662480192647,-1.422576180558764,0.9990832209587096
3,1,7,0.15038662480192647,-1.3656731333364134,0.99729722738266
3,1,8,0.09348357757957591,-1.3900601535745636,0.9986910223960876
3,1,9,0.16664463829402662,-1.2762540591298626,0.9980223774909972
3,1,10,0.1341286113098263,-1.2843830658759126,0.9985801577568054
3,1,11,0.02845152361117528,-0.9998678297641598,0.998938262462616
3,1,12,-0.0609675505953756,-0.9998678297641598,0.999285876750946
3,1,13,0.052838543849325514,-0.4796113980169547,0.5287749767303467
3,1,14,-0.012193510119075119,-0.4552243777788045,0.59049391746521
3,1,15,0.304837752976878,-0.7885136543668577,0.6384961009025574
3,1,16,0.3698698069452786,-0.7559976273826574,0.6585994958877563
3,1,17,0.4430308676597293,-0.821029681351058,0.6530075073242188
3,1,18,0.4999339148820799,-0.8129006746050079,0.654538094997406
3,1,19,0.48367590138997973,-0.918577762303659,0.6527513861656189
3,1,20,0.48367590138997973,-0.8779327285734085,0.6508169770240784
3,1,21,0.39425682718342886,-0.8535457083352583,0.6385039687156677
3,1,22,0.4349018609136793,-0.8779327285734085,0.6409846544265747
3,1,23,0.004064503373025039,0.0,0.993873417377472
3,1,24,-0.004064503373025039,0.0,0.994168221950531
3,1,25,0.04470953710327544,0.8129006746050079,0.6219620704650879
3,1,26,0.0609675505953756,0.8535457083352583,0.728119432926178
3,1,27,-0.11787059781772616,1.6014143289718656,0.6761793494224548
3,1,28,-0.10161258432562599,1.6908334031784165,0.7454434633255005
3,1,29,-0.20728967202427703,1.7639944638928673,0.6448781490325928
3,1,30,-0.19916066527822696,1.8127685043691677,0.7163301110267639
3,1,31,0.10974159107167607,1.7721234706389173,0.7348507046699524
3,1,32,0.19103165853217688,1.8452845313533681,0.7730982899665833
3,2,0,-0.07468301061397672,-1.3691885279229068,0.9991865754127502
3,2,1,0.0,-1.4355734262464417,0.9989895820617676
3,2,2,0.024894336871325577,-1.4272753139559997,0.9987967610359192
3,2,3,0.058086786033093016,-1.4272753139559997,0.999042809009552
3,2,4,-0.04149056145220929,-1.4438715385368834,0.9991050362586976
3,2,5,-0.049788673742651154,-1.4438715385368834,0.998920202255249
3,2,6,-0.058086786033093016,-1.4521696508273254,0.9991639256477356
3,2,7,0.06638489832353488,-1.3857847525037905,0.9975625276565552
3,2,8,-0.03319244916176744,-1.410679089375116,0.9987998008728028
3,2,9,-0.04149056145220929,-1.29450551730893,0.9982087016105652
3,2,10,-0.08298112290441859,-1.3111017418898137,0.9986993074417114
3,2,11,0.1576641335183953,-1.004071587143465,0.9990326166152954
3,2,12,-0.1825584703897209,-0.995773474853023,0.9992464184761048
3,2,13,0.06638489832353488,-0.4812905128456278,0.5740388631820679
3,2,14,-0.23234714413237206,-0.45639617597430227,0.5468642711639404
3,2,15,-0.1825584703897209,-0.7883206675919766,0.6699272394180298
3,2,16,-0.23234714413237206,-0.7468301061397673,0.6263520121574402
3,2,17,-0.30703015474634876,-0.8298112290441859,0.6796936392784119
3,2,18,-0.33192449161767434,-0.7883206675919766,0.6251255869865417
3,2,19,-0.27383770558458137,-0.9127923519486045,0.6790727972984314
3,2,20,-0.30703015474634876,-0.8630036782059534,0.6206853985786438
3,2,21,-0.24894336871325576,-0.887898015077279,0.6640441417694092
3,2,22,-0.25724148100369765,-0.8630036782059534,0.6122462749481201
3,2,23,0.14106790893751162,0.0,0.9943700432777404
3,2,24,-0.14106790893751162,0.0,0.9945471882820128
3,2,25,0.17426035809927903,0.7966187798824185,0.6510004997253418
3,2,26,-0.04149056145220929,0.7966187798824185,0.7054193615913391
3,2,27,0.23234714413237206,1.5766413351839532,0.6922284364700317
3,2,28,0.14936602122795345,1.4521696508273254,0.7239961624145508
3,2,29,0.33192449161767434,1.7260073564119067,0.6388111114501953
3,2,30,0.24894336871325576,1.6098337843457207,0.6939094066619873
3,2,31,-0.058086786033093016,1.767497917864116,0.7436836361885071
3,2,32,0.00829811229044186,1.6845167949596973,0.7586357593536377
4,1,0,0.21456786492655003,-1.3440854935021624,0.99908846616745
4,1,1,0.21456786492655003,-1.4088606980082907,0.9988800883293152
4,1,2,0.22266476548981606,-1.4088606980082907,0.9986691474914552
4,1,3,0.23885856661634813,-1.4088606980082907,0.9989221692085266
4,1,4,0.1902771632367519,-1.4169575985715568,0.9990089535713196
4,1,5,0.18218026267348586,-1.4250544991348228,0.9988093376159668
4,1,6,0.1659864615469538,-1.4250544991348228,0.9990803003311156
4,1,7,0.1902771632367519,-1.3683761951919604,0.997283399105072
4,1,8,0.11740505816735755,-1.3926668968817586,0.9987343549728394
4,1,9,0.1902771632367519,-1.271213388432768,0.9980006814002992
4,1,10,0.1659864615469538,-1.2874071895593,0.9986092448234558
4,1,11,0.09311435647755945,-1.0040156698449887,0.9987646341323853
4,1,12,-0.07692055535102736,-0.9959187692817227,0.9992915987968444
4,1,13,0.11740505816735755,-0.4858140337959623,0.5230066776275635
4,1,14,-0.004048450281633019,-0.4453295309796321,0.5907788872718811
4,1,15,0.3603120750653387,-0.7611086529470076,0.6301775574684143
4,1,16,0.3441182739388066,-0.7530117523837415,0.6616166234016418
4,1,17,0.5465407880204576,-0.7934962552000717,0.6464463472366333
4,1,18,0.4898624840775953,-0.7934962552000717,0.659408450126648
4,1,19,0.5465407880204576,-0.8663683602694661,0.6459038257598877
4,1,20,0.46557178238779723,-0.8582714597062001,0.6551436185836792
4,1,21,0.45747488182453117,-0.8582714597062001,0.6319408416748047
4,1,22,0.41699037900820096,-0.8582714597062001,0.6457760334014893
4,1,23,0.05262985366122925,0.0,0.993846356868744
4,1,24,-0.05262985366122925,0.0,0.9942083358764648
4,1,25,0.13359885929388962,0.7853993546368058,0.6254971027374268
4,1,26,0.012145350844899058,0.850174559142934,0.724297046661377
4,1,27,-0.06882365478776133,1.5707987092736115,0.6701954007148743
4,1,28,-0.09311435647755945,1.6598646154695378,0.7298904657363892
4,1,29,-0.14979266042042172,1.7327367205389321,0.624825656414032
4,1,30,-0.18218026267348586,1.7813181239185285,0.692541241645813
4,1,31,0.13359885929388962,1.7084460188491342,0.7297723889350891
4,1,32,0.1902771632367519,1.8218026267348586,0.7616673707962036
4,2,0,-0.10698773177446806,-1.3743808620258589,0.9991740584373474
4,2,1,-0.041149127605564634,-1.4319896406736494,0.9989856481552124
4,2,2,-0.016459651042225854,-1.4319896406736494,0.998795449733734
4,2,3,0.008229825521112927,-1.4319896406736494,0.999024212360382
4,2,4,-0.07406842969001634,-1.448449291715875,0.9991010427474976
4,2,5,-0.08229825521112927,-1.448449291715875,0.998920202255249
4,2,6,-0.08229825521112927,-1.4566791172369882,0.9991650581359864
4,2,7,0.04937895312667756,-1.3826106875469717,0.9975500702857972
4,2,8,-0.057608778647790494,-1.4155299896314235,0.9988456964492798
4,2,9,-0.08229825521112927,-1.3003124323358426,0.998188018798828
4,2,10,-0.11521755729558099,-1.3167720833780683,0.9987233877182008
4,2,11,0.14813685938003268,-1.01226853909689,0.9988785982131958
4,2,12,-0.17282633594337146,-0.9875790625335513,0.9992725253105164
4,2,13,0.11521755729558099,-0.5020193567878886,0.5687991380691528
4,2,14,-0.24689476563338783,-0.46087022918232395,0.5512177348136902
4,2,15,-0.19751581250671024,-0.7818334245057281,0.6631168723106384
4,2,16,-0.32096319532340417,-0.7489141224212764,0.6355141401290894
4,2,17,-0.32096319532340417,-0.8229825521112927,0.674981951713562
4,2,18,-0.40326145053453344,-0.790063250026841,0.6344344615936279
4,2,19,-0.28804389323895246,-0.8888211562801962,0.67392897605896
4,2,20,-0.3868017994923076,-0.8559018541957445,0.6296622157096863
4,2,21,-0.26335441667561366,-0.8805913307590832,0.6591353416442871
4,2,22,-0.3456526718867429,-0.8559018541957445,0.6216633915901184
4,2,23,0.13167720833780683,0.0,0.9943495988845824
4,2,24,-0.13167720833780683,0.0,0.9945896863937378
4,2,25,0.17282633594337146,0.8065229010690669,0.653427004814148
4,2,26,-0.07406842969001634,0.7818334245057281,0.6938948035240173
4,2,27,0.22220528907004905,1.5554370234903432,0.6847742795944214
4,2,28,0.13167720833780683,1.4237598151525364,0.7012581825256348
4,2,29,0.32096319532340417,1.703573882870376,0.6160430312156677
4,2,30,0.23043511459116198,1.571896674532569,0.6669772863388062
4,2,31,-0.08229825521112927,1.7282633594337147,0.7370670437812805
4,2,32,-0.08229825521112927,1.6459651042225854,0.7432326674461365
5,1,0,0.1497963431974842,-1.3279243396966167,0.9990756511688232
5,1,1,0.1659905424620771,-1.3927011367549882,0.9988543391227722
5,1,2,0.17408764209437352,-1.3927011367549882,0.9986430406570436
5,1,3,0.19028184135896642,-1.3927011367549882,0.9988901019096376
5,1,4,0.14169924356518776,-1.408895336019581,0.9989779591560364
5,1,5,0.12550504430059486,-1.408895336019581,0.9987775683403016
5,1,6,0.11740794466829843,-1.4169924356518775,0.9990593791007996
5,1,7,0.15789344282978063,-1.3765069374903953,0.9972485303878784
5,1,8,0.0769224465068162,-1.3927011367549882,0.9987438917160034
5,1,9,0.1336021439328913,-1.2550504430059486,0.9979633688926696
5,1,10,0.10121374540370554,-1.2712446422705415,0.998610496520996
5,1,11,0.10121374540370554,-1.004040354404759,0.9987380504608154
5,1,12,-0.10931084503600198,-0.9959432547724625,0.9993222951889038
5,1,13,0.15789344282978063,-0.5020201772023795,0.5194476246833801
5,1,14,-0.02833984871303755,-0.46153467904089723,0.5953107476234436
5,1,15,0.32793253510800596,-0.7692244650681621,0.6270096898078918
5,1,16,0.31983543547570953,-0.7530302658035692,0.6707062125205994
5,1,17,0.5060687270185277,-0.8178070628619407,0.6448522806167603
5,1,18,0.457486129224749,-0.7935157639650514,0.6688827276229858
5,1,19,0.4898745277539348,-0.8663896606557194,0.6440560221672058
5,1,20,0.4493890295924526,-0.858292561023423,0.6644291877746582
5,1,21,0.4008064317986739,-0.858292561023423,0.6305541396141052
5,1,22,0.3927093321663775,-0.8501954613911266,0.6560212969779968
5,1,23,0.05263114760992688,0.0,0.9939833283424376
5,1,24,-0.05263114760992688,0.0,0.9943360686302184
5,1,25,0.06882534687451977,0.7935157639650514,0.6255871653556824
5,1,26,-0.02024274908074111,0.8178070628619407,0.7131017446517944
5,1,27,-0.08501954613911265,1.5384489301363242,0.6597196459770203
5,1,28,-0.0931166457714091,1.6518083249884743,0.7062970995903015
5,1,29,-0.17408764209437352,1.6841967235176603,0.6024700403213501
5,1,30,-0.19028184135896642,1.7651677198406246,0.6658076643943787
5,1,31,0.10121374540370554,1.6922938231499567,0.721531093120575
5,1,32,0.15789344282978063,1.789459018737514,0.7452723383903503
5,2,0,-0.13022336677288768,-1.3820479892993562,0.9991605281829834
5,2,1,-0.06301130650301016,-1.4492600495692338,0.9989603161811828
5,2,2,-0.0378067839018061,-1.4492600495692338,0.9987698793411256
5,2,3,-0.012602261300602033,-1.4492600495692338,0.9989928603172302
5,2,4,-0.09661733663794891,-1.4576615571029685,0.9990707039833068
5,2,5,-0.09661733663794891,-1.4660630646367032,0.998888909816742
5,2,6,-0.10501884417168361,-1.4660630646367032,0.9991437792778016
5,2,7,0.02940527636807141,-1.3988510043668256,0.997517704963684
5,2,8,-0.06301130650301016,-1.4324570345017644,0.9988503456115724
5,2,9,-0.09661733663794891,-1.3148359290294789,0.9981541633605956
5,2,10,-0.13862487430662238,-1.3232374365632136,0.9987265467643738
5,2,11,0.13862487430662238,-1.01238165781503,0.9988539218902588
5,2,12,-0.1806324119752958,-0.9871771352138259,0.999308705329895
5,2,13,0.12182185923915298,-0.4830866831897446,0.5657052993774414
5,2,14,-0.23104145717770394,-0.46628366812227523,0.5624850392341614
5,2,15,-0.22263994964396924,-0.7771394468704587,0.6608842015266418
5,2,16,-0.32345804004878553,-0.74353341673552,0.659609317779541
5,2,17,-0.34866256264998957,-0.8191469845391322,0.6745026111602783
5,2,18,-0.4074731153861324,-0.7855409544041934,0.6569395065307617
5,2,19,-0.32345804004878553,-0.8779575372752749,0.6733071804046631
5,2,20,-0.390670100318663,-0.8443515071403362,0.6519915461540222
5,2,21,-0.29825351744758144,-0.8695560297415402,0.6589547395706177
5,2,22,-0.35706407018372427,-0.8443515071403362,0.6434442400932312
5,2,23,0.13022336677288768,-0.004200753766867345,0.9944305419921876
5,2,24,-0.13022336677288768,0.004200753766867345,0.9946471452713012
5,2,25,0.14702638184035705,0.7771394468704587,0.657862663269043
5,2,26,-0.10501884417168361,0.8023439694716628,0.7003942728042603
5,2,27,0.20583693457649987,1.6004871851764582,0.6828538179397583
5,2,28,0.1134203517054183,1.5080706023053767,0.6961788535118103
5,2,29,0.29825351744758144,1.7433128132499478,0.6049196720123291
5,2,30,0.20583693457649987,1.6424947228451316,0.6541998982429504
5,2,31,-0.10501884417168361,1.7853203509186213,0.7364671230316162
5,2,32,-0.13862487430662238,1.718108290648744,0.7395709753036499
6,1,0,0.15983472324264245,-1.3524476582069744,0.9991797208786012
6,1,1,0.1680313757166241,-1.4180208779988277,0.9989887475967408
6,1,2,0.17622802819060576,-1.4180208779988277,0.998802363872528
6,1,3,0.18442468066458742,-1.4180208779988277,0.9990184307098388
6,1,4,0.1434414182946791,-1.4262175304728095,0.9990911483764648
6,1,5,0.12704811334671579,-1.4344141829467911,0.9989113807678224
6,1,6,0.11065480839875246,-1.4344141829467911,0.9991592764854432
6,1,7,0.15983472324264245,-1.385234268102901,0.997594714164734
6,1,8,0.06967154602884414,-1.409824225524846,0.9988992810249328
6,1,9,0.1434414182946791,-1.2786777859411396,0.9982171058654784
6,1,10,0.11065480839875246,-1.2868744384151212,0.9987866282463074
6,1,11,0.12704811334671579,-1.0081882542997447,0.9988453388214112
6,1,12,-0.11885146087273411,-0.9917949493517813,0.9993622303009032
6,1,13,0.20081798561255076,-0.5081924533868631,0.5245964527130127
6,1,14,-0.04508158860689915,-0.4672091910169548,0.6054087281227112
6,1,15,0.3483577301442207,-0.7704853325542763,0.6492805480957031
6,1,16,0.29098116282634906,-0.754092027606313,0.6924423575401306
6,1,17,0.4958974746758906,-0.8114685949241847,0.6664243340492249
6,1,18,0.4303242548840373,-0.7868786375022397,0.6890776753425598
6,1,19,0.48770082220190897,-0.8688451622420563,0.6648861169815063
6,1,20,0.413930949936074,-0.852451857294093,0.6844005584716797
6,1,21,0.4303242548840373,-0.8688451622420563,0.6503735780715942
6,1,22,0.36475103509218404,-0.852451857294093,0.6754783987998962
6,1,23,0.06967154602884414,0.0,0.9944429993629456
6,1,24,-0.06967154602884414,0.0,0.9946340322494508
6,1,25,0.24180124798245908,0.8114685949241847,0.631208598613739
6,1,26,-0.012294978710972496,0.8360585523461297,0.7194213271141052
6,1,27,-0.06967154602884414,1.557363970056516,0.6579749584197998
6,1,28,-0.1024581559247708,1.6885104096402226,0.7038531303405762
6,1,29,-0.17622802819060576,1.6967070621142044,0.5915543437004089
6,1,30,-0.21721129056051408,1.8114601967499475,0.6578893661499023
6,1,31,0.09426150345078912,1.7458869769580942,0.7203819751739502
6,1,32,0.12704811334671579,1.8442468066458744,0.7444844841957092
6,2,0,-0.16927702613703666,-1.3707310409145408,0.9992468357086182
6,2,1,-0.10321769886404675,-1.4367903681875307,0.9990724325180054
6,2,2,-0.08670286704579926,-1.4367903681875307,0.9989032745361328
6,2,3,-0.06193061931842805,-1.4367903681875307,0.9990997910499572
6,2,4,-0.1362473625005417,-1.4450477840966545,0.9991621375083924
6,2,5,-0.1362473625005417,-1.4450477840966545,0.9989975094795228
6,2,6,-0.14450477840966544,-1.453305200005778,0.9992231130599976
6,2,7,-0.004128707954561869,-1.387245872732788,0.9978220462799072
6,2,8,-0.10321769886404675,-1.4202755363692832,0.9989745020866394
6,2,9,-0.12798994659141796,-1.3046717136415509,0.998374879360199
6,2,10,-0.16927702613703666,-1.3129291295506746,0.998862326145172
6,2,11,0.10321769886404675,-1.01566215682222,0.9989523887634276
6,2,12,-0.18579185795528413,-0.982632493185725,0.9993515014648438
6,2,13,0.1362473625005417,-0.5037023704565481,0.5705372095108032
6,2,14,-0.2435937693191503,-0.4624152909109294,0.5693947672843933
6,2,15,-0.2601086011373978,-0.7679396795485077,0.6817286610603333
6,2,16,-0.37571242386513015,-0.7431674318211365,0.6782803535461426
6,2,17,-0.38396983977425386,-0.8092267590941264,0.6950395703315735
6,2,18,-0.4830588306837387,-0.7844545113667553,0.6741091012954712
6,2,19,-0.3674550079560064,-0.8752860863671164,0.6931391954421997
6,2,20,-0.4830588306837387,-0.8505138386397452,0.668632447719574
6,2,21,-0.33442534431951143,-0.8670286704579926,0.6782314777374268
6,2,22,-0.4335143352289963,-0.8505138386397452,0.6601155400276184
6,2,23,0.11147511477317049,0.0,0.9948318004608154
6,2,24,-0.11147511477317049,0.0,0.9948168396949768
6,2,25,0.094960282954923,0.825741590912374,0.6521288156509399
6,2,26,-0.14450477840966544,0.7761970954576315,0.673786461353302
6,2,27,0.16927702613703666,1.552394190915263,0.6640138626098633
6,2,28,0.01238612386368561,1.4698200318240255,0.6610758900642395
6,2,29,0.2683660170465215,1.6845128454612428,0.5841774940490723
6,2,30,0.094960282954923,1.5771664386426343,0.6282110810279846
6,2,31,-0.1362473625005417,1.7340573409159852,0.7213991284370422
6,2,32,-0.1775344420461604,1.6432257659156242,0.713147759437561
7,1,0,0.1411003581022208,-1.3465005601754785,0.999116063117981
7,1,1,0.12497460289053842,-1.411003581022208,0.9989212155342102
7,1,2,0.13303748049637962,-1.411003581022208,0.9987318515777588
7,1,3,0.1411003581022208,-1.411003581022208,0.9989765286445618
7,1,4,0.10884884767885605,-1.411003581022208,0.9989951848983764
7,1,5,0.10078597007301486,-1.4190664586280493,0.9987848997116088
7,1,6,0.08466021486133248,-1.4190664586280493,0.9990363717079164
7,1,7,0.13303748049637962,-1.3787520705988432,0.9975486993789672
7,1,8,0.04434582683212654,-1.3948778258105257,0.9987913370132446
7,1,9,0.11691172528469723,-1.2739346617229077,0.9982635974884032
7,1,10,0.09272309246717367,-1.281997539328749,0.9987709522247314
7,1,11,0.13303748049637962,-1.0159225783359898,0.9989483952522278
7,1,12,-0.17335186852558557,-0.983671067912625,0.999380588531494
7,1,13,0.24591776697815626,-0.5482756771972008,0.5372799634933472
7,1,14,-0.08466021486133248,-0.45958402353294775,0.6113641858100891
7,1,15,0.3991124414891388,-0.7740362501607541,0.6854540705680847
7,1,16,0.2217291341606327,-0.8224135157958012,0.7096000909805298
7,1,17,0.5119927279709154,-0.7820991277665953,0.6987992525100708
7,1,18,0.3184836654307269,-0.9030422918542131,0.7051031589508057
7,1,19,0.5039298503650743,-0.8224135157958012,0.6971908807754517
7,1,20,0.30235791021904457,-0.983671067912625,0.6999741196632385
7,1,21,0.44748970712418595,-0.8385392710074836,0.6821419596672058
7,1,22,0.2701063997956798,-0.9514195574892602,0.6910650730133057
7,1,23,0.11691172528469723,0.0,0.9946852326393129
7,1,24,-0.11691172528469723,0.0,0.9943445324897766
7,1,25,0.17335186852558557,0.7901620053724365,0.6191180348396301
7,1,26,-0.10884884767885605,0.8304763934016425,0.687124490737915
7,1,27,-0.06047158204380892,1.5158209898981434,0.6315932273864746
7,1,28,-0.15722611331390318,1.62870127637992,0.6644878387451172
7,1,29,-0.15722611331390318,1.669015664409126,0.5671147108078003
7,1,30,-0.25398064458399744,1.749644440467538,0.6299570202827454
7,1,31,0.06047158204380892,1.6851414196208083,0.699183464050293
7,1,32,0.0685344596496501,1.7899588284967438,0.7150240540504456
7,2,0,-0.1526724348222483,-1.3740519134002347,0.9991742968559264
7,2,1,-0.11140961460001902,-1.4318198617113558,0.9989936947822572
7,2,2,-0.10315705055557317,-1.4318198617113558,0.9988200068473816
7,2,3,-0.08665192246668146,-1.4318198617113558,0.9990444183349608
7,2,4,-0.13616730673335659,-1.4400724257558015,0.9990580081939696
7,2,5,-0.14441987077780244,-1.4400724257558015,0.9988622069358826
7,2,6,-0.1526724348222483,-1.4483249898002475,0.9990938305854796
7,2,7,-0.004126282022222927,-1.3905570414891264,0.9977633357048036
7,2,8,-0.11140961460001902,-1.415314733622464,0.9988391995429992
7,2,9,-0.12791474268891073,-1.2997788370002221,0.998392939567566
7,2,10,-0.16917756291114,-1.3162839650891138,0.9988094568252563
7,2,11,0.11140961460001902,-1.0191916594890629,0.999036192893982
7,2,12,-0.21869294717781512,-0.9779288392668337,0.9992902278900146
7,2,13,0.1856826910000317,-0.5240378168223118,0.5824114084243774
7,2,14,-0.2929660235778278,-0.449764740422299,0.5784072875976562
7,2,15,-0.22694551122226098,-0.7798673022001332,0.7144342064857483
7,2,16,-0.40850192020006976,-0.8046249943334708,0.6960585713386536
7,2,17,-0.3672390999778405,-0.8211301224223625,0.7242015600204468
7,2,18,-0.49928012468897415,-0.8706455066890376,0.6902622580528259
7,2,19,-0.3507339718889488,-0.8788980707334835,0.7222606539726257
7,2,20,-0.5075326887334201,-0.961423711177942,0.6842578649520874
7,2,21,-0.3094711516667195,-0.8706455066890376,0.7065768241882324
7,2,22,-0.46626986851119073,-0.9366660190446044,0.674656867980957
7,2,23,0.11966217864446488,-0.004126282022222927,0.9948684573173524
7,2,24,-0.11966217864446488,0.004126282022222927,0.9942483305931092
7,2,25,0.08665192246668146,0.7881198662445791,0.6455280780792236
7,2,26,-0.09490448651112732,0.8128775583779166,0.6468772888183594
7,2,27,0.17743012695558585,1.5473557583335977,0.6473759412765503
7,2,28,0.11966217864446488,1.4648301178891392,0.632464587688446
7,2,29,0.2929660235778278,1.695901911133623,0.5770799517631531
7,2,30,0.22694551122226098,1.6298813987780563,0.6115127801895142
7,2,31,-0.16092499886669415,1.7289121673114065,0.7071107029914856
7,2,32,-0.16917756291114,1.6546390909113937,0.6910539865493774
8,1,0,0.17407622950473922,-1.3197407167103485,0.9991809725761414
8,1,1,0.1659796606905653,-1.3926098360379138,0.9990121126174928
8,1,2,0.1659796606905653,-1.3926098360379138,0.998841404914856
8,1,3,0.1659796606905653,-1.3926098360379138,0.9990757703781128
8,1,4,0.14168995424804356,-1.3926098360379138,0.9990662932395936
8,1,5,0.13359338543386964,-1.4007064048520879,0.9988670349121094
8,1,6,0.1174002478055218,-1.4088029736662617,0.9990991950035096
8,1,7,0.19026936713308706,-1.3683201295953922,0.997834861278534
8,1,8,0.08501397254882613,-1.3926098360379138,0.998850166797638
8,1,9,0.1659796606905653,-1.2468715973827833,0.9984358549118042
8,1,10,0.13359338543386964,-1.2630647350111313,0.9988279342651368
8,1,11,0.14978652306221749,-0.9958779641433919,0.9990476369857788
8,1,12,-0.12549681661969572,-1.0039745329575658,0.9993292689323424
8,1,13,0.3441041746023915,-0.5262769729213046,0.557194709777832
8,1,14,-0.05262769729213047,-0.4776975600362611,0.6192243099212646
8,1,15,0.3683938810449133,-0.7772706061606961,0.7251913547515869
8,1,16,0.25504191764647843,-0.8744294319307832,0.7252698540687561
8,1,17,0.4655527068150003,-0.8096568814173918,0.732245147228241
8,1,18,0.32791103697404367,-0.9958779641433919,0.719031810760498
8,1,19,0.4655527068150003,-0.8420431566740875,0.730096697807312
8,1,20,0.295524761717348,-1.0687470834709571,0.7133063673973083
8,1,21,0.42506986274413067,-0.8420431566740875,0.7137148380279541
8,1,22,0.2712350552748262,-1.0282642394000876,0.7030487656593323
8,1,23,0.0688208349204783,0.0,0.9949395656585692
8,1,24,-0.0688208349204783,0.0,0.9942627549171448
8,1,25,0.14168995424804356,0.7610774685323483,0.6085002422332764
8,1,26,-0.012144853221260877,0.7934637437890439,0.6565392017364502
8,1,27,-0.09311054136300005,1.5059617994363488,0.6157987713813782
8,1,28,-0.1093036789913479,1.6274103316489574,0.6307392716407776
8,1,29,-0.2064625047614349,1.675989744534001,0.5617288947105408
8,1,30,-0.22265564238978275,1.7974382767466097,0.6099644899368286
8,1,31,0.07691740373465222,1.7164725886048706,0.6861860156059265
8,1,32,0.1174002478055218,1.7893417079324359,0.6883967518806458
8,2,0,-0.1643482399938501,-1.3969600399477258,0.999241292476654
8,2,1,-0.14704842525765535,-1.4661592988925047,0.9990904331207277
8,2,2,-0.1297486105214606,-1.4661592988925047,0.9989349842071532
8,2,3,-0.10379888841716849,-1.4661592988925047,0.999151349067688
8,2,4,-0.18164805473004483,-1.4661592988925047,0.9991331696510316
8,2,5,-0.1902979620981422,-1.4748092062606022,0.9989483952522278
8,2,6,-0.1902979620981422,-1.4748092062606022,0.9991644024848938
8,2,7,0.0,-1.4315596694201154,0.9980314373970032
8,2,8,-0.12109870315336323,-1.44885948415631,0.9989146590232848
8,2,9,-0.1643482399938501,-1.3104609662667521,0.9985501766204834
8,2,10,-0.19894786946623957,-1.3191108736348494,0.9988568425178528
8,2,11,0.1297486105214606,-1.0163641157514414,0.9991202354431152
8,2,12,-0.21624768420243434,-0.9817644862790519,0.9991031289100648
8,2,13,0.19894786946623957,-0.4887197662975016,0.6002078652381897
8,2,14,-0.26814712841101856,-0.4627700441932095,0.5827697515487671
8,2,15,-0.18164805473004483,-0.7828166168128122,0.7495710253715515
8,2,16,-0.49304471998155025,-0.8866155052299808,0.6981298327445984
8,2,17,-0.2940968505153107,-0.8347160610213965,0.7531996965408325
8,2,18,-0.5795437936625241,-1.007714208383344,0.6916694641113281
8,2,19,-0.2854469431472133,-0.8779655978618834,0.7506929039955139
8,2,20,-0.5881937010306214,-1.0250140231195388,0.6864548325538635
8,2,21,-0.2594972210429212,-0.8606657831256886,0.7338128685951233
8,2,22,-0.5362942568220371,-0.9904143936471492,0.6778438687324524
8,2,23,0.1297486105214606,-0.004324953684048687,0.995147466659546
8,2,24,-0.1297486105214606,0.004324953684048687,0.994133710861206
8,2,25,0.13839851788955798,0.8260661536532992,0.6389568448066711
8,2,26,-0.06919925894477899,0.8520158757575913,0.6286295056343079
8,2,27,0.23354749893862908,1.6737570757268416,0.639977753162384
8,2,28,0.14704842525765535,1.5613082799415758,0.6086522340774536
8,2,29,0.3459962947238949,1.8554051304568866,0.5745260119438171
8,2,30,0.26814712841101856,1.7602561494078155,0.5915032029151917
8,2,31,-0.15569833262575272,1.8727049451930813,0.7016098499298096
8,2,32,-0.1643482399938501,1.8121555936163998,0.6716615557670593
9,1,0,0.2007589842178305,-1.3397589354945016,0.9992049336433412
9,1,1,0.18437049571025252,-1.4135071337786025,0.9990671277046204
9,1,2,0.1925647399640415,-1.4217013780323915,0.99890398979187
9,1,3,0.2007589842178305,-1.4217013780323915,0.9991481900215148
9,1,4,0.1679820072026745,-1.4217013780323915,0.9990988373756408
9,1,5,0.15159351869509652,-1.4217013780323915,0.9988934993743896
9,1,6,0.1433992744413075,-1.4298956222861805,0.9991215467453004
9,1,7,0.1925647399640415,-1.3971186452710245,0.9980021715164183
9,1,8,0.1352050301875185,-1.4135071337786025,0.9988749027252196
9,1,9,0.18437049571025252,-1.2660107372104006,0.9985406398773192
9,1,10,0.1679820072026745,-1.2742049814641896,0.9988308548927308
9,1,11,0.11062229742615151,-1.0037949210891526,0.9991036653518676
9,1,12,-0.061456831903417504,-0.9956006768353636,0.999144971370697
9,1,13,0.3810323578011885,-0.5203345101156015,0.5685003399848938
9,1,14,0.036874099142050504,-0.4793632888466565,0.6225613951683044
9,1,15,0.43839206757771154,-0.7989388147444275,0.7500382661819458
9,1,16,0.29908991526329853,-0.8808812572823176,0.7263073921203613
9,1,17,0.5203345101156015,-0.8481042802671616,0.7515656352043152
9,1,18,0.3810323578011885,-1.0119891653429416,0.7189236283302307
9,1,19,0.5039460216080235,-0.8808812572823176,0.7489537596702576
9,1,20,0.3400611365322435,-1.0693488751194646,0.7137407064437866
9,1,21,0.4711690445928675,-0.8644927687747396,0.7318845987319946
9,1,22,0.3154784037708765,-1.0283776538505196,0.7034904956817627
9,1,23,0.0286798548882615,0.0040971221268945,0.9951355457305908
9,1,24,-0.0286798548882615,-0.0040971221268945,0.9939928650856018
9,1,25,0.0122913663806835,0.7989388147444275,0.6000340580940247
9,1,26,0.036874099142050504,0.8399100360133726,0.6380905508995056
9,1,27,-0.1024280531723625,1.5691977746005936,0.6098183989524841
9,1,28,-0.061456831903417504,1.6183632401233277,0.6123153567314148
9,1,29,-0.2253417169791975,1.7248884154225845,0.5602647662162781
9,1,30,-0.1761762514564635,1.7986366137066856,0.5961520671844482
9,1,31,0.09423380891857351,1.7412769039301625,0.6807560324668884
9,1,32,0.1597877629488855,1.8232193464680526,0.6735245585441589
9,2,0,-0.16583240553097067,-1.3805547760453307,0.9992483258247375
9,2,1,-0.14095754470132507,-1.446887738257719,0.9991282224655152
9,2,2,-0.124374304148228,-1.446887738257719,0.9989778399467468
9,2,3,-0.10779106359513094,-1.446887738257719,0.9992035627365112
9,2,4,-0.16583240553097067,-1.4551793585342676,0.9991457462310792
9,2,5,-0.1741240258075192,-1.4551793585342676,0.998954713344574
9,2,6,-0.1741240258075192,-1.4551793585342676,0.9991701245307922
9,2,7,-0.0248748608296456,-1.413721257151525,0.9981712102890016
9,2,8,-0.10779106359513094,-1.430304497704622,0.9989174604415894
9,2,9,-0.1492491649778736,-1.2893469530032968,0.9986227750778198
9,2,10,-0.1741240258075192,-1.305930193556394,0.998810350894928
9,2,11,0.08291620276548534,-1.0157234838771954,0.9991451501846312
9,2,12,-0.16583240553097067,-0.9825570027710012,0.9989070296287536
9,2,13,0.14095754470132507,-0.4850597861780892,0.6089617013931274
9,2,14,-0.24045698801990747,-0.4850597861780892,0.5813751816749573
9,2,15,-0.124374304148228,-0.8001413566869334,0.7700329422950745
9,2,16,-0.5223720774225576,-0.8747659391758703,0.6967509388923645
9,2,17,-0.21558212719026187,-0.8581826986227732,0.7676845788955688
9,2,18,-0.62187152074114,-0.9659737622179041,0.6894704699516296
9,2,19,-0.16583240553097067,-0.8913491797289673,0.764541506767273
9,2,20,-0.62187152074114,-0.9825570027710012,0.6843724846839905
9,2,21,-0.16583240553097067,-0.8747659391758703,0.7465268969535828
9,2,22,-0.5804134193583973,-0.9576821419413556,0.6758415699005127
9,2,23,0.09120782304203387,0.004145810138274267,0.9948042035102844
9,2,24,-0.09120782304203387,-0.004145810138274267,0.9931877255439758
9,2,25,0.0497497216592912,0.7835581161338364,0.6205865740776062
9,2,26,-0.0497497216592912,0.7752664958572879,0.5930522084236145
9,2,27,0.19070726636061627,1.5712620424059471,0.6234121918678284
9,2,28,0.10779106359513094,1.397138016598428,0.5734304785728455
9,2,29,0.3150815705088443,1.728802827660369,0.5726236701011658
9,2,30,0.20729050691371334,1.55467880185285,0.5715542435646057
9,2,31,-0.16583240553097067,1.7370944479369177,0.6877511143684387
9,2,32,-0.124374304148228,1.679053106001078,0.6450560092926025
10,1,0,0.21422500151660062,-1.321054176019037,0.9992035627365112
10,1,1,0.20629074220117097,-1.392462509857904,0.9990878701210022
10,1,2,0.20629074220117097,-1.392462509857904,0.9989253878593444
10,1,3,0.21422500151660062,-1.4003967691733337,0.9991832375526428
10,1,4,0.19042222357031166,-1.392462509857904,0.9990950226783752
10,1,5,0.17455370493945235,-1.4003967691733337,0.9988777041435242
10,1,6,0.15868518630859305,-1.4083310284887633,0.99910968542099
10,1,7,0.19042222357031166,-1.3765939912270446,0.9981264472007751
10,1,8,0.13488240836230408,-1.392462509857904,0.9988588690757751
10,1,9,0.19835648288574131,-1.2417115828647405,0.99860018491745
10,1,10,0.182487964254882,-1.2575801014955998,0.998790681362152
10,1,11,0.10314537110058548,-0.9957495440864214,0.9991466403007508
10,1,12,-0.05553981520800757,-1.003683803401851,0.9989793300628662
10,1,13,0.27769907604003785,-0.5038254665297829,0.5799458622932434
10,1,14,0.06347407452343722,-0.48795694789892363,0.6216572523117065
10,1,15,0.41258148440234194,-0.7973930612006801,0.7722910046577454
10,1,16,0.3015018539863268,-0.8767356543549766,0.7255028486251831
10,1,17,0.4998583368720681,-0.844998617093258,0.7685922980308533
10,1,18,0.3808444471406233,-0.9957495440864214,0.7176072597503662
10,1,19,0.4919240775566384,-0.8767356543549766,0.7653730511665344
10,1,20,0.341173150563475,-1.0592236186098585,0.7126317024230957
10,1,21,0.44431852166406055,-0.8608671357241172,0.7470217943191528
10,1,22,0.3094361133017564,-1.0116180627172806,0.7029301524162292
10,1,23,0.023802777946288958,0.003967129657714826,0.994727909564972
10,1,24,-0.023802777946288958,-0.003967129657714826,0.9930529594421388
10,1,25,0.03173703726171861,0.773590283254391,0.5859214067459106
10,1,26,0.007934259315429652,0.7894588018852504,0.6071835160255432
10,1,27,-0.08727685246972618,1.4876736216430597,0.594069242477417
10,1,28,-0.06347407452343722,1.5432134368510673,0.5810286998748779
10,1,29,-0.19042222357031166,1.6384245486362232,0.5578744411468506
10,1,30,-0.182487964254882,1.6939643638442308,0.5794445276260376
10,1,31,0.047605555892577915,1.646358807951653,0.6674836874008179
10,1,32,0.182487964254882,1.733635660421379,0.6499862670898438
10,2,0,-0.16238586255274184,-1.3906891818619431,0.9992448091506958
10,2,1,-0.12074846189819266,-1.448981542778312,0.9991440773010254
10,2,2,-0.10409350163637299,-1.448981542778312,0.9989955425262452
10,2,3,-0.08743854137455331,-1.448981542778312,0.9992334246635436
10,2,4,-0.13740342216001233,-1.4573090229092218,0.9991361498832704
10,2,5,-0.14573090229092217,-1.4573090229092218,0.9989354610443116
10,2,6,-0.154058382421832,-1.4656365030401317,0.9991544485092164
10,2,7,-0.004163740065454919,-1.4156716222546726,0.9982767701148988
10,2,8,-0.08743854137455331,-1.4323265825164924,0.9988934397697448
10,2,9,-0.1290759420291025,-1.290759420291025,0.9986735582351683
10,2,10,-0.16238586255274184,-1.3074143805528446,0.9987568855285645
10,2,11,0.09576602150546315,-1.0076250958400905,0.999187469482422
10,2,12,-0.1707133426836517,-0.9909701355782708,0.998740553855896
10,2,13,0.16238586255274184,-0.46633888733095097,0.6192424297332764
10,2,14,-0.22900570360002057,-0.4746663674618608,0.5797258019447327
10,2,15,-0.12074846189819266,-0.7911106124364347,0.7899022102355957
10,2,16,-0.5204675081818649,-0.8660579336146232,0.6945046782493591
10,2,17,-0.18736830294547138,-0.8577304534837134,0.7831960320472717
10,2,18,-0.620397269752783,-0.9576602150546315,0.6876035332679749
10,2,19,-0.14573090229092217,-0.8910403740073527,0.7795460820198059
10,2,20,-0.620397269752783,-0.9909701355782708,0.6831042766571045
10,2,21,-0.14573090229092217,-0.8827128938764429,0.7601761221885681
10,2,22,-0.5787598690982338,-0.9576602150546315,0.6749337315559387
10,2,23,0.10409350163637299,0.0,0.9947224259376526
10,2,24,-0.10409350163637299,0.0,0.9926458597183228
10,2,25,0.09576602150546315,0.774455652174615,0.6124710440635681
10,2,26,-0.06245610098182379,0.774455652174615,0.572562038898468
10,2,27,0.20402326320729106,1.5822212248728693,0.6173829436302185
10,2,28,0.10409350163637299,1.4156716222546726,0.5546868443489075
10,2,29,0.3206079850400288,1.748770827491066,0.571559727191925
10,2,30,0.22900570360002057,1.5905487050037792,0.5619118809700012
10,2,31,-0.1707133426836517,1.748770827491066,0.6831468939781189
10,2,32,-0.14573090229092217,1.6321861056583284,0.6345083117485046
11,1,0,0.2068041728187555,-1.3266682784599408,0.9992419481277466
11,1,1,0.2068041728187555,-1.3969036579078202,0.9991514682769777
11,1,2,0.2068041728187555,-1.3969036579078202,0.9990004301071168
11,1,3,0.21460810386851986,-1.3969036579078202,0.9992436766624452
11,1,4,0.19119631071922677,-1.4047075889575844,0.9991430640220642
11,1,5,0.18339237966946242,-1.4047075889575844,0.9989378452301024
11,1,6,0.1677845175699337,-1.4125115200073488,0.9991533756256104
11,1,7,0.19119631071922677,-1.373491864758527,0.9982993602752686
11,1,8,0.17558844861969805,-1.3890997268580558,0.9989190101623536
11,1,9,0.19119631071922677,-1.2486289679622973,0.9987008571624756
11,1,10,0.17558844861969805,-1.264236830061826,0.998803734779358
11,1,11,0.05072555182346833,-0.9910992433200735,0.9992077946662904
11,1,12,0.04292162077370397,-1.0067071054196022,0.9988458156585692
11,1,13,0.15998058652016933,-0.4916476561351546,0.577647864818573
11,1,14,0.06633341392299705,-0.49945158718491894,0.6203408241271973
11,1,15,0.4253142422121575,-0.8038048981257289,0.7797046303749084
11,1,16,0.36288279381404265,-0.850628484424315,0.7234235405921936
11,1,17,0.5267653458590942,-0.8584324154740794,0.7766333818435669
11,1,18,0.4643338974609793,-0.9442756570214873,0.7159945964813232
11,1,19,0.5111574837595655,-0.9052560017726655,0.772972583770752
11,1,20,0.4175103111623932,-0.9832953122703092,0.7115774154663086
11,1,21,0.4643338974609793,-0.8896481396731368,0.7534840703010559
11,1,22,0.3784906559135714,-0.9520795880712517,0.7021202445030212
11,1,23,-0.04292162077370397,0.0078039310497643585,0.9949406385421752
11,1,24,0.04292162077370397,-0.0078039310497643585,0.9928961992263794
11,1,25,-0.019509827624410895,0.7881970360262002,0.597585916519165
11,1,26,0.19119631071922677,0.7803931049764359,0.6081482768058777
11,1,27,-0.09754913812205449,1.482746899455228,0.6165711879730225
11,1,28,-0.07413734497276141,1.52176655470405,0.5874782800674438
11,1,29,-0.19119631071922677,1.631021589400751,0.579333484172821
11,1,30,-0.18339237966946242,1.677845175699337,0.5895796418190002
11,1,31,0.12876486232111192,1.631021589400751,0.6866207718849182
11,1,32,0.15998058652016933,1.6934530377988657,0.659218966960907
11,2,0,-0.15508137328910102,-1.3875701820603774,0.9992886781692504
11,2,1,-0.08978395295684795,-1.4528676023926306,0.9992071986198424
11,2,2,-0.07345959787378468,-1.4528676023926306,0.999068796634674
11,2,3,-0.0489730652491898,-1.4528676023926306,0.9992905855178832
11,2,4,-0.10610830803991123,-1.4610297799341623,0.9991968274116516
11,2,5,-0.10610830803991123,-1.4610297799341623,0.9990083575248718
11,2,6,-0.10610830803991123,-1.4691919574756938,0.999207615852356
11,2,7,0.0,-1.4038945371434408,0.9984476566314696
11,2,8,-0.05713524279072143,-1.4283810697680357,0.998972713947296
11,2,9,-0.12243266312297449,-1.3141105841865928,0.9987847805023192
11,2,10,-0.15508137328910102,-1.3222727617281245,0.9988338947296144
11,2,11,0.11427048558144286,-1.0039478376083908,0.9992569088935852
11,2,12,-0.14691919574756937,-0.9957856600668591,0.998830020427704
11,2,13,0.06529742033225305,-0.4815684749503663,0.6174865961074829
11,2,14,-0.21221661607982245,-0.48973065249189796,0.5808033347129822
11,2,15,-0.2611896813290122,-0.8243799316946948,0.7976524233818054
11,2,16,-0.45708194232577143,-0.8570286418608214,0.7004650235176086
11,2,17,-0.3754601669104551,-0.8896773520269479,0.7915239334106445
11,2,18,-0.555028072824151,-0.9386504172761377,0.6918338537216187
11,2,19,-0.3509736342858602,-0.9386504172761377,0.7875633835792542
11,2,20,-0.5468658952826193,-0.9631369499007326,0.686374843120575
11,2,21,-0.3020005690366704,-0.9141638846515429,0.766916036605835
11,2,22,-0.5060550075749612,-0.9468125948176693,0.677375078201294
11,2,23,0.08978395295684795,0.0,0.9950737357139589
11,2,24,-0.08978395295684795,0.0,0.9932175278663636
11,2,25,0.06529742033225305,0.7998933990700999,0.6253561973571777
11,2,26,-0.04081088770765816,0.7998933990700999,0.5766241550445557
11,2,27,0.22037879362135407,1.5426515553494784,0.6331608295440674
11,2,28,0.12243266312297449,1.4447054248510989,0.5668631792068481
11,2,29,0.3183249241197337,1.6977329286385796,0.5816859602928162
11,2,30,0.21221661607982245,1.5834624430571367,0.571824312210083
11,2,31,-0.0979461304983796,1.7140572837216428,0.6949459314346313
11,2,32,-0.10610830803991123,1.665084218472453,0.6456231474876404
12,1,0,0.21011737761834506,-1.3162069692318974,0.999305009841919
12,1,1,0.21804633526432035,-1.3954965456916502,0.9992353916168212
12,1,2,0.21804633526432035,-1.3954965456916502,0.9991037249565125
12,1,3,0.21804633526432035,-1.3954965456916502,0.9993174076080322
12,1,4,0.20218841997236978,-1.3954965456916502,0.9992225170135498
12,1,5,0.1942594623263945,-1.4034255033376255,0.9990350604057312
12,1,6,0.1863305046804192,-1.4034255033376255,0.9992278814315796
12,1,7,0.20218841997236978,-1.3717096727537244,0.9985277056694032
12,1,8,0.1942594623263945,-1.387567588045675,0.999020516872406
12,1,9,0.1863305046804192,-1.252775308064095,0.99880051612854
12,1,10,0.16254363174249334,-1.252775308064095,0.9988714456558228
12,1,11,0.0277513517609135,-0.9990486633928859,0.9992236495018004
12,1,12,0.05946718234481464,-0.9990486633928859,0.9989234805107116
12,1,13,0.09911197057469107,-0.5074532893424183,0.5648221373558044
12,1,14,0.06739613999078993,-0.47573745875851714,0.6206902861595154
12,1,15,0.3131938270160238,-0.8008247222435038,0.7533602714538574
12,1,16,0.4004123611217519,-0.7928957645975285,0.7257089614868164
12,1,17,0.48763089522748004,-0.8642563834113061,0.7564192414283752
12,1,18,0.5510625563952823,-0.8563274257653308,0.715890109539032
12,1,19,0.4559150646435789,-0.9118301292871578,0.7525179386138916
12,1,20,0.5193467258113812,-0.9039011716411826,0.7104963660240173
12,1,21,0.38455444582980136,-0.888043256349232,0.7335301637649536
12,1,22,0.4638440222895542,-0.888043256349232,0.7002168297767639
12,1,23,-0.051538224698839355,0.0,0.9949461221694946
12,1,24,0.051538224698839355,0.0,0.9931877851486206
12,1,25,0.0277513517609135,0.7849668069515533,0.6023105382919312
12,1,26,0.20218841997236978,0.8404695104733803,0.6079902052879333
12,1,27,-0.04360926705286407,1.4906440374433536,0.6073039174079895
12,1,28,-0.04360926705286407,1.5937204868410324,0.5828419923782349
12,1,29,-0.15461467409651805,1.6492231903628594,0.5645397305488586
12,1,30,-0.1784015470344439,1.6809390209467605,0.5844517350196838
12,1,31,0.1466857164505428,1.6650811056548098,0.6728399395942688
12,1,32,0.16254363174249334,1.720583809176637,0.6525681018829346
12,2,0,-0.18352066281439178,-1.370287615680792,0.999358057975769
12,2,1,-0.11011239768863507,-1.427382933000825,0.99929541349411
12,2,2,-0.09379944988291135,-1.427382933000825,0.9991748332977296
12,2,3,-0.06933002817432578,-1.427382933000825,0.9993700981140136
12,2,4,-0.14273829330008247,-1.4355394069036866,0.9992809295654296
12,2,5,-0.14273829330008247,-1.4355394069036866,0.9991078972816468
12,2,6,-0.14273829330008247,-1.4436958808065485,0.9992857575416564
12,2,7,-0.02039118475715464,-1.3947570373893774,0.9986608028411864
12,2,8,-0.07748650207718763,-1.4110699851951012,0.9990817904472352
12,2,9,-0.14273829330008247,-1.2968793505550351,0.9988889694213868
12,2,10,-0.18352066281439178,-1.305035824457897,0.9989227056503296
12,2,11,0.06933002817432578,-1.0032462900520083,0.9992838501930236
12,2,12,-0.15089476720294434,-0.9950898161491465,0.9989210963249208
12,2,13,-0.02039118475715464,-0.4893884341717114,0.6063426733016968
12,2,14,-0.18352066281439178,-0.46491901246312584,0.5775625705718994
12,2,15,-0.33849366696876704,-0.8156473902861856,0.7743167877197266
12,2,16,-0.4037454581916619,-0.7911779685776,0.6974230408668518
12,2,17,-0.44452782770597116,-0.8727427076062186,0.7741279602050781
12,2,18,-0.4934666711231423,-0.856429759800495,0.688481867313385
12,2,19,-0.4282148799002475,-0.9379944988291135,0.7700331807136536
12,2,20,-0.48531019722028046,-0.9135250771205279,0.6819888353347778
12,2,21,-0.3874325103859382,-0.9216815510233898,0.750734269618988
12,2,22,-0.4363713538031093,-0.8972121293148042,0.6722549200057983
12,2,23,0.07748650207718763,0.0,0.9952351450920104
12,2,24,-0.07748650207718763,0.0,0.9935882687568665
12,2,25,0.05301708036860207,0.8238038641890475,0.6264946460723877
12,2,26,-0.05301708036860207,0.7911779685776,0.5696526169776917
12,2,27,0.21614655842583919,1.5497300415437527,0.623601496219635
12,2,28,0.11011239768863507,1.427382933000825,0.5545223355293274
12,2,29,0.3221807191630433,1.704703045698128,0.575153648853302
12,2,30,0.22430303232870105,1.5741994632523384,0.5650302171707153
12,2,31,-0.11011239768863507,1.7210159935038518,0.6851626038551331
12,2,32,-0.1590512411058062,1.5823559371552,0.6355981230735779
13,1,0,0.18314923316610934,-1.3377857031263638,0.9991943836212158
13,1,1,0.19111224330376625,-1.4014897842276193,0.9991289377212524
13,1,2,0.19111224330376625,-1.4014897842276193,0.9989897012710572
13,1,3,0.19907525344142318,-1.4014897842276193,0.9992412328720092
13,1,4,0.16722321289079548,-1.4014897842276193,0.999129831790924
13,1,5,0.15926020275313854,-1.4094527943652762,0.9989205002784728
13,1,6,0.1433341824778247,-1.4094527943652762,0.9991507530212402
13,1,7,0.19907525344142318,-1.3616747335393347,0.9984833598136902
13,1,8,0.15926020275313854,-1.3776007538146484,0.9989311099052428
13,1,9,0.16722321289079548,-1.2661186118874515,0.99843168258667
13,1,10,0.1433341824778247,-1.2740816220251083,0.9986042380332948
13,1,11,0.015926020275313854,-0.9953762672071159,0.9990392923355104
13,1,12,0.05574107096359849,-1.003339277344773,0.9989669322967528
13,1,13,0.039815050688284635,-0.5016696386723865,0.5517623424530029
13,1,14,0.07166709123891235,-0.4618545879841018,0.6177974939346313
13,1,15,0.07166709123891235,-0.7166709123891235,0.7055429220199585
13,1,16,0.4300025474334741,-0.7246339225267804,0.720382034778595
13,1,17,0.1512971926154816,-0.764448973215065,0.7082229256629944
13,1,18,0.5653737197736418,-0.7803749934903789,0.7092959880828857
13,1,19,0.1512971926154816,-0.8042640239033496,0.7045022249221802
13,1,20,0.5414846893606711,-0.8361160644539773,0.7029348015785217
13,1,21,0.1751862230284524,-0.7883380036280359,0.687578558921814
13,1,22,0.5016696386723865,-0.8201900441786635,0.6914076805114746
13,1,23,-0.07166709123891235,0.0,0.9946852922439576
13,1,24,0.07166709123891235,0.0,0.9931634068489076
13,1,25,0.02388903041297078,0.8042640239033496,0.6026893854141235
13,1,26,0.19111224330376625,0.8520420847292912,0.5962436199188232
13,1,27,-0.02388903041297078,1.52889794643013,0.5972168445587158
13,1,28,-0.02388903041297078,1.5926020275313855,0.5660918354988098
13,1,29,-0.11148214192719698,1.6642691187702978,0.5583553910255432
13,1,30,-0.11148214192719698,1.640380088357327,0.5762624144554138
13,1,31,0.13537117234016777,1.6801951390456116,0.6600674390792847
13,1,32,0.11944515206485391,1.6642691187702978,0.6383134722709656
13,2,0,-0.16440870770211666,-1.376922927005227,0.999259114265442
13,2,1,-0.09864522462127,-1.4344659747009678,0.9991999864578248
13,2,2,-0.0739839184659525,-1.4344659747009678,0.9990723729133606
13,2,3,-0.05754304769574083,-1.426245539315862,0.9993016719818116
13,2,4,-0.13152696616169332,-1.4426864100860737,0.999197781085968
13,2,5,-0.13974740154679915,-1.4426864100860737,0.9990036487579346
13,2,6,-0.13974740154679915,-1.4509068454711795,0.9992153644561768
13,2,7,-0.008220435385105833,-1.3851433623903329,0.998622477054596
13,2,8,-0.09042478923616416,-1.4098046685456502,0.9989955425262452
13,2,9,-0.13152696616169332,-1.3029390085392745,0.9985603094100952
13,2,10,-0.18084957847232833,-1.3111594439243803,0.99869567155838
13,2,11,0.0739839184659525,-0.9987828992903587,0.9991124272346495
13,2,12,-0.1726291430872225,-0.9987828992903587,0.9989388585090636
13,2,13,-0.041102176925529164,-0.4726750346435854,0.5945633053779602
13,2,14,-0.18084957847232833,-0.45623416387337373,0.5751599073410034
13,2,15,-0.36169915694465665,-0.7768311438925012,0.7302629351615906
13,2,16,-0.41924220464039746,-0.7439494023520778,0.6939524412155151
13,2,17,-0.46034438156592666,-0.8425946269733479,0.7293947339057922
13,2,18,-0.5014465584914558,-0.7932720146627129,0.6857074499130249
13,2,19,-0.43568307541060913,-0.9001376746690887,0.7254371047019958
13,2,20,-0.48500568772124414,-0.8508150623584537,0.6789185404777527
13,2,21,-0.39458089848508,-0.8836968038988771,0.7080830931663513
13,2,22,-0.443903510795715,-0.8261537562031362,0.6685006618499756
13,2,23,0.09042478923616416,0.004110217692552916,0.9950475692749025
13,2,24,-0.09042478923616416,-0.004110217692552916,0.993590235710144
13,2,25,0.0739839184659525,0.8097128854329245,0.6338117718696594
13,2,26,-0.05754304769574083,0.7932720146627129,0.5766144394874573
13,2,27,0.20551088462764583,1.5906542470179788,0.6250382661819458
13,2,28,0.09864522462127,1.4509068454711795,0.5609163641929626
13,2,29,0.3288174154042333,1.7386220839498836,0.5780956149101257
13,2,30,0.21373132001275166,1.5824338116328729,0.5729178786277771
13,2,31,-0.10686566000637583,1.7468425193349895,0.6820458769798279
13,2,32,-0.15618827231701082,1.623535988558402,0.6383195519447327
14,1,0,0.19659540612751036,-1.3320341802925193,0.99887353181839
14,1,1,0.20461970841842916,-1.3962285986198695,0.9988582730293274
14,1,2,0.20461970841842916,-1.3962285986198695,0.998691737651825
14,1,3,0.21264401070934796,-1.3962285986198695,0.9990270137786864
14,1,4,0.1805468015456728,-1.4042529009107882,0.9988968372344972
14,1,5,0.172522499254754,-1.4122772032017072,0.9986316561698914
14,1,6,0.15647389467291642,-1.4122772032017072,0.9989373087882996
14,1,7,0.22869261529118554,-1.3721556917471132,0.9981768727302552
14,1,8,0.14042529009107885,-1.3882042963289507,0.99875146150589
14,1,9,0.1885711038365916,-1.2598154596742501,0.9979116916656494
14,1,10,0.15647389467291642,-1.2758640642560877,0.9982807636260986
14,1,11,0.06018226718189093,-0.99501348407393,0.9987673163414
14,1,12,0.028085058018215765,-1.0030377863648487,0.9989877343177797
14,1,13,0.04413366260005335,-0.48145813745512744,0.5400353074073792
14,1,14,0.05215796489097214,-0.46540953287328984,0.6163263916969299
14,1,15,0.13240098780016005,-0.6018226718189092,0.6654886603355408
14,1,16,0.4212758702732365,-0.6258955786916657,0.7198827862739563
14,1,17,0.14042529009107885,-0.6339198809825844,0.668038547039032
14,1,18,0.5817619160916123,-0.649968485564422,0.7104189991950989
14,1,19,0.30893563820037345,-0.6981142993099347,0.6649484634399414
14,1,20,0.5817619160916123,-0.6981142993099347,0.7041090130805969
14,1,21,0.22066831300026674,-0.6820656947280972,0.6498368382453918
14,1,22,0.5255918000551808,-0.6981142993099347,0.6921592950820923
14,1,23,0.03610936030913456,0.0,0.9940048456192015
14,1,24,-0.03610936030913456,0.0,0.9928048849105836
14,1,25,0.21264401070934796,0.7863816245100415,0.6020821332931519
14,1,26,0.03610936030913456,0.8024302290918791,0.5955316424369812
14,1,27,-0.004012151145459396,1.5567146444382454,0.5869175791740417
14,1,28,-0.03610936030913456,1.6289333650565145,0.5625897645950317
14,1,29,-0.06820656947280972,1.685103481092946,0.5500321984291077
14,1,30,-0.11635238321832246,1.7011520856747837,0.5741887092590332
14,1,31,0.10030377863648489,1.7412735971293776,0.6472607851028442
14,1,32,0.0842551740546473,1.72522499254754,0.6336899399757385
14,2,0,-0.18398023113700807,-1.3818959583179717,0.9989699721336364
14,2,1,-0.11038813868220483,-1.4309573532878404,0.9989548325538636
14,2,2,-0.09403434035891522,-1.4309573532878404,0.9988024234771729
14,2,3,-0.06950364287398082,-1.4227804541261957,0.9991074800491332
14,2,4,-0.15127263449042885,-1.4391342524494852,0.9989882707595824
14,2,5,-0.15127263449042885,-1.4391342524494852,0.9987451434135436
14,2,6,-0.15944953365207365,-1.44731115161113,0.9990245699882508
14,2,7,-0.020442247904112008,-1.3818959583179717,0.9983420968055724
14,2,8,-0.11856503784384964,-1.406426655802906,0.9988313317298888
14,2,9,-0.14309573532878406,-1.3001269667015236,0.9980836510658264
14,2,10,-0.20033402946029766,-1.3164807650248131,0.9983927011489868
14,2,11,0.04497294538904641,-1.0057585968823106,0.998863160610199
14,2,12,-0.18398023113700807,-0.9894047985590211,0.99892657995224
14,2,13,-0.04497294538904641,-0.47426015137539856,0.5838663578033447
14,2,14,-0.22486472694523207,-0.46608325221375374,0.5760790705680847
14,2,15,-0.38022581101648334,-0.7195671262247426,0.6935508251190186
14,2,16,-0.46199480263293136,-0.7277440253863874,0.6911662220954895
14,2,17,-0.49470239927951054,-0.7849823195179011,0.6920819282531738
14,2,18,-0.5355868950877346,-0.7359209245480323,0.6833631992340088
14,2,19,-0.46199480263293136,-0.8503975128110595,0.6887019872665405
14,2,20,-0.519233096764445,-0.7768054203562562,0.6763316988945007
14,2,21,-0.4292872059863521,-0.8340437144877698,0.6725971698760986
14,2,22,-0.4865255001178658,-0.7768054203562562,0.664728581905365
14,2,23,0.10221123952056003,0.0,0.9944401979446412
14,2,24,-0.10221123952056003,0.0,0.993271827697754
14,2,25,0.08585744119727043,0.8176899161644803,0.6341936588287354
14,2,26,-0.09403434035891522,0.7849823195179011,0.5757077932357788
14,2,27,0.20851092862194245,1.6026722356823813,0.619205117225647
14,2,28,0.10221123952056003,1.4636649499344196,0.5612353682518005
14,2,29,0.33934131520825933,1.7335026222686982,0.5773611068725586
14,2,30,0.21668782778358728,1.6108491348440261,0.5724667310714722
14,2,31,-0.12674193700549444,1.782564017238567,0.6748737692832947
14,2,32,-0.19215713029865286,1.6272029331673157,0.6399925351142883
15,1,0,0.17962036321065275,-1.3393431430707368,0.9984444975852966
15,1,1,0.18742994421981155,-1.4018197911440073,0.9984132051467896
15,1,2,0.19523952522897037,-1.4018197911440073,0.998214066028595
15,1,3,0.19523952522897037,-1.3940102101348484,0.9987201690673828
15,1,4,0.17181078220149393,-1.4018197911440073,0.9984622001647948
15,1,5,0.1640012011923351,-1.409629372153166,0.9981226921081544
15,1,6,0.1561916201831763,-1.409629372153166,0.998563587665558
15,1,7,0.210858687247288,-1.370581467107372,0.9975466132164
15,1,8,0.12495329614654103,-1.3862006291256896,0.9982624650001526
15,1,9,0.17962036321065275,-1.2612473329791487,0.9968481063842772
15,1,10,0.1561916201831763,-1.2768664949974662,0.9974830150604248
15,1,11,0.007809581009158815,-1.0035311596769076,0.998435914516449
15,1,12,0.046857486054952886,-0.9957215786677489,0.9989373683929444
15,1,13,0.007809581009158815,-0.49590839408158477,0.5298022627830505
15,1,14,0.03123832403663526,-0.4880988130724259,0.6170145273208618
15,1,15,-0.09371497210990577,-0.5583850421548553,0.629360020160675
15,1,16,0.3982886314670996,-0.652100014264761,0.7167158722877502
15,1,17,0.007809581009158815,-0.44905090802663183,0.6297107934951782
15,1,18,0.5466706706411171,-0.6599095952739199,0.707404375076294
15,1,19,0.1015245531190646,-0.6364808522464435,0.6268224120140076
15,1,20,0.5466706706411171,-0.7067670813288728,0.7007825970649719
15,1,21,-0.03904790504579408,-0.613052109218967,0.612837553024292
15,1,22,0.49200360357700534,-0.7067670813288728,0.6872441172599792
15,1,23,-0.007809581009158815,0.0039047905045794073,0.9937745928764344
15,1,24,0.007809581009158815,-0.0039047905045794073,0.9926031827926636
15,1,25,0.210858687247288,0.7614341483929844,0.6046425700187683
15,1,26,0.08590539110074696,0.7926724724296197,0.6005833148956299
15,1,27,-0.01561916201831763,1.5189635062813895,0.5915999412536621
15,1,28,-0.023428743027476443,1.5580114113271837,0.5774745345115662
15,1,29,-0.1093341341282234,1.6439168024279305,0.5572245717048645
15,1,30,-0.14057245816485867,1.6907742884828834,0.5843965411186218
15,1,31,0.12495329614654103,1.6985838694920423,0.6524789333343506
15,1,32,0.1015245531190646,1.667345545455407,0.6508612632751465
15,2,0,-0.18352491832167217,-1.3724472152751137,0.9985843300819396
15,2,1,-0.11171081984797437,-1.428302625199101,0.9985547661781312
15,2,2,-0.09575213129826374,-1.4203232809242454,0.998372495174408
15,2,3,-0.07181409847369781,-1.4203232809242454,0.998831570148468
15,2,4,-0.15160754122225092,-1.428302625199101,0.9985973834991456
15,2,5,-0.15160754122225092,-1.4362819694739561,0.998286247253418
15,2,6,-0.15160754122225092,-1.4362819694739561,0.9986874461174012
15,2,7,-0.015958688549710623,-1.380426559549969,0.9977761507034302
15,2,8,-0.11969016412282968,-1.404364592374535,0.9983887672424316
15,2,9,-0.14362819694739562,-1.2926537725265606,0.9971294403076172
15,2,10,-0.19150426259652747,-1.3086124610762713,0.9976789951324464
15,2,11,0.031917377099421246,-1.0053973786317694,0.9985665678977966
15,2,12,-0.17554557404681687,-0.9894386900820586,0.9988881945610046
15,2,13,-0.04787606564913187,-0.486740000766174,0.5749489665031433
15,2,14,-0.22342163969594875,-0.4787606564913187,0.5760206580162048
15,2,15,-0.3909878694679103,-0.7340996732866887,0.6614678502082825
15,2,16,-0.43886393511704214,-0.7261203290118334,0.6883045434951782
15,2,17,-0.486740000766174,-0.7819757389358206,0.6581372022628784
15,2,18,-0.5186573778655953,-0.7580377061112546,0.68084716796875
15,2,19,-0.4628019679416081,-0.8537898374095184,0.6549344658851624
15,2,20,-0.5106780335907399,-0.8059137717603865,0.6736146211624146
15,2,21,-0.43886393511704214,-0.8378311488598078,0.640242874622345
15,2,22,-0.4707813122164634,-0.7979344274855312,0.6610850095748901
15,2,23,0.08777278702340843,0.0,0.9942283630371094
15,2,24,-0.08777278702340843,0.0,0.9930779337882996
15,2,25,0.08777278702340843,0.7819757389358206,0.6336440443992615
15,2,26,-0.08777278702340843,0.7660170503861099,0.5712602734565735
15,2,27,0.2074629511462381,1.5479927893219305,0.6178558468818665
15,2,28,0.08777278702340843,1.3963852480996797,0.5634925365447998
15,2,29,0.3271531152690678,1.6836416419944709,0.5781028270721436
15,2,30,0.1994836068713828,1.5479927893219305,0.5756549835205078
15,2,31,-0.11969016412282968,1.715559019093892,0.6745299100875854
15,2,32,-0.18352491832167217,1.5479927893219305,0.645251452922821
16,1,0,0.18671954921287248,-1.3225968069245133,0.9984027147293092
16,1,1,0.1944995304300755,-1.3926166378793405,0.9983386993408204
16,1,2,0.1944995304300755,-1.3848366566621375,0.9981372356414796
16,1,3,0.1944995304300755,-1.3848366566621375,0.9986808896064758
16,1,4,0.17893956799566946,-1.4003966190965436,0.998421311378479
16,1,5,0.17115958677846643,-1.4003966190965436,0.9981099963188172
16,1,6,0.1633796055612634,-1.4081766003137466,0.998550832271576
16,1,7,0.21005949286448153,-1.3614967130105284,0.997417151927948
16,1,8,0.1166997182580453,-1.3848366566621375,0.9981355667114258
16,1,9,0.1633796055612634,-1.2447969947524833,0.996662139892578
16,1,10,0.1478196431268574,-1.2603569571868893,0.9973235726356506
16,1,11,-0.01555996243440604,-0.9958375958019866,0.9980018734931946
16,1,12,0.06223984973762416,-1.0036175770191895,0.9989514350891112
16,1,13,0.01555996243440604,-0.48235883546658725,0.5217451453208923
16,1,14,0.02333994365160906,-0.4901388166837903,0.6173176765441895
16,1,15,0.0,-0.24117941773329363,0.5978491306304932
16,1,16,0.40455902329455706,-0.44345892938057213,0.7139198184013367
16,1,17,0.0,-0.17115958677846643,0.5956466197967529
16,1,18,0.5523786664214144,-0.381219079642948,0.7044976353645325
16,1,19,0.0388999060860151,-0.21005949286448153,0.5927152633666992
16,1,20,0.5912785725074295,-0.4278989669461661,0.6974241137504578
16,1,21,0.03111992486881208,-0.2333994365160906,0.5797687768936157
16,1,22,0.5523786664214144,-0.45123891059777516,0.6809862852096558
16,1,23,-0.08557979338923322,0.01555996243440604,0.9940266609191896
16,1,24,0.08557979338923322,-0.01555996243440604,0.9929887652397156
16,1,25,-0.02333994365160906,0.785778102937505,0.5987297892570496
16,1,26,0.14003966190965436,0.7468781968514899,0.6021870374679565
16,1,27,-0.05445986852042114,1.517096337354589,0.5962545275688171
16,1,28,0.0,1.4704164500513708,0.588357150554657
16,1,29,-0.1478196431268574,1.6649159804814462,0.5682468414306641
16,1,30,-0.10891973704084228,1.6415760368298373,0.5951149463653564
16,1,31,0.1166997182580453,1.6882559241330553,0.6608898043632507
16,1,32,0.10891973704084228,1.6649159804814462,0.6625754833221436
16,2,0,-0.19791236458492745,-1.3853865520944921,0.9985541701316832
16,2,1,-0.12520986330883166,-1.433854886278556,0.9984968304634094
16,2,2,-0.1090537519141437,-1.433854886278556,0.998313844203949
16,2,3,-0.08481958482211177,-1.433854886278556,0.9988052248954772
16,2,4,-0.15752208609820756,-1.450010997673244,0.9985708594322203
16,2,5,-0.15752208609820756,-1.450010997673244,0.9982882738113404
16,2,6,-0.1494440304008636,-1.450010997673244,0.9986874461174012
16,2,7,-0.0363512506380479,-1.3934646077918362,0.997668445110321
16,2,8,-0.11713180761148768,-1.417698774883868,0.998302400112152
16,2,9,-0.16560014179555155,-1.3046059951210525,0.9969773888587952
16,2,10,-0.20599042028227144,-1.3207621065157404,0.9975618720054626
16,2,11,0.020195139243359944,-1.0057179343193252,0.9981825351715088
16,2,12,-0.15752208609820756,-0.9895618229246372,0.998935341835022
16,2,13,-0.004039027848671989,-0.4725662582946227,0.5678759217262268
16,2,14,-0.2625368101636793,-0.45641014689993475,0.5743008255958557
16,2,15,-0.38370764562383897,-0.6422054279388463,0.6331373453140259
16,2,16,-0.41601986841321487,-0.48872236968931065,0.6765794157981873
16,2,17,-0.49680042538665464,-0.7068298735175981,0.627311110496521
16,2,18,-0.5129565367813426,-0.5775809823600944,0.6691088080406189
16,2,19,-0.48064431399196667,-0.7472201520043179,0.6241259574890137
16,2,20,-0.49680042538665464,-0.6341273722415023,0.6615918278694153
16,2,21,-0.44833209120259077,-0.7472201520043179,0.6098787188529968
16,2,22,-0.46448820259727874,-0.6422054279388463,0.6464952230453491
16,2,23,0.0767415291247678,0.004039027848671989,0.994438648223877
16,2,24,-0.0767415291247678,-0.004039027848671989,0.9934388399124146
16,2,25,0.0363512506380479,0.8037665418857258,0.6315175890922546
16,2,26,-0.028273194940703923,0.7633762633990059,0.5765051245689392
16,2,27,0.1817562531902395,1.5631037774360597,0.6264837384223938
16,2,28,0.1090537519141437,1.433854886278556,0.5808013677597046
16,2,29,0.3029270886503992,1.7165868356855953,0.5955129861831665
16,2,30,0.22214653167695939,1.5954160002254356,0.5884771943092346
16,2,31,-0.12520986330883166,1.7569771141723152,0.6857045888900757
16,2,32,-0.1494440304008636,1.6358062787121554,0.6611455678939819
17,1,0,0.21781537656581296,-1.3266936572644972,0.998589277267456
17,1,1,0.21781537656581296,-1.390058130447279,0.9985079765319824
17,1,2,0.2257359357136607,-1.390058130447279,0.998318374156952
17,1,3,0.2257359357136607,-1.390058130447279,0.9987984299659728
17,1,4,0.20197425827011747,-1.3979786895951267,0.9986101984977722
17,1,5,0.19405369912226972,-1.4058992487429745,0.998349905014038
17,1,6,0.186133139974422,-1.4058992487429745,0.9987362623214722
17,1,7,0.2257359357136607,-1.3662964530037358,0.9976215362548828
17,1,8,0.14653034423518327,-1.3821375712994313,0.9983805418014526
17,1,9,0.186133139974422,-1.2554086249338674,0.9970766305923462
17,1,10,0.1702920216787265,-1.2633291840817151,0.9976941347122192
17,1,11,0.059404193608858076,-0.9940301730548918,0.998039186000824
17,1,12,0.06732475275670582,-1.0019507322027397,0.9990276098251344
17,1,13,0.051483634461010334,-0.463352710149093,0.5141350030899048
17,1,14,0.011880838721771616,-0.4395910327055498,0.6148049235343933
17,1,15,-0.011880838721771616,-0.25741817230505165,0.5735507011413574
17,1,16,0.32870320463568137,-0.14653034423518327,0.6937497854232788
17,1,17,-0.027721957017467103,-0.17821258082657424,0.5698409080505371
17,1,18,0.3841471186706156,-0.04356307531316259,0.6812694072723389
17,1,19,0.003960279573923872,-0.21781537656581296,0.5669443011283875
17,1,20,0.4791938284447885,-0.06732475275670582,0.6732054352760315
17,1,21,-0.003960279573923872,-0.2415770540093562,0.5539677739143372
17,1,22,0.4475115918533975,-0.10692754849594455,0.6520559787750244
17,1,23,-0.04356307531316259,0.003960279573923872,0.993807852268219
17,1,24,0.04356307531316259,-0.003960279573923872,0.9932792782783508
17,1,25,-0.011880838721771616,0.7880956352108506,0.6090660691261292
17,1,26,0.23365649486150844,0.7801750760630027,0.6097545027732849
17,1,27,-0.07524531190455357,1.5326281951085385,0.6190490126609802
17,1,28,0.011880838721771616,1.4613431627779088,0.6092257499694824
17,1,29,-0.19405369912226972,1.6831188189176456,0.5955760478973389
17,1,30,-0.12276866679164003,1.6276749048827113,0.6099444031715393
17,1,31,0.08316587105240131,1.7068804963611888,0.6824517250061035
17,1,32,0.1386097850873355,1.730642173804732,0.680433452129364
17,2,0,-0.21636379702563194,-1.3703040478290023,0.9987050890922546
17,2,1,-0.14424253135042128,-1.4263983655763883,0.9986316561698914
17,2,2,-0.1282155834225967,-1.4263983655763883,0.9984560012817384
17,2,3,-0.10417516153085982,-1.418384891612476,0.9988951683044434
17,2,4,-0.16828295324215817,-1.4424253135042129,0.998717725276947
17,2,5,-0.16828295324215817,-1.4424253135042129,0.9984751343727112
17,2,6,-0.16828295324215817,-1.4504387874681253,0.998830497264862
17,2,7,-0.032053895855649175,-1.3783175217929144,0.997842252254486
17,2,8,-0.09616168756694753,-1.4023579436846514,0.998471975326538
17,2,9,-0.18430990116998275,-1.2901693081898793,0.9973405003547668
17,2,10,-0.21636379702563194,-1.2981827821537917,0.9978646636009216
17,2,11,0.016026947927824588,-1.0016842454890367,0.9982200264930724
17,2,12,-0.1522560053143336,-0.9936707715251244,0.9989089369773864
17,2,13,0.032053895855649175,-0.46478148990691304,0.561389148235321
17,2,14,-0.23239074495345652,-0.4327275940512639,0.5620211958885193
17,2,15,-0.3846467502677901,-0.5369027555821236,0.6121436953544617
17,2,16,-0.408687172159527,-0.3205389585564917,0.6396123766899109
17,2,17,-0.5208758076542991,-0.5529297035099483,0.6049197316169739
17,2,18,-0.5208758076542991,-0.3686198023399655,0.6300997734069824
17,2,19,-0.5128623336903868,-0.6090240212573343,0.6018391847610474
17,2,20,-0.5288892816182114,-0.42471412008735154,0.6226639151573181
17,2,21,-0.4727949638708253,-0.6250509691851589,0.5870012640953064
17,2,22,-0.4727949638708253,-0.408687172159527,0.604323148727417
17,2,23,0.07212126567521064,0.0,0.9941008687019348
17,2,24,-0.07212126567521064,0.0,0.993440806865692
17,2,25,0.04808084378347376,0.7853204484634048,0.6401858329772949
17,2,26,-0.016026947927824588,0.7853204484634048,0.5850691795349121
17,2,27,0.18430990116998275,1.5466004750350726,0.6491775512695312
17,2,28,0.1282155834225967,1.4424253135042129,0.6110835075378418
17,2,29,0.31252548459257945,1.690843006385494,0.622390627861023
17,2,30,0.24040421891736882,1.586667844854634,0.6140906810760498
17,2,31,-0.10417516153085982,1.7309103762050555,0.7069178223609924
17,2,32,-0.12020210945868441,1.666802584493757,0.6875355839729309
18,1,0,0.2542537119563973,-1.329942493310386,0.9987388253211976
18,1,1,0.2464305208192774,-1.3925280224073453,0.9986063241958618
18,1,2,0.2464305208192774,-1.3925280224073453,0.998439610004425
18,1,3,0.2464305208192774,-1.3925280224073453,0.9988538026809692
18,1,4,0.23860732968215748,-1.4003512135444651,0.998710036277771
18,1,5,0.22296094740791764,-1.4081744046815852,0.9984994530677797
18,1,6,0.2073145651336778,-1.415997595818705,0.9988394975662231
18,1,7,0.23078413854503757,-1.3534120667217457,0.9977778792381288
18,1,8,0.1681986094480782,-1.3690584489959856,0.9985164999961852
18,1,9,0.21513775627079773,-1.2517105819391867,0.997433304786682
18,1,10,0.19166818285943799,-1.2595337730763068,0.9979894161224364
18,1,11,0.1681986094480782,-0.9857220832771096,0.9980934262275696
18,1,12,0.05867393352839938,-1.0013684655513495,0.9990063309669496
18,1,13,0.05867393352839938,-0.46156827709007514,0.5086299180984497
18,1,14,-0.019557977842799792,-0.42245232140447553,0.6042815446853638
18,1,15,-0.027381168979919712,-0.07823191137119917,0.5550326704978943
18,1,16,-0.0664971246655193,-0.03129276454847967,0.666792094707489
18,1,17,-0.1134362714882388,0.007823191137119918,0.550102710723877
18,1,18,-0.1681986094480782,0.09387829364543901,0.654495894908905
18,1,19,-0.12908265376247863,0.015646382274239836,0.5472496747970581
18,1,20,0.10561308035111888,0.07040872023407925,0.647083044052124
18,1,21,-0.08214350693975914,-0.023469573411359752,0.5340012907981873
18,1,22,0.09778988921399896,0.039115955685599585,0.6259815692901611
18,1,23,-0.003911595568559959,0.0,0.9940144419670104
18,1,24,0.003911595568559959,0.0,0.9936223030090332
18,1,25,0.10561308035111888,0.758849540300632,0.6150063872337341
18,1,26,0.1603754183109583,0.7666727314377519,0.6171023845672607
18,1,27,-0.05867393352839938,1.4707599337785444,0.6353215575218201
18,1,28,-0.043027551254159545,1.4081744046815852,0.6350582838058472
18,1,29,-0.19166818285943799,1.603754183109583,0.6185969114303589
18,1,30,-0.1681986094480782,1.5489918451497438,0.6322709918022156
18,1,31,0.10561308035111888,1.603754183109583,0.6985658407211304
18,1,32,0.14472903603671847,1.6428701387951827,0.7035487294197083
18,2,0,-0.14164339453712885,-1.353481325577009,0.9987765550613404
18,2,1,-0.07869077474284936,-1.4085648678970035,0.9986572265625
18,2,2,-0.05508354231999455,-1.4085648678970035,0.9985012412071228
18,2,3,-0.03934538737142468,-1.4006957904227186,0.99889874458313
18,2,4,-0.1101670846399891,-1.4243030228455735,0.998702347278595
18,2,5,-0.1101670846399891,-1.4243030228455735,0.9984643459320068
18,2,6,-0.1101670846399891,-1.4243030228455735,0.9987812638282776
18,2,7,0.02360723242285481,-1.361350403051294,0.9979040622711182
18,2,8,-0.05508354231999455,-1.3849576354741489,0.9982482194900512
18,2,9,-0.11803616211427405,-1.2669214733598748,0.9975954294204712
18,2,10,-0.1573815494856987,-1.2747905508341597,0.997970163822174
18,2,11,0.03934538737142468,-0.999372839234187,0.9982733130455016
18,2,12,-0.1101670846399891,-0.999372839234187,0.9986118078231812
18,2,13,0.11803616211427405,-0.4564064935085263,0.557403028011322
18,2,14,-0.07869077474284936,-0.4327992610856715,0.5530052185058594
18,2,15,-0.3305012539199673,-0.3226321764456824,0.598896861076355
18,2,16,-0.33837033139425227,-0.24394140170283302,0.6235480308532715
18,2,17,-0.46427557098281125,-0.24394140170283302,0.5937492251396179
18,2,18,-0.4327992610856715,-0.20459601433140834,0.6151360273361206
18,2,19,-0.4721446484570962,-0.27541771159997275,0.5910696983337402
18,2,20,-0.4170611061371016,-0.22820324675426315,0.6088032722473145
18,2,21,-0.42493018361138657,-0.3147630989713974,0.5781384706497192
18,2,22,-0.3855847962399619,-0.24394140170283302,0.5894702672958374
18,2,23,0.05508354231999455,0.0,0.9941616654396056
18,2,24,-0.05508354231999455,0.0,0.99273020029068
18,2,25,0.007869077474284936,0.7633005150056388,0.6488040089607239
18,2,26,-0.03934538737142468,0.739693282582784,0.6147630214691162
18,2,27,0.19672693685712342,1.479386565165568,0.6670795679092407
18,2,28,0.11803616211427405,1.3220050156798693,0.6403584480285645
18,2,29,0.3147630989713974,1.613160882228412,0.650108277797699
18,2,30,0.2203341692799782,1.471517487691283,0.6422420144081116
18,2,31,-0.09442892969141924,1.621029959702697,0.7230636477470398
18,2,32,-0.07082169726856442,1.5266010300112776,0.7090179920196533
19,1,0,0.25085495751739,-1.3083050861291572,0.9987258315086364
19,1,1,0.24313634343993185,-1.3700539987488223,0.998534858226776
19,1,2,0.24313634343993185,-1.3700539987488223,0.9983660578727722
19,1,3,0.24313634343993185,-1.3700539987488223,0.998753011226654
19,1,4,0.22769911528501555,-1.3777726128262804,0.9986194372177124
19,1,5,0.20454327305264108,-1.3854912269037387,0.9984143376350404
19,1,6,0.18910604489772476,-1.3932098409811968,0.9987322688102722
19,1,7,0.21998050120755738,-1.3391795424389896,0.997726559638977
19,1,8,0.150512974510434,-1.354616770593906,0.9982290267944336
19,1,9,0.21998050120755738,-1.2311189453545754,0.997458040714264
19,1,10,0.19682465897518292,-1.2388375594320338,0.9979703426361084
19,1,11,0.15823158858789216,-0.9841232948759147,0.997543215751648
19,1,12,0.027015149271103538,-1.007279137108289,0.9987240433692932
19,1,13,-0.011577921116187231,-0.4978506079960509,0.5047587752342224
19,1,14,-0.08876406189076877,-0.5673181346931743,0.59334796667099
19,1,15,-0.0656082196583943,-0.21226188713009922,0.5411351323127747
19,1,16,-0.05788960558093616,-0.17366881674280846,0.6468713283538818
19,1,17,-0.17366881674280846,-0.11963851820060138,0.537354588508606
19,1,18,-0.07332683373585246,-0.0656082196583943,0.6351780295372009
19,1,19,-0.21226188713009922,-0.12735713227805953,0.5348820090293884
19,1,20,-0.034733763348561694,-0.07332683373585246,0.6283149719238281
19,1,21,-0.150512974510434,-0.15823158858789216,0.5234975814819336
19,1,22,-0.042452377426019844,-0.1350757463555177,0.6065897345542908
19,1,23,0.019296535193645385,0.003859307038729077,0.9935272336006165
19,1,24,-0.019296535193645385,-0.003859307038729077,0.9927372336387634
19,1,25,0.11191990412314323,0.7139718021648792,0.6103801131248474
19,1,26,0.11191990412314323,0.7371276443972536,0.6406720876693726
19,1,27,-0.07332683373585246,1.3314609283615315,0.6339958310127258
19,1,28,-0.10420129004568508,1.3083050861291572,0.6573500037193298
19,1,29,-0.19682465897518292,1.454958753600862,0.6322497129440308
19,1,30,-0.22769911528501555,1.4935518239881527,0.6565495729446411
19,1,31,0.0656082196583943,1.454958753600862,0.6979303956031799
19,1,32,0.1350757463555177,1.5167076662205272,0.7190104126930237
19,2,0,-0.15071772246517445,-1.3564595021865702,0.9985203742980956
19,2,1,-0.0951901405043207,-1.4199195958561173,0.9983268976211548
19,2,2,-0.07139260537824053,-1.4119870841474238,0.9981691837310792
19,2,3,-0.05552758196085374,-1.4119870841474238,0.998624622821808
19,2,4,-0.11898767563040089,-1.4278521075648105,0.9982803463935852
19,2,5,-0.11898767563040089,-1.4278521075648105,0.997982621192932
19,2,6,-0.11898767563040089,-1.4278521075648105,0.9983567595481871
19,2,7,0.023797535126080176,-1.3643920138952634,0.9976375102996826
19,2,8,-0.05552758196085374,-1.3881895490213436,0.997167706489563
19,2,9,-0.11898767563040089,-1.2692018733909427,0.9974071383476256
19,2,10,-0.15865023417386784,-1.2771343850996362,0.9975376725196838
19,2,11,0.04759507025216035,-0.991563963586674,0.9977723956108092
19,2,12,-0.11105516392170749,-1.007428987004061,0.9981394410133362
19,2,13,0.12692018733909427,-0.4918157259389903,0.5539140105247498
19,2,14,-0.1031226522130141,-0.5314782844824573,0.5396367311477661
19,2,15,-0.3093679566390423,-0.25384037467818854,0.585983157157898
19,2,16,-0.2776379098042687,-0.2062453044260282,0.5927445888519287
19,2,17,-0.4362881439781366,-0.22211032784341497,0.5812892913818359
19,2,18,-0.3252329800564291,-0.1031226522130141,0.5841198563575745
19,2,19,-0.46801819081291013,-0.23797535126080177,0.578852117061615
19,2,20,-0.34903051518250927,-0.07932511708693392,0.5780476331710815
19,2,21,-0.42042312056074976,-0.25384037467818854,0.5670208930969238
19,2,22,-0.3173004683477357,-0.11105516392170749,0.5587566494941711
19,2,23,0.07139260537824053,0.0,0.9935240149497986
19,2,24,-0.07139260537824053,0.0,0.9916335344314576
19,2,25,-0.015865023417386784,0.7297910771997921,0.6451259851455688
19,2,26,-0.06346009366954714,0.6980610303650185,0.6314221620559692
19,2,27,0.15071772246517445,1.396122060730037,0.6652891039848328
19,2,28,0.06346009366954714,1.253336849973556,0.6552714109420776
19,2,29,0.2776379098042687,1.5309747597778247,0.6609684824943542
19,2,30,0.2062453044260282,1.435784619273504,0.6603491306304932
19,2,31,-0.07932511708693392,1.5706373183212916,0.7209481000900269
19,2,32,-0.04759507025216035,1.5230422480691312,0.714813232421875
20,1,0,0.2570455328806237,-1.312909491021032,0.9985645413398744
20,1,1,0.2412273462418161,-1.3840913308956662,0.998355269432068
20,1,2,0.2412273462418161,-1.3840913308956662,0.9981979131698608
20,1,3,0.2333182529224123,-1.3840913308956662,0.998623251914978
20,1,4,0.21750006628360466,-1.3920004242150699,0.9983279705047609
20,1,5,0.20168187964479706,-1.3920004242150699,0.9980660080909728
20,1,6,0.19377278632539324,-1.3999095175344738,0.9984227418899536
20,1,7,0.19377278632539324,-1.344545864298647,0.9976511597633362
20,1,8,0.12259094645075899,-1.3682731442568585,0.9973573088645936
20,1,9,0.21750006628360466,-1.2417276511463975,0.9974331855773926
20,1,10,0.19377278632539324,-1.2496367444658014,0.9976533651351928
20,1,11,0.1463182264089704,-0.9807275716060719,0.9974753856658936
20,1,12,0.019772733298509516,-1.0123639448836872,0.9983076453208924
20,1,13,0.02768182661791332,-0.49036378580303597,0.5012272000312805
20,1,14,-0.09886366649254757,-0.5457274390388627,0.5826658010482788
20,1,15,-0.12259094645075899,-0.17400005302688373,0.5296118259429932
20,1,16,-0.04350001325672093,-0.10281821315224948,0.6217788457870483
20,1,17,-0.07513638653433616,-0.08700002651344187,0.5262134075164795
20,1,18,-0.04350001325672093,0.015818186638807612,0.609524130821228
20,1,19,-0.07513638653433616,-0.07909093319403807,0.5240179300308228
20,1,20,-0.05140910657612474,0.015818186638807612,0.6029276847839355
20,1,21,-0.08304547985373996,-0.1186363997910571,0.5136246681213379
20,1,22,-0.035590919937317125,-0.031636373277615225,0.5818890333175659
20,1,23,0.019772733298509516,0.0,0.9932882189750672
20,1,24,-0.019772733298509516,0.0,0.991879105567932
20,1,25,0.09886366649254757,0.7513638653433616,0.6041445136070251
20,1,26,0.05140910657612474,0.7197274920657464,0.6507088541984558
20,1,27,-0.06722729321493236,1.4236367974926851,0.6240782737731934
20,1,28,-0.10677275981195139,1.4790004507285117,0.6598790287971497
20,1,29,-0.17004550636718183,1.5580913839225499,0.6324005126953125
20,1,30,-0.21750006628360466,1.5897277572001651,0.6615175604820251
20,1,31,0.08304547985373996,1.5818186638807612,0.6876357197761536
20,1,32,0.1305000397701628,1.668818690394203,0.7162500619888306
20,2,0,-0.11599164890190777,-1.3639018026051914,0.9985135197639464
20,2,1,-0.051996256404303484,-1.4278971951027957,0.9983147382736206
20,2,2,-0.027997984217701877,-1.4278971951027957,0.9981711506843568
20,2,3,-0.011999136093300805,-1.4278971951027957,0.9986183643341064
20,2,4,-0.08399395265310564,-1.4358966191649962,0.9981773495674132
20,2,5,-0.08399395265310564,-1.4358966191649962,0.9978323578834534
20,2,6,-0.09199337671530616,-1.4358966191649962,0.9981910586357116
20,2,7,0.051996256404303484,-1.3639018026051914,0.9977338910102844
20,2,8,-0.035997408279902415,-1.3879000747917931,0.9966859817504884
20,2,9,-0.08399395265310564,-1.2759081379209856,0.9975496530532836
20,2,10,-0.12399107296410831,-1.2839075619831861,0.99754399061203
20,2,11,0.0759945285909051,-0.9959282957439668,0.9977195858955384
20,2,12,-0.0999928007775067,-1.0039277198061674,0.9978386163711548
20,2,13,0.17198761733731152,-0.491964579825333,0.5508956909179688
20,2,14,-0.08399395265310564,-0.49996400388753354,0.530687689781189
20,2,15,-0.2759801301459185,-0.23598300983491582,0.5760217308998108
20,2,16,-0.2759801301459185,-0.17998704139951208,0.5722991824150085
20,2,17,-0.387972067016726,-0.09199337671530616,0.5720676779747009
20,2,18,-0.33997552264352277,-0.09199337671530616,0.5636021494865417
20,2,19,-0.41996976326552815,-0.1479893451507099,0.5699707865715027
20,2,20,-0.37197321889232493,-0.11599164890190777,0.5578365921974182
20,2,21,-0.3799726429545255,-0.19598588952391313,0.55954509973526
20,2,22,-0.33197609858132227,-0.13998992108850938,0.5391958355903625
20,2,23,0.05999568046650402,0.003999712031100268,0.9934090375900269
20,2,24,-0.05999568046650402,-0.003999712031100268,0.9909876585006714
20,2,25,-0.01999856015550134,0.7479461498157501,0.6386608481407166
20,2,26,-0.06799510452870455,0.715948453566948,0.6340310573577881
20,2,27,0.17198761733731152,1.4278971951027957,0.65494704246521
20,2,28,0.11599164890190777,1.355902378542991,0.6518303155899048
20,2,29,0.30797782639472066,1.5638874041602049,0.6604539752006531
20,2,30,0.24398243389711635,1.4998920116626004,0.6622768044471741
20,2,31,-0.05999568046650402,1.6198833725956086,0.7102046012878418
20,2,32,-0.05999568046650402,1.5878856763468066,0.7071366310119629
21,1,0,0.26352607920296556,-1.3296088541604172,0.9985932111740112
21,1,1,0.2475548016755131,-1.4014796030339531,0.9983628988265992
21,1,2,0.2475548016755131,-1.4014796030339531,0.9982331395149232
21,1,3,0.2475548016755131,-1.4014796030339531,0.9986280798912048
21,1,4,0.21561224662060818,-1.4014796030339531,0.9982568025588988
21,1,5,0.20762660785688195,-1.4094652417976794,0.9979637861251832
21,1,6,0.1916553303294295,-1.4094652417976794,0.9982916116714478
21,1,7,0.18366969156570326,-1.3695370479790483,0.997813045978546
21,1,8,0.10381330392844097,-1.3855083255065008,0.9969466328620912
21,1,9,0.23956916291178687,-1.2497524665231547,0.9976652264595032
21,1,10,0.20762660785688195,-1.257738105286881,0.9977302551269532
21,1,11,0.13575585898334588,-0.9862263873201893,0.9974218606948853
21,1,12,-0.01597127752745246,-1.0101833036113679,0.9980419278144836
21,1,13,0.0,-0.4991024227328893,0.4991407990455627
21,1,14,-0.20762660785688195,-0.4991024227328893,0.5766927599906921
21,1,15,-0.11179894269216721,-0.09982048454657787,0.5242292881011963
21,1,16,-0.22359788538433442,-0.027949735673041803,0.6109686493873596
21,1,17,-0.23158352414806063,0.003992819381863115,0.5223605632781982
21,1,18,-0.25554044043923935,0.09183484578285163,0.5998148322105408
21,1,19,-0.2475548016755131,0.003992819381863115,0.5205017924308777
21,1,20,-0.22359788538433442,0.10780612331030409,0.5941179990768433
21,1,21,-0.21561224662060818,-0.03593537443676803,0.511265754699707
21,1,22,-0.19964096909315573,0.05989229072794672,0.5755531191825867
21,1,23,0.023956916291178687,-0.003992819381863115,0.9930739998817444
21,1,24,-0.023956916291178687,0.003992819381863115,0.9914782047271729
21,1,25,0.12777022021961967,0.73068594688095,0.6123893857002258
21,1,26,0.023956916291178687,0.7227003081172237,0.6588897109031677
21,1,27,-0.09582766516471475,1.4014796030339531,0.6246838569641113
21,1,28,-0.11978458145589344,1.4893216294349416,0.6681170463562012
21,1,29,-0.20762660785688195,1.529249823253573,0.6386013031005859
21,1,30,-0.2475548016755131,1.6091062108908352,0.6685442328453064
21,1,31,0.07187074887353606,1.5611923783084778,0.6893768310546875
21,1,32,0.12777022021961967,1.6490344047094663,0.7165669202804565
21,2,0,-0.13997200839720098,-1.3597280815728094,0.9982259273529052
21,2,1,-0.07598480455848053,-1.42371528541153,0.9979991912841796
21,2,2,-0.05998800359880042,-1.41571688493169,0.9979003071784972
21,2,3,-0.043991202639120305,-1.41571688493169,0.9984177947044371
21,2,4,-0.09998000599800069,-1.43171368589137,0.9976041913032532
21,2,5,-0.09998000599800069,-1.43171368589137,0.9971209764480592
21,2,6,-0.09998000599800069,-1.43171368589137,0.9975114464759828
21,2,7,0.019996001199600138,-1.3757248825324895,0.9976848363876344
21,2,8,-0.05998800359880042,-1.3837232830123296,0.9948062896728516
21,2,9,-0.10797840647784075,-1.271745676294569,0.9975571632385254
21,2,10,-0.13997200839720098,-1.2797440767744088,0.9970428347587584
21,2,11,0.06798640407864047,-0.991801659500167,0.9976686239242554
21,2,12,-0.10797840647784075,-1.0077984604598471,0.9970594644546508
21,2,13,0.23595281415528163,-0.47990402879040334,0.5490866303443909
21,2,14,-0.08398320503832059,-0.47190562831056326,0.5236968994140625
21,2,15,-0.2439512146351217,-0.1599680095968011,0.5712106227874756
21,2,16,-0.29194161751416203,-0.09598080575808067,0.558351993560791
21,2,17,-0.3719256223125626,-0.11197760671776077,0.5684095621109009
21,2,18,-0.34793042087304243,-0.023995201439520168,0.5503007769584656
21,2,19,-0.40391922423192284,-0.05598880335888039,0.5665937662124634
21,2,20,-0.34793042087304243,-0.01599680095968011,0.5453963875770569
21,2,21,-0.3639272218327225,-0.05598880335888039,0.5571166276931763
21,2,22,-0.3159368189536822,-0.047990402879040335,0.5290575623512268
21,2,23,0.06798640407864047,0.0,0.9925325512886048
21,2,24,-0.06798640407864047,0.0,0.9884750247001648
21,2,25,-0.019996001199600138,0.719856043185605,0.6406229734420776
21,2,26,-0.09198160551816065,0.6878624412662447,0.6184401512145996
21,2,27,0.14797040887704102,1.3677264820526496,0.6480790972709656
21,2,28,0.07598480455848053,1.2637472758147288,0.6349110007286072
21,2,29,0.29194161751416203,1.5196960911696107,0.6605026721954346
21,2,30,0.21995601319560154,1.4477104868510502,0.6541348099708557
21,2,31,-0.09198160551816065,1.567686494048651,0.7038886547088623
21,2,32,-0.05998800359880042,1.5356928921292907,0.6870718002319336
22,1,0,0.30632961138693493,-1.3462380289899507,0.998381733894348
22,1,1,0.2740843891356786,-1.4107284734924634,0.9981694221496582
22,1,2,0.2740843891356786,-1.4107284734924634,0.9980775713920592
22,1,3,0.2740843891356786,-1.4107284734924634,0.9985437393188475
22,1,4,0.25796177801005044,-1.4187897790552775,0.9978190660476683
22,1,5,0.24183916688442228,-1.4187897790552775,0.997386395931244
22,1,6,0.21765525019598006,-1.4268510846180915,0.9977401494979858
22,1,7,0.18541002794472375,-1.3865445568040211,0.9978773593902588
22,1,8,0.12091958344221114,-1.3946058623668351,0.995309591293335
22,1,9,0.2740843891356786,-1.26562497336181,0.997759997844696
22,1,10,0.24990047244723637,-1.2736862789246242,0.9973205327987672
22,1,11,0.12091958344221114,-0.9754179731005033,0.9977030158042908
22,1,12,-0.06449044450251261,-1.0237858064773877,0.997349977493286
22,1,13,0.04030652781407038,-0.49173963933165865,0.498167484998703
22,1,14,-0.31439091694974897,-0.5481687782713572,0.570698082447052
22,1,15,-0.12091958344221114,-0.09673566675376892,0.5203016996383667
22,1,16,-0.4030652781407038,-0.04836783337688446,0.600745677947998
22,1,17,-0.15316480569346747,0.032245222251256304,0.5193018317222595
22,1,18,-0.46755572264321643,0.08061305562814076,0.591941773891449
22,1,19,-0.1370421945678393,0.04836783337688446,0.5177504420280457
22,1,20,-0.4433718059547742,0.104796972316583,0.5872990489006042
22,1,21,-0.14510350013065337,0.016122611125628152,0.5095464587211609
22,1,22,-0.4030652781407038,0.06449044450251261,0.5713813900947571
22,1,23,0.06449044450251261,0.008061305562814076,0.9930583834648132
22,1,24,-0.06449044450251261,-0.008061305562814076,0.989521026611328
22,1,25,0.21765525019598006,0.7900079451557794,0.6204783916473389
22,1,26,-0.05642913893969854,0.7577627229045232,0.647925853729248
22,1,27,-0.06449044450251261,1.3865445568040211,0.6240228414535522
22,1,28,-0.16122611125628153,1.5235867513718604,0.6569962501525879
22,1,29,-0.2015326390703519,1.5397093624974887,0.6425882577896118
22,1,30,-0.28214569469849266,1.6122611125628152,0.6643344163894653
22,1,31,0.08867436119095484,1.5880771958743731,0.6918235421180725
22,1,32,0.11285827787939708,1.692874168190956,0.7060195207595825
22,2,0,-0.18067044731340043,-1.37711029841103,0.9984800219535828
22,2,1,-0.12446186370478696,-1.4413486796780168,0.9982680082321168
22,2,2,-0.10840226838804025,-1.4413486796780168,0.9981911182403564
22,2,3,-0.09234267307129355,-1.4333188820196434,0.9986265897750854
22,2,4,-0.14052145902153365,-1.4413486796780168,0.9979264736175536
22,2,5,-0.14052145902153365,-1.44937847733639,0.9975330233573914
22,2,6,-0.14052145902153365,-1.44937847733639,0.9978532791137696
22,2,7,-0.004014898829186676,-1.3931698937277766,0.9980375170707704
22,2,8,-0.0682532800961735,-1.4092294890445234,0.9955785274505616
22,2,9,-0.14052145902153365,-1.288782524168923,0.9979382157325744
22,2,10,-0.16461085199665373,-1.3048421194856696,0.9974444508552552
22,2,11,0.05219368477942679,-0.9756204154923623,0.997930645942688
22,2,12,-0.1003724707296669,-1.0237992014426025,0.9974523186683656
22,2,13,0.27702801921388065,-0.4858027583315878,0.5482096076011658
22,2,14,-0.07628307775454685,-0.5339815442818279,0.5194206833839417
22,2,15,-0.1887002449717738,-0.2689982215555073,0.5678967833518982
22,2,16,-0.44565377003972106,-0.09234267307129355,0.553392231464386
22,2,17,-0.285057816872254,-0.22081943560526718,0.5662994384765625
22,2,18,-0.4376239723813477,0.028104291804306732,0.5475500226020813
22,2,19,-0.30914720984737404,-0.30111741218900073,0.5647855401039124
22,2,20,-0.4135345794062276,0.04416388712105344,0.5436937808990479
22,2,21,-0.27702801921388065,-0.3171770075057474,0.5565818548202515
22,2,22,-0.38141538877273423,0.028104291804306732,0.5295895338058472
22,2,23,0.07628307775454685,0.004014898829186676,0.9935075044631958
22,2,24,-0.07628307775454685,-0.004014898829186676,0.9897953271865844
22,2,25,0.10840226838804025,0.7829052716914019,0.6519724726676941
22,2,26,-0.1003724707296669,0.7106370927660417,0.6282123923301697
22,2,27,0.17264064965502707,1.3690805007526565,0.6558305025100708
22,2,28,0.0682532800961735,1.2727229288521764,0.649470329284668
22,2,29,0.285057816872254,1.5216466562617503,0.6692551374435425
22,2,30,0.17264064965502707,1.42528908436127,0.6661719679832458
22,2,31,0.028104291804306732,1.561795644553617,0.7164108753204346
22,2,32,-0.07628307775454685,1.5055870609450035,0.7077091932296753
23,1,0,0.30881808922857656,-1.38155460970679,0.9985931515693665
23,1,1,0.29256450558496727,-1.446568944281227,0.9983944296836852
23,1,2,0.29256450558496727,-1.446568944281227,0.9983287453651428
23,1,3,0.29256450558496727,-1.4384421524594224,0.9987120628356934
23,1,4,0.2600573382977487,-1.4546957361030317,0.9980933666229248
23,1,5,0.2438037546541394,-1.4546957361030317,0.9977469444274902
23,1,6,0.21942337918872545,-1.4546957361030317,0.9980329871177672
23,1,7,0.2275501710105301,-1.3978081933503992,0.998168170452118
23,1,8,0.1219018773270697,-1.4221885688158131,0.9959960579872132
23,1,9,0.2844377137631626,-1.3002866914887434,0.9980223178863524
23,1,10,0.25193054647594404,-1.308413483310548,0.9976403117179872
23,1,11,0.138155460970679,-0.9589614349729483,0.9977260828018188
23,1,12,-0.08126791821804646,-1.0402293531909947,0.9977009296417236
23,1,13,-0.04063395910902323,-0.49573430113008343,0.5026326179504395
23,1,14,-0.35757884015940444,-0.6745237212097857,0.5669557452201843
23,1,15,-0.18691621190150687,-0.11377508550526505,0.5211642384529114
23,1,16,-0.6582701375661764,-0.1219018773270697,0.5962569713592529
23,1,17,-0.2275501710105301,-0.02438037546541394,0.5208824276924133
23,1,18,-0.7151576803188089,0.008126791821804646,0.5894163846969604
23,1,19,-0.20316979554511616,-0.016253583643609293,0.5197513699531555
23,1,20,-0.6745237212097857,-0.008126791821804646,0.5858501195907593
23,1,21,-0.20316979554511616,-0.04876075093082788,0.5126396417617798
23,1,22,-0.6420165539225671,-0.032507167287218586,0.5724790096282959
23,1,23,0.08939471003985111,0.016253583643609293,0.9938234090805054
23,1,24,-0.08939471003985111,-0.016253583643609293,0.9907068610191344
23,1,25,0.17878942007970222,0.8533131412894879,0.6303520798683167
23,1,26,0.02438037546541394,0.8289327658240739,0.6614920496940613
23,1,27,-0.09752150186165576,1.4140617769940085,0.6453815698623657
23,1,28,-0.19504300372331151,1.60910478071732,0.6776527166366577
23,1,29,0.0,1.5522172379646875,0.6654824614524841
23,1,30,-0.16253583643609293,1.6822459071135618,0.6847242116928101
23,1,31,0.08939471003985111,1.60910478071732,0.7127348184585571
23,1,32,0.13002866914887434,1.771640617153413,0.7276287078857422
23,2,0,-0.3771209609943441,-1.4001618658194266,0.9986792802810668
23,2,1,-0.3129301591229664,-1.44830496722296,0.9985007047653198
23,2,2,-0.296882458655122,-1.44830496722296,0.99844229221344
23,2,3,-0.28083475818727754,-1.44830496722296,0.9988007545471193
23,2,4,-0.3209540093568886,-1.4563288174568823,0.9982114434242249
23,2,5,-0.3129301591229664,-1.4563288174568823,0.9978957772254944
23,2,6,-0.3049063088890442,-1.4563288174568823,0.9981567859649658
23,2,7,-0.19257240561413316,-1.4001618658194266,0.9983234405517578
23,2,8,-0.23269165678374426,-1.4162095662872711,0.996265947818756
23,2,9,-0.33700170982473304,-1.3199233634802046,0.998178243637085
23,2,10,-0.35304941029257747,-1.3279472137141266,0.9977399110794068
23,2,11,-0.03209540093568886,-0.9748978034215492,0.9979491233825684
23,2,12,-0.16850085491236652,-1.0150170545911603,0.9975078105926514
23,2,13,0.12838160374275545,-0.49346678938621624,0.5521575212478638
23,2,14,-0.22466780654982205,-0.6058006926611272,0.5130563974380493
23,2,15,-0.2567632074855109,-0.33298978470777196,0.5683411955833435
23,2,16,-0.5055025647370995,-0.37310903587738303,0.5425859093666077
23,2,17,-0.3931686614621886,-0.33298978470777196,0.5669701099395752
23,2,18,-0.5616695163745551,-0.3490374851756164,0.5389044880867004
23,2,19,-0.4011925116961108,-0.4052044368130719,0.5657884478569031
23,2,20,-0.5536456661406329,-0.42927598751483853,0.536083459854126
23,2,21,-0.3610732605264997,-0.4052044368130719,0.5583683252334595
23,2,22,-0.5215502652049441,-0.43729983774876074,0.5246513485908508
23,2,23,0.08023850233922215,0.012035775350883323,0.9939847588539124
23,2,24,-0.08023850233922215,-0.012035775350883323,0.9903358817100524
23,2,25,-0.07221465210529994,0.7662776973395716,0.6587657332420349
23,2,26,-0.08023850233922215,0.7422061466378049,0.6259106397628784
23,2,27,0.03209540093568886,1.4081857160533489,0.6700906157493591
23,2,28,-0.06419080187137773,1.3279472137141266,0.6536909341812134
23,2,29,0.14442930421059988,1.5526150202639488,0.686034619808197
23,2,30,0.05616695163745551,1.4804003681586488,0.6709463000297546
23,2,31,-0.17652470514628874,1.6087819719014043,0.7303634881973267
23,2,32,-0.21664395631589983,1.528543469562182,0.7136454582214355
24,1,0,0.23286413209282722,-1.312871917144043,0.9937412738800048
24,1,1,0.23286413209282722,-1.37711029841103,0.991899847984314
24,1,2,0.23286413209282722,-1.37711029841103,0.9925208687782288
24,1,3,0.23286413209282722,-1.37711029841103,0.991573452949524
24,1,4,0.2007449414593338,-1.3931698937277766,0.9920918345451356
24,1,5,0.17665554848421375,-1.40119969138615,0.9926082491874696
24,1,6,0.16059595316746705,-1.4092294890445234,0.99201899766922
24,1,7,0.1686257508258404,-1.361050703094283,0.9896937012672424
24,1,8,0.07226817892536017,-1.3931698937277766,0.9916175603866576
24,1,9,0.2007449414593338,-1.2486335358770562,0.9850767254829408
24,1,10,0.16059595316746705,-1.2727229288521764,0.989629089832306
24,1,11,0.04817878595024011,-0.9595608201756156,0.9941551089286804
24,1,12,-0.09635757190048022,-1.0398587967593491,0.9976595044136048
24,1,13,-0.1846853461425871,-0.5098921513067078,0.5031124949455261
24,1,14,-0.48178785950240116,-0.7909350693497752,0.5599979758262634
24,1,15,-0.26498332272632064,-0.14052145902153365,0.5214130282402039
24,1,16,-0.7628307775454685,-0.3653557934559875,0.5847499966621399
24,1,17,-0.297102513359814,-0.060223482437800145,0.5224254131317139
24,1,18,-0.843128754129202,-0.2689982215555073,0.5790106058120728
24,1,19,-0.26498332272632064,-0.04416388712105344,0.5215973854064941
24,1,20,-0.8029797658373352,-0.29308761453062737,0.5764293074607849
24,1,21,-0.2569535250679473,-0.0682532800961735,0.5153425335884094
24,1,22,-0.7708605752038418,-0.30914720984737404,0.5652839541435242
24,1,23,0.056208583608613465,0.02007449414593338,0.9921364784240724
24,1,24,-0.056208583608613465,-0.02007449414593338,0.9906428456306458
24,1,25,0.2007449414593338,0.8712330459335087,0.6204056143760681
24,1,26,0.08029797658373353,0.9515310225172422,0.655684232711792
24,1,27,-0.136506560192347,1.4814976679698835,0.6426457166671753
24,1,28,-0.1525661555090937,1.6019446328454838,0.6769264340400696
24,1,29,-0.23286413209282722,1.609974430503857,0.667678713798523
24,1,30,-0.273013120384694,1.7063320024043374,0.6835249662399292
24,1,31,0.056208583608613465,1.722391597721084,0.707106351852417
24,1,32,0.09635757190048022,1.8669279555718044,0.7248813509941101
24,2,0,-0.26811330957198315,-1.3811897765829435,0.99419766664505
24,2,1,-0.20311614361513874,-1.4380622967951824,0.992517590522766
24,2,2,-0.1949914978705332,-1.4299376510505768,0.9930787682533264
24,2,3,-0.1787422063813221,-1.4299376510505768,0.9922836422920228
24,2,4,-0.2112407893597443,-1.4461869425397877,0.9926397204399108
24,2,5,-0.20311614361513874,-1.4461869425397877,0.9930797219276428
24,2,6,-0.1949914978705332,-1.4461869425397877,0.9925789833068848
24,2,7,-0.0974957489352666,-1.3974390680721545,0.9906035661697388
24,2,8,-0.12999433191368878,-1.4136883595613656,0.9919926524162292
24,2,9,-0.23561472659356095,-1.2999433191368879,0.9864124059677124
24,2,10,-0.25186401808277203,-1.3080679648814935,0.9902161955833436
24,2,11,0.016249291489211098,-0.9912067808418771,0.9947325587272644
24,2,12,-0.08937110319066105,-1.0074560723310881,0.997078001499176
24,2,13,0.20311614361513874,-0.5443512648885718,0.5526087284088135
24,2,14,-0.12186968616908324,-0.5687252021223885,0.5066128373146057
24,2,15,-0.2274900808489554,-0.44685551595330525,0.5686933994293213
24,2,16,-0.3899829957410664,-0.3899829957410664,0.5328646898269653
24,2,17,-0.3412351212734331,-0.43060622446409413,0.5685889720916748
24,2,18,-0.4712294531871219,-0.36560905850724973,0.5296469926834106
24,2,19,-0.3574844127626442,-0.49560339042093854,0.5676777362823486
24,2,20,-0.44685551595330525,-0.4062322872302775,0.5278319120407104
24,2,21,-0.32498582978422197,-0.49560339042093854,0.5610435009002686
24,2,22,-0.4224815787194886,-0.4224815787194886,0.5184040069580078
24,2,23,0.07312181170144995,0.0,0.9924327731132508
24,2,24,-0.07312181170144995,0.0,0.9902787208557128
24,2,25,0.032498582978422196,0.8043399287159494,0.655130922794342
24,2,26,-0.08937110319066105,0.7799659914821327,0.6437349915504456
24,2,27,0.2274900808489554,1.5436826914750543,0.6739641427993774
24,2,28,0.1137450404244777,1.4868101712628157,0.6803154349327087
24,2,29,0.17061756063671654,1.6655523776441377,0.6922369003295898
24,2,30,0.0974957489352666,1.6168045031765044,0.684636116027832
24,2,31,-0.0974957489352666,1.8117960010470375,0.7309102416038513
24,2,32,-0.1787422063813221,1.803671355302432,0.7299477458000183
25,1,0,0.09958183759770409,-1.3503297178248674,0.9854100346565248
25,1,1,0.1314480256289694,-1.414062093887398,0.9788536429405212
25,1,2,0.13941457263678572,-1.4060955468795817,0.981152594089508
25,1,3,0.1553476666524184,-1.4060955468795817,0.976492166519165
25,1,4,0.09161529058988777,-1.414062093887398,0.9783987998962402
25,1,5,0.07568219657425511,-1.4220286408952145,0.9797085523605348
25,1,6,0.05974910255862245,-1.4220286408952145,0.9753267765045166
25,1,7,0.1553476666524184,-1.3742293588483165,0.9723102450370787
25,1,8,0.027882914527357146,-1.3981289998717654,0.9726834297180176
25,1,9,0.11551493161333674,-1.2706642477467043,0.972340166568756
25,1,10,0.07568219657425511,-1.2786307947545206,0.9777740836143494
25,1,11,0.13941457263678572,-0.9838685554653164,0.9934303164482116
25,1,12,-0.09958183759770409,-1.0157347434965818,0.997189998626709
25,1,13,0.06771564956643879,-0.537741923027602,0.5156335234642029
25,1,14,-0.40231062389472455,-0.752838692238643,0.5529079437255859
25,1,15,0.07568219657425511,-0.219080042714949,0.5361750721931458
25,1,16,-0.681139769168296,-0.3943440768869082,0.5726657509803772
25,1,17,0.08364874358207143,-0.13941457263678572,0.5378801822662354
25,1,18,-0.7687717862542756,-0.2828124187774796,0.5656821727752686
25,1,19,0.12348147862115308,-0.035849461535173474,0.5378949046134949
25,1,20,-0.7369055982230103,-0.2828124187774796,0.5641143321990967
25,1,21,0.08364874358207143,-0.13941457263678572,0.5328840017318726
25,1,22,-0.705039410191745,-0.3067120598009286,0.5550006628036499
25,1,23,0.09161529058988777,-0.003983273503908163,0.9910718202590942
25,1,24,-0.09161529058988777,0.003983273503908163,0.9904976487159728
25,1,25,0.09958183759770409,0.776738333262092,0.6428790092468262
25,1,26,0.06771564956643879,0.7847048802699083,0.6728719472885132
25,1,27,0.035849461535173474,1.5016941109733777,0.6710315942764282
25,1,28,-0.06771564956643879,1.5255937519968266,0.7055712938308716
25,1,29,-0.1314480256289694,1.6132257690828062,0.6925359964370728
25,1,30,-0.20314694869931635,1.6849246921531533,0.702808141708374
25,1,31,0.05974910255862245,1.7406905212078676,0.7299209833145142
25,1,32,0.035849461535173474,1.8362890853016633,0.7462382316589355
25,2,0,-0.2417763280527892,-1.3539474370956195,0.9866865277290344
25,2,1,-0.17730264057204542,-1.4264803355114564,0.9807635545730592
25,2,2,-0.16118421870185948,-1.4264803355114564,0.9828240275382996
25,2,3,-0.14506579683167353,-1.4184211245763634,0.9786926507949828
25,2,4,-0.19342106244223137,-1.4264803355114564,0.9802792072296144
25,2,5,-0.18536185150713838,-1.4345395464465494,0.9814144372940063
25,2,6,-0.17730264057204542,-1.4345395464465494,0.977518916130066
25,2,7,-0.07253289841583677,-1.3781250699008984,0.9749438762664796
25,2,8,-0.1208881640263946,-1.4023027027061774,0.974955439567566
25,2,9,-0.20148027337732433,-1.2814145386797828,0.9749450087547302
25,2,10,-0.22565790618260326,-1.2894737496148758,0.9795827269554138
25,2,11,0.04835526561055784,-0.9993421559515288,0.9940711855888368
25,2,12,-0.1208881640263946,-0.9993421559515288,0.9967293739318848
25,2,13,0.3304276483388119,-0.5399671326512292,0.5636821985244751
25,2,14,-0.08865132028602271,-0.5560855545214152,0.5022163987159729
25,2,15,-0.19342106244223137,-0.4513158123652065,0.5811222791671753
25,2,16,-0.35460528114409084,-0.4190789686248346,0.5246881246566772
25,2,17,-0.29819080459844,-0.44325660143011353,0.5804871320724487
25,2,18,-0.43519739049502054,-0.35460528114409084,0.5197811126708984
25,2,19,-0.29819080459844,-0.5157894998459503,0.5801461935043335
25,2,20,-0.4190789686248346,-0.43519739049502054,0.5189029574394226
25,2,21,-0.2659539608580681,-0.5157894998459503,0.5740641951560974
25,2,22,-0.3949013358195557,-0.44325660143011353,0.5115915536880493
25,2,23,0.08865132028602271,-0.008059210935092974,0.9912209510803224
25,2,24,-0.08865132028602271,0.008059210935092974,0.9899990558624268
25,2,25,0.04029605467546487,0.7898026716391114,0.6765520572662354
25,2,26,-0.10476974215620866,0.7575658278987395,0.6731754541397095
25,2,27,0.20148027337732433,1.531250077667665,0.7002068758010864
25,2,28,0.08865132028602271,1.4506579683167353,0.7146716713905334
25,2,29,0.23371711711769624,1.6521382416940595,0.7137863636016846
25,2,30,0.14506579683167353,1.57154613234313,0.7069716453552246
25,2,31,-0.08059210935092974,1.797204038525733,0.7514804005622864
25,2,32,-0.1531250077667665,1.781085616655547,0.7539864182472229
26,1,0,-0.11033203046610486,-1.3239843655932584,0.9852800965309144
26,1,1,-0.02364257795702247,-1.3949120994643258,0.9788223505020142
26,1,2,-0.015761718638014982,-1.3870312401453182,0.9817025065422058
26,1,3,0.0,-1.3870312401453182,0.9770877957344056
26,1,4,-0.015761718638014982,-1.4027929587833332,0.977983057498932
26,1,5,-0.007880859319007491,-1.4027929587833332,0.979811429977417
26,1,6,-0.007880859319007491,-1.4027929587833332,0.9753288626670836
26,1,7,0.03940429659503745,-1.3555078028692884,0.9723227024078368
26,1,8,0.0,-1.3712695215073034,0.9717261791229248
26,1,9,-0.12609374910411986,-1.253056631722191,0.9661282896995544
26,1,10,-0.10245117114709737,-1.2609374910411983,0.968698799610138
26,1,11,-0.0788085931900749,-0.9772265555569288,0.9935548305511476
26,1,12,-0.1576171863801498,-1.0087499928329589,0.996895670890808
26,1,13,-0.02364257795702247,-0.5201367150544943,0.532567024230957
26,1,14,-0.417685543907397,-0.7959667912197566,0.5435115694999695
26,1,15,-0.26006835752724716,-0.1654980456991573,0.5519871115684509
26,1,16,-0.6856347607536517,-0.5043749964164794,0.558335542678833
26,1,17,-0.30735351344129214,-0.05516601523305243,0.5543600916862488
26,1,18,-0.772324213262734,-0.35463866935533706,0.5469788908958435
26,1,19,-0.3388769507173221,-0.1576171863801498,0.5544393658638
26,1,20,-0.7644433539437265,-0.3388769507173221,0.5466728806495667
26,1,21,-0.2837109354842697,-0.1576171863801498,0.5501783490180969
26,1,22,-0.7329199166676966,-0.36251952867434456,0.5394582152366638
26,1,23,0.08668945250908239,0.007880859319007491,0.991477072238922
26,1,24,-0.08668945250908239,-0.007880859319007491,0.9905303120613098
26,1,25,-0.02364257795702247,0.772324213262734,0.7018453478813171
26,1,26,-0.17337890501816478,0.7486816353057115,0.7036870718002319
26,1,27,0.015761718638014982,1.4658398333353932,0.7174977660179138
26,1,28,-0.015761718638014982,1.4737206926544006,0.7380539774894714
26,1,29,-0.02364257795702247,1.6076953010775281,0.7292177677154541
26,1,30,-0.04728515591404494,1.5525292858444757,0.7264378070831299
26,1,31,0.07092773387106742,1.7495507688196628,0.7655557990074158
26,1,32,0.007880859319007491,1.7495507688196628,0.7703089118003845
26,2,0,-0.17070914166705167,-1.3575441265903632,0.9865680932998656
26,2,1,-0.09754808095260095,-1.4144471738127138,0.980737805366516
26,2,2,-0.07316106071445072,-1.4063181670666638,0.9833416938781738
26,2,3,-0.05690304722235056,-1.3981891603206136,0.9792444109916688
26,2,4,-0.13006410793680126,-1.430705187304814,0.9798783659934998
26,2,5,-0.13006410793680126,-1.430705187304814,0.9814157485961914
26,2,6,-0.13006410793680126,-1.438834194050864,0.9773790836334229
26,2,7,0.0,-1.3494151198443132,0.974963128566742
26,2,8,-0.09754808095260095,-1.3819311468285136,0.9737551212310792
26,2,9,-0.14632212142890144,-1.2762540591298626,0.9693643450737
26,2,10,-0.18696715515915183,-1.2925120726219625,0.971428632736206
26,2,11,0.06503205396840063,-1.0079968365102099,0.994189202785492
26,2,12,-0.09754808095260095,-0.9917388230181097,0.9962251782417296
26,2,13,0.4552243777788045,-0.5365144452393052,0.579010546207428
26,2,14,-0.0406450337302504,-0.5690304722235056,0.494260162115097
26,2,15,-0.14632212142890144,-0.5039984182551049,0.595870316028595
26,2,16,-0.27638622936570273,-0.4227083507946041,0.5109987854957581
26,2,17,-0.27638622936570273,-0.4796113980169547,0.5965906977653503
26,2,18,-0.34141828333410335,-0.2845152361117528,0.5023009181022644
26,2,19,-0.2845152361117528,-0.5527724587314055,0.5964219570159912
26,2,20,-0.3658053035722536,-0.2926442428578029,0.5017753839492798
26,2,21,-0.25199920912755247,-0.5527724587314055,0.5914539098739624
26,2,22,-0.3251602698420032,-0.3170312630959531,0.4958046376705169
26,2,23,0.09754808095260095,0.0,0.9921084642410278
26,2,24,-0.09754808095260095,0.0,0.9905748963356018
26,2,25,0.08941907420655087,0.8291586880971081,0.7297086119651794
26,2,26,-0.13006410793680126,0.7885136543668577,0.7101030349731445
26,2,27,0.1625801349210016,1.5688983019876654,0.7419906258583069
26,2,28,0.08941907420655087,1.4469632007969142,0.744989275932312
26,2,29,0.3658053035722536,1.7070914166705167,0.7436215281486511
26,2,30,0.2601282158736025,1.5688983019876654,0.7263649106025696
26,2,31,-0.11380609444470112,1.8940585718296685,0.7828480005264282
26,2,32,-0.1625801349210016,1.829026517861268,0.7732618451118469
27,1,0,0.2399407626795864,-1.2174772032260495,0.9543810486793518
27,1,1,0.2577141525077039,-1.2885707625385194,0.942247211933136
27,1,2,0.2577141525077039,-1.2796840676244607,0.9511982202529908
27,1,3,0.26660084742176265,-1.2796840676244607,0.9412229657173156
27,1,4,0.22216737285146887,-1.306344152366637,0.9362549781799316
27,1,5,0.21328067793741012,-1.306344152366637,0.9441301226615906
27,1,6,0.1955072881092926,-1.306344152366637,0.9391776919364928
27,1,7,0.23105406776552762,-1.2352505930541668,0.9305345416069032
27,1,8,0.10664033896870506,-1.2619106777963431,0.932076632976532
27,1,9,0.23105406776552762,-1.1374969489995206,0.9208674430847168
27,1,10,0.1955072881092926,-1.1552703388276382,0.9240091443061828
27,1,11,0.08886694914058756,-0.9419896608902281,0.992039144039154
27,1,12,-0.13330042371088133,-1.057516694772992,0.9958616495132446
27,1,13,0.0799802542265288,-0.32880771182017393,0.5413084626197815
27,1,14,-0.3465811016482914,-0.46210813553105523,0.498694896697998
27,1,15,-0.12441372879682257,0.008886694914058755,0.551974892616272
27,1,16,-0.44433474570293774,-0.506541610101349,0.5187245607376099
27,1,17,-0.15107381353899885,0.11552703388276381,0.5581860542297363
27,1,18,-0.4176746609607615,-0.39990127113264395,0.511141300201416
27,1,19,-0.20439398302335135,-0.026660084742176265,0.5586479902267456
27,1,20,-0.4087879660467027,-0.3910145762185852,0.5117894411087036
27,1,21,-0.1955072881092926,-0.03554677965623502,0.5556756258010864
27,1,22,-0.3910145762185852,-0.4176746609607615,0.5057654976844788
27,1,23,0.11552703388276381,0.01777338982811751,0.9923275709152222
27,1,24,-0.11552703388276381,-0.01777338982811751,0.990991234779358
27,1,25,0.14218711862494007,1.1108368642573443,0.7378026247024536
27,1,26,0.03554677965623502,1.0219699151167567,0.7302112579345703
27,1,27,0.15107381353899885,1.955072881092926,0.7439709305763245
27,1,28,0.08886694914058756,1.8662059319523385,0.7491962313652039
27,1,29,0.2399407626795864,2.1061466946319247,0.7489321827888489
27,1,30,0.1777338982811751,2.0439398302335134,0.7335977554321289
27,1,31,0.01777338982811751,2.3283140674833938,0.7792674899101257
27,1,32,0.14218711862494007,2.2661072030849825,0.7709491848945618
27,2,0,-0.13887340244801494,-1.2411810343791336,0.958498239517212
27,2,1,-0.06943670122400747,-1.310617735603141,0.9475539922714232
27,2,2,-0.05207752591800561,-1.3019381479501402,0.9556503891944884
27,2,3,-0.043397938265004675,-1.3019381479501402,0.9467540383338928
27,2,4,-0.09547546418301028,-1.319297323256142,0.9419341683387756
27,2,5,-0.10415505183601122,-1.319297323256142,0.9489453434944152
27,2,6,-0.11283463948901215,-1.327976910909143,0.9446024298667908
27,2,7,-0.017359175306001867,-1.2758993849911373,0.9368644952774048
27,2,8,-0.09547546418301028,-1.2932585602971391,0.9378713369369508
27,2,9,-0.13019381479501402,-1.171744333155126,0.9281981587409972
27,2,10,-0.16491216540701775,-1.180423920808127,0.9306352734565736
27,2,11,0.034718350612003734,-0.9807934047891056,0.9927903413772584
27,2,12,-0.1562325777540168,-1.0155117554011093,0.9958197474479676
27,2,13,0.3385039184670364,-0.4339793826500467,0.582582414150238
27,2,14,-0.13019381479501402,-0.3124651555080336,0.4555686712265014
27,2,15,0.026038762959002804,-0.6162507233630663,0.5879457592964172
27,2,16,-0.28642639254903085,-0.16491216540701775,0.4766736030578613
27,2,17,-0.026038762959002804,-0.7377649505050794,0.5897306799888611
27,2,18,-0.3471835061200374,-0.29510598020203177,0.4722035825252533
27,2,19,-0.09547546418301028,-0.7638037134640823,0.5888696312904358
27,2,20,-0.37322226907904016,-0.3471835061200374,0.4728671610355377
27,2,21,-0.0781162888770084,-0.7204057751990776,0.5835557579994202
27,2,22,-0.3471835061200374,-0.4252997949970458,0.4681265354156494
27,2,23,0.16491216540701775,0.017359175306001867,0.9929988980293274
27,2,24,-0.16491216540701775,-0.017359175306001867,0.9915136098861694
27,2,25,0.008679587653000934,0.6856874245870738,0.7630464434623718
27,2,26,-0.3124651555080336,0.7811628887700841,0.7452347278594971
27,2,27,0.18227134071301962,1.7619562935591897,0.7679023146629333
27,2,28,0.008679587653000934,1.466850313357158,0.7603759765625
27,2,29,0.36454268142603924,1.9355480466192083,0.7670607566833496
27,2,30,0.1996305160190215,1.6491216540701774,0.742669403553009
27,2,31,-0.12151422714201308,2.2046152638622374,0.7993308305740356
27,2,32,-0.08679587653000935,1.9268684589662075,0.7813262343406677
28,1,0,0.32487316312096803,-1.1568654101380813,0.9612622857093812
28,1,1,0.34072063449272255,-1.193842843338842,0.9514342546463012
28,1,2,0.3460031249499741,-1.193842843338842,0.9589245915412904
28,1,3,0.3512856154072256,-1.193842843338842,0.950913667678833
28,1,4,0.3301556535782195,-1.1991253337960934,0.9460039138793944
28,1,5,0.32487316312096803,-1.204407824253345,0.9523949027061462
28,1,6,0.3195906726637165,-1.204407824253345,0.948552906513214
28,1,7,0.3671330867789801,-1.193842843338842,0.9413814544677734
28,1,8,0.34072063449272255,-1.1832778624243387,0.9419597387313844
28,1,9,0.33543814403547106,-1.1093229960228177,0.9331623315811156
28,1,10,0.314308182206465,-1.1146054864800692,0.9353493452072144
28,1,11,0.30902569174921346,-0.9772607345915298,0.9933151006698608
28,1,12,0.16111595894617114,-0.9666957536770268,0.9961450099945068
28,1,13,0.18224592077517718,-0.4965541029816422,0.5352761149406433
28,1,14,0.0026412452286257563,-0.5071190838961452,0.4517958760261535
28,1,15,0.15583346848891963,-0.2535595419480726,0.5434518456459045
28,1,16,-0.15055097803166811,-0.5599439884686603,0.4820423424243927
28,1,17,0.16639844940342266,-0.3380793892640968,0.5495707392692566
28,1,18,-0.15583346848891963,-0.3539268606358513,0.475986123085022
28,1,19,0.15055097803166811,-0.22714708966181504,0.5489083528518677
28,1,20,-0.18224592077517718,-0.38033931292210893,0.4774051010608673
28,1,21,0.1452684875744166,-0.20601712783280898,0.5449132323265076
28,1,22,-0.16639844940342266,-0.62861636441293,0.4736485779285431
28,1,23,0.09244358300190147,0.005282490457251513,0.9935424327850342
28,1,24,-0.09244358300190147,-0.005282490457251513,0.9922344088554382
28,1,25,-0.0026412452286257563,-0.26940701331982714,0.7462784647941589
28,1,26,0.24035331580494382,-0.34864437017859984,0.7381777167320251
28,1,27,0.15055097803166811,0.036977433200760586,0.7529019713401794
28,1,28,0.17696343031792566,0.07395486640152117,0.743090033531189
28,1,29,0.4093930104369922,0.07923735685877269,0.7458497285842896
28,1,30,0.2826132394629559,0.13206226143128783,0.7331621050834656
28,1,31,0.24563580626219533,0.11093229960228176,0.788537323474884
28,1,32,0.33543814403547106,0.23771207057631807,0.7728928327560425
28,2,0,0.020125052037826618,-1.2108572976092349,0.9636144042015076
28,2,1,0.05366680543420431,-1.264524103043439,0.9550243616104126
28,2,2,0.05366680543420431,-1.264524103043439,0.9617512822151184
28,2,3,0.05366680543420431,-1.2712324537227147,0.9548490047454834
28,2,4,0.046958454754928776,-1.2712324537227147,0.949877142906189
28,2,5,0.040250104075653236,-1.2779408044019902,0.95535546541214
28,2,6,0.033541753396377695,-1.2779408044019902,0.951997935771942
28,2,7,0.033541753396377695,-1.2712324537227147,0.946066915988922
28,2,8,0.026833402717102155,-1.2578157523641635,0.9447406530380248
28,2,9,-0.006708350679275539,-1.163898842854306,0.9381861686706544
28,2,10,-0.013416701358551077,-1.1706071935335816,0.939108908176422
28,2,11,-0.046958454754928776,-1.0230234785895198,0.9938615560531616
28,2,12,-0.013416701358551077,-0.9760650238345909,0.996196746826172
28,2,13,0.10062526018913309,-0.6272307885122629,0.5477356314659119
28,2,14,0.12745866290623525,-0.5131888269645787,0.4171400666236877
28,2,15,-0.026833402717102155,-0.5333138790024053,0.5714367628097534
28,2,16,0.013416701358551077,-0.4729387228889255,0.4439297020435333
28,2,17,-0.046958454754928776,-0.5266055283231298,0.5738316178321838
28,2,18,0.020125052037826618,-0.3857301640583435,0.4418089091777801
28,2,19,-0.08720855883058201,-0.566855632398783,0.5726814270019531
28,2,20,-0.09391690950985755,-0.4192719174547212,0.4430825114250183
28,2,21,-0.07379185747203093,-0.553438931040232,0.5670329332351685
28,2,22,-0.020125052037826618,-0.5198971776438542,0.4400296211242676
28,2,23,-0.006708350679275539,-0.023479227377464388,0.9940791130065918
28,2,24,0.006708350679275539,0.023479227377464388,0.9928001761436462
28,2,25,0.2079588710575417,0.043604279415291006,0.7582384347915649
28,2,26,0.21466722173681724,0.050312630094566546,0.7561895251274109
28,2,27,0.20125052037826618,0.7479811007392226,0.7643118500709534
28,2,28,0.23479227377464387,0.6138140871537118,0.7540661096572876
28,2,29,0.3018757805673993,0.9089815170418355,0.7586404085159302
28,2,30,0.3018757805673993,0.8217729582112535,0.7422604560852051
28,2,31,0.1878338190197151,1.1102320374201018,0.7992647290229797
28,2,32,0.16770876698188847,1.1437737908164793,0.7778226733207703
29,1,0,-0.1324460981377598,-1.232324565281765,0.9657944440841676
29,1,1,-0.12092904612578068,-1.2956683513476501,0.95867919921875
29,1,2,-0.12092904612578068,-1.2899098253416605,0.9647261500358582
29,1,3,-0.12668757213177023,-1.2956683513476501,0.958505392074585
29,1,4,-0.11517052011979112,-1.2956683513476501,0.9536383748054504
29,1,5,-0.11517052011979112,-1.2956683513476501,0.9583246111869812
29,1,6,-0.10941199411380156,-1.3014268773536397,0.955270528793335
29,1,7,-0.1324460981377598,-1.243841617293744,0.9503015279769896
29,1,8,-0.08637789008984334,-1.2668757213177024,0.9483938217163086
29,1,9,-0.11517052011979112,-1.2035319352518172,0.9423621296882628
29,1,10,-0.11517052011979112,-1.192014883239838,0.9424301385879515
29,1,11,-0.155480202161718,-1.0941199411380156,0.9940935969352722
29,1,12,-0.07486083807786423,-0.8925715309283812,0.9952415823936462
29,1,13,-0.44916502846718537,-0.9559153169942664,0.5521379113197327
29,1,14,-0.06910231207187467,-0.35127008636536294,0.3915274441242218
29,1,15,-0.4952332365151018,-0.8868130049223917,0.5664365887641907
29,1,16,-0.16123872816770757,-0.20154841020963446,0.4251969158649444
29,1,17,-0.4952332365151018,-0.9098471089463499,0.5692607164382935
29,1,18,-0.16123872816770757,-0.21306546222161357,0.4242521524429321
29,1,19,-0.4606820804791645,-0.9328812129703081,0.5681472420692444
29,1,20,-0.25913367026953005,-0.25337514426354046,0.425063818693161
29,1,21,-0.44340650246119584,-0.9098471089463499,0.5592593550682068
29,1,22,-0.25337514426354046,-0.2476166182575509,0.4233152866363525
29,1,23,-0.023034104023958224,-0.08637789008984334,0.9913843274116516
29,1,24,0.023034104023958224,0.08637789008984334,0.9885254502296448
29,1,25,-0.19003135819765535,-0.3685456643833316,0.7180971503257751
29,1,26,-0.1324460981377598,-0.2994433523114569,0.7141559720039368
29,1,27,-0.21306546222161357,-0.8234692188565065,0.7142269015312195
29,1,28,-0.17275578017968668,-0.8407447968744752,0.7003953456878662
29,1,29,-0.08061936408385378,-0.7486083807786423,0.7086612582206726
29,1,30,-0.09789494210182245,-0.7601254327906214,0.7081733345985413
29,1,31,-0.17851430618567624,-0.9501567909882768,0.7456738352775574
29,1,32,-0.11517052011979112,-0.984707947024214,0.7286815047264099
29,2,0,-0.10873445318428318,-1.269737808151952,0.9655205607414246
29,2,1,-0.05962857110105852,-1.360934446306512,0.9597840905189514
29,2,2,-0.052613445089169285,-1.360934446306512,0.9651864171028136
29,2,3,-0.052613445089169285,-1.360934446306512,0.959995985031128
29,2,4,-0.06664369711294776,-1.3679495723184014,0.953998327255249
29,2,5,-0.073658823124837,-1.3679495723184014,0.958016276359558
29,2,6,-0.073658823124837,-1.3679495723184014,0.9559540748596193
29,2,7,-0.05962857110105852,-1.3398890682708444,0.9506377577781676
29,2,8,-0.05962857110105852,-1.353919320294623,0.9480582475662231
29,2,9,-0.10171932717239394,-1.2346621780925058,0.9440364241600036
29,2,10,-0.11574957919617242,-1.2346621780925058,0.9436656832695008
29,2,11,-0.09470420116050471,-1.1013747838666104,0.9944074749946594
29,2,12,-0.08067394913672624,-0.8909210035099332,0.9950042963027954
29,2,13,-0.003507563005944619,-0.8067394913672623,0.5710965394973755
29,2,14,-0.010522689017833856,-0.36478655261824033,0.3644359409809112
29,2,15,-0.08067394913672624,-0.9330117595812686,0.5917024612426758
29,2,16,-0.21396134336262174,-0.17537815029723094,0.395786851644516
29,2,17,-0.073658823124837,-0.9470420116050471,0.5928585529327393
29,2,18,-0.19291596532695404,-0.27358991446368025,0.3987042307853699
29,2,19,-0.04559831907728004,-1.094359657854721,0.5912325978279114
29,2,20,-0.24903697342206793,-0.3858319306539081,0.39945188164711
29,2,21,-0.052613445089169285,-1.0873445318428319,0.5793079137802124
29,2,22,-0.17888571330317557,-0.35777142660635114,0.3990680873394012
29,2,23,-0.010522689017833856,-0.03507563005944619,0.9919796586036682
29,2,24,0.010522689017833856,0.03507563005944619,0.9892858862876892
29,2,25,0.03156806705350157,0.07015126011889238,0.741002082824707
29,2,26,0.05962857110105852,0.16134789827345247,0.7294191718101501
29,2,27,0.13679495723184013,0.7436033572602592,0.736922562122345
29,2,28,0.1648554612793971,0.7436033572602592,0.7135891914367676
29,2,29,0.24903697342206793,0.883905877498044,0.7332853674888611
29,2,30,0.2420218474101787,0.8418151214267086,0.7228624820709229
29,2,31,0.10171932717239394,1.1154050358903889,0.7653661966323853
29,2,32,0.11574957919617242,1.0452537757714964,0.7371925115585327
30,1,0,-0.12669080180373898,-1.2193989673609877,0.964264154434204
30,1,1,-0.10135264144299119,-1.2827443682628572,0.9597791433334352
30,1,2,-0.0886835612626173,-1.308082528623605,0.9652640223503112
30,1,3,-0.08234902117243034,-1.314417068713792,0.9600762724876404
30,1,4,-0.06967994099205645,-1.2637407479922964,0.9530481100082396
30,1,5,-0.07601448108224339,-1.2574062079021096,0.9566890597343444
30,1,6,-0.07601448108224339,-1.2574062079021096,0.9547616243362428
30,1,7,-0.10768718153317815,-1.308082528623605,0.9495916366577148
30,1,8,-0.09501810135280424,-1.2700752880824835,0.9455012679100036
30,1,9,-0.10135264144299119,-1.175057186729679,0.9398183226585388
30,1,10,-0.04434178063130865,-1.1180463259179967,0.9378260374069214
30,1,11,-0.12669080180373898,-1.0483663849259401,0.993745744228363
30,1,12,-0.08234902117243034,-0.940679203392762,0.9947111010551452
30,1,13,-0.3547342450504692,-0.6302867389736014,0.5304070115089417
30,1,14,-0.3990760256817778,-0.5035959371698625,0.3640454709529876
30,1,15,-0.3230615445995344,-0.934344663302575,0.5473104119300842
30,1,16,-0.4370832662228995,-0.5289340975306103,0.407927393913269
30,1,17,-0.29772338423878664,-0.6492903592441623,0.551592230796814
30,1,18,-0.41807964595233865,-0.566941338071732,0.4099802374839782
30,1,19,-0.2787197639682258,-0.5859449583422929,0.5505110621452332
30,1,20,-0.4370832662228995,-0.6049485786128537,0.4123943746089935
30,1,21,-0.28505430405841276,-0.6366212790637884,0.5400055050849915
30,1,22,-0.44341780631308647,-0.4719232367189277,0.4121604263782501
30,1,23,-0.025338160360747798,-0.015836350225467373,0.9903295040130616
30,1,24,0.025338160360747798,0.015836350225467373,0.9884366393089294
30,1,25,-0.050676320721495596,-0.42124691599743214,0.702538251876831
30,1,26,-0.11402172162336509,-0.1995380128408889,0.7076637744903564
30,1,27,-0.15836350225467374,-0.687297599785284,0.6872018575668335
30,1,28,-0.06967994099205645,-0.48459231689930166,0.6662173867225647
30,1,29,-0.038007240541121694,-0.440250536267993,0.6783936023712158
30,1,30,-0.08234902117243034,-0.5416031777109842,0.6812163591384888
30,1,31,-0.1393598819841129,-0.7443084605969665,0.7129971385002136
30,1,32,0.06334540090186949,-0.5479377178011712,0.6912520527839661
30,2,0,-0.15595174592446595,-1.1787050564058472,0.964114785194397
30,2,1,-0.11243032845717313,-1.2294800434510222,0.9597407579421996
30,2,2,-0.10517675887929098,-1.2367336130289044,0.9650856852531432
30,2,3,-0.10517675887929098,-1.2367336130289044,0.9605553150177002
30,2,4,-0.11968389803505526,-1.2294800434510222,0.9515441060066224
30,2,5,-0.1269374676129374,-1.2294800434510222,0.954150915145874
30,2,6,-0.1269374676129374,-1.2294800434510222,0.9521989226341248
30,2,7,-0.10517675887929098,-1.2367336130289044,0.9492972493171692
30,2,8,-0.11243032845717313,-1.2294800434510222,0.9394342303276062
30,2,9,-0.15595174592446595,-1.1279300693606724,0.9394465684890748
30,2,10,-0.17045888508023022,-1.1134229302049081,0.9338536858558656
30,2,11,-0.039894632678351756,-1.0844086518933795,0.99420827627182
30,2,12,-0.10517675887929098,-0.9103229820242082,0.9935791492462158
30,2,13,-0.039894632678351756,-0.5548980727079835,0.5624872446060181
30,2,14,-0.08341605014564457,-0.4678552377733978,0.3331936597824096
30,2,15,-0.0689089109898803,-0.4968695160849264,0.5765582919120789
30,2,16,-0.22848744170328733,-0.22848744170328733,0.3765260279178619
30,2,17,-0.0689089109898803,-0.3953195419945765,0.5771079063415527
30,2,18,-0.2792624287484623,-0.264755289592698,0.3816488683223724
30,2,19,-0.1414446067687017,-0.4025731115724586,0.5753315091133118
30,2,20,-0.2792624287484623,-0.2502481504369337,0.383666455745697
30,2,21,-0.09066961972352672,-0.4968695160849264,0.5632631182670593
30,2,22,-0.264755289592698,-0.1632053155023481,0.3843417167663574
30,2,23,-0.01813392394470534,-0.05440177183411603,0.9909406304359436
30,2,24,0.01813392394470534,0.05440177183411603,0.988778591156006
30,2,25,-0.010880354366823206,0.3227838462157551,0.7306886315345764
30,2,26,-0.08341605014564457,0.48961594650704426,0.7221498489379883
30,2,27,0.10517675887929098,1.0699015127376152,0.714824914932251
30,2,28,0.09066961972352672,1.004619386536676,0.6756939888000488
30,2,29,0.21398030254752304,1.2004657651394937,0.7070016264915466
30,2,30,0.22848744170328733,1.1569443476722008,0.6958728432655334
30,2,31,0.003626784788941069,1.4108192828980757,0.737217903137207
30,2,32,-0.003626784788941069,1.3672978654307828,0.6949209570884705
31,1,0,0.026808531497139628,-1.2231392495569955,0.9601911306381226
31,1,1,0.04691493011999435,-1.2901605782998447,0.9562169313430786
31,1,2,0.053617062994279256,-1.2901605782998447,0.963486909866333
31,1,3,0.053617062994279256,-1.2901605782998447,0.9574581384658812
31,1,4,0.04021279724570945,-1.2901605782998447,0.9471071362495422
31,1,5,0.03351066437142454,-1.2968627111741295,0.950597882270813
31,1,6,0.026808531497139628,-1.2968627111741295,0.9462063908576964
31,1,7,0.020106398622854724,-1.2834584454255598,0.94736248254776
31,1,8,0.013404265748569814,-1.2767563125512749,0.9334210753440856
31,1,9,0.013404265748569814,-1.1561179208141465,0.9366797804832458
31,1,10,0.006702132874284907,-1.1561179208141465,0.9283491969108582
31,1,11,-0.19436185335426232,-1.0287773962027333,0.9941371083259584
31,1,12,-0.10723412598855851,-0.9483518017113144,0.993937611579895
31,1,13,-0.22117038485140195,-0.5998408922484992,0.5284485816955566
31,1,14,-0.22787251772568684,-0.4188833046428067,0.3711885213851928
31,1,15,-0.14074479035998305,-0.4121811717685218,0.5389501452445984
31,1,16,-0.20776611910283213,-0.3317555772771029,0.4152709245681762
31,1,17,-0.12734052461141324,-0.3853726402713822,0.544360339641571
31,1,18,-0.13404265748569816,-0.3451598430256727,0.4193083643913269
31,1,19,-0.13404265748569816,-0.43228757039137655,0.5431900024414062
31,1,20,-0.24797891634854158,-0.36526624164852745,0.4211987257003784
31,1,21,-0.11393625886284342,-0.43898970326566145,0.5325074195861816
31,1,22,-0.25468104922282647,-0.3384577101513878,0.4175164699554443
31,1,23,-0.026808531497139628,-0.0435638636828519,0.9914252161979676
31,1,24,0.026808531497139628,0.0435638636828519,0.9895333647727966
31,1,25,0.020106398622854724,0.12398945817427079,0.7353675365447998
31,1,26,-0.060319195868564164,0.5328195635056502,0.7391901016235352
31,1,27,-0.020106398622854724,0.5931387593742143,0.7120771408081055
31,1,28,-0.026808531497139628,1.0354795290770182,0.6887714862823486
31,1,29,-0.013404265748569814,0.7070750182370578,0.7111958265304565
31,1,30,-0.03351066437142454,1.1159051235684372,0.7081023454666138
31,1,31,-0.07372346161713399,0.7405856826084822,0.7414868474006653
31,1,32,-0.020106398622854724,1.350479774168409,0.7045038342475891
31,2,0,-0.18084315518273641,-1.2616964315074632,0.9628780484199524
31,2,1,-0.13037529792243788,-1.328986907854528,0.958782970905304
31,2,2,-0.1135526788356717,-1.320575598311145,0.965835690498352
31,2,3,-0.09673005974890553,-1.320575598311145,0.9603458642959596
31,2,4,-0.16402053609597023,-1.337398217397911,0.9492775201797484
31,2,5,-0.16402053609597023,-1.3458095269412942,0.9518649578094482
31,2,6,-0.17243184563935332,-1.3542208364846773,0.9463550448417664
31,2,7,-0.07990744066213934,-1.2953416696809956,0.9515398740768432
31,2,8,-0.17243184563935332,-1.320575598311145,0.9319760203361512
31,2,9,-0.16402053609597023,-1.1859946456170156,0.9416964054107666
31,2,10,-0.20607708381288567,-1.2028172647037818,0.9323270320892334
31,2,11,-0.04626220248860699,-0.9841232165758215,0.994702398777008
31,2,12,-0.1976657742695026,-1.0009458356625875,0.993481457233429
31,2,13,0.1976657742695026,-0.4457994057993037,0.574474573135376
31,2,14,-0.2901901792467166,-0.4542107153426868,0.3540429472923279
31,2,15,-0.22289970289965186,-0.25233928630149266,0.5839266180992126
31,2,16,-0.424771131940846,-0.14299226223751252,0.4102793335914612
31,2,17,-0.3238354174202489,-0.1514035717808956,0.5877048373222351
31,2,18,-0.46682767965776145,-0.10093571452059708,0.4141720533370971
31,2,19,-0.3658919651371644,-0.20187142904119415,0.5865905284881592
31,2,20,-0.5004729178312938,-0.12616964315074633,0.4164204895496368
31,2,21,-0.3154241078768658,-0.2355166672147265,0.5762636661529541
31,2,22,-0.45841637011437836,-0.12616964315074633,0.4147472977638244
31,2,23,0.08831875020552243,-0.016822619086766178,0.9919884204864502
31,2,24,-0.08831875020552243,0.016822619086766178,0.9893976449966432
31,2,25,0.1892544647261195,0.5046785726029853,0.759962260723114
31,2,26,-0.2817788697033335,0.8158970257081596,0.7477115392684937
31,2,27,0.13037529792243788,1.5224470273523392,0.7367392182350159
31,2,28,0.02102827385845772,1.4635678605486575,0.6969979405403137
31,2,29,0.22289970289965186,1.699084527763384,0.7298755049705505
31,2,30,0.10514136929228861,1.4803904796354237,0.7168450951576233
31,2,31,-0.07990744066213934,1.9261898854347275,0.7622922658920288
31,2,32,-0.07990744066213934,1.7495523850236825,0.7110045552253723
32,1,0,0.11371762073682976,-1.262657719905489,0.958379089832306
32,1,1,0.1450879988711276,-1.3253984761740847,0.9510846138000488
32,1,2,0.16077318793827655,-1.3253984761740847,0.9596178531646729
32,1,3,0.16861578247185102,-1.3253984761740847,0.9525279998779296
32,1,4,0.13724540433755314,-1.3332410707076592,0.9429391622543336
32,1,5,0.12940280980397867,-1.3332410707076592,0.9469173550605774
32,1,6,0.12156021527040421,-1.3410836652412337,0.9403847455978394
32,1,7,0.15293059340470208,-1.3097132871069357,0.941644251346588
32,1,8,0.09018983713610636,-1.3175558816405102,0.925502061843872
32,1,9,0.12940280980397867,-1.1920743691033189,0.9276984930038452
32,1,10,0.11371762073682976,-1.2077595581704677,0.9240939617156982
32,1,11,0.06666205353538296,-1.0038521002975316,0.9919241666793824
32,1,12,-0.09018983713610636,-0.9960095057639571,0.9938420057296752
32,1,13,0.04313426993465956,-0.49408345561519135,0.52409428358078
32,1,14,-0.4195788075462339,-0.6117223736188083,0.4145319759845733
32,1,15,-0.12940280980397867,-0.32938897041012755,0.5305674076080322
32,1,16,-0.25488432234117014,-0.24312043054080842,0.4569205045700073
32,1,17,-0.019606486333936163,-0.18037967427221271,0.535429060459137
32,1,18,-0.24704172780759567,-0.16469448520506377,0.4553606808185577
32,1,19,-0.019606486333936163,-0.14900929613791486,0.5345309972763062
32,1,20,-0.2705695114083191,-0.21959264694008504,0.4570931196212768
32,1,21,-0.23135653874044673,-0.18037967427221271,0.5258832573890686
32,1,22,-0.27841210594189353,-0.21175005240651057,0.4524171352386474
32,1,23,0.0352916754010851,-0.023527783600723398,0.9900853633880616
32,1,24,-0.0352916754010851,0.023527783600723398,0.989142894744873
32,1,25,0.09803243166968081,0.8391576150924678,0.7251041531562805
32,1,26,-0.003921297266787233,0.8470002096260423,0.7604731917381287
32,1,27,-0.05881945900180849,1.482250366845574,0.7086113095283508
32,1,28,-0.11371762073682976,1.6547874465842123,0.7123859524726868
32,1,29,-0.17645837700542547,1.6312596629834888,0.7107983231544495
32,1,30,-0.23135653874044673,1.803796742722127,0.7251307964324951
32,1,31,0.0352916754010851,1.7410559864535313,0.7428253293037415
32,1,32,0.09018983713610636,1.9057504716585951,0.7178694605827332
32,2,0,-0.2522449265092877,-1.3356575616803268,0.9624180793762208
32,2,1,-0.17781199737539954,-1.3935498398955732,0.9558441042900084
32,2,2,-0.16127134645675772,-1.3852795144362522,0.9635303020477296
32,2,3,-0.136460370078795,-1.3852795144362522,0.9571868181228638
32,2,4,-0.20262297375336227,-1.410090490814215,0.9484464526176452
32,2,5,-0.20262297375336227,-1.418360816273536,0.951947808265686
32,2,6,-0.20262297375336227,-1.418360816273536,0.946066439151764
32,2,7,-0.07856809186354864,-1.3439278871396478,0.947389841079712
32,2,8,-0.15300102099743682,-1.3604685380582895,0.9322935342788696
32,2,9,-0.2191636246720041,-1.2529543070871176,0.9347847104072572
32,2,10,-0.26051525196860864,-1.2694949580057595,0.931296408176422
32,2,11,-0.020675813648302274,-0.9965742178481696,0.992720365524292
32,2,12,-0.1447306955381159,-0.9965742178481696,0.9933529496192932
32,2,13,0.24397460104996682,-0.45073273753298954,0.5715252161026001
32,2,14,-0.136460370078795,-0.4920843648295941,0.3833514451980591
32,2,15,-0.27705590288725046,-0.24397460104996682,0.5771595239639282
32,2,16,-0.3514888320211386,-0.17781199737539954,0.430837482213974
32,2,17,-0.3928404593177432,-0.11991971916015318,0.5807738304138184
32,2,18,-0.38457013385842226,-0.09510874278219046,0.4309463500976562
32,2,19,-0.4341920866143477,-0.16127134645675772,0.579861044883728
32,2,20,-0.44246241207366865,-0.15300102099743682,0.4322780668735504
32,2,21,-0.409381110236385,-0.20262297375336227,0.57147616147995
32,2,22,-0.4011107847770641,-0.1447306955381159,0.4284489452838897
32,2,23,0.053757115485585906,0.004135162729660455,0.9907742142677308
32,2,24,-0.053757115485585906,-0.004135162729660455,0.9893602728843688
32,2,25,-0.037216464566944094,0.8394380341210723,0.7474899291992188
32,2,26,-0.1447306955381159,0.864249010499035,0.737180769443512
32,2,27,0.012405488188981363,1.592037650919275,0.7293468117713928
32,2,28,-0.07029776640422773,1.5341453727040286,0.6977167129516602
32,2,29,0.1447306955381159,1.7409035091870513,0.7270686030387878
32,2,30,0.1447306955381159,1.7078222073497678,0.7072685360908508
32,2,31,-0.10337906824151136,1.9393913202107531,0.758302628993988
32,2,32,-0.09510874278219046,1.8980396929141485,0.7031722068786621
33,1,0,0.058794602621006574,-1.3013205380116122,0.9646865129470824
33,1,1,0.11366956506727938,-1.37187406115682,0.957610547542572
33,1,2,0.12934812576621446,-1.3640347808073525,0.9646259546279908
33,1,3,0.137187406115682,-1.356195500457885,0.9586873650550842
33,1,4,0.09799100436834429,-1.3875526218557552,0.9518564343452454
33,1,5,0.09015172401887675,-1.3875526218557552,0.9552144408226012
33,1,6,0.08231244366940921,-1.3953919022052228,0.94998437166214
33,1,7,0.12150884541674692,-1.3326776594094825,0.9472579956054688
33,1,8,0.05095532227153903,-1.37187406115682,0.9374968409538268
33,1,9,0.08231244366940921,-1.254284855914807,0.9355811476707458
33,1,10,0.06663388297047412,-1.2778026969632095,0.9359371066093444
33,1,11,0.05095532227153903,-0.9799100436834429,0.9908291697502136
33,1,12,-0.11366956506727938,-1.0191064454307805,0.993948459625244
33,1,13,0.05095532227153903,-0.3841247371239096,0.5213028192520142
33,1,14,-0.3880443772986434,-0.5173925030648578,0.4440937638282776
33,1,15,-0.06663388297047412,-0.0548749624462728,0.5264130234718323
33,1,16,-0.1920623685619548,-0.14894632663988333,0.4842232763767242
33,1,17,-0.003919640174733772,0.03919640174733772,0.5311762690544128
33,1,18,-0.09015172401887675,-0.02351784104840263,0.4815545678138733
33,1,19,0.0274374812231364,0.07839280349467544,0.5304329991340637
33,1,20,-0.011758920524201315,-0.0548749624462728,0.4823590219020843
33,1,21,-0.003919640174733772,0.02351784104840263,0.5232510566711426
33,1,22,-0.01959820087366886,-0.08623208384414298,0.4764426350593567
33,1,23,0.058794602621006574,-0.015678560698935088,0.989604949951172
33,1,24,-0.058794602621006574,0.015678560698935088,0.9896017909049988
33,1,25,0.07447316331994167,0.8152851563446245,0.7110680341720581
33,1,26,-0.04311604192207149,0.9328743615866376,0.7550445199012756
33,1,27,-0.18422308821248726,1.4581061450009631,0.7007349729537964
33,1,28,-0.23909805065876008,1.6854452751355218,0.716308057308197
33,1,29,-0.3018122934545004,1.5913739109419114,0.7044552564620972
33,1,30,-0.34100869520183813,1.8030344803775349,0.7159934639930725
33,1,31,-0.04311604192207149,1.6540881537376517,0.7377127408981323
33,1,32,0.058794602621006574,1.8343916017754052,0.7176021933555603
33,2,0,-0.24811515215209867,-1.3646333368365426,0.968062937259674
33,2,1,-0.17608172088213456,-1.4206593389354036,0.9616992473602296
33,2,2,-0.1600742917110314,-1.4126556243498523,0.9680219292640686
33,2,3,-0.14406686253992826,-1.4046519097643007,0.962713062763214
33,2,4,-0.19208915005323768,-1.4366667681065068,0.9564367532730104
33,2,5,-0.19208915005323768,-1.4366667681065068,0.9594107866287231
33,2,6,-0.1840854354676861,-1.4446704826920584,0.9547295570373536
33,2,7,-0.07203343126996413,-1.3486259076654397,0.9524106979370116
33,2,8,-0.12805943336882514,-1.3886444805931974,0.9432781338691713
33,2,9,-0.2161002938098924,-1.284596190981027,0.9418371319770812
33,2,10,-0.2401114375665471,-1.3006036201521303,0.9419394731521606
33,2,11,-0.02401114375665471,-0.9804550367300674,0.9917345643043518
33,2,12,-0.14406686253992826,-1.0124698950722737,0.9937247037887572
33,2,13,0.19208915005323768,-0.4041875865703543,0.5689890384674072
33,2,14,-0.22410400839544398,-0.5002321615969731,0.4099572300910949
33,2,15,-0.2561188667376503,-0.2681244386159776,0.5732182264328003
33,2,16,-0.3201485834220628,-0.18008357817491033,0.4537085592746734
33,2,17,-0.3681708709353722,-0.17207986358935876,0.5765401721000671
33,2,18,-0.3521634417642691,-0.060027859391636774,0.452943354845047
33,2,19,-0.39218201469202696,-0.23610958027377132,0.5757293105125427
33,2,20,-0.3521634417642691,-0.08403900314829149,0.4539868533611297
33,2,21,-0.36016715634982066,-0.2681244386159776,0.5682219862937927
33,2,22,-0.3521634417642691,-0.1880872927604619,0.4488437473773956
33,2,23,0.04001857292775785,0.0040018572927757855,0.9900314211845398
33,2,24,-0.04001857292775785,-0.0040018572927757855,0.9891144633293152
33,2,25,-0.06402971668441257,0.8123770304334844,0.7337359189987183
33,2,26,-0.0800371458555157,0.8523956033612422,0.7186661958694458
33,2,27,0.12805943336882514,1.5006964847909194,0.7194077968597412
33,2,28,0.11205200419772199,1.4766853410342646,0.6834664344787598
33,2,29,0.2641225813232018,1.6527670619163992,0.7236054539680481
33,2,30,0.28013001049430497,1.6287559181597446,0.6949089765548706
33,2,31,-0.09604457502661884,1.7408079223574666,0.7504953145980835
33,2,32,-0.016007429171103142,1.6847819202586056,0.6883829236030579
34,1,0,0.07807676494564711,-1.3390165188178478,0.967812955379486
34,1,1,0.17176888288042363,-1.4014779307743654,0.9595839381217957
34,1,2,0.19519191236411776,-1.3936702542798007,0.9646688103675842
34,1,3,0.21080726535324718,-1.3936702542798007,0.9607459902763368
34,1,4,0.16396120638585893,-1.4092856072689302,0.9572302103042604
34,1,5,0.16396120638585893,-1.4092856072689302,0.9599533677101136
34,1,6,0.16396120638585893,-1.4170932837634949,0.956528663635254
34,1,7,0.18738423586955305,-1.3546318718069772,0.9426084160804749
34,1,8,0.12492282391303537,-1.3702472247961066,0.9457047581672668
34,1,9,0.10930747092390594,-1.2609397538722007,0.9391684532165528
34,1,10,0.10149979442934123,-1.2765551068613301,0.9448700547218324
34,1,11,0.1483458533967295,-0.9876710765624359,0.9892613887786864
34,1,12,-0.07807676494564711,-1.01109410604613,0.9942710399627686
34,1,13,0.11711514741847065,-0.417710692459212,0.5148504376411438
34,1,14,-0.18738423586955305,-0.46455675142660025,0.4679979979991913
34,1,15,0.19519191236411776,-0.28498019205161196,0.5193555355072021
34,1,16,0.2576533243206354,-0.22251878009509424,0.5041267275810242
34,1,17,0.27326867730976484,-0.175672721127706,0.5240090489387512
34,1,18,0.3981915012228002,-0.1132113091711883,0.5006796717643738
34,1,19,0.32792241277171785,-0.23813413308422368,0.5234327912330627
34,1,20,0.4606529131793179,-0.175672721127706,0.5010985732078552
34,1,21,0.30449938328802373,-0.23813413308422368,0.5167677402496338
34,1,22,0.42161453070649435,-0.23032645658965895,0.4917606115341186
34,1,23,0.062461411956517686,-0.0039038382472823554,0.9865920543670654
34,1,24,-0.062461411956517686,0.0039038382472823554,0.9875274300575256
34,1,25,0.10930747092390594,0.7378254287363651,0.6788539886474609
34,1,26,0.05465373546195297,0.7846714877037534,0.7235612869262695
34,1,27,-0.10930747092390594,1.4249009602580596,0.675032913684845
34,1,28,-0.12492282391303537,1.5107854016982714,0.6881480813026428
34,1,29,-0.2342302948369413,1.495170048709142,0.6854714155197144
34,1,30,-0.2576533243206354,1.6435159021058716,0.6954511404037476
34,1,31,0.07026908845108239,1.5107854016982714,0.7124833464622498
34,1,32,0.1483458533967295,1.659131255095001,0.692141592502594
34,2,0,-0.14510350013065337,-1.3825139040226142,0.9710103273391724
34,2,1,-0.06449044450251261,-1.4389430429623127,0.9636008143424988
34,2,2,-0.04030652781407038,-1.4389430429623127,0.9681756496429444
34,2,3,-0.02418391668844223,-1.4308817373994986,0.9646510481834412
34,2,4,-0.08061305562814076,-1.4470043485251267,0.9614752531051636
34,2,5,-0.08061305562814076,-1.4470043485251267,0.9639212489128112
34,2,6,-0.08061305562814076,-1.4550656540879408,0.9608449339866638
34,2,7,0.032245222251256304,-1.3825139040226142,0.9483254551887512
34,2,8,-0.02418391668844223,-1.4066978207110563,0.951072871685028
34,2,9,-0.11285827787939708,-1.3019008483944734,0.9452271461486816
34,2,10,-0.1370421945678393,-1.3099621539572874,0.9503305554389954
34,2,11,0.07255175006532669,-0.9955712370075385,0.9903245568275452
34,2,12,-0.12898088900502522,-1.0036325425703525,0.994689404964447
34,2,13,0.23377786132160822,-0.4312798476105531,0.5631375908851624
34,2,14,-0.12091958344221114,-0.43934115317336714,0.4403166770935058
34,2,15,-0.2015326390703519,-0.4635250698618094,0.5668233633041382
34,2,16,-0.24990047244723637,-0.27005373635427155,0.4892360866069793
34,2,17,-0.32245222251256306,-0.4312798476105531,0.5701574087142944
34,2,18,-0.30632961138693493,-0.19750198628894486,0.4859316349029541
34,2,19,-0.33051352807537715,-0.5038315976758798,0.5695082545280457
34,2,20,-0.30632961138693493,-0.23780851410301526,0.4871995449066162
34,2,21,-0.29020700026130675,-0.5118929032386939,0.5625571608543396
34,2,22,-0.28214569469849266,-0.28617634747989973,0.4787891805171966
34,2,23,0.104796972316583,-0.004030652781407038,0.9873967170715332
34,2,24,-0.104796972316583,0.004030652781407038,0.987907350063324
34,2,25,0.02418391668844223,0.737609458997488,0.7061986923217773
34,2,26,-0.07255175006532669,0.7940385979371866,0.7108049392700195
34,2,27,0.29020700026130675,1.4308817373994986,0.7013523578643799
34,2,28,0.24183916688442228,1.4953721819020112,0.6873175501823425
34,2,29,0.4030652781407038,1.575985237530152,0.7084271907806396
34,2,30,0.35469744476381937,1.59210784865578,0.6995709538459778
34,2,31,-0.08061305562814076,1.59210784865578,0.733985185623169
34,2,32,0.04030652781407038,1.6646595987211068,0.6951892971992493
35,1,0,0.1672786756934224,-1.395348953345133,0.9727399349212646
35,1,1,0.1101591278956684,-1.452468501142887,0.9651952385902404
35,1,2,0.15911874029374323,-1.4443085657432078,0.9691302180290222
35,1,3,0.18359854649278065,-1.4361486303435287,0.966247022151947
35,1,4,0.08567932169663098,-1.4606284365425661,0.9641486406326294
35,1,5,0.1101591278956684,-1.4606284365425661,0.9663562774658204
35,1,6,0.12647899869502668,-1.4606284365425661,0.963846743106842
35,1,7,0.17543861109310152,-1.395348953345133,0.9489867091178894
35,1,8,0.11831906329534754,-1.4116688241444912,0.955024242401123
35,1,9,0.08567932169663098,-1.3055896639486624,0.9483689665794371
35,1,10,0.053039580097914416,-1.3137495993483417,0.9545627236366272
35,1,11,0.1509588048940641,-0.987352183361176,0.9899938702583312
35,1,12,-0.09383925709631012,-1.0118319895602135,0.9951969385147096
35,1,13,0.06119951549759355,-0.407996769983957,0.5096101760864258
35,1,14,-0.19991841729213894,-0.43247657618299445,0.4955161809921264
35,1,15,0.10199919249598925,-0.2447980619903742,0.5141910314559937
35,1,16,0.2570379650898929,-0.25295799739005337,0.5369059443473816
35,1,17,0.20807835269181807,-0.1631987079935828,0.5196735858917236
35,1,18,0.40391680228411747,-0.18767851419262024,0.5319024324417114
35,1,19,0.2733578358892512,-0.19583844959229937,0.5192204713821411
35,1,20,0.46103635008187144,-0.22847819119101592,0.5326658487319946
35,1,21,0.2733578358892512,-0.26927786818941163,0.5130897760391235
35,1,22,0.42839660848315486,-0.26927786818941163,0.5212973952293396
35,1,23,0.06119951549759355,-0.00815993539967914,0.985548496246338
35,1,24,-0.06119951549759355,0.00815993539967914,0.9879390597343444
35,1,25,0.13463893409470581,0.75887399217016,0.6614885926246643
35,1,26,0.06935945089727269,0.8649531523659889,0.7268602252006531
35,1,27,-0.08567932169663098,1.3708691471460956,0.6685113310813904
35,1,28,-0.1509588048940641,1.6156672091364699,0.7040256261825562
35,1,29,-0.2651979004895721,1.5259079197399992,0.6853029727935791
35,1,30,-0.2651979004895721,1.7299063047319778,0.7125276923179626
35,1,31,0.00407996769983957,1.5340678551396785,0.7101246118545532
35,1,32,0.13463893409470581,1.7625460463306943,0.7091302871704102
35,2,0,-0.17635841164306343,-1.3862591426826847,0.9754312038421632
35,2,1,-0.11893939389881023,-1.443678160426938,0.9686334133148192
35,2,2,-0.10253396025759502,-1.443678160426938,0.9721736907958984
35,2,3,-0.07792580979577221,-1.443678160426938,0.9695881605148317
35,2,4,-0.14354754436063302,-1.4518808772475456,0.96768456697464
35,2,5,-0.13534482754002544,-1.4600835940681531,0.9696651697158812
35,2,6,-0.12714211071941783,-1.4600835940681531,0.9674128293991088
35,2,7,-0.004101358410303801,-1.3944618595032923,0.954054594039917
35,2,8,-0.061520376154557015,-1.419070009965115,0.9594340324401855
35,2,9,-0.15995297800184824,-1.3042319744766087,0.9534981846809388
35,2,10,-0.17635841164306343,-1.3124346912972162,0.9590237140655518
35,2,11,0.05331765933394941,-0.9925287352935198,0.9909875988960266
35,2,12,-0.21737199574610144,-1.0007314521141275,0.9955314993858336
35,2,13,0.19276384528427865,-0.4265412746715953,0.5584679245948792
35,2,14,-0.06972309297516462,-0.4265412746715953,0.4593872427940368
35,2,15,-0.25838557984913946,-0.4265412746715953,0.5623434782028198
35,2,16,-0.25838557984913946,-0.23787878779762045,0.5121567845344543
35,2,17,-0.37322361533764586,-0.3855276905685573,0.5666083693504333
35,2,18,-0.35681818169643065,-0.18866248687397483,0.5080704092979431
35,2,19,-0.3896290489788611,-0.4511494251334181,0.5660871267318726
35,2,20,-0.34861546487582307,-0.22967607097701284,0.5095972418785095
35,2,21,-0.34861546487582307,-0.4675548587746333,0.5597320199012756
35,2,22,-0.3158045975933927,-0.25428422143883567,0.4994709193706512
35,2,23,0.11893939389881023,-0.008202716820607601,0.9865164160728456
35,2,24,-0.11893939389881023,0.008202716820607601,0.988182544708252
35,2,25,0.09433124343698741,0.7710553811371146,0.6885274648666382
35,2,26,-0.07792580979577221,0.7956635315989373,0.7078194618225098
35,2,27,0.25838557984913946,1.443678160426938,0.6939202547073364
35,2,28,0.20096656210488625,1.525705328633014,0.694310188293457
35,2,29,0.35681818169643065,1.6241379304803052,0.7071939706802368
35,2,30,0.29939916395217747,1.689759665045166,0.7123554348945618
35,2,31,-0.12714211071941783,1.6323406473009128,0.7302300930023193
35,2,32,-0.028709508872126605,1.7061650986863812,0.7058057188987732
36,1,0,0.19269495501688805,-1.3809805109543645,0.9775170087814332
36,1,1,0.11240539042651804,-1.4371832061676235,0.9713106751441956
36,1,2,0.13649225980362903,-1.4291542497085865,0.9744670391082764
36,1,3,0.17663704209881406,-1.4291542497085865,0.972277820110321
36,1,4,0.10437643396748103,-1.4452121626266605,0.9705589413642884
36,1,5,0.08028956459037002,-1.4452121626266605,0.97230726480484
36,1,6,0.11240539042651804,-1.4452121626266605,0.9703736305236816
36,1,7,0.17663704209881406,-1.3890094674134015,0.9578450322151184
36,1,8,0.12846330334459205,-1.4050673803314755,0.9631664156913756
36,1,9,0.12846330334459205,-1.2926619899049574,0.9573501348495485
36,1,10,0.11240539042651804,-1.3006909463639944,0.9626607298851012
36,1,11,0.09634747750844402,-0.9955906009205883,0.991362690925598
36,1,12,-0.04014478229518501,-1.0036195573796254,0.9959402680397034
36,1,13,0.08831852104940703,-0.44159260524703514,0.5058872103691101
36,1,14,0.04014478229518501,-0.44159260524703514,0.5123422741889954
36,1,15,0.016057912918074006,-0.11240539042651804,0.5088028907775879
36,1,16,0.5058242569193312,-0.4094767794108871,0.5546244382858276
36,1,17,-0.12043434688555503,-0.024086869377111006,0.5139321684837341
36,1,18,0.6583744296410342,-0.4014478229518501,0.5482196807861328
36,1,19,-0.15255017272170304,-0.06423165167229603,0.5134792923927307
36,1,20,0.6744323425591082,-0.45765051816510915,0.5491446852684021
36,1,21,-0.07226060813133302,-0.10437643396748103,0.5080504417419434
36,1,22,0.6182296473458492,-0.46567947462414616,0.5347746014595032
36,1,23,0.016057912918074006,-0.008028956459037003,0.9867883920669556
36,1,24,-0.016057912918074006,0.008028956459037003,0.988577663898468
36,1,25,0.14452121626266604,0.7306350377723673,0.650597095489502
36,1,26,0.13649225980362903,0.7948666894446632,0.7206802368164062
36,1,27,-0.10437643396748103,1.4371832061676235,0.6646551489830017
36,1,28,-0.10437643396748103,1.5736754659712524,0.7079187631607056
36,1,29,-0.20875286793496206,1.5335306836760674,0.6810186505317688
36,1,30,-0.22481078085303607,1.6941098128568075,0.7167690992355347
36,1,31,0.06423165167229603,1.5576175530531784,0.7116214036941528
36,1,32,0.16860808563977706,1.7101677257748815,0.719194769859314
36,2,0,-0.17191200357549005,-1.3752960286039204,0.9797528982162476
36,2,1,-0.13992837500330585,-1.4392632857482888,0.9741617441177368
36,2,2,-0.12393656071721375,-1.4312673786052428,0.977002739906311
36,2,3,-0.0999488392880756,-1.4312673786052428,0.9750338196754456
36,2,4,-0.15592018928939794,-1.4392632857482888,0.9734839200973512
36,2,5,-0.15592018928939794,-1.4392632857482888,0.9750577807426452
36,2,6,-0.1479242821463519,-1.4472591928913348,0.9733201265335084
36,2,7,-0.05197339642979931,-1.3992837500330586,0.9620413780212402
36,2,8,-0.0999488392880756,-1.4072796571761046,0.9668313264846802
36,2,9,-0.1479242821463519,-1.3033328643165059,0.9616025686264038
36,2,10,-0.163916096432444,-1.3033328643165059,0.9663653373718262
36,2,11,0.07596111785893746,-1.007484300023802,0.9922215342521667
36,2,12,-0.13992837500330585,-0.99149248573771,0.9963173270225524
36,2,13,0.12393656071721375,-0.4637626142966708,0.5547387003898621
36,2,14,-0.06796521071589141,-0.4397748928675327,0.4856802225112915
36,2,15,-0.2918506107211808,-0.5757053142993155,0.5571828484535217
36,2,16,-0.24387516786290447,-0.2478731214344275,0.5497561097145081
36,2,17,-0.4277810321529636,-0.5837012214423616,0.5610147714614868
36,2,18,-0.3158383321503189,-0.19190177143310516,0.54209303855896
36,2,19,-0.43577693929600964,-0.6396725714436838,0.5604751110076904
36,2,20,-0.3158383321503189,-0.19190177143310516,0.5435093641281128
36,2,21,-0.3878014964377334,-0.6476684785867299,0.5544315576553345
36,2,22,-0.2918506107211808,-0.1998976785761512,0.529640257358551
36,2,23,0.10794474643112166,-0.007995907143046049,0.988023579120636
36,2,24,-0.10794474643112166,0.007995907143046049,0.989570677280426
36,2,25,-0.011993860714569073,0.7116357357310983,0.682884931564331
36,2,26,-0.1799079107185361,0.6956439214450062,0.7251637578010559
36,2,27,0.2118915392907203,1.4152755643191506,0.6957273483276367
36,2,28,0.09195293214502956,1.3033328643165059,0.7134096622467041
36,2,29,0.35581786786554914,1.5592018928939795,0.7042808532714844
36,2,30,0.20389563214767423,1.4232714714621966,0.7202256917953491
36,2,31,-0.1159406535741677,1.5911855214661637,0.7375630736351013
36,2,32,-0.0999488392880756,1.479242821463519,0.7308827638626099
37,1,0,0.1874085142663273,-1.3313813201003668,0.9815151691436768
37,1,1,0.13274769760531516,-1.4094682010446697,0.9762829542160034
37,1,2,0.13274769760531516,-1.4094682010446697,0.978813409805298
37,1,3,0.17179113807746668,-1.4094682010446697,0.9771860241889954
37,1,4,0.11713032141645455,-1.4094682010446697,0.9757893681526184
37,1,5,0.10151294522759395,-1.4094682010446697,0.9771864414215088
37,1,6,0.12493900951088485,-1.4172768891391,0.975707471370697
37,1,7,0.17179113807746668,-1.3704247605725182,0.965002715587616
37,1,8,0.12493900951088485,-1.3782334486669485,0.969782292842865
37,1,9,0.14836507379417577,-1.2689118153449244,0.9646986722946168
37,1,10,0.12493900951088485,-1.2767205034393547,0.969268798828125
37,1,11,0.10932163332202424,-0.9956077320398637,0.9926331043243408
37,1,12,-0.04685212856658182,-1.0034164201342939,0.9966636300086976
37,1,13,0.12493900951088485,-0.46461694161860306,0.5033755302429199
37,1,14,0.04685212856658182,-0.44119087733531215,0.5363129377365112
37,1,15,-0.031234752377721213,-0.14446072974696061,0.5058041214942932
37,1,16,0.4450952213825273,-0.5817472630350576,0.5918754935264587
37,1,17,0.0,-0.050756472613796975,0.5108598470687866
37,1,18,0.5700342308934122,-0.6207907035072091,0.5833749771118164
37,1,19,-0.08589556903873334,-0.0039043440472151516,0.5103078484535217
37,1,20,0.5856516070822727,-0.6676428320737909,0.5842886567115784
37,1,21,-0.10932163332202424,-0.07418253689708788,0.5052894949913025
37,1,22,0.538799478515691,-0.6676428320737909,0.5684096813201904
37,1,23,0.03904344047215152,0.0039043440472151516,0.9882277846336364
37,1,24,-0.03904344047215152,-0.0039043440472151516,0.9898471832275392
37,1,25,0.2264519547384788,0.7691557773013848,0.646493673324585
37,1,26,0.09370425713316365,0.8003905296791061,0.7384986281394958
37,1,27,-0.09370425713316365,1.4016595129502394,0.6642346978187561
37,1,28,-0.10932163332202424,1.542215898649985,0.7256481647491455
37,1,29,-0.21864326664404848,1.5500245867444153,0.6763288378715515
37,1,30,-0.2264519547384788,1.6359201557831486,0.7245518565177917
37,1,31,0.09370425713316365,1.5812593391221363,0.717155396938324
37,1,32,0.16398244998303638,1.7061983486330212,0.7428862452507019
37,2,0,-0.18305784603250766,-1.333138661323697,0.9833460450172424
37,2,1,-0.15122169889641937,-1.4047699923798957,0.978635847568512
37,2,2,-0.13530362532837523,-1.4047699923798957,0.9809117317199708
37,2,3,-0.11142651497630902,-1.4127290291639178,0.9794511198997498
37,2,4,-0.15918073568044144,-1.4047699923798957,0.9781894683837892
37,2,5,-0.15918073568044144,-1.4127290291639178,0.9794438481330872
37,2,6,-0.15122169889641937,-1.4127290291639178,0.9781168699264526
37,2,7,-0.05571325748815451,-1.3729338452438076,0.9684880971908568
37,2,8,-0.11142651497630902,-1.3808928820278297,0.9727678298950196
37,2,9,-0.15122169889641937,-1.2694663670515205,0.9681963324546814
37,2,10,-0.1750988092484856,-1.2774254038355426,0.9722636342048644
37,2,11,0.06367229427217658,-1.0068181531787923,0.9933573007583618
37,2,12,-0.15918073568044144,-0.9909000796107481,0.9968284368515016
37,2,13,0.07163133105619865,-0.4974397990013795,0.5517461895942688
37,2,14,-0.13530362532837523,-0.4894807622173575,0.4920467734336853
37,2,15,-0.31040243457686084,-0.6884566818179093,0.5528990030288696
37,2,16,-0.31040243457686084,-0.6486614978977989,0.5582577586174011
37,2,17,-0.39795183920110366,-0.7123337921699755,0.555354118347168
37,2,18,-0.4059108759851257,-0.6964157186019314,0.5530240535736084
37,2,19,-0.4059108759851257,-0.760088012874108,0.5545212626457214
37,2,20,-0.42182894955316985,-0.7362109025220417,0.5533437728881836
37,2,21,-0.38203376563305946,-0.7521289760900859,0.5478053092956543
37,2,22,-0.3661156920650153,-0.7202928289539976,0.5389479398727417
37,2,23,0.10346747819228695,-0.003979518392011036,0.9892688393592834
37,2,24,-0.10346747819228695,0.003979518392011036,0.9906727075576782
37,2,25,0.13530362532837523,0.7839651232261742,0.6784129738807678
37,2,26,-0.06367229427217658,0.7998831967942183,0.7165440320968628
37,2,27,0.22285302995261805,1.4923193970041386,0.6933342814445496
37,2,28,0.13530362532837523,1.4843603602201165,0.7254077196121216
37,2,29,0.3183614713608829,1.6276230223325139,0.6941721439361572
37,2,30,0.2546891770887063,1.6117049487644697,0.7178815603256226
37,2,31,-0.05571325748815451,1.7231314637407786,0.7411035299301147
37,2,32,-0.06367229427217658,1.7310905005248007,0.7509179711341858
38,1,0,0.15076397763477198,-1.313233594660777,0.9848944544792176
38,1,1,0.1428290314434682,-1.3925830565738149,0.980648159980774
38,1,2,0.16663387001737956,-1.4005180027651187,0.9826635122299194
38,1,3,0.19043870859129092,-1.4005180027651187,0.9813964366912842
38,1,4,0.12695913906086062,-1.3925830565738149,0.9802578687667848
38,1,5,0.1348940852521644,-1.4005180027651187,0.9813570976257324
38,1,6,0.1428290314434682,-1.4084529489564224,0.9802002906799316
38,1,7,0.15076397763477198,-1.3767131641912074,0.9713945984840392
38,1,8,0.11902419286955683,-1.384648110382511,0.9754015803337096
38,1,9,0.12695913906086062,-1.2576889713216506,0.9712361097335817
38,1,10,0.09521935429564546,-1.2576889713216506,0.974956214427948
38,1,11,0.11902419286955683,-0.9879008008173217,0.9938814640045166
38,1,12,-0.07934946191303789,-1.0117056393912331,0.9971326589584352
38,1,13,0.1428290314434682,-0.4959341369564868,0.5108704566955566
38,1,14,0.007934946191303789,-0.5038690831477906,0.541587233543396
38,1,15,0.39674730956518944,-0.6943077917390815,0.5364645719528198
38,1,16,0.3570725786086705,-0.7577873612695118,0.600044846534729
38,1,17,0.5316413948173538,-0.749852415078208,0.5427375435829163
38,1,18,0.4840317176695311,-0.7974620922260307,0.5933881998062134
38,1,19,0.5316413948173538,-0.8053970384173346,0.5418336987495422
38,1,20,0.4681618252869235,-0.8530067155651573,0.5932202935218811
38,1,21,0.45229193290431596,-0.7974620922260307,0.5352619290351868
38,1,22,0.4284870943304046,-0.8450717693738535,0.5776583552360535
38,1,23,0.05554462333912652,0.011902419286955682,0.9895585179328918
38,1,24,-0.05554462333912652,-0.011902419286955682,0.9908016920089722
38,1,25,0.2142435471652023,0.8371368231825497,0.6471760869026184
38,1,26,0.08728440810434167,0.860941661756461,0.7347283959388733
38,1,27,-0.039674730956518946,1.5195421956346755,0.6715136170387268
38,1,28,-0.10315430048694925,1.6385663885042323,0.7372617125511169
38,1,29,-0.17456881620868334,1.6703061732694475,0.6759588122367859
38,1,30,-0.22217849335650608,1.7496556351824855,0.7237151265144348
38,1,31,0.1348940852521644,1.7417206889911816,0.7282202243804932
38,1,32,0.1428290314434682,1.8766147742433459,0.761577308177948
38,2,0,-0.19170742968165988,-1.3174787188760881,0.9863914251327516
38,2,1,-0.14276085189059778,-1.3908985855626812,0.9825685620307922
38,2,2,-0.12644532596024374,-1.3990563485278582,0.9843803644180298
38,2,3,-0.11012980002988972,-1.3990563485278582,0.983243763446808
38,2,4,-0.16723414078612883,-1.3908985855626812,0.982215166091919
38,2,5,-0.15907637782095183,-1.3990563485278582,0.983199656009674
38,2,6,-0.1509186148557748,-1.4072141114930352,0.9821626543998718
38,2,7,-0.08565651113435867,-1.3745830596323272,0.9742424488067628
38,2,8,-0.13460308892542078,-1.3827408225975042,0.9778319001197816
38,2,9,-0.1509186148557748,-1.260374378119849,0.974087417125702
38,2,10,-0.18354966671648287,-1.260374378119849,0.9774014353752136
38,2,11,0.08565651113435867,-1.0156414891645384,0.9944883584976196
38,2,12,-0.15907637782095183,-0.9830104373038304,0.997333824634552
38,2,13,0.13460308892542078,-0.5588067631146256,0.5584269165992737
38,2,14,-0.24065400747272198,-0.48538689642803245,0.5087745785713196
38,2,15,-0.14276085189059778,-0.8035396520699362,0.5811435580253601
38,2,16,-0.32223163712449215,-0.746435311313697,0.5908331871032715
38,2,17,-0.24065400747272198,-0.8606439928261752,0.5851263999938965
38,2,18,-0.38749374084590826,-0.795381889104759,0.5829892158508301
38,2,19,-0.23249624450754497,-0.9095905706172374,0.5838931798934937
38,2,20,-0.37933597788073126,-0.8361707039306442,0.5813847780227661
38,2,21,-0.21618071857719093,-0.8932750446868832,0.5761765837669373
38,2,22,-0.35486268898520024,-0.8280129409654672,0.5666310787200928
38,2,23,0.11012980002988972,-0.0040788814825885086,0.9905269145965576
38,2,24,-0.11012980002988972,0.0040788814825885086,0.9915910363197328
38,2,25,0.13460308892542078,0.8688017557913522,0.6736092567443848
38,2,26,-0.06934098520400464,0.8443284668958212,0.6983602643013
38,2,27,0.21618071857719093,1.5866848967269296,0.6904234886169434
38,2,28,0.17539190375130584,1.5295805559706905,0.7115482687950134
38,2,29,0.3059161111941381,1.725366867134939,0.677219808101654
38,2,30,0.26512729636825305,1.692735815274231,0.699081540107727
38,2,31,-0.02039440741294254,1.8885221264384793,0.7413619756698608
38,2,32,-0.053025459273650606,1.8722066005081253,0.7480261921882629
39,1,0,0.15720642430105194,-1.265511715623468,0.9877158403396606
39,1,1,0.14148578187094674,-1.344114927773994,0.9842774868011476
39,1,2,0.14934610308599933,-1.344114927773994,0.9859004020690918
39,1,3,0.15720642430105194,-1.3519752489890466,0.9848902225494384
39,1,4,0.12576513944084156,-1.3519752489890466,0.9839577078819276
39,1,5,0.11790481822578895,-1.3519752489890466,0.9848346710205078
39,1,6,0.11004449701073636,-1.3598355702040992,0.9839081168174744
39,1,7,0.15720642430105194,-1.344114927773994,0.9767759442329408
39,1,8,0.10218417579568376,-1.3519752489890466,0.9800134301185608
39,1,9,0.14934610308599933,-1.2104894671181,0.9766333103179932
39,1,10,0.12576513944084156,-1.2262101095482052,0.979626715183258
39,1,11,0.18864770916126233,-0.974679830666522,0.994989573955536
39,1,12,-0.07074289093547337,-1.0218417579568375,0.997585117816925
39,1,13,0.2593906000967357,-0.5266415214085239,0.5362597703933716
39,1,14,-0.039301606075262986,-0.5345018426235766,0.5569150447845459
39,1,15,0.4323176668278928,-0.7624511578601019,0.6057804226875305
39,1,16,0.2751112425268409,-0.8253337275805227,0.6310623288154602
39,1,17,0.5502224850536818,-0.8017527639353649,0.6085934042930603
39,1,18,0.38515573953757726,-0.8882162973009434,0.6233477592468262
39,1,19,0.5502224850536818,-0.8410543700106279,0.6074055433273315
39,1,20,0.3694350971074721,-0.9510988670213643,0.6217140555381775
39,1,21,0.487339915333261,-0.8410543700106279,0.5982357859611511
39,1,22,0.33799381224726166,-0.935378224591259,0.6074339151382446
39,1,23,0.08646353336557856,0.0,0.9911546111106871
39,1,24,-0.08646353336557856,0.0,0.9920504689216614
39,1,25,0.29869220617199865,0.8253337275805227,0.6399580240249634
39,1,26,0.0,0.8331940487955752,0.7049161791801453
39,1,27,-0.007860321215052597,1.5091816732900987,0.6477484107017517
39,1,28,-0.07074289093547337,1.6113658490857823,0.7051919102668762
39,1,29,-0.14148578187094674,1.6428071339459926,0.6439889073371887
39,1,30,-0.20436835159136751,1.752851630956729,0.6928591728210449
39,1,31,0.11004449701073636,1.7607119521717818,0.7064501643180847
39,1,32,0.14148578187094674,1.8786167703975707,0.7400844097137451
39,2,0,-0.2013122617218196,-1.314692321448618,0.9888673424720764
39,2,1,-0.15201129966749644,-1.3804269375210487,0.9857436418533324
39,2,2,-0.1355776456493887,-1.3886437645301026,0.9871956706047058
39,2,3,-0.11914399163128099,-1.3886437645301026,0.9863075613975524
39,2,4,-0.17666178069465802,-1.3886437645301026,0.9854533076286316
39,2,5,-0.17666178069465802,-1.3968605915391565,0.9862220883369446
39,2,6,-0.17666178069465802,-1.3968605915391565,0.9854074716567992
39,2,7,-0.06984302957695782,-1.3804269375210487,0.9789931774139404
39,2,8,-0.12736081864033486,-1.3886437645301026,0.9817925691604614
39,2,9,-0.1602281266765503,-1.2489577053761869,0.9787986874580384
39,2,10,-0.19309543471276575,-1.2653913593942947,0.9812631607055664
39,2,11,0.08627668359506555,-1.010669722113625,0.9954690337181092
39,2,12,-0.2013122617218196,-0.9860192410864633,0.997528076171875
39,2,13,0.19309543471276575,-0.5587442366156625,0.5799694657325745
39,2,14,-0.25883005078519666,-0.5176601015703933,0.5159819722175598
39,2,15,-0.17666178069465802,-0.82989952791444,0.6409305334091187
39,2,16,-0.3738656289119507,-0.8381163549234939,0.6082778573036194
39,2,17,-0.27526370480330437,-0.8956341439868709,0.6400994062423706
39,2,18,-0.4396002449843816,-0.9202846250140325,0.6012428402900696
39,2,19,-0.27526370480330437,-0.944935106041194,0.6380425095558167
39,2,20,-0.44781707199343546,-0.9613687600593018,0.5977832674980164
39,2,21,-0.25061322377614276,-0.9285014520230863,0.6263052821159363
39,2,22,-0.40673293694816615,-0.9367182790321402,0.5832869410514832
39,2,23,0.11914399163128099,-0.008216827009053861,0.991945505142212
39,2,24,-0.11914399163128099,0.008216827009053861,0.992653787136078
39,2,25,0.16844495368560417,0.8709836629597093,0.6686448454856873
39,2,26,-0.07805985658601168,0.8381163549234939,0.6728472113609314
39,2,27,0.21774591573992733,1.602281266765503,0.6710599660873413
39,2,28,0.16844495368560417,1.544763477702126,0.6886946558952332
39,2,29,0.3163478398485737,1.7337504989103647,0.6442117691040039
39,2,30,0.25883005078519666,1.7091000178832032,0.6730517745018005
39,2,31,-0.03697572154074238,1.8816533850733344,0.7240767478942871
39,2,32,-0.07805985658601168,1.9391711741367113,0.734947919845581
40,1,0,0.1783693103079353,-1.2684039844119843,0.9899469614028932
40,1,1,0.17044178540536037,-1.3476792334377332,0.9871374368667604
40,1,2,0.1783693103079353,-1.3476792334377332,0.9884374737739564
40,1,3,0.1783693103079353,-1.3556067583403082,0.9876506328582764
40,1,4,0.15458673560021058,-1.3476792334377332,0.9868739247322084
40,1,5,0.14665921069763568,-1.3556067583403082,0.9875568747520448
40,1,6,0.13080416089248587,-1.363534283242883,0.9868300557136536
40,1,7,0.1862968352105102,-1.3556067583403082,0.9810541272163392
40,1,8,0.11494911108733608,-1.363534283242883,0.9835801720619202
40,1,9,0.17044178540536037,-1.220838834996535,0.9808783531188964
40,1,10,0.1387316857950608,-1.2287663598991097,0.9831050038337708
40,1,11,0.1862968352105102,-0.9750855630167129,0.9958845376968384
40,1,12,-0.09116653637961136,-1.0226507124321622,0.9977622032165528
40,1,13,0.32899228345685844,-0.46772396925191917,0.5594763159751892
40,1,14,-0.05152891186673686,-0.5549267431802432,0.563644289970398
40,1,15,0.42412258228775723,-0.7927524902574902,0.6637070775032043
40,1,16,0.2576445593336843,-0.8482451645755145,0.6469248533248901
40,1,17,0.5351079309238058,-0.8323901147703646,0.6617739796638489
40,1,18,0.3765574328723078,-0.9116653637961136,0.6400004029273987
40,1,19,0.527180406021231,-0.879955264185814,0.6598283052444458
40,1,20,0.360702383067158,-0.9750855630167129,0.6367143988609314
40,1,21,0.47168773170320666,-0.8720277392832392,0.6474097371101379
40,1,22,0.3210647585542835,-0.959230513211563,0.6227151155471802
40,1,23,0.09909406128218627,0.015855049805149804,0.9924721717834472
40,1,24,-0.09909406128218627,-0.015855049805149804,0.9930569529533386
40,1,25,0.281427134041409,0.8323901147703646,0.6414709091186523
40,1,26,-0.035673862061587056,0.8323901147703646,0.6865684986114502
40,1,27,-0.027746337159012154,1.530012306196956,0.638308048248291
40,1,28,-0.09116653637961136,1.6251426050278548,0.6912847757339478
40,1,29,-0.17044178540536037,1.6489251797355795,0.6208809614181519
40,1,30,-0.2259344597233847,1.767838053274203,0.6724333763122559
40,1,31,0.09909406128218627,1.7916206279819278,0.7006415128707886
40,1,32,0.12287663598991097,1.9105335015205513,0.7355431914329529
40,2,0,-0.20948576542309405,-1.3281397527824164,0.990843951702118
40,2,1,-0.15082975110462774,-1.3951751977178064,0.9882746934890748
40,2,2,-0.1340708898707802,-1.3951751977178064,0.9894312620162964
40,2,3,-0.11731202863693267,-1.3951751977178064,0.9887545108795166
40,2,4,-0.175968042955399,-1.3951751977178064,0.9880294799804688
40,2,5,-0.18434747357232278,-1.4035546283347302,0.988612174987793
40,2,6,-0.175968042955399,-1.411934058951654,0.9879855513572692
40,2,7,-0.0670354449353901,-1.3951751977178064,0.982803225517273
40,2,8,-0.1340708898707802,-1.3951751977178064,0.9849058389663696
40,2,9,-0.16758861233847525,-1.2611043078470263,0.9825655817985536
40,2,10,-0.20948576542309405,-1.2778631690808737,0.9842491149902344
40,2,11,0.08379430616923762,-1.0181008199562371,0.99627023935318
40,2,12,-0.23462405727386534,-0.9762036668716183,0.9976098537445068
40,2,13,0.2011063348061703,-0.5320938441746589,0.600822389125824
40,2,14,-0.25976234912463664,-0.5320938441746589,0.5196890234947205
40,2,15,-0.21786519604001783,-0.8337533463839143,0.6928258538246155
40,2,16,-0.4022126696123406,-0.8505122076177619,0.6166740655899048
40,2,17,-0.32679779406002674,-0.9007887913193044,0.687450110912323
40,2,18,-0.47762754516465444,-0.9259270831700758,0.6109119057655334
40,2,19,-0.32679779406002674,-0.951065375020847,0.6846773624420166
40,2,20,-0.47762754516465444,-0.9678242362546945,0.6062448024749756
40,2,21,-0.29328007159233166,-0.9259270831700758,0.6699872016906738
40,2,22,-0.4441098226969594,-0.9426859444039233,0.5924716591835022
40,2,23,0.12569145925385644,-0.004189715308461881,0.993113934993744
40,2,24,-0.12569145925385644,0.004189715308461881,0.9935242533683776
40,2,25,0.16758861233847525,0.9007887913193044,0.6684287190437317
40,2,26,-0.08379430616923762,0.8505122076177619,0.6516203284263611
40,2,27,0.21786519604001783,1.6465581162255194,0.6600168943405151
40,2,28,0.16758861233847525,1.546004948822434,0.6728914976119995
40,2,29,0.3100389328261792,1.7806290060962995,0.6206152439117432
40,2,30,0.25976234912463664,1.7135935611609094,0.6533952951431274
40,2,31,-0.04189715308461881,1.9314587572009272,0.7165238261222839
40,2,32,-0.08379430616923762,1.9649764796686222,0.7278276085853577
41,1,0,0.2083855692453847,-1.29525932256445,0.9916782975196838
41,1,1,0.19204160303006043,-1.3606351874257472,0.9893736243247986
41,1,2,0.19204160303006043,-1.3688071705334093,0.9904071092605592
41,1,3,0.19204160303006043,-1.3688071705334093,0.9898234605789183
41,1,4,0.17569763681473613,-1.3688071705334093,0.9891431927680968
41,1,5,0.15935367059941183,-1.3769791536410716,0.98964262008667
41,1,6,0.15118168749174968,-1.3851511367487337,0.9890915751457214
41,1,7,0.15935367059941183,-1.3769791536410716,0.9844237565994264
41,1,8,0.09397780573811468,-1.3769791536410716,0.986324906349182
41,1,9,0.19204160303006043,-1.238055440810815,0.9842095971107484
41,1,10,0.17569763681473613,-1.2543994070261393,0.9857351183891296
41,1,11,0.2655894509990197,-0.9847239644732886,0.9965864419937134
41,1,12,-0.11032177195343897,-1.0092399137962749,0.9978191256523132
41,1,13,0.36365324829096546,-0.5434368766595327,0.5767490267753601
41,1,14,-0.03677392398447966,-0.5516088597671949,0.5663103461265564
41,1,15,0.4208571300446005,-0.7885963698893971,0.7104663848876953
41,1,16,0.27376143410668186,-0.8866601671813428,0.6543092131614685
41,1,17,0.5352648935518706,-0.8212843023200456,0.7047280669212341
41,1,18,0.3554812651833033,-1.0255838800115993,0.6485089063644409
41,1,19,0.5352648935518706,-0.8539722347506942,0.7023948431015015
41,1,20,0.32279333275265476,-1.0909597448728965,0.6441298723220825
41,1,21,0.4780610117982355,-0.8458002516430321,0.6877598762512207
41,1,22,0.30644936653733046,-1.0419278462269235,0.6306691765785217
41,1,23,0.12666573816876325,0.004085991553831073,0.9934797286987304
41,1,24,-0.12666573816876325,-0.004085991553831073,0.99372136592865
41,1,25,0.16752565370707398,0.8784881840736807,0.6370055079460144
41,1,26,-0.0449459070921418,0.8376282685353699,0.6639267206192017
41,1,27,-0.02860194087681751,1.5976226975479495,0.6244248151779175
41,1,28,-0.0449459070921418,1.630310629978598,0.6647621989250183
41,1,29,-0.17569763681473613,1.7528903765935302,0.5969405770301819
41,1,30,-0.19204160303006043,1.8100942583471653,0.6416527032852173
41,1,31,0.1184937550611011,1.859126156993138,0.6858627200126648
41,1,32,0.12666573816876325,1.9326740049620974,0.7143007516860962
41,2,0,-0.2507214267395756,-1.3497170139480488,0.9923117756843568
41,2,1,-0.1922197605003413,-1.4082186801872831,0.9901618957519532
41,2,2,-0.17550499871770292,-1.4082186801872831,0.9910748600959778
41,2,3,-0.15879023693506455,-1.4165760610786022,0.990598440170288
41,2,4,-0.21729190317429886,-1.4165760610786022,0.989916741847992
41,2,5,-0.21729190317429886,-1.4165760610786022,0.9903159141540528
41,2,6,-0.21729190317429886,-1.4249334419699213,0.9898713231086732
41,2,7,-0.10028857069583025,-1.3915039184046447,0.9857456684112548
41,2,8,-0.15879023693506455,-1.3998612992959638,0.9870954751968384
41,2,9,-0.21729190317429886,-1.274500585926176,0.9854643940925598
41,2,10,-0.2507214267395756,-1.2828579668174953,0.9862719774246216
41,2,11,0.058501666239234314,-1.0070643974039621,0.9968774914741516
41,2,12,-0.267436188522214,-0.9819922547300045,0.9974278807640076
41,2,13,0.15879023693506455,-0.5306936865987684,0.6165235042572021
41,2,14,-0.30086571208749074,-0.5390510674900876,0.5255749225616455
41,2,15,-0.2841509503048524,-0.8148446369036207,0.7349640727043152
41,2,16,-0.49308547258783203,-0.9234905884907701,0.6333755254745483
41,2,17,-0.3927969018920018,-0.8984184458168126,0.7259169220924377
41,2,18,-0.5683019006097048,-1.0070643974039621,0.6273918151855469
41,2,19,-0.3760821401093634,-0.956920112056047,0.722739577293396
41,2,20,-0.5599445197183855,-1.0739234445345156,0.6214247345924377
41,2,21,-0.3426526165440867,-0.9318479693820894,0.7058138847351074
41,2,22,-0.5181576152617896,-1.0404939209692388,0.6080317497253418
41,2,23,0.133718094261107,-0.012536071336978781,0.9938945174217224
41,2,24,-0.133718094261107,0.012536071336978781,0.9939737319946288
41,2,25,0.10028857069583025,0.8984184458168126,0.6657781004905701
41,2,26,-0.16714761782638374,0.8399167795775784,0.6409454941749573
41,2,27,0.22564928406561804,1.633867964252901,0.6480795741081238
41,2,28,0.1420754751524262,1.5085072508831132,0.65296870470047
41,2,29,0.3259378547614483,1.7759434394053273,0.597452700138092
41,2,30,0.24236404584825644,1.6589401069268588,0.6287853717803955
41,2,31,-0.025072142673957562,1.9096615336664342,0.7021109461784363
41,2,32,-0.0668590471305535,1.8678746292098383,0.7066877484321594
42,1,0,0.2298907911603368,-1.317766856472645,0.9929631948471068
42,1,1,0.22168040576175335,-1.3834499396613127,0.9910148978233336
42,1,2,0.22168040576175335,-1.3834499396613127,0.9918118715286256
42,1,3,0.2298907911603368,-1.3834499396613127,0.9914209246635436
42,1,4,0.20525963496458643,-1.391660325059896,0.990799844264984
42,1,5,0.18883886416741952,-1.391660325059896,0.9911261200904846
42,1,6,0.18062847876883606,-1.3998707104584796,0.9907465577125548
42,1,7,0.18883886416741952,-1.3752395542627291,0.98696106672287
42,1,8,0.1149453955801684,-1.3752395542627291,0.9882134795188904
42,1,9,0.2134700203631699,-1.2520837732839774,0.986700713634491
42,1,10,0.18883886416741952,-1.2685045440811442,0.9874956011772156
42,1,11,0.14778693717450223,-0.9975618259278901,0.997001588344574
42,1,12,-0.008210385398583457,-0.9975618259278901,0.9976255893707277
42,1,13,0.3284154159433383,-0.5459906290058,0.5850698947906494
42,1,14,-0.016420770797166914,-0.5377802436072164,0.5709642767906189
42,1,15,0.4515711969220902,-0.8087229617604705,0.7383946180343628
42,1,16,0.3530465721390887,-0.8990372011448886,0.6682972311973572
42,1,17,0.5829373632994255,-0.8415645033548044,0.7304630875587463
42,1,18,0.47620235311784054,-0.9647202843335563,0.661978006362915
42,1,19,0.5665165925022586,-0.8826164303477216,0.7271749377250671
42,1,20,0.4597815823206736,-1.030403367522224,0.6563704609870911
42,1,21,0.5172542801107578,-0.8744060449491382,0.7103031873703003
42,1,22,0.41872965532775636,-1.0057722113264735,0.6428118348121643
42,1,23,0.03284154159433383,-0.012315578097875186,0.9938908219337464
42,1,24,-0.03284154159433383,0.012315578097875186,0.9939078092575072
42,1,25,0.08210385398583457,0.8497748887533878,0.6358152031898499
42,1,26,0.03284154159433383,0.8333541179562209,0.658645749092102
42,1,27,-0.07389346858725111,1.588709574625899,0.6215111017227173
42,1,28,-0.049262312391500744,1.6297615016188163,0.6543124914169312
42,1,29,-0.1724180933702526,1.7447068971989848,0.5831450819969177
42,1,30,-0.16420770797166914,1.8021795949890689,0.6301156282424927
42,1,31,0.18883886416741952,1.8514419073805697,0.6785760521888733
42,1,32,0.18062847876883606,1.9007042197720705,0.6993919610977173
42,2,0,-0.33014825350647226,-1.3456675649251146,0.9936290383338928
42,2,1,-0.27164096807494553,-1.4125330339897166,0.9918765425682068
42,2,2,-0.24656641717571978,-1.4125330339897166,0.9925915598869324
42,2,3,-0.22985004990956928,-1.4125330339897166,0.992245614528656
42,2,4,-0.29671551897417126,-1.420891217622792,0.9916689991950988
42,2,5,-0.29671551897417126,-1.420891217622792,0.9919528365135192
42,2,6,-0.29671551897417126,-1.4292494012558672,0.9916163086891174
42,2,7,-0.13791002994574156,-1.3791002994574157,0.98824143409729
42,2,8,-0.20477549901034353,-1.395816666723566,0.9893059134483336
42,2,9,-0.29671551897417126,-1.2704439122274374,0.988000214099884
42,2,10,-0.321790069873397,-1.287160279493588,0.9886546730995178
42,2,11,-0.020895459082688115,-1.0029820359690296,0.9972916841506958
42,2,12,-0.25492460080879503,-0.9779074850698039,0.9977399110794068
42,2,13,0.045970009981913855,-0.5182073852506652,0.6246784925460815
42,2,14,-0.25492460080879503,-0.47641646708528906,0.5234150886535645
42,2,15,-0.4053719062041495,-0.8023856287752237,0.7615256309509277
42,2,16,-0.4304464571033752,-0.6686546906460197,0.6302403211593628
42,2,17,-0.5223864770672029,-0.8859674651059761,0.7519611716270447
42,2,18,-0.48059555890182665,-0.7188037924444712,0.6276628375053406
42,2,19,-0.49731192616797715,-0.9528329341705781,0.7484526038169861
42,2,20,-0.49731192616797715,-0.9528329341705781,0.6217364072799683
42,2,21,-0.4555210080026009,-0.9277583832713524,0.7307412624359131
42,2,22,-0.4638791916356762,-0.9444747505375028,0.6099255084991455
42,2,23,0.11283547904651582,-0.008358183633075247,0.9944052696228028
42,2,24,-0.11283547904651582,0.008358183633075247,0.99427330493927
42,2,25,0.020895459082688115,0.8358183633075247,0.6628075242042542
42,2,26,-0.15462639721189206,0.7271619760775464,0.6205272674560547
42,2,27,0.20477549901034353,1.6131294411835226,0.6456674933433533
42,2,28,0.09611911178036533,1.3456675649251146,0.6217517256736755
42,2,29,0.321790069873397,1.730144012046576,0.5940654277801514
42,2,30,0.18805913174419306,1.4292494012558672,0.6065826416015625
42,2,31,-0.02925364271576336,1.897307684708081,0.6973989009857178
42,2,32,-0.03761182634883861,1.6131294411835226,0.6795991659164429
43,1,0,0.2610357564701724,-1.3091947170657878,0.9937736988067628
43,1,1,0.2449720176104695,-1.381481541934451,0.9920834302902222
43,1,2,0.23694014818061804,-1.381481541934451,0.9926645755767822
43,1,3,0.22890827875076658,-1.381481541934451,0.9925154447555542
43,1,4,0.23694014818061804,-1.3895134113643024,0.9920424222946168
43,1,5,0.22087640932091512,-1.3895134113643024,0.992221474647522
43,1,6,0.21284453989106367,-1.397545280794154,0.9920361042022704
43,1,7,0.16465332331195492,-1.3573859336448966,0.9884133338928224
43,1,8,0.13252584559254907,-1.3654178030747481,0.9899083971977234
43,1,9,0.22087640932091512,-1.2449397616269762,0.988156795501709
43,1,10,0.21284453989106367,-1.2529716310568275,0.9891451597213744
43,1,11,0.036143412434331564,-0.9959518093015809,0.9973012804985046
43,1,12,-0.020079673574628646,-1.0039836787314325,0.9979177117347716
43,1,13,0.028111543004480107,-0.5220715129403448,0.5679904222488403
43,1,14,-0.012047804144777189,-0.4738802963612361,0.5693269968032837
43,1,15,0.06023902072388594,-0.7549957264060372,0.6979846358299255
43,1,16,0.34135445076868703,-0.6907407709672255,0.6637027263641357
43,1,17,0.15662145388210344,-0.6586132932478197,0.6942049860954285
43,1,18,0.48592810050601326,-0.7309001181164828,0.6601822972297668
43,1,19,0.19678080103136075,-0.9156331150030663,0.6911818385124207
43,1,20,0.46986436164631035,-0.8995693761433634,0.6546475291252136
43,1,21,0.21284453989106367,-0.7309001181164828,0.6754424571990967
43,1,22,0.41364127563735015,-0.8995693761433634,0.6415329575538635
43,1,23,-0.09236649844329178,0.0,0.994343876838684
43,1,24,0.09236649844329178,0.0,0.993975043296814
43,1,25,-0.11646210673284615,0.7951550735552945,0.6382715106010437
43,1,26,0.07630275958358886,0.6746770321075226,0.6475921273231506
43,1,27,-0.14055771502240053,1.5983420165404403,0.6370047330856323
43,1,28,-0.0682708901537374,1.4055771502240053,0.6392892599105835
43,1,29,-0.22890827875076658,1.7429156662777665,0.5940400958061218
43,1,30,-0.17268519274180638,1.5662145388210345,0.6254428625106812
43,1,31,0.07630275958358886,1.7991387522867268,0.6911013126373291
43,1,32,0.12449397616269761,1.6224376248299948,0.6931480169296265
43,2,0,-0.37061837330764286,-1.3259901800562333,0.9943922162055968
43,2,1,-0.3047306624973952,-1.3918778908664808,0.9928717017173768
43,2,2,-0.2882587347948333,-1.3918778908664808,0.993394136428833
43,2,3,-0.2635508432409905,-1.3918778908664808,0.9932608008384703
43,2,4,-0.337674517902519,-1.4001138547177618,0.9928340911865234
43,2,5,-0.337674517902519,-1.4083498185690428,0.9929943680763244
43,2,6,-0.337674517902519,-1.4083498185690428,0.992828905582428
43,2,7,-0.18119120472818095,-1.367169999312638,0.9895689487457277
43,2,8,-0.23060698783586667,-1.3836419270151998,0.9909120798110962
43,2,9,-0.3212025901999571,-1.2518665053947047,0.9893352389335632
43,2,10,-0.35414644560508096,-1.2601024692459857,0.9902177453041076
43,2,11,-0.07412367466152857,-1.0047875898562761,0.9975663423538208
43,2,12,-0.2800227709435524,-0.9636077705998713,0.9981027245521544
43,2,13,-0.06588771081024762,-0.4859218672255762,0.6096339225769043
43,2,14,-0.21413506013330474,-0.4447420479691714,0.5302509069442749
43,2,15,-0.43650608411789044,-0.7494727104665666,0.7252357006072998
43,2,16,-0.38709030101020475,-0.40356222871276665,0.6452773213386536
43,2,17,-0.5353376503332619,-0.7906525297229714,0.7194331884384155
43,2,18,-0.47768590337429523,-0.40356222871276665,0.6438572406768799
43,2,19,-0.5023937949281381,-0.8977200597896238,0.7162158489227295
43,2,20,-0.5106297587794191,-0.5106297587794191,0.6385392546653748
43,2,21,-0.4694499395230143,-0.8318323489793762,0.6998867988586426
43,2,22,-0.47768590337429523,-0.5106297587794191,0.6268023252487183
43,2,23,0.09059560236409048,-0.008235963851280953,0.994864284992218
43,2,24,-0.09059560236409048,0.008235963851280953,0.994507908821106
43,2,25,-0.04941578310768571,0.7906525297229714,0.6670726537704468
43,2,26,-0.23060698783586667,0.7330007827640047,0.6181660890579224
43,2,27,0.19766313243074285,1.5895410232972238,0.6641439199447632
43,2,28,0.11530349391793333,1.3342261439075143,0.618448793888092
43,2,29,0.3212025901999571,1.6883725895125952,0.6176108121871948
43,2,30,0.24707891553842856,1.4742375293792904,0.6162540912628174
43,2,31,-0.04117981925640476,1.8695637942407761,0.713671088218689
43,2,32,0.016471927702561905,1.6224848787023476,0.6815509796142578
44,1,0,0.2626960605722321,-1.2816383561251323,0.9947569966316224
44,1,1,0.24677508720421804,-1.3532827362811957,0.9934423565864564
44,1,2,0.238814600520211,-1.3532827362811957,0.9938885569572448
44,1,3,0.238814600520211,-1.3612432229652027,0.993800401687622
44,1,4,0.238814600520211,-1.3612432229652027,0.993403971195221
44,1,5,0.23085411383620397,-1.3692037096492098,0.9935082197189332
44,1,6,0.2149331404681899,-1.3692037096492098,0.9933983087539672
44,1,7,0.17513070704815473,-1.3373617629131815,0.9903423190116882
44,1,8,0.15124924699613362,-1.3453222495971886,0.9917374849319458
44,1,9,0.22289362715219693,-1.217954462653076,0.9901983737945556
44,1,10,0.2149331404681899,-1.2259149493370831,0.9910809993743896
44,1,11,0.07960486684007033,-0.9871003488168721,0.9976523518562316
44,1,12,0.007960486684007033,-1.0109818088688933,0.9982770085334778
44,1,13,0.07960486684007033,-0.5015106610924431,0.5561145544052124
44,1,14,0.05572340678804923,-0.45374774098840087,0.5760889649391174
44,1,15,0.23085411383620397,-0.7403252616126541,0.6812964081764221
44,1,16,0.3184194673602813,-0.5333526078284713,0.6784890294075012
44,1,17,0.34230092741230245,-0.7801276950326893,0.6849778294563293
44,1,18,0.44578725430439387,-0.5333526078284713,0.675741970539093
44,1,19,0.3661823874643235,-0.8597325618727596,0.6824104189872742
44,1,20,0.4298662809363798,-0.5492735811964853,0.6707428693771362
44,1,21,0.29453800730826024,-0.8199301284527244,0.6685615181922913
44,1,22,0.3821033608323376,-0.5811155279325134,0.6580088138580322
44,1,23,0.015920973368014065,0.0,0.994783341884613
44,1,24,-0.015920973368014065,0.0,0.994210124015808
44,1,25,0.0238814600520211,0.7721672083486822,0.6360111832618713
44,1,26,-0.03184194673602813,0.7562462349806681,0.6414403319358826
44,1,27,-0.12736778694411252,1.5204529566453433,0.6424365639686584
44,1,28,-0.13532827362811956,1.5761763634333925,0.632366955280304
44,1,29,-0.23085411383620397,1.6398602569054488,0.608567476272583
44,1,30,-0.24677508720421804,1.7115046370615121,0.6284417510032654
44,1,31,0.03184194673602813,1.7194651237455192,0.6989573240280151
44,1,32,0.1671702203641477,1.7831490172175755,0.6917577385902405
44,2,0,-0.3440165155861689,-1.318039180197611,0.995263397693634
44,2,1,-0.2859896334391043,-1.3843556169371134,0.9940814971923828
44,2,2,-0.2694105242542286,-1.3843556169371134,0.9944806098937988
44,2,3,-0.252831415069353,-1.3843556169371134,0.9944049715995787
44,2,4,-0.31085829721641767,-1.3926451715295511,0.9940428137779236
44,2,5,-0.31085829721641767,-1.3926451715295511,0.9941335320472716
44,2,6,-0.30256874262397987,-1.4009347261219889,0.994040310382843
44,2,7,-0.1616463145525372,-1.3594869531598,0.9912956953048706
44,2,8,-0.2030940875147262,-1.3677765077522377,0.9925336241722108
44,2,9,-0.30256874262397987,-1.2517227434581084,0.9911597967147828
44,2,10,-0.32743740640129326,-1.2517227434581084,0.9919288754463196
44,2,11,-0.03730299566597012,-0.9947465510925365,0.9978784918785096
44,2,12,-0.23625230588447743,-0.9864569965000988,0.998383402824402
44,2,13,-0.004144777296218902,-0.48908372095383046,0.5987902283668518
44,2,14,-0.2030940875147262,-0.422767284214328,0.5365563035011292
44,2,15,-0.3605956247710445,-0.7294808041345268,0.7106291055679321
44,2,16,-0.45178072528786034,-0.5719792668782085,0.6599464416503906
44,2,17,-0.4849389436576116,-0.7792181316891537,0.7118211984634399
44,2,18,-0.5346762712122384,-0.6134270398403976,0.6581479907035828
44,2,19,-0.46835983447273594,-0.845534568428656,0.7090098261833191
44,2,20,-0.5263867166198006,-0.6548748128025865,0.6530589461326599
44,2,21,-0.42691206151054695,-0.8289554592437804,0.6942421197891235
44,2,22,-0.4849389436576116,-0.6714539219874621,0.6416832208633423
44,2,23,0.10361943240547256,-0.01657910918487561,0.995165228843689
44,2,24,-0.10361943240547256,0.01657910918487561,0.9945572018623352
44,2,25,0.029013441073532317,0.7709285770967158,0.666701078414917
44,2,26,-0.1865149783298506,0.7957972408740293,0.6208574175834656
44,2,27,0.2030940875147262,1.5915944817480585,0.6681452989578247
44,2,28,0.09532987781303476,1.4672511628614915,0.6181832551956177
44,2,29,0.31914785180885547,1.7076482460421878,0.6189568638801575
44,2,30,0.2030940875147262,1.5750153725631828,0.6141539216041565
44,2,31,-0.012434331888656707,1.8568602287060683,0.7178107500076294
44,2,32,-0.029013441073532317,1.7490960190043767,0.6840639114379883
45,1,0,0.2784516583609402,-1.253032462624231,0.9953365325927734
45,1,1,0.26254013502602935,-1.32463431763133,0.9943280816078186
45,1,2,0.2545843733585739,-1.32463431763133,0.9946393370628356
45,1,3,0.2545843733585739,-1.3325900792987855,0.9946399331092834
45,1,4,0.2545843733585739,-1.3325900792987855,0.994295299053192
45,1,5,0.2466286116911185,-1.3325900792987855,0.9942921996116638
45,1,6,0.23071708835620763,-1.3405458409662407,0.994299590587616
45,1,7,0.182982518351475,-1.32463431763133,0.9914677739143372
45,1,8,0.1591152333491087,-1.3325900792987855,0.9930315613746644
45,1,9,0.23867285002366306,-1.1973421309520431,0.9914790391921996
45,1,10,0.23071708835620763,-1.2052978926194984,0.9924362301826476
45,1,11,0.08751337834200978,-0.9904923275982017,0.9977827072143556
45,1,12,0.023867285002366307,-1.0064038509331126,0.9985084533691406
45,1,13,0.09546914000946523,-0.521102389218331,0.5462097525596619
45,1,14,0.055690331672188044,-0.43358901087632123,0.5814816951751709
45,1,15,0.2466286116911185,-0.7279521925721724,0.6680439114570618
45,1,16,0.3341419900331283,-0.5927042442254299,0.6910214424133301
45,1,17,0.35800927503549457,-0.7915982859118158,0.6777336001396179
45,1,18,0.4693899383798707,-0.6324830525627071,0.687662661075592
45,1,19,0.35005351336803914,-0.8393328559165484,0.675262451171875
45,1,20,0.45347841504495984,-0.6802176225674397,0.6827870011329651
45,1,21,0.29436318169585113,-0.8234213325816375,0.6620236039161682
45,1,22,0.41369960670768263,-0.6961291459023505,0.6701003313064575
45,1,23,0.01591152333491087,-0.011933642501183154,0.994911015033722
45,1,24,-0.01591152333491087,0.011933642501183154,0.994096577167511
45,1,25,0.03182304666982174,0.7438637159070832,0.6305009126663208
45,1,26,0.0,0.7597752392419941,0.640507161617279
45,1,27,-0.11933642501183153,1.507616835982805,0.6420326232910156
45,1,28,-0.11933642501183153,1.5871744526573592,0.6272171139717102
45,1,29,-0.20684980335384132,1.6428647843295474,0.6040509939193726
45,1,30,-0.22276132668875218,1.7224224010041018,0.6224522590637207
45,1,31,0.07160185500709891,1.7383339243390126,0.7000216245651245
45,1,32,0.15115947168165328,1.801980017678656,0.6900917291641235
45,2,0,-0.3545826515476759,-1.2905159294700297,0.9957886338233948
45,2,1,-0.3051060024945118,-1.3564847948742484,0.9948838949203492
45,2,2,-0.2886137861434571,-1.3647309030497758,0.9951620101928712
45,2,3,-0.27212156979240243,-1.3647309030497758,0.99516499042511
45,2,4,-0.3215982188455665,-1.3647309030497758,0.9948509931564332
45,2,5,-0.3215982188455665,-1.372977011225303,0.994845449924469
45,2,6,-0.31335211067003915,-1.372977011225303,0.9948559999465942
45,2,7,-0.17316827168607427,-1.348238686698721,0.9923134446144104
45,2,8,-0.22264492073923833,-1.3564847948742484,0.9937080144882202
45,2,9,-0.31335211067003915,-1.2327931722413383,0.9923192858695984
45,2,10,-0.32984432702109384,-1.2327931722413383,0.9931631684303284
45,2,11,-0.049476649053164075,-0.9936560351510452,0.9979974031448364
45,2,12,-0.23913713709029305,-0.9854099269755179,0.9986129999160768
45,2,13,-0.016492216351054693,-0.5071356527949318,0.5900205373764038
45,2,14,-0.23089102891476568,-0.416428462864131,0.5389648675918579
45,2,15,-0.37107486789873056,-0.7297805735341701,0.6986702084541321
45,2,16,-0.46178205782953136,-0.5153817609704592,0.6652198433876038
45,2,17,-0.48652038235611345,-0.7792572225873342,0.7051821351051331
45,2,18,-0.5359970314092775,-0.6225811672523146,0.6638720631599426
45,2,19,-0.4700281660050587,-0.8369799798160257,0.7024757266044617
45,2,20,-0.5277509232337502,-0.705042249007588,0.6590198874473572
45,2,21,-0.428797625127422,-0.820487763464971,0.6881346702575684
45,2,22,-0.4782742741805861,-0.7132883571831155,0.6482260823249817
45,2,23,0.1071994062818555,-0.012369162263291019,0.9952393770217896
45,2,24,-0.1071994062818555,0.012369162263291019,0.994419813156128
45,2,25,0.024738324526582037,0.7710111144118068,0.6605391502380371
45,2,26,-0.15667605533501958,0.8039955471139163,0.6133767366409302
45,2,27,0.214398812563711,1.5791297156134867,0.6645442843437195
45,2,28,0.11544551445738284,1.513160850209268,0.6080029606819153
45,2,29,0.31335211067003915,1.702821338246397,0.6155862808227539
45,2,30,0.22264492073923833,1.6286063646666509,0.6074236631393433
45,2,31,-0.016492216351054693,1.8512512854058891,0.7153414487838745
45,2,32,-0.04123054087763673,1.8100207445282526,0.6760119795799255
46,1,0,0.2696327824585327,-1.2342345675918753,0.995643675327301
46,1,1,0.2620374928118135,-1.3025921744123483,0.9947459697723388
46,1,2,0.2544422031650943,-1.3101874640590676,0.994881510734558
46,1,3,0.24684691351837504,-1.3101874640590676,0.9950767159461976
46,1,4,0.2544422031650943,-1.3101874640590676,0.9948415160179138
46,1,5,0.24684691351837504,-1.3177827537057867,0.9947238564491272
46,1,6,0.2316563342249366,-1.325378043352506,0.994880437850952
46,1,7,0.17848930669790194,-1.3177827537057867,0.9918452501296996
46,1,8,0.1632987274044635,-1.325378043352506,0.9938077330589294
46,1,9,0.2316563342249366,-1.1810675400648405,0.9922003746032716
46,1,10,0.2316563342249366,-1.1810675400648405,0.993350088596344
46,1,11,0.1177269895241481,-0.9835900092501406,0.9979033470153807
46,1,12,-0.01898822411679808,-1.0139711678370176,0.9987203478813172
46,1,13,0.0721552516438327,-0.5354679200937059,0.537529706954956
46,1,14,-0.01898822411679808,-0.46711031327323277,0.5840619206428528
46,1,15,0.20887046528477887,-0.6342066855010559,0.6494815945625305
46,1,16,0.29241865139869044,-0.5962302372674597,0.6974369287490845
46,1,17,0.2848233617519712,-0.46711031327323277,0.6628917455673218
46,1,18,0.4063479960994789,-0.6797784233813713,0.695419192314148
46,1,19,0.3531809685724443,-0.7177548716149674,0.6611043810844421
46,1,20,0.3987527064527597,-0.7481360302018444,0.6908982396125793
46,1,21,0.2620374928118135,-0.6797784233813713,0.6487776637077332
46,1,22,0.36077625821916354,-0.7481360302018444,0.6793550252914429
46,1,23,0.0721552516438327,0.003797644823359616,0.9944767355918884
46,1,24,-0.0721552516438327,-0.003797644823359616,0.9936767220497132
46,1,25,0.2316563342249366,0.7177548716149674,0.6392524242401123
46,1,26,-0.04177409305695578,0.801303057728879,0.6352648138999939
46,1,27,-0.1177269895241481,1.3785450708795406,0.6465194821357727
46,1,28,-0.14810814811102502,1.553236732754083,0.6295763254165649
46,1,29,-0.20887046528477887,1.4924744155803291,0.609840989112854
46,1,30,-0.24684691351837504,1.6671660774548716,0.6239291429519653
46,1,31,0.02658351376351731,1.613999049927837,0.7029521465301514
46,1,32,0.0949411205839904,1.7507142635687831,0.691394567489624
46,2,0,-0.29839064339697524,-1.2810904956510136,0.9960729479789734
46,2,1,-0.25860522427737853,-1.3527042500662878,0.9952646493911744
46,2,2,-0.24269105662953985,-1.360661333890207,0.995385766029358
46,2,3,-0.22677688898170117,-1.360661333890207,0.99556303024292
46,2,4,-0.2745193919252172,-1.3527042500662878,0.9953489899635316
46,2,5,-0.2745193919252172,-1.360661333890207,0.9952402710914612
46,2,6,-0.2665623081012979,-1.360661333890207,0.9953824281692504
46,2,7,-0.1312918830946691,-1.3527042500662878,0.9926565289497375
46,2,8,-0.17903438603818514,-1.360661333890207,0.9944129586219788
46,2,9,-0.2506481404534592,-1.2253909088835782,0.9929744601249696
46,2,10,-0.2745193919252172,-1.2253909088835782,0.9939993023872375
46,2,11,0.011935625735879009,-1.010549645637756,0.998111605644226
46,2,12,-0.21881980515778182,-0.9787213103420788,0.9988239407539368
46,2,13,0.07559229632723373,-0.5410817000265151,0.583360493183136
46,2,14,-0.2108627213338625,-0.45355377796340235,0.5484246611595154
46,2,15,-0.28247647574913654,-0.7002233765049019,0.6838763356208801
46,2,16,-0.4495752360514427,-0.42968252649164435,0.6847009062767029
46,2,17,-0.40978981693184596,-0.6445237897374665,0.6952206492424011
46,2,18,-0.5132319066427974,-0.421725442667725,0.6829420924186707
46,2,19,-0.40978981693184596,-0.7320517118005793,0.6934800148010254
46,2,20,-0.5132319066427974,-0.5172104485547571,0.6792824864387512
46,2,21,-0.3700043978122493,-0.7400087956244986,0.6813150644302368
46,2,22,-0.4893606551710394,-0.5172104485547571,0.6676827073097229
46,2,23,0.10742063162291109,-0.00795708382391934,0.9949814081192015
46,2,24,-0.10742063162291109,0.00795708382391934,0.9942393898963928
46,2,25,0.1312918830946691,0.7718371309201759,0.6733075380325317
46,2,26,-0.08354938015115307,0.867322136807208,0.6395645141601562
46,2,27,0.2904335595730559,1.503888842720755,0.6790302395820618
46,2,28,0.17903438603818514,1.56754551331211,0.6517237424850464
46,2,29,0.3779614816361686,1.6073309324317067,0.6390871405601501
46,2,30,0.2745193919252172,1.6869017706709,0.6433600187301636
46,2,31,0.09150646397507241,1.7903438603818513,0.7295861840248108
46,2,32,-0.043763961031556366,1.8380863633253675,0.7109336853027344
47,1,0,0.26441761128241104,-1.2707831467602442,0.9958088994026184
47,1,1,0.2565245482590555,-1.3418207139704441,0.9950289726257324
47,1,2,0.24863148523569994,-1.3497137769937997,0.9948809146881104
47,1,3,0.24863148523569994,-1.3497137769937997,0.99531489610672
47,1,4,0.2407384222123444,-1.3497137769937997,0.9952911138534546
47,1,5,0.22495229616563328,-1.3576068400171553,0.995080292224884
47,1,6,0.2091661701189222,-1.3654999030405108,0.995421826839447
47,1,7,0.18548698104885553,-1.3576068400171553,0.9918256402015686
47,1,8,0.12234247686201108,-1.3654999030405108,0.9945963621139526
47,1,9,0.23284535918898883,-1.2155317055967554,0.992991864681244
47,1,10,0.2091661701189222,-1.223424768620111,0.9942768216133118
47,1,11,0.17759391802549995,-0.9708467518727332,0.997839331626892
47,1,12,-0.0670910356985222,-1.026098193036222,0.9989141821861268
47,1,13,0.2959898633758333,-0.584086663728311,0.543560802936554
47,1,14,-0.09077022476858887,-0.5209421595414666,0.5926579236984253
47,1,15,0.43806499779623326,-0.7182687351253554,0.6522921919822693
47,1,16,0.2407384222123444,-0.6630172939618665,0.7152023315429688
47,1,17,0.5327817540764999,-0.6788034200085776,0.6654915809631348
47,1,18,0.3591343675626777,-0.6314450418684443,0.7126238346099854
47,1,19,0.4854233759363666,-0.7656271132654887,0.6638742089271545
47,1,20,0.36702743058603327,-0.6945895460552888,0.7091163396835327
47,1,21,0.4459580608195888,-0.7656271132654887,0.6534104347229004
47,1,22,0.3275621154692555,-0.7024826090786443,0.6970484852790833
47,1,23,0.12234247686201108,0.007893063023355554,0.9948532581329346
47,1,24,-0.12234247686201108,-0.007893063023355554,0.9942232370376588
47,1,25,0.14602166593207774,0.7814132393121999,0.6314213871955872
47,1,26,-0.14602166593207774,0.8287716174523332,0.6528187990188599
47,1,27,-0.19338004407221107,1.4602166593207775,0.6492973566055298
47,1,28,-0.2723106743057666,1.610184856764533,0.6630062460899353
47,1,29,-0.2959898633758333,1.5707195416477553,0.6188615560531616
47,1,30,-0.3591343675626777,1.7443669281615775,0.6496549248695374
47,1,31,0.003946531511677777,1.697008550021444,0.7132733464241028
47,1,32,-0.003946531511677777,1.7917253063017107,0.7198045253753662
47,2,0,-0.29840889966757456,-1.294506212642436,0.9961775541305542
47,2,1,-0.2563794771791838,-1.3701591731215395,0.9954759478569032
47,2,2,-0.23956770818382747,-1.3785650576192177,0.9953404664993286
47,2,3,-0.22275593918847114,-1.3785650576192177,0.9957451820373536
47,2,4,-0.2731912461745401,-1.3785650576192177,0.995697259902954
47,2,5,-0.2731912461745401,-1.3785650576192177,0.995488464832306
47,2,6,-0.26478536167686195,-1.3785650576192177,0.9958051443099976
47,2,7,-0.13029120971401142,-1.3701591731215395,0.992607057094574
47,2,8,-0.18072651670008036,-1.3701591731215395,0.995016872882843
47,2,9,-0.24797359268150562,-1.2272591366610108,0.9936341643333436
47,2,10,-0.26478536167686195,-1.2188532521633326,0.9946914315223694
47,2,11,0.02942059574187355,-1.0087061397213788,0.9980499148368835
47,2,12,-0.20594417019311484,-0.9834884862283443,0.9988068342208862
47,2,13,0.2311618236861493,-0.5463824923490802,0.5888835191726685
47,2,14,-0.2731912461745401,-0.47913541636765494,0.546032190322876
47,2,15,-0.1975382856954367,-0.7313119512979996,0.6863297820091248
47,2,16,-0.4665265896211377,-0.5631942613444365,0.6731472611427307
47,2,17,-0.33203243765828716,-0.7229060668003214,0.697211503982544
47,2,18,-0.5085560121095285,-0.5127589543583676,0.6722970008850098
47,2,19,-0.3488442066536435,-0.7733413737863905,0.6955479383468628
47,2,20,-0.5085560121095285,-0.5968177993351491,0.669535219669342
47,2,21,-0.3068147841652527,-0.7817472582840685,0.6849730610847473
47,2,22,-0.47493247411881584,-0.6136295683305054,0.6584988832473755
47,2,23,0.11347944071865511,-0.008405884497678156,0.9952162504196168
47,2,24,-0.11347944071865511,0.008405884497678156,0.9944846630096436
47,2,25,0.1555088632070459,0.8153707962747812,0.6648982763290405
47,2,26,-0.06304413373258617,0.8489943342654938,0.6468209028244019
47,2,27,0.3824677446443561,1.6475533615449187,0.6804168820381165
47,2,28,0.2731912461745401,1.6307415925495623,0.6738237142562866
47,2,29,0.5169618966072066,1.773641629010091,0.6479822993278503
47,2,30,0.3824677446443561,1.7820475135077691,0.6587358713150024
47,2,31,0.0966676717232988,1.8829181274799072,0.7380656599998474
47,2,32,-0.07985590272794249,1.874512242982229,0.7307841181755066
48,1,0,0.3139302760398523,-1.2924142533069245,0.996210753917694
48,1,1,0.30577624289596006,-1.365800551601955,0.9954705238342284
48,1,2,0.29762220975206777,-1.365800551601955,0.995204210281372
48,1,3,0.29762220975206777,-1.3739545847458472,0.9957013726234436
48,1,4,0.28946817660817553,-1.3739545847458472,0.995814859867096
48,1,5,0.273160110320391,-1.3739545847458472,0.99556165933609
48,1,6,0.2568520440326064,-1.3821086178897395,0.9959399700164796
48,1,7,0.2160818783131451,-1.365800551601955,0.9920639991760254
48,1,8,0.16715767944979149,-1.3821086178897395,0.9952312707901
48,1,9,0.28131414346428324,-1.219027955011894,0.9936699867248536
48,1,10,0.2568520440326064,-1.2271819881557864,0.9949911832809448
48,1,11,0.24054397774482192,-0.974406960695126,0.9976649284362792
48,1,12,-0.03669314914751521,-1.0151771264145875,0.9988961219787598
48,1,13,0.38731657433488276,-0.5911674029321894,0.5424908399581909
48,1,14,-0.09377138115476108,-0.5340891709249436,0.5900751948356628
48,1,15,0.395470607478775,-0.7460940326661425,0.6492432355880737
48,1,16,0.3302383423276369,-0.7868641983856038,0.7036656141281128
48,1,17,0.4688569057738054,-0.7542480658100348,0.6624106764793396
48,1,18,0.45254883948602087,-0.8113262978172807,0.7011268734931946
48,1,19,0.45254883948602087,-0.7950182315294961,0.6600328683853149
48,1,20,0.46070287262991316,-0.8765585629684188,0.6980904936790466
48,1,21,0.4199327069104518,-0.7950182315294961,0.6499423384666443
48,1,22,0.4199327069104518,-0.8684045298245265,0.6853320598602295
48,1,23,0.07746331486697655,0.012231049715838401,0.9945040345191956
48,1,24,-0.07746331486697655,-0.012231049715838401,0.9941479563713074
48,1,25,0.17531171259368378,0.7379399995222503,0.6308874487876892
48,1,26,0.053001215435299745,0.8194803309611729,0.6677974462509155
48,1,27,-0.12638751373033016,1.4147247504653084,0.655487060546875
48,1,28,-0.2160818783131451,1.5533433139114772,0.6868553757667542
48,1,29,-0.22423591145703736,1.4962650819042311,0.6371431946754456
48,1,30,-0.3465464086154214,1.700115910501538,0.6710565090179443
48,1,31,0.06930928172308427,1.5941134796309384,0.7190392017364502
48,1,32,0.06115524857919201,1.765348175652676,0.7387434840202332
48,2,0,-0.21972793732853613,-1.2934927631415711,0.9965462684631348
48,2,1,-0.16997821566924493,-1.368117345630508,0.9958882331848145
48,2,2,-0.15339497511614786,-1.3764089659070564,0.9956448078155518
48,2,3,-0.12852011428650226,-1.3764089659070564,0.9961017966270448
48,2,4,-0.19485307649889053,-1.3764089659070564,0.9961696267127992
48,2,5,-0.19485307649889053,-1.3764089659070564,0.9959157705307008
48,2,6,-0.19485307649889053,-1.384700586183605,0.9962648153305054
48,2,7,-0.045603911521016935,-1.368117345630508,0.99282968044281
48,2,8,-0.12852011428650226,-1.3764089659070564,0.9955947995185852
48,2,9,-0.17826983594579346,-1.2271598009291829,0.9942712783813475
48,2,10,-0.2114363170519876,-1.2354514212057315,0.9954059720039368
48,2,11,0.07047877235066254,-0.994994433185824,0.9978920221328736
48,2,12,-0.15339497511614786,-1.0032860534623724,0.9987375140190125
48,2,13,0.3275190009236671,-0.5555385585287518,0.5880828499794006
48,2,14,-0.25289441843473026,-0.5472469382522032,0.5428215861320496
48,2,15,-0.1368117345630508,-0.7379542046128195,0.6838188171386719
48,2,16,-0.3938519631360553,-0.7379542046128195,0.6567354798316956
48,2,17,-0.2777692792643759,-0.7794123059955621,0.6948198676109314
48,2,18,-0.45189330507189507,-0.7711206857190136,0.6552608609199524
48,2,19,-0.2860608995409244,-0.8208704073783047,0.6925178170204163
48,2,20,-0.435310064518798,-0.8374536479314019,0.6521658301353455
48,2,21,-0.24460279815818173,-0.8042871668252077,0.6826035976409912
48,2,22,-0.40214358341260387,-0.8374536479314019,0.6406864523887634
48,2,23,0.05389553179756547,0.008291620276548534,0.9947910308837892
48,2,24,-0.05389553179756547,-0.008291620276548534,0.9939526319503784
48,2,25,0.020729050691371334,0.7628290654424651,0.6632493138313293
48,2,26,0.0373122912444684,0.7877039262721106,0.6489006280899048
48,2,27,0.36897710230640973,1.4842000295021875,0.6840505003929138
48,2,28,0.31922738064711853,1.4676167889490903,0.6818246245384216
48,2,29,0.5099346470077348,1.6002827133738668,0.6684432029724121
48,2,30,0.4436016847953465,1.6251575742035125,0.6790075898170471
48,2,31,0.0870620129037596,1.6749072958628037,0.7411261200904846
48,2,32,0.045603911521016935,1.6749072958628037,0.7362528443336487
49,1,0,0.39730525563489716,-1.2829648879876887,0.9965212345123292
49,1,1,0.38075086998344315,-1.357459623419232,0.9957537055015564
49,1,2,0.38075086998344315,-1.365736816244959,0.9954615235328674
49,1,3,0.3724736771577161,-1.365736816244959,0.9960618615150452
49,1,4,0.3641964843319891,-1.365736816244959,0.9961568117141724
49,1,5,0.35591929150626206,-1.374014009070686,0.99583500623703
49,1,6,0.339364905854808,-1.374014009070686,0.9962320327758788
49,1,7,0.28142455607471883,-1.357459623419232,0.9925729036331176
49,1,8,0.23176139912035668,-1.374014009070686,0.9955702424049376
49,1,9,0.35591929150626206,-1.2167473453818727,0.9941092133522034
49,1,10,0.339364905854808,-1.2250245382075997,0.995510756969452
49,1,11,0.23176139912035668,-0.9767087534357889,0.99783593416214
49,1,12,0.0,-1.009817524738697,0.9988275170326232
49,1,13,0.4138596412863512,-0.48835437671789445,0.5478166341781616
49,1,14,-0.05794034978008917,-0.5380175336722566,0.5873046517372131
49,1,15,0.42213683411207825,-0.670452618883889,0.6672616600990295
49,1,16,0.39730525563489716,-0.8442736682241565,0.6895679831504822
49,1,17,0.46352279824071335,-0.670452618883889,0.6800193786621094
49,1,18,0.5131859551950755,-0.9270455964814267,0.687089204788208
49,1,19,0.4552456054149864,-0.7118385830125241,0.6772060394287109
49,1,20,0.5131859551950755,-0.993263139087243,0.6840054988861084
49,1,21,0.42213683411207825,-0.7283929686639782,0.6656845808029175
49,1,22,0.4717999910664404,-0.9767087534357889,0.671636164188385
49,1,23,0.09104912108299727,0.008277192825727024,0.9932891130447388
49,1,24,-0.09104912108299727,-0.008277192825727024,0.9928051829338074
49,1,25,0.28970174890044587,0.7366701614897052,0.6309759020805359
49,1,26,0.22348420629462967,0.7532245471411593,0.6714630126953125
49,1,27,-0.0662175426058162,1.3077964664648698,0.6478403806686401
49,1,28,-0.12415789238590537,1.4898947086308645,0.6937277317047119
49,1,29,-0.19037543499172158,1.4071227803735942,0.6413410902023315
49,1,30,-0.2648701704232648,1.6223297938424968,0.6922715902328491
49,1,31,0.0331087713029081,1.4816175158051375,0.709218442440033
49,1,32,0.15726666368881348,1.688547336448313,0.7440202236175537
49,2,0,-0.3008123533787918,-1.3388268122211016,0.996820867061615
49,2,1,-0.24997082886406644,-1.4235626864123105,0.9961349368095398
49,2,2,-0.23302365402582464,-1.4235626864123105,0.9958704710006714
49,2,3,-0.21607647918758285,-1.4235626864123105,0.9964187145233154
49,2,4,-0.2584444162831873,-1.4235626864123105,0.9964710474014282
49,2,5,-0.24997082886406644,-1.4235626864123105,0.9961735606193542
49,2,6,-0.24149724144494555,-1.4320362738314314,0.9965399503707886
49,2,7,-0.1143934301581321,-1.398141924154948,0.9932726621627808
49,2,8,-0.13981419241549478,-1.4066155115740688,0.9959068894386292
49,2,9,-0.2584444162831873,-1.2625645254490137,0.99464613199234
49,2,10,-0.27539159112142914,-1.2625645254490137,0.995805323123932
49,2,11,-0.021183968547802242,-0.9998833154562657,0.9980428218841552
49,2,12,-0.16523495467285748,-0.9914097280371449,0.9988121390342712
49,2,13,0.19065571693022015,-0.4829944828898911,0.592544436454773
49,2,14,-0.17370854209197836,-0.4406265457942866,0.538460910320282
49,2,15,-0.2669180037023082,-0.6863605809487926,0.6995749473571777
49,2,16,-0.4279161646656053,-0.41520578353692394,0.6506180763244629
49,2,17,-0.40249540240824255,-0.7541492803017598,0.7099794149398804
49,2,18,-0.49570486401857244,-0.3897850212795612,0.6533927917480469
49,2,19,-0.3940218149891217,-0.7880436299782434,0.7072270512580872
49,2,20,-0.5041784514376934,-0.4745208954707702,0.6508563160896301
49,2,21,-0.3431802904743963,-0.7626228677208806,0.6954536437988281
49,2,22,-0.4787576891803306,-0.5168888325663746,0.6391130089759827
49,2,23,0.06355190564340672,0.008473587419120897,0.9937930703163148
49,2,24,-0.06355190564340672,-0.008473587419120897,0.9931628108024596
49,2,25,-0.04660473080516493,0.7541492803017598,0.6654800176620483
49,2,26,-0.1059198427390112,0.7372021054635179,0.6723309755325317
49,2,27,0.2669180037023082,1.389668336735827,0.681196928024292
49,2,28,0.08049908048164851,1.2879852877063762,0.7047390937805176
49,2,29,0.40249540240824255,1.5082985606035195,0.6743851900100708
49,2,30,0.19065571693022015,1.4066155115740688,0.7051547765731812
49,2,31,0.04660473080516493,1.6015080222138494,0.7362110614776611
49,2,32,-0.1059198427390112,1.5676136725373657,0.7539755702018738
50,1,0,0.4067029952062609,-1.3048387762867537,0.9967912435531616
50,1,1,0.3897570370726667,-1.3895685669547246,0.9960219264030457
50,1,2,0.3897570370726667,-1.3895685669547246,0.9957432746887208
50,1,3,0.3897570370726667,-1.3895685669547246,0.9963732957839966
50,1,4,0.38128405800586956,-1.3980415460215219,0.9964469075202942
50,1,5,0.3643380998722754,-1.3980415460215219,0.9960965514183044
50,1,6,0.34739214173868116,-1.3980415460215219,0.9965160489082336
50,1,7,0.31350022547149275,-1.3810955878879276,0.9931274056434632
50,1,8,0.25418937200391306,-1.3980415460215219,0.995794117450714
50,1,9,0.3728110789390725,-1.2285819646855798,0.994256317615509
50,1,10,0.3558651208054783,-1.245527922819174,0.995745837688446
50,1,11,0.25418937200391306,-0.9743925926816667,0.9977531433105468
50,1,12,0.008472979066797101,-1.0082845089488552,0.998865008354187
50,1,13,0.32197320453828987,-0.5083787440078261,0.5460988283157349
50,1,14,0.016945958133594202,-0.4744868277406377,0.5827922224998474
50,1,15,0.4405949114734493,-0.6524193881433769,0.6645350456237793
50,1,16,0.4575408696070435,-0.838824927612913,0.6827694773674011
50,1,17,0.48295980680743483,-0.660892367210174,0.676713228225708
50,1,18,0.5676895974754058,-0.9405006764144783,0.6835588812828064
50,1,19,0.48295980680743483,-0.7032572625441594,0.6733126044273376
50,1,20,0.5507436393418116,-0.9913385508152609,0.6808175444602966
50,1,21,0.4660138486738406,-0.7117302416109565,0.6606589555740356
50,1,22,0.5168517230746232,-0.9743925926816667,0.6674985885620117
50,1,23,0.09320276973476813,0.008472979066797101,0.9923839569091796
50,1,24,-0.09320276973476813,-0.008472979066797101,0.9926809072494508
50,1,25,0.27960830920430435,0.7371491788113479,0.6274672746658325
50,1,26,0.22029745573672466,0.745622157878145,0.690367579460144
50,1,27,-0.059310853467579715,1.330257713487145,0.6407142281532288
50,1,28,-0.13556766506875362,1.3133117553535507,0.7057767510414124
50,1,29,-0.17793256040273914,1.4319334622887103,0.6400616765022278
50,1,30,-0.2626623510707102,1.5081902738898842,0.7071080207824707
50,1,31,0.11014872786836233,1.5420821901570725,0.6984113454818726
50,1,32,0.12709468600195653,1.6607038970922319,0.7496693730354309
50,2,0,-0.2868780562512459,-1.357318564651417,0.997073769569397
50,2,1,-0.23549691184803767,-1.4429538053234308,0.9963845014572144
50,2,2,-0.21836986371363493,-1.4343902812562295,0.9961315393447876
50,2,3,-0.20124281557923218,-1.4343902812562295,0.9967072606086732
50,2,4,-0.2526239599824404,-1.4429538053234308,0.996738851070404
50,2,5,-0.24406043591523904,-1.4429538053234308,0.996413230895996
50,2,6,-0.24406043591523904,-1.4429538053234308,0.9968007802963256
50,2,7,-0.08991700270561438,-1.4086997090546254,0.993781805038452
50,2,8,-0.14986167117602398,-1.4172632331218267,0.9960876703262328
50,2,9,-0.24406043591523904,-1.2716833239794034,0.9947882890701294
50,2,10,-0.26118748404964176,-1.2716833239794034,0.9960119724273682
50,2,11,0.03853585830240616,-0.9890870297617582,0.9979668855667114
50,2,12,-0.17555224337762806,-1.006214077896161,0.998723566532135
50,2,13,0.23549691184803767,-0.49240263386407873,0.5909056663513184
50,2,14,-0.2526239599824404,-0.475275585729676,0.5350028276443481
50,2,15,-0.21836986371363493,-0.6636731152081061,0.6968321800231934
50,2,16,-0.4153309172592664,-0.7835624521489253,0.6422737836837769
50,2,17,-0.35538624878885683,-0.7578718799473212,0.7062259912490845
50,2,18,-0.475275585729676,-0.9291423612913486,0.6453026533126831
50,2,19,-0.3382592006544541,-0.8006895002833281,0.7029178142547607
50,2,20,-0.5095296819984815,-0.9120153131569458,0.6419409513473511
50,2,21,-0.2868780562512459,-0.7664354040145226,0.6898781657218933
50,2,22,-0.46671206166247464,-0.9034517890897444,0.6293873190879822
50,2,23,0.10704405084001713,0.0042817620336006845,0.9929850101470948
50,2,24,-0.10704405084001713,-0.0042817620336006845,0.9930578470230104
50,2,25,-0.0042817620336006845,0.7578718799473212,0.6617752909660339
50,2,26,-0.12417109897441986,0.706490735544113,0.6863806247711182
50,2,27,0.2868780562512459,1.4001361849874239,0.6740381121635437
50,2,28,0.0556629064368089,1.2374292277105978,0.7103920578956604
50,2,29,0.46671206166247464,1.520025521928243,0.6712404489517212
50,2,30,0.1926792915120308,1.3658820887186185,0.7133579254150391
50,2,31,0.012845286100802055,1.6227878107346596,0.7258590459823608
50,2,32,-0.12417109897441986,1.5371525700626458,0.7563586235046387
51,1,0,0.4324262550333843,-1.3058416612394277,0.9972968697547911
51,1,1,0.4238633588941093,-1.3829077264929022,0.9966520071029664
51,1,2,0.4153004627548344,-1.3829077264929022,0.9964162707328796
51,1,3,0.4153004627548344,-1.3914706226321771,0.9969688653945924
51,1,4,0.4153004627548344,-1.3914706226321771,0.996983528137207
51,1,5,0.3981746704762845,-1.400033518771452,0.9966685175895692
51,1,6,0.38104887819773464,-1.400033518771452,0.9970325231552124
51,1,7,0.3125457090835352,-1.3829077264929022,0.994265913963318
51,1,8,0.26973122838716046,-1.400033518771452,0.99637770652771
51,1,9,0.38961177433700955,-1.2287755959859532,0.995139479637146
51,1,10,0.37248598205845973,-1.2373384921252282,0.9963075518608092
51,1,11,0.20979095541223594,-0.9804516079469802,0.9981196522712708
51,1,12,0.02140724034818734,-1.006140296364805,0.9988279938697816
51,1,13,0.2782941245264354,-0.4923665280083088,0.5582758188247681
51,1,14,0.02140724034818734,-0.47524073572975895,0.5802216529846191
51,1,15,0.44955204731193416,-0.5951212816796081,0.6983333230018616
51,1,16,0.47524073572975895,-0.8434452697185811,0.6766600012779236
51,1,17,0.5094923202868586,-0.5951212816796081,0.7073543071746826
51,1,18,0.5779954894010582,-0.9462000233898804,0.678481936454773
51,1,19,0.4923665280083088,-0.6550615546545326,0.7037923336029053
51,1,20,0.5608696971225083,-1.006140296364805,0.675261378288269
51,1,21,0.466677839590484,-0.6464986585152577,0.6888518929481506
51,1,22,0.5180552164261336,-0.9804516079469802,0.6622242331504822
51,1,23,0.1070362017409367,0.004281448069637468,0.9931516647338868
51,1,24,-0.1070362017409367,-0.004281448069637468,0.992951273918152
51,1,25,0.4409891511726592,0.6978760353509073,0.6394269466400146
51,1,26,0.38104887819773464,0.7064389314901822,0.7136881351470947
51,1,27,-0.012844344208912404,1.3572190380750773,0.655954122543335
51,1,28,-0.055658824905287084,1.3486561419358023,0.7297778129577637
51,1,29,-0.18410226699441112,1.4171593110500018,0.6555836796760559
51,1,30,-0.19266516313368606,1.4599737917463766,0.7280704975128174
51,1,31,0.17553937085513618,1.5798543376962257,0.713474452495575
51,1,32,0.1584135785765863,1.6141059222533254,0.7713887095451355
51,2,0,-0.2701634055053516,-1.3246721818326919,0.9975020885467528
51,2,1,-0.2265886626819078,-1.4118216674795794,0.9969372153282166
51,2,2,-0.20915876555253027,-1.4118216674795794,0.9967181086540222
51,2,3,-0.19172886842315276,-1.4118216674795794,0.997231900691986
51,2,4,-0.23530361124659657,-1.420536616044268,0.9971959590911864
51,2,5,-0.23530361124659657,-1.420536616044268,0.9968905448913574
51,2,6,-0.2265886626819078,-1.420536616044268,0.9972365498542786
51,2,7,-0.09586443421157638,-1.4031067189148907,0.9947936534881592
51,2,8,-0.1307242284703314,-1.420536616044268,0.9966102242469788
51,2,9,-0.2265886626819078,-1.2462376447504928,0.9955664873123168
51,2,10,-0.2440185598112853,-1.2549525933151817,0.9964967370033264
51,2,11,-0.008714948564688761,-0.98478918780983,0.9982943534851074
51,2,12,-0.12200927990564266,-1.0109340335038963,0.9986916184425354
51,2,13,0.08714948564688761,-0.4444623767991268,0.6013649106025696
51,2,14,-0.13943917703502018,-0.47060722249319314,0.5265715718269348
51,2,15,-0.19172886842315276,-0.583901553834147,0.7250003814697266
51,2,16,-0.34859794258755045,-0.6710510394810346,0.6175537705421448
51,2,17,-0.4096025825403718,-0.6187613480929021,0.7295112609863281
51,2,18,-0.40088763397568306,-0.732055679433856,0.6211371421813965
51,2,19,-0.30502319976410663,-0.6971958851751009,0.725802481174469
51,2,20,-0.4531773253638156,-0.8714948564688761,0.6182964444160461
51,2,21,-0.27887835407004036,-0.6884809366104122,0.7082968950271606
51,2,22,-0.39217268541099426,-0.8366350622101211,0.6072857975959778
51,2,23,0.06971958851751009,0.008714948564688761,0.9936914443969728
51,2,24,-0.06971958851751009,-0.008714948564688761,0.9933434128761292
51,2,25,0.1307242284703314,0.7494855765632334,0.670622706413269
51,2,26,-0.23530361124659657,0.6100463995282133,0.7104437947273254
51,2,27,0.28759330263472915,1.3943917703502018,0.6874136924743652
51,2,28,-0.2440185598112853,1.2636675418798704,0.73344886302948
51,2,29,0.4444623767991268,1.498971153126467,0.6844465136528015
51,2,30,-0.06100463995282133,1.3508170275267581,0.7341596484184265
51,2,31,0.08714948564688761,1.5948355873380433,0.7385764122009277
51,2,32,-0.23530361124659657,1.5076861016911558,0.7721208930015564
52,1,0,0.4958442315067395,-1.2866302903752465,0.9977012872695924
52,1,1,0.4701971160839771,-1.3721206751177877,0.997189462184906
52,1,2,0.4701971160839771,-1.3721206751177877,0.9969860315322876
52,1,3,0.461648077609723,-1.3721206751177877,0.9974716305732728
52,1,4,0.461648077609723,-1.3721206751177877,0.9974281787872314
52,1,5,0.4445500006612147,-1.3806697135920418,0.9971423149108888
52,1,6,0.42745192371270646,-1.3806697135920418,0.9974645972251892
52,1,7,0.35051057744441927,-1.3635716366435335,0.995243489742279
52,1,8,0.2992163465988945,-1.3806697135920418,0.9968847036361694
52,1,9,0.45309903913546884,-1.2096889441069594,0.9959091544151306
52,1,10,0.4360009621869606,-1.2182379825812133,0.9967944622039796
52,1,11,0.24792211575336975,-0.9617668283535895,0.9983733892440796
52,1,12,0.06839230779403303,-1.0130610591991143,0.9988046288490297
52,1,13,0.30776538507314866,-0.44882451989834177,0.5643676519393921
52,1,14,0.0598432693197789,-0.4573735583725959,0.5722823739051819
52,1,15,0.5898836547235349,-0.5856091354864078,0.7180265784263611
52,1,16,0.5214913469295018,-0.6967466356517115,0.6542377471923828
52,1,17,0.6668250009918221,-0.6198052893834244,0.7237687110900879
52,1,18,0.6497269240433138,-0.7394918280229822,0.656466543674469
52,1,19,0.6411778855690596,-0.6967466356517115,0.7198201417922974
52,1,20,0.6326288470948056,-0.8762764436110483,0.6536487340927124
52,1,21,0.6582759625175679,-0.6710995202289491,0.700579822063446
52,1,22,0.5813346162492807,-0.85917836666254,0.641798734664917
52,1,23,0.11113750016530367,0.012823557711381193,0.993786096572876
52,1,24,-0.11113750016530367,-0.012823557711381193,0.993388295173645
52,1,25,0.5642365393007726,0.662550481754695,0.6494165062904358
52,1,26,0.35051057744441927,0.6796485587032033,0.7325469255447388
52,1,27,0.10258846169104954,1.2353360595297216,0.6657751798629761
52,1,28,0.09403942321679543,1.4148658674890584,0.7501290440559387
52,1,29,-0.09403942321679543,1.2951793288495006,0.6701873540878296
52,1,30,-0.00854903847425413,1.3977677905405501,0.7490139007568359
52,1,31,0.1795298079593367,1.5089052907058538,0.7244548201560974
52,1,32,0.3847067313414358,1.5601995215513786,0.7853653430938721
52,2,0,-0.12813026935445407,-1.3240127833293587,0.9979114532470704
52,2,1,-0.06833614365570884,-1.400890944942031,0.9974470138549804
52,2,2,-0.04271008978481802,-1.400890944942031,0.9972610473632812
52,2,3,-0.02562605387089081,-1.400890944942031,0.9977027177810668
52,2,4,-0.09396219752659964,-1.4094329628989946,0.9976519346237184
52,2,5,-0.09396219752659964,-1.4094329628989946,0.997390627861023
52,2,6,-0.08542017956963605,-1.4094329628989946,0.997685432434082
52,2,7,0.02562605387089081,-1.3838069090281038,0.9956972002983092
52,2,8,-0.01708403591392721,-1.400890944942031,0.9971311092376708
52,2,9,-0.09396219752659964,-1.2385926037597226,0.9962934851646424
52,2,10,-0.12813026935445407,-1.247134621716686,0.9970383048057556
52,2,11,0.14521430526838128,-0.9823320650508145,0.9985209703445436
52,2,12,-0.07687816161267244,-1.0165001368786688,0.9988091588020324
52,2,13,0.2220924668810537,-0.39293282602032575,0.6073336601257324
52,2,14,-0.15375632322534488,-0.4698109876329982,0.5230104923248291
52,2,15,-0.15375632322534488,-0.5979412569874523,0.7441434860229492
52,2,16,-0.25626053870890814,-0.6406513467722703,0.6049986481666565
52,2,17,-0.2818865925797989,-0.6577353826861975,0.7464409470558167
52,2,18,-0.3587647541924714,-0.6748194186001247,0.6077922582626343
52,2,19,-0.29042861053676255,-0.7346135442988699,0.742543637752533
52,2,20,-0.36730677214943497,-0.7687816161267244,0.6055529713630676
52,2,21,-0.2391765027949809,-0.7089874904279792,0.7224068641662598
52,2,22,-0.324596682364617,-0.7516975802127971,0.5960760712623596
52,2,23,0.11104623344052685,0.01708403591392721,0.9942826628684998
52,2,24,-0.11104623344052685,-0.01708403591392721,0.9939515590667723
52,2,25,0.19646641301016288,0.7004454724710155,0.6839089393615723
52,2,26,-0.4356429158051438,0.5125210774178163,0.7545990347862244
52,2,27,0.4441849337621074,1.2898447115015041,0.6985735893249512
52,2,28,-0.324596682364617,1.247134621716686,0.7723896503448486
52,2,29,0.5723152031165615,1.3838069090281038,0.6960034966468811
52,2,30,-0.2648025566658717,1.3667228731141767,0.767295241355896
52,2,31,0.20500843096712648,1.5204791963395214,0.7509691119194031
52,2,32,-0.6321093288153067,1.4350590167698856,0.8039788603782654
53,1,0,0.5061195088441031,-1.2611502515459618,0.9979857206344604
53,1,1,0.49782246771551125,-1.3358236217032886,0.9975179433822632
53,1,2,0.4895254265869194,-1.3358236217032886,0.9973478317260742
53,1,3,0.4895254265869194,-1.3441206628318805,0.9977973103523254
53,1,4,0.4812283854583275,-1.3441206628318805,0.9977359175682068
53,1,5,0.4729313443297357,-1.3441206628318805,0.997494637966156
53,1,6,0.456337262072552,-1.3524177039604723,0.9978087544441224
53,1,7,0.3816638919152253,-1.3358236217032886,0.9958977699279784
53,1,8,0.3567727685294497,-1.3524177039604723,0.9972355365753174
53,1,9,0.4480402209439601,-1.1781798402600434,0.9963441491127014
53,1,10,0.43974317981536826,-1.194773922517227,0.9971857070922852
53,1,11,0.2655053161149393,-0.9458626886594714,0.9983965158462524
53,1,12,0.09956449354310225,-1.020536058816798,0.9989147782325744
53,1,13,0.17423786370042893,-0.40655501530100085,0.552139163017273
53,1,14,0.06637632902873483,-0.4480402209439601,0.5698775053024292
53,1,15,0.31528756288649046,-0.5061195088441031,0.6820272207260132
53,1,16,0.5393076733584705,-0.6139810435157972,0.6430743336677551
53,1,17,0.4148520564295927,-0.3567727685294497,0.6887096166610718
53,1,18,0.6886544136731239,-0.6471692080301646,0.6448323726654053
53,1,19,0.43144613868677645,-0.4231490975581846,0.6848959922790527
53,1,20,0.6720603314159402,-0.7301396193160832,0.6426439881324768
53,1,21,0.43144613868677645,-0.6305751257729809,0.666516125202179
53,1,22,0.622278084644389,-0.7218425781874913,0.6324983239173889
53,1,23,0.06637632902873483,0.016594082257183708,0.9938169717788696
53,1,24,-0.06637632902873483,-0.016594082257183708,0.9940208196640016
53,1,25,0.46463430320114385,0.6554662491587565,0.6560492515563965
53,1,26,0.34847572740085786,0.6637632902873484,0.7735195159912109
53,1,27,0.016594082257183708,1.2860413749317374,0.6722732782363892
53,1,28,0.40655501530100085,1.485170362017942,0.7820956707000732
53,1,29,-0.1659408225718371,1.4021999507320233,0.6751411557197571
53,1,30,0.34017868627226605,1.6096259789468197,0.7751419544219971
53,1,31,0.31528756288649046,1.5100614854037175,0.7320793867111206
53,1,32,0.796515948344818,1.6345171023325953,0.8091259598731995
53,2,0,-0.1716022010547925,-1.2974800567557483,0.9981067776679992
53,2,1,-0.1213771665997313,-1.37281760843834,0.9976763129234314
53,2,2,-0.11300632752388776,-1.37281760843834,0.997504711151123
53,2,3,-0.09626464937220068,-1.37281760843834,0.9979234337806702
53,2,4,-0.1464896838272619,-1.3811884475141838,0.9978383183479308
53,2,5,-0.1464896838272619,-1.3811884475141838,0.9975883364677428
53,2,6,-0.13811884475141836,-1.3895592865900273,0.9978905916213988
53,2,7,-0.012556258613765307,-1.3560759302866532,0.9961385726928712
53,2,8,-0.06278129306882653,-1.37281760843834,0.9971636533737184
53,2,9,-0.13811884475141836,-1.213771665997313,0.9965156316757202
53,2,10,-0.163231361978949,-1.2221425050731565,0.997131049633026
53,2,11,0.163231361978949,-0.9626464937220068,0.9985365271568298
53,2,12,0.012556258613765307,-1.029613206328755,0.9988905191421508
53,2,13,0.13811884475141836,-0.41017111471633333,0.5963360071182251
53,2,14,-0.012556258613765307,-0.452025310095551,0.5185551643371582
53,2,15,-0.272052269964915,-0.5189920227022994,0.712760865688324
53,2,16,-0.2553105918132279,-0.4938795054747687,0.5903406739234924
53,2,17,-0.20508555735816666,-0.3766877584129592,0.7173506021499634
53,2,18,-0.1464896838272619,-0.43528363194386394,0.5928882360458374
53,2,19,-0.19671471828232315,-0.452025310095551,0.7137051224708557
53,2,20,-0.020927097689608844,-0.4269127928680204,0.5914677381515503
53,2,21,-0.2553105918132279,-0.652925447915796,0.6952534317970276
53,2,22,-0.19671471828232315,-0.5357337008539864,0.5826988816261292
53,2,23,0.10463548844804423,0.016741678151687076,0.9943225979804992
53,2,24,-0.10463548844804423,-0.016741678151687076,0.994558036327362
53,2,25,0.08789381029635715,0.6780379651433266,0.6895546913146973
53,2,26,-0.3306481434958197,0.6612962869916394,0.7916043996810913
53,2,27,0.397614856102568,1.305850895831592,0.7034364342689514
53,2,28,-0.5734024766952823,1.3811884475141838,0.8013893961906433
53,2,29,0.5231774422402211,1.4146718038175579,0.6945254802703857
53,2,30,-0.5650316376194388,1.5988302634861158,0.7907499670982361
53,2,31,0.11300632752388776,1.4983801945759931,0.7566490173339844
53,2,32,-0.941719396032398,1.4732676773484625,0.8250793218612671
54,1,0,0.44996643970509786,-1.2271811991957216,0.9979327321052552
54,1,1,0.44996643970509786,-1.3089932791421028,0.9973947405815125
54,1,2,0.44996643970509786,-1.3089932791421028,0.9972954392433168
54,1,3,0.44996643970509786,-1.317174487136741,0.9977819323539734
54,1,4,0.4336040237158216,-1.317174487136741,0.9975761771202089
54,1,5,0.42542281572118346,-1.3253556951313792,0.9973580241203308
54,1,6,0.40906039973190716,-1.3253556951313792,0.9977479577064514
54,1,7,0.5399597276461174,-1.3253556951313792,0.9959476590156556
54,1,8,0.45814764769973604,-1.3335369031260174,0.99688720703125
54,1,9,0.41724160772654534,-1.1617315352386164,0.9956743717193604
54,1,10,0.40087919173726905,-1.1780939512278927,0.9967648983001708
54,1,11,0.21271140786059173,-0.9408389193833865,0.998082995414734
54,1,12,0.12271811991957216,-1.030832207324406,0.9989659190177916
54,1,13,0.06544966395710515,-0.40906039973190716,0.5396451354026794
54,1,14,0.10635570393029586,-0.4336040237158216,0.5648685693740845
54,1,15,0.2617986558284206,-0.2699798638230587,0.6450596451759338
54,1,16,0.47451006368901233,-0.515416103662203,0.6273210048675537
54,1,17,0.3027046958016113,-0.1881677838766773,0.6510672569274902
54,1,18,0.6381342235817752,-0.4908724796782886,0.6285172700881958
54,1,19,0.3272483197855257,-0.23725503184450616,0.6476998329162598
54,1,20,0.6463154315764134,-0.515416103662203,0.6270118355751038
54,1,21,0.2945234878069732,-0.2781610718176969,0.6314424872398376
54,1,22,0.5808657676193082,-0.5808657676193082,0.6163225173950195
54,1,23,0.057268455962467005,0.016362415989276288,0.9936105608940125
54,1,24,-0.057268455962467005,-0.016362415989276288,0.994356095790863
54,1,25,0.5645033516300318,0.7035838875388803,0.6646879315376282
54,1,26,0.47451006368901233,0.7772147594906236,0.8071749210357666
54,1,27,0.04908724796782886,1.3253556951313792,0.679063081741333
54,1,28,0.42542281572118346,1.5707919349705235,0.809711754322052
54,1,29,-0.09817449593565772,1.4726174390348659,0.6746440529823303
54,1,30,0.3272483197855257,1.7180536788740102,0.7965031862258911
54,1,31,0.3027046958016113,1.5217046870026947,0.7383635640144348
54,1,32,0.8508456314423669,1.7753221348364772,0.8297914862632751
54,2,0,-0.15397165248058797,-1.2400960118706816,0.9980276823043824
54,2,1,-0.10403490032472161,-1.3233239321304588,0.997550368309021
54,2,2,-0.08738931627276615,-1.3233239321304588,0.9974520802497864
54,2,3,-0.07074373222081069,-1.3233239321304588,0.9979052543640136
54,2,4,-0.12068048437667706,-1.3233239321304588,0.9976239800453186
54,2,5,-0.12068048437667706,-1.3316467241564365,0.997348427772522
54,2,6,-0.12068048437667706,-1.3399695161824143,0.9977235198020936
54,2,7,0.037452564116899775,-1.3316467241564365,0.9962533712387084
54,2,8,-0.02080698006494432,-1.3399695161824143,0.9967748522758484
54,2,9,-0.1290032764026548,-1.1735136756628597,0.9959595203399658
54,2,10,-0.15397165248058797,-1.1818364676888373,0.9967214465141296
54,2,11,0.14564886045461026,-0.9654438750134164,0.9982669353485109
54,2,12,0.06242094019483296,-1.0237034191952605,0.9989185333251952
54,2,13,0.1290032764026548,-0.39949401724693095,0.5854081511497498
54,2,14,0.012484188038966592,-0.4411079773768196,0.5130711793899536
54,2,15,-0.3037819089481871,-0.36620284914302004,0.6798775792121887
54,2,16,-0.23719957274036527,-0.4660763534547528,0.5745463371276855
54,2,17,-0.29545911692220933,-0.30794330496117595,0.6842907667160034
54,2,18,-0.13732606842863251,-0.42446239332486413,0.5766451358795166
54,2,19,-0.28713632489623164,-0.39949401724693095,0.6811239719390869
54,2,20,-0.12068048437667706,-0.49104472953268596,0.5756105184555054
54,2,21,-0.3037819089481871,-0.3911712252209532,0.6654638648033142
54,2,22,-0.037452564116899775,-0.5160131056106192,0.5669965147972107
54,2,23,0.07906652424678842,0.016645584051955455,0.9940412044525146
54,2,24,-0.07906652424678842,-0.016645584051955455,0.9947236776351928
54,2,25,0.07906652424678842,0.7324056982860401,0.6969485282897949
54,2,26,-0.24552236476634298,0.765696866389951,0.8177534937858582
54,2,27,0.337073077052098,1.348292308208392,0.7091241478919983
54,2,28,-0.5284972936495858,1.4564886045461025,0.8239349126815796
54,2,29,0.43694658136383074,1.4564886045461025,0.6967223286628723
54,2,30,-0.520174501623608,1.7394635334293453,0.8079602718353271
54,2,31,0.07074373222081069,1.5480393168318576,0.7619442343711853
54,2,32,-0.6533391740392517,1.7394635334293453,0.840986967086792
55,1,0,0.4469551011826261,-1.2067787731930906,0.9979806542396544
55,1,1,0.45508155756776475,-1.288043337044477,0.9975128173828124
55,1,2,0.4632080139529034,-1.2961697934296157,0.9974381923675536
55,1,3,0.4713344703380421,-1.2961697934296157,0.9979296326637268
55,1,4,0.4469551011826261,-1.2961697934296157,0.997568666934967
55,1,5,0.43882864479748745,-1.3042962498147543,0.9972928762435912
55,1,6,0.43882864479748745,-1.312422706199893,0.9977229237556458
55,1,7,0.4307021884123488,-1.3042962498147543,0.9963241815567015
55,1,8,0.42257573202721016,-1.3205491625850316,0.9967027902603148
55,1,9,0.4307021884123488,-1.1417671221119812,0.9955946207046508
55,1,10,0.4063228192569328,-1.1498935784971198,0.9965431690216064
55,1,11,0.13814975854735717,-0.9629850816389308,0.998052418231964
55,1,12,0.17878204047305044,-1.0117438199497628,0.998975157737732
55,1,13,0.08939102023652522,-0.43476541660491813,0.5302042365074158
55,1,14,0.14627621493249582,-0.4428918729900568,0.5578637719154358
55,1,15,0.3006788862501303,-0.4510183293751954,0.6154154539108276
55,1,16,0.49571383949345804,-0.4753976985306114,0.6093078255653381
55,1,17,0.3900699064866555,-0.3291214835981156,0.6210144758224487
55,1,18,0.6501165108110926,-0.4591447857603341,0.6096422076225281
55,1,19,0.4307021884123488,-0.37788022190894754,0.6182337403297424
55,1,20,0.6419900544259539,-0.5485358059968594,0.6085289716720581
55,1,21,0.39819636287179416,-0.39413313467922484,0.6046180129051208
55,1,22,0.5932313161151219,-0.5647887187671367,0.5979350805282593
55,1,23,-0.016252912770277312,0.012189684577707985,0.9940018653869628
55,1,24,0.016252912770277312,-0.012189684577707985,0.994899570941925
55,1,25,0.38194345010151687,0.7191913900847711,0.6629199981689453
55,1,26,0.520093208648874,0.8085824103212963,0.8289908766746521
55,1,27,0.056885194695970594,1.3042962498147543,0.6765081882476807
55,1,28,0.4632080139529034,1.5562163977540526,0.8308418989181519
55,1,29,-0.056885194695970594,1.4180666392066956,0.6672008037567139
55,1,30,0.3900699064866555,1.7106190690716871,0.8135927319526672
55,1,31,0.19503495324332776,1.499331203058082,0.7359228134155273
55,1,32,0.8857837459801136,1.8000100893082125,0.8459967374801636
55,2,0,-0.08598113028483587,-1.232396200749314,0.9981039762496948
55,2,1,-0.036849055836358224,-1.3142829914967769,0.997688889503479
55,2,2,-0.020471697686865683,-1.3142829914967769,0.9976167678833008
55,2,3,-0.004094339537373136,-1.3142829914967769,0.998072862625122
55,2,4,-0.05322641398585077,-1.322471670571523,0.9976770281791688
55,2,5,-0.05322641398585077,-1.322471670571523,0.9973552227020264
55,2,6,-0.05322641398585077,-1.3306603496462692,0.9977539777755736
55,2,7,0.07779245121008958,-1.322471670571523,0.9966301321983336
55,2,8,0.028660376761611955,-1.3306603496462692,0.9967573881149292
55,2,9,-0.06960377213534331,-1.1586980890765977,0.9959301948547364
55,2,10,-0.09416980935958214,-1.1668867681513437,0.9966114163398744
55,2,11,0.16786792103229858,-0.9703584703574333,0.9982397556304932
55,2,12,0.1023584884343284,-1.0113018657311648,0.998900294303894
55,2,13,0.15967924195755231,-0.4380943304989256,0.5769168138504028
55,2,14,0.05322641398585077,-0.4708490467979107,0.5059335827827454
55,2,15,-0.24156603270501503,-0.4872264049474032,0.6531146764755249
55,2,16,-0.15149056288280605,-0.4872264049474032,0.5569605231285095
55,2,17,-0.2006226373312837,-0.34801886067671656,0.6571332812309265
55,2,18,-0.06960377213534331,-0.4299056514241793,0.5586494207382202
55,2,19,-0.2006226373312837,-0.42171697234943306,0.6544927358627319
55,2,20,-0.11873584658382096,-0.5199811212463883,0.5577059388160706
55,2,21,-0.17605660010704485,-0.41352829327468676,0.6413552761077881
55,2,22,-0.004094339537373136,-0.5199811212463883,0.5491456389427185
55,2,23,0.05322641398585077,0.012283018612119409,0.9944186210632324
55,2,24,-0.05322641398585077,-0.012283018612119409,0.9952226877212524
55,2,25,-0.07779245121008958,0.7410754562645376,0.6952142119407654
55,2,26,-0.11873584658382096,0.6837547027413138,0.8375637531280518
55,2,27,0.3725848979009554,1.2979056333472843,0.7062123417854309
55,2,28,-0.4380943304989256,1.379792424094747,0.8409850597381592
55,2,29,0.4299056514241793,1.379792424094747,0.691218376159668
55,2,30,-0.2497547117797613,1.6336414754118813,0.8224848508834839
55,2,31,0.07779245121008958,1.502622610215941,0.7588576674461365
55,2,32,-0.8557169633109855,1.5599433637391649,0.8531699776649475
