frame,player_id,landmark_index,x_norm,y_norm,visibility
1,1,0,0.260798104291018,-1.2939598251362048,0.999382257461548
1,1,1,0.260798104291018,-1.3675182648080304,0.9992526769638062
1,1,2,0.260798104291018,-1.3675182648080304,0.9992069602012634
1,1,3,0.260798104291018,-1.3742053956872873,0.9993374347686768
1,1,4,0.24073671165324742,-1.3675182648080304,0.9991995096206664
1,1,5,0.22736244989473367,-1.3742053956872873,0.9990344047546388
1,1,6,0.21398818813621992,-1.3808925265665442,0.9991300106048584
1,1,7,0.1738654028606787,-1.3541440030495167,0.9989901185035706
1,1,8,0.10699409406810996,-1.3675182648080304,0.9983431696891784
1,1,9,0.2674852351702749,-1.233775647222893,0.9991161227226256
1,1,10,0.24073671165324742,-1.233775647222893,0.9983760118484496
1,1,11,0.08024557055108247,-0.9796646738111318,0.999396562576294
1,1,12,-0.12705548670588057,-1.0197874590866731,0.9985612630844116
1,1,13,0.1471168793436512,-0.5383140357801782,0.6614047288894653
1,1,14,-0.1738654028606787,-0.4781298578668664,0.5948470830917358
1,1,15,0.4146021145139261,-0.6854309151238295,0.8237577080726624
1,1,16,0.24742384253250427,-0.6453081298482882,0.6377682089805603
1,1,17,0.4881605541857517,-0.7456150930371412,0.8134845495223999
1,1,18,0.3811664601176417,-0.6988051768823431,0.6261800527572632
1,1,19,0.49484768506500854,-0.7857378783126825,0.8107460737228394
1,1,20,0.3878535909968986,-0.7456150930371412,0.6291122436523438
1,1,21,0.44803776891021047,-0.7656764856749119,0.7833054661750793
1,1,22,0.33435654396284364,-0.7255537003993706,0.6285418272018433
1,1,23,0.08693270143033935,-0.0033435654396284363,0.9951595664024352
1,1,24,-0.08693270143033935,0.0033435654396284363,0.9955838918685912
1,1,25,0.03343565439628436,0.7924250091919394,0.7524681687355042
1,1,26,0.1939267954984493,0.7790507474334256,0.8260138630867004
1,1,27,-0.1738654028606787,1.5213222750309385,0.8306446671485901
1,1,28,0.3209822822043299,1.5815064529442504,0.8504444360733032
1,1,29,-0.2942337586873024,1.6483777617368192,0.8016168475151062
1,1,30,0.28085949692878864,1.701874808770874,0.8386518955230713
1,1,31,0.1471168793436512,1.6350034999783054,0.8491544127464294
1,1,32,0.6954616114427148,1.6818134161331033,0.8468385934829712
1,2,0,-0.26771279048447644,-1.2515572955149274,0.9994304180145264
1,2,1,-0.2342486916739169,-1.3385639524223822,0.9993064999580384
1,2,2,-0.22086305214969307,-1.3385639524223822,0.9992660284042358
1,2,3,-0.20078459286335734,-1.3452567721844941,0.999386429786682
1,2,4,-0.25432715096025266,-1.3318711326602704,0.999260187149048
1,2,5,-0.25432715096025266,-1.3385639524223822,0.9991084933280944
1,2,6,-0.25432715096025266,-1.3385639524223822,0.9991955161094666
1,2,7,-0.2476343311981407,-1.3318711326602704,0.99907386302948
1,2,8,-0.2944840695329241,-1.3385639524223822,0.998466730117798
1,2,9,-0.20078459286335734,-1.1913219176559202,0.9991857409477234
1,2,10,-0.22755587191180499,-1.1913219176559202,0.9984965920448304
1,2,11,-0.006692819762111912,-0.9771516852683391,0.9994500875473022
1,2,12,-0.21417023238758118,-1.0106157840788985,0.998645842075348
1,2,13,0.12716357548012633,-0.43503328453727425,0.6949745416641235
1,2,14,-0.2476343311981407,-0.48188302287205764,0.5505692362785339
1,2,15,-0.06692819762111911,-0.07362101738323103,0.84035724401474
1,2,16,-0.22086305214969307,-0.14054921500435014,0.6020442843437195
1,2,17,-0.020078459286335733,0.04684973833478338,0.8297027349472046
1,2,18,-0.14054921500435014,-0.020078459286335733,0.5899626016616821
1,2,19,-0.07362101738323103,0.006692819762111912,0.8270263075828552
1,2,20,-0.11377793595590249,-0.026771279048447647,0.5937601327896118
1,2,21,-0.04684973833478338,-0.033464098810559555,0.8007907867431641
1,2,22,-0.16732049405279778,-0.06692819762111911,0.5940707325935364
1,2,23,0.10708511619379059,-0.006692819762111912,0.9954615831375122
1,2,24,-0.10708511619379059,0.006692819762111912,0.9958641529083252
1,2,25,-0.21417023238758118,0.7830599121670936,0.7744163870811462
1,2,26,-0.22086305214969307,0.756288633118646,0.8215466141700745
1,2,27,-0.20747741262546926,1.512577266237292,0.8445420861244202
1,2,28,-0.3948763659646028,1.512577266237292,0.8544868230819702
1,2,29,-0.16732049405279778,1.6397408417174184,0.809329628944397
1,2,30,-0.36141226715404323,1.6330480219553063,0.8379327058792114
1,2,31,-0.2744056102465884,1.6397408417174184,0.8606386780738831
1,2,32,-0.7027460750217507,1.5795054638584112,0.8523384928703308
2,1,0,0.23666666666666666,-1.2666666666666666,0.9994673132896424
2,1,1,0.20333333333333334,-1.34,0.9993493556976318
2,1,2,0.21,-1.34,0.9993078708648682
2,1,3,0.22333333333333333,-1.3466666666666667,0.9994246363639832
2,1,4,0.19,-1.34,0.99930739402771
2,1,5,0.17666666666666667,-1.34,0.9991629719734192
2,1,6,0.17666666666666667,-1.3466666666666667,0.9992499947547911
2,1,7,0.15666666666666668,-1.3333333333333333,0.9991029500961304
2,1,8,0.11,-1.3333333333333333,0.9985997080802916
2,1,9,0.22333333333333333,-1.2066666666666668,0.9992412328720092
2,1,10,0.20333333333333334,-1.2133333333333334,0.9986347556114196
2,1,11,0.10333333333333333,-0.9733333333333334,0.999459981918335
2,1,12,-0.10333333333333333,-1.0266666666666666,0.998777151107788
2,1,13,0.17666666666666667,-0.41333333333333333,0.6529181599617004
2,1,14,-0.27666666666666667,-0.49333333333333335,0.5949552655220032
2,1,15,0.3566666666666667,-0.6066666666666667,0.836543619632721
2,1,16,0.19,-0.6133333333333333,0.6409889459609985
2,1,17,0.45,-0.6733333333333333,0.8278209567070007
2,1,18,0.31666666666666665,-0.66,0.6290509104728699
2,1,19,0.45,-0.7066666666666667,0.8254351615905762
2,1,20,0.31666666666666665,-0.7133333333333334,0.6322054862976074
2,1,21,0.4033333333333333,-0.6866666666666666,0.7988508343696594
2,1,22,0.27666666666666667,-0.7,0.6311926245689392
2,1,23,0.09,-0.006666666666666667,0.995311677455902
2,1,24,-0.09,0.006666666666666667,0.9959211349487304
2,1,25,0.056666666666666664,0.8,0.7465568780899048
2,1,26,0.20333333333333334,0.7933333333333333,0.8319265246391296
2,1,27,-0.17,1.54,0.829163670539856
2,1,28,0.31,1.6133333333333333,0.8621670007705688
2,1,29,-0.29,1.6666666666666667,0.79505455493927
2,1,30,0.2633333333333333,1.7333333333333334,0.8443551659584045
2,1,31,0.08333333333333333,1.64,0.850998044013977
2,1,32,0.6833333333333333,1.7,0.8589831590652466
2,2,0,-0.17880402609390703,-1.2946735963466232,0.9995120763778688
2,2,1,-0.15231454074666154,-1.3741420523883596,0.9994029998779296
2,2,2,-0.1390697980730388,-1.3807644237251708,0.9993668794631958
2,2,3,-0.11920268406260469,-1.3807644237251708,0.9994732141494752
2,2,4,-0.17218165475709565,-1.3741420523883596,0.9993647933006288
2,2,5,-0.17218165475709565,-1.3741420523883596,0.9992346167564392
2,2,6,-0.16555928342028428,-1.3807644237251708,0.9993118047714232
2,2,7,-0.13244742673622742,-1.3608973097147368,0.9991825222969056
2,2,8,-0.17880402609390703,-1.3675196810515482,0.9987148642539978
2,2,9,-0.12582505539941605,-1.2284498829785093,0.9993065595626832
2,2,10,-0.15231454074666154,-1.2284498829785093,0.9987425804138184
2,2,11,0.10595794138898194,-1.0032892575269228,0.9995115399360656
2,2,12,-0.11920268406260469,-0.9966668861901113,0.9988055229187012
2,2,13,0.38409753753505954,-0.4801219219188244,0.6874634623527527
2,2,14,-0.11258031272579332,-0.5132337786028813,0.5470016598701477
2,2,15,0.1589369120834729,-0.17549284042550134,0.8524218201637268
2,2,16,-0.13244742673622742,-0.19535995443593546,0.5967797040939331
2,2,17,0.13244742673622742,-0.049667785026085286,0.843804657459259
2,2,18,-0.0463565993576796,-0.0695348990365194,0.586203396320343
2,2,19,0.07946845604173645,-0.10926912705738763,0.8416016101837158
2,2,20,-0.026489485347245486,-0.10264675572057626,0.5899837613105774
2,2,21,0.07946845604173645,-0.15562572641506722,0.8167592287063599
2,2,22,-0.0927131987153592,-0.14238098374144448,0.5894250273704529
2,2,23,0.0927131987153592,0.016555928342028427,0.9955729842185974
2,2,24,-0.0927131987153592,-0.016555928342028427,0.9959962368011476
2,2,25,-0.019867114010434114,0.7781286320753361,0.7701847553253174
2,2,26,-0.12582505539941605,0.7251496613808451,0.8270215392112732
2,2,27,0.33111856684056856,1.5397013358086438,0.844029426574707
2,2,28,-0.3046290814933231,1.4668552511037187,0.8597854971885681
2,2,29,0.40396465154549366,1.6390369058608145,0.8092459440231323
2,2,30,-0.2715172248092662,1.5794355638295121,0.8381781578063965
2,2,31,0.033111856684056855,1.66552639120806,0.8625032305717468
2,2,32,-0.6225029056602689,1.5264565931350211,0.8592695593833923
3,1,0,0.22847682119205298,-1.2913907284768211,0.9995461702346802
3,1,1,0.18874172185430463,-1.3642384105960266,0.9994441866874696
3,1,2,0.18874172185430463,-1.3642384105960266,0.99940425157547
3,1,3,0.18874172185430463,-1.3642384105960266,0.9995057582855223
3,1,4,0.16887417218543047,-1.3642384105960266,0.9994123578071594
3,1,5,0.1490066225165563,-1.3642384105960266,0.999291181564331
3,1,6,0.1291390728476821,-1.3642384105960266,0.9993675351142884
3,1,7,0.09602649006622517,-1.3443708609271523,0.9991931915283204
3,1,8,0.04966887417218543,-1.3443708609271523,0.9988330602645874
3,1,9,0.2152317880794702,-1.2251655629139073,0.9993492364883424
3,1,10,0.19536423841059603,-1.2317880794701987,0.998860001564026
3,1,11,0.10264900662251655,-0.9735099337748344,0.999497890472412
3,1,12,-0.10264900662251655,-1.0264900662251655,0.998921811580658
3,1,13,0.09602649006622517,-0.46357615894039733,0.6353094577789307
3,1,14,-0.40066225165562913,-0.5695364238410596,0.5918459892272949
3,1,15,0.3079470198675497,-0.5894039735099338,0.8387601971626282
3,1,16,0.06291390728476821,-0.6026490066225165,0.6364060044288635
3,1,17,0.3543046357615894,-0.6357615894039735,0.8333318829536438
3,1,18,0.18211920529801323,-0.6357615894039735,0.6258311867713928
3,1,19,0.3543046357615894,-0.6754966887417219,0.8311567306518555
3,1,20,0.18874172185430463,-0.695364238410596,0.6289715766906738
3,1,21,0.31456953642384106,-0.6754966887417219,0.8046162724494934
3,1,22,0.1490066225165563,-0.695364238410596,0.6273449659347534
3,1,23,0.08278145695364239,0.0,0.99554842710495
3,1,24,-0.08278145695364239,0.0,0.9961408376693726
3,1,25,0.023178807947019868,0.8079470198675497,0.7277002930641174
3,1,26,0.19536423841059603,0.7880794701986755,0.8296091556549072
3,1,27,-0.1423841059602649,1.5695364238410596,0.8215078711509705
3,1,28,0.27483443708609273,1.5894039735099337,0.8625255227088928
3,1,29,-0.2947019867549669,1.7019867549668874,0.7928763031959534
3,1,30,0.20860927152317882,1.7019867549668874,0.8408979177474976
3,1,31,0.1357615894039735,1.6688741721854305,0.8487871885299683
3,1,32,0.6125827814569537,1.695364238410596,0.8620806932449341
3,2,0,-0.2070807060941156,-1.3298464094481488,0.9995849132537842
3,2,1,-0.17472434576691004,-1.401030402168001,0.9994908571243286
3,2,2,-0.16178180163602782,-1.401030402168001,0.999456226825714
3,2,3,-0.15531052957058672,-1.3945591301025597,0.999548316001892
3,2,4,-0.18766688989779226,-1.401030402168001,0.99946266412735
3,2,5,-0.18766688989779226,-1.401030402168001,0.9993540644645692
3,2,6,-0.18766688989779226,-1.401030402168001,0.9994218945503236
3,2,7,-0.09059780891617558,-1.3686740418407954,0.9992679953575134
3,2,8,-0.14236798543970447,-1.3751453139062364,0.9989337921142578
3,2,9,-0.16178180163602782,-1.2392486005319732,0.9994064569473268
3,2,10,-0.18119561783235116,-1.2392486005319732,0.9989511966705322
3,2,11,0.09706908098161669,-1.0062828061760931,0.999545395374298
3,2,12,-0.13589671337426337,-0.9933402620452109,0.998918116092682
3,2,13,0.4141614121882312,-0.5403512174643329,0.6716204285621643
3,2,14,-0.12295416924338115,-0.5856501219224207,0.5394644737243652
3,2,15,0.2459083384867623,-0.2750290627812473,0.8540251851081848
3,2,16,-0.12942544130882225,-0.24914397451948284,0.5836349725723267
3,2,17,0.21355197815955673,-0.13913234940698394,0.8476611375808716
3,2,18,-0.07765526478529336,-0.1261898052761017,0.5747840404510498
3,2,19,0.16178180163602782,-0.2167876141922773,0.8455890417098999
3,2,20,-0.07118399271985223,-0.13913234940698394,0.5781448483467102
3,2,21,0.16825307370146894,-0.25561524658492396,0.8201588988304138
3,2,22,-0.1035403530470578,-0.1779599817996306,0.5768592357635498
3,2,23,0.1035403530470578,0.00970690809816167,0.9957680702209472
3,2,24,-0.1035403530470578,-0.00970690809816167,0.9961431622505188
3,2,25,0.006471272065441113,0.7280181073621252,0.7542361617088318
3,2,26,-0.18119561783235116,0.6697766587731552,0.8337547779083252
3,2,27,0.2588508826176445,1.5045707552150587,0.8384602665901184
3,2,28,-0.29120724294485006,1.3880878580371188,0.8688629269599915
3,2,29,0.342977419468379,1.6145823803275576,0.8103631138801575
3,2,30,-0.2588508826176445,1.5304558434768232,0.8451297283172607
3,2,31,0.0,1.6210536523929988,0.8623303174972534
3,2,32,-0.6212421182823469,1.4722143948878532,0.8690831065177917
4,1,0,0.16603168535661816,-1.3250605658268566,0.9996167421340942
4,1,1,0.12133084699137481,-1.382533072296455,0.9995316863059998
4,1,2,0.12133084699137481,-1.382533072296455,0.9994957447052002
4,1,3,0.11494501293919719,-1.382533072296455,0.9995821118354796
4,1,4,0.10217334483484194,-1.382533072296455,0.9995093941688538
4,1,5,0.0894016767304867,-1.382533072296455,0.999410092830658
4,1,6,0.07024417457395384,-1.382533072296455,0.9994741678237916
4,1,7,0.03831500431306573,-1.3442180679833893,0.9993106722831726
4,1,8,-0.019157502156532866,-1.3378322339312116,0.9990366101264954
4,1,9,0.15964585130444053,-1.2420447231485474,0.99945068359375
4,1,10,0.14048834914790767,-1.2420447231485474,0.9990515112876892
4,1,11,0.07024417457395384,-0.9802255270092649,0.999520480632782
4,1,12,-0.14048834914790767,-1.0185405313223306,0.999023139476776
4,1,13,0.019157502156532866,-0.5396029774090091,0.6187724471092224
4,1,14,-0.5172525582263874,-0.6673196584525615,0.5852325558662415
4,1,15,0.24266169398274962,-0.5587604795655419,0.8086806535720825
4,1,16,-0.05108667241742097,-0.5651463136177195,0.6247369050979614
4,1,17,0.24266169398274962,-0.5587604795655419,0.8057864308357239
4,1,18,0.03192917026088811,-0.5651463136177195,0.6159875392913818
4,1,19,0.24266169398274962,-0.6162329860351405,0.804350733757019
4,1,20,0.057472506469598596,-0.6290046541394957,0.6188397407531738
4,1,21,0.22350419182621675,-0.6226188200873182,0.7796951532363892
4,1,22,0.025543336208710486,-0.6290046541394957,0.6168146133422852
4,1,23,0.08301584267830908,-0.0031929170260888108,0.995773434638977
4,1,24,-0.08301584267830908,0.0031929170260888108,0.9962915182113647
4,1,25,0.057472506469598596,0.7694930032874034,0.7251564860343933
4,1,26,0.09578751078266433,0.7120204968178048,0.8371057510375977
4,1,27,-0.15326001725226293,1.4910922511834748,0.8198873996734619
4,1,28,0.10855917888701958,1.4783205830791195,0.8719562292098999
4,1,29,-0.28097669829581534,1.6188089322270272,0.7980384826660156
4,1,30,0.019157502156532866,1.586879761966139,0.8465503454208374
4,1,31,0.04470083836524335,1.5996514300704943,0.8500124216079712
4,1,32,0.4342367155480783,1.5996514300704943,0.8722787499427795
4,2,0,-0.24192415574179868,-1.3128417518254942,0.999634087085724
4,2,1,-0.2032162908231109,-1.3773548600233072,0.9995518326759338
4,2,2,-0.1903136691835483,-1.3773548600233072,0.999524712562561
4,2,3,-0.1774110475439857,-1.3838061708430884,0.9996052384376526
4,2,4,-0.2161189124626735,-1.3838061708430884,0.9995330572128296
4,2,5,-0.2161189124626735,-1.3838061708430884,0.9994449019432068
4,2,6,-0.2096676016428922,-1.3902574816628699,0.9995015859603882
4,2,7,-0.08064138524726623,-1.3450983059244006,0.9993681907653807
4,2,8,-0.13225187180551662,-1.3580009275639633,0.9990975856781006
4,2,9,-0.1903136691835483,-1.2289747111683373,0.9994857907295228
4,2,10,-0.2032162908231109,-1.2289747111683373,0.999086320400238
4,2,11,0.08064138524726623,-1.0096301432957733,0.9995655417442322
4,2,12,-0.09999531770661013,-0.9902762108364292,0.9989416003227234
4,2,13,0.39030430459676857,-0.5902949400099888,0.6566678881645203
4,2,14,-0.003225655409890649,-0.5902949400099888,0.5302704572677612
4,2,15,0.2999859531198304,-0.28708333148026777,0.8262895345687866
4,2,16,-0.035482209508797144,-0.2548267773813613,0.5685740113258362
4,2,17,0.2741807098407052,-0.15805711508464182,0.8215101361274719
4,2,18,-0.009676966229671947,-0.1774110475439857,0.5618036389350891
4,2,19,0.22902153410223608,-0.2225702232824548,0.8199305534362793
4,2,20,0.003225655409890649,-0.183862358363767,0.5647701025009155
4,2,21,0.2225702232824548,-0.2677293990209239,0.7954951524734497
4,2,22,-0.016128277049453247,-0.2096676016428922,0.5630854368209839
4,2,23,0.08709269606704753,0.009676966229671947,0.9959600567817688
4,2,24,-0.08709269606704753,-0.009676966229671947,0.9962345957756042
4,2,25,0.05483614196814104,0.7322237780451774,0.7516960501670837
4,2,26,-0.2548267773813613,0.6225514941088953,0.8426084518432617
4,2,27,0.2225702232824548,1.4870271439595892,0.8364961743354797
4,2,28,-0.24837546656158,1.3386469951046194,0.8768065571784973
4,2,29,0.3064372639396117,1.6031507387156527,0.8114837408065796
4,2,30,-0.1967649800033296,1.4741245223200268,0.8496962785720825
4,2,31,0.009676966229671947,1.6225046711749966,0.8625953197479248
4,2,32,-0.5644896967308636,1.480575833139808,0.8778451085090637
5,1,0,0.16286644951140064,-1.3420195439739413,0.999630868434906
5,1,1,0.11726384364820847,-1.4006514657980456,0.9995434284210204
5,1,2,0.11726384364820847,-1.4006514657980456,0.9994997978210448
5,1,3,0.11074918566775244,-1.4006514657980456,0.9995821714401244
5,1,4,0.09771986970684039,-1.4006514657980456,0.9995440244674684
5,1,5,0.0781758957654723,-1.4006514657980456,0.999463677406311
5,1,6,0.05863192182410423,-1.3941368078175895,0.9995282888412476
5,1,7,0.03908794788273615,-1.3550488599348534,0.9992362856864928
5,1,8,-0.03257328990228013,-1.3485342019543973,0.9991738796234132
5,1,9,0.16286644951140064,-1.250814332247557,0.9994605779647828
5,1,10,0.14332247557003258,-1.250814332247557,0.9991576671600342
5,1,11,0.10423452768729642,-0.9576547231270358,0.9993937611579896
5,1,12,-0.10423452768729642,-1.0423452768729642,0.99904465675354
5,1,13,0.04560260586319218,-0.5146579804560261,0.5970110297203064
5,1,14,-0.46905537459283386,-0.6905537459283387,0.5770122408866882
5,1,15,0.2931596091205212,-0.247557003257329,0.7523687481880188
5,1,16,-0.013029315960912053,-0.4169381107491857,0.6105940937995911
5,1,17,0.28664495114006516,-0.1563517915309446,0.7506146430969238
5,1,18,0.07166123778501629,-0.3257328990228013,0.6029077172279358
5,1,19,0.2736156351791531,-0.20195439739413681,0.7494668960571289
5,1,20,0.11074918566775244,-0.4234527687296417,0.6052817106246948
5,1,21,0.2671009771986971,-0.2280130293159609,0.727928638458252
5,1,22,0.0781758957654723,-0.4560260586319218,0.6023711562156677
5,1,23,0.07166123778501629,0.006514657980456026,0.995747447013855
5,1,24,-0.07166123778501629,-0.006514657980456026,0.996360719203949
5,1,25,0.04560260586319218,0.7231270358306189,0.7158957123756409
5,1,26,-0.03257328990228013,0.749185667752443,0.8481478095054626
5,1,27,-0.11074918566775244,1.5439739413680782,0.814802348613739
5,1,28,0.05211726384364821,1.485342019543974,0.8800148367881775
5,1,29,-0.21498371335504887,1.6612377850162867,0.7952208518981934
5,1,30,-0.04560260586319218,1.5635179153094463,0.8485598564147949
5,1,31,0.03257328990228013,1.6612377850162867,0.8470495343208313
5,1,32,0.3517915309446254,1.6416938110749186,0.8805636167526245
5,2,0,-0.3019082728452569,-1.3277471354162373,0.9996236562728882
5,2,1,-0.2629523666716754,-1.3991662967344702,0.99952232837677
5,2,2,-0.24996706461381485,-1.3991662967344702,0.999500811100006
5,2,3,-0.2304891115270241,-1.3991662967344702,0.999582290649414
5,2,4,-0.2759376687295359,-1.4056589477634005,0.9995181560516356
5,2,5,-0.2759376687295359,-1.4056589477634005,0.9994452595710754
5,2,6,-0.26944501770060564,-1.4056589477634005,0.9994964003562928
5,2,7,-0.12660669506414,-1.3537177395319584,0.9992857575416564
5,2,8,-0.1850405543245123,-1.3731956926187492,0.9991394877433776
5,2,9,-0.2564597156427451,-1.2368500210112139,0.9994771480560304
5,2,10,-0.2759376687295359,-1.2368500210112139,0.9991125464439392
5,2,11,0.09414343991948872,-0.990129281911864,0.9994525909423828
5,2,12,-0.12660669506414,-1.009607234998655,0.9988963603973388
5,2,13,0.37332743416348974,-0.6005702201760487,0.6371600031852722
5,2,14,-0.2175038094691636,-0.5745996160603276,0.5228004455566406
5,2,15,0.3019082728452569,-0.26944501770060564,0.7761476039886475
5,2,16,-0.14608464815093075,-0.28243031975846616,0.5568839311599731
5,2,17,0.3213862259320477,-0.15257729917986101,0.7729994654655457
5,2,18,-0.15257729917986101,-0.15906995020879128,0.5510879158973694
5,2,19,0.23698176255595435,-0.21101115844023333,0.7717241048812866
5,2,20,-0.15906995020879128,-0.17205525226665178,0.553598165512085
5,2,21,0.2434744135848846,-0.24996706461381485,0.7504809498786926
5,2,22,-0.14608464815093075,-0.20451850741130306,0.551079511642456
5,2,23,0.10712874197734923,0.009738976543395384,0.9960735440254213
5,2,24,-0.10712874197734923,-0.009738976543395384,0.9964483976364136
5,2,25,0.029216929630186152,0.6979599856100025,0.7434364557266235
5,2,26,-0.3343715279899082,0.6330334753207,0.8527355790138245
5,2,27,0.11362139300627948,1.5030487131973542,0.8324247002601624
5,2,28,-0.20451850741130306,1.3277471354162373,0.8843649625778198
5,2,29,0.21101115844023333,1.6329017337759595,0.8091276288032532
5,2,30,-0.15257729917986101,1.4381222029080518,0.8505050539970398
5,2,31,-0.06817283580376769,1.65237968686275,0.8607801198959351
5,2,32,-0.5226584078288856,1.5095413642262845,0.8864376544952393
6,1,0,0.13650518510840168,-1.3650518510840166,0.999621033668518
6,1,1,0.07936347971418702,-1.4158444781010964,0.999501883983612
6,1,2,0.07936347971418702,-1.4158444781010964,0.999462068080902
6,1,3,0.07301440133705206,-1.4158444781010964,0.999545395374298
6,1,4,0.06666532295991709,-1.4094953997239614,0.9995171427726746
6,1,5,0.04761808782851221,-1.4094953997239614,0.9994508624076844
6,1,6,0.03491993107424229,-1.4031463213468265,0.9995090365409852
6,1,7,-0.022221774319972364,-1.3587027727068817,0.9991123676300048
6,1,8,-0.07301440133705206,-1.3523536943297467,0.9991989135742188
6,1,9,0.14285426348553662,-1.2761647538041272,0.9994291067123412
6,1,10,0.11745794997699678,-1.2761647538041272,0.999170184135437
6,1,11,0.10475979322272685,-0.9587108349473791,0.999326229095459
6,1,12,-0.09206163646845694,-1.0412488538501337,0.9990003108978271
6,1,13,0.14285426348553662,-0.488879035039392,0.5812264680862427
6,1,14,-0.40316647694807,-0.6285587593363612,0.570096492767334
6,1,15,0.2888830661596407,-0.0634907837713496,0.7135475277900696
6,1,16,-0.0031745391885674807,-0.29205760534820824,0.5988393425941467
6,1,17,0.3269775364224505,0.0634907837713496,0.7127785086631775
6,1,18,0.11110887159986182,-0.15872695942837403,0.5909171104431152
6,1,19,0.34602477155385536,0.05079262701707969,0.7120493054389954
6,1,20,0.16825057699407647,-0.13967972429696915,0.5925911068916321
6,1,21,0.3396756931767204,-0.0063490783771349615,0.6933889985084534
6,1,22,0.1301561067312667,-0.20317050806831877,0.5875288844108582
6,1,23,0.07936347971418702,0.0063490783771349615,0.9961655735969543
6,1,24,-0.07936347971418702,-0.0063490783771349615,0.9965845346450806
6,1,25,0.06666532295991709,0.7364930917476555,0.7146118879318237
6,1,26,-0.06031624458278213,0.6983986214848458,0.8613895177841187
6,1,27,-0.04761808782851221,1.472986183495311,0.8180111646652222
6,1,28,-0.14285426348553662,1.4031463213468265,0.8891727328300476
6,1,29,-0.14285426348553662,1.5872695942837403,0.7977631688117981
6,1,30,-0.1619014986169415,1.485684340249581,0.847890317440033
6,1,31,0.11110887159986182,1.6190149861694152,0.8521105051040649
6,1,32,0.0984107148455919,1.5555242023980655,0.890812337398529
6,2,0,-0.2622823946011306,-1.3507543321958226,0.999613642692566
6,2,1,-0.21638297554593275,-1.4163249308461054,0.9994875192642212
6,2,2,-0.20326885581587623,-1.4163249308461054,0.9994690418243408
6,2,3,-0.18359767622079143,-1.4228819907111336,0.9995514154434204
6,2,4,-0.2294970952759893,-1.4228819907111336,0.999488651752472
6,2,5,-0.2294970952759893,-1.4228819907111336,0.9994288682937622
6,2,6,-0.22294003541096102,-1.4228819907111336,0.9994731545448304
6,2,7,-0.09179883811039571,-1.3769825716559358,0.9991776943206788
6,2,8,-0.13769825716559358,-1.3900966913859922,0.9991605877876282
6,2,9,-0.21638297554593275,-1.2655125539504553,0.9994531869888306
6,2,10,-0.23605415514101755,-1.2655125539504553,0.9991278648376464
6,2,11,0.13769825716559358,-0.9966730994842964,0.9993917346000672
6,2,12,-0.11802707757050877,-1.0032301593493247,0.9988662004470824
6,2,13,0.40653771163175245,-0.5639071483924308,0.6230068802833557
6,2,14,-0.20326885581587623,-0.5114506694722047,0.5171107649803162
6,2,15,0.2491682748710741,-0.19671179595084798,0.7415855526924133
6,2,16,-0.1704835564907349,-0.24261121500604582,0.5487316250801086
6,2,17,0.17704061635576318,-0.07212765851531092,0.739664614200592
6,2,18,-0.1901547360858197,-0.10491295784045225,0.5426760911941528
6,2,19,0.12458413743553705,-0.12458413743553705,0.7387941479682922
6,2,20,-0.20326885581587623,-0.14425531703062183,0.5445890426635742
6,2,21,0.14425531703062183,-0.1704835564907349,0.7205654978752136
6,2,22,-0.17704061635576318,-0.17704061635576318,0.5400496125221252
6,2,23,0.11147001770548051,0.006557059865028266,0.9964215755462646
6,2,24,-0.11147001770548051,-0.006557059865028266,0.9966684579849244
6,2,25,0.04589941905519786,0.7212765851531092,0.7423052191734314
6,2,26,-0.30818181365632846,0.6622630463678548,0.8664223551750183
6,2,27,0.1311411973005653,1.4884525893614162,0.8353081345558167
6,2,28,-0.10491295784045225,1.3441972723307944,0.8941465616226196
6,2,29,0.23605415514101755,1.6130367267969532,0.8106786012649536
6,2,30,-0.11802707757050877,1.455667290036275,0.8518273830413818
6,2,31,-0.006557059865028266,1.6720502655822076,0.8652072548866272
6,2,32,-0.33441005311644156,1.5474661281466706,0.8967486619949341
7,1,0,0.12576377965075752,-1.3708251981932569,0.9996123313903807
7,1,1,0.06917007880791663,-1.4274188990360976,0.9994667768478394
7,1,2,0.06288188982537876,-1.4274188990360976,0.9994283318519592
7,1,3,0.05659370084284088,-1.42113071005356,0.9995115399360656
7,1,4,0.05030551186030301,-1.42113071005356,0.9994894862174988
7,1,5,0.03144094491268938,-1.414842521071022,0.999433159828186
7,1,6,0.012576377965075752,-1.414842521071022,0.9994850754737854
7,1,7,0.025152755930151503,-1.3708251981932569,0.9989691376686096
7,1,8,-0.018864566947613626,-1.358248820228181,0.99921315908432
7,1,9,0.12576377965075752,-1.2890787414202645,0.999400794506073
7,1,10,0.10061102372060601,-1.2890787414202645,0.9991816878318788
7,1,11,0.11318740168568175,-0.9746692922933707,0.99929678440094
7,1,12,-0.0754582677904545,-1.0249748041536737,0.9989712238311768
7,1,13,0.05659370084284088,-0.5030551186030301,0.5695646405220032
7,1,14,-0.3144094491268938,-0.5156314965681058,0.5648413300514221
7,1,15,0.29554488217928016,-0.1572047245634469,0.6891586184501648
7,1,16,0.06288188982537876,-0.24523937031897713,0.5914779305458069
7,1,17,0.3081212601443559,-0.05030551186030301,0.6908855438232422
7,1,18,0.19493385845867414,-0.10689921270314388,0.5837864279747009
7,1,19,0.32698582709196955,-0.06917007880791663,0.6907336115837097
7,1,20,0.23895118133643928,-0.20122204744121203,0.5850650072097778
7,1,21,0.2829685042142044,-0.10689921270314388,0.6739505529403687
7,1,22,0.20751023642374988,-0.2263748033713635,0.5784192085266113
7,1,23,0.06917007880791663,0.006288188982537876,0.9964689016342164
7,1,24,-0.06917007880791663,-0.006288188982537876,0.996734082698822
7,1,25,0.08174645677299239,0.7168535440093178,0.715597927570343
7,1,26,-0.06288188982537876,0.6979889770617042,0.8739493489265442
7,1,27,-0.06288188982537876,1.414842521071022,0.8235555291175842
7,1,28,-0.08174645677299239,1.364537009210719,0.8969246745109558
7,1,29,-0.1572047245634469,1.5217417337741659,0.8014729619026184
7,1,30,-0.1823574804935984,1.4525716549662493,0.8485596179962158
7,1,31,0.09432283473806813,1.5846236235995446,0.8570752143859863
7,1,32,0.09432283473806813,1.5468944897043173,0.8989739418029785
7,2,0,-0.21018681924849905,-1.3630296763387515,0.9995763301849364
7,2,1,-0.1592324388246205,-1.4330919494215846,0.9994086623191832
7,2,2,-0.14649384371865085,-1.4330919494215846,0.9993963241577148
7,2,3,-0.1273859510596964,-1.4267226518685996,0.999489724636078
7,2,4,-0.17834033148357495,-1.4330919494215846,0.9994025826454164
7,2,5,-0.17834033148357495,-1.4394612469745693,0.9993444681167604
7,2,6,-0.17834033148357495,-1.4394612469745693,0.9993792176246644
7,2,7,-0.04458508287089374,-1.382137568997706,0.999023735523224
7,2,8,-0.10190876084775712,-1.3948761641036755,0.9990931749343872
7,2,9,-0.1592324388246205,-1.273859510596964,0.9994280338287354
7,2,10,-0.1910789265895446,-1.2802288081499489,0.9991366267204284
7,2,11,0.11464735595372676,-1.0063490133716015,0.9993662238121032
7,2,12,-0.10190876084775712,-0.9936104182656319,0.999000072479248
7,2,13,0.3248341752022258,-0.5541288871096793,0.6125358939170837
7,2,14,-0.1974482241425294,-0.49043591157983113,0.5194884538650513
7,2,15,0.07643157063581783,-0.24203330701342315,0.7200656533241272
7,2,16,-0.28661838988431687,-0.21018681924849905,0.5707730650901794
7,2,17,-0.02547719021193928,-0.11464735595372676,0.7212591767311096
7,2,18,-0.34394206786118026,-0.10190876084775712,0.5635008811950684
7,2,19,-0.07643157063581783,-0.18470962903655977,0.7210540175437927
7,2,20,-0.3503113654141651,-0.14012454616566603,0.5653493404388428
7,2,21,-0.05732367797686338,-0.21655611680148387,0.7053698897361755
7,2,22,-0.3248341752022258,-0.1656017363776053,0.5585483312606812
7,2,23,0.07006227308283301,0.01273859510596964,0.996713638305664
7,2,24,-0.07006227308283301,-0.01273859510596964,0.9967742562294006
7,2,25,0.04458508287089374,0.6751455406163909,0.7408373355865479
7,2,26,-0.2292947119074535,0.6178218626395275,0.8624954223632812
7,2,27,0.14012454616566603,1.3693989738917363,0.8371101021766663
7,2,28,-0.01910789265895446,1.2420130228320398,0.8813655376434326
7,2,29,0.2675104972253624,1.490415627398448,0.8081457018852234
7,2,30,0.07006227308283301,1.343921783679797,0.8399038314819336
7,2,31,-0.0318464877649241,1.5350007102693417,0.8655065894126892
7,2,32,-0.15286314127163567,1.4713077347394934,0.8914541006088257
8,1,0,0.15383450291672066,-1.3568203157254763,0.9995649456977844
8,1,1,0.10460746198337005,-1.4122007367754956,0.9993674755096436
8,1,2,0.09845408186670122,-1.4122007367754956,0.9993329048156738
8,1,3,0.0923007017500324,-1.4122007367754956,0.9994356036186218
8,1,4,0.08614732163336357,-1.406047356658827,0.9993892312049866
8,1,5,0.07384056140002591,-1.406047356658827,0.999333381652832
8,1,6,0.05538042105001944,-1.399893976542158,0.9993821978569032
8,1,7,0.0,-1.362973695842145,0.998766839504242
8,1,8,-0.043073660816681784,-1.3506669356088075,0.9991292357444764
8,1,9,0.14768112280005183,-1.2829797543254504,0.999349057674408
8,1,10,0.12922098245004535,-1.2768263742087815,0.9991755485534668
8,1,11,0.09845408186670122,-0.9691573683753402,0.9992436766624452
8,1,12,-0.07384056140002591,-1.0306911695420284,0.9990896582603456
8,1,13,0.10460746198337005,-0.4645801988084964,0.5596698522567749
8,1,14,-0.3076690058334413,-0.5199606198585158,0.5666912794113159
8,1,15,0.1661412631500583,-0.17537133332506155,0.6673460006713867
8,1,16,0.061533801166688266,-0.26151865495842513,0.6106133460998535
8,1,17,0.28920886548343483,-0.052303730991685025,0.6716120839118958
8,1,18,0.17844802338339597,-0.17537133332506155,0.6015608310699463
8,1,19,0.2769021052500972,-0.12614429239171093,0.6721579432487488
8,1,20,0.22767506431674658,-0.26767203507509396,0.6026681661605835
8,1,21,0.27074872513342835,-0.10768415204170446,0.6575183272361755
8,1,22,0.19075478361673362,-0.29228555554176927,0.5931805968284607
8,1,23,0.061533801166688266,0.0030766900583344132,0.996559739112854
8,1,24,-0.061533801166688266,-0.0030766900583344132,0.9967176914215088
8,1,25,0.06768718128335709,0.6984086432419118,0.7121064066886902
8,1,26,0.012306760233337653,0.6676417426585677,0.8696697950363159
8,1,27,-0.07384056140002591,1.3383601753754697,0.8243873119354248
8,1,28,-0.04922704093335061,1.3014398946754568,0.8859723210334778
8,1,29,-0.15383450291672066,1.4614277777088462,0.7990740537643433
8,1,30,-0.141527742683383,1.406047356658827,0.840134859085083
8,1,31,0.061533801166688266,1.4983480584088593,0.8566077947616577
8,1,32,0.1661412631500583,1.4983480584088593,0.8942273855209351
8,2,0,-0.16610421415403315,-1.3382358385617388,0.9995017647743224
8,2,1,-0.12222762928315647,-1.407184757644545,0.999282717704773
8,2,2,-0.10969146217719171,-1.407184757644545,0.9992774724960328
8,2,3,-0.09715529507122694,-1.407184757644545,0.9993959665298462
8,2,4,-0.14103187994210362,-1.407184757644545,0.9992591738700868
8,2,5,-0.13476379638912123,-1.407184757644545,0.999193787574768
8,2,6,-0.13476379638912123,-1.4134528411975273,0.9992236495018004
8,2,7,-0.02193829243543834,-1.3633081727736682,0.9988226890563964
8,2,8,-0.0720829608592974,-1.3758443398796332,0.9989035725593568
8,2,9,-0.12222762928315647,-1.2504826688199855,0.999361515045166
8,2,10,-0.147299963495086,-1.2567507523729677,0.9990509152412416
8,2,11,0.11595954573017409,-0.9934912431477078,0.99931800365448
8,2,12,-0.0720829608592974,-1.0060274102536724,0.9990684390068054
8,2,13,0.3729509714024518,-0.523384976674029,0.6035842895507812
8,2,14,-0.10969146217719171,-0.48577647535613466,0.5173685550689697
8,2,15,0.08461912796526216,-0.23505313323683935,0.7002542614936829
8,2,16,-0.228785049683857,-0.20998079902490982,0.5731506943702698
8,2,17,0.009402125329473574,-0.10342337862420932,0.7034016251564026
8,2,18,-0.27266163455473363,-0.11595954573017409,0.5665177702903748
8,2,19,-0.047010626647367874,-0.17864038125999793,0.7037681341171265
8,2,20,-0.29146588521368083,-0.147299963495086,0.5680517554283142
8,2,21,-0.028206375988420723,-0.19744463191894507,0.6896399855613708
8,2,22,-0.2601254674487689,-0.17864038125999793,0.5595049858093262
8,2,23,0.05327871020035026,0.015670208882455957,0.996758759021759
8,2,24,-0.05327871020035026,-0.015670208882455957,0.9966148138046264
8,2,25,0.05954679375333264,0.6738189819456062,0.7375243902206421
8,2,26,-0.16610421415403315,0.6236743135217471,0.8544754981994629
8,2,27,0.17237229770701554,1.325699671455774,0.8380028605461121
8,2,28,0.028206375988420723,1.2191422510550736,0.870695948600769
8,2,29,0.27892971810771605,1.457329426068404,0.8091151118278503
8,2,30,0.10342337862420932,1.325699671455774,0.831986665725708
8,2,31,-0.009402125329473574,1.4949379273862984,0.8654220104217529
8,2,32,-0.09088721151824455,1.4698655931743687,0.8871204853057861
9,1,0,0.12140575079872204,-1.4089456869009584,0.999441623687744
9,1,1,0.07028753993610223,-1.4664536741214058,0.9991682171821594
9,1,2,0.07028753993610223,-1.4664536741214058,0.9991223812103271
9,1,3,0.06389776357827476,-1.4664536741214058,0.999282956123352
9,1,4,0.051118210862619806,-1.4664536741214058,0.999196708202362
9,1,5,0.03194888178913738,-1.4600638977635783,0.9991220831871032
9,1,6,0.012779552715654952,-1.4600638977635783,0.999186396598816
9,1,7,0.051118210862619806,-1.415335463258786,0.9984016418457032
9,1,8,-0.006389776357827476,-1.4089456869009584,0.9988715052604676
9,1,9,0.12140575079872204,-1.3322683706070289,0.99917733669281
9,1,10,0.10223642172523961,-1.3258785942492013,0.9990292191505432
9,1,11,0.10223642172523961,-0.987220447284345,0.999178111553192
9,1,12,-0.10223642172523961,-1.012779552715655,0.9991377592086792
9,1,13,0.14057507987220447,-0.4952076677316294,0.5536192059516907
9,1,14,-0.17891373801916932,-0.45686900958466453,0.5643337368965149
9,1,15,0.22364217252396165,-0.3035143769968051,0.6512196660041809
9,1,16,0.21725239616613418,-0.34185303514376997,0.6117855906486511
9,1,17,0.3258785942492013,-0.23961661341853036,0.6573110818862915
9,1,18,0.3514376996805112,-0.3035143769968051,0.6032389402389526
9,1,19,0.36421725239616615,-0.329073482428115,0.6589013338088989
9,1,20,0.38338658146964855,-0.3929712460063898,0.6041367650032043
9,1,21,0.3258785942492013,-0.3354632587859425,0.6449655294418335
9,1,22,0.3450479233226837,-0.3993610223642173,0.5925679206848145
9,1,23,0.07667731629392971,-0.003194888178913738,0.9962172508239746
9,1,24,-0.07667731629392971,0.003194888178913738,0.9962299466133118
9,1,25,0.10223642172523961,0.6805111821086262,0.7016003131866455
9,1,26,0.03194888178913738,0.6932907348242812,0.8571476340293884
9,1,27,-0.07028753993610223,1.3833865814696487,0.8146463632583618
9,1,28,-0.07028753993610223,1.351437699680511,0.8716135621070862
9,1,29,-0.1597444089456869,1.4984025559105432,0.790493905544281
9,1,30,-0.1597444089456869,1.4536741214057507,0.8277897834777832
9,1,31,0.051118210862619806,1.5686900958466454,0.8487510085105896
9,1,32,0.12779552715654952,1.5750798722044728,0.886652410030365
9,2,0,-0.24199423136112772,-1.3767509649058751,0.9994378089904784
9,2,1,-0.20275192357283672,-1.4486951958510754,0.9991675615310668
9,2,2,-0.18967115431007306,-1.4486951958510754,0.9991375207901
9,2,3,-0.17005000041592758,-1.4486951958510754,0.9992965459823608
9,2,4,-0.2223730774669822,-1.455235580482457,0.9991841316223145
9,2,5,-0.2223730774669822,-1.455235580482457,0.9991097450256348
9,2,6,-0.2223730774669822,-1.461775965113839,0.9991596341133118
9,2,7,-0.13734807725901843,-1.4029125034314025,0.9985119700431824
9,2,8,-0.18967115431007306,-1.422533657325548,0.99885094165802
9,2,9,-0.20929230820421857,-1.2917259646979113,0.9992274045944214
9,2,10,-0.23545384672974587,-1.2982663493292932,0.9990191459655762
9,2,11,0.05886346168243647,-1.0039490409171108,0.9992583394050598
9,2,12,-0.20275192357283672,-0.9908682716543472,0.9991472363471984
9,2,13,0.18967115431007306,-0.44801634724965533,0.5980427265167236
9,2,14,-0.1765903850473094,-0.44147596261827354,0.516541063785553
9,2,15,-0.2223730774669822,-0.27142596220234594,0.6854743957519531
9,2,16,-0.29431730841218234,-0.2191028851512913,0.5713082551956177
9,2,17,-0.35972115472600064,-0.18640096199438216,0.6900575757026672
9,2,18,-0.38588269325152796,-0.12099711568056386,0.5660182237625122
9,2,19,-0.40550384714567345,-0.25180480830820046,0.6913705468177795
9,2,20,-0.4120442317770553,-0.18640096199438216,0.5671989321708679
9,2,21,-0.3662615393573825,-0.27142596220234594,0.6774862408638
9,2,22,-0.35972115472600064,-0.20602211588852765,0.5566739439964294
9,2,23,0.09810576947072745,0.009810576947072745,0.996465504169464
9,2,24,-0.09810576947072745,-0.009810576947072745,0.996307373046875
9,2,25,-0.08502500020796379,0.6965509632421649,0.7260905504226685
9,2,26,-0.24853461599250953,0.6442278861911103,0.8351293206214905
9,2,27,0.13734807725901843,1.3636701956431116,0.8270816802978516
9,2,28,0.01308076926276366,1.272104810803766,0.8487098813056946
9,2,29,0.24853461599250953,1.4879375036393663,0.8007451891899109
9,2,30,0.07848461557658196,1.383291349537257,0.8154808878898621
9,2,31,-0.11772692336487293,1.5206394267962755,0.8558385372161865
9,2,32,-0.1765903850473094,1.4748567343766026,0.8699221611022949
10,1,0,0.14285714285714285,-1.4217687074829932,0.999442219734192
10,1,1,0.10204081632653061,-1.4965986394557824,0.9991909861564636
10,1,2,0.10204081632653061,-1.4965986394557824,0.9991527199745178
10,1,3,0.10204081632653061,-1.4965986394557824,0.9993122220039368
10,1,4,0.06802721088435375,-1.4965986394557824,0.9992173910140992
10,1,5,0.05442176870748299,-1.4965986394557824,0.9991421103477478
10,1,6,0.027210884353741496,-1.4965986394557824,0.9992045760154724
10,1,7,0.06802721088435375,-1.4489795918367347,0.998546063899994
10,1,8,0.0,-1.4489795918367347,0.9989318251609802
10,1,9,0.14285714285714285,-1.3401360544217686,0.9992305040359496
10,1,10,0.11564625850340136,-1.346938775510204,0.9990787506103516
10,1,11,0.11564625850340136,-1.0,0.9992132782936096
10,1,12,-0.11564625850340136,-1.0,0.9992204904556274
10,1,13,0.1564625850340136,-0.46258503401360546,0.5452553033828735
10,1,14,-0.034013605442176874,-0.40816326530612246,0.5638789534568787
10,1,15,0.2653061224489796,-0.5034013605442177,0.631666362285614
10,1,16,0.3673469387755102,-0.54421768707483,0.6109215021133423
10,1,17,0.36054421768707484,-0.5306122448979592,0.6400790810585022
10,1,18,0.4965986394557823,-0.6122448979591837,0.6037094593048096
10,1,19,0.3877551020408163,-0.6190476190476191,0.641390323638916
10,1,20,0.48299319727891155,-0.6802721088435374,0.604211151599884
10,1,21,0.3333333333333333,-0.6054421768707483,0.6281054019927979
10,1,22,0.4489795918367347,-0.6666666666666666,0.5922002792358398
10,1,23,0.09523809523809523,-0.006802721088435374,0.9962308406829834
10,1,24,-0.09523809523809523,0.006802721088435374,0.9962455630302428
10,1,25,0.10884353741496598,0.7687074829931972,0.7036808133125305
10,1,26,0.09523809523809523,0.7619047619047619,0.8446101546287537
10,1,27,-0.10204081632653061,1.4829931972789117,0.8135367631912231
10,1,28,-0.04081632653061224,1.510204081632653,0.8532440066337585
10,1,29,-0.20408163265306123,1.6122448979591837,0.7865750193595886
10,1,30,-0.1292517006802721,1.619047619047619,0.8160116672515869
10,1,31,0.07482993197278912,1.6258503401360545,0.8440996408462524
10,1,32,0.20408163265306123,1.6666666666666667,0.8717244267463684
10,2,0,-0.2213883547923626,-1.4148099548449424,0.9994454383850098
10,2,1,-0.20755158261783996,-1.4839938157175556,0.9992052316665648
10,2,2,-0.20063319653057862,-1.4839938157175556,0.9991661310195924
10,2,3,-0.18679642435605595,-1.4839938157175556,0.9993214011192322
10,2,4,-0.23522512696688527,-1.4909122018048169,0.999220371246338
10,2,5,-0.2421435130541466,-1.4909122018048169,0.9991441965103148
10,2,6,-0.2421435130541466,-1.4978305878920783,0.999209761619568
10,2,7,-0.09685740522165864,-1.4424834991939877,0.9986303448677064
10,2,8,-0.15912288000701064,-1.4632386574557716,0.9989295601844788
10,2,9,-0.17987803826879462,-1.324870935710545,0.9992647171020508
10,2,10,-0.20755158261783996,-1.3317893217978063,0.999058485031128
10,2,11,0.11761256348344264,-0.9927884035220012,0.9992685914039612
10,2,12,-0.16604126609427197,-1.0066251756965237,0.99921452999115
10,2,13,0.1106941773961813,-0.41164397219204923,0.5900405049324036
10,2,14,-0.1937148104433173,-0.45315428871561725,0.5247648358345032
10,2,15,-0.33900091827580525,-0.4739094469774012,0.6657610535621643
10,2,16,-0.33900091827580525,-0.4254807443665719,0.577686071395874
10,2,17,-0.4912054121955545,-0.4323991304538332,0.6703282594680786
10,2,18,-0.4842870261082932,-0.3839704278430039,0.5716834664344788
10,2,19,-0.5050421843700772,-0.5154197635009692,0.6711952686309814
10,2,20,-0.5119605704573386,-0.4462359026283559,0.5729259848594666
10,2,21,-0.44969509567198657,-0.5154197635009692,0.6565501689910889
10,2,22,-0.44969509567198657,-0.4462359026283559,0.5628736019134521
10,2,23,0.11761256348344264,0.0034591930436306657,0.9961925745010376
10,2,24,-0.11761256348344264,-0.0034591930436306657,0.9960620999336244
10,2,25,-0.10377579130891998,0.7644816626423772,0.7251275181770325
10,2,26,-0.22830674087962394,0.7298897322060705,0.8183958530426025
10,2,27,0.17987803826879462,1.470157043543033,0.8233344554901123
10,2,28,0.062265474785351986,1.4148099548449424,0.8298535346984863
10,2,29,0.2836538295777146,1.6016063792009982,0.7963387370109558
10,2,30,0.15912288000701064,1.5393409044156463,0.8032928109169006
10,2,31,-0.1106941773961813,1.6016063792009982,0.8493386507034302
10,2,32,-0.13836772174522663,1.573932834851953,0.8542848229408264
11,1,0,0.13960965377126278,-1.3831095931757662,0.9994977116584778
11,1,1,0.10064882016067782,-1.4480443158600744,0.9992821216583252
11,1,2,0.10064882016067782,-1.4480443158600744,0.9992465972900392
11,1,3,0.10714229242910865,-1.4480443158600744,0.999386727809906
11,1,4,0.08116840335538535,-1.4415508435916435,0.9992951154708862
11,1,5,0.06818145881852368,-1.4415508435916435,0.9992258548736572
11,1,6,0.06168798655009286,-1.4415508435916435,0.9992852807044984
11,1,7,0.08116840335538535,-1.4025900099810586,0.9987630248069764
11,1,8,0.0487010420132312,-1.389603065444197,0.9990350008010864
11,1,9,0.1461031260396936,-1.3051879259545962,0.9993353486061096
11,1,10,0.12662270923440114,-1.2986944536861655,0.999150276184082
11,1,11,0.029220625207938722,-0.9805143125330549,0.9993332624435424
11,1,12,-0.022727152939507896,-1.0194751461436398,0.9992913603782654
11,1,13,0.1201292369659703,-0.4415561142532963,0.5494842529296875
11,1,14,0.042207569744800374,-0.4610365310585887,0.571223795413971
11,1,15,0.11363576469753947,-0.6883080604536677,0.6544426679611206
11,1,16,0.3798681277032034,-0.7402558386011143,0.6167681217193604
11,1,17,0.16558354284498608,-0.7727231999432684,0.662245512008667
11,1,18,0.470776739461235,-0.8441513948960075,0.6083076596260071
11,1,19,0.19155743191870941,-0.7986970890169918,0.663027286529541
11,1,20,0.43181590585065,-0.8896057007750233,0.6086656451225281
11,1,21,0.17857048738184775,-0.7792166722116992,0.6468431949615479
11,1,22,0.39285507224006505,-0.8571383394328692,0.5975396633148193
11,1,23,0.0032467361342154136,0.0,0.9964218139648438
11,1,24,-0.0032467361342154136,0.0,0.996269166469574
11,1,25,0.009740208402646241,0.714281949527391,0.7035046815872192
11,1,26,0.1201292369659703,0.7402558386011143,0.8296429514884949
11,1,27,-0.11363576469753947,1.428563899054782,0.8100928664207458
11,1,28,0.0032467361342154136,1.4805116772022286,0.8377209305763245
11,1,29,-0.21753132099243272,1.5454463998865369,0.7855232954025269
11,1,30,-0.094155347892247,1.6038876503024144,0.8120315670967102
11,1,31,0.055194514281662034,1.538952927618106,0.8405986428260803
11,1,32,0.21753132099243272,1.6233680671077069,0.8592051863670349
11,2,0,-0.1833811233962029,-1.3805484572657538,0.9995269775390624
11,2,1,-0.19030116578851244,-1.456668923581159,0.9993372559547424
11,2,2,-0.17646108100389335,-1.456668923581159,0.9993035197257996
11,2,3,-0.15570095382696472,-1.456668923581159,0.9994315505027772
11,2,4,-0.2179813353577506,-1.456668923581159,0.9993436336517334
11,2,5,-0.2179813353577506,-1.4635889659734684,0.99927818775177
11,2,6,-0.2179813353577506,-1.4635889659734684,0.9993351697921752
11,2,7,-0.05882036033463112,-1.4151486692273016,0.9988770484924316
11,2,8,-0.12802078425772656,-1.4359087964042303,0.999098777770996
11,2,9,-0.17646108100389335,-1.29058790616573,0.9993871450424194
11,2,10,-0.19722120818082198,-1.29058790616573,0.9991970658302308
11,2,11,0.11418069947310747,-0.9930260832964195,0.9993831515312196
11,2,12,-0.1349408266500361,-1.0068661680810385,0.9992758631706238
11,2,13,0.017300105980773858,-0.42558260712703694,0.5936195850372314
11,2,14,-0.23874146253467923,-0.4740229038732037,0.5311762094497681
11,2,15,-0.41866256473472735,-0.5916636245424659,0.6846923232078552
11,2,16,-0.4117425223424178,-0.6331838788963232,0.5872286558151245
11,2,17,-0.5432233277962991,-0.6470239636809423,0.687300980091095
11,2,18,-0.5501433701886087,-0.68162417564249,0.5814526081085205
11,2,19,-0.515543158227061,-0.7023843028194187,0.6875743269920349
11,2,20,-0.5224632006193706,-0.7300644723886568,0.5815759897232056
11,2,21,-0.4740229038732037,-0.68162417564249,0.6697797775268555
11,2,22,-0.46018281908858466,-0.7162243876040377,0.5715808272361755
11,2,23,0.08650052990386929,0.003460021196154772,0.9964320063591005
11,2,24,-0.08650052990386929,-0.003460021196154772,0.9961374998092652
11,2,25,-0.15570095382696472,0.7854248115271332,0.7242078185081482
11,2,26,-0.2179813353577506,0.7508245995655854,0.7877975106239319
11,2,27,0.17646108100389335,1.5120292627196352,0.8175259828567505
11,2,28,0.08650052990386929,1.4359087964042303,0.7978569269180298
11,2,29,0.2941018016731556,1.636590025781207,0.7936802506446838
11,2,30,0.16954103861158382,1.560469559465802,0.7888122200965881
11,2,31,-0.11418069947310747,1.622749940996588,0.8442239165306091
11,2,32,-0.12802078425772656,1.6019898138196593,0.8292111754417419
12,1,0,0.10924218154838354,-1.3406995008210707,0.9995611310005188
12,1,1,0.08275922844574511,-1.4069068835776668,0.999393343925476
12,1,2,0.08937996672140472,-1.4069068835776668,0.9993609189987184
12,1,3,0.10924218154838354,-1.4069068835776668,0.9994785785675048
12,1,4,0.056276275343106676,-1.4069068835776668,0.9993980526924132
12,1,5,0.056276275343106676,-1.4069068835776668,0.9993371963500975
12,1,6,0.056276275343106676,-1.4069068835776668,0.9993915557861328
12,1,7,0.0761384901700855,-1.3804239304750285,0.9989725947380066
12,1,8,0.01655184568914902,-1.3605617156480496,0.9991836547851562
12,1,9,0.10924218154838354,-1.267871379788815,0.9994375705718994
12,1,10,0.08275922844574511,-1.267871379788815,0.9992685317993164
12,1,11,0.01655184568914902,-0.9831796339354519,0.999405562877655
12,1,12,-0.06289701361876629,-1.01628332531375,0.9993436932563782
12,1,13,0.12248365809970277,-0.47338278670966205,0.5524759292602539
12,1,14,0.02979332224046824,-0.48662426326098124,0.5769331455230713
12,1,15,0.20193251740761806,-0.8044197004926424,0.6565820574760437
12,1,16,0.32110580636949104,-0.8441441301466002,0.625450074672699
12,1,17,0.28138137671553337,-0.9103515129031962,0.6612130999565125
12,1,18,0.40055466567740633,-0.9368344660058346,0.6170778274536133
12,1,19,0.25489842361289494,-0.9434552042814942,0.6610519289970398
12,1,20,0.3873131891260871,-0.9898003722111115,0.6164131760597229
12,1,21,0.2284154705102565,-0.9302137277301751,0.6442399621009827
12,1,22,0.34758875947212947,-0.9566966808328135,0.6052237153053284
12,1,23,0.02979332224046824,0.0033103691378298045,0.996483027935028
12,1,24,-0.02979332224046824,-0.0033103691378298045,0.9961980581283568
12,1,25,-0.023172583964808632,0.7514537942873656,0.6829094886779785
12,1,26,0.056276275343106676,0.7845574856656636,0.7879762649536133
12,1,27,-0.15558734947800082,1.5128386959882205,0.7808788418769836
12,1,28,-0.02979332224046824,1.5790460787448166,0.7939298152923584
12,1,29,-0.26151916188855456,1.6320119849500936,0.7650473117828369
12,1,30,-0.13572513465102198,1.7048401059823493,0.784748375415802
12,1,31,-0.02979332224046824,1.6187705083987745,0.8166467547416687
12,1,32,0.18207030258063925,1.7842889652902645,0.8222535252571106
12,2,0,-0.21971213823742808,-1.3594688553440861,0.9995902180671692
12,2,1,-0.1785161123179103,-1.4281288985432825,0.9994420409202576
12,2,2,-0.1716501079979907,-1.4281288985432825,0.9994127750396729
12,2,3,-0.1510520950382318,-1.4281288985432825,0.9995188117027284
12,2,4,-0.1991141252776692,-1.434994902863202,0.9994426369667052
12,2,5,-0.20598012959758882,-1.434994902863202,0.9993866682052612
12,2,6,-0.20598012959758882,-1.4418609071831217,0.9994372725486756
12,2,7,-0.0755260475191159,-1.400664881263604,0.9990679621696472
12,2,8,-0.13732008639839255,-1.4075308855835236,0.9992417693138124
12,2,9,-0.18538211663782994,-1.270210799185131,0.999479115009308
12,2,10,-0.21284613391750845,-1.270210799185131,0.9993094801902772
12,2,11,0.08925805615895516,-1.0024366307082655,0.9994512796401978
12,2,12,-0.1785161123179103,-0.9955706263883459,0.9993515014648438
12,2,13,-0.09612406047887478,-0.46002228943461504,0.5960327386856079
12,2,14,-0.2540421598370262,-0.5355483369537309,0.5449696779251099
12,2,15,-0.41196025919517765,-0.7483944708712393,0.6865580677986145
12,2,16,-0.4874863067142935,-0.7758584881509178,0.6117225885391235
12,2,17,-0.5355483369537309,-0.8445185313501141,0.6868389248847961
12,2,18,-0.6042083801529272,-0.8719825486297926,0.6036121845245361
12,2,19,-0.514950323993972,-0.9063125702293908,0.6863349676132202
12,2,20,-0.5836103671931683,-0.9337765875090693,0.6017876863479614
12,2,21,-0.46002228943461504,-0.8719825486297926,0.6684499382972717
12,2,22,-0.5286823326338113,-0.8994465659094711,0.589931309223175
12,2,23,0.08239205183903553,0.0068660043199196275,0.9966643452644348
12,2,24,-0.08239205183903553,-0.0068660043199196275,0.9963923692703248
12,2,25,-0.08925805615895516,0.8307865227102749,0.7085826992988586
12,2,26,-0.19224812095774957,0.7758584881509178,0.7530731558799744
12,2,27,0.1785161123179103,1.5723149892615946,0.7960197925567627
12,2,28,0.06866004319919627,1.5173869547022376,0.7705530524253845
12,2,29,0.3021041900764636,1.7027690713400676,0.7777599692344666
12,2,30,0.15791809935815143,1.6341090281408712,0.7692158222198486
12,2,31,-0.1510520950382318,1.6684390497404693,0.8286865949630737
12,2,32,-0.1510520950382318,1.675305054060389,0.8123967051506042
13,1,0,0.10386928161505898,-1.3340710857434137,0.999614715576172
13,1,1,0.0973774515141178,-1.3924975566518845,0.9994853734970092
13,1,2,0.10386928161505898,-1.3924975566518845,0.9994560480117798
13,1,3,0.12334477191788254,-1.3989893867528256,0.9995549917221068
13,1,4,0.07790196121129424,-1.3924975566518845,0.9994842410087584
13,1,5,0.07141013111035305,-1.3924975566518845,0.9994300007820128
13,1,6,0.07141013111035305,-1.3924975566518845,0.99947988986969
13,1,7,0.07790196121129424,-1.3665302362481198,0.9991409182548524
13,1,8,0.025967320403764746,-1.3600384061471786,0.9993100762367249
13,1,9,0.11685294181694135,-1.2496772944311785,0.99951833486557
13,1,10,0.0908856214131766,-1.2626609546330607,0.999367654323578
13,1,11,0.01947549030282356,-0.9835122602925898,0.9994695782661438
13,1,12,-0.06491830100941186,-1.0159714107972957,0.9994109272956848
13,1,13,0.12334477191788254,-0.4966250027220008,0.5571461915969849
13,1,14,0.03895098060564712,-0.4966250027220008,0.5890560746192932
13,1,15,0.21423039333105914,-0.7757736970624718,0.6649941802024841
13,1,16,0.3180996749461181,-0.8147246776681188,0.647102415561676
13,1,17,0.2856405244414122,-0.8991184689803543,0.6672155857086182
13,1,18,0.4024934662583536,-0.9315776194850602,0.6367474794387817
13,1,19,0.25967320403764743,-0.9315776194850602,0.6660874485969543
13,1,20,0.3895098060564712,-0.9900040903935309,0.6342926621437073
13,1,21,0.2401977137348239,-0.9121021291822367,0.64825040102005
13,1,22,0.35055882545082406,-0.9575449398888249,0.6212486624717712
13,1,23,0.03245915050470593,0.0032459150504705932,0.9966254830360411
13,1,24,-0.03245915050470593,-0.0032459150504705932,0.9963537454605104
13,1,25,-0.0064918301009411865,0.7627900368605894,0.6728315949440002
13,1,26,0.08439379131223543,0.7692818669615306,0.7617193460464478
13,1,27,-0.13632843211976492,1.4963668382669435,0.7649797797203064
13,1,28,0.0,1.5612851392763554,0.7724085450172424
13,1,29,-0.25967320403764743,1.6262034402857672,0.7535232901573181
13,1,30,-0.07141013111035305,1.6781380810932967,0.7697609663009644
13,1,31,0.058426470908470675,1.6002361198820025,0.8053410053253174
13,1,32,0.2012467331291768,1.7300727219008263,0.8101934194564819
13,2,0,-0.2086111774193251,-1.3324197783556895,0.9996338486671448
13,2,1,-0.174964213319434,-1.4131724921954283,0.999521017074585
13,2,2,-0.1615054276794775,-1.4131724921954283,0.9994946122169496
13,2,3,-0.14131724921954283,-1.4131724921954283,0.9995842576026917
13,2,4,-0.19515239177936866,-1.4131724921954283,0.9995155334472656
13,2,5,-0.2018817845993469,-1.4199018850154064,0.999464511871338
13,2,6,-0.2018817845993469,-1.4199018850154064,0.9995118975639344
13,2,7,-0.06729392819978229,-1.3795255280955372,0.9992175102233888
13,2,8,-0.12785846357958636,-1.399713706555472,0.9993488192558287
13,2,9,-0.16823482049945573,-1.2449376716959726,0.9995473027229308
13,2,10,-0.2018817845993469,-1.2516670645159507,0.9993877410888672
13,2,11,0.09421149947969522,-1.0026795301767562,0.9995040893554688
13,2,12,-0.16823482049945573,-0.995950137356778,0.99939227104187
13,2,13,-0.06729392819978229,-0.4643281045784978,0.600083589553833
13,2,14,-0.26244631997915097,-0.5450808184182366,0.5539948344230652
13,2,15,-0.3970341763787156,-0.7469626030175835,0.693104088306427
13,2,16,-0.4575987117585196,-0.7806095671174746,0.6266688704490662
13,2,17,-0.5181632471383237,-0.847903495317257,0.6906107068061829
13,2,18,-0.5652689968781713,-0.881550459417148,0.6165307760238647
13,2,19,-0.4845162830384325,-0.9017386378770827,0.6891628503799438
13,2,20,-0.5383514255982583,-0.935385601976974,0.6130443811416626
13,2,21,-0.4374105332985849,-0.8748210665971698,0.670140266418457
13,2,22,-0.4845162830384325,-0.9017386378770827,0.5994939208030701
13,2,23,0.09421149947969522,0.0,0.9967590570449828
13,2,24,-0.09421149947969522,0.0,0.9965038299560548
13,2,25,-0.060564535379804066,0.8142565312173659,0.6994513869285583
13,2,26,-0.18842299895939044,0.7604213886575399,0.7348752021789551
13,2,27,0.18842299895939044,1.5343015629550363,0.780710756778717
13,2,28,0.060564535379804066,1.4602782419352758,0.7515574097633362
13,2,29,0.30955206971899857,1.6621600265346228,0.7642196416854858
13,2,30,0.1615054276794775,1.5746779198749057,0.7550802230834961
13,2,31,-0.12112907075960813,1.6487012408946662,0.8172194361686707
13,2,32,-0.1615054276794775,1.6285130624347317,0.8003538250923157
14,1,0,0.08973621527546081,-1.3075848511567147,0.9996179938316344
14,1,1,0.07050702628786207,-1.3780918774445767,0.9995272159576416
14,1,2,0.07691675595039497,-1.3780918774445767,0.999493420124054
14,1,3,0.08973621527546081,-1.3780918774445767,0.9995849132537842
14,1,4,0.05127783730026332,-1.3780918774445767,0.999517261981964
14,1,5,0.04486810763773041,-1.3780918774445767,0.9994577169418336
14,1,6,0.03845837797519749,-1.3780918774445767,0.999514937400818
14,1,7,0.06409729662532915,-1.3588626884569779,0.999228537082672
14,1,8,0.006409729662532915,-1.3460432291319122,0.9993870854377748
14,1,9,0.09614594493799372,-1.2370778248688525,0.9995531439781188
14,1,10,0.06409729662532915,-1.2498972841939184,0.9994170665740968
14,1,11,0.057687566962796234,-0.980688638367536,0.9994829297065736
14,1,12,-0.0833264856129279,-1.0191470163427334,0.9994409084320068
14,1,13,0.14101405257572414,-0.5063686433401002,0.5628178119659424
14,1,14,0.01281945932506583,-0.5448270213152978,0.5970826745033264
14,1,15,0.2499794568387837,-0.8268551264667461,0.6765809655189514
14,1,16,0.301257294139047,-0.8781329637670093,0.6613345146179199
14,1,17,0.3525351314393103,-0.9294108010672727,0.6753081679344177
14,1,18,0.3845837797519749,-0.9742789087050031,0.6499818563461304
14,1,19,0.3076670238015799,-0.980688638367536,0.673025369644165
14,1,20,0.37176432042690905,-1.0255567460052664,0.6462410092353821
14,1,21,0.2563891865013166,-0.9486399900548714,0.6543628573417664
14,1,22,0.3268962127891787,-0.9999178273551348,0.6320508122444153
14,1,23,0.03845837797519749,0.0,0.99659663438797
14,1,24,-0.03845837797519749,0.0,0.9962663054466248
14,1,25,-0.02563891865013166,0.7948064781540815,0.6630145907402039
14,1,26,0.05127783730026332,0.749938370516351,0.7433361411094666
14,1,27,-0.12178486358812539,1.4806475520451035,0.7458130121231079
14,1,28,-0.02563891865013166,1.512696200357768,0.7484345436096191
14,1,29,-0.23715999751371786,1.6088421452957617,0.7385855913162231
14,1,30,-0.10896540426305955,1.6088421452957617,0.7506844401359558
14,1,31,0.04486810763773041,1.6216616046208274,0.788689374923706
14,1,32,0.1666529712258558,1.7626756571965516,0.7932884693145752
14,2,0,-0.22278996653506739,-1.3299885881032811,0.9996331334114076
14,2,1,-0.18228269989232787,-1.4042519102816369,0.999549925327301
14,2,2,-0.16878027767808138,-1.4042519102816369,0.9995201230049132
14,2,3,-0.14177543324958836,-1.4042519102816369,0.999600112438202
14,2,4,-0.20253633321369763,-1.4042519102816369,0.999538242816925
14,2,5,-0.20253633321369763,-1.4110031213887602,0.9994837045669556
14,2,6,-0.20253633321369763,-1.4110031213887602,0.999538004398346
14,2,7,-0.08101453328547906,-1.3839982769602672,0.9992871880531312
14,2,8,-0.1485266443567116,-1.3975006991745136,0.9994016885757446
14,2,9,-0.1755314887852046,-1.248974054817802,0.9995670914649964
14,2,10,-0.20253633321369763,-1.248974054817802,0.9994181394577026
14,2,11,0.1350242221424651,-0.9991792438542416,0.9994974732398988
14,2,12,-0.21603875542794415,-0.9991792438542416,0.9994379878044128
14,2,13,-0.04050726664273953,-0.47933598860575105,0.6044520139694214
14,2,14,-0.3578141886775325,-0.5941065774268464,0.5872967839241028
14,2,15,-0.36456539978465574,-0.8168965439619138,0.7014185190200806
14,2,16,-0.4928384108199976,-0.8844086550331464,0.6698604822158813
14,2,17,-0.47933598860575105,-0.9181647105687626,0.6943984627723694
14,2,18,-0.5671017329983534,-0.9856768216399951,0.6547031998634338
14,2,19,-0.44557993307013477,-0.9789256105328719,0.6916158199310303
14,2,20,-0.5333456774627371,-1.032935299389858,0.6501246094703674
14,2,21,-0.40507266642739526,-0.9451695549972556,0.6711786389350891
14,2,22,-0.4928384108199976,-0.9991792438542416,0.6338769793510437
14,2,23,0.12152179992821859,-0.006751211107123255,0.9966519474983216
14,2,24,-0.12152179992821859,0.006751211107123255,0.9964028596878052
14,2,25,-0.006751211107123255,0.8371501772832836,0.6923292279243469
14,2,26,-0.1620290665709581,0.796642910640544,0.7227477431297302
14,2,27,0.18903391099945113,1.593285821281088,0.7660543322563171
14,2,28,0.033756055535616274,1.539276132424102,0.7421620488166809
14,2,29,0.2970532887134232,1.72155883231643,0.7488280534744263
14,2,30,0.11477058882109532,1.640544299030951,0.7424696087837219
14,2,31,-0.10126816660684881,1.802573365601909,0.8048392534255981
14,2,32,-0.20253633321369763,1.7890709433876624,0.7954632639884949
15,1,0,0.08823340953335787,-1.310429526773204,0.9996516704559326
15,1,1,0.07516179330619374,-1.3692517997954425,0.9995805621147156
15,1,2,0.0816976014197758,-1.3692517997954425,0.9995493292808532
15,1,3,0.09476921764693993,-1.3692517997954425,0.9996263384819032
15,1,4,0.049018560851865484,-1.3757876079090245,0.9995670914649964
15,1,5,0.04248275273828342,-1.3757876079090245,0.9995104074478148
15,1,6,0.04248275273828342,-1.3757876079090245,0.999565601348877
15,1,7,0.08823340953335787,-1.3561801835682783,0.9993366599082948
15,1,8,0.009803712170373097,-1.3496443754546963,0.9994523525238036
15,1,9,0.101305025760522,-1.2450714456373833,0.999595582485199
15,1,10,0.07516179330619374,-1.2516072537509653,0.9994625449180604
15,1,11,0.12091245010126819,-0.9574958886397724,0.9995319247245787
15,1,12,-0.10784083387410406,-1.0424613941163392,0.999489426612854
15,1,13,0.1731989150099247,-0.50652512880261,0.5850318670272827
15,1,14,-0.01633952028395516,-0.5457399774841024,0.6273073554039001
15,1,15,0.33005830973589423,-0.8594587669360415,0.7067312002182007
15,1,16,0.32352250162231216,-0.91828103995828,0.7009249925613403
15,1,17,0.4411670476667893,-0.9574958886397724,0.6964547038078308
15,1,18,0.41502381521246107,-0.9967107373212648,0.6853175163269043
15,1,19,0.38234477464455074,-1.0228539697755932,0.6928165555000305
15,1,20,0.3888805827581328,-1.0620688184570855,0.6806591749191284
15,1,21,0.32352250162231216,-0.9901749292076828,0.6731311678886414
15,1,22,0.3496657340766404,-1.0424613941163392,0.6645766496658325
15,1,23,0.06862598519261168,0.0032679040567910322,0.9968371391296388
15,1,24,-0.06862598519261168,-0.0032679040567910322,0.9965559840202332
15,1,25,0.05555436896544755,0.7941006858002209,0.6559704542160034
15,1,26,0.035946944624701355,0.8202439182545491,0.733475387096405
15,1,27,-0.0816976014197758,1.5783976594300686,0.7286680340766907
15,1,28,-0.101305025760522,1.5718618513164864,0.7377035021781921
15,1,29,-0.1928063393506709,1.6960422054745456,0.7190659046173096
15,1,30,-0.24509280425932742,1.6764347811337994,0.7361109256744385
15,1,31,0.101305025760522,1.7810077109511124,0.7716508507728577
15,1,32,0.04248275273828342,1.833294175859769,0.7879642248153687
15,2,0,-0.2228699763873647,-1.3237125870279842,0.9996541738510132
15,2,1,-0.18234816249875294,-1.3980025791571058,0.9995898008346558
15,2,2,-0.16208725555444706,-1.3980025791571058,0.999564290046692
15,2,3,-0.1350727129620392,-1.3980025791571058,0.9996312856674194
15,2,4,-0.20260906944305881,-1.3980025791571058,0.9995734691619872
15,2,5,-0.20260906944305881,-1.4047562148052077,0.9995205998420716
15,2,6,-0.20260906944305881,-1.4115098504533097,0.9995708465576172
15,2,7,-0.07428999212912156,-1.384495307860902,0.9993858337402344
15,2,8,-0.1553336199063451,-1.3912489435090039,0.9994427561759948
15,2,9,-0.16884089120254903,-1.2426689592507607,0.9995914101600648
15,2,10,-0.20260906944305881,-1.2426689592507607,0.9994194507598876
15,2,11,0.14857998425824312,-0.9995380759190902,0.9995522499084472
15,2,12,-0.20936270509116078,-0.9995380759190902,0.999442994594574
15,2,13,0.0,-0.49301540231144314,0.6237237453460693
15,2,14,-0.2701454259240784,-0.506522673607647,0.5879519581794739
15,2,15,-0.3444354180532,-0.871218998605153,0.7277440428733826
15,2,16,-0.40521813888611763,-1.006291711567192,0.675329864025116
15,2,17,-0.4524935884228314,-0.9522626263823765,0.7124235033988953
15,2,18,-0.4997690379595451,-0.9995380759190902,0.6589665412902832
15,2,19,-0.43223268147852545,-1.013045347215294,0.7083026766777039
15,2,20,-0.4795081310152392,-1.053567161103906,0.6530160307884216
15,2,21,-0.3984645032380157,-0.9860308046228863,0.6861120462417603
15,2,22,-0.41872541018232157,-1.053567161103906,0.6364017724990845
15,2,23,0.1350727129620392,-0.00675363564810196,0.9968856573104858
15,2,24,-0.1350727129620392,0.00675363564810196,0.9966896176338196
15,2,25,0.047275449536713726,0.850958091660847,0.6873845458030701
15,2,26,-0.12156544166583529,0.8306971847165412,0.7298445105552673
15,2,27,0.16884089120254903,1.6343798268406744,0.7509933114051819
15,2,28,0.01350727129620392,1.5533361990634509,0.7451494336128235
15,2,29,0.27689906157218036,1.7491916328584078,0.7258244752883911
15,2,30,0.09455089907342745,1.6613943694330824,0.7349289655685425
15,2,31,-0.0675363564810196,1.891017981468549,0.7893099188804626
15,2,32,-0.1891017981468549,1.8167279893394275,0.7965927720069885
16,1,0,0.140373265277618,-1.2767282699059543,0.999671459197998
16,1,1,0.11363550046283362,-1.3435726819429152,0.999614715576172
16,1,2,0.12031994166652972,-1.3435726819429152,0.9995874762535096
16,1,3,0.1270043828702258,-1.3435726819429152,0.9996535778045654
16,1,4,0.08689773564804924,-1.3502571231466114,0.9995975494384766
16,1,5,0.07352885324065705,-1.3502571231466114,0.9995405077934264
16,1,6,0.06015997083326486,-1.3569415643503073,0.9995909929275512
16,1,7,0.11363550046283362,-1.330203799535523,0.9994275569915771
16,1,8,0.026737764814784383,-1.330203799535523,0.9994865655899048
16,1,9,0.140373265277618,-1.1965149754616011,0.9996185302734376
16,1,10,0.11363550046283362,-1.2031994166652973,0.9994646310806274
16,1,11,0.1537421476850102,-0.9625595333322378,0.9995893239974976
16,1,12,-0.08021329444435314,-1.036088386572895,0.9994947910308838
16,1,13,0.23395544212936334,-0.5280708550919916,0.6170148849487305
16,1,14,0.006684441203696096,-0.487964207869815,0.6278389692306519
16,1,15,0.3876975898143735,-0.8622929152767963,0.7393178939819336
16,1,16,0.3810131486106774,-0.8556084740731003,0.7055956721305847
16,1,17,0.4745953254624228,-0.9425062097211495,0.7221830487251282
16,1,18,0.4812797666661189,-0.9023995624989729,0.6887906789779663
16,1,19,0.44785756064763843,-1.0093506217581105,0.7174311876296997
16,1,20,0.4545420018513345,-0.982612856943326,0.6829450130462646
16,1,21,0.3943820310180696,-0.982612856943326,0.6955279111862183
16,1,22,0.4077509134254618,-0.9692439745359338,0.6662229299545288
16,1,23,0.06684441203696095,0.0,0.9970617890357972
16,1,24,-0.06684441203696095,0.0,0.9968289732933044
16,1,25,0.10026661805544143,0.8155018268509237,0.6572253108024597
16,1,26,0.10026661805544143,0.8756617976841885,0.7444401383399963
16,1,27,-0.08021329444435314,1.6176347712944552,0.7169321179389954
16,1,28,-0.10026661805544143,1.6310036537018473,0.7507254481315613
16,1,29,-0.19384879490718676,1.737954712960985,0.7000431418418884
16,1,30,-0.24732432453675554,1.7312702717572888,0.7393549084663391
16,1,31,0.03342220601848048,1.811483566201642,0.7584096193313599
16,1,32,0.03342220601848048,1.9050657430533873,0.7963408827781677
16,2,0,-0.22628808341946743,-1.2868023848181656,0.9996582865715028
16,2,1,-0.19251374261059168,-1.3678608027594672,0.9996072053909302
16,2,2,-0.17900400628704138,-1.3678608027594672,0.9995852708816528
16,2,3,-0.15873940180171595,-1.3746156709212425,0.9996427297592164
16,2,4,-0.21277834709591711,-1.3678608027594672,0.9995825290679932
16,2,5,-0.21277834709591711,-1.3746156709212425,0.999528169631958
16,2,6,-0.21277834709591711,-1.3746156709212425,0.9995760917663574
16,2,7,-0.08443585202218934,-1.3611059345976921,0.9994584321975708
16,2,8,-0.15873940180171595,-1.3678608027594672,0.9994332194328308
16,2,9,-0.17900400628704138,-1.212498835038639,0.9995886087417604
16,2,10,-0.20602347893414197,-1.2057439668768637,0.9993640184402466
16,2,11,0.1384747973163905,-1.0030979220236094,0.9995997548103333
16,2,12,-0.18575887444881653,-0.9963430538618342,0.9994038939476012
16,2,13,0.023642038566213015,-0.4964828098904733,0.6531710624694824
16,2,14,-0.26006242422834314,-0.4964828098904733,0.5874768495559692
16,2,15,-0.36138544665497035,-0.8409810861410058,0.7577837705612183
16,2,16,-0.4086695237873964,-0.8747554269498815,0.6769630908966064
16,2,17,-0.482973073566923,-0.9490589767294081,0.736025333404541
16,2,18,-0.5099925462140236,-0.9558138448911833,0.6610019207000732
16,2,19,-0.4627084690815976,-1.0638917354795856,0.7309537529945374
16,2,20,-0.482973073566923,-1.0436271309942602,0.654050886631012
16,2,21,-0.4154243919491715,-1.0233625265089348,0.7067335844039917
16,2,22,-0.4289341282727218,-1.0030979220236094,0.6370557546615601
16,2,23,0.12496506099284022,-0.0033774340808875735,0.9969658851623536
16,2,24,-0.12496506099284022,0.0033774340808875735,0.996815025806427
16,2,25,0.0506615112133136,0.8747554269498815,0.6875090003013611
16,2,26,-0.07092611569863905,0.8612456906263313,0.7301560044288635
16,2,27,0.17900400628704138,1.631300661068698,0.7396841049194336
16,2,28,0.05741637937508875,1.5772617157744968,0.7511753439903259
16,2,29,0.2870818968754437,1.7596431561424257,0.7142056226730347
16,2,30,0.14522966547816565,1.6853396063628991,0.7353851795196533
16,2,31,-0.11821019283106507,1.8947405193779288,0.7769507169723511
16,2,32,-0.19251374261059168,1.8474564422455027,0.8006188273429871
17,1,0,0.14084367661567268,-1.2776533521564593,0.9996072053909302
17,1,1,0.11401630964125883,-1.3514286113360974,0.9995591044425964
17,1,2,0.1207231513848623,-1.3514286113360974,0.999512791633606
17,1,3,0.1207231513848623,-1.3514286113360974,0.9995970129966736
17,1,4,0.08718894266684499,-1.3514286113360974,0.999543070793152
17,1,5,0.07377525917963808,-1.358135453079701,0.99946129322052
17,1,6,0.06036157569243115,-1.358135453079701,0.999534785747528
17,1,7,0.11401630964125883,-1.3380149278488904,0.9993646144866944
17,1,8,0.03353420871801731,-1.331308086105287,0.9994269609451294
17,1,9,0.14084367661567268,-1.2038780929768214,0.9995290637016296
17,1,10,0.10730946789765537,-1.2038780929768214,0.9993587136268616
17,1,11,0.11401630964125883,-0.982552315437907,0.9995742440223694
17,1,12,-0.04024105046162077,-1.0160865241559243,0.9994529485702516
17,1,13,0.19449841056450037,-0.49965970989845787,0.6119793057441711
17,1,14,0.0,-0.4527118176932336,0.627264142036438
17,1,15,0.38899682112900075,-0.7947607466170101,0.7406237125396729
17,1,16,0.3957036628726042,-0.8014675883606136,0.7072243690490723
17,1,17,0.509719972513863,-0.8886565310274586,0.7223765254020691
17,1,18,0.5030131307702596,-0.8819496892838551,0.6912453174591064
17,1,19,0.4828926055394492,-0.9557249484634932,0.7165148854255676
17,1,20,0.4828926055394492,-0.9490181067198897,0.6845848560333252
17,1,21,0.42253102984701807,-0.9356044232326828,0.693358838558197
17,1,22,0.4292378715906215,-0.9221907397454759,0.6675323247909546
17,1,23,0.04024105046162077,-0.0033534208718017304,0.9967243671417236
17,1,24,-0.04024105046162077,0.0033534208718017304,0.9966070652008056
17,1,25,0.16096420184648308,0.8484154805658378,0.6443635821342468
17,1,26,0.08718894266684499,0.8886565310274586,0.735477089881897
17,1,27,-0.07377525917963808,1.5123928131825806,0.6937578320503235
17,1,28,-0.08048210092324154,1.6465296480546496,0.7460941076278687
17,1,29,-0.17437788533368997,1.7203049072342878,0.6787096858024597
17,1,30,-0.21461893579531074,1.7471322742087017,0.73272705078125
17,1,31,0.08718894266684499,1.8074938499011328,0.7367173433303833
17,1,32,0.08048210092324154,1.9080964760551846,0.7907478213310242
17,2,0,-0.24465165154806023,-1.3025116096502363,0.9995858669281006
17,2,1,-0.21708526827503938,-1.3852107594692988,0.9995473623275756
17,2,2,-0.20330207663852892,-1.3852107594692988,0.9995082020759584
17,2,3,-0.1895188850020185,-1.3852107594692988,0.9995837211608888
17,2,4,-0.23776005572980502,-1.3852107594692988,0.9995235800743104
17,2,5,-0.23776005572980502,-1.3852107594692988,0.999445915222168
17,2,6,-0.24465165154806023,-1.392102355287554,0.9995176792144777
17,2,7,-0.10681973518295589,-1.3783191636510437,0.9993980526924132
17,2,8,-0.17573569336550807,-1.3852107594692988,0.9993691444396972
17,2,9,-0.20330207663852892,-1.2198124598311737,0.9994971752166748
17,2,10,-0.2308684599115498,-1.2198124598311737,0.9992379546165466
17,2,11,0.13438611845597676,-1.013064585283517,0.999582052230835
17,2,12,-0.21019367245678416,-0.9854982020104962,0.9993302822113036
17,2,13,0.017228989545638045,-0.4686285156413548,0.6486764550209045
17,2,14,-0.3066760139123572,-0.4479537281865892,0.5815120935440063
17,2,15,-0.3824835679131646,-0.7167259650985427,0.7567798495292664
17,2,16,-0.40315835536793027,-0.7167259650985427,0.6652112603187561
17,2,17,-0.5134238884600137,-0.7925335190993501,0.733082115650177
17,2,18,-0.4996406968235033,-0.7787503274628397,0.6525448560714722
17,2,19,-0.4858575051869929,-0.8890158605549231,0.7268774509429932
17,2,20,-0.4858575051869929,-0.8545578814636471,0.6456411480903625
17,2,21,-0.44450793027746155,-0.8683410731001575,0.7005842328071594
17,2,22,-0.4307247386409511,-0.8269914981906261,0.6290656924247742
17,2,23,0.14127771427423197,-0.020674787454765656,0.9965147972106934
17,2,24,-0.14127771427423197,0.020674787454765656,0.996378779411316
17,2,25,0.05857856445516935,0.8890158605549231,0.67594975233078
17,2,26,-0.09303654354644544,0.8821242647366679,0.7195898294448853
17,2,27,0.16884409754725285,1.6264166131082314,0.7183878421783447
17,2,28,0.08614494772819023,1.640199804744742,0.7408376932144165
17,2,29,0.2860012264575916,1.805598104382867,0.6938714981079102
17,2,30,0.1895188850020185,1.7504653378368253,0.7226969599723816
17,2,31,-0.10681973518295589,1.9089720416566953,0.7561842203140259
17,2,32,-0.16884409754725285,1.895188850020185,0.7877111434936523
18,1,0,0.16435459164225072,-1.2779408044019902,0.9995883107185364
18,1,1,0.130812838245873,-1.3584410125532966,0.9995563626289368
18,1,2,0.130812838245873,-1.3584410125532966,0.99951171875
18,1,3,0.13752118892514856,-1.3584410125532966,0.9995934367179872
18,1,4,0.1106877862080464,-1.3584410125532966,0.9995321035385132
18,1,5,0.09727108484949532,-1.3584410125532966,0.999447464942932
18,1,6,0.08385438349094423,-1.3584410125532966,0.9995248913764954
18,1,7,0.12410448756659748,-1.33831596051547,0.9993991255760192
18,1,8,0.05702098077384208,-1.33831596051547,0.9994061589241028
18,1,9,0.15764624096297516,-1.2041489469299593,0.9995077252388
18,1,10,0.13752118892514856,-1.2041489469299593,0.9992817044258118
18,1,11,0.11739613688732194,-0.9760650238345909,0.9996037483215332
18,1,12,-0.05702098077384208,-1.0230234785895198,0.9993910193443298
18,1,13,0.23814644911428162,-0.49306377492675213,0.6187391877174377
18,1,14,0.010062526018913309,-0.44610532017182336,0.6222582459449768
18,1,15,0.4192719174547212,-0.7815228541356003,0.7555436491966248
18,1,16,0.39243851473761904,-0.7345643993806715,0.6969605088233948
18,1,17,0.553438931040232,-0.8418980102490802,0.7326667308807373
18,1,18,0.5064804762853032,-0.801647906173427,0.6838338971138
18,1,19,0.5198971776438542,-0.90227316636256,0.7261903285980225
18,1,20,0.4863554242474766,-0.8687314129661823,0.6771892309188843
18,1,21,0.4595220215303744,-0.8955648156832845,0.7007471919059753
18,1,22,0.4393969694925478,-0.8553147116076312,0.660439670085907
18,1,23,0.050312630094566546,-0.0033541753396377693,0.9965506196022034
18,1,24,-0.050312630094566546,0.0033541753396377693,0.9963366985321044
18,1,25,0.09727108484949532,0.8955648156832845,0.6398244500160217
18,1,26,0.12410448756659748,0.90227316636256,0.7317401170730591
18,1,27,-0.07043768213239315,1.6334833904035937,0.6859604716300964
18,1,28,-0.06372933145311763,1.673733494479247,0.7442277073860168
18,1,29,-0.2113130463971795,1.7743587546683801,0.6706059575080872
18,1,30,-0.1978963450386284,1.7810671053476557,0.7257147431373596
18,1,31,0.08385438349094423,1.848150612140411,0.7294620275497437
18,1,32,0.130812838245873,1.9152341189331663,0.7870679497718811
18,2,0,-0.25568099276672246,-1.29885944325495,0.999567985534668
18,2,1,-0.22159019373115946,-1.3806773609403011,0.9995458126068116
18,2,2,-0.20795387411693425,-1.3874955207474138,0.9995079040527344
18,2,3,-0.19431755450270907,-1.3874955207474138,0.9995816349983216
18,2,4,-0.24204467315249725,-1.3874955207474138,0.999513864517212
18,2,5,-0.24204467315249725,-1.3874955207474138,0.999433934688568
18,2,6,-0.24204467315249725,-1.3943136805545264,0.9995108246803284
18,2,7,-0.11931779662447048,-1.367041041326076,0.99942809343338
18,2,8,-0.18068123488848387,-1.3806773609403011,0.999358057975769
18,2,9,-0.20795387411693425,-1.2170415255695988,0.9994760751724244
18,2,10,-0.23522651334538466,-1.2170415255695988,0.9991685152053832
18,2,11,0.11931779662447048,-1.012496731356221,0.999606192111969
18,2,12,-0.21477203392404687,-0.9852240921277705,0.9992685914039612
18,2,13,0.0034090799035562994,-0.4602257869801004,0.6547972559928894
18,2,14,-0.31022627122362323,-0.4534076271729878,0.5780609250068665
18,2,15,-0.3920441889089744,-0.7124976998432666,0.7706648111343384
18,2,16,-0.4056805085231996,-0.705679540036154,0.6548387408256531
18,2,17,-0.5215892252441138,-0.7943156175286178,0.7428958415985107
18,2,18,-0.5147710654370012,-0.77386113810728,0.643470048904419
18,2,19,-0.4943165860156634,-0.876133535213969,0.7361590266227722
18,2,20,-0.4943165860156634,-0.8488608959855185,0.6363909244537354
18,2,21,-0.4534076271729878,-0.8556790557926311,0.7077931761741638
18,2,22,-0.4465894673658752,-0.8352245763712933,0.6202353835105896
18,2,23,0.13295411623869569,-0.017045399517781498,0.9963178038597108
18,2,24,-0.13295411623869569,0.017045399517781498,0.99612158536911
18,2,25,0.017045399517781498,0.876133535213969,0.6712666749954224
18,2,26,-0.09204515739602008,0.8624972155997437,0.7109877467155457
18,2,27,0.14659043585292086,1.6465855934176925,0.7103078365325928
18,2,28,0.07159067797468228,1.6329492738034674,0.7336104512214661
18,2,29,0.26931731238094764,1.7897669493670572,0.6851913928985596
18,2,30,0.17386307508137128,1.7420398307172689,0.7115157842636108
18,2,31,-0.13295411623869569,1.8920393464737462,0.7486905455589294
18,2,32,-0.16704491527425866,1.8784030268595209,0.7801940441131592
19,1,0,0.1331168831168831,-1.2662337662337662,0.9995940923690796
19,1,1,0.11363636363636363,-1.3311688311688312,0.9995768666267396
19,1,2,0.11363636363636363,-1.3376623376623376,0.9995394349098206
19,1,3,0.11363636363636363,-1.3376623376623376,0.9996100664138794
19,1,4,0.09415584415584416,-1.3311688311688312,0.9995465278625488
19,1,5,0.08116883116883117,-1.3376623376623376,0.9994698762893676
19,1,6,0.06818181818181818,-1.3376623376623376,0.9995436072349548
19,1,7,0.10064935064935066,-1.3181818181818181,0.9994614124298096
19,1,8,0.04220779220779221,-1.3181818181818181,0.9994135499000548
19,1,9,0.1266233766233766,-1.1948051948051948,0.9995132088661194
19,1,10,0.10714285714285714,-1.1883116883116882,0.9992398023605348
19,1,11,0.07467532467532467,-0.9805194805194806,0.999623477458954
19,1,12,-0.07467532467532467,-1.0194805194805194,0.999337911605835
19,1,13,0.18506493506493507,-0.4935064935064935,0.6202398538589478
19,1,14,-0.00974025974025974,-0.42857142857142855,0.6192641258239746
19,1,15,0.31493506493506496,-0.7792207792207793,0.7566494345664978
19,1,16,0.30194805194805197,-0.6688311688311688,0.6876001954078674
19,1,17,0.41883116883116883,-0.8246753246753247,0.7310694456100464
19,1,18,0.41233766233766234,-0.7272727272727273,0.675640344619751
19,1,19,0.37987012987012986,-0.8766233766233766,0.7243290543556213
19,1,20,0.39285714285714285,-0.7792207792207793,0.6688726544380188
19,1,21,0.32792207792207795,-0.8701298701298701,0.6982724666595459
19,1,22,0.3474025974025974,-0.7727272727272727,0.6526879668235779
19,1,23,0.022727272727272728,-0.006493506493506494,0.9963250756263732
19,1,24,-0.022727272727272728,0.006493506493506494,0.9960834980010986
19,1,25,0.016233766233766232,0.7987012987012987,0.6385113596916199
19,1,26,0.08116883116883117,0.8506493506493507,0.7225401997566223
19,1,27,-0.07467532467532467,1.5844155844155845,0.6830734014511108
19,1,28,-0.022727272727272728,1.6428571428571428,0.7367686629295349
19,1,29,-0.18506493506493507,1.7142857142857142,0.6653372645378113
19,1,30,-0.10714285714285714,1.7467532467532467,0.7159008979797363
19,1,31,0.09415584415584416,1.7922077922077921,0.7281400561332703
19,1,32,0.17857142857142858,1.8376623376623376,0.7794761061668396
19,2,0,-0.28259386722141716,-1.3048161276643213,0.9995943903923036
19,2,1,-0.23375048276339444,-1.3955252702292207,0.999591827392578
19,2,2,-0.21979523006110224,-1.3955252702292207,0.9995567798614502
19,2,3,-0.19886235100766395,-1.4025028965803668,0.9996246099472046
19,2,4,-0.26166098816797884,-1.3955252702292207,0.9995515942573548
19,2,5,-0.26166098816797884,-1.3955252702292207,0.9994747042655944
19,2,6,-0.26863861451912496,-1.3955252702292207,0.9995497465133668
19,2,7,-0.1290860874962029,-1.3815700175269283,0.9994992017745972
19,2,8,-0.21281760370995614,-1.3885476438780744,0.9993985295295716
19,2,9,-0.22677285641224834,-1.2350398641528602,0.9995266795158386
19,2,10,-0.26166098816797884,-1.228062237801714,0.9992257356643676
19,2,11,0.08024270303818018,-1.011755820916185,0.999636173248291
19,2,12,-0.21281760370995614,-0.9838453155116005,0.999201476573944
19,2,13,-0.017444065877865258,-0.43261283377105836,0.6565656661987305
19,2,14,-0.29654911992370936,-0.40470232836647396,0.5694351196289062
19,2,15,-0.38725826248860873,-0.6558968770077337,0.7732219696044922
19,2,16,-0.3802806361374626,-0.5651877344428343,0.6406709551811218
19,2,17,-0.49890028410694637,-0.7117178878169025,0.7442840933799744
19,2,18,-0.47098977870236197,-0.6349639979542954,0.6320463418960571
19,2,19,-0.47796740505350804,-0.7675388986260713,0.7374085783958435
19,2,20,-0.4570345260000697,-0.676829756061172,0.6256972551345825
19,2,21,-0.43610164694663145,-0.7466060195726331,0.709583580493927
19,2,22,-0.4291240205954853,-0.6698521297100258,0.6112800240516663
19,2,23,0.1151308347939107,-0.006977626351146103,0.9962286353111268
19,2,24,-0.1151308347939107,0.006977626351146103,0.9957396984100342
19,2,25,-0.017444065877865258,0.8582480411909706,0.6690080165863037
19,2,26,-0.1430413401984951,0.8582480411909706,0.6981788873672485
19,2,27,0.136063713847349,1.7095184560307952,0.7068212628364563
19,2,28,0.08024270303818018,1.6676526979239186,0.7177051901817322
19,2,29,0.24072810911454054,1.8560486094048634,0.680511474609375
19,2,30,0.18490709830537172,1.8351157303514252,0.6986104846000671
19,2,31,-0.15699659290078732,1.9397801256186167,0.7457886338233948
19,2,32,-0.10117558209161849,1.89791436751174,0.7649742364883423
20,1,0,0.12140513119036947,-1.265169261878587,0.9995817542076112
20,1,1,0.10223589994978481,-1.335456443094064,0.999574601650238
20,1,2,0.10223589994978481,-1.335456443094064,0.9995277523994446
20,1,3,0.10862564369664636,-1.3418461868409257,0.99960595369339
20,1,4,0.08306666870920017,-1.335456443094064,0.9995430111885072
20,1,5,0.06389743746861551,-1.3418461868409257,0.9994585514068604
20,1,6,0.051117949974892406,-1.3482359305877871,0.9995469450950624
20,1,7,0.09584615620292326,-1.322676955600341,0.999448537826538
20,1,8,0.025558974987446203,-1.322676955600341,0.999430239200592
20,1,9,0.12140513119036947,-1.2012718244099716,0.9995222687721252
20,1,10,0.09584615620292326,-1.2012718244099716,0.9992740154266356
20,1,11,0.10223589994978481,-0.9712410495229558,0.9995995759963988
20,1,12,-0.09584615620292326,-1.0287487432447098,0.9992763996124268
20,1,13,0.14696410617781566,-0.4856205247614779,0.6152244806289673
20,1,14,-0.0383384624811693,-0.44728206228030853,0.61175936460495
20,1,15,0.2875384686087698,-0.7603795058765246,0.7493314743041992
20,1,16,0.3067076998493544,-0.6006359122049858,0.6752755641937256
20,1,17,0.38338462481169305,-0.7859384808639708,0.7240126729011536
20,1,18,0.43450257478658544,-0.5942461684581242,0.6661297082901001
20,1,19,0.35782564982424686,-0.8306666870920016,0.7171173691749573
20,1,20,0.43450257478658544,-0.6198051434455705,0.66014164686203
20,1,21,0.3194871873430775,-0.8434461745857247,0.6908915042877197
20,1,22,0.3897743685585546,-0.6773128371673244,0.6457206606864929
20,1,23,0.07028718121547706,-0.006389743746861551,0.995863676071167
20,1,24,-0.07028718121547706,0.006389743746861551,0.9956055879592896
20,1,25,0.07028718121547706,0.7859384808639708,0.6416942477226257
20,1,26,0.01916923124058465,0.7987179683576938,0.7072820067405701
20,1,27,-0.10862564369664636,1.56548721798108,0.6825321912765503
20,1,28,0.0,1.5974359367153876,0.7212856411933899
20,1,29,-0.24281026238073894,1.6613333741840033,0.6640380024909973
20,1,30,-0.04472820622803086,1.7380102991463418,0.703637421131134
20,1,31,-0.051117949974892406,1.750789786640065,0.7278529405593872
20,1,32,0.20447179989956962,1.8146872241086804,0.7656232714653015
20,2,0,-0.2764923746776653,-1.299514160985027,0.9995875358581544
20,2,1,-0.24193082784295714,-1.3893741827552681,0.9995936155319214
20,2,2,-0.22119389974213224,-1.3893741827552681,0.9995504021644592
20,2,3,-0.20736928100824897,-1.3962864921222098,0.9996246099472046
20,2,4,-0.2695800653107237,-1.3893741827552681,0.9995473623275756
20,2,5,-0.2695800653107237,-1.3893741827552681,0.9994654059410096
20,2,6,-0.2695800653107237,-1.3962864921222098,0.9995530247688292
20,2,7,-0.13824618733883265,-1.3824618733883265,0.9994907975196838
20,2,8,-0.21428159037519062,-1.3893741827552681,0.9994247555732728
20,2,9,-0.22119389974213224,-1.2303910673156107,0.9995498657226562
20,2,10,-0.2557554465768404,-1.2303910673156107,0.9992855191230774
20,2,11,0.09677233113718287,-1.0091971675734783,0.9996293783187866
20,2,12,-0.19354466227436573,-0.9884602394726535,0.9991958737373352
20,2,13,0.013824618733883265,-0.41473856201649795,0.6522136926651001
20,2,14,-0.24884313720989878,-0.43547549011732284,0.563839852809906
20,2,15,-0.37326470581484816,-0.6151955336578053,0.7681371569633484
20,2,16,-0.38708932454873146,-0.5737216774561555,0.6313014030456543
20,2,17,-0.49768627441979757,-0.6359324617586302,0.7401379942893982
20,2,18,-0.4907739650528559,-0.5944586055569804,0.6259503960609436
20,2,19,-0.48386165568591427,-0.7050555554280465,0.7332881689071655
20,2,20,-0.48386165568591427,-0.6704940085933384,0.6204970479011536
20,2,21,-0.43547549011732284,-0.7050555554280465,0.7058827877044678
20,2,22,-0.43547549011732284,-0.6704940085933384,0.607639729976654
20,2,23,0.11750925923800776,-0.006912309366941633,0.9957708716392516
20,2,24,-0.11750925923800776,0.006912309366941633,0.994764506816864
20,2,25,0.04838616556859143,0.8571263615007625,0.6661440134048462
20,2,26,-0.15898311543965754,0.8225648146660544,0.6699150204658508
20,2,27,0.13824618733883265,1.7004281042676417,0.6998143196105957
20,2,28,0.08986002177024123,1.6243927012312838,0.6800529956817627
20,2,29,0.24193082784295714,1.8317619822395328,0.6674309372901917
20,2,30,0.18663235290742408,1.748814269836233,0.6680585741996765
20,2,31,-0.17972004354048246,1.9423589321105987,0.7363120913505554
20,2,32,-0.0829477124032996,1.790288126037883,0.7310512065887451
21,1,0,0.1354725938018353,-1.254734261640808,0.9995712041854858
21,1,1,0.11611936611585882,-1.3385982482800391,0.9995647072792052
21,1,2,0.11611936611585882,-1.3385982482800391,0.9995107054710388
21,1,3,0.12257044201118432,-1.3450493241753647,0.9996020197868348
21,1,4,0.10321721432520785,-1.3385982482800391,0.9995303750038148
21,1,5,0.09031506253455686,-1.3450493241753647,0.9994432330131532
21,1,6,0.07741291074390588,-1.3515004000706903,0.99954491853714
21,1,7,0.10321721432520785,-1.3385982482800391,0.9993856549263
21,1,8,0.04515753126727843,-1.3450493241753647,0.9994316697120668
21,1,9,0.12257044201118432,-1.1966745785828785,0.999512255191803
21,1,10,0.10321721432520785,-1.1966745785828785,0.999308466911316
21,1,11,0.11611936611585882,-0.9515336945605098,0.999529242515564
21,1,12,-0.09031506253455686,-1.048299832990392,0.9992673397064208
21,1,13,0.15482582148781177,-0.45480085062044706,0.6047177910804749
21,1,14,-0.04515753126727843,-0.48705623009707455,0.6068115234375
21,1,15,0.3354559465569255,-0.6289798997942353,0.741925060749054
21,1,16,0.31610271887094904,-0.6225288238989098,0.666720449924469
21,1,17,0.42577100909148236,-0.6160777480035843,0.7194600105285645
21,1,18,0.4451242367774588,-0.5967245203176078,0.6603792905807495
21,1,19,0.39996670551018043,-0.7580014177007451,0.7135038375854492
21,1,20,0.45157531267278433,-0.6870395828521647,0.6551188230514526
21,1,21,0.36126025013822743,-0.7580014177007451,0.6867626905441284
21,1,22,0.4128688573008314,-0.7192949623287922,0.6416763067245483
21,1,23,0.05805968305792941,-0.0032255379476627453,0.9953827261924744
21,1,24,-0.05805968305792941,0.0032255379476627453,0.9947140216827391
21,1,25,0.051608607162603924,0.8031589489680235,0.6265112161636353
21,1,26,0.012902151790650981,0.7773546453867216,0.6835437417030334
21,1,27,-0.14837474559248628,1.545032676930455,0.6739609241485596
21,1,28,-0.08386398663923138,1.5708369805117568,0.6919668912887573
21,1,29,-0.22578765633639217,1.6869563466276158,0.6515821814537048
21,1,30,-0.16127689738313725,1.6934074225229412,0.6792561411857605
21,1,31,0.0064510758953254905,1.7579181814761962,0.7224322557449341
21,1,32,0.19998335275509022,1.7192117261042432,0.740513801574707
21,2,0,-0.3027292031076639,-1.262518381142189,0.9995813369750975
21,2,1,-0.2683281572999748,-1.3588413094037184,0.9995859265327454
21,2,2,-0.25456773897689916,-1.3657215185652563,0.999536633491516
21,2,3,-0.24080732065382351,-1.3726017277267941,0.9996217489242554
21,2,4,-0.295848993946126,-1.3588413094037184,0.9995416402816772
21,2,5,-0.295848993946126,-1.3588413094037184,0.9994569420814514
21,2,6,-0.295848993946126,-1.3657215185652563,0.9995535016059875
21,2,7,-0.16512501987690756,-1.3726017277267941,0.99943745136261
21,2,8,-0.2339271114922857,-1.3726017277267941,0.9994344711303712
21,2,9,-0.24768752981536135,-1.2005964986883486,0.9995412826538086
21,2,10,-0.2820885756230504,-1.2005964986883486,0.9993171095848083
21,2,11,0.06880209161537815,-0.9941902238422142,0.9995638728141784
21,2,12,-0.20640627484613444,-1.001070433003752,0.9991748332977296
21,2,13,0.048161464130764706,-0.4093724451115,0.643223762512207
21,2,14,-0.2889687847845882,-0.44377349091918905,0.5591866374015808
21,2,15,-0.34401045807689073,-0.5882578833114832,0.7627811431884766
21,2,16,-0.38529171304611765,-0.6226589291191722,0.6215459108352661
21,2,17,-0.48161464130764703,-0.6157787199576344,0.7373372912406921
21,2,18,-0.4953750596307227,-0.6157787199576344,0.6175229549407959
21,2,19,-0.4678542229845714,-0.6983412298960883,0.731264054775238
21,2,20,-0.48849485046918484,-0.6845808115730125,0.612697422504425
21,2,21,-0.4265729680153445,-0.6914610207345504,0.7033366560935974
21,2,22,-0.447213595499958,-0.6983412298960883,0.6008743047714233
21,2,23,0.11008334658460504,-0.0034401045807689076,0.9949156045913696
21,2,24,-0.11008334658460504,0.0034401045807689076,0.9936603903770448
21,2,25,0.02752083664615126,0.8497058314499202,0.653432309627533
21,2,26,-0.16512501987690756,0.8015443673191555,0.6537506580352783
21,2,27,0.1444843923922941,1.675330930834458,0.6881495714187622
21,2,28,0.09632292826152941,1.6546903033498446,0.661451518535614
21,2,29,0.2270469023307479,1.8266955323882899,0.6555413603782654
21,2,30,0.185765647361521,1.785414277419063,0.6546877026557922
21,2,31,-0.17888543819998318,1.861096578195979,0.7283187508583069
21,2,32,-0.09632292826152941,1.8060549049036765,0.7114145755767822
22,1,0,0.14516393342044945,-1.2965778598690143,0.9995343685150146
22,1,1,0.12536885159038816,-1.369159826579239,0.9995173811912536
22,1,2,0.12536885159038816,-1.369159826579239,0.9994467496871948
22,1,3,0.12536885159038816,-1.3757581871892595,0.9995547533035278
22,1,4,0.09897540915030643,-1.369159826579239,0.999490201473236
22,1,5,0.08577868793026558,-1.3757581871892595,0.9993981719017028
22,1,6,0.06598360610020429,-1.3757581871892595,0.9995184540748596
22,1,7,0.11217213037034729,-1.3625614659692187,0.999210774898529
22,1,8,0.032991803050102145,-1.355963105359198,0.9994254112243652
22,1,9,0.14516393342044945,-1.23059425376881,0.9994626045227052
22,1,10,0.11877049098036772,-1.23059425376881,0.999326229095459
22,1,11,0.184754097080572,-0.953463108147952,0.9994648098945618
22,1,12,-0.13196721220040858,-1.045840156688238,0.9992488622665404
22,1,13,0.28372950623087845,-0.4057991775162564,0.6027026772499084
22,1,14,-0.09897540915030643,-0.48497950483650154,0.6027904748916626
22,1,15,0.3431147517210623,-0.630143438256951,0.7434355616569519
22,1,16,0.3101229486709602,-0.6631352413070531,0.65838623046875
22,1,17,0.4420901608713687,-0.6103483564268897,0.7214203476905823
22,1,18,0.44868852148138916,-0.6235450776469306,0.6535375118255615
22,1,19,0.4024999972112462,-0.76870901106738,0.7158112525939941
22,1,20,0.4552868820914096,-0.722520486797237,0.6489049792289734
22,1,21,0.3431147517210623,-0.8017008141174821,0.6879851222038269
22,1,22,0.415696718431287,-0.7489139292373187,0.6366415619850159
22,1,23,0.092377048540286,0.0032991803050102146,0.9946482181549072
22,1,24,-0.092377048540286,-0.0032991803050102146,0.9936934113502502
22,1,25,0.138565572810429,0.7753073716774004,0.618530809879303
22,1,26,0.052786884880163434,0.76870901106738,0.6771742105484009
22,1,27,-0.05938524549018386,1.5341188418297498,0.6712064146995544
22,1,28,-0.07918032732024514,1.5737090054898724,0.6793041825294495
22,1,29,-0.14516393342044945,1.659487693420138,0.6471635699272156
22,1,30,-0.17815573647055158,1.69247949647024,0.6660536527633667
22,1,31,0.138565572810429,1.7320696601303627,0.7211548089981079
22,1,32,0.184754097080572,1.738668020740383,0.7258151173591614
22,2,0,-0.311957000037708,-1.2859560779332184,0.9994409680366516
22,2,1,-0.27729511114462935,-1.376076989055223,0.9994702935218812
22,2,2,-0.26343035558739786,-1.3830093668338388,0.999405801296234
22,2,3,-0.24263322225155065,-1.3830093668338388,0.9995216727256776
22,2,4,-0.2980922444804765,-1.376076989055223,0.9993677735328674
22,2,5,-0.2980922444804765,-1.376076989055223,0.9992400407791138
22,2,6,-0.2980922444804765,-1.3830093668338388,0.999366581439972
22,2,7,-0.1663770666867776,-1.376076989055223,0.999237596988678
22,2,8,-0.24263322225155065,-1.376076989055223,0.9992370009422302
22,2,9,-0.25649797780878214,-1.2235646779256768,0.9994497299194336
22,2,10,-0.27729511114462935,-1.2235646779256768,0.9991551637649536
22,2,11,0.09012091112200453,-0.987863833452742,0.9994997978210448
22,2,12,-0.20797133335847198,-1.008660966788589,0.99896901845932
22,2,13,0.15251231112954614,-0.41247647782763613,0.6417059302330017
22,2,14,-0.2703627333660136,-0.5095297667282563,0.5534974932670593
22,2,15,-0.3188893778163237,-0.5996506778502609,0.7670043110847473
22,2,16,-0.45060455561002266,-0.675906833415034,0.61519455909729
22,2,17,-0.4644693111672541,-0.6204478111861081,0.7448678016662598
22,2,18,-0.5615226000678744,-0.6620420778578026,0.6130146384239197
22,2,19,-0.47140168894586987,-0.7175011000867284,0.7394052147865295
22,2,20,-0.5476578445106429,-0.7244334778653441,0.6093414425849915
22,2,21,-0.42980742227417545,-0.7175011000867284,0.7114250659942627
22,2,22,-0.5060635778389485,-0.7382982334225756,0.599072277545929
22,2,23,0.11785042223646747,0.0034661888893078663,0.9941459894180298
22,2,24,-0.11785042223646747,-0.0034661888893078663,0.9920555353164672
22,2,25,0.013864755557231465,0.8076220112087329,0.6357700824737549
22,2,26,-0.1663770666867776,0.8006896334301171,0.6449612379074097
22,2,27,0.1663770666867776,1.6187102113067737,0.6780555844306946
22,2,28,0.11091804445785172,1.5632511890778478,0.643176257610321
22,2,29,0.24263322225155065,1.7781549002149355,0.6525961756706238
22,2,30,0.1871742000226248,1.7434930113218567,0.6444131731987
22,2,31,-0.11785042223646747,1.7989520335507827,0.7179462313652039
22,2,32,-0.10398566667923599,1.7573577668790883,0.6882436871528625
23,1,0,0.17680606688534406,-1.290029450978251,0.99939626455307
23,1,1,0.15716094834252806,-1.3620615523019097,0.9993919134140016
23,1,2,0.15716094834252806,-1.3620615523019097,0.9993074536323548
23,1,3,0.15716094834252806,-1.3686099251495152,0.9994502067565918
23,1,4,0.1309674569521067,-1.3686099251495152,0.9993176460266112
23,1,5,0.11787071125689604,-1.3686099251495152,0.9991831183433532
23,1,6,0.09822559271408003,-1.3751582979971204,0.999332845211029
23,1,7,0.13751582979971205,-1.3555131794543045,0.9990110993385316
23,1,8,0.05893535562844802,-1.3620615523019097,0.999215841293335
23,1,9,0.17680606688534406,-1.231094095349803,0.9993575811386108
23,1,10,0.1506125754949227,-1.2376424681974085,0.9991637468338012
23,1,11,0.20954793112337075,-0.9429656900551683,0.9994162917137146
23,1,12,-0.10477396556168538,-1.0542880284644591,0.99906188249588
23,1,13,0.30777352383745077,-0.4059991165515308,0.6008633375167847
23,1,14,-0.06548372847605335,-0.5173214549608215,0.5976554751396179
23,1,15,0.3929023708563201,-0.5828051834368748,0.7495225667953491
23,1,16,0.34051538807547743,-0.6875791489985602,0.6528239250183105
23,1,17,0.48457959072279483,-0.6351921662177176,0.7307943105697632
23,1,18,0.47148284502758414,-0.6613856576081389,0.6499332189559937
23,1,19,0.46493447217997885,-0.6941275218461656,0.7261200547218323
23,1,20,0.4780312178751895,-0.7465145046270083,0.6464226245880127
23,1,21,0.41254748939913616,-0.7465145046270083,0.697955310344696
23,1,22,0.4452893536371628,-0.7596112503222189,0.6357169151306152
23,1,23,0.09822559271408003,0.006548372847605336,0.9939902424812316
23,1,24,-0.09822559271408003,-0.006548372847605336,0.9923262000083924
23,1,25,0.18990281258055472,0.7465145046270083,0.6068254113197327
23,1,26,-0.026193491390421344,0.7334177589317976,0.6702597141265869
23,1,27,-0.006548372847605336,1.5061257549492273,0.662132203578949
23,1,28,-0.07858047417126403,1.4930290092540166,0.6623485088348389
23,1,29,-0.09822559271408003,1.6108997205109126,0.642576277256012
23,1,30,-0.17680606688534406,1.6436415847489392,0.6545659899711609
23,1,31,0.2029995582757654,1.676383448986966,0.7119404673576355
23,1,32,0.1833544397329494,1.6829318218345712,0.7046443223953247
23,2,0,-0.30091845686177976,-1.2891620254192158,0.99934059381485
23,2,1,-0.2667231776729412,-1.378069751310196,0.9993699193000792
23,2,2,-0.2530450659974057,-1.378069751310196,0.9992917776107788
23,2,3,-0.23936695432187027,-1.3849088071479638,0.9994341731071472
23,2,4,-0.28724034518624436,-1.378069751310196,0.9992513656616212
23,2,5,-0.28724034518624436,-1.378069751310196,0.9990949034690856
23,2,6,-0.28724034518624436,-1.378069751310196,0.9992414712905884
23,2,7,-0.1572982842686576,-1.378069751310196,0.9990676641464232
23,2,8,-0.23252789848410257,-1.378069751310196,0.9990859031677246
23,2,9,-0.246206010159638,-1.2276105228793062,0.999362289905548
23,2,10,-0.2735622335107089,-1.2276105228793062,0.999035656452179
23,2,11,0.09574678172874812,-0.9882435685574359,0.999453902244568
23,2,12,-0.20517167513303167,-1.0087607360707391,0.998848557472229
23,2,13,0.14362017259312218,-0.42060193402271495,0.640011727809906
23,2,14,-0.2530450659974057,-0.5095096599136953,0.5484641790390015
23,2,15,-0.3145965685373152,-0.5984173858046757,0.771815299987793
23,2,16,-0.44453862945490197,-0.6873251116956561,0.6085658073425293
23,2,17,-0.4582167411304374,-0.6326126649935143,0.7518520951271057
23,2,18,-0.5539635228591855,-0.6804860558578884,0.6079287528991699
23,2,19,-0.4582167411304374,-0.7078422792089593,0.7470950484275818
23,2,20,-0.5334463553458824,-0.7351985025600302,0.6049792170524597
23,2,21,-0.41718240610383106,-0.714681335046727,0.7182840704917908
23,2,22,-0.492412020319276,-0.7420375583977978,0.596101701259613
23,2,23,0.123103005079819,0.0034195279188838613,0.9933403134346008
23,2,24,-0.123103005079819,-0.0034195279188838613,0.9909033179283142
23,2,25,0.02735622335107089,0.789910949262172,0.6295360326766968
23,2,26,-0.1778154517819608,0.7762328375866365,0.6371715664863586
23,2,27,0.1778154517819608,1.596919538118763,0.6711491346359253
23,2,28,0.10942489340428356,1.5422070914166215,0.6321690082550049
23,2,29,0.25988412183517345,1.7337006548741176,0.6512318849563599
23,2,30,0.19833261929526394,1.7063444315230467,0.6382420063018799
23,2,31,-0.0889077258909804,1.7405397107118854,0.7113305926322937
23,2,32,-0.123103005079819,1.7337006548741176,0.6733265519142151
24,1,0,0.218016592615021,-1.291583147158685,0.999168574810028
24,1,1,0.19819690237729182,-1.3708619081096016,0.9991137385368348
24,1,2,0.19819690237729182,-1.3708619081096016,0.9990069270133972
24,1,3,0.19159033896471542,-1.3708619081096016,0.9992524981498718
24,1,4,0.17837721213956262,-1.3708619081096016,0.9990280270576476
24,1,5,0.16516408531440985,-1.377468471522178,0.9988176822662354
24,1,6,0.15195095848925705,-1.377468471522178,0.9990110397338868
24,1,7,0.13873783166410428,-1.3642553446970254,0.9987135529518129
24,1,8,0.07927876095091672,-1.3708619081096016,0.9987305402755736
24,1,9,0.20480346578986822,-1.2189109496203447,0.9990529417991638
24,1,10,0.18498377555213902,-1.225517513032921,0.9988826513290404
24,1,11,0.20480346578986822,-0.9546484131172889,0.9994106292724608
24,1,12,-0.06606563412576394,-1.040533737480782,0.9989171624183656
24,1,13,0.3039019169785141,-0.49218897423694136,0.6079556941986084
24,1,14,-0.03963938047545836,-0.5120086644746705,0.5925403237342834
24,1,15,0.5087053827683823,-0.5912874254255872,0.7669122219085693
24,1,16,0.35014786086654887,-0.703599003439386,0.6466826796531677
24,1,17,0.6078038339570282,-0.6045005522507401,0.7472780346870422
24,1,18,0.5020988193558059,-0.7300252570896915,0.6452522873878479
24,1,19,0.6144103973696046,-0.6903858766142331,0.743252694606781
24,1,20,0.47567256570550037,-0.8291237082783374,0.6423689723014832
24,1,21,0.5681644534815699,-0.6969924400268095,0.7134849429130554
24,1,22,0.4294266218174656,-0.8291237082783374,0.63276207447052
24,1,23,0.09909845118864591,0.0033032817062881967,0.9932821393013
24,1,24,-0.09909845118864591,-0.0033032817062881967,0.9909298419952391
24,1,25,0.2906887901533613,0.7102055668519623,0.6006159782409668
24,1,26,0.1123115780137987,0.7300252570896915,0.6595443487167358
24,1,27,0.026426253650305574,1.4038947251724836,0.6400222778320312
24,1,28,0.01981969023772918,1.4699603592982475,0.6434779763221741
24,1,29,-0.07927876095091672,1.5228128665988587,0.6258653998374939
24,1,30,-0.09909845118864591,1.5822719373120464,0.6402050852775574
24,1,31,0.18498377555213902,1.608698190962352,0.6880284547805786
24,1,32,0.2312297194401738,1.6879769519132686,0.6826636791229248
24,2,0,-0.32645885930921276,-1.3092360503546552,0.9988424181938172
24,2,1,-0.29245272813116974,-1.3976519914175671,0.9988721013069152
24,2,2,-0.27204904942434394,-1.3976519914175671,0.9987937808036804
24,2,3,-0.2584465969531268,-1.4044532176531757,0.999061107635498
24,2,4,-0.31285640683799554,-1.3908507651819584,0.9986249208450316
24,2,5,-0.30605518060238696,-1.3976519914175671,0.9983739256858826
24,2,6,-0.30605518060238696,-1.3976519914175671,0.9985581636428832
24,2,7,-0.19723556083264937,-1.3976519914175671,0.9986512660980223
24,2,8,-0.2584465969531268,-1.3976519914175671,0.998275876045227
24,2,9,-0.27204904942434394,-1.2344225617629607,0.9989795088768004
24,2,10,-0.2992539543667784,-1.2344225617629607,0.9983062148094176
24,2,11,0.05440980988486879,-1.0031808697522684,0.9994522333145142
24,2,12,-0.22444046577508375,-0.9895784172810511,0.9987576007843018
24,2,13,0.1496269771833892,-0.4794864496104062,0.6462265253067017
24,2,14,-0.30605518060238696,-0.5270950332596664,0.54787677526474
24,2,15,-0.2788502756599526,-0.5951072956157524,0.7878869771957397
24,2,16,-0.5440980988486879,-0.7243305940923158,0.61533522605896
24,2,17,-0.4284772528433417,-0.6291134267937954,0.7679553627967834
24,2,18,-0.6325140399115997,-0.7719391777415759,0.6159034371376038
24,2,19,-0.4216760266077331,-0.70392691538549,0.763916552066803
24,2,20,-0.6189115874403825,-0.839951440097662,0.6132781505584717
24,2,21,-0.38766989542969016,-0.70392691538549,0.7334843277931213
24,2,22,-0.578104230026731,-0.8331502138620533,0.6046566367149353
24,2,23,0.1292232984765634,-0.0034006131178042995,0.9931228160858154
24,2,24,-0.1292232984765634,0.0034006131178042995,0.9902058243751526
24,2,25,0.006801226235608599,0.7719391777415759,0.6185670495033264
24,2,26,-0.23804291824630097,0.6767220104430556,0.6245299577713013
24,2,27,0.10201839353412899,1.4452605750668273,0.6484346389770508
24,2,28,0.03400613117804299,1.4248568963600015,0.6058198809623718
24,2,29,0.21083801330386656,1.5608814210721735,0.6379719972610474
24,2,30,0.10881961976973759,1.5608814210721735,0.6202618479728699
24,2,31,-0.13602452471217197,1.6424961358994767,0.6892604827880859
24,2,32,-0.12242207224095478,1.6492973621350853,0.6494020819664001
25,1,0,0.2660189013549304,-1.3098905395831382,0.9987648129463196
25,1,1,0.23908027843291213,-1.377237096888184,0.9987297654151917
25,1,2,0.23234562270240755,-1.377237096888184,0.9986505508422852
25,1,3,0.23234562270240755,-1.3839717526186885,0.9989717602729796
25,1,4,0.21887631124139842,-1.377237096888184,0.998524010181427
25,1,5,0.2054069997803893,-1.377237096888184,0.9982683062553406
25,1,6,0.19193768831938016,-1.3839717526186885,0.9984801411628724
25,1,7,0.1649990653973619,-1.3705024411576794,0.9984993934631348
25,1,8,0.11112181955332535,-1.3637677854271748,0.9981831908226012
25,1,9,0.24581493416341668,-1.2425439822780926,0.998766541481018
25,1,10,0.225610966971903,-1.2425439822780926,0.9983030557632446
25,1,11,0.21214165551089387,-0.9664230973274054,0.999378263950348
25,1,12,-0.05050991797878425,-1.0270349989019465,0.998852014541626
25,1,13,0.3468347701209852,-0.5556090977666268,0.6071210503578186
25,1,14,-0.016836639326261418,-0.47479322900057197,0.5923900604248047
25,1,15,0.49499719619208565,-0.629690310802177,0.7727885246276855
25,1,16,0.4007120159650217,-0.6633635894546999,0.6529112458229065
25,1,17,0.6229556550716724,-0.6162209993411678,0.7542662024497986
25,1,18,0.5488744420361222,-0.6835675566462135,0.6526223421096802
25,1,19,0.6027516878801588,-0.6970368681072227,0.7505063414573669
25,1,20,0.5354051305751131,-0.7778527368732775,0.650069534778595
25,1,21,0.5421397863056177,-0.7172408352987364,0.719256579875946
25,1,22,0.4882625404615811,-0.7845873926037821,0.6407816410064697
25,1,23,0.11785647528382992,-0.0033673278652522833,0.9932032823562622
25,1,24,-0.11785647528382992,0.0033673278652522833,0.9903743863105774
25,1,25,0.4478546060785537,0.582547720688645,0.6088871359825134
25,1,26,0.13806044247534363,0.7172408352987364,0.6541626453399658
25,1,27,0.23908027843291213,1.343563818235661,0.6333724856376648
25,1,28,0.03704060651777512,1.4513183099237341,0.6255304217338562
25,1,29,0.14479509820584818,1.4513183099237341,0.6260571479797363
25,1,30,-0.08418319663130709,1.5590728016118072,0.6286378502845764
25,1,31,0.3468347701209852,1.5860114245338255,0.6814978122711182
25,1,32,0.27275355708543497,1.6129500474558438,0.6655924916267395
25,2,0,-0.34352147494388086,-1.296968833971795,0.9988228678703308
25,2,1,-0.3084682632149134,-1.3810965421213168,0.998792827129364
25,2,2,-0.28743633617753295,-1.3810965421213168,0.9987227320671082
25,2,3,-0.27341505148594597,-1.3881071844671102,0.9990211725234984
25,2,4,-0.3295001902522939,-1.3810965421213168,0.998573899269104
25,2,5,-0.32248954790650036,-1.3810965421213168,0.9983320832252502
25,2,6,-0.3154789055607069,-1.3810965421213168,0.9985290765762328
25,2,7,-0.2103192703738046,-1.3810965421213168,0.9986061453819276
25,2,8,-0.2664044091401525,-1.3810965421213168,0.998242735862732
25,2,9,-0.28743633617753295,-1.2268624105138601,0.9988433718681335
25,2,10,-0.3084682632149134,-1.2198517681680667,0.9982702732086182
25,2,11,0.035053211728967436,-1.0025218554484685,0.99943345785141
25,2,12,-0.22434055506539158,-0.9885005707568816,0.9988029599189758
25,2,13,0.13320220457007625,-0.4697130371681636,0.6456642746925354
25,2,14,-0.33651083259808734,-0.5117768912429245,0.5531391501426697
25,2,15,-0.2804256938317395,-0.5468301029718919,0.7936776280403137
25,2,16,-0.5748726723550659,-0.7150855192709357,0.6296950578689575
25,2,17,-0.42764918309340266,-0.5748726723550659,0.7749264240264893
25,2,18,-0.6519897381587942,-0.7431280886541096,0.6285691857337952
25,2,19,-0.4206385407476092,-0.6590003805045878,0.7712021470069885
25,2,20,-0.6590003805045878,-0.8272557968036314,0.6256222724914551
25,2,21,-0.39259597136443525,-0.6660110228503813,0.740412175655365
25,2,22,-0.6169365264298268,-0.8342664391494249,0.6170515418052673
25,2,23,0.12619156222428277,-0.007010642345793487,0.9935990571975708
25,2,24,-0.12619156222428277,0.007010642345793487,0.9907318353652954
25,2,25,0.028042569383173947,0.6099258840840334,0.643244206905365
25,2,26,-0.33651083259808734,0.6800323075419682,0.6570737361907959
25,2,27,0.1051596351869023,1.4512029655792518,0.6644495129585266
25,2,28,-0.09113835049531532,1.3881071844671102,0.6238380074501038
25,2,29,0.2173299127195981,1.542341316074567,0.6541693806648254
25,2,30,-0.007010642345793487,1.5213093890371865,0.6335830688476562
25,2,31,-0.07711706580372835,1.6825541629904368,0.7054675817489624
25,2,32,-0.23135119741118507,1.640490308915676,0.6648626923561096
26,1,0,0.27703197640662325,-1.299656185611319,0.9988208413124084
26,1,1,0.2565110892653919,-1.3680591427487567,0.9987563490867616
26,1,2,0.24967079355164812,-1.3680591427487567,0.9986955523490906
26,1,3,0.24967079355164812,-1.3748994384625006,0.9990084767341614
26,1,4,0.24283049783790434,-1.3680591427487567,0.9985357522964478
26,1,5,0.22914990641041677,-1.3748994384625006,0.9982710480690002
26,1,6,0.2154693149829292,-1.3817397341762443,0.9984531998634338
26,1,7,0.17442754070046648,-1.3748994384625006,0.9985485672950744
26,1,8,0.12654547070426,-1.3748994384625006,0.9981292486190796
26,1,9,0.2565110892653919,-1.2244129327601374,0.998794436454773
26,1,10,0.24283049783790434,-1.231253228473881,0.9983263611793518
26,1,11,0.14022606213174757,-0.9850025827791049,0.999457597732544
26,1,12,-0.03762162642559081,-1.01236376563408,0.9988917112350464
26,1,13,0.20862901926918542,-0.48566099567580867,0.618973970413208
26,1,14,0.003420147856871892,-0.45829981282083354,0.5966892838478088
26,1,15,0.4822408478189368,-0.5745848399544778,0.7947518229484558
26,1,16,0.4275184821089865,-0.663508684233147,0.6653299927711487
26,1,17,0.6532482406625314,-0.5677445442407341,0.7771799564361572
26,1,18,0.5780049878113498,-0.6840295713743784,0.6632899641990662
26,1,19,0.6327273535213,-0.6224669099506843,0.774784505367279
26,1,20,0.5780049878113498,-0.7729534156530475,0.6604289412498474
26,1,21,0.5643243963838622,-0.6566683885194032,0.7440524697303772
26,1,22,0.5164423263876556,-0.7797937113667913,0.6504799127578735
26,1,23,0.09918428784928487,-0.013680591427487569,0.9937726855278016
26,1,24,-0.09918428784928487,0.013680591427487569,0.9906888008117676
26,1,25,0.41383789068149895,0.5882654313819654,0.636834979057312
26,1,26,0.0855036964217973,0.7182310499430973,0.6853161454200745
26,1,27,0.46171996067770543,1.4159412127449633,0.6615663766860962
26,1,28,0.09918428784928487,1.4501426913136821,0.649004340171814
26,1,29,0.2907125678341108,1.5390665355923514,0.6502292156219482
26,1,30,-0.09918428784928487,1.5732680141610702,0.6483708024024963
26,1,31,0.46171996067770543,1.580108309874814,0.7059805393218994
26,1,32,0.3043931592615984,1.6621918584397395,0.6852133274078369
26,2,0,-0.3558890083659564,-1.2661435874558065,0.9988824129104614
26,2,1,-0.3216689114076914,-1.3482718201556425,0.9988147020339966
26,2,2,-0.30798087262438534,-1.3482718201556425,0.9987617135047911
26,2,3,-0.29429283384107935,-1.3551158395472955,0.999048352241516
26,2,4,-0.3422009695826504,-1.3482718201556425,0.9986003041267396
26,2,5,-0.33535695019099737,-1.3551158395472955,0.9983576536178588
26,2,6,-0.32851293079934435,-1.3551158395472955,0.9985271096229552
26,2,7,-0.21900862053289624,-1.3482718201556425,0.9986435770988464
26,2,8,-0.2669167562744673,-1.3551158395472955,0.9982154965400696
26,2,9,-0.30113685323273237,-1.1908593741476234,0.9988640546798706
26,2,10,-0.3216689114076914,-1.1908593741476234,0.998327612876892
26,2,11,-0.020532058174959022,-0.9923828117896861,0.9995021224021912
26,2,12,-0.22585263992454926,-0.9923828117896861,0.9988892078399658
26,2,13,0.041064116349918044,-0.4448612604574455,0.6561917662620544
26,2,14,-0.32851293079934435,-0.5269894931572816,0.5519511699676514
26,2,15,-0.3627330277576094,-0.5406775319405877,0.8123927712440491
26,2,16,-0.5133014543739756,-0.6844019391653008,0.6299561858177185
26,2,17,-0.5064574349823225,-0.5543655707238936,0.7940146327018738
26,2,18,-0.6159617452487707,-0.7186220361235658,0.6271040439605713
26,2,19,-0.49276939619901655,-0.6296497840320767,0.7914639115333557
26,2,20,-0.6159617452487707,-0.7939062494317489,0.6244000792503357
26,2,21,-0.45170527984909853,-0.6433378228153828,0.7598759531974792
26,2,22,-0.5817416482905057,-0.7870622300400959,0.6159957051277161
26,2,23,0.11634832965810113,0.0,0.9942347407341005
26,2,24,-0.11634832965810113,0.0,0.991346001625061
26,2,25,0.0068440193916530076,0.6228057646404237,0.671964168548584
26,2,26,-0.41064116349918045,0.5680536095071996,0.7015676498413086
26,2,27,0.10266029087479511,1.4235560334638255,0.694230318069458
26,2,28,-0.2874488144494263,1.3140517231973774,0.6721913814544678
26,2,29,0.21216460114124325,1.5878124988634978,0.6810569763183594
26,2,30,-0.31482489201603836,1.4235560334638255,0.6697267889976501
26,2,31,-0.05475215513322406,1.5604364212968858,0.7336133718490601
26,2,32,-0.5612095901155466,1.5193723049469678,0.7062431573867798
27,1,0,0.24822897001129912,-1.278549215400664,0.9989396929740906
27,1,1,0.2210257952155403,-1.3533579460890006,0.9988733530044556
27,1,2,0.2210257952155403,-1.3601587397879402,0.9988223314285278
27,1,3,0.2210257952155403,-1.3601587397879402,0.9990966320037842
27,1,4,0.2074242078176609,-1.3601587397879402,0.9986723065376282
27,1,5,0.1938226204197815,-1.36695953348688,0.998437225818634
27,1,6,0.1802210330219021,-1.36695953348688,0.9986088275909424
27,1,7,0.159818651925083,-1.3601587397879402,0.9986841678619384
27,1,8,0.11221309603250508,-1.36695953348688,0.9983285665512084
27,1,9,0.22782658891448002,-1.2105412784112668,0.99892920255661
27,1,10,0.2074242078176609,-1.2173420721102066,0.998464047908783
27,1,11,0.09861150863462567,-0.9725134989483774,0.9995188117027284
27,1,12,-0.051005952742047764,-1.026919848539895,0.9989948868751526
27,1,13,0.11901388973144478,-0.4624539715278997,0.6119925379753113
27,1,14,0.0034003968494698508,-0.4692547652268394,0.5957306027412415
27,1,15,0.3502408754953946,-0.5576650833130555,0.7905665040016174
27,1,16,0.39104563768903283,-0.6460754013992717,0.6653948426246643
27,1,17,0.47265516207630925,-0.571266670710935,0.7776632905006409
27,1,18,0.5406630990657063,-0.6732785761950305,0.6617142558097839
27,1,19,0.47945595577524897,-0.6324738140013922,0.7762681841850281
27,1,20,0.547463892764646,-0.7548881005823069,0.6590942144393921
27,1,21,0.43185039988267104,-0.6460754013992717,0.7448818683624268
27,1,22,0.49985833687206804,-0.7480873068833672,0.6498450636863708
27,1,23,0.07820912753780657,-0.0068007936989397015,0.994378924369812
27,1,24,-0.07820912753780657,0.0068007936989397015,0.9919045567512512
27,1,25,0.35704166919433433,0.6596769887971511,0.6597217917442322
27,1,26,0.1938226204197815,0.6800793698939701,0.7269569039344788
27,1,27,-0.11221309603250508,1.4553698515730962,0.6978898644447327
27,1,28,0.43865119358161075,1.502975407465674,0.7000064253807068
27,1,29,-0.2414281763123594,1.5981865192508298,0.6834901571273804
27,1,30,0.39784643138797254,1.638991281444468,0.695002555847168
27,1,31,0.159818651925083,1.550580963358252,0.7397382855415344
27,1,32,0.8126948470232943,1.5913857255518902,0.7301644682884216
27,2,0,-0.35067753331992857,-1.2742441062219185,0.9990012049674988
27,2,1,-0.3298452046078536,-1.36451753064091,0.9989355802536012
27,2,2,-0.3159569854664703,-1.36451753064091,0.9988879561424256
27,2,3,-0.2951246567543953,-1.3714616402116018,0.999136745929718
27,2,4,-0.34373342374923693,-1.36451753064091,0.998750865459442
27,2,5,-0.34373342374923693,-1.36451753064091,0.9985401630401612
27,2,6,-0.33678931417854524,-1.3714616402116018,0.9986999034881592
27,2,7,-0.23262767061817044,-1.36451753064091,0.9987798929214478
27,2,8,-0.28123643761301204,-1.3714616402116018,0.9984223246574402
27,2,9,-0.302068766325087,-1.1978589009443104,0.9989913702011108
27,2,10,-0.32290109503716197,-1.1978589009443104,0.9985053539276124
27,2,11,-0.010416164356037483,-0.9756473946821775,0.9995481967926024
27,2,12,-0.22568356104747878,-1.0103679425356358,0.9989991784095764
27,2,13,-0.0381926026388041,-0.41317451945615347,0.6498146653175354
27,2,14,-0.302068766325087,-0.49650383430445333,0.5475006699562073
27,2,15,-0.4478950673096117,-0.5520567108699865,0.8072473406791687
27,2,16,-0.4548391768803034,-0.6214978065769031,0.622317373752594
27,2,17,-0.6076095874355197,-0.5867772587234448,0.7915745377540588
27,2,18,-0.6006654778648282,-0.663162464001053,0.6186466217041016
27,2,19,-0.5867772587234448,-0.663162464001053,0.7899459004402161
27,2,20,-0.5937213682941365,-0.7117712309958946,0.6164862513542175
27,2,21,-0.5381684917286033,-0.663162464001053,0.7565294504165649
27,2,22,-0.5381684917286033,-0.7117712309958946,0.6084877252578735
27,2,23,0.100689588775029,0.010416164356037483,0.994446337223053
27,2,24,-0.100689588775029,-0.010416164356037483,0.9922410249710084
27,2,25,-0.05208082178018741,0.7395476692786612,0.6919292211532593
27,2,26,-0.37150986203200353,0.6006654778648282,0.7293415069580078
27,2,27,0.1145778079164123,1.5381202699082015,0.7253013253211975
27,2,28,-0.4201186290268451,1.40618218806506,0.7164003252983093
27,2,29,0.1909630131940205,1.670058351751343,0.7051798105239868
27,2,30,-0.37845397160269517,1.5520084890495849,0.7102528214454651
27,2,31,-0.19790712276471215,1.628393694327193,0.7614240050315857
27,2,32,-0.8089887649855778,1.4825673933426682,0.7440353035926819
28,1,0,0.2422516940227376,-1.286322375303832,0.999030828475952
28,1,1,0.22177971987997105,-1.361386280493976,0.9989637732505798
28,1,2,0.22177971987997105,-1.3682102718748983,0.998915672302246
28,1,3,0.21495572849904887,-1.3682102718748983,0.9991618990898132
28,1,4,0.20130774573720447,-1.3682102718748983,0.9987863898277284
28,1,5,0.1876597629753601,-1.3750342632558206,0.9985755085945128
28,1,6,0.17401178021351574,-1.3750342632558206,0.9987462759017944
28,1,7,0.16718778883259355,-1.3682102718748983,0.9987670183181764
28,1,8,0.11259585778521607,-1.3682102718748983,0.9984907507896424
28,1,9,0.22860371126089324,-1.2180824614946102,0.9990264177322388
28,1,10,0.20813173711812666,-1.2249064528755325,0.9986124038696288
28,1,11,0.10577186640429388,-0.9655947804004893,0.9995513558387756
28,1,12,-0.05800392673783858,-1.0338346942097112,0.9990926384925842
28,1,13,0.11259585778521607,-0.4469714354504032,0.6031800508499146
28,1,14,0.017059978452305464,-0.46061941821224756,0.5915976166725159
28,1,15,0.3446115647365704,-0.5629792889260803,0.7826877236366272
28,1,16,0.39920349578394787,-0.5902752544497691,0.6583328247070312
28,1,17,0.48109139235501414,-0.5698032803070026,0.7730544805526733
28,1,18,0.5425073147833138,-0.6380431941162243,0.6537469029426575
28,1,19,0.4879153837359363,-0.6585151682589909,0.7727034091949463
28,1,20,0.5425073147833138,-0.6858111337826797,0.6515933871269226
28,1,21,0.4333234526885588,-0.6653391596399131,0.7395246624946594
28,1,22,0.5015633664977807,-0.6994591165445241,0.6425356268882751
28,1,23,0.07165190949968295,-0.003411995690461093,0.994370460510254
28,1,24,-0.07165190949968295,0.003411995690461093,0.9925929307937622
28,1,25,0.16718778883259355,0.7472270562109794,0.6731418967247009
28,1,26,0.22177971987997105,0.6926351251636018,0.750744640827179
28,1,27,-0.11941984916613825,1.504690099493342,0.7233619689941406
28,1,28,0.440147444069481,1.5183380822551864,0.7385908365249634
28,1,29,-0.2422516940227376,1.6343459357308636,0.7031810283660889
28,1,30,0.4060274871648701,1.647993918492708,0.7306980490684509
28,1,31,0.12624384054706045,1.5661060219216416,0.7620820999145508
28,1,32,0.808642978639279,1.4842181253505755,0.762906014919281
28,2,0,-0.37150986203200353,-1.2811882157926102,0.9990755915641784
28,2,1,-0.34373342374923693,-1.3714616402116018,0.9990074634552002
28,2,2,-0.3298452046078536,-1.3714616402116018,0.9989629983901978
28,2,3,-0.30901287589577864,-1.3714616402116018,0.9991844892501832
28,2,4,-0.3576216428906202,-1.3714616402116018,0.9988439083099364
28,2,5,-0.35067753331992857,-1.3714616402116018,0.9986583590507508
28,2,6,-0.35067753331992857,-1.3784057497822935,0.9988181591033936
28,2,7,-0.23957178018886208,-1.3714616402116018,0.9988449811935424
28,2,8,-0.2881805471837037,-1.3714616402116018,0.998561143875122
28,2,9,-0.3159569854664703,-1.204803010515002,0.999069333076477
28,2,10,-0.33678931417854524,-1.1978589009443104,0.9986176490783693
28,2,11,-0.0034720547853458275,-0.9756473946821775,0.9995761513710022
28,2,12,-0.23262767061817044,-1.0103679425356358,0.999090313911438
28,2,13,-0.0381926026388041,-0.41317451945615347,0.6417189240455627
28,2,14,-0.3159569854664703,-0.49650383430445333,0.5455636978149414
28,2,15,-0.4548391768803034,-0.5590008204406782,0.7994576096534729
28,2,16,-0.48955972473376164,-0.6145536970062114,0.6176592707633972
28,2,17,-0.6145536970062114,-0.5867772587234448,0.7863660454750061
28,2,18,-0.6284419161475947,-0.6562183544303614,0.6128479838371277
28,2,19,-0.5867772587234448,-0.6770506831424363,0.7856226563453674
28,2,20,-0.6214978065769031,-0.704827121425203,0.6108414530754089
28,2,21,-0.5381684917286033,-0.6770506831424363,0.7502774000167847
28,2,22,-0.5659449300113698,-0.7117712309958946,0.6028889417648315
28,2,23,0.100689588775029,0.010416164356037483,0.9944809675216676
28,2,24,-0.100689588775029,-0.010416164356037483,0.9928671717643738
28,2,25,-0.14929835576987058,0.7603799979907362,0.7041304111480713
28,2,26,-0.37845397160269517,0.6006654778648282,0.7474427819252014
28,2,27,0.100689588775029,1.5589525986202766,0.7483595013618469
28,2,28,-0.4201186290268451,1.4131262976357517,0.7490382790565491
28,2,29,0.19790712276471215,1.6770024613220347,0.7236747741699219
28,2,30,-0.3853980811733868,1.5589525986202766,0.7404506206512451
28,2,31,-0.21179534190609547,1.649226023039268,0.781823456287384
28,2,32,-0.8159328745562694,1.4547909550599016,0.7723923325538635
29,1,0,0.21501205582938998,-1.2832465554262005,0.9991519451141356
29,1,1,0.20136049672911124,-1.3583301304777335,0.999090850353241
29,1,2,0.20136049672911124,-1.3583301304777335,0.9990510940551758
29,1,3,0.20136049672911124,-1.365155910027873,0.9992523789405824
29,1,4,0.18770893762883253,-1.365155910027873,0.998939037322998
29,1,5,0.1740573785285538,-1.3719816895780121,0.9987684488296508
29,1,6,0.16040581942827506,-1.3788074691281516,0.9989148378372192
29,1,7,0.16723159897841441,-1.365155910027873,0.9989355206489564
29,1,8,0.1126253625772995,-1.3788074691281516,0.9986920952796936
29,1,9,0.20136049672911124,-1.2218145394749462,0.9991517066955566
29,1,10,0.1740573785285538,-1.2218145394749462,0.9987481832504272
29,1,11,0.09214802392688141,-0.9760864756699291,0.999601662158966
29,1,12,-0.07849646482660269,-1.0238669325209047,0.9991794228553772
29,1,13,0.10579958302716015,-0.45732722985933744,0.6007949709892273
29,1,14,0.010238669325209046,-0.450501450309198,0.5897139310836792
29,1,15,0.3037471899812017,-0.6347974981629609,0.7749364972114563
29,1,16,0.35152764683217724,-0.6143201595125428,0.6534332036972046
29,1,17,0.39930810368315284,-0.6757521754637971,0.7641972303390503
29,1,18,0.4948690173851039,-0.6484490572632396,0.6467772722244263
29,1,19,0.3856565445828741,-0.730358411864912,0.7647316455841064
29,1,20,0.47439167873468585,-0.6962295141142152,0.6446446180343628
29,1,21,0.3447018672820379,-0.7167068527646333,0.7317571640014648
29,1,22,0.42661122188371026,-0.6962295141142152,0.6352383494377136
29,1,23,0.08532224437674206,0.0,0.9946208596229552
29,1,24,-0.08532224437674206,0.0,0.993291437625885
29,1,25,0.07167068527646332,0.7644873096156088,0.6804493069648743
29,1,26,0.20136049672911124,0.7440099709651907,0.7642323970794678
29,1,27,-0.1331027012277176,1.5153230601309389,0.7375242710113525
29,1,28,0.440262780983989,1.5494519578816357,0.7671865820884705
29,1,29,-0.25596673313022617,1.6450128715835868,0.7183808088302612
29,1,30,0.3924823241330134,1.6791417693342836,0.7599337100982666
29,1,31,0.1126253625772995,1.5767550760821931,0.775255560874939
29,1,32,0.8088548766915147,1.6313613124833082,0.7877480983734131
29,2,0,-0.3505321172896743,-1.2934635127988983,0.9992284774780272
29,2,1,-0.3154789055607069,-1.3846018632942136,0.9991738200187684
29,2,2,-0.3014576208691199,-1.391612505640007,0.9991366267204284
29,2,3,-0.28743633617753295,-1.3986231479858005,0.9993185997009276
29,2,4,-0.33651083259808734,-1.3846018632942136,0.9990366101264954
29,2,5,-0.33651083259808734,-1.3846018632942136,0.9988829493522644
29,2,6,-0.33651083259808734,-1.391612505640007,0.9990163445472716
29,2,7,-0.23135119741118507,-1.391612505640007,0.9990359544754028
29,2,8,-0.2944469785233264,-1.391612505640007,0.9988081455230712
29,2,9,-0.2944469785233264,-1.2233570893409633,0.9992274045944214
29,2,10,-0.32248954790650036,-1.21634644699517,0.9988520741462708
29,2,11,0.028042569383173947,-0.9849952495839849,0.9996298551559448
29,2,12,-0.2173299127195981,-1.0060271766213653,0.9992177486419678
29,2,13,-0.04206385407476092,-0.42414386192050596,0.6399069428443909
29,2,14,-0.24537248210277202,-0.4802290006868538,0.5490198731422424
29,2,15,-0.4346598254391962,-0.5713673511821692,0.7928812503814697
29,2,16,-0.4697130371681636,-0.5994099205653431,0.6203147172927856
29,2,17,-0.5678620300092724,-0.5994099205653431,0.7781445384025574
29,2,18,-0.6029152417382398,-0.6134312052569301,0.6123579144477844
29,2,19,-0.5538407453176855,-0.669516344023278,0.7783515453338623
29,2,20,-0.5888939570466528,-0.6765269863690715,0.6105970144271851
29,2,21,-0.5047662488971311,-0.6625057016774845,0.7442161440849304
29,2,22,-0.532808818280305,-0.6835376287148649,0.6022787690162659
29,2,23,0.1051596351869023,0.01051596351869023,0.9949002265930176
29,2,24,-0.1051596351869023,-0.01051596351869023,0.99371737241745
29,2,25,-0.13320220457007625,0.7957079062475607,0.7111428380012512
29,2,26,-0.28743633617753295,0.6975589134064519,0.7663475871086121
29,2,27,0.1472234892616632,1.5738892066306378,0.7616266012191772
29,2,28,-0.49074496420554403,1.475740213789529,0.7798617482185364
29,2,29,0.24537248210277202,1.707091411200714,0.7383159399032593
29,2,30,-0.42764918309340266,1.6159530607053987,0.7678118348121643
29,2,31,-0.18227670099063065,1.6720381994717466,0.7946929931640625
29,2,32,-0.8623090085325988,1.5949211336680182,0.7986820936203003
30,1,0,0.1972686417027503,-1.2890485380231442,0.9992859363555908
30,1,1,0.19046627474748304,-1.363874574531084,0.999234676361084
30,1,2,0.1972686417027503,-1.363874574531084,0.9992004632949828
30,1,3,0.1972686417027503,-1.3706769414863513,0.9993666410446168
30,1,4,0.1700591738816813,-1.363874574531084,0.9991071820259094
30,1,5,0.1564544399711468,-1.3706769414863513,0.9989635944366456
30,1,6,0.14284970606061229,-1.3774793084416186,0.9990883469581604
30,1,7,0.17686154083694855,-1.3706769414863513,0.999090313911438
30,1,8,0.09523313737374152,-1.3774793084416186,0.9989098906517028
30,1,9,0.1972686417027503,-1.227827235425739,0.9992870688438416
30,1,10,0.16325680692641403,-1.227827235425739,0.9989565014839172
30,1,11,0.09523313737374152,-0.9829420250361179,0.9996416568756104
30,1,12,-0.11564023823954328,-1.0169538598124541,0.999293863773346
30,1,13,0.10203550432900878,-0.46596213643580675,0.6020427942276001
30,1,14,-0.02720946782106901,-0.445555035570005,0.5930745601654053
30,1,15,0.30610651298702635,-0.6564284111832898,0.7765847444534302
30,1,16,0.31971124689756086,-0.6020094755411518,0.6564763784408569
30,1,17,0.4217467512265696,-0.6972426129148933,0.7647358179092407
30,1,18,0.4625609529581731,-0.6428236772727554,0.6474106311798096
30,1,19,0.4217467512265696,-0.7448591816017641,0.7654684782028198
30,1,20,0.4489562190476386,-0.7176497137806951,0.6454944014549255
30,1,21,0.36052544862916436,-0.7380568146464969,0.7330139875411987
30,1,22,0.40133965036076785,-0.7176497137806951,0.6360476613044739
30,1,23,0.07482603650793977,0.003401183477633626,0.9948418736457824
30,1,24,-0.07482603650793977,-0.003401183477633626,0.9939826130867004
30,1,25,0.02720946782106901,0.772068649422833,0.6958864331245422
30,1,26,0.2108733756132848,0.772068649422833,0.7849213480949402
30,1,27,-0.14284970606061229,1.5203290145022308,0.7599672079086304
30,1,28,0.41494438427130237,1.5679455831891016,0.7970362901687622
30,1,29,-0.2652923112554228,1.6495739866523085,0.7376981973648071
30,1,30,0.3673278155844316,1.690388188383912,0.7852010726928711
30,1,31,0.12244260519481054,1.6087597849207051,0.7951967120170593
30,1,32,0.7822721998557339,1.6563763536075757,0.8131725192070007
30,2,0,-0.35916775876611423,-1.2985295893851823,0.9993449449539183
30,2,1,-0.33153946963025926,-1.3883215290767108,0.999299168586731
30,2,2,-0.3177253250623318,-1.3883215290767108,0.999266505241394
30,2,3,-0.30391118049440435,-1.3952286013606745,0.9994171261787416
30,2,4,-0.3453536141981868,-1.3883215290767108,0.9991833567619324
30,2,5,-0.3453536141981868,-1.3952286013606745,0.9990545511245728
30,2,6,-0.3453536141981868,-1.3952286013606745,0.999169111251831
30,2,7,-0.234840457654767,-1.3952286013606745,0.9991713762283324
30,2,8,-0.2900970359264769,-1.3952286013606745,0.9989975690841676
30,2,9,-0.30391118049440435,-1.2294588665455448,0.9993454813957214
30,2,10,-0.32463239734629556,-1.2294588665455448,0.9990316033363342
30,2,11,0.020721216851891204,-0.9877113366068141,0.99966162443161
30,2,12,-0.22793338537080327,-1.0015254811747416,0.9993101954460144
30,2,13,-0.04144243370378241,-0.442052626173679,0.6409298777580261
30,2,14,-0.26246874679062193,-0.47658798759349774,0.5472730398178101
30,2,15,-0.45586677074160653,-0.5456587104331351,0.7937370538711548
30,2,16,-0.45586677074160653,-0.5594728550010626,0.6138149499893188
30,2,17,-0.6009152887048449,-0.5594728550010626,0.7777858972549438
30,2,18,-0.5940082164208812,-0.5801940718529538,0.6052432060241699
30,2,19,-0.5940082164208812,-0.6216365055567361,0.7781634330749512
30,2,20,-0.5940082164208812,-0.6492647946925911,0.6036142110824585
30,2,21,-0.5456587104331351,-0.6216365055567361,0.7443802952766418
30,2,22,-0.5387516381491714,-0.6492647946925911,0.5955687761306763
30,2,23,0.11051315654341975,0.01381414456792747,0.9950940608978271
30,2,24,-0.11051315654341975,-0.01381414456792747,0.9943011999130248
30,2,25,-0.1381414456792747,0.7804991680879021,0.7252631783485413
30,2,26,-0.24174752993873072,0.7114284452482648,0.784885048866272
30,2,27,0.1381414456792747,1.5471841916078766,0.7824351191520691
30,2,28,-0.48349505987746144,1.4642993242003117,0.8075337409973145
30,2,29,0.24865460222269448,1.6853256372871515,0.7585020661354065
30,2,30,-0.4351455538897153,1.6024407698795866,0.7914409637451172
30,2,31,-0.1726768070990934,1.6646044204352601,0.8134102821350098
30,2,32,-0.8564769632115031,1.5817195530276953,0.8231801390647888
31,1,0,0.1870218267208418,-1.2887504059490735,0.9993882775306702
31,1,1,0.1802210330219021,-1.3635591366374102,0.9993440508842468
31,1,2,0.1802210330219021,-1.3635591366374102,0.9993115067481996
31,1,3,0.1870218267208418,-1.3703599303363498,0.9994525909423828
31,1,4,0.159818651925083,-1.3635591366374102,0.9992396831512452
31,1,5,0.1462170645272036,-1.3703599303363498,0.9991185665130616
31,1,6,0.13261547712932417,-1.3839615177342293,0.9992290735244752
31,1,7,0.1666194456240227,-1.3771607240352897,0.9992018938064576
31,1,8,0.08500992123674626,-1.3839615177342293,0.9990803003311156
31,1,9,0.17342023932296238,-1.2343440563575558,0.9993906617164612
31,1,10,0.1462170645272036,-1.2343440563575558,0.9991168975830078
31,1,11,0.09861150863462567,-0.9827146894967869,0.9996438026428224
31,1,12,-0.1462170645272036,-1.0167186579914853,0.9993767142295836
31,1,13,0.1462170645272036,-0.5202607179688872,0.6012965440750122
31,1,14,-0.05780674644098746,-0.45905357467842983,0.5917172431945801
31,1,15,0.32983849439857554,-0.6494757982487415,0.7662203311920166
31,1,16,0.3094361133017564,-0.6018702423561636,0.6510942578315735
31,1,17,0.47265516207630925,-0.6970813541413194,0.7532998323440552
31,1,18,0.45905357467842983,-0.6426750045498018,0.6419192552566528
31,1,19,0.45905357467842983,-0.7378861163349576,0.7543269395828247
31,1,20,0.4522527809794902,-0.7174837352381385,0.6402093172073364
31,1,21,0.3842448439900931,-0.7310853226360179,0.7236639261245728
31,1,22,0.39784643138797254,-0.7174837352381385,0.631329357624054
31,1,23,0.09181071493568597,0.0034003968494698508,0.9949295520782472
31,1,24,-0.09181071493568597,-0.0034003968494698508,0.994495928287506
31,1,25,0.09181071493568597,0.7718900848296562,0.7014530897140503
31,1,26,0.2006234141187212,0.751487703732837,0.7993553280830383
31,1,27,-0.13941627082826388,1.5335789791109027,0.7741885781288147
31,1,28,0.39784643138797254,1.574383741304541,0.8206318616867065
31,1,29,-0.25502976371023883,1.6695948530896967,0.7524248361587524
31,1,30,0.3434400817964549,1.710399615283335,0.804502010345459
31,1,31,0.13941627082826388,1.6423916782939378,0.8092135190963745
31,1,32,0.7446869100338973,1.683196440487576,0.834130048751831
31,2,0,-0.345592764502328,-1.3167084327538698,0.9993832111358644
31,2,1,-0.3179453433421418,-1.3996506962344286,0.9993293285369872
31,2,2,-0.3041216327620487,-1.3996506962344286,0.9992931485176086
31,2,3,-0.283386066891909,-1.406562551524475,0.9994364976882936
31,2,4,-0.33176905392223494,-1.3996506962344286,0.9992285966873168
31,2,5,-0.33176905392223494,-1.406562551524475,0.9991135001182556
31,2,6,-0.33176905392223494,-1.4134744068145217,0.999226987361908
31,2,7,-0.22117936928148993,-1.3996506962344286,0.9992002844810486
31,2,8,-0.283386066891909,-1.406562551524475,0.9990238547325134
31,2,9,-0.29029792218195555,-1.2406780245633577,0.9993940591812134
31,2,10,-0.3179453433421418,-1.2406780245633577,0.9990671873092652
31,2,11,0.04147113174027937,-0.9918512341216814,0.9996598958969116
31,2,12,-0.23500307986158306,-0.998763089411728,0.999327838420868
31,2,13,0.01382371058009312,-0.4734620873681894,0.6405386328697205
31,2,14,-0.2557386457317227,-0.4941976532383291,0.5505307912826538
31,2,15,-0.4354468832729333,-0.44581466620800314,0.7870230078697205
31,2,16,-0.5045654361733989,-0.44581466620800314,0.6144979596138
31,2,17,-0.5736839890738645,-0.4112553897577704,0.7725880742073059
31,2,18,-0.6220669761041905,-0.4043435344677238,0.6050581932067871
31,2,19,-0.5944195549440042,-0.46655023207814283,0.7731958031654358
31,2,20,-0.6358906866842836,-0.44581466620800314,0.6050556898117065
31,2,21,-0.5460365679136783,-0.48037394265823596,0.7415895462036133
31,2,22,-0.5875076996539577,-0.46655023207814283,0.5983224511146545
31,2,23,0.10367782935069841,0.010367782935069842,0.9949396848678588
31,2,24,-0.10367782935069841,-0.010367782935069842,0.9943168759346008
31,2,25,-0.172796382251164,0.763760009550145,0.7285696268081665
31,2,26,-0.23500307986158306,0.7222888778098656,0.7870558500289917
31,2,27,0.11750153993079153,1.5586233679054995,0.793600857257843
31,2,28,-0.456182449143073,1.4756811044249407,0.8216721415519714
31,2,29,0.23500307986158306,1.689948618416384,0.7678981423377991
31,2,30,-0.4216231726928402,1.6277419208059651,0.8041359782218933
31,2,31,-0.18662009283125713,1.6830367631263374,0.8236668109893799
31,2,32,-0.8363344900956339,1.5931826443557322,0.8367542624473572
32,1,0,0.17654802702232164,-1.272478232500507,0.999423325061798
32,1,1,0.16988583732336612,-1.3457623191890178,0.9993698000907898
32,1,2,0.16988583732336612,-1.3457623191890178,0.9993330836296082
32,1,3,0.17654802702232164,-1.3524245088879734,0.9994685649871826
32,1,4,0.14989926822649952,-1.3524245088879734,0.9992792010307312
32,1,5,0.13657488882858845,-1.359086698586929,0.999169945716858
32,1,6,0.12325050943067738,-1.3657488882858844,0.9992802143096924
32,1,7,0.14989926822649952,-1.3524245088879734,0.9992232322692872
32,1,8,0.07661518153798864,-1.3657488882858844,0.9991020560264589
32,1,9,0.16322364762441058,-1.212518525209907,0.9994336366653442
32,1,10,0.13657488882858845,-1.2191807149088627,0.9991482496261596
32,1,11,0.08327737123694418,-0.986004075445419,0.9996437430381776
32,1,12,-0.15656145792545506,-1.012652834241241,0.9993926286697388
32,1,13,0.12325050943067738,-0.5196507965185316,0.5987178087234497
32,1,14,-0.0899395609358997,-0.45969108922793184,0.594664990901947
32,1,15,0.2964674416035213,-0.6129214523039092,0.7563798427581787
32,1,16,0.28980525190456574,-0.6062592626049536,0.6516028046607971
32,1,17,0.42971123558263197,-0.6395702110997312,0.7451719641685486
32,1,18,0.44969780467949855,-0.6329080214007757,0.6415602564811707
32,1,19,0.4563599943784541,-0.7061921080892866,0.7464982271194458
32,1,20,0.44969780467949855,-0.6995299183903311,0.6413183808326721
32,1,21,0.3697515282920321,-0.7061921080892866,0.717502772808075
32,1,22,0.38973809738889875,-0.6995299183903311,0.6335482001304626
32,1,23,0.0899395609358997,0.0,0.9947308897972108
32,1,24,-0.0899395609358997,0.0,0.9944627285003662
32,1,25,0.09660175063485524,0.7528274359819753,0.7042506337165833
32,1,26,0.2031967858181438,0.7328408668851087,0.8007308840751648
32,1,27,-0.11658831973172185,1.4923304925660397,0.7842838764190674
32,1,28,0.3964002870878543,1.5389658204587284,0.8320484161376953
32,1,29,-0.23650773431292146,1.6322364762441057,0.7607449293136597
32,1,30,0.34976495919516554,1.672209614437839,0.8140527009963989
32,1,31,0.13657488882858845,1.6189120968461947,0.8176470994949341
32,1,32,0.7295097720356309,1.645560855642017,0.8452116847038269
32,2,0,-0.358794600442568,-1.301911835891604,0.99942284822464
32,2,1,-0.3314578689802771,-1.3839220302784765,0.9993592500686646
32,2,2,-0.31095532038355894,-1.3839220302784765,0.9993208646774292
32,2,3,-0.2972869546524135,-1.3839220302784765,0.9994577765464784
32,2,4,-0.34512623471142256,-1.3839220302784765,0.9992797374725342
32,2,5,-0.34512623471142256,-1.3907562131440494,0.9991773962974548
32,2,6,-0.3382920518458498,-1.397590396009622,0.9992856383323668
32,2,7,-0.22894512599668626,-1.3770878474129038,0.9992305040359496
32,2,8,-0.29045277178684076,-1.3907562131440494,0.9990701079368592
32,2,9,-0.3041211375179862,-1.2199016415047312,0.9994431734085084
32,2,10,-0.3314578689802771,-1.226735824370304,0.9991236925125122
32,2,11,0.010251274298359085,-0.9807052412096858,0.9996664524078368
32,2,12,-0.22211094313111351,-1.0080419726719767,0.9993736147880554
32,2,13,0.01708545716393181,-0.44763897769501343,0.6382517218589783
32,2,14,-0.2426134917278317,-0.4954782577540225,0.548751711845398
32,2,15,-0.4544731605605861,-0.3382920518458498,0.7784145474433899
32,2,16,-0.48864407488844974,-0.36562878330814075,0.6125985383987427
32,2,17,-0.5911568178720407,-0.2631160403245499,0.7657275795936584
32,2,18,-0.6116593664687587,-0.2631160403245499,0.6032651662826538
32,2,19,-0.6184935493343315,-0.31095532038355894,0.7666162848472595
32,2,20,-0.6253277321999042,-0.2972869546524135,0.6044498085975647
32,2,21,-0.5843226350064679,-0.34512623471142256,0.7363999485969543
32,2,22,-0.5911568178720407,-0.3382920518458498,0.5986405611038208
32,2,23,0.09909565155080449,0.010251274298359085,0.9949540495872498
32,2,24,-0.09909565155080449,-0.010251274298359085,0.994607388973236
32,2,25,-0.1264323830130954,0.7688455723769314,0.7303138971328735
32,2,26,-0.2426134917278317,0.7346746580490678,0.7894726395606995
32,2,27,0.09909565155080449,1.547942419052222,0.8020687103271484
32,2,28,-0.46130734342615887,1.4317613103374855,0.8325731158256531
32,2,29,0.19477421166882264,1.6777918934981038,0.7733093500137329
32,2,30,-0.4408047948294407,1.595781699111231,0.8135038018226624
32,2,31,-0.20160839453439536,1.6777918934981038,0.8306225538253784
32,2,32,-0.8508557667638041,1.5342740533210766,0.8475381731987
33,1,0,0.15764843298775247,-1.2546187791941967,0.9994583129882812
33,1,1,0.15107974827992945,-1.3203056262724269,0.9993957281112672
33,1,2,0.15764843298775247,-1.3268743109802499,0.9993574023246764
33,1,3,0.15764843298775247,-1.3268743109802499,0.9994853138923644
33,1,4,0.13137369415646039,-1.3268743109802499,0.9993250966072084
33,1,5,0.11823632474081434,-1.333442995688073,0.9992274641990662
33,1,6,0.11166764003299133,-1.346580365103719,0.9993327260017396
33,1,7,0.13137369415646039,-1.3268743109802499,0.9992496967315674
33,1,8,0.05911816237040717,-1.346580365103719,0.999144434928894
33,1,9,0.14451106357210644,-1.1889319321159666,0.9994754195213318
33,1,10,0.11166764003299133,-1.2020693015316126,0.9991990923881532
33,1,11,0.05254947766258416,-0.9787340214656299,0.9996174573898317
33,1,12,-0.16421711769557548,-1.018146129712568,0.9994332194328308
33,1,13,0.10509895532516832,-0.4926513530867265,0.5898182392120361
33,1,14,-0.09196158590952228,-0.4466705601319653,0.5926650762557983
33,1,15,0.32186555068332795,-0.6108876778275408,0.7375684380531311
33,1,16,0.2890221271442129,-0.5911816237040718,0.6487993597984314
33,1,17,0.4466705601319653,-0.6437311013666559,0.7292760610580444
33,1,18,0.4401018754241423,-0.6043189931197178,0.6379947662353516
33,1,19,0.4729452989632574,-0.689711894321417,0.7307372689247131
33,1,20,0.4466705601319653,-0.670005840197948,0.6386072039604187
33,1,21,0.40068976717720417,-0.69628057902924,0.7033994793891907
33,1,22,0.38755239776155814,-0.683143209613594,0.6309909820556641
33,1,23,0.07882421649387623,0.0,0.9942286610603333
33,1,24,-0.07882421649387623,0.0,0.99450421333313
33,1,25,0.04598079295476114,0.7619674261074703,0.7031410336494446
33,1,26,0.2036292259425136,0.7356926872761782,0.8027085661888123
33,1,27,-0.1379423788642834,1.4910914286758254,0.7892884612083435
33,1,28,0.3744150283459121,1.5173661675071175,0.8413835167884827
33,1,29,-0.24304133418945173,1.6356024922479317,0.7623540163040161
33,1,30,0.31529686597550494,1.6421711769557548,0.8231159448623657
33,1,31,0.13137369415646039,1.6027590687088167,0.8212500810623169
33,1,32,0.7225553178605322,1.6290338075401087,0.8534008264541626
33,2,0,-0.36847837608894635,-1.3033216635738658,0.9994565844535828
33,2,1,-0.33436000793256243,-1.3783820735179104,0.9993832111358644
33,2,2,-0.32071266067000886,-1.3852057471491872,0.9993436932563782
33,2,3,-0.3070653134074553,-1.3852057471491872,0.9994716644287108
33,2,4,-0.348007355195116,-1.3852057471491872,0.999330461025238
33,2,5,-0.348007355195116,-1.392029420780464,0.9992396235466005
33,2,6,-0.348007355195116,-1.3988530944117408,0.9993436336517334
33,2,7,-0.24565225072596425,-1.3715583998866336,0.999259352684021
33,2,8,-0.29341796614490173,-1.392029420780464,0.9991355538368224
33,2,9,-0.32071266067000886,-1.2282612536298212,0.9994825720787048
33,2,10,-0.3411836815638392,-1.2282612536298212,0.9991855025291444
33,2,11,0.0,-0.9757853292725802,0.9996355175971984
33,2,12,-0.23882857709468747,-1.0099036974289641,0.9994247555732728
33,2,13,-0.006823673631276785,-0.43671511240171423,0.6302108764648438
33,2,14,-0.25247592435724103,-0.4913045014519285,0.547722339630127
33,2,15,-0.46400980692682137,-0.33436000793256243,0.7611526250839233
33,2,16,-0.47765715418937493,-0.36165470245766956,0.6100642085075378
33,2,17,-0.600483279552357,-0.2729469452510714,0.7508817911148071
33,2,18,-0.6073069531836338,-0.2661232716197946,0.5997927188873291
33,2,19,-0.6277779740774642,-0.32071266067000886,0.7518471479415894
33,2,20,-0.6209543004461874,-0.3070653134074553,0.6018078923225403
33,2,21,-0.5868359322898035,-0.3548310288263928,0.7229663133621216
33,2,22,-0.5731885850272499,-0.3411836815638392,0.5962641835212708
33,2,23,0.09553143083787498,0.01364734726255357,0.9943191409111024
33,2,24,-0.09553143083787498,-0.01364734726255357,0.9945797920227052
33,2,25,-0.18423918804447317,0.7710751203342766,0.7288955450057983
33,2,26,-0.23200490346341068,0.7369567521778927,0.7883388996124268
33,2,27,0.0887077572065982,1.54897391429983,0.8046536445617676
33,2,28,-0.4503624596642678,1.426147788936848,0.8374608159065247
33,2,29,0.18423918804447317,1.678623713294089,0.7711619734764099
33,2,30,-0.43671511240171423,1.5762686088249371,0.8179072737693787
33,2,31,-0.21835755620085712,1.6718000396628123,0.8315504193305969
33,2,32,-0.8256645093844909,1.5421502406685532,0.8511935472488403
34,1,0,0.14212639570379662,-1.2565265438358382,0.999489963054657
34,1,1,0.13566610498998768,-1.3275897416877367,0.9994136691093444
34,1,2,0.13566610498998768,-1.3275897416877367,0.9993734359741212
34,1,3,0.13566610498998768,-1.3340500324015456,0.9994966983795166
34,1,4,0.12274552356236981,-1.3340500324015456,0.9993706345558168
34,1,5,0.11628523284856086,-1.3405103231153546,0.9992824196815492
34,1,6,0.10336465142094299,-1.3469706138291635,0.9993839263916016
34,1,7,0.11628523284856086,-1.3275897416877367,0.9992629885673524
34,1,8,0.05814261642428043,-1.3469706138291635,0.9991950988769532
34,1,9,0.12920581427617875,-1.1983839274115577,0.9995082020759584
34,1,10,0.10982494213475193,-1.2048442181253667,0.999252200126648
34,1,11,0.04522203499666256,-0.978734043142054,0.999592661857605
34,1,12,-0.16796755855903236,-1.0174957874249075,0.9994782209396362
34,1,13,0.10336465142094299,-0.5200534024616195,0.5890638828277588
34,1,14,-0.14212639570379662,-0.47483136746495685,0.5922348499298096
34,1,15,0.3488556985456826,-0.6880209610206518,0.7403913736343384
34,1,16,0.25195133783854856,-0.6363386353101803,0.6476708054542542
34,1,17,0.4780615128218613,-0.7203224145896965,0.7345333099365234
34,1,18,0.4005380242561541,-0.668640088879225,0.6370242834091187
34,1,19,0.4845218035356703,-0.772004740300168,0.73634934425354
34,1,20,0.406998314969963,-0.7332429960173144,0.6385508179664612
34,1,21,0.4199188963975809,-0.772004740300168,0.708263099193573
34,1,22,0.3488556985456826,-0.7332429960173144,0.6315158605575562
34,1,23,0.08398377927951618,0.0032301453569044685,0.994063675403595
34,1,24,-0.08398377927951618,-0.0032301453569044685,0.994706928730011
34,1,25,-0.006460290713808937,0.7332429960173144,0.7144569754600525
34,1,26,0.18088813998665024,0.7138621238758875,0.805820882320404
34,1,27,-0.1550469771314145,1.4567955559639154,0.8054237365722656
34,1,28,0.3488556985456826,1.48909700953296,0.8504452109336853
34,1,29,-0.23903075641093066,1.5730807888124763,0.772287130355835
34,1,30,0.2971733728352111,1.605382242381521,0.8310853838920593
34,1,31,0.10982494213475193,1.5472396259572405,0.8331664800643921
34,1,32,0.6847908156637473,1.5795410795262852,0.8616519570350647
34,2,0,-0.3833858093148102,-1.3028331927158152,0.9995279312133788
34,2,1,-0.34945786158783587,-1.3842602672605537,0.9994549751281738
34,2,2,-0.3358866824970461,-1.3842602672605537,0.99941748380661
34,2,3,-0.32231550340625637,-1.3910458568059485,0.9995321035385132
34,2,4,-0.3630290406786256,-1.3842602672605537,0.99941885471344
34,2,5,-0.35624345113323075,-1.3910458568059485,0.99933922290802
34,2,6,-0.34945786158783587,-1.3978314463513435,0.9994332194328308
34,2,7,-0.25445960795230765,-1.370689088169764,0.999321460723877
34,2,8,-0.2951731452246769,-1.3842602672605537,0.9992544054985046
34,2,9,-0.32910109295165124,-1.2281917077164717,0.999545693397522
34,2,10,-0.342672272042441,-1.2281917077164717,0.9993010759353638
34,2,11,-0.0033927947726974357,-0.9771248945368615,0.9996236562728882
34,2,12,-0.21374607067993845,-1.0110528422638358,0.999496042728424
34,2,13,0.037320742499671794,-0.4342777309052718,0.6298340559005737
34,2,14,-0.28160196613388716,-0.48856244726843073,0.5534356236457825
34,2,15,-0.39695698840559995,-0.2307100445434256,0.7648926377296448
34,2,16,-0.4376705256779692,-0.2510668131796102,0.6135373115539551
34,2,17,-0.5123120106773128,-0.1153550222717128,0.7574957013130188
34,2,18,-0.5598111374950768,-0.1424973804532923,0.6000422835350037
34,2,19,-0.5598111374950768,-0.18321091772566153,0.7588391304016113
34,2,20,-0.5801679061312615,-0.17642532818026666,0.6024373769760132
34,2,21,-0.5190976002227077,-0.22392445499803074,0.7306435108184814
34,2,22,-0.5326687793134974,-0.210353275907241,0.5968356132507324
34,2,23,0.09160545886283077,0.013571179090789743,0.9943665862083436
34,2,24,-0.09160545886283077,-0.013571179090789743,0.99497252702713
34,2,25,-0.18660371249835894,0.7667716186296204,0.7399946451187134
34,2,26,-0.28160196613388716,0.7192724918118564,0.7976266741752625
34,2,27,0.06446310068125127,1.5471144163500306,0.8201889395713806
34,2,28,-0.4580272943141538,1.418188214987528,0.8479192852973938
34,2,29,0.14589017522598974,1.6624694386217433,0.7807110548019409
34,2,30,-0.43088493613257434,1.5878279536223998,0.8256154656410217
34,2,31,-0.2205316602253333,1.6692550281671383,0.8435205221176147
34,2,32,-0.810877950674687,1.519972058168451,0.8607516288757324
35,1,0,0.1534768028901389,-1.2572035981426273,0.9995519518852234
35,1,1,0.1469458751075798,-1.3290438037507772,0.999475121498108
35,1,2,0.1469458751075798,-1.3355747315333364,0.9994359016418456
35,1,3,0.1534768028901389,-1.3355747315333364,0.9995481967926024
35,1,4,0.1338840195424616,-1.3355747315333364,0.9994454979896544
35,1,5,0.1273530917599025,-1.3421056593158955,0.999365210533142
35,1,6,0.11429123619478429,-1.3486365870984547,0.9994592666625975
35,1,7,0.1338840195424616,-1.3290438037507772,0.9993005990982056
35,1,8,0.07510566949942968,-1.3421056593158955,0.999298334121704
35,1,9,0.1469458751075798,-1.1984252480995954,0.9995601773262024
35,1,10,0.1273530917599025,-1.2049561758821543,0.999354898929596
35,1,11,0.07510566949942968,-0.9763737034925858,0.9995883107185364
35,1,12,-0.1534768028901389,-1.0220901979704995,0.999543070793152
35,1,13,0.1730695862378162,-0.4538994808878576,0.5921244621276855
35,1,14,-0.19266236958549351,-0.49961597536577135,0.5973044037818909
35,1,15,0.28409535854132095,-0.6890128810599853,0.7530650496482849
35,1,16,0.1730695862378162,-0.6432963865820716,0.6507843732833862
35,1,17,0.4081829864099439,-0.7412603033204581,0.7491496801376343
35,1,18,0.29062628632388005,-0.6824819532774262,0.6372009515762329
35,1,19,0.4016520586273848,-0.80003865336349,0.7510624527931213
35,1,20,0.29715721410643914,-0.7608530866681354,0.639079749584198
35,1,21,0.3428737085843529,-0.7739149422332536,0.7231470346450806
35,1,22,0.23837886406340725,-0.7412603033204581,0.6321015357971191
35,1,23,0.08816752506454788,0.003265463891279551,0.994184911251068
35,1,24,-0.08816752506454788,-0.003265463891279551,0.9951279163360596
35,1,25,0.035920102804075066,0.7477912311030173,0.7204190492630005
35,1,26,0.160007730672698,0.7281984477553399,0.8136652112007141
35,1,27,-0.1404149473250207,1.4792551427496368,0.815453290939331
35,1,28,0.3559355641494711,1.5249716372275504,0.8597026467323303
35,1,29,-0.23184793628084813,1.5968118428357005,0.776019811630249
35,1,30,0.3036881418889983,1.6490592650961733,0.8381199240684509
35,1,31,0.11429123619478429,1.5902809150531414,0.8416485786437988
35,1,32,0.6890128810599853,1.622935553965937,0.8702605962753296
35,2,0,-0.37272418485612246,-1.2959859271602792,0.9995890855789183
35,2,1,-0.3453682813804438,-1.3780536375873154,0.9995179772377014
35,2,2,-0.3316903296426044,-1.384892613456235,0.999482810497284
35,2,3,-0.31117340203584537,-1.384892613456235,0.999585747718811
35,2,4,-0.35220725724936347,-1.3780536375873154,0.9994917511940002
35,2,5,-0.35220725724936347,-1.384892613456235,0.9994196891784668
35,2,6,-0.3453682813804438,-1.3917315893251547,0.9995051622390748
35,2,7,-0.2359446674777289,-1.3712146617183956,0.999363899230957
35,2,8,-0.2838174985601667,-1.3780536375873154,0.9993553757667542
35,2,9,-0.31801237790476505,-1.2207571926021628,0.9995980858802797
35,2,10,-0.3316903296426044,-1.2207571926021628,0.9994035363197328
35,2,11,0.010258463803379518,-0.9745540613210543,0.999626874923706
35,2,12,-0.2085887640020502,-1.0155879165345723,0.99955952167511
35,2,13,0.11968207770609438,-0.4069190642007209,0.6327372193336487
35,2,14,-0.2427836433466486,-0.509503702234516,0.5513601303100586
35,2,15,-0.2838174985601667,-0.18807183639529115,0.7770221829414368
35,2,16,-0.3453682813804438,-0.22910569160880923,0.6094355583190918
35,2,17,-0.41375804006964056,-0.0786482224925763,0.7721874117851257
35,2,18,-0.468469847020998,-0.11968207770609438,0.5952392816543579
35,2,19,-0.4616308711520783,-0.14019900531285343,0.7737410068511963
35,2,20,-0.488986774627757,-0.14019900531285343,0.5976945757865906
35,2,21,-0.42059701593856025,-0.17439388465745181,0.7466474771499634
35,2,22,-0.447952919414239,-0.17439388465745181,0.591463029384613
35,2,23,0.10600412596825502,0.017097439672299198,0.9946104288101196
35,2,24,-0.10600412596825502,-0.017097439672299198,0.9954176545143129
35,2,25,-0.08548719836149599,0.7967406887291426,0.746518075466156
35,2,26,-0.31801237790476505,0.700995026564267,0.8125754594802856
35,2,27,0.09232617423041567,1.5627059860481467,0.8311528563499451
35,2,28,-0.4616308711520783,1.446443396276512,0.8615274429321289
35,2,29,0.19491081226421084,1.6858075516887008,0.7871706485748291
35,2,30,-0.447952919414239,1.6105788171305844,0.8366862535476685
35,2,31,-0.2154277398709699,1.6994855034265401,0.853279709815979
35,2,32,-0.810418640466982,1.5148331549657088,0.8725810647010803
36,1,0,0.14088883799363855,-1.2948355110843925,0.9996146559715272
36,1,1,0.12747085342281583,-1.3753434185093287,0.9995474815368652
36,1,2,0.1341798457082272,-1.3753434185093287,0.9995126128196716
36,1,3,0.1341798457082272,-1.3753434185093287,0.9996095895767212
36,1,4,0.10734387656658176,-1.3753434185093287,0.999521017074585
36,1,5,0.09392589199575904,-1.3820524107947403,0.9994497895240784
36,1,6,0.07379891513952497,-1.3887614030801516,0.9995320439338684
36,1,7,0.12076186113740447,-1.3552164416530947,0.9993813037872314
36,1,8,0.04696294599787952,-1.3686344262239174,0.9994004964828492
36,1,9,0.1341798457082272,-1.2277455882302788,0.9996173977851868
36,1,10,0.10734387656658176,-1.2344545805156903,0.9994524717330932
36,1,11,0.08721689971034768,-0.9526769045284131,0.9996345043182372
36,1,12,-0.14088883799363855,-1.0466027965241722,0.9995996952056884
36,1,13,0.1341798457082272,-0.44279349083714975,0.6059772372245789
36,1,14,-0.34886759884139074,-0.5836823288307883,0.5956885814666748
36,1,15,0.16101581484987265,-0.6574812439703133,0.7865010499954224
36,1,16,0.05367193828329088,-0.764825120536895,0.6477533578872681
36,1,17,0.2348147299893976,-0.7111531822536041,0.781926155090332
36,1,18,0.16101581484987265,-0.8050790742493632,0.633978009223938
36,1,19,0.24152372227480895,-0.7514071359660723,0.7833278775215149
36,1,20,0.16101581484987265,-0.8453330279618314,0.6359279155731201
36,1,21,0.18785178399151808,-0.7178621745390156,0.7565486431121826
36,1,22,0.12076186113740447,-0.8252060511055973,0.6291279196739197
36,1,23,0.08721689971034768,0.00670899228541136,0.9947331547737122
36,1,24,-0.08721689971034768,-0.00670899228541136,0.9956267476081848
36,1,25,0.0335449614270568,0.7916610896785405,0.7245236039161682
36,1,26,0.1543068225644613,0.7379891513952496,0.8262927532196045
36,1,27,-0.12076186113740447,1.5363592333592015,0.8227181434631348
36,1,28,0.36228558341221345,1.5766131870716695,0.870458722114563
36,1,29,-0.2348147299893976,1.6839570636382515,0.780605137348175
36,1,30,0.3153226374143339,1.6973750482090741,0.8458343744277954
36,1,31,0.12747085342281583,1.657121094496606,0.8481221795082092
36,1,32,0.7111531822536041,1.6705390790674286,0.8791700005531311
36,2,0,-0.3478043040132619,-1.2966684732144909,0.999642550945282
36,2,1,-0.3140368958566345,-1.3777102527903966,0.9995778799057008
36,2,2,-0.3005299325939836,-1.384463734421722,0.9995473027229308
36,2,3,-0.28026948770000715,-1.384463734421722,0.9996371865272522
36,2,4,-0.32754385911928546,-1.3777102527903966,0.999556005001068
36,2,5,-0.32754385911928546,-1.3777102527903966,0.9994916319847108
36,2,6,-0.32754385911928546,-1.384463734421722,0.9995660781860352
36,2,7,-0.17896726323012505,-1.3642032895277456,0.9994351863861084
36,2,8,-0.24650207954337977,-1.370956771159071,0.9994429349899292
36,2,9,-0.2937764509626581,-1.2223801752699106,0.9996474981307985
36,2,10,-0.3140368958566345,-1.215626693638585,0.9994850754737854
36,2,11,0.01013022244698821,-0.9927617998048446,0.999669075012207
36,2,12,-0.18572074486145052,-0.9995152814361701,0.9996022582054138
36,2,13,0.23299511628072883,-0.4727437141927831,0.6452509164810181
36,2,14,-0.22624163464940336,-0.5200180856120614,0.5450659394264221
36,2,15,-0.15870681833614864,-0.2228648938337406,0.8072982430458069
36,2,16,-0.2937764509626581,-0.20935793057108967,0.6017782688140869
36,2,17,-0.2667625244373562,-0.09454874283855663,0.8021051287651062
36,2,18,-0.3950786754325402,-0.08104177957590568,0.5882143378257751
36,2,19,-0.32754385911928546,-0.1553300775204859,0.8032023310661316
36,2,20,-0.4153391203265166,-0.1013022244698821,0.5906836986541748
36,2,21,-0.3005299325939836,-0.18909748567711326,0.7773540616035461
36,2,22,-0.3815717121698892,-0.14857659588916042,0.584846556186676
36,2,23,0.09117200202289388,0.013506963262650946,0.9950786828994752
36,2,24,-0.09117200202289388,-0.013506963262650946,0.9958515167236328
36,2,25,-0.07091155712891747,0.7631434243397784,0.7501744031906128
36,2,26,-0.32754385911928546,0.6618411998698964,0.8276503682136536
36,2,27,0.1114324469168703,1.5465472935735334,0.8377491235733032
36,2,28,-0.40183215706386566,1.4114776609470239,0.873365581035614
36,2,29,0.20598118975542692,1.6681099629373919,0.7915768027305603
36,2,30,-0.3815717121698892,1.5668077384675099,0.8478503227233887
36,2,31,-0.15870681833614864,1.6816169262000429,0.8592519164085388
36,2,32,-0.7665201651554412,1.4992729221542551,0.8820088505744934
37,1,0,0.14478032411707545,-1.2996559327718866,0.999670147895813
37,1,1,0.11784444986273583,-1.3669956184077356,0.999610185623169
37,1,2,0.11784444986273583,-1.3669956184077356,0.9995800256729126
37,1,3,0.11784444986273583,-1.3737295869713204,0.9996642470359802
37,1,4,0.09764254417198111,-1.3669956184077356,0.9995909929275512
37,1,5,0.0841746070448113,-1.3669956184077356,0.9995301365852356
37,1,6,0.07070666991764149,-1.3669956184077356,0.9996004700660706
37,1,7,0.0639727013540566,-1.3535276812805657,0.9994679689407348
37,1,8,-0.003366984281792452,-1.346793712716981,0.9994903802871704
37,1,9,0.13131238698990563,-1.2323162471360376,0.9996679425239564
37,1,10,0.11111048129915092,-1.2255822785724526,0.9995303750038148
37,1,11,0.11784444986273583,-0.9629575045926413,0.999638020992279
37,1,12,-0.11111048129915092,-1.0370311587920753,0.9996370673179626
37,1,13,0.13804635555349054,-0.5050476422688678,0.6132413148880005
37,1,14,-0.5084146265506603,-0.6329930449769811,0.5900078415870667
37,1,15,0.13131238698990563,-0.6868647934856602,0.8071393966674805
37,1,16,-0.0774406384812264,-0.6868647934856602,0.6408036947250366
37,1,17,0.16498222980783014,-0.7272686048671697,0.8013514280319214
37,1,18,-0.0639727013540566,-0.707066699176415,0.6276264786720276
37,1,19,0.13804635555349054,-0.7609384476850942,0.8015753030776978
37,1,20,-0.05050476422688678,-0.7609384476850942,0.6295492649078369
37,1,21,0.11111048129915092,-0.7609384476850942,0.775300145149231
37,1,22,-0.0841746070448113,-0.7609384476850942,0.6232318878173828
37,1,23,0.0841746070448113,0.006733968563584904,0.9951919913291932
37,1,24,-0.0841746070448113,-0.006733968563584904,0.9960312843322754
37,1,25,0.09090857560839621,0.8080762276301885,0.7278344631195068
37,1,26,0.05050476422688678,0.7138006677399998,0.8371155858039856
37,1,27,-0.11784444986273583,1.5824826124424525,0.821060836315155
37,1,28,0.2592577896980188,1.5824826124424525,0.8760479092597961
37,1,29,-0.2390558840072641,1.690226109459811,0.7782329320907593
37,1,30,0.19865207262575468,1.7104280151505658,0.8466207385063171
37,1,31,0.04377079566330188,1.683492140896226,0.8479970693588257
37,1,32,0.6161581235680188,1.696960078023396,0.8820767998695374
37,2,0,-0.3018757805673993,-1.311482557798368,0.999686062335968
37,2,1,-0.26833402717102156,-1.3852744152703989,0.9996246695518494
37,2,2,-0.2549173258124705,-1.3852744152703989,0.9996017217636108
37,2,3,-0.2415006244539194,-1.3919827659496744,0.9996813535690308
37,2,4,-0.2817507285295726,-1.3852744152703989,0.9996061325073242
37,2,5,-0.2750423778502971,-1.3919827659496744,0.9995532631874084
37,2,6,-0.2750423778502971,-1.39869111662895,0.9996166229248048
37,2,7,-0.1207503122269597,-1.3651493632325722,0.9995095133781432
37,2,8,-0.17441711766116402,-1.3718577139118477,0.9995060563087464
37,2,9,-0.24820897513319495,-1.2376907003263369,0.9996879696846008
37,2,10,-0.26833402717102156,-1.2376907003263369,0.9995333552360536
37,2,11,0.07379185747203093,-0.9961900758724176,0.9996727108955384
37,2,12,-0.13416701358551078,-1.0028984265516931,0.9995834231376648
37,2,13,0.3622509366808791,-0.553438931040232,0.6517934799194336
37,2,14,-0.19454216969899063,-0.5198971776438542,0.5362468957901001
37,2,15,0.046958454754928776,-0.24485479979355718,0.825843095779419
37,2,16,-0.24820897513319495,-0.19118799435935285,0.5867730975151062
37,2,17,-0.020125052037826618,-0.1106877862080464,0.8194876313209534
37,2,18,-0.2951674298881237,-0.0771460328116687,0.5750303864479065
37,2,19,-0.10733361086840862,-0.18447964368007733,0.8195075988769531
37,2,20,-0.3220008326052259,-0.09727108484949532,0.577074408531189
37,2,21,-0.08720855883058201,-0.22472974775573057,0.794205367565155
37,2,22,-0.2951674298881237,-0.15764624096297516,0.5716977715492249
37,2,23,0.10062526018913309,0.016770876698188848,0.9955340027809144
37,2,24,-0.10062526018913309,-0.016770876698188848,0.9961814880371094
37,2,25,0.013416701358551077,0.7815228541356003,0.753441572189331
37,2,26,-0.3421258846430525,0.6339391391915384,0.8391149044036865
37,2,27,0.1207503122269597,1.5663998836108384,0.8372121453285217
37,2,28,-0.3018757805673993,1.4053994673082255,0.8786501884460449
37,2,29,0.21466722173681724,1.6804418451585226,0.7914013266563416
37,2,30,-0.261625676491746,1.5395664808937362,0.8471184372901917
37,2,31,-0.09391690950985755,1.7005668971963492,0.8604667782783508
37,2,32,-0.6641267172482783,1.5194414288559095,0.8862354755401611
38,1,0,0.15936205795115943,-1.2549762063653804,0.9997077584266664
38,1,1,0.1394418007072645,-1.3213770638450304,0.999649941921234
38,1,2,0.1394418007072645,-1.3213770638450304,0.9996270537376404
38,1,3,0.1460818864552295,-1.3280171495929953,0.999700963497162
38,1,4,0.11952154346336957,-1.3280171495929953,0.9996339678764344
38,1,5,0.10624137196743962,-1.3280171495929953,0.9995840191841124
38,1,6,0.09296120047150967,-1.3346572353409603,0.9996442198753356
38,1,7,0.09960128621947464,-1.3147369780970652,0.9995318055152892
38,1,8,0.026560342991859904,-1.3147369780970652,0.9995465874671936
38,1,9,0.15272197220319444,-1.1952154346336958,0.9996975064277648
38,1,10,0.13280171495929952,-1.1952154346336958,0.9995720386505128
38,1,11,0.15272197220319444,-0.9628124334549216,0.999610722064972
38,1,12,-0.07968102897557972,-1.0358533766825364,0.999619722366333
38,1,13,0.16600214369912442,-0.5245667740892331,0.6155180931091309
38,1,14,-0.4581659166095834,-0.5976077173168479,0.5822618007659912
38,1,15,0.20584265818691427,-0.6706486605444626,0.8196163773536682
38,1,16,-0.07968102897557972,-0.6573684890485326,0.6274362802505493
38,1,17,0.23240300117877416,-0.6972090035363225,0.8140414953231812
38,1,18,-0.006640085747964976,-0.6706486605444626,0.6160587668418884
38,1,19,0.20584265818691427,-0.7503296895200423,0.8130508065223694
38,1,20,0.013280171495929952,-0.7304094322761474,0.6176885962486267
38,1,21,0.17928231519505436,-0.7436896037720774,0.7872932553291321
38,1,22,-0.01992025724389493,-0.7304094322761474,0.6120927929878235
38,1,23,0.08632111472354469,0.006640085747964976,0.9957466721534728
38,1,24,-0.08632111472354469,-0.006640085747964976,0.9964606165885924
38,1,25,0.026560342991859904,0.8100904612517271,0.7439776659011841
38,1,26,0.15936205795115943,0.7237693465281824,0.8526423573493958
38,1,27,-0.1394418007072645,1.6201809225034542,0.8347182869911194
38,1,28,0.3386443731462138,1.5737003222676993,0.8866742849349976
38,1,29,-0.24568317267470413,1.7529826374627537,0.7884967923164368
38,1,30,0.292163772910459,1.7264222944708938,0.8533797860145569
38,1,31,0.06640085747964976,1.7529826374627537,0.8582248091697693
38,1,32,0.6972090035363225,1.713142122974964,0.8911958932876587
38,2,0,-0.2780710075777036,-1.2943543328914535,0.9997230768203736
38,2,1,-0.24496731619940554,-1.3671824539237092,0.9996646046638488
38,2,2,-0.2317258396480863,-1.3671824539237092,0.9996469020843506
38,2,3,-0.2118636248211075,-1.3671824539237092,0.999717116355896
38,2,4,-0.2582087927507247,-1.3738031921993688,0.999650239944458
38,2,5,-0.2582087927507247,-1.3738031921993688,0.9996048212051392
38,2,6,-0.25158805447506516,-1.3804239304750285,0.9996586441993712
38,2,7,-0.09931107413489414,-1.3473202390967305,0.999569535255432
38,2,8,-0.152276980340171,-1.3605617156480496,0.9995614290237428
38,2,9,-0.2317258396480863,-1.2215262118591979,0.9997162222862244
38,2,10,-0.25158805447506516,-1.2215262118591979,0.9995737075805664
38,2,11,0.0728281210322557,-1.0030418487624306,0.999648094177246
38,2,12,-0.11917328896187296,-0.9964211104867711,0.9995502233505248
38,2,13,0.3773820817125977,-0.5859353373958753,0.6538659334182739
38,2,14,-0.1456562420645114,-0.5197279546392793,0.529595136642456
38,2,15,0.08606959758357491,-0.24165694706157573,0.8371816873550415
38,2,16,-0.2251051013724267,-0.25489842361289494,0.5756262540817261
38,2,17,0.006620738275659609,-0.12248365809970277,0.8311699628829956
38,2,18,-0.25158805447506516,-0.11586291982404315,0.5656766891479492
38,2,19,-0.0728281210322557,-0.19531177913195846,0.8301275372505188
38,2,20,-0.27145026930204397,-0.16882882602932003,0.5675287842750549
38,2,21,-0.046345167929617265,-0.2284154705102565,0.8056309819221497
38,2,22,-0.23834657792374592,-0.20193251740761806,0.5628902316093445
38,2,23,0.09269033585923453,0.023172583964808632,0.9959802627563475
38,2,24,-0.09269033585923453,-0.023172583964808632,0.9964835047721864
38,2,25,0.0,0.7646952708386848,0.7677047848701477
38,2,26,-0.304553960680342,0.6256597670498331,0.8507527112960815
38,2,27,0.1588977186158306,1.5459423873665186,0.848486065864563
38,2,28,-0.26482953102638435,1.3804239304750285,0.8836081027984619
38,2,29,0.2582087927507247,1.6717364146040512,0.7984800338745117
38,2,30,-0.2118636248211075,1.5260801725395399,0.850836992263794
38,2,31,-0.0728281210322557,1.6849778911553703,0.8678866624832153
38,2,32,-0.6157286596363436,1.4929764811612418,0.8895069360733032
