frame,player_id,landmark_index,x_norm,y_norm,visibility
1,1,0,0.11182479597235134,-1.3379038089549178,0.9981221556663512
1,1,1,0.18371216481172006,-1.40180369236769,0.9979999661445618
1,1,2,0.1916996502383166,-1.40180369236769,0.997940480709076
1,1,3,0.1916996502383166,-1.4097911777942866,0.998172640800476
1,1,4,0.17572467938512354,-1.4097911777942866,0.9974745512008668
1,1,5,0.16773719395852701,-1.417778663220883,0.9972878098487854
1,1,6,0.1597497085319305,-1.417778663220883,0.9972875118255616
1,1,7,0.14377473767873744,-1.3938162069410935,0.997050642967224
1,1,8,0.0958498251191583,-1.3938162069410935,0.99686199426651
1,1,9,0.15176222310533397,-1.2660164401155491,0.9979445934295654
1,1,10,0.15176222310533397,-1.2740039255421456,0.9971095323562622
1,1,11,0.1277997668255444,-0.9784669647580743,0.9991186261177064
1,1,12,-0.01597497085319305,-1.0184043918910568,0.9991835355758668
1,1,13,0.22364959194470269,-0.49123035373568624,0.5436089038848877
1,1,14,0.20767462109150964,-0.5151928100154758,0.5349261164665222
1,1,15,0.5511364944351602,-0.6989049748271959,0.6378088593482971
1,1,16,0.47924912559579147,-0.746829887386775,0.5436545610427856
1,1,17,0.6869237466873012,-0.7388424019601786,0.6451547741889954
1,1,18,0.5990614069947393,-0.7947547999463542,0.5481036901473999
1,1,19,0.6469863195543185,-0.7787798290931611,0.6461371779441833
1,1,20,0.5671114652883532,-0.8586546833591264,0.5478640198707581
1,1,21,0.5910739215681429,-0.7787798290931611,0.6273720264434814
1,1,22,0.5191865527287741,-0.8506671979325299,0.5388113260269165
1,1,23,0.0638998834127722,0.003993742713298262,0.9955068826675416
1,1,24,-0.0638998834127722,-0.003993742713298262,0.9956170916557312
1,1,25,0.07987485426596524,0.8107297707995472,0.596396267414093
1,1,26,-0.11182479597235134,0.8267047416527403,0.8081169128417969
1,1,27,-0.01597497085319305,1.5056410029134448,0.698646605014801
1,1,28,-0.11182479597235134,1.6094783134591997,0.8481356501579285
1,1,29,-0.0958498251191583,1.6574032260187788,0.6954302787780762
1,1,30,-0.1916996502383166,1.7532530511379372,0.8239744305610657
1,1,31,0.2316370773712992,1.705328138578358,0.7599616050720215
1,1,32,-0.0638998834127722,1.7772155074177267,0.8689878582954407
1,2,0,-0.09471675628026664,-1.3418207139704441,0.9982894062995912
1,2,1,-0.03946531511677777,-1.4049652181572887,0.9981769919395448
1,2,2,-0.02367918907006666,-1.4049652181572887,0.9981245398521424
1,2,3,-0.015786126046711108,-1.3970721551339331,0.9983339309692384
1,2,4,-0.04735837814013332,-1.412858281180644,0.9976993203163148
1,2,5,-0.03946531511677777,-1.412858281180644,0.9975244998931884
1,2,6,-0.03946531511677777,-1.412858281180644,0.9975261092185974
1,2,7,0.05525144116348888,-1.381286029087222,0.997320830821991
1,2,8,0.015786126046711108,-1.3891790921105776,0.9971405267715454
1,2,9,-0.05525144116348888,-1.2707831467602442,0.9981006979942322
1,2,10,-0.07103756721019998,-1.2786762097835997,0.9973478317260742
1,2,11,0.1026098193036222,-0.9787398148960886,0.9991769194602966
1,2,12,0.007893063023355554,-1.0182051300128665,0.9991928339004515
1,2,13,-0.2762572058174444,-0.6077658527983777,0.5845251083374023
1,2,14,-0.015786126046711108,-0.5525144116348888,0.4878528416156769
1,2,15,-0.2762572058174444,-1.1050288232697776,0.664545476436615
1,2,16,-0.1341820713970444,-0.44201152930791104,0.5015307664871216
1,2,17,-0.29993639488751106,-1.2155317055967554,0.6682363748550415
1,2,18,-0.15786126046711108,-0.4183323402378444,0.5080777406692505
1,2,19,-0.25257801674737773,-1.2392108946668219,0.6688747406005859
1,2,20,-0.14207513442039996,-0.45779765535462213,0.5086235404014587
1,2,21,-0.22889882767731107,-1.2076386425733998,0.6493123173713684
1,2,22,-0.1341820713970444,-0.4735837814013332,0.5008401870727539
1,2,23,0.04735837814013332,0.007893063023355554,0.9957273602485656
1,2,24,-0.04735837814013332,-0.007893063023355554,0.9958662390708924
1,2,25,0.14207513442039996,0.7814132393121999,0.6185653805732727
1,2,26,-0.06314450418684443,0.726161798148711,0.7744468450546265
1,2,27,0.21311270163059995,1.4996819744375551,0.7148332595825195
1,2,28,0.14996819744375553,1.4917889114141998,0.8292097449302673
1,2,29,0.31572252093422215,1.6575432349046664,0.6960847973823547
1,2,30,0.22100576465395552,1.5943987307178218,0.8058355450630188
1,2,31,-0.007893063023355554,1.625970982811244,0.7726848125457764
1,2,32,-0.05525144116348888,1.6180779197878885,0.8615249395370483
2,1,0,0.13440677857358985,-1.3210266236947117,0.9980791807174684
2,1,1,0.16512832796183896,-1.38246972247121,0.9979785084724426
2,1,2,0.17280871530890124,-1.38246972247121,0.9978861808776855
2,1,3,0.1804891026559635,-1.38246972247121,0.998107373714447
2,1,4,0.1497675532677144,-1.38246972247121,0.9975387454032898
2,1,5,0.14208716592065213,-1.390150109818272,0.9973296523094176
2,1,6,0.13440677857358985,-1.390150109818272,0.997360110282898
2,1,7,0.16512832796183896,-1.359428560430023,0.9970474243164062
2,1,8,0.10368522918534073,-1.359428560430023,0.9970237612724304
2,1,9,0.14208716592065213,-1.2595835249182135,0.9975443482398988
2,1,10,0.13440677857358985,-1.2595835249182135,0.9969255924224854
2,1,11,0.12672639122652757,-0.9754091930769091,0.9989400506019592
2,1,12,0.08064406714415391,-1.0138111298122205,0.9992058277130128
2,1,13,0.12672639122652757,-0.5837094383767331,0.5468400716781616
2,1,14,0.08832445449121618,-0.5069055649061103,0.5364953875541687
2,1,15,0.48002420919139227,-0.8294818334827259,0.6263061761856079
2,1,16,0.4646634344972677,-0.637472149806169,0.5421506762504578
2,1,17,0.6566731181738247,-0.860203382870975,0.6338585019111633
2,1,18,0.6029104067443887,-0.7065956359297294,0.5436756014823914
2,1,19,0.610590794091451,-0.9062857069533486,0.6362618803977966
2,1,20,0.5645084700090773,-0.7833995094003522,0.5437946915626526
2,1,21,0.5568280826620151,-0.8986053196062864,0.6203771233558655
2,1,22,0.5184261459267037,-0.7680387347062276,0.5347760915756226
2,1,23,0.0038401936735311384,0.0,0.9956148862838744
2,1,24,-0.0038401936735311384,0.0,0.9957650899887084
2,1,25,0.06528329245002935,0.7680387347062276,0.5783431529998779
2,1,26,-0.042242130408842525,0.8064406714415391,0.7803846597671509
2,1,27,-0.07296367979709163,1.5130363073712685,0.6738256812095642
2,1,28,-0.08064406714415391,1.5667990188007044,0.8218909502029419
2,1,29,-0.1497675532677144,1.6820048290066385,0.6681996583938599
2,1,30,-0.17280871530890124,1.72040676574195,0.797677218914032
2,1,31,0.15744794061477668,1.666644054312514,0.738987386226654
2,1,32,0.11136561653240301,1.7127263783948876,0.8483132719993591
2,2,0,-0.04954449545474244,-1.3542162090962933,0.9982650876045228
2,2,1,0.008257415909123739,-1.4202755363692832,0.9981752634048462
2,2,2,0.02477224772737122,-1.4202755363692832,0.9980919361114502
2,2,3,0.04128707954561869,-1.4202755363692832,0.9982918500900269
2,2,4,-0.016514831818247477,-1.428532952278407,0.9977774620056152
2,2,5,-0.016514831818247477,-1.428532952278407,0.9975854754447936
2,2,6,-0.016514831818247477,-1.4367903681875307,0.9976140260696412
2,2,7,0.09908899090948488,-1.387245872732788,0.9973376989364624
2,2,8,0.033029663636494955,-1.4037607045510356,0.9973074793815612
2,2,9,-0.016514831818247477,-1.2881568818233033,0.9977710247039796
2,2,10,-0.04954449545474244,-1.2964142977324271,0.9972105026245116
2,2,11,0.08257415909123739,-0.9908899090948488,0.9990283250808716
2,2,12,0.0,-1.0074047409130962,0.9991703033447266
2,2,13,-0.22295022954634097,-0.6688506886390229,0.5908820629119873
2,2,14,-0.1734057340915985,-0.5449894500021668,0.4878410696983337
2,2,15,-0.2807521409102071,-1.1147511477317047,0.6593210697174072
2,2,16,-0.23946506136458845,-0.5037023704565481,0.4976414740085602
2,2,17,-0.30552438863757836,-1.2303549704594372,0.6632057428359985
2,2,18,-0.2724947250010834,-0.47067270682005313,0.5019900798797607
2,2,19,-0.26423730909195964,-1.2468698022776847,0.6651290655136108
2,2,20,-0.2312076454554647,-0.5037023704565481,0.5024828910827637
2,2,21,-0.2477224772737122,-1.1973253068229421,0.6496199369430542
2,2,22,-0.2064353977280935,-0.5119597863656719,0.4954204559326172
2,2,23,0.06605932727298991,-0.008257415909123739,0.9959261417388916
2,2,24,-0.06605932727298991,0.008257415909123739,0.9960517287254332
2,2,25,0.18166315000072225,0.8587712545488689,0.6151936650276184
2,2,26,0.008257415909123739,0.8918009181853639,0.7719361782073975
2,2,27,0.23946506136458845,1.6267109340973767,0.7011918425559998
2,2,28,0.18166315000072225,1.6019386863700054,0.8202894330024719
2,2,29,0.3385540522740733,1.800116668188975,0.6864991188049316
2,2,30,0.26423730909195964,1.7918592522798513,0.7923399806022644
2,2,31,-0.008257415909123739,1.775344420461604,0.7594487071037292
2,2,32,-0.033029663636494955,1.7670870045524802,0.8494117856025696
3,1,0,0.08676218863723892,-1.3353832511992423,0.9969533681869508
3,1,1,0.08676218863723892,-1.3957395563381911,0.9965519905090332
3,1,2,0.09430672677960751,-1.3957395563381911,0.9963729977607728
3,1,3,0.09430672677960751,-1.3957395563381911,0.99651437997818
3,1,4,0.0716731123525017,-1.4032840944805598,0.9963626265525818
3,1,5,0.06412857421013311,-1.4032840944805598,0.9961442351341248
3,1,6,0.05658403606776451,-1.4032840944805598,0.9962552189826964
3,1,7,0.06412857421013311,-1.3731059419110854,0.9948009848594666
3,1,8,0.0339504216406587,-1.3731059419110854,0.995927631855011
3,1,9,0.07921765049487031,-1.2750269460602937,0.9954755306243896
3,1,10,0.05658403606776451,-1.282571484202662,0.995464324951172
3,1,11,0.05658403606776451,-0.9807899585079182,0.9985170364379884
3,1,12,-0.0037722690711843006,-1.0185126492197611,0.9991502165794371
3,1,13,0.07921765049487031,-0.7167311235250171,0.5611362457275391
3,1,14,-0.04149495978302731,-0.5507512843929079,0.5355708599090576
3,1,15,0.08676218863723892,-0.8751664245147577,0.6373569369316101
3,1,16,0.19993026077276793,-0.6261966658165938,0.536558210849762
3,1,17,0.33573194733540274,-0.9053445770842321,0.6463983654975891
3,1,18,0.36591009990487716,-0.6865529709555427,0.5362783074378967
3,1,19,0.3206428710506655,-0.9355227296537065,0.6509319543838501
3,1,20,0.3130983329082969,-0.7318201998097543,0.5362444519996643
3,1,21,0.2527420277693481,-0.9279781915113379,0.6376675367355347
3,1,22,0.23765295148461094,-0.7016420472402799,0.5275477766990662
3,1,23,0.0339504216406587,-0.007544538142368601,0.9958658218383788
3,1,24,-0.0339504216406587,0.007544538142368601,0.9959864020347596
3,1,25,0.10939580306434471,0.6790084328131741,0.586794912815094
3,1,26,-0.08676218863723892,0.7695428905215973,0.7845875024795532
3,1,27,-0.04149495978302731,1.380650480053454,0.6774083971977234
3,1,28,-0.0716731123525017,1.4410067851924029,0.8232232928276062
3,1,29,-0.08676218863723892,1.5390857810431946,0.6760903596878052
3,1,30,-0.11694034120671332,1.5994420861821435,0.7953897714614868
3,1,31,0.08676218863723892,1.5390857810431946,0.7444224953651428
3,1,32,0.06412857421013311,1.5918975480397748,0.8449497222900391
3,2,0,-0.06319613909785944,-1.3734627563934785,0.997249960899353
3,2,1,-0.021065379699286478,-1.4408719714311953,0.996890127658844
3,2,2,-0.004213075939857296,-1.4408719714311953,0.996728539466858
3,2,3,0.004213075939857296,-1.4324458195514806,0.9968570470809937
3,2,4,-0.03791768345871566,-1.4492981233109097,0.9967170357704164
3,2,5,-0.046343835338430256,-1.4492981233109097,0.996516227722168
3,2,6,-0.046343835338430256,-1.4577242751906243,0.996618151664734
3,2,7,0.05476998721814485,-1.4071673639123368,0.9953148365020752
3,2,8,-0.021065379699286478,-1.424019667671766,0.9963141083717346
3,2,9,-0.03791768345871566,-1.3060535413557617,0.995905101299286
3,2,10,-0.07162229097757403,-1.3144796932354763,0.995888650417328
3,2,11,0.13060535413557617,-0.969007466167178,0.9986344575881958
3,2,12,-0.021065379699286478,-1.02799052932518,0.9991143345832824
3,2,13,-0.23171917669215128,-0.6572398466177382,0.6037347316741943
3,2,14,-0.21486687293272208,-0.5898306315800215,0.4928387105464935
3,2,15,-0.34968530300815553,-1.1038258962426115,0.6693999171257019
3,2,16,-0.3328329992487264,-0.6235352390988798,0.501930832862854
3,2,17,-0.3918160624067285,-1.2217920225586159,0.674575686454773
3,2,18,-0.35811145488787016,-0.6488136947380235,0.5034898519515991
3,2,19,-0.34125915112844096,-1.2386443263180449,0.6783424019813538
3,2,20,-0.3075545436095826,-0.6825183022568819,0.5034621953964233
3,2,21,-0.32440684736901176,-1.2049397187991866,0.6648015379905701
3,2,22,-0.28227608797043885,-0.6740921503771673,0.4963997006416321
3,2,23,0.1053268984964324,-0.008426151879714593,0.996111273765564
3,2,24,-0.1053268984964324,0.008426151879714593,0.996254026889801
3,2,25,0.1895884172935783,0.8089105804526008,0.6242899298667908
3,2,26,-0.021065379699286478,0.8341890360917446,0.7840130925178528
3,2,27,0.24014532857186588,1.6430996165443454,0.7053306698799133
3,2,28,0.15588380977471994,1.5082811864689118,0.8277144432067871
3,2,29,0.32440684736901176,1.8031965022589227,0.6932120323181152
3,2,30,0.23171917669215128,1.6768042240632037,0.7944610714912415
3,2,31,-0.046343835338430256,1.8116226541386373,0.7652532458305359
3,2,32,-0.08847459473700321,1.7189349834617766,0.8500785231590271
4,1,0,0.10566923245064375,-1.357443216865962,0.997448742389679
4,1,1,0.09754082995444038,-1.422470436835589,0.9971161484718324
4,1,2,0.09754082995444038,-1.422470436835589,0.9969583749771118
4,1,3,0.09754082995444038,-1.422470436835589,0.9970778226852416
4,1,4,0.07315562246583028,-1.4305988393317923,0.9969611763954164
4,1,5,0.056898817473423555,-1.4305988393317923,0.9967694282531738
4,1,6,0.04064201248101682,-1.4305988393317923,0.9968758821487428
4,1,7,0.04877041497722019,-1.3899568268507754,0.9956452250480652
4,1,8,-0.024385207488610096,-1.3980852293469788,0.996598482131958
4,1,9,0.10566923245064375,-1.2924159968963351,0.9960950016975404
4,1,10,0.07315562246583028,-1.2924159968963351,0.9961255192756652
4,1,11,0.008128402496203365,-0.9754082995444038,0.998542845249176
4,1,12,-0.04877041497722019,-1.024178714521624,0.9991589784622192
4,1,13,0.024385207488610096,-0.5364745647494221,0.5664280652999878
4,1,14,-0.03251360998481346,-0.512089357260812,0.5422508716583252
4,1,15,0.09754082995444038,-0.9916651045368106,0.6457944512367249
4,1,16,0.04064201248101682,-0.6421437972000659,0.5480929017066956
4,1,17,0.07315562246583028,-0.9347662870633869,0.651917040348053
4,1,18,-0.1869532574126774,-0.7071710171696928,0.5470432639122009
4,1,19,-0.008128402496203365,-0.9754082995444038,0.6560342907905579
4,1,20,-0.008128402496203365,-0.7559414321469129,0.5467817783355713
4,1,21,-0.08128402496203364,-0.9835367020406072,0.6445454955101013
4,1,22,0.04877041497722019,-0.7478130296507096,0.539210319519043
4,1,23,0.0,0.0,0.9960273504257202
4,1,24,0.0,0.0,0.9962695837020874
4,1,25,0.04064201248101682,0.8128402496203365,0.6106395125389099
4,1,26,-0.008128402496203365,0.8372254571089466,0.79915452003479
4,1,27,-0.04064201248101682,1.5687816817672495,0.6926363706588745
4,1,28,0.01625680499240673,1.6094236942482663,0.833232581615448
4,1,29,-0.12192603744305047,1.7476065366837235,0.6864693760871887
4,1,30,-0.08941242745823702,1.7638633416761302,0.7967122793197632
4,1,31,0.10566923245064375,1.7719917441723336,0.7557123899459839
4,1,32,0.08128402496203364,1.8126337566533504,0.8500704169273376
4,2,0,-0.09006159378450172,-1.3852330853520978,0.9976934790611268
4,2,1,-0.0814842991383587,-1.445274147875099,0.9973941445350648
4,2,2,-0.06432970984607266,-1.445274147875099,0.997251272201538
4,2,3,-0.038597825907643595,-1.445274147875099,0.99736088514328
4,2,4,-0.1243707723690738,-1.453851442521242,0.997252345085144
4,2,5,-0.1243707723690738,-1.453851442521242,0.99707293510437
4,2,6,-0.11579347772293078,-1.462428737167385,0.9971705079078674
4,2,7,0.06432970984607266,-1.402387674644384,0.9960722923278807
4,2,8,-0.02144323661535755,-1.428119558582813,0.9969044923782348
4,2,9,-0.09006159378450172,-1.3080374335368106,0.996458113193512
4,2,10,-0.1243707723690738,-1.3166147281829537,0.9964783787727356
4,2,11,0.11579347772293078,-0.9735229423372328,0.9986462593078612
4,2,12,-0.038597825907643595,-1.024986710214091,0.9990440011024476
4,2,13,-0.23587560276893307,-0.5703900939685109,0.608374834060669
4,2,14,-0.21872101347664702,-0.5618127993223678,0.4965375959873199
4,2,15,-0.3731123171072214,-1.033564004860234,0.6776551604270935
4,2,16,-0.2959166652919342,-0.5789673886146539,0.5096741318702698
4,2,17,-0.46746255821479465,-1.1279142459678073,0.6807692050933838
4,2,18,-0.35595772781493534,-0.5875446832607969,0.5124757289886475
4,2,19,-0.43315337963022255,-1.1536461299062364,0.6843402981758118
4,2,20,-0.2959166652919342,-0.621853861845369,0.5121864080429077
4,2,21,-0.39884420104565044,-1.1193369513216642,0.6725141406059265
4,2,22,-0.27018478135350515,-0.630431156491512,0.5062658786773682
4,2,23,0.10721618307678776,-0.00428864732307151,0.996246576309204
4,2,24,-0.10721618307678776,0.00428864732307151,0.9964703917503356
4,2,25,0.15867995095364587,0.8362862279989445,0.6438309550285339
4,2,26,-0.03002053126150057,0.8362862279989445,0.7942200303077698
4,2,27,0.201566424184361,1.6854383979671035,0.7159280776977539
4,2,28,0.13294806701521683,1.5910881568595303,0.8320910930633545
4,2,29,0.30449395993807726,1.891293469474536,0.6990417838096619
4,2,30,0.210143718830504,1.7454794604901047,0.7901532053947449
4,2,31,-0.09006159378450172,1.8827161748283932,0.7715317010879517
4,2,32,-0.15010265630750286,1.8140978176592488,0.8490170240402222
5,1,0,0.055963747233885454,-1.3631169861967816,0.9978732466697692
5,1,1,0.03197928413364883,-1.419080733430667,0.9975926876068116
5,1,2,0.04796892620047325,-1.419080733430667,0.9974535703659058
5,1,3,0.04796892620047325,-1.419080733430667,0.9975473284721376
5,1,4,0.007994821033412208,-1.4270755544640792,0.9974591732025146
5,1,5,-0.007994821033412208,-1.4350703754974914,0.9972875714302064
5,1,6,-0.023984463100236626,-1.4350703754974914,0.9973786473274232
5,1,7,0.03197928413364883,-1.3871014492970182,0.9963252544403076
5,1,8,-0.07994821033412208,-1.3950962703304304,0.9971405267715454
5,1,9,0.04796892620047325,-1.2911635968960715,0.996657133102417
5,1,10,0.015989642066824416,-1.2991584179294837,0.9967122673988342
5,1,11,0.03997410516706104,-0.9793655765929955,0.9986863136291504
5,1,12,-0.11192749446777091,-1.0193396817600566,0.9991084933280944
5,1,13,0.0,-0.5636348828555606,0.5790980458259583
5,1,14,-0.07195338930070987,-0.539650419755324,0.5459707975387573
5,1,15,-0.007994821033412208,-0.8194691559247513,0.68067467212677
5,1,16,-0.04796892620047325,-0.6435830931896828,0.5567083358764648
5,1,17,0.15190159963483196,-0.8674380821252246,0.6832809448242188
5,1,18,-0.07195338930070987,-0.651577914223095,0.5576120018959045
5,1,19,0.15190159963483196,-0.9234018293591101,0.6873363256454468
5,1,20,-0.0959378524009465,-0.6675675562899194,0.557248592376709
5,1,21,0.08794303136753429,-0.8994173662588734,0.6749879717826843
5,1,22,-0.07195338930070987,-0.6675675562899194,0.5509061813354492
5,1,23,0.07195338930070987,-0.003997410516706104,0.9961933493614196
5,1,24,-0.07195338930070987,0.003997410516706104,0.9964090585708618
5,1,25,0.023984463100236626,0.7715002297242781,0.6272880434989929
5,1,26,-0.06395856826729766,0.7874898717911025,0.8100665211677551
5,1,27,-0.023984463100236626,1.5469978699652622,0.7087808847427368
5,1,28,-0.04796892620047325,1.5709823330654988,0.839211642742157
5,1,29,-0.055963747233885454,1.7068942906335065,0.6976847052574158
5,1,30,-0.07994821033412208,1.7068942906335065,0.7926807999610901
5,1,31,0.055963747233885454,1.722883932700331,0.7679039239883423
5,1,32,0.015989642066824416,1.722883932700331,0.8522005081176758
5,2,0,-0.14106790893751162,-1.3733375840681277,0.9980689883232116
5,2,1,-0.07468301061397672,-1.4314243701012206,0.9978163242340088
5,2,2,-0.049788673742651154,-1.4314243701012206,0.997690975666046
5,2,3,-0.024894336871325577,-1.4314243701012206,0.9977777004241944
5,2,4,-0.10787545977574417,-1.4397224823916626,0.9976935982704164
5,2,5,-0.10787545977574417,-1.4480205946821043,0.997530162334442
5,2,6,-0.11617357206618603,-1.4563187069725463,0.9976121187210084
5,2,7,0.058086786033093016,-1.3899338086490114,0.9966816902160645
5,2,8,-0.04149056145220929,-1.4148281455203369,0.997359335422516
5,2,9,-0.10787545977574417,-1.298654573454151,0.996954619884491
5,2,10,-0.14936602122795345,-1.3152507980350348,0.9969838261604308
5,2,11,0.09957734748530231,-0.9750281941269184,0.9987441301345824
5,2,12,-0.07468301061397672,-1.0248168678695695,0.9989516735076904
5,2,13,-0.23234714413237206,-0.5601225796048255,0.6196014285087585
5,2,14,-0.2655395932941395,-0.6016131410570348,0.5075719356536865
5,2,15,-0.41490561452209296,-0.9833263064173603,0.708119809627533
5,2,16,-0.3651169407794418,-0.9335376326747091,0.53366619348526
5,2,17,-0.4978867374265115,-1.0829036539026626,0.7074611186981201
5,2,18,-0.43979995139341854,-1.0248168678695695,0.5368250012397766
5,2,19,-0.4646942882647441,-1.107797990773988,0.7108350396156311
5,2,20,-0.39830938994120924,-1.0331149801600115,0.5353968143463135
5,2,21,-0.4315018391029767,-1.0829036539026626,0.6976910829544067
5,2,22,-0.37341505306988365,-1.0082206432886858,0.5292491912841797
5,2,23,0.10787545977574417,0.00414905614522093,0.996248185634613
5,2,24,-0.10787545977574417,-0.00414905614522093,0.9965204000473022
5,2,25,0.10787545977574417,0.7924697237371975,0.656154215335846
5,2,26,-0.06638489832353488,0.7758734991563138,0.7959718108177185
5,2,27,0.16596224580883717,1.589088503619616,0.7266426682472229
5,2,28,0.09957734748530231,1.4397224823916626,0.8290930390357971
5,2,29,0.27383770558458137,1.7716469740093368,0.7088484764099121
5,2,30,0.17426035809927903,1.5558960544578486,0.7836340069770813
5,2,31,-0.14936602122795345,1.7716469740093368,0.7804102897644043
5,2,32,-0.19915469497060462,1.6388771773622672,0.8462510704994202
6,1,0,0.056880499454767766,-1.369194879732624,0.9980696439743042
6,1,1,0.06500628509116316,-1.4342011648237873,0.9978154301643372
6,1,2,0.07313207072755856,-1.4342011648237873,0.997680366039276
6,1,3,0.07313207072755856,-1.4342011648237873,0.997773826122284
6,1,4,0.04062892818197698,-1.4423269504601826,0.9976829886436462
6,1,5,0.024377356909186184,-1.450452736096578,0.9974984526634216
6,1,6,0.008125785636395395,-1.450452736096578,0.9976075887680054
6,1,7,0.04062892818197698,-1.3935722366418102,0.9965624809265136
6,1,8,-0.04062892818197698,-1.4179495935509965,0.9973590970039368
6,1,9,0.07313207072755856,-1.2960628090050654,0.9968709945678712
6,1,10,0.03250314254558158,-1.3041885946414609,0.996973752975464
6,1,11,0.056880499454767766,-0.9791571691856451,0.998716115951538
6,1,12,-0.12188678454593092,-1.019786097367622,0.9990105628967284
6,1,13,0.0,-0.524113173547503,0.5712919235229492
6,1,14,-0.08125785636395395,-0.5403647448202937,0.5552670359611511
6,1,15,0.08125785636395395,-0.6947546719118063,0.6802763342857361
6,1,16,0.07313207072755856,-0.8410188133669234,0.5775993466377258
6,1,17,0.24377356909186185,-0.7028804575482017,0.6837129592895508
6,1,18,0.22752199781907106,-0.8897735271852958,0.5788766145706177
6,1,19,0.3006540685466296,-0.8247672420941327,0.6875633001327515
6,1,20,0.21127042654628028,-0.9547798122764589,0.5773531794548035
6,1,21,0.21127042654628028,-0.8166414564577372,0.6735032796859741
6,1,22,0.1625157127279079,-0.9466540266400636,0.5699860453605652
6,1,23,0.06500628509116316,0.004062892818197697,0.9958914518356324
6,1,24,-0.06500628509116316,-0.004062892818197697,0.9960838556289672
6,1,25,-0.01625157127279079,0.792264099548551,0.628653883934021
6,1,26,-0.08938364200034934,0.7760125282757603,0.8066996335983276
6,1,27,-0.06500628509116316,1.5804653062789045,0.7033209800720215
6,1,28,-0.04875471381837237,1.5804653062789045,0.8270033597946167
6,1,29,-0.12188678454593092,1.759232590279603,0.6919983625411987
6,1,30,-0.10563521327314014,1.7186036620976262,0.7767757773399353
6,1,31,0.04875471381837237,1.7511068046432077,0.7613957524299622
6,1,32,0.0,1.7429810190068122,0.8411219120025635
6,2,0,-0.12702251386093563,-1.384955151128911,0.9982578754425048
6,2,1,-0.06965750760115824,-1.4423201573886884,0.9980283379554749
6,2,2,-0.04507250491839651,-1.4423201573886884,0.9979066848754884
6,2,3,-0.02868250312988869,-1.4341251564944346,0.997991144657135
6,2,4,-0.09424251028391999,-1.4587101591771963,0.997908353805542
6,2,5,-0.09424251028391999,-1.4669051600714502,0.9977399110794068
6,2,6,-0.1024375111781739,-1.4669051600714502,0.9978379607200624
6,2,7,0.053267505812650426,-1.393150152023165,0.9969020485877992
6,2,8,-0.0368775040241426,-1.4341251564944346,0.9976069927215576
6,2,9,-0.1024375111781739,-1.311200143080626,0.997173309326172
6,2,10,-0.14341251564944346,-1.3275901448691336,0.997262954711914
6,2,11,0.1106325120724278,-0.9752051064162155,0.9988090395927428
6,2,12,-0.06965750760115824,-1.024375111781739,0.9989972114562988
6,2,13,-0.22536252459198258,-0.5408700590207581,0.6128384470939636
6,2,14,-0.2499475272747443,-0.5572600608092659,0.5105138421058655
6,2,15,-0.4056525442655686,-0.9752051064162155,0.7081001996994019
6,2,16,-0.3237025353230295,-0.5080900554437425,0.5388666987419128
6,2,17,-0.48760255320810775,-1.0571551153587546,0.7082694172859192
6,2,18,-0.36467753979429907,-0.46711505097247297,0.5442711114883423
6,2,19,-0.4384325478425843,-1.0981301198300242,0.7116445899009705
6,2,20,-0.3237025353230295,-0.4998950545494886,0.5430704951286316
6,2,21,-0.4056525442655686,-1.0735451171472625,0.6973990201950073
6,2,22,-0.29911753264026775,-0.5244800572322503,0.537124752998352
6,2,23,0.09424251028391999,0.008195000894253911,0.9961224794387816
6,2,24,-0.09424251028391999,-0.008195000894253911,0.9963216781616212
6,2,25,0.13521751475518953,0.7785250849541216,0.6605179309844971
6,2,26,-0.02868250312988869,0.7621350831656137,0.7991507649421692
6,2,27,0.15980251743795126,1.5570501699082433,0.7265944480895996
6,2,28,0.1106325120724278,1.4259301556001807,0.8269200921058655
6,2,29,0.26633752906325214,1.7373401895818292,0.7074444890022278
6,2,30,0.18438752012071302,1.565245170802497,0.774262547492981
6,2,31,-0.13521751475518953,1.7373401895818292,0.7784119248390198
6,2,32,-0.19258252101496692,1.6308051779565285,0.8427608013153076
7,1,0,0.05349069592061739,-1.403102100686964,0.9983828663825988
7,1,1,0.061720033754558534,-1.460707465524552,0.9981640577316284
7,1,2,0.06994937158849968,-1.460707465524552,0.9980456829071044
7,1,3,0.06994937158849968,-1.460707465524552,0.9981172680854796
7,1,4,0.02880268241879398,-1.468936803358493,0.9980592131614684
7,1,5,0.012344006750911707,-1.4771661411924342,0.997902512550354
7,1,6,-0.012344006750911707,-1.4771661411924342,0.9979944229125975
7,1,7,0.02880268241879398,-1.4277901141887874,0.9970796704292296
7,1,8,-0.0781787094224408,-1.4442487898566696,0.9977757930755616
7,1,9,0.061720033754558534,-1.3290380601814937,0.9972885847091676
7,1,10,0.020573344584852844,-1.3372673980154348,0.9974075555801392
7,1,11,0.10286672292426423,-0.9751765333220248,0.998782217502594
7,1,12,-0.13578407426002878,-1.0245525603256718,0.9990633130073548
7,1,13,-0.020573344584852844,-0.4978749389534388,0.5712519288063049
7,1,14,-0.11109606075820536,-0.5225629524552623,0.5582318902015686
7,1,15,0.08640804725638195,-0.4238108984479686,0.6808760166168213
7,1,16,0.13578407426002878,-0.5472509659570857,0.5824034810066223
7,1,17,0.2592241417691458,-0.5390216281231446,0.6826914548873901
7,1,18,0.26745347960308696,-0.563709641624968,0.5855950713157654
7,1,19,0.34151752010855724,-0.6706910334662027,0.6867197751998901
7,1,20,0.2756828174370281,-0.563709641624968,0.5843055248260498
7,1,21,0.1851601012636756,-0.448498911949792,0.6713894605636597
7,1,22,0.22630679043338128,-0.5472509659570857,0.5772905349731445
7,1,23,0.06994937158849968,0.012344006750911707,0.995950162410736
7,1,24,-0.06994937158849968,-0.012344006750911707,0.9961956143379213
7,1,25,-0.012344006750911707,0.7859017631413787,0.6376206278800964
7,1,26,0.10286672292426423,0.8023604388092609,0.8126339912414551
7,1,27,-0.09463738509032309,1.584147533033669,0.71071857213974
7,1,28,-0.04526135808667626,1.6088355465354924,0.8308092951774597
7,1,29,-0.16047208776185218,1.7651929653803742,0.6971784234046936
7,1,30,-0.11109606075820536,1.7487342897124918,0.774433434009552
7,1,31,0.04526135808667626,1.7487342897124918,0.7639132142066956
7,1,32,0.061720033754558534,1.7487342897124918,0.8423221111297607
7,2,0,-0.16940847092355796,-1.392454992713147,0.998540222644806
7,2,1,-0.10329784812412071,-1.4503017876626547,0.9983431100845336
7,2,2,-0.0867701924242614,-1.442037959812725,0.9982364177703856
7,2,3,-0.07024253672440207,-1.442037959812725,0.9983012676239014
7,2,4,-0.12808933167390968,-1.4585656155125843,0.9982478618621826
7,2,5,-0.12808933167390968,-1.466829443362514,0.998104691505432
7,2,6,-0.12808933167390968,-1.4750932712124436,0.9981873035430908
7,2,7,0.004131913924964828,-1.4089826484130064,0.9973684549331664
7,2,8,-0.061978708874472425,-1.4337741319627955,0.997982621192932
7,2,9,-0.144616987373769,-1.3180805420637802,0.9975518584251404
7,2,10,-0.1776722987734876,-1.3263443699137099,0.9976544976234436
7,2,11,0.07850636457433173,-0.9709997723667346,0.9988772869110109
7,2,12,-0.10329784812412071,-1.0288465673162421,0.999029278755188
7,2,13,-0.2355190937229952,-0.5082254127706739,0.6130051612854004
7,2,14,-0.2768382329726435,-0.5495445520203222,0.515079915523529
7,2,15,-0.43385096212130697,-0.9214168052671567,0.7098124027252197
7,2,16,-0.2768382329726435,-0.6073913469698298,0.549260675907135
7,2,17,-0.5330168963204629,-1.0040550837664532,0.709094762802124
7,2,18,-0.43385096212130697,-0.6073913469698298,0.555467426776886
7,2,19,-0.49169775707081453,-1.0536380508660312,0.712562084197998
7,2,20,-0.40079565072158835,-0.648710486219478,0.5540293455123901
7,2,21,-0.4503786178211663,-1.0205827394663125,0.6969941854476929
7,2,22,-0.3677403393218697,-0.6404466583695484,0.5477374196052551
7,2,23,0.09503402027419106,0.004131913924964828,0.9960774779319764
7,2,24,-0.09503402027419106,-0.004131913924964828,0.99631929397583
7,2,25,0.11156167597405037,0.7726679039684229,0.6678173542022705
7,2,26,-0.0289233974747538,0.7726679039684229,0.7967047095298767
7,2,27,0.12808933167390968,1.5742592054115996,0.7324349284172058
7,2,28,0.0867701924242614,1.4585656155125843,0.8259472846984863
7,2,29,0.22725526587306555,1.7477995902601224,0.713490903377533
7,2,30,0.16940847092355796,1.607314516811318,0.7711517810821533
7,2,31,-0.1776722987734876,1.7395357624101926,0.7805376648902893
7,2,32,-0.19419995447334693,1.6486336560609665,0.8421368598937988
8,1,0,0.02818093887799661,-1.3808660050218338,0.9986000061035156
8,1,1,0.020129242055711864,-1.437227882777827,0.9983931183815002
8,1,2,0.020129242055711864,-1.437227882777827,0.998263955116272
8,1,3,0.02818093887799661,-1.437227882777827,0.998327910900116
8,1,4,-0.020129242055711864,-1.4452795796001119,0.9983283281326294
8,1,5,-0.03623263570028135,-1.4533312764223965,0.998187243938446
8,1,6,-0.05233602934485085,-1.4613829732446812,0.998274862766266
8,1,7,-0.012077545233427118,-1.4050210954886881,0.9973868131637572
8,1,8,-0.10869790710084407,-1.4211244891332575,0.9980821013450624
8,1,9,0.03623263570028135,-1.308400733621271,0.997590184211731
8,1,10,-0.004025848411142373,-1.3245041272658407,0.9977571368217468
8,1,11,0.08454281663398983,-0.9782811639075966,0.9988101720809937
8,1,12,-0.19726657214597626,-1.0185396480190203,0.9990875124931335
8,1,13,0.012077545233427118,-0.5273861418596508,0.5799248218536377
8,1,14,-0.19726657214597626,-0.5112827482150814,0.5626339316368103
8,1,15,0.31804202448024743,-0.8172472274619017,0.7041334509849548
8,1,16,0.02818093887799661,-0.6401098973716373,0.5930935740470886
8,1,17,0.4388174768145186,-0.8414023179287559,0.7031800150871277
8,1,18,0.18116317850140679,-0.6320582005493525,0.5976545214653015
8,1,19,0.4146623863476644,-0.8655574083956101,0.706986665725708
8,1,20,0.14090469438998304,-0.6964717751276305,0.5961572527885437
8,1,21,0.3663522054139559,-1.0024362543744507,0.6900275349617004
8,1,22,0.07649111981170509,-0.6884200783053457,0.589177131652832
8,1,23,0.09259451345627458,-0.004025848411142373,0.9953685402870178
8,1,24,-0.09259451345627458,0.004025848411142373,0.9956729412078856
8,1,25,0.03623263570028135,0.7286785624167694,0.638546884059906
8,1,26,0.02818093887799661,0.7528336528836237,0.8093091249465942
8,1,27,-0.14895639121226778,1.5096931541783898,0.7085676789283752
8,1,28,-0.14090469438998304,1.5580033351120983,0.8256008625030518
8,1,29,-0.205318268968261,1.6787787874463693,0.6996493339538574
8,1,30,-0.2214216626128305,1.7029338779132237,0.7671287059783936
8,1,31,0.0442843325225661,1.6787787874463693,0.7597283124923706
8,1,32,0.0442843325225661,1.7351406652023627,0.8363658785820007
8,2,0,-0.18591073635253016,-1.3963961974923376,0.9987355470657348
8,2,1,-0.11154644181151809,-1.454235093246458,0.9985488653182985
8,2,2,-0.09502104302462652,-1.4459723938530122,0.9984323978424072
8,2,3,-0.07023294484428917,-1.4459723938530122,0.9984903931617736
8,2,4,-0.14459723938530122,-1.4707604920333497,0.9984895586967468
8,2,5,-0.14459723938530122,-1.4707604920333497,0.9983608722686768
8,2,6,-0.14459723938530122,-1.4790231914267955,0.9984399676322936
8,2,7,0.004131349696722892,-1.4129215962792292,0.9976444840431212
8,2,8,-0.061970245450843384,-1.4377096944595664,0.998261034488678
8,2,9,-0.1611226381721928,-1.3220319029513254,0.9978233575820924
8,2,10,-0.19417343574597593,-1.338557301738217,0.9979704022407532
8,2,11,0.07849564423773495,-0.9749985284266026,0.9989002346992492
8,2,12,-0.11980914120496387,-1.0245747247872772,0.999074935913086
8,2,13,-0.2106988345328675,-0.5122873623936386,0.6208095550537109
8,2,14,-0.25201233150009644,-0.537075460573976,0.5182456374168396
8,2,15,-0.40900361997556633,-0.9254223320659278,0.7299857139587402
8,2,16,-0.3263766260411085,-0.47097386542640973,0.5535743832588196
8,2,17,-0.5164187120903615,-0.9915239272134941,0.7259953618049622
8,2,18,-0.3594274236148916,-0.4379230678526266,0.5609911680221558
8,2,19,-0.4833679145165784,-1.0411001235741688,0.7292306423187256
8,2,20,-0.33463932543455427,-0.4874992642133013,0.559877336025238
8,2,21,-0.43379171815590367,-1.0411001235741688,0.7124241590499878
8,2,22,-0.30985122725421693,-0.49576196360674707,0.5541209578514099
8,2,23,0.08675834363118073,0.0,0.9955827593803406
8,2,24,-0.08675834363118073,0.0,0.9958587288856506
8,2,25,0.07849564423773495,0.7519056448035664,0.6667177081108093
8,2,26,-0.02065674848361446,0.7519056448035664,0.7867375016212463
8,2,27,0.12807184059840965,1.5533874859678074,0.7274003028869629
8,2,28,0.10328374241807231,1.4294469950661208,0.8149505853652954
8,2,29,0.22722423331975908,1.7186414738367233,0.7109530568122864
8,2,30,0.18591073635253016,1.5947009829350365,0.7602031826972961
8,2,31,-0.19417343574597593,1.7269041732301689,0.7734566926956177
8,2,32,-0.2106988345328675,1.6442771792957112,0.8319215774536133
9,1,0,0.05258849762675502,-1.3875272835366903,0.9988258481025696
9,1,1,0.03640742143390732,-1.444161050211657,0.9986547827720642
9,1,2,0.03640742143390732,-1.444161050211657,0.99853515625
9,1,3,0.03640742143390732,-1.4360705121152333,0.998594343662262
9,1,4,0.004045269048211925,-1.460342126404505,0.9986016750335692
9,1,5,-0.012135807144635774,-1.460342126404505,0.9984778761863708
9,1,6,-0.03640742143390732,-1.4684326645009287,0.9985544085502625
9,1,7,-0.004045269048211925,-1.403708359729538,0.9977844953536988
9,1,8,-0.10113172620529812,-1.4198894359223857,0.9983991384506226
9,1,9,0.06067903572317887,-1.3147124406688755,0.9979795813560486
9,1,10,0.020226345241059623,-1.338984054958147,0.9981257319450378
9,1,11,0.10922226430172197,-0.9749098406190739,0.9989268183708192
9,1,12,-0.19012764526596046,-1.023453069197617,0.9991396069526672
9,1,13,0.08495065001245042,-0.5218397072193383,0.593282163143158
9,1,14,-0.1982181833623843,-0.49756809293006676,0.565476655960083
9,1,15,0.3195762548087421,-0.8211896167870207,0.7405114769935608
9,1,16,0.05258849762675502,-0.4894775548336429,0.5974143743515015
9,1,17,0.4409343262550998,-0.7807369263049015,0.7361387610435486
9,1,18,0.15776549288026506,-0.538020783412186,0.6033414006233215
9,1,19,0.4247532500622521,-0.8130990786905969,0.7397763729095459
9,1,20,0.10113172620529812,-0.6189261643764246,0.60216224193573
9,1,21,0.376210021483709,-0.8778233834619877,0.7221164107322693
9,1,22,0.028316883337483473,-0.6270167024728484,0.5958074331283569
9,1,23,0.07686011191602657,0.004045269048211925,0.9954003095626832
9,1,24,-0.07686011191602657,-0.004045269048211925,0.995525598526001
9,1,25,-0.012135807144635774,0.7564653120156299,0.63746577501297
9,1,26,-0.13349387859099351,0.8130990786905969,0.800003707408905
9,1,27,-0.11731280239814582,1.5250664311758957,0.7087322473526001
9,1,28,-0.15776549288026506,1.605971812140134,0.8197097182273865
9,1,29,-0.17394656907311276,1.662605578815101,0.6995702385902405
9,1,30,-0.2548519500373513,1.7596920359721873,0.7604167461395264
9,1,31,0.10113172620529812,1.7111488073936443,0.7630243301391602
9,1,32,0.07686011191602657,1.7920541883578827,0.8342063426971436
9,2,0,-0.19736752387218756,-1.4151671392537704,0.998939037322998
9,2,1,-0.13017857957527265,-1.4571602294393422,0.9987854957580566
9,2,2,-0.11338134350104391,-1.4571602294393422,0.998677670955658
9,2,3,-0.09658410742681518,-1.448761611402228,0.99873149394989
9,2,4,-0.15537443368661574,-1.4823560835506853,0.9987370371818542
9,2,5,-0.15537443368661574,-1.4823560835506853,0.9986243844032288
9,2,6,-0.15537443368661574,-1.4907547015877995,0.998693585395813
9,2,7,-0.012597927055671546,-1.406768521216656,0.9980037212371826
9,2,8,-0.09658410742681518,-1.448761611402228,0.9985473155975342
9,2,9,-0.17217166976084447,-1.3227823408455124,0.9981743097305298
9,2,10,-0.2141647599464163,-1.3479781949568554,0.998300075531006
9,2,11,0.07978687135258646,-0.970040383286709,0.9990015625953674
9,2,12,-0.14697581564950138,-1.0288307095465097,0.9990863800048828
9,2,13,-0.1637730517237301,-0.4997177732083047,0.6325570940971375
9,2,14,-0.2813537042433312,-0.5669067175052196,0.5229532718658447
9,2,15,-0.3905357387258179,-0.8860542029155655,0.7623398303985596
9,2,16,-0.35694126657736047,-0.8104666405815362,0.568213701248169
9,2,17,-0.4913191551711903,-0.944844529175366,0.7547087669372559
9,2,18,-0.4493260649856185,-0.9028514389897941,0.574933648109436
9,2,19,-0.4493260649856185,-1.0036348554351666,0.7575660347938538
9,2,20,-0.4325288289113898,-0.9532431472124804,0.573130190372467
9,2,21,-0.40733297480004665,-0.9952362373980521,0.7395642399787903
9,2,22,-0.3821371206887036,-0.9364459111382516,0.5672630667686462
9,2,23,0.09658410742681518,0.004199309018557182,0.9955565333366394
9,2,24,-0.09658410742681518,-0.004199309018557182,0.9957420825958252
9,2,25,0.09658410742681518,0.8020680225444218,0.6680411100387573
9,2,26,-0.10498272546392955,0.7936694045073074,0.7809803485870361
9,2,27,0.13017857957527265,1.591538118033172,0.7290666103363037
9,2,28,0.06298963527835773,1.448761611402228,0.8115997314453125
9,2,29,0.23936061405775938,1.7679090968125737,0.7103055715560913
9,2,30,0.13857719761238702,1.591538118033172,0.7529891133308411
9,2,31,-0.19736752387218756,1.776307714849688,0.778067946434021
9,2,32,-0.23096199602064502,1.6755242984043157,0.8331020474433899
10,1,0,0.06661546338210284,-1.3871690610155532,0.998997926712036
10,1,1,0.050941236703960995,-1.4420288543890496,0.9988491535186768
10,1,2,0.05877835004303191,-1.4341917410499787,0.9987329244613647
10,1,3,0.05877835004303191,-1.4341917410499787,0.9987890720367432
10,1,4,0.027429896686748226,-1.4498659677281205,0.9988086223602296
10,1,5,0.003918556669535461,-1.4498659677281205,0.9986985325813292
10,1,6,-0.011755670008606382,-1.4498659677281205,0.9987666606903076
10,1,7,0.019592783347677306,-1.395006174354624,0.998072862625122
10,1,8,-0.07445257672117375,-1.410680401032766,0.998637855052948
10,1,9,0.07445257672117375,-1.316635040963915,0.9982720613479614
10,1,10,0.04310412336489007,-1.3244721543029858,0.998411238193512
10,1,11,0.10580103007745745,-0.9718020540447944,0.9989874362945556
10,1,12,-0.18417216346816667,-1.0266618474182907,0.999142050743103
10,1,13,0.15282371011188298,-0.5407608203958936,0.6105328798294067
10,1,14,-0.1998463901463085,-0.5094123670396099,0.5698745846748352
10,1,15,0.3330773169105142,-0.7210144271945248,0.7721310257911682
10,1,16,0.05877835004303191,-0.7288515405335957,0.6107245683670044
10,1,17,0.4349597903184362,-0.705340200516383,0.7638981938362122
10,1,18,0.12931237009467023,-0.799385560585234,0.6161319613456726
10,1,19,0.4349597903184362,-0.7366886538726667,0.7671118378639221
10,1,20,0.050941236703960995,-0.8934309206540851,0.6143497824668884
10,1,21,0.3879371102840106,-0.7680371072289504,0.7483437657356262
10,1,22,-0.027429896686748226,-0.8777566939759432,0.6080023646354675
10,1,23,0.0901268033993156,0.0,0.9952048063278198
10,1,24,-0.0901268033993156,0.0,0.9952793717384338
10,1,25,0.10580103007745745,0.6818288604991702,0.6390084624290466
10,1,26,-0.14498659677281206,0.7601999938898795,0.7949798703193665
10,1,27,-0.0901268033993156,1.410680401032766,0.7090517282485962
10,1,28,-0.15282371011188298,1.504725761101617,0.8169446587562561
10,1,29,-0.15282371011188298,1.5752597811532554,0.6988304257392883
10,1,30,-0.24686907018073403,1.6614680278830354,0.7547206878662109
10,1,31,0.12931237009467023,1.5830968944923263,0.7686075568199158
10,1,32,0.0901268033993156,1.6771422545611774,0.8358612656593323
10,2,0,-0.21959775947323606,-1.425313759599872,0.9990911483764648
10,2,1,-0.15330409623603272,-1.4750340070277743,0.9989578127861024
10,2,2,-0.12844397252208148,-1.4667472991231238,0.9988531470298768
10,2,3,-0.11187055671278064,-1.4667472991231238,0.9989042282104492
10,2,4,-0.16987751204533355,-1.4916074228370753,0.99891996383667
10,2,5,-0.16987751204533355,-1.4916074228370753,0.9988196492195128
10,2,6,-0.16987751204533355,-1.4916074228370753,0.998881459236145
10,2,7,-0.02900347766627646,-1.408740343790571,0.9982618689537048
10,2,8,-0.10358384880813022,-1.4501738833138231,0.9987567663192748
10,2,9,-0.19473763575928482,-1.3424466805533677,0.9984342455863952
10,2,10,-0.22788446737788648,-1.3590200963626684,0.9985516667366028
10,2,11,0.053863601380227714,-0.9695448248440989,0.9990465641021729
10,2,12,-0.16159080414068314,-1.0275517801766518,0.9990770220756532
10,2,13,-0.12015726461743105,-0.5137758900883259,0.6478177905082703
10,2,14,-0.26931800690113855,-0.5552094296115779,0.5278477668762207
10,2,15,-0.35218508594764275,-0.8701043299882939,0.790683388710022
10,2,16,-0.36047179385229317,-0.8701043299882939,0.585430383682251
10,2,17,-0.4516255808034478,-0.9363979932254972,0.7794198989868164
10,2,18,-0.43505216499414695,-0.952971409034798,0.5910310745239258
10,2,19,-0.40190533337554524,-0.9944049485580501,0.7819415926933289
10,2,20,-0.41847874918484607,-1.010978364367351,0.589016318321228
10,2,21,-0.3687585017569436,-0.9778315327487492,0.7631258964538574
10,2,22,-0.377045209661594,-0.9695448248440989,0.5828522443771362
10,2,23,0.08701043299882938,0.008286707904650418,0.9951772093772888
10,2,24,-0.08701043299882938,-0.008286707904650418,0.9954240322113036
10,2,25,0.11187055671278064,0.7789505430371393,0.6691641211509705
10,2,26,-0.09529714090347981,0.7872372509417896,0.7748861908912659
10,2,27,0.1367306804267319,1.5330409623603272,0.7280643582344055
10,2,28,0.053863601380227714,1.4336004675045222,0.8077386617660522
10,2,29,0.2361711752825369,1.7153485362626364,0.7075084447860718
10,2,30,0.1450173883313823,1.5744745018835793,0.7476181983947754
10,2,31,-0.15330409623603272,1.7153485362626364,0.7819295525550842
10,2,32,-0.21959775947323606,1.6407681651207826,0.8339086174964905
11,1,0,0.06120613835315071,-1.4118215913460097,0.9991427063941956
11,1,1,0.05304531990606395,-1.4689473204756172,0.999018669128418
11,1,2,0.06120613835315071,-1.4607865020285302,0.9989129304885864
11,1,3,0.06120613835315071,-1.4607865020285302,0.9989608526229858
11,1,4,0.020402046117716902,-1.4689473204756172,0.998977541923523
11,1,5,0.004080409223543381,-1.4689473204756172,0.99887877702713
11,1,6,-0.012241227670630142,-1.4689473204756172,0.998935878276825
11,1,7,0.028562864564803666,-1.4118215913460097,0.9983370900154114
11,1,8,-0.085688593694411,-1.4199824097930964,0.9988335371017456
11,1,9,0.06936695680023747,-1.3383742253222288,0.9985281825065612
11,1,10,0.036723683011890426,-1.3383742253222288,0.9986468553543092
11,1,11,0.11833186748275804,-0.9711373952033246,0.9990729093551636
11,1,12,-0.1672967781652786,-1.0282631243329319,0.999144971370697
11,1,13,0.15913595971819186,-0.5141315621664659,0.6211342215538025
11,1,14,-0.17545759661236537,-0.4896491068252057,0.5742666721343994
11,1,15,0.3223523286599271,-0.7018303864494615,0.8001512289047241
11,1,16,0.07752777524732424,-0.7589561155790688,0.6262344717979431
11,1,17,0.43660378691914176,-0.6936695680023747,0.7896000742912292
11,1,18,0.22442250729488594,-0.7997602078145026,0.6306135058403015
11,1,19,0.43660378691914176,-0.7344736602378086,0.7924144864082336
11,1,20,0.17545759661236537,-0.8895292107324569,0.6286468505859375
11,1,21,0.3794780577895344,-0.7589561155790688,0.7729146480560303
11,1,22,0.13465350437693158,-0.8813683922853702,0.6219988465309143
11,1,23,0.09384941214149775,0.0,0.995095670223236
11,1,24,-0.09384941214149775,0.0,0.995336413383484
11,1,25,0.085688593694411,0.750795297131982,0.6431509852409363
11,1,26,-0.11833186748275804,0.8079210262615893,0.7918758392333984
11,1,27,-0.085688593694411,1.5260730496052244,0.7161930799484253
11,1,28,-0.15913595971819186,1.6321636894173523,0.817948579788208
11,1,29,-0.14281432282401832,1.6729677816527861,0.7014440298080444
11,1,30,-0.25706578108323297,1.7872192399120008,0.7539937496185303
11,1,31,0.14281432282401832,1.71377187388822,0.7777227163314819
11,1,32,0.07752777524732424,1.819862513700348,0.8404399156570435
11,2,0,-0.21825440739472135,-1.4312452484923073,0.9992218613624572
11,2,1,-0.1427048048350101,-1.4816116501987815,0.9991110563278198
11,2,2,-0.12591600426618538,-1.473217249914369,0.999015748500824
11,2,3,-0.10912720369736068,-1.473217249914369,0.999059557914734
11,2,4,-0.1678880056882472,-1.4900060504831938,0.9990727305412292
11,2,5,-0.1678880056882472,-1.498400450767606,0.9989827275276184
11,2,6,-0.1678880056882472,-1.498400450767606,0.9990348815917968
11,2,7,-0.025183200853237078,-1.422850848207895,0.9984999299049376
11,2,8,-0.10912720369736068,-1.4480340490611319,0.9989345073699952
11,2,9,-0.19307120654148427,-1.355695645932596,0.9986644387245178
11,2,10,-0.23504320796354605,-1.3640900462170085,0.9987633228302002
11,2,11,0.06715520227529888,-0.9695532328496275,0.9991230368614196
11,2,12,-0.15949360540383484,-1.028314034840514,0.9990609884262084
11,2,13,-0.11752160398177303,-0.49946681692253536,0.6574069857597351
11,2,14,-0.27701520938560786,-0.6001996203354837,0.5311239957809448
11,2,15,-0.3525648119453191,-0.8604260291522668,0.8156776428222656
11,2,16,-0.3693536125141438,-0.8772148297210915,0.5962237119674683
11,2,17,-0.44490321507385505,-0.9359756317119781,0.8019809126853943
11,2,18,-0.4365088147894427,-0.9527644322808028,0.6014989018440247
11,2,19,-0.40293121365179324,-0.9947364337028646,0.8040276765823364
11,2,20,-0.41972001422061794,-1.0115252342716894,0.5992657542228699
11,2,21,-0.3693536125141438,-0.9779476331340399,0.7843265533447266
11,2,22,-0.3693536125141438,-0.9779476331340399,0.593183159828186
11,2,23,0.0839440028441236,0.00419720014220618,0.9950225949287416
11,2,24,-0.0839440028441236,-0.00419720014220618,0.9953866600990297
11,2,25,0.07554960255971123,0.7848764265925556,0.6699312329292297
11,2,26,-0.07554960255971123,0.7932708268769679,0.7577221989631653
11,2,27,0.12591600426618538,1.5739500533273174,0.7296990752220154
11,2,28,0.0839440028441236,1.4480340490611319,0.7959428429603577
11,2,29,0.23504320796354605,1.750232459299977,0.7061126828193665
11,2,30,0.17628240597265954,1.5991332541805545,0.7384266257286072
11,2,31,-0.1678880056882472,1.750232459299977,0.7857189178466797
11,2,32,-0.21825440739472135,1.6411052556026162,0.8288421034812927
12,1,0,0.051989603118960365,-1.41571688493169,0.9992203116416932
12,1,1,0.043991202639120305,-1.4637072878107302,0.9991061687469482
12,1,2,0.043991202639120305,-1.4637072878107302,0.9989982843399048
12,1,3,0.051989603118960365,-1.45570888733089,0.9990480542182922
12,1,4,0.011997600719760084,-1.4717056882905704,0.9990647435188292
12,1,5,-0.003999200239920028,-1.4717056882905704,0.9989680051803588
12,1,6,-0.027994401679440194,-1.4717056882905704,0.9990230202674866
12,1,7,0.019996001199600138,-1.41571688493169,0.9984242916107178
12,1,8,-0.08398320503832059,-1.42371528541153,0.9989450573921204
12,1,9,0.06798640407864047,-1.3437312806131294,0.9986773133277892
12,1,10,0.03599280215928025,-1.3517296810929693,0.998797595500946
12,1,11,0.13997200839720098,-0.9758048585404868,0.9990901350975036
12,1,12,-0.17996401079640126,-1.0237952614195271,0.999119758605957
12,1,13,0.17196561031656118,-0.5278944316694437,0.6246917247772217
12,1,14,-0.17996401079640126,-0.5198960311896036,0.5771895051002502
12,1,15,0.34793042087304243,-0.6878624412662447,0.8170662522315979
12,1,16,0.09198160551816065,-0.727854443665445,0.6357995271682739
12,1,17,0.46790642807064325,-0.6718656403065647,0.8053708076477051
12,1,18,0.23595281415528163,-0.7438512446251252,0.639762818813324
12,1,19,0.4759048285504833,-0.711857642705765,0.8080512881278992
12,1,20,0.19596081175608138,-0.8398320503832059,0.6375545859336853
12,1,21,0.41191762471176285,-0.7358528441452852,0.7875064015388489
12,1,22,0.16396720983672114,-0.8398320503832059,0.6307784914970398
12,1,23,0.09198160551816065,0.0,0.994761288166046
12,1,24,-0.09198160551816065,0.0,0.995123565196991
12,1,25,0.027994401679440194,0.7598480455848053,0.6392056345939636
12,1,26,-0.11597680695768081,0.7998400479840055,0.7751532793045044
12,1,27,-0.09198160551816065,1.4877024892502504,0.7139229774475098
12,1,28,-0.14797040887704102,1.575684894528491,0.8053585886955261
12,1,29,-0.1559688093568811,1.6316736978873714,0.697291374206543
12,1,30,-0.2279544136754416,1.711657702685772,0.7435295581817627
12,1,31,0.11597680695768081,1.6476704988470514,0.7776145339012146
12,1,32,0.07598480455848053,1.7356529041252922,0.833885133266449
12,2,0,-0.17886261024839192,-1.4267412863999636,0.999290406703949
12,2,1,-0.12894746320232905,-1.4766564334460264,0.9991884827613832
12,2,2,-0.12062827202798525,-1.4766564334460264,0.9990916848182678
12,2,3,-0.09567069850495383,-1.4683372422716825,0.9991366267204284
12,2,4,-0.1622242278997043,-1.493294815794714,0.9991488456726074
12,2,5,-0.1622242278997043,-1.493294815794714,0.9990606904029846
12,2,6,-0.1622242278997043,-1.493294815794714,0.9991103410720824
12,2,7,-0.020797977935859528,-1.4101029040512758,0.9985783696174622
12,2,8,-0.10398988967929763,-1.443379668748651,0.9990316033363342
12,2,9,-0.1622242278997043,-1.3435493746565255,0.9987998604774476
12,2,10,-0.19550099259707954,-1.360187757005213,0.9988998770713806
12,2,11,0.07071312498192239,-0.9691857718110539,0.9991530776023864
12,2,12,-0.18718180142273574,-1.0274201100314606,0.9990415573120116
12,2,13,-0.06239393380757858,-0.49499187487345675,0.6605620384216309
12,2,14,-0.27037371316617387,-0.5781837866168948,0.5336479544639587
12,2,15,-0.3119696690378929,-0.8527170953702405,0.8314112424850464
12,2,16,-0.3119696690378929,-0.8527170953702405,0.6054435968399048
12,2,17,-0.40348077195567483,-0.9192706247649911,0.8174479007720947
12,2,18,-0.37852319843264337,-0.9275898159393349,0.6108226180076599
12,2,19,-0.35356562490961196,-0.9775049629853978,0.8194970488548279
12,2,20,-0.37020400725829955,-0.9775049629853978,0.608371376991272
12,2,21,-0.3202888602122367,-0.9608665806367102,0.799210250377655
12,2,22,-0.3202888602122367,-0.9442281982880225,0.6019589304924011
12,2,23,0.08735150733061,0.004159595587171905,0.9949094653129578
12,2,24,-0.08735150733061,-0.004159595587171905,0.995287299156189
12,2,25,0.07071312498192239,0.7695251836268024,0.6670544743537903
12,2,26,-0.06239393380757858,0.7528868012781148,0.7469518780708313
12,2,27,0.12894746320232905,1.5182523893177455,0.7315362095832825
12,2,28,0.08735150733061,1.3934645217025883,0.7903942465782166
12,2,29,0.22045856612011097,1.6929554039789654,0.7038841843605042
12,2,30,0.17886261024839192,1.534890771666433,0.7344449162483215
12,2,31,-0.13726665437667288,1.7095937863276531,0.790056586265564
12,2,32,-0.17054341907404813,1.6097634922355273,0.8289958238601685
13,1,0,0.060400943378830174,-1.4254622637403922,0.9992034435272216
13,1,1,0.05234748426165282,-1.4737830184434564,0.9990444183349608
13,1,2,0.05234748426165282,-1.4737830184434564,0.9989094138145448
13,1,3,0.05234748426165282,-1.465729559326279,0.9989851713180542
13,1,4,0.02818710691012075,-1.489889936677811,0.999033510684967
13,1,5,0.012080188675766036,-1.489889936677811,0.9989269375801086
13,1,6,-0.0040267295585886785,-1.489889936677811,0.9990022778511048
13,1,7,0.012080188675766036,-1.4174088046232147,0.9982353448867798
13,1,8,-0.06845440249600754,-1.4335157228575695,0.9988738298416138
13,1,9,0.060400943378830174,-1.3449276725686186,0.9985328316688538
13,1,10,0.02818710691012075,-1.3610345908029733,0.9987406134605408
13,1,11,0.06845440249600754,-0.9744685531784602,0.9990397691726683
13,1,12,-0.1731493710193132,-1.0227893078815242,0.999085545539856
13,1,13,0.10066823896471697,-0.4993144652649961,0.61726975440979
13,1,14,-0.1328820754334264,-0.5315283017337056,0.579446017742157
13,1,15,0.27784433954261883,-0.4268333332103999,0.8009570837020874
13,1,16,0.2053632074880226,-0.7248113205459621,0.6437311172485352
13,1,17,0.4550204401205207,-0.563742138202415,0.7885823249816895
13,1,18,0.3342185533628603,-0.7328647796631395,0.6476590633392334
13,1,19,0.4791808174720527,-0.6442767293741886,0.7919758558273315
13,1,20,0.3181116351285056,-0.8133993708349131,0.645276665687561
13,1,21,0.4228066036518112,-0.6603836476085433,0.7714055776596069
13,1,22,0.27784433954261883,-0.8214528299520903,0.6380554437637329
13,1,23,0.06845440249600754,0.0,0.9945079684257508
13,1,24,-0.06845440249600754,0.0,0.9948147535324096
13,1,25,0.012080188675766036,0.7731320752490263,0.6335147023200989
13,1,26,-0.020133647792943393,0.7409182387803168,0.7593430876731873
13,1,27,-0.0926147798475396,1.4737830184434564,0.7047148942947388
13,1,28,-0.08456132073036225,1.538210691380875,0.7905906438827515
13,1,29,-0.16509591190213582,1.6509591190213582,0.6877562403678894
13,1,30,-0.16509591190213582,1.6590125781385354,0.7298401594161987
13,1,31,0.10066823896471697,1.6590125781385354,0.76866614818573
13,1,32,0.0926147798475396,1.6912264146072449,0.8247823715209961
13,2,0,-0.21554323133518538,-1.4134661901018888,0.9992785453796388
13,2,1,-0.17409260992457282,-1.4714970600767465,0.9991363286972046
13,2,2,-0.15751236136032779,-1.4714970600767465,0.9990150332450868
13,2,3,-0.14093211279608275,-1.463206935794624,0.9990832805633544
13,2,4,-0.18238273420669535,-1.479787184358869,0.9991252422332764
13,2,5,-0.18238273420669535,-1.4880773086409915,0.999028503894806
13,2,6,-0.18238273420669535,-1.4880773086409915,0.9990957975387572
13,2,7,-0.0580308699748576,-1.4134661901018888,0.9984099864959716
13,2,8,-0.10777161566759269,-1.4383365629482563,0.9989770650863647
13,2,9,-0.20725310705306288,-1.3388550715627863,0.998674213886261
13,2,10,-0.2321234798994304,-1.3471451958449088,0.9988557696342468
13,2,11,0.04145062141061258,-0.965799478867273,0.9991189241409302
13,2,12,-0.13264198851396025,-1.032120473124253,0.9990576505661012
13,2,13,-0.15751236136032779,-0.47668214622204463,0.6537899971008301
13,2,14,-0.2238333556173079,-0.5927438861717599,0.5299380421638489
13,2,15,-0.34818521984914563,-0.8414476146354353,0.817873477935791
13,2,16,-0.31502472272065557,-0.8746081117639254,0.6039912700653076
13,2,17,-0.42279633838824826,-0.9326389817387829,0.8043952584266663
13,2,18,-0.3647654684133907,-0.949219230303028,0.6117827296257019
13,2,19,-0.3813457169776357,-0.982379727431518,0.8072872161865234
13,2,20,-0.33989509556702313,-0.998959975995763,0.6093174815177917
13,2,21,-0.34818521984914563,-0.965799478867273,0.786904513835907
13,2,22,-0.290154349874288,-0.9575093545851505,0.60248202085495
13,2,23,0.09948149138547017,0.004145062141061258,0.9948776960372924
13,2,24,-0.09948149138547017,-0.004145062141061258,0.9951671361923218
13,2,25,0.1160617399497152,0.7917068689427001,0.6644569039344788
13,2,26,-0.08290124282122516,0.7502562475320876,0.7489950060844421
13,2,27,0.14093211279608275,1.529527930051604,0.7266073822975159
13,2,28,0.0580308699748576,1.4051760658197663,0.7892250418663025
13,2,29,0.24041360418155294,1.7119106642582993,0.6991780400276184
13,2,30,0.13264198851396025,1.5378180543337265,0.7280377149581909
13,2,31,-0.17409260992457282,1.7284909128225443,0.7847990393638611
13,2,32,-0.20725310705306288,1.6207192971549518,0.8281742334365845
14,1,0,0.024191778436837872,-1.407155112409403,0.999302864074707
14,1,1,0.01612785229122525,-1.4636025954286913,0.9991719722747804
14,1,2,0.024191778436837872,-1.4636025954286913,0.999054491519928
14,1,3,0.024191778436837872,-1.4555386692830787,0.9991174340248108
14,1,4,-0.024191778436837872,-1.4797304477199167,0.9991481900215148
14,1,5,-0.040319630728063126,-1.4797304477199167,0.9990547299385072
14,1,6,-0.05644748301928837,-1.4797304477199167,0.9991183876991272
14,1,7,0.024191778436837872,-1.4152190385550156,0.9984604120254515
14,1,8,-0.08870318760173887,-1.4232829647006282,0.9990291595458984
14,1,9,0.040319630728063126,-1.3345797770988894,0.998741865158081
14,1,10,0.0,-1.342643703244502,0.9989120364189148
14,1,11,0.10483103989296412,-0.9717031005463213,0.9991425275802612
14,1,12,-0.129022818329802,-1.0281505835656097,0.9991348385810852
14,1,13,0.07257533531051362,-0.47980360566395114,0.6191229224205017
14,1,14,-0.0322557045824505,-0.5604428671200774,0.5765959620475769
14,1,15,0.24191778436837874,-0.39916434420782493,0.8063650727272034
14,1,16,0.258045636659604,-0.7297853161779425,0.642989456653595
14,1,17,0.4193241595718565,-0.5201232363920143,0.7943640947341919
14,1,18,0.38706845498940595,-0.7378492423235551,0.6492320895195007
14,1,19,0.45157986415430695,-0.6168903501393658,0.7978119254112244
14,1,20,0.3951323811350186,-0.8104245776340687,0.6468697786331177
14,1,21,0.2741734889508292,-0.4314200487902754,0.7767939567565918
14,1,22,0.34674882426134285,-0.8184885037796814,0.6397231221199036
14,1,23,0.11289496603857674,0.004031963072806313,0.9949657917022704
14,1,24,-0.11289496603857674,-0.004031963072806313,0.9952216148376464
14,1,25,0.1370867444754146,0.7539770946147804,0.6424930691719055
14,1,26,-0.1370867444754146,0.7862327991972309,0.7686166763305664
14,1,27,-0.08870318760173887,1.511986152302367,0.7134637832641602
14,1,28,-0.1693424490578651,1.5926254137584934,0.7999838590621948
14,1,29,-0.1612785229122525,1.6571368229233943,0.6941559910774231
14,1,30,-0.258045636659604,1.7216482320882953,0.7319989204406738
14,1,31,0.10483103989296412,1.7055203797970702,0.778326690196991
14,1,32,0.048383556873675744,1.7861596412531964,0.8346779942512512
14,2,0,-0.2654826947494755,-1.4116936943027665,0.9993496537208556
14,2,1,-0.20648654036070316,-1.4706898486915387,0.9992345571517944
14,2,2,-0.18963049624962536,-1.4706898486915387,0.9991296529769896
14,2,3,-0.17277445213854753,-1.462261826636,0.9991880655288696
14,2,4,-0.21491456241624207,-1.4791178707470778,0.9992064833641052
14,2,5,-0.21491456241624207,-1.4791178707470778,0.9991174936294556
14,2,6,-0.20648654036070316,-1.4791178707470778,0.9991761445999146
14,2,7,-0.0884942315831585,-1.4201217163583053,0.9985965490341188
14,2,8,-0.13063434186085301,-1.4285497384138444,0.999073326587677
14,2,9,-0.2401986285828588,-1.3274134737473775,0.9988226294517516
14,2,10,-0.25705467269393656,-1.3358414958029163,0.9989442825317384
14,2,11,0.02107005513884726,-0.9650085253592046,0.999177098274231
14,2,12,-0.12220631980531411,-1.0324327018035158,0.9988837242126464
14,2,13,-0.18963049624962536,-0.4677552240824092,0.6545165181159973
14,2,14,-0.19805851830516424,-0.5941755549154928,0.5253853797912598
14,2,15,-0.4171870917491758,-0.8723002827482766,0.8218786120414734
14,2,16,-0.2907667609160922,-0.8723002827482766,0.5966892242431641
14,2,17,-0.5014673123045648,-0.9565805033036656,0.8085163831710815
14,2,18,-0.38347500352702013,-0.9902925915258213,0.6059298515319824
14,2,19,-0.4593272020268703,-1.007148635636899,0.8114436268806458
14,2,20,-0.31605082708270893,-1.024004679747977,0.6035529375076294
14,2,21,-0.4256151138047147,-0.9734365474147435,0.7902373671531677
14,2,22,-0.2991947829716311,-0.9987206135813602,0.5965004563331604
14,2,23,0.0969222536386974,0.004214011027769452,0.9950459003448486
14,2,24,-0.0969222536386974,-0.004214011027769452,0.9952470064163208
14,2,25,0.0969222536386974,0.7964480842484265,0.6677986979484558
14,2,26,-0.05478214336100288,0.7964480842484265,0.7420406937599182
14,2,27,0.11377829774977521,1.5886821574690835,0.7325790524482727
14,2,28,0.06321016541654179,1.4875458928026166,0.7881499528884888
14,2,29,0.21491456241624207,1.7572425985798616,0.7087289690971375
14,2,30,0.13063434186085301,1.630822267746778,0.7220719456672668
14,2,31,-0.18963049624962536,1.807810730913095,0.7921006083488464
14,2,32,-0.2401986285828588,1.715102488302167,0.8310049176216125
15,1,0,0.04897592031019124,-1.3917324021479345,0.9992680549621582
15,1,1,0.06530122708025499,-1.4570336292281894,0.9991545081138612
15,1,2,0.07346388046528686,-1.4570336292281894,0.9990309476852416
15,1,3,0.07346388046528686,-1.4570336292281894,0.9991085529327391
15,1,4,0.05713857369522311,-1.4651962826132212,0.9991070032119752
15,1,5,0.04897592031019124,-1.4651962826132212,0.9989952445030212
15,1,6,0.03265061354012749,-1.4651962826132212,0.999087691307068
15,1,7,0.03265061354012749,-1.41622036230303,0.9983963966369628
15,1,8,-0.03265061354012749,-1.41622036230303,0.9990389943122864
15,1,9,0.06530122708025499,-1.3182685216826475,0.998791515827179
15,1,10,0.04081326692515937,-1.3264311750676794,0.9989301562309264
15,1,11,0.07346388046528686,-0.9754370795113089,0.9991275072097778
15,1,12,-0.09795184062038248,-1.0244129998215001,0.9989750385284424
15,1,13,0.06530122708025499,-0.46118991625430084,0.6008014678955078
15,1,14,0.03265061354012749,-0.5101658365644921,0.5719519853591919
15,1,15,0.2775302150910837,-0.8611599321208626,0.7779871225357056
15,1,16,0.2775302150910837,-0.7876960516555758,0.6351506114006042
15,1,17,0.4081326692515937,-0.8611599321208626,0.7712962031364441
15,1,18,0.38364470909649806,-0.8856478922759583,0.6417891383171082
15,1,19,0.41629532263662555,-0.8856478922759583,0.7751078605651855
15,1,20,0.38364470909649806,-0.9101358524310539,0.6392888426780701
15,1,21,0.3591567489414024,-0.9509491193562133,0.7543988227844238
15,1,22,0.3346687887863068,-0.901973199046022,0.6307916641235352
15,1,23,0.07346388046528686,0.004081326692515937,0.9947583079338074
15,1,24,-0.07346388046528686,-0.004081326692515937,0.9948899745941162
15,1,25,0.04081326692515937,0.7795333982705439,0.6314548254013062
15,1,26,-0.10611449400541435,0.8285093185807352,0.7590821981430054
15,1,27,-0.11427714739044623,1.54682281646354,0.7126951217651367
15,1,28,-0.14692776093057372,1.6284493503138588,0.7969115972518921
15,1,29,-0.17141572108566935,1.7019132307791456,0.6924052834510803
15,1,30,-0.2448796015509562,1.7835397646294644,0.7296648621559143
15,1,31,0.11427714739044623,1.734563844319273,0.7832181453704834
15,1,32,0.07346388046528686,1.7835397646294644,0.8369461297988892
15,2,0,-0.21516832026114596,-1.3861805247593058,0.999320149421692
15,2,1,-0.17378979713400253,-1.4441104571373067,0.999221682548523
15,2,2,-0.16551409250857382,-1.4441104571373067,0.999111533164978
15,2,3,-0.14896268325771644,-1.4441104571373067,0.9991819262504578
15,2,4,-0.1820655017594312,-1.460661866388164,0.9991728067398072
15,2,5,-0.1820655017594312,-1.460661866388164,0.9990680813789368
15,2,6,-0.1820655017594312,-1.460661866388164,0.9991511702537536
15,2,7,-0.0910327508797156,-1.3944562293847345,0.9985462427139282
15,2,8,-0.12413556938143037,-1.4110076386355919,0.9990917444229126
15,2,9,-0.1903412063848599,-1.303423478505019,0.9988833665847778
15,2,10,-0.2068926156357173,-1.3116991831304476,0.9989872574806212
15,2,11,0.0,-0.9723952934878712,0.9991735816001892
15,2,12,-0.14896268325771644,-1.0220495212404435,0.998757004737854
15,2,13,-0.1820655017594312,-0.46757731133672104,0.6376948356628418
15,2,14,-0.19861691101028858,-0.5586100622164366,0.5215244889259338
15,2,15,-0.3724067081442911,-0.9144653611098704,0.794806718826294
15,2,16,-0.3558552988934337,-0.897913951859013,0.5919836759567261
15,2,17,-0.45516375439857804,-0.9972224073641573,0.7855839729309082
15,2,18,-0.43861234514772063,-0.9972224073641573,0.6020439267158508
15,2,19,-0.4220609358968633,-1.0386009304913006,0.7886877655982971
15,2,20,-0.4220609358968633,-1.0303252258658722,0.5997699499130249
15,2,21,-0.3889581173951485,-1.0303252258658722,0.7677033543586731
15,2,22,-0.3724067081442911,-0.9889467027387286,0.5921362042427063
15,2,23,0.07448134162885822,0.004137852312714346,0.9948206543922424
15,2,24,-0.07448134162885822,-0.004137852312714346,0.9949312806129456
15,2,25,0.08275704625428691,0.7986054963538687,0.6566855311393738
15,2,26,-0.05792993237800084,0.765502677852154,0.7256600260734558
15,2,27,0.12413556938143037,1.568246026518737,0.7292925119400024
15,2,28,0.08275704625428691,1.435834752511878,0.7798786163330078
15,2,29,0.21516832026114596,1.7254844144018822,0.7026297450065613
15,2,30,0.15723838788314515,1.5765217311441657,0.7198410034179688
15,2,31,-0.14896268325771644,1.7420358236527396,0.7942479252815247
15,2,32,-0.17378979713400253,1.626175958896738,0.8291571736335754
16,1,0,0.05620269521325902,-1.3729515544953275,0.9993049502372742
16,1,1,0.06423165167229603,-1.4371832061676235,0.9992133975028992
16,1,2,0.06423165167229603,-1.4371832061676235,0.9990968704223632
16,1,3,0.06423165167229603,-1.4371832061676235,0.9991704821586608
16,1,4,0.04817373875422201,-1.4452121626266605,0.9991582036018372
16,1,5,0.04014478229518501,-1.4452121626266605,0.9990482926368712
16,1,6,0.03211582583614801,-1.4452121626266605,0.9991430044174194
16,1,7,0.024086869377111006,-1.3970384238724385,0.9984835982322692
16,1,8,-0.024086869377111006,-1.4050673803314755,0.9991159439086914
16,1,9,0.06423165167229603,-1.3006909463639944,0.9989034533500672
16,1,10,0.05620269521325902,-1.3087199028230314,0.999017298221588
16,1,11,0.04817373875422201,-0.9795326880025143,0.9991560578346252
16,1,12,-0.10437643396748103,-1.0196774702976994,0.9988669753074646
16,1,13,0.05620269521325902,-0.4737084310831831,0.5842270255088806
16,1,14,0.04817373875422201,-0.4897663440012571,0.5685850381851196
16,1,15,0.28101347606629506,-0.8109246023627372,0.7520663142204285
16,1,16,0.26495556314822105,-0.8028956459037002,0.6310898661613464
16,1,17,0.4175057358699241,-0.8350114717398482,0.749443769454956
16,1,18,0.3773609535747391,-0.8590983411169593,0.6386001110076904
16,1,19,0.4094767794108871,-0.8590983411169593,0.753528356552124
16,1,20,0.36130304065666513,-0.8992431234121443,0.6362231969833374
16,1,21,0.3532740841976281,-0.9153010363302183,0.7331797480583191
16,1,22,0.3211582583614801,-0.8912141669531073,0.6273136734962463
16,1,23,0.06423165167229603,0.0,0.9947771430015564
16,1,24,-0.06423165167229603,0.0,0.9948501586914062
16,1,25,0.024086869377111006,0.7466929506904412,0.6295303702354431
16,1,26,-0.12043434688555503,0.7707798200675522,0.7469940185546875
16,1,27,-0.10437643396748103,1.5094438142989564,0.7200987935066223
16,1,28,-0.16057912918074005,1.5817044224302894,0.7934234142303467
16,1,29,-0.16057912918074005,1.6539650305616225,0.6957514882087708
16,1,30,-0.24889765023014707,1.7422835516110295,0.7312415242195129
16,1,31,0.12043434688555503,1.6780518999387335,0.7934978604316711
16,1,32,0.08028956459037002,1.7422835516110295,0.8388619422912598
16,2,0,-0.21641307709480673,-1.3719772434689634,0.9993610978126526
16,2,1,-0.1755804210391828,-1.429142961946837,0.9992799758911132
16,2,2,-0.16741388982805805,-1.429142961946837,0.9991756081581116
16,2,3,-0.15108082740580847,-1.4209764307357122,0.9992425441741944
16,2,4,-0.1919134834614324,-1.4373094931579617,0.99922776222229
16,2,5,-0.1919134834614324,-1.4454760243690865,0.9991267323493958
16,2,6,-0.1919134834614324,-1.4454760243690865,0.9992121458053588
16,2,7,-0.08574857771681021,-1.3801437746800882,0.9986284375190736
16,2,8,-0.12658123377243413,-1.4046433683134625,0.999177634716034
16,2,9,-0.20008001467255718,-1.2984784625688404,0.9989940524101256
16,2,10,-0.20824654588368194,-1.3066449937799651,0.9990828633308412
16,2,11,0.012249796816687173,-0.9718172141238491,0.9991978406906128
16,2,12,-0.1837469522503076,-1.0208164013905978,0.9987473487854004
16,2,13,-0.20008001467255718,-0.47365881024523737,0.6234928965568542
16,2,14,-0.20008001467255718,-0.5471575911453604,0.5186465978622437
16,2,15,-0.3797437013173024,-0.8983184332237261,0.7717050313949585
16,2,16,-0.3634106388950528,-0.7758204650568543,0.5866827368736267
16,2,17,-0.469575544639675,-0.9881502765460987,0.7657885551452637
16,2,18,-0.4287428885840511,-0.9636506829127243,0.5970357060432434
16,2,19,-0.4287428885840511,-1.0208164013905978,0.7690460085868835
16,2,20,-0.38791023252842716,-0.8738188395903517,0.594799280166626
16,2,21,-0.3960767637395519,-1.012649870179473,0.7484002113342285
16,2,22,-0.3634106388950528,-0.8574857771681021,0.5869147181510925
16,2,23,0.09391510892793499,0.0,0.9948201775550842
16,2,24,-0.09391510892793499,0.0,0.9949468970298768
16,2,25,0.06941551529456065,0.7758204650568543,0.6593191027641296
16,2,26,-0.07758204650568543,0.7513208714234799,0.7253852486610413
16,2,27,0.11841470256130934,1.5271413364803343,0.7384059429168701
16,2,28,0.06941551529456065,1.4128098995245872,0.7846958041191101
16,2,29,0.21641307709480673,1.69047196070283,0.7054648995399475
16,2,30,0.15108082740580847,1.5516409301137086,0.7250820994377136
16,2,31,-0.15108082740580847,1.7068050231250795,0.8049044609069824
16,2,32,-0.1837469522503076,1.5924735861693324,0.8357139229774475
17,1,0,0.055963747233885454,-1.3551221651633694,0.9994103312492372
17,1,1,0.055963747233885454,-1.419080733430667,0.9993385672569276
17,1,2,0.07195338930070987,-1.419080733430667,0.9992404580116272
17,1,3,0.07994821033412208,-1.419080733430667,0.999301016330719
17,1,4,0.04796892620047325,-1.419080733430667,0.9992855787277222
17,1,5,0.04796892620047325,-1.419080733430667,0.9991890788078308
17,1,6,0.04796892620047325,-1.4270755544640792,0.9992685914039612
17,1,7,0.055963747233885454,-1.379106628263606,0.998723804950714
17,1,8,-0.015989642066824416,-1.3871014492970182,0.999243140220642
17,1,9,0.055963747233885454,-1.2911635968960715,0.9990659356117249
17,1,10,0.03997410516706104,-1.2911635968960715,0.9991450309753418
17,1,11,0.023984463100236626,-0.9713707555595833,0.9992521405220032
17,1,12,-0.0959378524009465,-1.0273345027934688,0.9988612532615662
17,1,13,0.03997410516706104,-0.4756918514880264,0.5808070302009583
17,1,14,0.0,-0.5236607776884996,0.5653137564659119
17,1,15,0.2078653468687174,-0.8434536190249879,0.7608389854431152
17,1,16,0.24783945203577845,-0.7874898717911025,0.625535786151886
17,1,17,0.34377730443672494,-0.9713707555595833,0.7572546005249023
17,1,18,0.36776176753696155,-0.8914225452254612,0.6328050494194031
17,1,19,0.35976694650354935,-0.9313966503925223,0.761020302772522
17,1,20,0.35177212547013714,-0.883427724192049,0.6304672956466675
17,1,21,0.3038031992696639,-0.9074121872922856,0.7394152283668518
17,1,22,0.3038031992696639,-0.8754329031586368,0.621239185333252
17,1,23,0.03197928413364883,0.003997410516706104,0.9949628114700316
17,1,24,-0.03197928413364883,-0.003997410516706104,0.9949577450752258
17,1,25,-0.007994821033412208,0.7715002297242781,0.6335322260856628
17,1,26,-0.11192749446777091,0.8194691559247513,0.7467774748802185
17,1,27,-0.0959378524009465,1.5469978699652622,0.7318513989448547
17,1,28,-0.14390677860141973,1.6109564382325599,0.7977389693260193
17,1,29,-0.15190159963483196,1.68290982753327,0.7035964727401733
17,1,30,-0.23984463100236625,1.7548632168339797,0.735501766204834
17,1,31,0.11992231550118312,1.6988994696000943,0.8048923015594482
17,1,32,0.08794303136753429,1.762858037867392,0.844823956489563
17,2,0,-0.20014843664091522,-1.3724464226805615,0.9994510412216188
17,2,1,-0.134793845084698,-1.4296316902922515,0.9993908405303956
17,2,2,-0.1184551971956437,-1.4214623663477244,0.9993042945861816
17,2,3,-0.09394722536206225,-1.4214623663477244,0.999359130859375
17,2,4,-0.14296316902922515,-1.4378010142367788,0.999338448047638
17,2,5,-0.134793845084698,-1.4378010142367788,0.9992495179176332
17,2,6,-0.14296316902922515,-1.4459703381813058,0.9993206858634948
17,2,7,-0.0857779014175351,-1.3724464226805615,0.9988430738449096
17,2,8,-0.1184551971956437,-1.396954394514143,0.9992897510528564
17,2,9,-0.1838097887518609,-1.2989225071798172,0.9991350769996644
17,2,10,-0.19197911269638807,-1.3070918311243442,0.999189555644989
17,2,11,-0.012253985916790727,-0.972149549398731,0.9993016123771667
17,2,12,-0.1511324929737523,-1.021165493065894,0.9986757040023804
17,2,13,-0.1511324929737523,-0.46565146483804765,0.619238555431366
17,2,14,-0.17564046480733375,-0.5718526761169006,0.5134643912315369
17,2,15,-0.3553655915869311,-0.8986256338979867,0.7792619466781616
17,2,16,-0.298180323975241,-0.8741176620644052,0.5777774453163147
17,2,17,-0.4370588310322026,-1.0129961691213667,0.7732316851615906
17,2,18,-0.39621221130956685,-1.0048268451768396,0.5881396532058716
17,2,19,-0.404381535254094,-1.0375041409549484,0.7763234972953796
17,2,20,-0.37987356342051254,-1.0375041409549484,0.5861605405807495
17,2,21,-0.3635349155314582,-1.0129961691213667,0.7539366483688354
17,2,22,-0.3635349155314582,-0.972149549398731,0.5779935121536255
17,2,23,0.0694392535284808,0.008169323944527152,0.995220959186554
17,2,24,-0.0694392535284808,-0.008169323944527152,0.9951786398887634
17,2,25,0.0857779014175351,0.7842550986746065,0.6619774699211121
17,2,26,-0.0694392535284808,0.7434084789519708,0.717416524887085
17,2,27,0.14296316902922515,1.5440022255156316,0.750176727771759
17,2,28,0.053100605639426486,1.40512371845867,0.7855297327041626
17,2,29,0.24099505636355098,1.715558028350702,0.7137824296951294
17,2,30,0.12662452114017084,1.5440022255156316,0.7247362732887268
17,2,31,-0.11028587325111655,1.731896676239756,0.8169128894805908
17,2,32,-0.1838097887518609,1.6420341128499574,0.8407708406448364
18,1,0,0.08096900563266038,-1.3643277449103275,0.9994938373565674
18,1,1,0.08906590619592643,-1.4210060488531897,0.9994419813156128
18,1,2,0.09716280675919246,-1.4210060488531897,0.9993613958358764
18,1,3,0.11335660788572453,-1.4210060488531897,0.9994117617607116
18,1,4,0.07287210506939434,-1.4291029494164558,0.9993910789489746
18,1,5,0.07287210506939434,-1.4291029494164558,0.9993080496788024
18,1,6,0.05667830394286227,-1.4291029494164558,0.999374508857727
18,1,7,0.1052597073224585,-1.3805215460368596,0.9989344477653505
18,1,8,0.024290701689798116,-1.3886184466001257,0.9993526935577391
18,1,9,0.08906590619592643,-1.2914556398409331,0.9992040991783142
18,1,10,0.06477520450612831,-1.2995525404041992,0.9992550611495972
18,1,11,0.08096900563266038,-0.9756765178735576,0.999319553375244
18,1,12,-0.06477520450612831,-1.024257921253154,0.9987974762916564
18,1,13,0.12145350844899057,-0.4817655835143293,0.5865771174430847
18,1,14,0.06477520450612831,-0.5627345891469897,0.5607150793075562
18,1,15,0.3562636247837057,-0.8866106116776312,0.768236517906189
18,1,16,0.2914884202775774,-0.846126108861301,0.616657555103302
18,1,17,0.4453295309796321,-0.9594827167470256,0.7625914216041565
18,1,18,0.3562636247837057,-0.9270951144939614,0.6227277517318726
18,1,19,0.39674812760003586,-0.9918703190000897,0.7653897404670715
18,1,20,0.3238760225306415,-0.9756765178735576,0.6204172372817993
18,1,21,0.3562636247837057,-0.9756765178735576,0.7433364987373352
18,1,22,0.28339151971431137,-0.9432889156204934,0.6106316447257996
18,1,23,0.05667830394286227,0.004048450281633019,0.995508313179016
18,1,24,-0.05667830394286227,-0.004048450281633019,0.995445966720581
18,1,25,0.032387602253064154,0.7813509043551727,0.6443947553634644
18,1,26,-0.11335660788572453,0.7813509043551727,0.7416592836380005
18,1,27,-0.07287210506939434,1.5586533584287123,0.7495617866516113
18,1,28,-0.13764730957552265,1.6234285629348406,0.8015837073326111
18,1,29,-0.12955040901225662,1.704397568567501,0.7125966548919678
18,1,30,-0.22671321577144907,1.7853665742001614,0.7393679022789001
18,1,31,0.1457442101387887,1.7286882702572992,0.8208534717559814
18,1,32,0.07287210506939434,1.7934634747634275,0.8517616987228394
18,2,0,-0.22549696708618888,-1.3775814716538084,0.9995272159576416
18,2,1,-0.1598978493883885,-1.434980699639384,0.9994835257530212
18,2,2,-0.14349806996393838,-1.4267808099271588,0.9994125366210938
18,2,3,-0.1270982905394883,-1.4267808099271588,0.9994578957557678
18,2,4,-0.16809773910061354,-1.443180589351609,0.9994332790374756
18,2,5,-0.1598978493883885,-1.451380479063834,0.9993568062782288
18,2,6,-0.15169795967616342,-1.451380479063834,0.9994161128997804
18,2,7,-0.09429873169058808,-1.3775814716538084,0.9990320205688475
18,2,8,-0.13529818025171333,-1.4021811407904836,0.999389350414276
18,2,9,-0.2090971876617388,-1.303782464243783,0.999260425567627
18,2,10,-0.22549696708618888,-1.311982353956008,0.9992899894714355
18,2,11,0.004099944856112525,-0.967586986042556,0.9993470907211304
18,2,12,-0.17629762881283859,-1.0249862140281314,0.9986547827720642
18,2,13,-0.13529818025171333,-0.4755936033090529,0.6242045760154724
18,2,14,-0.1598978493883885,-0.6067918387046537,0.5121726989746094
18,2,15,-0.38129487161846487,-0.8855880889203055,0.7851259112358093
18,2,16,-0.3648950921940147,-0.8773881992080804,0.5734976530075073
18,2,17,-0.4550938790284903,-0.967586986042556,0.7765722274780273
18,2,18,-0.41409443046736505,-0.9593870963303309,0.5821735858917236
18,2,19,-0.43049420989181514,-1.0003865448914562,0.7788311839103699
18,2,20,-0.40589454075514003,-0.9921866551792311,0.5802028179168701
18,2,21,-0.3894947613306899,-0.983986765467006,0.7562451958656311
18,2,22,-0.3730949819062398,-0.9593870963303309,0.5715278387069702
18,2,23,0.08609884197836302,0.00819988971222505,0.995595395565033
18,2,24,-0.08609884197836302,-0.00819988971222505,0.9956016540527344
18,2,25,0.09429873169058808,0.7871894123736048,0.6716905236244202
18,2,26,-0.06969906255391294,0.7379900741002545,0.7231917977333069
18,2,27,0.14349806996393838,1.5415792658983094,0.7664271593093872
18,2,28,0.05329928312946283,1.4021811407904836,0.7958418726921082
18,2,29,0.241896746510639,1.7137769498550355,0.7208341360092163
18,2,30,0.13529818025171333,1.5497791556105345,0.732027530670166
18,2,31,-0.11069851111503819,1.7219768395672606,0.831391453742981
18,2,32,-0.18449751852506363,1.6235781630205601,0.8504649996757507
19,1,0,0.08638391899712335,-1.3492345443360216,0.9995125532150269
19,1,1,0.09461095890161128,-1.4232779034764131,0.9994833469390868
19,1,2,0.10283799880609922,-1.4232779034764131,0.9994072318077089
19,1,3,0.11106503871058715,-1.4150508635719252,0.9994574785232544
19,1,4,0.06992983918814746,-1.431504943380901,0.9994291067123412
19,1,5,0.06170279928365953,-1.431504943380901,0.9993501901626588
19,1,6,0.053475759379171595,-1.431504943380901,0.9994178414344788
19,1,7,0.10283799880609922,-1.3821427039539735,0.9990190863609314
19,1,8,0.053475759379171595,-1.3985967837629494,0.9994087815284728
19,1,9,0.07815687909263541,-1.2834182251001183,0.9992340207099916
19,1,10,0.04524871947468365,-1.2916452650046062,0.9992730021476746
19,1,11,0.053475759379171595,-0.9707907087295766,0.9992365837097168
19,1,12,0.004113519952243969,-1.028379988060992,0.9987626075744628
19,1,13,0.12751911851956302,-0.4853953543647883,0.5785653591156006
19,1,14,0.14397319832853891,-0.5676657534096676,0.5598979592323303
19,1,15,0.3414221560362494,-0.8885203096846972,0.7554172873497009
19,1,16,0.33319511613176145,-0.8885203096846972,0.6135491728782654
19,1,17,0.4319195949856167,-0.9790177486340645,0.7496439814567566
19,1,18,0.4236925550811288,-0.9625636688250887,0.6192337870597839
19,1,19,0.399011435367665,-1.0201529481565041,0.751505434513092
19,1,20,0.37433031565420116,-1.0119259082520162,0.6171148419380188
19,1,21,0.32496807622727353,-0.9872447885385525,0.72966468334198
19,1,22,0.32496807622727353,-0.9872447885385525,0.60728919506073
19,1,23,0.03702167957019572,0.008227039904487938,0.9957435727119446
19,1,24,-0.03702167957019572,-0.008227039904487938,0.9956623911857604
19,1,25,0.08638391899712335,0.781568790926354,0.6448403000831604
19,1,26,-0.03702167957019572,0.79802287073533,0.7436203956604004
19,1,27,-0.053475759379171595,1.587818701566172,0.7489113211631775
19,1,28,-0.08638391899712335,1.6454079808975874,0.8042986989021301
19,1,29,-0.12751911851956302,1.7605865395604186,0.7103485465049744
19,1,30,-0.1851083978509786,1.8099487789873463,0.7374625205993652
19,1,31,0.13574615842405097,1.7852676592738823,0.8238840103149414
19,1,32,0.1192920786150751,1.8181758188918342,0.8542652726173401
19,2,0,-0.2678668504269932,-1.4021155452037926,0.9995510578155518
19,2,1,-0.21764181597193197,-1.4607114187346972,0.9995264410972596
19,2,2,-0.20927097689608845,-1.4523405796588538,0.999457061290741
19,2,3,-0.2009001378202449,-1.4523405796588538,0.9995035529136658
19,2,4,-0.23438349412361906,-1.469082257810541,0.9994765520095824
19,2,5,-0.23438349412361906,-1.469082257810541,0.9994047284126282
19,2,6,-0.2260126550477755,-1.4774530968863844,0.9994673728942872
19,2,7,-0.12556258613765306,-1.393744706127949,0.9991105198860168
19,2,8,-0.15067510336518367,-1.4188572233554797,0.9994516968727112
19,2,9,-0.2594960113511497,-1.3184071544453573,0.9992968440055848
19,2,10,-0.2762376895028367,-1.3351488325970442,0.999321699142456
19,2,11,-0.016741678151687076,-0.9668319132599286,0.9992746114730836
19,2,12,-0.1590459424410272,-1.0254277867908335,0.9987536072731018
19,2,13,-0.10045006891012245,-0.4562107296334728,0.6173357963562012
19,2,14,-0.1339334252134966,-0.5315482813160647,0.5092200636863708
19,2,15,-0.4185419537921769,-0.832898488046432,0.7696026563644409
19,2,16,-0.3348335630337415,-0.7826734535913707,0.5610647797584534
19,2,17,-0.5189920227022994,-0.9500902351082415,0.7580656409263611
19,2,18,-0.41017111471633333,-0.8747526834256497,0.5682190656661987
19,2,19,-0.4855086663989252,-0.9668319132599286,0.7594528198242188
19,2,20,-0.4269127928680204,-0.8998652006531803,0.5660972595214844
19,2,21,-0.452025310095551,-0.941719396032398,0.7360624670982361
19,2,22,-0.36831691933711563,-0.8747526834256497,0.5573385953903198
19,2,23,0.0669667126067483,0.004185419537921769,0.9956474900245668
19,2,24,-0.0669667126067483,-0.004185419537921769,0.9956446886062622
19,2,25,0.058595873530904764,0.8161568098947449,0.6713005900382996
19,2,26,-0.025112517227530613,0.7910442926672143,0.7186287641525269
19,2,27,0.12556258613765306,1.5779031657965068,0.7641915678977966
19,2,28,0.07533755168259183,1.4523405796588538,0.7908363342285156
19,2,29,0.23438349412361906,1.7620616254650647,0.7224728465080261
19,2,30,0.14230426428934015,1.594644843948194,0.7260757684707642
19,2,31,-0.18415845966855782,1.7453199473133776,0.8321897983551025
19,2,32,-0.20927097689608845,1.611386522099881,0.8473606705665588
20,1,0,0.08771574759064653,-1.3909211403659663,0.9995439052581788
20,1,1,0.07936186686772781,-1.4493983054263972,0.9995373487472534
20,1,2,0.07936186686772781,-1.4493983054263972,0.9994673728942872
20,1,3,0.07936186686772781,-1.4493983054263972,0.9995154738426208
20,1,4,0.06265410542189037,-1.4577521861493161,0.9994812607765198
20,1,5,0.04594634397605294,-1.4577521861493161,0.9994069337844848
20,1,6,0.03759246325313423,-1.4661060668722348,0.9994723200798036
20,1,7,0.09606962831356525,-1.3992750210888851,0.9991350769996644
20,1,8,0.04594634397605294,-1.4243366632576413,0.9994779825210572
20,1,9,0.08771574759064653,-1.315736213859698,0.9993131160736084
20,1,10,0.06265410542189037,-1.3240900945826166,0.9993349313735962
20,1,11,0.09606962831356525,-0.9732271042200304,0.9992499351501464
20,1,12,0.02088470180729679,-1.0233503885575428,0.9988600611686708
20,1,13,0.13783903192815883,-0.48034814156782624,0.5753942131996155
20,1,14,0.1796084355427524,-0.547179187351176,0.5576722025871277
20,1,15,0.34668605000112673,-0.8729805355450059,0.742979884147644
20,1,16,0.4218709765073952,-0.8896882969908433,0.603202760219574
20,1,17,0.45528649939907007,-0.9648732234971118,0.7345215678215027
20,1,18,0.5054097837365824,-0.9648732234971118,0.6079401969909668
20,1,19,0.4302248572303139,-0.9982887463887866,0.735822319984436
20,1,20,0.48034814156782624,-1.0066426271117053,0.6057677865028381
20,1,21,0.3801015728928016,-0.9732271042200304,0.7135806083679199
20,1,22,0.44693261867615136,-0.989934865665868,0.5961085557937622
20,1,23,0.08771574759064653,0.004176940361459359,0.9957731366157532
20,1,24,-0.08771574759064653,-0.004176940361459359,0.9956717491149902
20,1,25,0.03759246325313423,0.8312111319304123,0.6490919589996338
20,1,26,-0.15454679337399627,0.8562727740991685,0.7406107783317566
20,1,27,-0.07100798614480909,1.633183681330609,0.7511526346206665
20,1,28,-0.13783903192815883,1.6833069656681214,0.8036494255065918
20,1,29,-0.12113127048232139,1.7751996536202272,0.7161325216293335
20,1,30,-0.20467007771150855,1.816969057234821,0.7382042407989502
20,1,31,0.08771574759064653,1.8002612957889834,0.8278588652610779
20,1,32,0.04594634397605294,1.8587384608494144,0.8554266095161438
20,2,0,-0.2947049954306659,-1.4308141082503347,0.999552309513092
20,2,1,-0.2605363003082699,-1.4820671509339287,0.9995516538619996
20,2,2,-0.24345195274707185,-1.4820671509339287,0.9994841814041138
20,2,3,-0.23490977896647286,-1.4735249771533296,0.9995314478874208
20,2,4,-0.2690784740888689,-1.4906093247145278,0.999496340751648
20,2,5,-0.2690784740888689,-1.4906093247145278,0.9994297623634338
20,2,6,-0.2605363003082699,-1.4991514984951266,0.999496042728424
20,2,7,-0.15803021494108174,-1.4137297606891366,0.9991938471794128
20,2,8,-0.18365673628287876,-1.4393562820309336,0.9994792938232422
20,2,9,-0.2776206478694679,-1.3453923704443445,0.9993494153022766
20,2,10,-0.2947049954306659,-1.3539345442249435,0.999343991279602
20,2,11,-0.03843978201269556,-0.969536724097988,0.9992671608924866
20,2,12,-0.15803021494108174,-1.020789766781582,0.9988003373146056
20,2,13,-0.08969282469628963,-0.4313797759202501,0.614253044128418
20,2,14,-0.15803021494108174,-0.5253436875068392,0.5082710981369019
20,2,15,-0.4655484710426462,-0.6705606417770225,0.75736004114151
20,2,16,-0.4313797759202501,-0.6620184679964235,0.555575430393219
20,2,17,-0.5936810777516314,-0.7303558582412156,0.7430959939956665
20,2,18,-0.5680545564098344,-0.7132715106800176,0.563060998916626
20,2,19,-0.5595123826292353,-0.7816089009248096,0.7439877986907959
20,2,20,-0.5595123826292353,-0.7388980320218146,0.5615580677986145
20,2,21,-0.5168015137262403,-0.7730667271442107,0.7200139164924622
20,2,22,-0.5168015137262403,-0.7303558582412156,0.5531544089317322
20,2,23,0.07260847713509161,0.004271086890299506,0.9952600002288818
20,2,24,-0.07260847713509161,-0.004271086890299506,0.9951395988464355
20,2,25,0.012813260670898519,0.8414041173890028,0.6750136613845825
20,2,26,-0.04698195579329457,0.7901510747054087,0.7106857895851135
20,2,27,0.09823499847688864,1.610199757642914,0.7685657143592834
20,2,28,0.07260847713509161,1.4393562820309336,0.7900139689445496
20,2,29,0.2092832576246758,1.7810432332548942,0.7315937280654907
20,2,30,0.14948804116048273,1.5504045411787208,0.7291440963745117
20,2,31,-0.24345195274707185,1.738332364351899,0.8375836610794067
20,2,32,-0.22636760518587384,1.5504045411787208,0.8498477339744568
21,1,0,0.10160374337665051,-1.3970514714289446,0.9995195269584656
21,1,1,0.09313676476192964,-1.4563203217319907,0.9995378255844116
21,1,2,0.10160374337665051,-1.4478533431172698,0.9994604587554932
21,1,3,0.1100707219913714,-1.4478533431172698,0.9995125532150269
21,1,4,0.07620280753248788,-1.4647873003467116,0.9994702339172364
21,1,5,0.06773582891776701,-1.4647873003467116,0.9993913173675536
21,1,6,0.06773582891776701,-1.4732542789614325,0.999462068080902
21,1,7,0.18627352952385928,-1.4055184500436655,0.999138355255127
21,1,8,0.1439386364502549,-1.4309193858878282,0.9994742274284364
21,1,9,0.09313676476192964,-1.3293156425111776,0.9992982745170592
21,1,10,0.06773582891776701,-1.3377826211258985,0.9992769956588744
21,1,11,0.07620280753248788,-0.9737025406929007,0.99923837184906
21,1,12,0.008466978614720877,-1.0245044123812261,0.9988834261894226
21,1,13,0.20320748675330103,-0.44874986658020644,0.5728880763053894
21,1,14,0.1778065509091384,-0.5418866313421361,0.5561546683311462
21,1,15,0.3894810162771603,-0.821296925627925,0.7334198355674744
21,1,16,0.40641497350660205,-0.8382308828573668,0.5966085195541382
21,1,17,0.4995517382685317,-0.9059667117751338,0.7204325795173645
21,1,18,0.48261778103909,-0.8974997331604129,0.6004266738891602
21,1,19,0.4741508024243691,-0.9483016048487382,0.7213872075080872
21,1,20,0.4656838238096482,-0.9483016048487382,0.5987590551376343
21,1,21,0.4318159093507647,-0.9313676476192964,0.6978619694709778
21,1,22,0.4318159093507647,-0.9313676476192964,0.5883961319923401
21,1,23,0.059268850303046135,0.008466978614720877,0.995360255241394
21,1,24,-0.059268850303046135,-0.008466978614720877,0.9949223399162292
21,1,25,-0.042334893073604385,0.8636318187015294,0.6381503343582153
21,1,26,-0.07620280753248788,0.8636318187015294,0.7294394969940186
21,1,27,-0.10160374337665051,1.710329680173617,0.7485290765762329
21,1,28,-0.10160374337665051,1.7187966587883379,0.7985475063323975
21,1,29,-0.15240561506497577,1.8542683166238718,0.7211132049560547
21,1,30,-0.1778065509091384,1.8288673807797093,0.7392181754112244
21,1,31,0.10160374337665051,1.8627352952385927,0.8256722688674927
21,1,32,0.11853770060609227,1.8881362310827554,0.8539584875106812
21,2,0,-0.301701835260958,-1.436270708707096,0.9994821548461914
21,2,1,-0.2592086190270203,-1.4872625681878213,0.9995113611221312
21,2,2,-0.25070997578023274,-1.4787639249410338,0.9994336366653442
21,2,3,-0.24221133253344518,-1.470265281694246,0.9994916915893556
21,2,4,-0.2762059055205954,-1.4957612114346088,0.9994406700134276
21,2,5,-0.2677072622738078,-1.4957612114346088,0.9993711113929749
21,2,6,-0.2677072622738078,-1.4957612114346088,0.9994534254074096
21,2,7,-0.1572249000655697,-1.4107747789667333,0.999156653881073
21,2,8,-0.1742221865591448,-1.4447693519538836,0.999415397644043
21,2,9,-0.2932031920141705,-1.3512842762392205,0.99928617477417
21,2,10,-0.2932031920141705,-1.359782919486008,0.999210774898529
21,2,11,-0.055241181104119075,-0.9688453301337807,0.99921452999115
21,2,12,-0.1572249000655697,-1.019837189614506,0.9985941648483276
21,2,13,-0.07223846759769417,-0.43343080558616504,0.611443042755127
21,2,14,-0.1402276135719946,-0.5014199515604655,0.5043689608573914
21,2,15,-0.4461787704563464,-0.6543955300026414,0.7461682558059692
21,2,16,-0.3866882677288335,-0.6458968867558538,0.5435566902160645
21,2,17,-0.5736584191581596,-0.7138860327301542,0.7266245484352112
21,2,18,-0.5226665596774344,-0.7223846759769418,0.5490487813949585
21,2,19,-0.5396638461710095,-0.7648778922108795,0.7269254922866821
21,2,20,-0.5226665596774344,-0.7478806057173044,0.5478798151016235
21,2,21,-0.4886719866902841,-0.7563792489640919,0.7011532187461853
21,2,22,-0.4886719866902841,-0.7393819624705169,0.5388787984848022
21,2,23,0.046742537857331526,0.00849864324678755,0.9942688941955566
21,2,24,-0.046742537857331526,-0.00849864324678755,0.9935517311096193
21,2,25,-0.012747964870181325,0.8328670381851799,0.6613850593566895
21,2,26,-0.012747964870181325,0.773376535457667,0.6910574436187744
21,2,27,0.08073711084448172,1.5977449303960594,0.7631771564483643
21,2,28,0.08923575409126927,1.4277720654603083,0.7740534543991089
21,2,29,0.18272082980593232,1.7677177953318104,0.7349337935447693
21,2,30,0.14872625681878213,1.5807476439024843,0.7222715020179749
21,2,31,-0.24221133253344518,1.7252245790978726,0.8321061730384827
21,2,32,-0.16572354331235722,1.546753070915334,0.8388080596923828
22,1,0,0.126942615094369,-1.3963687660380588,0.999195635318756
22,1,1,0.10237307668900725,-1.4536976889839028,0.9992679953575134
22,1,2,0.10237307668900725,-1.4536976889839028,0.999136745929718
22,1,3,0.10237307668900725,-1.4536976889839028,0.999278485774994
22,1,4,0.08599338441876608,-1.4618875351190235,0.999178111553192
22,1,5,0.0778035382836455,-1.4618875351190235,0.9990488886833192
22,1,6,0.06961369214852492,-1.4618875351190235,0.9991992712020874
22,1,7,0.14332230736461013,-1.4045586121731795,0.9987049102783204
22,1,8,0.1187527689592484,-1.4209383044434205,0.9991773962974548
22,1,9,0.11056292282412783,-1.314470304686853,0.9989373087882996
22,1,10,0.09418323055388667,-1.3308499969570942,0.9988713264465332
22,1,11,0.0778035382836455,-0.9786866131469092,0.999087929725647
22,1,12,0.00409492306756029,-1.0196358438225122,0.99867045879364
22,1,13,0.24979030712117767,-0.4709161527694333,0.5598509907722473
22,1,14,0.17608169190509246,-0.536434921850398,0.5524930953979492
22,1,15,0.42177707595870984,-0.7002318445528095,0.703818142414093
22,1,16,0.4463466143640716,-0.7002318445528095,0.5857700109481812
22,1,17,0.5528146141206391,-0.7657506136337742,0.6915832757949829
22,1,18,0.5446247679855185,-0.7821303059040153,0.5886886715888977
22,1,19,0.5610044602557597,-0.806699844309377,0.6922620534896851
22,1,20,0.5282450757152773,-0.7985099981742565,0.5872853994369507
22,1,21,0.4954856911747951,-0.806699844309377,0.6677249073982239
22,1,22,0.4709161527694333,-0.7985099981742565,0.5760995745658875
22,1,23,0.028664461472922027,-0.00409492306756029,0.994147002696991
22,1,24,-0.028664461472922027,0.00409492306756029,0.99299955368042
22,1,25,-0.05323399987828377,0.790320152039136,0.6266390681266785
22,1,26,0.09418323055388667,0.8148896904444977,0.7145516872406006
22,1,27,-0.1187527689592484,1.5192164580648675,0.7356919646263123
22,1,28,-0.10237307668900725,1.6011149194160732,0.7839353680610657
22,1,29,-0.2006512303104542,1.7157727653077615,0.719184160232544
22,1,30,-0.18427153804021304,1.7485321498482438,0.7319483160972595
22,1,31,0.08599338441876608,1.6912032269023995,0.8115999698638916
22,1,32,0.14332230736461013,1.7567219959833642,0.8420765995979309
22,2,0,-0.2865533335181492,-1.4122985723394497,0.999104917049408
22,2,1,-0.2210554287140008,-1.4696092390430795,0.99912691116333
22,2,2,-0.2046809525129637,-1.461422000942561,0.9990058541297911
22,2,3,-0.21286819061348225,-1.461422000942561,0.9991521835327148
22,2,4,-0.22924266681451935,-1.477796477143598,0.9990519881248474
22,2,5,-0.2374299049150379,-1.477796477143598,0.998956024646759
22,2,6,-0.24561714301555646,-1.477796477143598,0.999106466770172
22,2,7,-0.14737028580933387,-1.404111334238931,0.9986494779586792
22,2,8,-0.17193200011088952,-1.4204858104399682,0.998978555202484
22,2,9,-0.2701788573171121,-1.330426191334264,0.9989194273948668
22,2,10,-0.27836609541763063,-1.3386134294347827,0.9987434148788452
22,2,11,-0.04093619050259274,-0.970187714911448,0.9991488456726074
22,2,12,-0.16374476201037097,-1.0193111435145592,0.9986679553985596
22,2,13,-0.03274895240207419,-0.4543917145787794,0.6017196774482727
22,2,14,-0.11462133340725968,-0.5198896193829279,0.5039043426513672
22,2,15,-0.4666725717295573,-0.4871406669808536,0.727289080619812
22,2,16,-0.35205123832229757,-0.3643320954730754,0.5389317274093628
22,2,17,-0.597668381337854,-0.4707661907798165,0.7114890217781067
22,2,18,-0.4666725717295573,-0.34795761927203833,0.54338538646698
22,2,19,-0.6058556194383726,-0.5035151431818907,0.7117910385131836
22,2,20,-0.48304704793059433,-0.3807065716741125,0.5424604415893555
22,2,21,-0.5567321908352613,-0.5198896193829279,0.6849680542945862
22,2,22,-0.4584853336290387,-0.38889380977463106,0.5327417254447937
22,2,23,0.06549790480414838,-0.004093619050259274,0.9941614866256714
22,2,24,-0.06549790480414838,0.004093619050259274,0.9928014874458312
22,2,25,0.08187238100518549,0.7736940004990028,0.654798150062561
22,2,26,-0.049123428603111294,0.73275780999641,0.6811761856079102
22,2,27,0.10643409530674112,1.4532347628420423,0.7540037631988525
22,2,28,0.03274895240207419,1.330426191334264,0.7670720815658569
22,2,29,0.21286819061348225,1.6251667629529318,0.7309373021125793
22,2,30,0.09824685720622259,1.4696092390430795,0.7216848731040955
22,2,31,-0.17193200011088952,1.5924178105508577,0.8220301866531372
22,2,32,-0.18011923821140807,1.5023581914451536,0.8369119167327881
23,1,0,0.08955454707433069,-1.379954157190823,0.9987890720367432
23,1,1,0.0814132246130279,-1.4450847368812452,0.998790681362152
23,1,2,0.0814132246130279,-1.4369434144199424,0.998665690422058
23,1,3,0.0732719021517251,-1.4369434144199424,0.9988368153572084
23,1,4,0.05698925722911953,-1.4450847368812452,0.9986483454704284
23,1,5,0.04070661230651395,-1.4450847368812452,0.9985141158103944
23,1,6,0.024423967383908368,-1.453226059342548,0.9986705780029296
23,1,7,0.0814132246130279,-1.4043781245747313,0.997922658920288
23,1,8,0.08955454707433069,-1.4043781245747313,0.9985005259513856
23,1,9,0.0732719021517251,-1.298540932577795,0.997898817062378
23,1,10,0.048847934767816736,-1.3066822550390977,0.9976433515548706
23,1,11,0.05698925722911953,-0.9810293565869862,0.9989002346992492
23,1,12,0.08955454707433069,-1.0135946464321974,0.9986959099769592
23,1,13,0.05698925722911953,-0.4518433966023048,0.5494393706321716
23,1,14,0.12211983691954184,-0.52511529875403,0.5518522262573242
23,1,15,0.03256528984521116,-0.06920124092107371,0.6642435789108276
23,1,16,0.4803380252168646,-0.5739632335218466,0.5777442455291748
23,1,17,-0.04070661230651395,0.044777273537165346,0.6520128846168518
23,1,18,0.6187405070590121,-0.598387200905755,0.578743040561676
23,1,19,-0.01628264492260558,0.012211983691954184,0.6523606181144714
23,1,20,0.6268818295203148,-0.6472351356735718,0.5778321027755737
23,1,21,-0.04070661230651395,-0.012211983691954184,0.6284888982772827
23,1,22,0.5861752172138008,-0.6472351356735718,0.5647245049476624
23,1,23,0.024423967383908368,-0.012211983691954184,0.994005560874939
23,1,24,-0.024423967383908368,0.012211983691954184,0.9926012754440308
23,1,25,0.0,0.7856376175157193,0.6223810911178589
23,1,26,0.17096777168735858,0.7856376175157193,0.7027409672737122
23,1,27,-0.08955454707433069,1.4450847368812452,0.7315610647201538
23,1,28,-0.0814132246130279,1.5346392839555758,0.7786417007446289
23,1,29,-0.1628264492260558,1.5997698636459983,0.715837299823761
23,1,30,-0.17096777168735858,1.689324410720329,0.7287647724151611
23,1,31,0.0814132246130279,1.607911186107301,0.8042603731155396
23,1,32,0.08955454707433069,1.6404764759525121,0.8411824107170105
23,2,0,-0.32083555578101364,-1.4108537901652265,0.9987775087356568
23,2,1,-0.24679658137001048,-1.4684396591515623,0.998742699623108
23,2,2,-0.2303434759453431,-1.4602131064392285,0.9986478686332704
23,2,3,-0.2221169232330094,-1.4602131064392285,0.998818039894104
23,2,4,-0.25502313408234417,-1.476666211863896,0.9986125826835632
23,2,5,-0.25502313408234417,-1.476666211863896,0.998513162136078
23,2,6,-0.25502313408234417,-1.476666211863896,0.9986546635627748
23,2,7,-0.18098415967134102,-1.4108537901652265,0.9980080127716064
23,2,8,-0.19743726509600837,-1.4190803428775602,0.9984201788902284
23,2,9,-0.31260900306867995,-1.3285882630418897,0.9980356097221376
23,2,10,-0.32083555578101364,-1.3368148157542235,0.9977260828018188
23,2,11,-0.08226552712333682,-0.9748464964115413,0.9990044236183168
23,2,12,-0.18098415967134102,-1.007752707260876,0.9987319707870485
23,2,13,-0.07403897441100314,-0.4318940173975183,0.5936240553855896
23,2,14,-0.14807794882200628,-0.4977064390961878,0.5033025741577148
23,2,15,-0.4689135046030199,-0.2673629631508447,0.6954994797706604
23,2,16,-0.31260900306867995,-0.19332398873984152,0.530148983001709
23,2,17,-0.6005383480003588,-0.17687088331517417,0.6821845769882202
23,2,18,-0.39487453019201674,-0.10283190890417103,0.5327088832855225
23,2,19,-0.6334445588496935,-0.2180036468768426,0.6823076605796814
23,2,20,-0.4031010829043504,-0.1110584616165047,0.5321630239486694
23,2,21,-0.5923117952880251,-0.24268330501384364,0.6575532555580139
23,2,22,-0.3701948720550157,-0.12751156704117209,0.520415723323822
23,2,23,0.04113276356166841,-0.004113276356166842,0.9943796396255492
23,2,24,-0.04113276356166841,0.004113276356166842,0.9927483797073364
23,2,25,0.04935931627400209,0.7609561258908656,0.6477237939834595
23,2,26,-0.09871863254800418,0.6951437041921962,0.6587105989456177
23,2,27,0.07403897441100314,1.4026272374528928,0.7483956813812256
23,2,28,-0.008226552712333683,1.3039086049048887,0.7476384043693542
23,2,29,0.20566381780834206,1.550705186274899,0.7236659526824951
23,2,30,0.057585868986335775,1.427306895589894,0.708232045173645
23,2,31,-0.19743726509600837,1.5342520808502318,0.8136439919471741
23,2,32,-0.20566381780834206,1.4602131064392285,0.8273999094963074
24,1,0,0.049110674026373126,-1.4201169905959563,0.99855375289917
24,1,1,0.04092556168864427,-1.4692276646223292,0.9983930587768556
24,1,2,0.049110674026373126,-1.4692276646223292,0.998223841190338
24,1,3,0.049110674026373126,-1.4610425522846004,0.9984275102615356
24,1,4,0.024555337013186563,-1.4774127769600582,0.9983665943145752
24,1,5,0.008185112337728855,-1.4774127769600582,0.9982343912124634
24,1,6,0.0,-1.4774127769600582,0.9984194040298462
24,1,7,0.01637022467545771,-1.4119318782582273,0.9971121549606324
24,1,8,-0.024555337013186563,-1.428302102933685,0.9981618523597716
24,1,9,0.04092556168864427,-1.3300807548809388,0.9973182082176208
24,1,10,0.008185112337728855,-1.3300807548809388,0.997260570526123
24,1,11,0.11459157272820396,-0.9863060366963269,0.9984574913978576
24,1,12,-0.008185112337728855,-1.0108613737095136,0.9987822771072388
24,1,13,0.08185112337728855,-0.44608862240622255,0.539219081401825
24,1,14,-0.04092556168864427,-0.47882907175713796,0.5507742166519165
24,1,15,-0.13096179740366168,-0.14323946591025494,0.630986213684082
24,1,16,0.392885392210985,-0.27420126331391664,0.5578992962837219
24,1,17,-0.0900362357150174,-0.0450181178575087,0.6202073693275452
24,1,18,0.45836629091281583,-0.27420126331391664,0.5542003512382507
24,1,19,-0.0900362357150174,-0.09412879188388182,0.620398759841919
24,1,20,0.5238471896146467,-0.30694171266483206,0.5530697703361511
24,1,21,-0.11459157272820396,-0.12686924123479723,0.597973644733429
24,1,22,0.45836629091281583,-0.32331193734028973,0.5355830788612366
24,1,23,-0.008185112337728855,-0.012277668506593281,0.994010865688324
24,1,24,0.008185112337728855,0.012277668506593281,0.9926247596740724
24,1,25,-0.05729578636410198,0.7653080035776478,0.6079636812210083
24,1,26,-0.01637022467545771,0.7243824418890036,0.6818884015083313
24,1,27,-0.05729578636410198,1.4528574399468717,0.7202556729316711
24,1,28,-0.06548089870183084,1.4201169905959563,0.7593585848808289
24,1,29,-0.1800724714300348,1.6083745743637199,0.7020384073257446
24,1,30,-0.1964426961054925,1.542893675661889,0.7147870659828186
24,1,31,0.049110674026373126,1.600189462025991,0.7891002297401428
24,1,32,0.03274044935091542,1.5838192373505333,0.8302528262138367
24,2,0,-0.3194970187437004,-1.4530549345603907,0.9986705183982848
24,2,1,-0.2494702749094647,-1.5055749924360675,0.9985175728797911
24,2,2,-0.23196358895090574,-1.496821649456788,0.9983699917793274
24,2,3,-0.21445690299234682,-1.496821649456788,0.9985602498054504
24,2,4,-0.25822361788874415,-1.514328335415347,0.9984815716743468
24,2,5,-0.2494702749094647,-1.514328335415347,0.9983636736869812
24,2,6,-0.2407169319301852,-1.514328335415347,0.9985357522964478
24,2,7,-0.12692347319955222,-1.4355482486018318,0.9973795413970948
24,2,8,-0.17944353107522898,-1.4618082775396701,0.9982954859733582
24,2,9,-0.3107436757644209,-1.3567681617883167,0.9975715279579164
24,2,10,-0.32825036172297983,-1.3655215047675962,0.9974982142448424
24,2,11,-0.048143386386037046,-0.9803744136792998,0.998610258102417
24,2,12,-0.17944353107522898,-1.006634442617138,0.9988386034965516
24,2,13,0.004376671489639731,-0.4026537770468553,0.584980309009552
24,2,14,-0.17944353107522898,-0.43766714896397313,0.5130758285522461
24,2,15,-0.32825036172297983,-0.026260028937838388,0.6673492789268494
24,2,16,-0.3632637336400977,-0.13130014468919193,0.5253359079360962
24,2,17,-0.3982771055572155,0.09628677277207409,0.6569885015487671
24,2,18,-0.45079716343289233,-0.03501337191711785,0.5214316844940186
24,2,19,-0.45079716343289233,0.04376671489639731,0.6571007370948792
24,2,20,-0.45079716343289233,-0.04376671489639731,0.5208221077919006
24,2,21,-0.4245371344950539,0.008753342979279462,0.6360005140304565
24,2,22,-0.4245371344950539,-0.0700267438342357,0.505412220954895
24,2,23,0.030636700427478118,0.008753342979279462,0.9944889545440674
24,2,24,-0.030636700427478118,-0.008753342979279462,0.9929398894309998
24,2,25,-0.030636700427478118,0.796554211114431,0.6214998364448547
24,2,26,-0.08315675830315489,0.7002674383423569,0.6311374306678772
24,2,27,0.056896729365316506,1.4618082775396701,0.7231273651123047
24,2,28,0.030636700427478118,1.30424810391264,0.705489993095398
24,2,29,0.14443015915811114,1.5668483932910238,0.7096405029296875
24,2,30,0.10066344426171382,1.4005348766847139,0.6805583238601685
24,2,31,-0.1969502170337879,1.5668483932910238,0.7855772376060486
24,2,32,-0.17944353107522898,1.4267949056225524,0.7890442609786987
25,1,0,0.17681272054912806,-1.427131244432248,0.9980852007865906
25,1,1,0.1431341071111989,-1.4860688179486239,0.9977399706840516
25,1,2,0.13471445375171662,-1.4776491645891416,0.9975706934928894
25,1,3,0.13471445375171662,-1.4776491645891416,0.9979745745658876
25,1,4,0.13471445375171662,-1.4944884713081061,0.9978176951408386
25,1,5,0.1262948003922343,-1.4944884713081061,0.9976484775543212
25,1,6,0.11787514703275204,-1.4944884713081061,0.99791419506073
25,1,7,0.10103584031378746,-1.427131244432248,0.9962740540504456
25,1,8,0.06735722687585831,-1.4439705511512124,0.9976168274879456
25,1,9,0.16839306718964578,-1.342934710837425,0.9969159960746764
25,1,10,0.15997341383016347,-1.3513543641969072,0.9970497488975524
25,1,11,0.13471445375171662,-0.9808896163796866,0.998354196548462
25,1,12,0.0,-1.0145682298176157,0.9988859295845032
25,1,13,0.17681272054912806,-0.44203180137282017,0.5333202481269836
25,1,14,-0.016839306718964577,-0.4504514547323024,0.5560783743858337
25,1,15,0.437821974693079,-0.10524566699352861,0.6103856563568115
25,1,16,0.17681272054912806,0.004209826679741144,0.5528727769851685
25,1,17,0.5641167750853133,0.004209826679741144,0.6025870442390442
25,1,18,0.21049133398705722,0.13050462707197547,0.5442261695861816
25,1,19,0.5977953885232424,0.004209826679741144,0.6028720140457153
25,1,20,0.2189109873465395,0.10524566699352861,0.5418369174003601
25,1,21,0.5556971217258311,-0.021049133398705722,0.5841932892799377
25,1,22,0.2020716806275749,0.06314740019611716,0.5203149318695068
25,1,23,-0.033678613437929154,0.012629480039223432,0.9945308566093444
25,1,24,0.033678613437929154,-0.012629480039223432,0.9929832816123962
25,1,25,0.042098266797411445,0.7619786290331471,0.5848125219345093
25,1,26,0.042098266797411445,0.6609427887193596,0.659045398235321
25,1,27,0.05893757351637602,1.4692295112296594,0.6963275671005249
25,1,28,0.2189109873465395,1.4608098578701771,0.7212877869606018
25,1,29,-0.033678613437929154,1.6123636183408583,0.6932259202003479
25,1,30,0.08419653359482289,1.5955243116218936,0.6899965405464172
25,1,31,0.08419653359482289,1.6123636183408583,0.7611504793167114
25,1,32,0.0757768802353406,1.5955243116218936,0.7933070659637451
25,2,0,-0.33039326989009143,-1.458135631114937,0.9980874061584472
25,2,1,-0.2599093723135386,-1.5109985542973514,0.9977757334709167
25,2,2,-0.24228839791940038,-1.5109985542973514,0.9976457357406616
25,2,3,-0.2334779107223313,-1.5021880671002825,0.9980571269989014
25,2,4,-0.2775303467076768,-1.5198090414944205,0.9977821111679076
25,2,5,-0.26871985951060773,-1.5198090414944205,0.9976195096969604
25,2,6,-0.26871985951060773,-1.5198090414944205,0.9979150295257568
25,2,7,-0.13656255155457112,-1.4493251439178678,0.9965330958366394
25,2,8,-0.17180450034284755,-1.4757566055090752,0.9976183772087096
25,2,9,-0.295151321101815,-1.3612202719471767,0.9971163272857666
25,2,10,-0.3215827826930223,-1.3700307591442458,0.9971413612365724
25,2,11,0.06607865397801829,-0.9823693224732052,0.9985100626945496
25,2,12,-0.0748891411750874,-1.0176112712614815,0.998820424079895
25,2,13,0.0748891411750874,-0.4184981418607825,0.5787603855133057
25,2,14,-0.1013206027662947,-0.4361191162549207,0.510936975479126
25,2,15,-0.18061498753991664,0.0925101155692256,0.6463158130645752
25,2,16,-0.2775303467076768,-0.03964719238681097,0.5111997723579407
25,2,17,-0.22466742352526217,0.24228839791940038,0.6368677616119385
25,2,18,-0.37444570587543696,0.030836705189741867,0.5034470558166504
25,2,19,-0.2863408339047459,0.22466742352526217,0.6368103623390198
25,2,20,-0.3920666802695752,0.03964719238681097,0.5016090273857117
25,2,21,-0.26871985951060773,0.16299401314577844,0.6171429753303528
25,2,22,-0.36563521867836785,0.022026217992672764,0.4830136299133301
25,2,23,0.004405243598534552,0.013215730795603658,0.9947340488433838
25,2,24,-0.004405243598534552,-0.013215730795603658,0.9927375316619872
25,2,25,-0.04845767958388008,0.7621071425464776,0.583078920841217
25,2,26,-0.030836705189741867,0.6651917833787174,0.6011162400245667
25,2,27,0.06607865397801829,1.4228936823266605,0.6847179532051086
25,2,28,0.1101310899633638,1.2731153999764857,0.658094048500061
25,2,29,0.16299401314577844,1.5109985542973514,0.6914573907852173
25,2,30,0.18061498753991664,1.3700307591442458,0.6422277092933655
25,2,31,-0.20704644913112397,1.4845670927061443,0.7411622405052185
25,2,32,-0.17180450034284755,1.3700307591442458,0.7332964539527893
26,1,0,0.06967726528197188,-1.4414484255207933,0.9971311092376708
26,1,1,0.026128974480739454,-1.5024160326425187,0.9962875843048096
26,1,2,0.026128974480739454,-1.5024160326425187,0.9961174726486206
26,1,3,0.026128974480739454,-1.5024160326425187,0.996799647808075
26,1,4,0.026128974480739454,-1.5111256908027653,0.9966163635253906
26,1,5,0.026128974480739454,-1.5111256908027653,0.9963856339454652
26,1,6,0.026128974480739454,-1.5111256908027653,0.9967966675758362
26,1,7,0.026128974480739454,-1.4501580836810397,0.9940977692604064
26,1,8,0.026128974480739454,-1.4675774000015327,0.9960893988609314
26,1,9,0.06967726528197188,-1.3543518439183284,0.9958117008209229
26,1,10,0.060967607121725394,-1.363061502078575,0.9961850047111512
26,1,11,0.12193521424345079,-0.9798365430277296,0.9977421164512634
26,1,12,0.026128974480739454,-1.0146751756687156,0.9988314509391784
26,1,13,0.1741931632049297,-0.4224184207719545,0.5286197066307068
26,1,14,0.0,-0.4398377370924475,0.5557263493537903
26,1,15,0.38322495905084536,-0.07403209436209512,0.5912975668907166
26,1,16,0.287418719288134,0.021774145400616212,0.5391235947608948
26,1,17,0.5225794896147891,0.039193461721109185,0.5842378735542297
26,1,18,0.26128974480739453,0.11758038516332756,0.5256975889205933
26,1,19,0.574837438576268,0.039193461721109185,0.5843657851219177
26,1,20,0.32225735192912,0.10887072700308106,0.5220708847045898
26,1,21,0.5138698314545426,-0.013064487240369727,0.566557765007019
26,1,22,0.3396766682496129,0.056612778041602155,0.4986622035503387
26,1,23,-0.03483863264098594,0.004354829080123242,0.994417130947113
26,1,24,0.03483863264098594,-0.004354829080123242,0.9927120208740234
26,1,25,-0.09580623976271134,0.8143530379830464,0.5502021908760071
26,1,26,0.043548290801232424,0.7620950890215674,0.629401445388794
26,1,27,0.043548290801232424,1.5198353489630116,0.6608651280403137
26,1,28,0.19161247952542268,1.5111256908027653,0.6761482357978821
26,1,29,0.008709658160246485,1.6591898795269555,0.6734437942504883
26,1,30,0.08709658160246485,1.6417705632064625,0.6534767150878906
26,1,31,-0.06967726528197188,1.650480221366709,0.7201637029647827
26,1,32,-0.03483863264098594,1.6591898795269555,0.7399672269821167
26,2,0,-0.3506922623356516,-1.4649170451995575,0.9973427057266236
26,2,1,-0.2885442664787007,-1.5270650410565083,0.9965850114822388
26,2,2,-0.27078769623385757,-1.5270650410565083,0.9964421987533568
26,2,3,-0.261909411111436,-1.5181867559340867,0.997075855731964
26,2,4,-0.29742255160112224,-1.53594332617893,0.9968419075012208
26,2,5,-0.2885442664787007,-1.53594332617893,0.9966280460357666
26,2,6,-0.2885442664787007,-1.53594332617893,0.99702388048172
26,2,7,-0.16424827476479886,-1.4649170451995575,0.9946492910385132
26,2,8,-0.19088313013206354,-1.4826736154444005,0.9963745474815368
26,2,9,-0.31517912184596536,-1.3761341939753418,0.9961960911750792
26,2,10,-0.34181397721323004,-1.3850124790977634,0.9964900016784668
26,2,11,0.01331742768363234,-0.9854896485887932,0.9979650378227234
26,2,12,-0.1109785640302695,-1.0121245039560578,0.9988113045692444
26,2,13,0.04883056817331858,-0.3995228305089702,0.5750588178634644
26,2,14,-0.09322199378542638,-0.42615768587623487,0.5130813121795654
26,2,15,-0.18200484500964198,0.10653942146905872,0.6309317946434021
26,2,16,-0.29742255160112224,-0.03551314048968624,0.5048667192459106
26,2,17,-0.21751798549932821,0.2752268387950684,0.6234146952629089
26,2,18,-0.3684488325804947,0.07102628097937248,0.4921656250953674
26,2,19,-0.2885442664787007,0.25747026855022526,0.6233741641044617
26,2,20,-0.3684488325804947,0.10653942146905872,0.4891842901706695
26,2,21,-0.2796659813562791,0.19532227269327432,0.6057364344596863
26,2,22,-0.37732711770291627,0.0443914256121078,0.4689179062843323
26,2,23,0.01331742768363234,0.00887828512242156,0.9947925806045532
26,2,24,-0.01331742768363234,-0.00887828512242156,0.992768168449402
26,2,25,-0.09322199378542638,0.7724108056506757,0.5638169646263123
26,2,26,-0.04883056817331858,0.6747496693040386,0.5790538787841797
26,2,27,0.0665871384181617,1.4205256195874496,0.6648489832878113
26,2,28,0.10210027890784794,1.269594772506283,0.621575653553009
26,2,29,0.19088313013206354,1.53594332617893,0.6793490052223206
26,2,30,0.17312655988722042,1.3672559088529201,0.6147394180297852
26,2,31,-0.18200484500964198,1.53594332617893,0.7168389558792114
26,2,32,-0.1109785640302695,1.393890764220185,0.6939901113510132
27,1,0,0.1505209303394823,-1.4174054273634582,0.9965627789497375
27,1,1,0.10870956080073721,-1.4843036186254503,0.9960584044456482
27,1,2,0.10034728689298819,-1.4843036186254503,0.9958014488220216
27,1,3,0.09198501298523917,-1.4843036186254503,0.996517777442932
27,1,4,0.10870956080073721,-1.4843036186254503,0.996215283870697
27,1,5,0.10034728689298819,-1.4843036186254503,0.9959489703178406
27,1,6,0.09198501298523917,-1.4843036186254503,0.9965460896492004
27,1,7,0.050173643446494096,-1.4341299751789562,0.993598222732544
27,1,8,0.033449095630996066,-1.4341299751789562,0.9962578415870668
27,1,9,0.13379638252398426,-1.333782688285968,0.9954923987388612
27,1,10,0.12543410861623525,-1.333782688285968,0.9962174296379088
27,1,11,0.06689819126199213,-0.9909294580682584,0.9978761076927184
27,1,12,0.008362273907749017,-1.0076540058837564,0.9988897442817688
27,1,13,-0.058535917354243114,-0.44738165406457236,0.5189021229743958
27,1,14,-0.11707183470848623,-0.43901938015682335,0.5535652041435242
27,1,15,0.058535917354243114,-0.045992506492619586,0.5703705549240112
27,1,16,-0.008362273907749017,-0.004181136953874508,0.521693766117096
27,1,17,0.050173643446494096,0.06271705430811762,0.5648532509803772
27,1,18,-0.008362273907749017,0.07944160212361565,0.5040528178215027
27,1,19,0.07526046516974115,0.029267958677121557,0.5648713111877441
27,1,20,0.09198501298523917,0.07944160212361565,0.4999248385429382
27,1,21,0.10034728689298819,0.012543410861623524,0.5490937829017639
27,1,22,0.058535917354243114,0.012543410861623524,0.4751776754856109
27,1,23,0.008362273907749017,0.02090568476937254,0.9949855208396912
27,1,24,-0.008362273907749017,-0.02090568476937254,0.9930415153503418
27,1,25,-0.050173643446494096,0.740061240835788,0.5303767323493958
27,1,26,-0.033449095630996066,0.7149744191125409,0.598908007144928
27,1,27,-0.07526046516974115,1.3923186056402113,0.6348068714141846
27,1,28,-0.06689819126199213,1.3839563317324621,0.6255395412445068
27,1,29,-0.1588832042472313,1.5344772620719445,0.6574275493621826
27,1,30,-0.20069457378597638,1.5010281664409484,0.6094197630882263
27,1,31,-0.09198501298523917,1.5344772620719445,0.6975310444831848
27,1,32,-0.008362273907749017,1.5261149881641953,0.697195827960968
27,2,0,-0.3082623812985355,-1.466448185320176,0.9962357878684998
27,2,1,-0.23780240843029882,-1.5192931649713535,0.9958491921424866
27,2,2,-0.22018741521323965,-1.5192931649713535,0.99572491645813
27,2,3,-0.20257242199618047,-1.5192931649713535,0.9965555667877196
27,2,4,-0.255417401647358,-1.5281006615798831,0.9955152869224548
27,2,5,-0.255417401647358,-1.5281006615798831,0.9951742887496948
27,2,6,-0.2466099050388284,-1.5281006615798831,0.9959652423858644
27,2,7,-0.11449745591088462,-1.466448185320176,0.9939133524894714
27,2,8,-0.15853493895353254,-1.4752556819287055,0.9953473210334778
27,2,9,-0.28183989147294675,-1.37837321923488,0.9955874681472778
27,2,10,-0.3082623812985355,-1.3871807158434097,0.9957178235054016
27,2,11,0.04403748304264793,-0.9820358718510488,0.9980744123458862
27,2,12,-0.09688246269382544,-1.017265858285167,0.998301088809967
27,2,13,0.09688246269382544,-0.3655111092539778,0.5652539730072021
27,2,14,-0.1233049525194142,-0.4183560889051553,0.502219021320343
27,2,15,-0.008807496608529586,0.11890120421514941,0.6063954830169678
27,2,16,-0.1321124491279438,-0.022018741521323965,0.4730839133262634
27,2,17,-0.03522998643411834,0.26862864656015234,0.5965476632118225
27,2,18,-0.14972744234500296,0.0660562245639719,0.4578265249729156
27,2,19,-0.09688246269382544,0.25101365334309317,0.5961475968360901
27,2,20,-0.16734243556206213,0.07486372117250148,0.4541963934898376
27,2,21,-0.09688246269382544,0.19816867369191568,0.5773553252220154
27,2,22,-0.14972744234500296,0.039633734738383136,0.4323127269744873
27,2,23,0.0616524762597071,0.013211244912794379,0.995148539543152
27,2,24,-0.0616524762597071,-0.013211244912794379,0.9922444224357604
27,2,25,-0.04403748304264793,0.7354259668122204,0.5269305109977722
27,2,26,-0.07926746947676627,0.6209285109013358,0.5473601818084717
27,2,27,0.14091994573647337,1.3431432328007618,0.6190229058265686
27,2,28,0.1321124491279438,1.149378307413111,0.5690966248512268
27,2,29,0.22018741521323965,1.4400256954945871,0.6451002955436707
27,2,30,0.21137991860471006,1.228645776889877,0.5632858872413635
27,2,31,-0.14091994573647337,1.4312181988860577,0.6763290762901306
27,2,32,-0.09688246269382544,1.2902982531495844,0.6426750421524048
28,1,0,0.20735923177631935,-1.426123696094278,0.996146023273468
28,1,1,0.16504102120972355,-1.485369190887512,0.9958160519599916
28,1,2,0.16504102120972355,-1.4769055487741929,0.9956781268119812
28,1,3,0.16504102120972355,-1.4769055487741929,0.9964432716369628
28,1,4,0.14811373698308525,-1.485369190887512,0.9955005049705504
28,1,5,0.1396500948697661,-1.485369190887512,0.9952126741409302
28,1,6,0.12272281064312777,-1.485369190887512,0.9959920048713684
28,1,7,0.0973318843031703,-1.426123696094278,0.9937835931777954
28,1,8,0.055013673736574516,-1.434587338207597,0.995596408843994
28,1,9,0.19043194754968104,-1.3414872749610864,0.9954144954681396
28,1,10,0.1735046633230427,-1.3499509170744055,0.995787799358368
28,1,11,0.0973318843031703,-0.9944779483150009,0.997987687587738
28,1,12,0.004231821056659578,-1.00294159042832,0.9984447956085204
28,1,13,-0.04655003162325536,-0.4697321372892132,0.5110176801681519
28,1,14,-0.19043194754968104,-0.4697321372892132,0.5483952164649963
28,1,15,-0.021159105283297893,-0.02962274739661705,0.5490875840187073
28,1,16,-0.14811373698308525,-0.080404600076532,0.5107526183128357
28,1,17,-0.012695463169978735,0.07194095796321283,0.5418131351470947
28,1,18,-0.1565773790964044,0.021159105283297893,0.4915618300437927
28,1,19,0.004231821056659578,0.055013673736574516,0.5415477752685547
28,1,20,-0.12272281064312777,0.004231821056659578,0.4874362349510193
28,1,21,-0.004231821056659578,0.021159105283297893,0.5248882174491882
28,1,22,-0.13118645275644694,-0.02962274739661705,0.462702989578247
28,1,23,0.02962274739661705,0.004231821056659578,0.9953939914703368
28,1,24,-0.02962274739661705,-0.004231821056659578,0.992756187915802
28,1,25,0.055013673736574516,0.7321050428021071,0.5073993802070618
28,1,26,-0.004231821056659578,0.6897868322355113,0.5829705595970154
28,1,27,-0.0380863895099362,1.3838054855276822,0.6129531860351562
28,1,28,-0.06347731584989368,1.273778138054533,0.5985945463180542
28,1,29,-0.16504102120972355,1.5107601172274694,0.641800582408905
28,1,30,-0.19043194754968104,1.3499509170744055,0.5806893110275269
28,1,31,0.004231821056659578,1.4684419066608736,0.6779798865318298
28,1,32,0.02962274739661705,1.2907054222811714,0.6662882566452026
28,2,0,-0.23373119489113522,-1.4586557903391215,0.9963335990905762
28,2,1,-0.15582079659409015,-1.510596055870485,0.9960514307022096
28,2,2,-0.13850737475030234,-1.510596055870485,0.995962917804718
28,2,3,-0.12119395290651455,-1.5019393449485912,0.9966822862625122
28,2,4,-0.16447750751598403,-1.519252766792379,0.9956387281417848
28,2,5,-0.16447750751598403,-1.519252766792379,0.9953754544258118
28,2,6,-0.15582079659409015,-1.519252766792379,0.9961014986038208
28,2,7,-0.043283554609469484,-1.441342368495334,0.9943071007728576
28,2,8,-0.07791039829704507,-1.4673125012610155,0.9956889748573304
28,2,9,-0.20776106212545353,-1.3720886811201827,0.99573016166687
28,2,10,-0.22507448396924132,-1.3807453920420765,0.9958955645561218
28,2,11,0.08656710921893897,-0.9911934005568512,0.9981785416603088
28,2,12,-0.05194026553136338,-1.008506822400639,0.9983083009719848
28,2,13,0.251044616734923,-0.4544773233994296,0.558746337890625
28,2,14,-0.12985066382840846,-0.49776087800889907,0.4967311918735504
28,2,15,0.13850737475030234,0.11686559744556761,0.5879967212677002
28,2,16,-0.060596976453257276,-0.06492533191420423,0.4633822441101074
28,2,17,0.14716408567219624,0.26402968311776387,0.5766398906707764
28,2,18,-0.060596976453257276,0.04761191007041643,0.4473071992397308
28,2,19,0.05194026553136338,0.24671626127397606,0.5758616328239441
28,2,20,-0.060596976453257276,0.05626862099231033,0.4437695741653442
28,2,21,0.02597013276568169,0.20343270666450658,0.5583745837211609
28,2,22,-0.05194026553136338,0.012985066382840846,0.4220565855503082
28,2,23,0.05194026553136338,0.012985066382840846,0.9954459071159364
28,2,24,-0.05194026553136338,-0.012985066382840846,0.9924031496047974
28,2,25,0.0,0.7661189165876099,0.5036556720733643
28,2,26,-0.043283554609469484,0.6968652292124587,0.5282961130142212
28,2,27,0.19910435120355963,1.3894021029639705,0.5930569171905518
28,2,28,0.10388053106272677,1.2768648609793498,0.5421701669692993
28,2,29,0.3029848822662864,1.4759692121829093,0.6431402564048767
28,2,30,0.18179092935977184,1.3547752592763949,0.5353982448577881
28,2,31,-0.043283554609469484,1.4759692121829093,0.6495121121406555
28,2,32,-0.09522382014083286,1.3894021029639705,0.6077771186828613
29,1,0,0.315591576187159,-1.3988383376944344,0.9966811537742616
29,1,1,0.2985325720689342,-1.4670743541673337,0.9964224696159364
29,1,2,0.2900030700098218,-1.4670743541673337,0.9963412880897522
29,1,3,0.2900030700098218,-1.4585448521082212,0.9969876408576964
29,1,4,0.272944065891597,-1.475603856226446,0.9960559010505676
29,1,5,0.25588506177337217,-1.475603856226446,0.9958211183547974
29,1,6,0.23882605765514733,-1.4841333582855585,0.9964763522148132
29,1,7,0.22176705353692253,-1.4244268438717715,0.9948458671569824
29,1,8,0.1450015350049109,-1.4500153500491089,0.9961093664169312
29,1,9,0.2900030700098218,-1.3306023212215352,0.9961199164390564
29,1,10,0.25588506177337217,-1.3391318232806475,0.9962897300720216
29,1,11,0.1535310370640233,-0.9808927367979265,0.998193621635437
29,1,12,-0.025588506177337215,-1.0150107450343762,0.9984738826751708
29,1,13,0.008529502059112406,-0.46912261325118226,0.5099391937255859
29,1,14,-0.3411800823644962,-0.5544176338423064,0.5462113618850708
29,1,15,-0.042647510295562026,0.01705900411822481,0.5360322594642639
29,1,16,-0.43500460501473265,0.01705900411822481,0.5140191316604614
29,1,17,-0.042647510295562026,0.12794253088668608,0.5271826982498169
29,1,18,-0.48618161736940707,0.1535310370640233,0.4972030818462372
29,1,19,-0.07676551853201165,0.12794253088668608,0.5265802145004272
29,1,20,-0.42647510295562024,0.1705900411822481,0.4937562346458435
29,1,21,-0.10235402470934886,0.09382452265023646,0.5111911296844482
29,1,22,-0.39235709471917063,0.11941302882757367,0.4727430343627929
29,1,23,0.05117701235467443,0.008529502059112406,0.9957059025764464
29,1,24,-0.05117701235467443,-0.008529502059112406,0.993071973323822
29,1,25,0.11941302882757367,0.8358912017930157,0.4934486448764801
29,1,26,0.03411800823644962,0.7761846873792289,0.5688691735267639
29,1,27,-0.08529502059112405,1.4670743541673337,0.5832148790359497
29,1,28,-0.11941302882757367,1.5097218644628956,0.5767834186553955
29,1,29,-0.1535310370640233,1.56089887681757,0.6354372501373291
29,1,30,-0.19617854735958531,1.620605391231357,0.5610174536705017
29,1,31,0.11941302882757367,1.6632529015269188,0.6469495296478271
29,1,32,0.12794253088668608,1.7144299138815933,0.6360637545585632
29,2,0,-0.26199874168128734,-1.4497263706364567,0.9967957139015198
29,2,1,-0.1921324105662774,-1.5108594103620903,0.9965725541114808
29,2,2,-0.18339911917690113,-1.5021261189727142,0.9965463876724244
29,2,3,-0.16593253639814864,-1.5021261189727142,0.9971638917922974
29,2,4,-0.20086570195565362,-1.5195927017514665,0.9961180090904236
29,2,5,-0.1921324105662774,-1.5195927017514665,0.9958935976028442
29,2,6,-0.18339911917690113,-1.5283259931408428,0.9964866042137146
29,2,7,-0.06113303972563371,-1.4497263706364567,0.995294451713562
29,2,8,-0.08733291389376245,-1.4759262448045853,0.996025800704956
29,2,9,-0.23579886751315862,-1.362393456742694,0.9964115619659424
29,2,10,-0.2532654502919111,-1.3711267481320704,0.9964343309402466
29,2,11,0.12226607945126743,-0.9955952183888919,0.998371124267578
29,2,12,-0.10479949667251494,-1.0043285097782682,0.9979992508888244
29,2,13,0.2881986158494161,-0.4803310264156935,0.5584007501602173
29,2,14,-0.08733291389376245,-0.49779760919444593,0.4937535524368286
29,2,15,0.22706557612378236,0.05239974833625747,0.579608678817749
29,2,16,-0.11353278806189118,0.008733291389376245,0.4656552970409393
29,2,17,0.26199874168128734,0.20086570195565362,0.5685561895370483
29,2,18,-0.12226607945126743,0.13973266223001993,0.4513566792011261
29,2,19,0.13973266223001993,0.20086570195565362,0.5676457285881042
29,2,20,-0.0960662052831387,0.13973266223001993,0.4483968913555145
29,2,21,0.13099937084064367,0.15719924500877241,0.5510660409927368
29,2,22,-0.10479949667251494,0.0960662052831387,0.4298890829086303
29,2,23,0.08733291389376245,0.008733291389376245,0.9958021640777588
29,2,24,-0.08733291389376245,-0.008733291389376245,0.992743730545044
29,2,25,0.14846595361939616,0.7597963508757333,0.5215972065925598
29,2,26,-0.026199874168128735,0.7248631853182284,0.525021493434906
29,2,27,0.12226607945126743,1.4409930792470804,0.6071863770484924
29,2,28,0.06986633111500996,1.3449268739639417,0.5401045680046082
29,2,29,0.2532654502919111,1.5545258673089715,0.6549351811408997
29,2,30,0.13099937084064367,1.4409930792470804,0.5403788089752197
29,2,31,-0.10479949667251494,1.606925615645229,0.6635801196098328
29,2,32,-0.14846595361939616,1.4759262448045853,0.612175703048706
30,1,0,0.25413137309339834,-1.3581447152204567,0.9966843128204346
30,1,1,0.23746702075940498,-1.42480212455643,0.9964764714241028
30,1,2,0.22913484459240832,-1.42480212455643,0.9964569807052612
30,1,3,0.22913484459240832,-1.42480212455643,0.9969589710235596
30,1,4,0.22080266842541166,-1.4331343007234267,0.9960857629776
30,1,5,0.20413831609141833,-1.4414664768904233,0.9959187507629396
30,1,6,0.187473963757425,-1.4414664768904233,0.996427834033966
30,1,7,0.17914178759042834,-1.39980559605544,0.9951617121696472
30,1,8,0.12081655442145167,-1.4164699483894334,0.996105134487152
30,1,9,0.22080266842541166,-1.2831551297174866,0.9959158897399902
30,1,10,0.20413831609141833,-1.29981948205148,0.9963081479072572
30,1,11,0.020830440417491665,-0.97486461153861,0.9974308609962464
30,1,12,-0.05415914508547833,-1.02485766854059,0.9981514811515808
30,1,13,-0.187473963757425,-0.5165949223537933,0.5133875012397766
30,1,14,-0.44577142493432165,-0.7165671503617134,0.5421907305717468
30,1,15,-0.24579919692640168,-0.03332870466798667,0.5295413732528687
30,1,16,-0.7457297669462016,-0.20830440417491666,0.5154728889465332
30,1,17,-0.22080266842541166,0.07498958550297,0.5200125575065613
30,1,18,-0.8707124094511517,-0.08332176166996666,0.5005623698234558
30,1,19,-0.312456606262375,0.09165393783696334,0.5193197131156921
30,1,20,-0.8540480571171584,-0.02499652850099,0.4979097247123718
30,1,21,-0.32078878242937164,0.05832523316897666,0.5053679347038269
30,1,22,-0.787390647781185,-0.04999305700198,0.4800517559051513
30,1,23,0.02916261658448833,0.02499652850099,0.995635986328125
30,1,24,-0.02916261658448833,-0.02499652850099,0.99318265914917
30,1,25,-0.020830440417491665,0.8415497928666633,0.5013816952705383
30,1,26,-0.004166088083498333,0.8582141452006566,0.5649232864379883
30,1,27,-0.17914178759042834,1.5664491193953733,0.5916006565093994
30,1,28,-0.17080961142343165,1.54978476706138,0.5752232670783997
30,1,29,-0.287460077761385,1.6581030572323368,0.6483790874481201
30,1,30,-0.287460077761385,1.6331065287313467,0.5682740211486816
30,1,31,0.037494792751485,1.7914178759042834,0.6501045823097229
30,1,32,0.04582696891848167,1.79975005207128,0.6358476877212524
30,2,0,-0.22781565640333604,-1.4090820229391525,0.996971070766449
30,2,1,-0.16031472117271797,-1.4681453412659435,0.9967846870422364
30,2,2,-0.14343948736506343,-1.4681453412659435,0.9967777729034424
30,2,3,-0.1265642535574089,-1.4597077243621162,0.9972362518310548
30,2,4,-0.1771899549803725,-1.4765829581697707,0.9964046478271484
30,2,5,-0.16875233807654522,-1.4765829581697707,0.9962510466575624
30,2,6,-0.16031472117271797,-1.4850205750735979,0.9967094659805298
30,2,7,-0.033750467615309046,-1.41751963984298,0.9956307411193848
30,2,8,-0.07593855213444535,-1.4428324905544616,0.9963859915733336
30,2,9,-0.20250280569185428,-1.3331434708047072,0.9963026642799376
30,2,10,-0.22781565640333604,-1.3331434708047072,0.9966228008270264
30,2,11,0.1096890197497544,-0.9956387946516168,0.9976866245269777
30,2,12,-0.07593855213444535,-1.0040764115554441,0.9981148838996888
30,2,13,0.33750467615309043,-0.548445098748772,0.5618877410888672
30,2,14,-0.025312850711481785,-0.5737579494602537,0.4925734400749206
30,2,15,0.29531659163395413,-0.016875233807654523,0.5756008625030518
30,2,16,-0.1265642535574089,-0.1518771042688907,0.4694410264492035
30,2,17,0.3459422930569177,0.13500187046123618,0.5655319094657898
30,2,18,-0.2615661240186451,-0.033750467615309046,0.456780731678009
30,2,19,0.22781565640333604,0.14343948736506343,0.5647317171096802
30,2,20,-0.16875233807654522,-0.016875233807654523,0.4547028839588165
30,2,21,0.22781565640333604,0.10125140284592714,0.5508453845977783
30,2,22,-0.13500187046123618,-0.042188084519136304,0.4389536380767822
30,2,23,0.05906331832679083,0.008437616903827262,0.995886206626892
30,2,24,-0.05906331832679083,-0.008437616903827262,0.9931874871253968
30,2,25,0.05062570142296357,0.7678231382482807,0.5327969193458557
30,2,26,-0.033750467615309046,0.7256350537291445,0.5235275030136108
30,2,27,0.32062944234543594,1.4681453412659435,0.6181034445762634
30,2,28,0.14343948736506343,1.32470585390088,0.5397796034812927
30,2,29,0.2531285071148178,1.5778343610156977,0.6712801456451416
30,2,30,0.20250280569185428,1.4343948736506344,0.5513312220573425
30,2,31,-0.11812663665358165,1.6368976793424888,0.6690223217010498
30,2,32,-0.14343948736506343,1.5103334257850798,0.6127684712409973
31,1,0,0.12284166200932614,-1.389381556519275,0.9964227676391602
31,1,1,0.14825717828711776,-1.4656281053526499,0.9962000846862792
31,1,2,0.15672901704638165,-1.457156266593386,0.996218740940094
31,1,3,0.1652008558056455,-1.457156266593386,0.996478259563446
31,1,4,0.12284166200932614,-1.4740999441119138,0.9958778023719788
31,1,5,0.11436982325006227,-1.4740999441119138,0.9957862496376038
31,1,6,0.09742614573153453,-1.4740999441119138,0.9961411952972412
31,1,7,0.13978533952785388,-1.4147970727970667,0.9948233366012572
31,1,8,0.07201062945374291,-1.4402125890748583,0.9959759712219238
31,1,9,0.11436982325006227,-1.321606846445164,0.995184063911438
31,1,10,0.08048246821300678,-1.330078685204428,0.9959840178489684
31,1,11,0.05506695193521517,-0.9742614573153453,0.9967716932296752
31,1,12,-0.1058979844907984,-1.0250924898709286,0.9982360005378724
31,1,13,-0.07201062945374291,-0.5591413581114155,0.517196774482727
31,1,14,-0.48713072865767265,-0.7116344557781653,0.541260302066803
31,1,15,-0.06353879069447904,-0.05930287131484711,0.5269594192504883
31,1,16,-0.7836450852319082,-0.19485229146306907,0.5188879370689392
31,1,17,-0.05506695193521517,0.06777471007411098,0.5183765292167664
31,1,18,-0.9191945053801301,-0.06777471007411098,0.5053367018699646
31,1,19,-0.05506695193521517,0.07624654883337485,0.5180603861808777
31,1,20,-0.868363472824547,-0.03388735503705549,0.5036495327949524
31,1,21,-0.05506695193521517,0.03388735503705549,0.5072078108787537
31,1,22,-0.8090606015096998,-0.06777471007411098,0.4885516166687011
31,1,23,0.046595113175951296,0.008471838759263873,0.99539053440094
31,1,24,-0.046595113175951296,-0.008471838759263873,0.9933959245681764
31,1,25,0.029651435657423553,0.8725993922041788,0.5071467757225037
31,1,26,-0.17367269456490939,0.8048246821300679,0.5594993233680725
31,1,27,-0.08895430697227066,1.6096493642601357,0.5889496207237244
31,1,28,-0.13978533952785388,1.516459137908233,0.5662871599197388
31,1,29,-0.21603188836122875,1.7028395906120384,0.6508913636207581
31,1,30,-0.24144740463902037,1.6096493642601357,0.5698766112327576
31,1,31,0.0042359193796319364,1.8638045270380519,0.6415512561798096
31,1,32,-0.046595113175951296,1.8299171720009964,0.6263635754585266
31,2,0,-0.2141647599464163,-1.4361636843465562,0.99669086933136
31,2,1,-0.14697581564950138,-1.4865553925692425,0.9965001940727234
31,2,2,-0.13017857957527265,-1.478156774532128,0.9965388774871826
31,2,3,-0.11338134350104391,-1.478156774532128,0.9967814087867736
31,2,4,-0.15537443368661574,-1.4949540106063568,0.9961590766906738
31,2,5,-0.14697581564950138,-1.4949540106063568,0.9960830807685852
31,2,6,-0.13857719761238702,-1.4949540106063568,0.9964007139205932
31,2,7,-0.029395163129900273,-1.4193664482723276,0.9953124523162842
31,2,8,-0.06298963527835773,-1.4445623023836707,0.9961981177330016
31,2,9,-0.1889689058350732,-1.3521775039754127,0.9956144094467164
31,2,10,-0.2141647599464163,-1.360576122012527,0.996256411075592
31,2,11,0.12177996153815827,-0.991036928379495,0.9970911145210266
31,2,12,-0.054591017241243364,-1.0078341644537236,0.9980105757713318
31,2,13,0.3905357387258179,-0.5711060265237767,0.5651877522468567
31,2,14,-0.02099654509278591,-0.5711060265237767,0.4902977347373962
31,2,15,0.3737385026515892,-0.058790326259800546,0.5720296502113342
31,2,16,-0.1637730517237301,-0.16797236074228727,0.4710977673530578
31,2,17,0.4241302108742754,0.10078341644537236,0.5615624189376831
31,2,18,-0.13857719761238702,-0.058790326259800546,0.4599116146564483
31,2,19,0.36533988461447486,0.11758065251960109,0.5608912706375122
31,2,20,-0.19736752387218756,-0.033594472148457455,0.4587096869945526
31,2,21,0.323346794428903,0.058790326259800546,0.5490929484367371
31,2,22,-0.22256337798353065,-0.06718894429691491,0.4454345703125
31,2,23,0.054591017241243364,0.008398618037114364,0.9955027103424072
31,2,24,-0.054591017241243364,-0.008398618037114364,0.992783784866333
31,2,25,0.07138825331547209,0.7642742413774072,0.5385446548461914
31,2,26,-0.012597927055671546,0.7054839151176066,0.517457902431488
31,2,27,0.2813537042433312,1.4949540106063568,0.6136509776115417
31,2,28,0.1637730517237301,1.3101844137898409,0.5288044810295105
31,2,29,0.29815094031755995,1.570541572940386,0.6695874333381653
31,2,30,0.23096199602064502,1.4277650663094419,0.5491967797279358
31,2,31,-0.11338134350104391,1.6545277533115297,0.6562629342079163
31,2,32,-0.10498272546392955,1.5117512466805856,0.5971025824546814
32,1,0,-0.6558282082045481,-1.4107383759220136,0.9865132570266724
32,1,1,-0.25950037015287875,-1.476793015597292,0.9832864999771118
32,1,2,-0.24062761595994211,-1.476793015597292,0.9851621389389038
32,1,3,-0.22175486176700548,-1.4862293926937602,0.9820981621742249
32,1,4,-0.19344573047760052,-1.4862293926937602,0.982981503009796
32,1,5,-0.15570022209172726,-1.4862293926937602,0.9851760864257812
32,1,6,-0.11795471370585399,-1.4956657697902285,0.9834706783294678
32,1,7,-0.06133645112704407,-1.420174753018482,0.9792284369468688
32,1,8,-0.023590942741170795,-1.4484838843078869,0.9836524724960328
32,1,9,-0.5425916830469283,-1.3258109820537989,0.982403576374054
32,1,10,-0.41048240369637184,-1.3446837362467354,0.9838243126869202
32,1,11,-0.051900074030575755,-0.9294831440021294,0.9950965642929076
32,1,12,-0.13682746789879063,-1.0615924233526859,0.9980806708335876
32,1,13,-0.051900074030575755,-0.5142825517575234,0.5154436826705933
32,1,14,-0.6747009623974848,-0.7030100936868897,0.5368825793266296
32,1,15,-0.04246369693410743,0.04246369693410743,0.5204299092292786
32,1,16,-1.0710288004491542,-0.2311912388634738,0.5155435800552368
32,1,17,-0.03302731983763912,0.21231848467053718,0.5127401351928711
32,1,18,-1.212574456896179,-0.11795471370585399,0.5016359090805054
32,1,19,-0.051900074030575755,0.22175486176700548,0.5125377774238586
32,1,20,-1.2220108339926472,-0.06133645112704407,0.5009698867797852
32,1,21,-0.051900074030575755,0.18400935338113222,0.5032290816307068
32,1,22,-1.1370834401244323,-0.08964558241644903,0.488200306892395
32,1,23,0.03302731983763912,0.04246369693410743,0.9945963621139526
32,1,24,-0.03302731983763912,-0.04246369693410743,0.9927691221237184
32,1,25,-0.051900074030575755,1.0804651775456224,0.5292925238609314
32,1,26,-0.15570022209172726,1.0521560462562176,0.5592895746231079
32,1,27,-0.19344573047760052,1.863684476552493,0.6111654043197632
32,1,28,-0.22175486176700548,1.8259389681666196,0.5659366250038147
32,1,29,-0.2783731243458154,1.9863573788065811,0.6692686080932617
32,1,30,-0.2689367472493471,1.9391754933242396,0.5792269706726074
32,1,31,-0.15570022209172726,2.1845212978324158,0.6579350233078003
32,1,32,-0.15570022209172726,1.9203027391313028,0.6210806369781494
32,2,0,-0.2419967944765859,-1.4295736562598313,0.9878180027008056
32,2,1,-0.1613311963177239,-1.5012764101788199,0.9849085807800292
32,2,2,-0.14340550783797681,-1.5012764101788199,0.9866068959236144
32,2,3,-0.13444266359810328,-1.5012764101788199,0.9838534593582152
32,2,4,-0.1613311963177239,-1.5102392544186933,0.9846112132072448
32,2,5,-0.15236835207785038,-1.5102392544186933,0.986586332321167
32,2,6,-0.14340550783797681,-1.5102392544186933,0.9850417375564576
32,2,7,-0.026888532719620654,-1.4295736562598313,0.9812752604484558
32,2,8,-0.05377706543924131,-1.456462188979452,0.9851304292678832
32,2,9,-0.21510826175696524,-1.3489080581009694,0.984122097492218
32,2,10,-0.22407110599683877,-1.357870902340843,0.9853296875953674
32,2,11,0.12547981935822972,-0.999357132745901,0.9955849647521972
32,2,12,-0.05377706543924131,-0.999357132745901,0.9979531764984132
32,2,13,0.5108821216727925,-0.5601777649920969,0.5638195872306824
32,2,14,0.026888532719620654,-0.49743785531298207,0.4885398149490356
32,2,15,0.41229083503418334,-0.013444266359810327,0.5681107640266418
32,2,16,-0.07170275391898841,-0.058258487559178083,0.4761477410793304
32,2,17,0.4839935889531718,0.15684977419778715,0.560620129108429
32,2,18,-0.04481422119936776,0.049295643319304534,0.4652915000915527
32,2,19,0.37643945807468915,0.17477546267753424,0.5603867769241333
32,2,20,-0.07170275391898841,0.058258487559178083,0.4647786617279053
32,2,21,0.3316252368753214,0.12099839723829295,0.5515361428260803
32,2,22,-0.07170275391898841,0.013444266359810327,0.4531853199005127
32,2,23,0.05377706543924131,-0.013444266359810327,0.9949923753738404
32,2,24,-0.05377706543924131,0.013444266359810327,0.9929445385932922
32,2,25,-0.035851376959494204,0.9814314442661538,0.5689796805381775
32,2,26,-0.04481422119936776,0.9635057557864067,0.5239261984825134
32,2,27,0.19718257327721814,1.7163846719357851,0.6422982811927795
32,2,28,0.14340550783797681,1.6536447622566701,0.5405998229980469
32,2,29,0.44814221199367754,1.8418644912940147,0.6954814195632935
32,2,30,0.3585137695949421,1.7791245816149,0.5660102367401123
32,2,31,-0.13444266359810328,2.0121585318516124,0.6811025142669678
32,2,32,-0.17029404055759748,1.9046044009731296,0.6041098833084106
33,1,0,0.25253695190017106,-1.270112316909684,0.9757056832313538
33,1,1,0.21539916485602825,-1.3295327761803124,0.975851833820343
33,1,2,0.21539916485602825,-1.3221052187714837,0.9793741106987
33,1,3,0.2079716074471997,-1.3146776613626552,0.9756219983100892
33,1,4,0.19311649262954259,-1.336960333589141,0.9710841178894044
33,1,5,0.1708338204030569,-1.336960333589141,0.974611520767212
33,1,6,0.14112359076774264,-1.336960333589141,0.9711499810218812
33,1,7,0.07427557408828561,-1.270112316909684,0.9743309617042542
33,1,8,-0.14112359076774264,-1.2923949891361695,0.9718462824821472
33,1,9,0.2302542796736854,-1.2106918576390553,0.9682888984680176
33,1,10,0.2079716074471997,-1.2032643002302268,0.963741421699524
33,1,11,-0.02228267222648568,-0.9507273483300558,0.9935382604599
33,1,12,0.1114133611324284,-1.047285594644827,0.9970924258232116
33,1,13,-0.007427557408828561,-0.5347841334356563,0.5213943719863892
33,1,14,-0.1708338204030569,-1.03243047982717,0.5196840167045593
33,1,15,-0.06684801667945704,-0.1114133611324284,0.5188395380973816
33,1,16,-0.3788054278502566,-1.1215611687331126,0.4957130253314972
33,1,17,-0.05942045927062849,0.029710229635314243,0.5136582255363464
33,1,18,-0.42337077230322795,-1.1735540705949126,0.4792104661464691
33,1,19,-0.07427557408828561,0.02228267222648568,0.5139908194541931
33,1,20,-0.4753636741650279,-1.1735540705949126,0.4797934591770172
33,1,21,-0.07427557408828561,-0.014855114817657122,0.5067014098167419
33,1,22,-0.4605085593473708,-1.1364162835507698,0.4680250585079193
33,1,23,-0.2228267222648568,0.007427557408828561,0.9945361614227296
33,1,24,0.2228267222648568,-0.007427557408828561,0.9927064180374146
33,1,25,-0.037137787044142806,0.7724659705181703,0.5690661668777466
33,1,26,0.2451093944913425,0.7204730686563704,0.5652126669883728
33,1,27,0.08913068890594272,1.3518154484067981,0.6429117918014526
33,1,28,0.09655824631477129,1.3592430058156266,0.5739916563034058
33,1,29,0.08913068890594272,1.470656366948055,0.6969783306121826
33,1,30,0.10398580372359985,1.4780839243568835,0.5975610613822937
33,1,31,0.007427557408828561,1.5969248428981406,0.6828017830848694
33,1,32,-0.08170313149711417,1.574642170671655,0.6280967593193054
33,2,0,-0.19167713671725362,-1.366209378729361,0.9780368208885192
33,2,1,-0.14273829330008247,-1.423304696049394,0.9781595468521118
33,2,2,-0.12642534549435877,-1.423304696049394,0.981348156929016
33,2,3,-0.11826887159149692,-1.4151482221465321,0.9779797792434692
33,2,4,-0.15089476720294434,-1.4314611699522557,0.9738414883613586
33,2,5,-0.15089476720294434,-1.4314611699522557,0.9770041704177856
33,2,6,-0.14273829330008247,-1.4396176438551176,0.9738706946372986
33,2,7,-0.036704132562878355,-1.3743658526322229,0.9768064022064208
33,2,8,-0.0856429759800495,-1.3988352743408083,0.9742839336395264
33,2,9,-0.16720771500866805,-1.300957587506466,0.9712771773338318
33,2,10,-0.18352066281439178,-1.300957587506466,0.9669641256332396
33,2,11,0.12642534549435877,-1.0154810009063011,0.9941705465316772
33,2,12,-0.04486060646574021,-0.9828551052948536,0.9965845346450806
33,2,13,0.4200584059973856,-0.5750314101517608,0.5690038204193115
33,2,14,-0.012234710854292785,-0.5016231450260041,0.4724915027618408
33,2,15,0.31402424526018147,-0.07748650207718763,0.5661559104919434
33,2,16,-0.02039118475715464,-0.22430303232870105,0.457925945520401
33,2,17,0.3303371930659052,0.07748650207718763,0.5602753758430481
33,2,18,-0.07748650207718763,-0.09379944988291135,0.4459238648414612
33,2,19,0.24877245403728662,0.06933002817432578,0.560492992401123
33,2,20,-0.1019559237857732,-0.1590512411058062,0.4461547434329986
33,2,21,0.22430303232870105,0.02039118475715464,0.553244411945343
33,2,22,-0.061173554271463926,-0.18352066281439178,0.4349730014801025
33,2,23,0.05301708036860207,-0.004078236951430928,0.9949069619178772
33,2,24,-0.05301708036860207,0.004078236951430928,0.9930002689361572
33,2,25,-0.04486060646574021,0.8441950489462021,0.6090171933174133
33,2,26,-0.11011239768863507,0.8115691533347548,0.5662596225738525
33,2,27,0.1753641889115299,1.5130259089808744,0.6742407083511353
33,2,28,0.14273829330008247,1.4967129611751506,0.5782561898231506
33,2,29,0.3466501408716289,1.643529491426664,0.7226155996322632
33,2,30,0.29771129745445774,1.6190600697180786,0.5993771553039551
33,2,31,-0.1019559237857732,1.7821895477753156,0.7101158499717712
33,2,32,-0.16720771500866805,1.7985024955810394,0.6332497596740723
34,1,0,0.3564484870944156,-1.2693930815913372,0.9597926139831544
34,1,1,0.3855463227755924,-1.3203142940333967,0.9581567049026488
34,1,2,0.39282078169588663,-1.3130398351131025,0.9652442932128906
34,1,3,0.4000952406161808,-1.3130398351131025,0.957099437713623
34,1,4,0.3564484870944156,-1.327588752953691,0.954031765460968
34,1,5,0.44374199413794596,-1.189374033468101,0.9633939862251282
34,1,6,0.44374199413794596,-1.182099574547807,0.9616289734840392
34,1,7,0.3855463227755924,-1.2912164583522199,0.944021701812744
34,1,8,0.4291930762973576,-1.182099574547807,0.9655678868293762
34,1,9,0.3564484870944156,-1.218471869149278,0.9401487708091736
34,1,10,0.32007619249294467,-1.2257463280695722,0.9402081966400146
34,1,11,0.5528588779423589,-1.0293359372216289,0.990915596485138
34,1,12,0.13821471948558972,-0.8474744642142739,0.9960526823997498
34,1,13,0.4291930762973576,-1.109354985344865,0.530772864818573
34,1,14,-0.32007619249294467,-0.4110069289966221,0.4809094071388244
34,1,15,0.1891359319276491,-0.891121217736039,0.5432693362236023
34,1,16,-0.5164865833408879,-0.28006666843132655,0.4783414602279663
34,1,17,0.13094026056529554,-0.8474744642142739,0.5447583794593811
34,1,18,-0.5819567136235357,-0.2655177505907382,0.4633156359195709
34,1,19,-0.021823376760882588,-0.8983956766563332,0.5479038953781128
34,1,20,-0.5965056314641242,-0.30189004519220913,0.4661791324615478
34,1,21,-0.08001904812323617,-0.9202190534172159,0.540652334690094
34,1,22,-0.5674077957829473,-0.3237134219530917,0.4591133296489715
34,1,23,-0.29097835681176787,-0.04000952406161808,0.9950133562088012
34,1,24,0.29097835681176787,0.04000952406161808,0.9934345483779908
34,1,25,0.2036848497682375,0.04000952406161808,0.6267492771148682
34,1,26,-0.34189956925382725,0.11275411326456004,0.6001172661781311
34,1,27,-0.10184242488411875,0.14185194894573683,0.661424994468689
34,1,28,-0.021823376760882588,0.04000952406161808,0.5690043568611145
34,1,29,0.2036848497682375,0.1927731613877962,0.7006600499153137
34,1,30,-0.036372294601470984,-0.0036372294601470984,0.5947379469871521
34,1,31,0.036372294601470984,0.2291454559892672,0.6861856579780579
34,1,32,0.08729350704353035,0.2436943738298556,0.6150489449501038
34,2,0,-0.10338682751933664,-1.3932605803796319,0.9586522579193116
34,2,1,-0.04430864036542999,-1.472031496584841,0.9566783905029296
34,2,2,-0.03446227583977888,-1.472031496584841,0.9640780687332152
34,2,3,-0.024615911314127773,-1.472031496584841,0.9563775658607484
34,2,4,-0.0541550048910811,-1.4917242256361432,0.9524269104003906
34,2,5,-0.0541550048910811,-1.4523387675335386,0.9604034423828124
34,2,6,-0.0640013694167322,-1.4523387675335386,0.9578193426132202
34,2,7,-0.004923182262825555,-1.4621851320591897,0.9457597732543944
34,2,8,-0.04430864036542999,-1.4326460384822364,0.957068681716919
34,2,9,-0.09354046299368554,-1.3341823932257253,0.938505470752716
34,2,10,-0.11323319204498776,-1.3341823932257253,0.9321843385696412
34,2,11,0.0640013694167322,-1.0978696446100986,0.9913670420646667
34,2,12,0.004923182262825555,-0.9009423540970765,0.9958799481391908
34,2,13,0.32000684708366106,-0.7237077926353566,0.5317235589027405
34,2,14,0.11323319204498776,-0.497241408545381,0.4469183087348938
34,2,15,0.23138956635280106,-0.8418641669431698,0.5413031578063965
34,2,16,-0.04430864036542999,-0.30031411803235886,0.4467110633850097
34,2,17,0.2806213889810566,-0.5760123247505899,0.5412493348121643
34,2,18,-0.0640013694167322,-0.2609286599297544,0.4377099573612213
34,2,19,0.14277228562194108,-0.7926323443149143,0.5437432527542114
34,2,20,-0.15261865014759218,-0.32985321160931214,0.4402449429035187
34,2,21,0.23138956635280106,-0.8221714378918676,0.5359691977500916
34,2,22,-0.10338682751933664,-0.2904677535067077,0.433284193277359
34,2,23,0.03446227583977888,-0.0640013694167322,0.9951417446136476
34,2,24,-0.03446227583977888,0.0640013694167322,0.9935434460639954
34,2,25,0.2412359308784522,0.4578559504427766,0.6596662998199463
34,2,26,-0.014769546788476664,0.8418641669431698,0.632994532585144
34,2,27,0.12307955657063886,0.8517105314688209,0.6840770244598389
34,2,28,0.14277228562194108,1.8166542549826297,0.5959898233413696
34,2,29,0.1624650146732433,1.3834142158539808,0.7225127816200256
34,2,30,0.2806213889810566,2.013581545495652,0.6184839010238647
34,2,31,0.11323319204498776,1.1077160091357499,0.7080749273300171
34,2,32,-0.014769546788476664,2.2302015650599762,0.630409836769104
35,1,0,0.06747211997440856,-1.4506505794497841,0.95551598072052
35,1,1,0.025302044990403214,-1.5687267894049992,0.9549769163131714
35,1,2,0.03373605998720428,-1.5771608044018002,0.9627881646156312
35,1,3,0.05060408998080643,-1.5855948193986014,0.9552481174468994
35,1,4,-0.059038104977607496,-1.534990729417795,0.9500294923782348
35,1,5,-0.0843401499680107,-1.5096886844273916,0.957537055015564
35,1,6,-0.11807620995521499,-1.5012546694305906,0.9543322324752808
35,1,7,0.01686802999360214,-1.5181226994241928,0.9412665963172911
35,1,8,-0.21928438991682783,-1.4169145194625798,0.9509865045547484
35,1,9,0.10120817996161285,-1.3831784594753755,0.932681679725647
35,1,10,0.03373605998720428,-1.3916124744721767,0.9239374995231628
35,1,11,0.4554368098272578,-1.1638940695585478,0.9895169734954834
35,1,12,-0.38796468985284926,-0.8349674846833061,0.9925494194030762
35,1,13,0.09277416496481178,-0.826533469686505,0.5132192969322205
35,1,14,-0.6662871847472845,-0.19398234492642463,0.4361225962638855
35,1,15,0.10964219495841392,-1.0626858895969349,0.5606973171234131
35,1,16,-0.3373605998720428,0.11807620995521499,0.4609043896198272
35,1,17,0.00843401499680107,-1.071119904593736,0.5625746250152588
35,1,18,-0.2614544649008332,0.2530204499040321,0.4554855823516845
35,1,19,0.09277416496481178,-1.0964219495841392,0.5674672722816467
35,1,20,-0.24458643490723106,0.1686802999360214,0.4606013000011444
35,1,21,0.10964219495841392,-1.1217239945745423,0.5579209923744202
35,1,22,-0.23615241991042998,0.11807620995521499,0.4558815658092499
35,1,23,0.2951905248880375,-0.10964219495841392,0.9924913048744202
35,1,24,-0.2951905248880375,0.10964219495841392,0.9902428984642028
35,1,25,0.35422862986564496,-0.44700279483045674,0.6263478398323059
35,1,26,-0.5650790047856717,-0.13494423994881713,0.6022028923034668
35,1,27,-0.00843401499680107,-0.7084572597312899,0.6399791836738586
35,1,28,-0.16024628493922036,-0.6241171097632793,0.5519654750823975
35,1,29,-0.06747211997440856,-0.7337593047216932,0.6724339127540588
35,1,30,-0.10120817996161285,-0.7421933197184942,0.5708813071250916
35,1,31,-0.1433782549456182,-0.43856877983365566,0.6591598391532898
35,1,32,0.06747211997440856,-0.4048327198464514,0.5803264379501343
36,1,0,0.3475263549075673,-1.226104218437934,0.9599602818489076
36,1,1,0.33971677389840843,-1.304200028529522,0.9594758152961732
36,1,2,0.33971677389840843,-1.304200028529522,0.9665025472640992
36,1,3,0.33971677389840843,-1.304200028529522,0.9597184062004088
36,1,4,0.32409761188009084,-1.3120096095386808,0.9550243616104126
36,1,5,0.3084784498617732,-1.3198191905478398,0.961780607700348
36,1,6,0.28504970683429676,-1.3276287715569985,0.9588972330093384
36,1,7,0.2616209638068203,-1.3120096095386808,0.9471320509910583
36,1,8,0.1991443157335498,-1.3354383525661573,0.955886960029602
36,1,9,0.3084784498617732,-1.1714371513738222,0.939410924911499
36,1,10,0.28504970683429676,-1.179246732382981,0.931542694568634
36,1,11,0.12104850564196164,-0.9527688831173754,0.9905300736427308
36,1,12,-0.06638143857784992,-1.0464838552272813,0.9932941198349
36,1,13,0.0039047905045794073,-0.5544802516502758,0.4654929041862488
36,1,14,-0.5896233661914905,-0.9449593021082165,0.4923172295093536
36,1,15,0.1600964106877557,-0.2186682682564468,0.5144913792610168
36,1,16,-0.8863874445395254,-0.49981318458616414,0.5143303871154785
36,1,17,0.2147634777518674,-0.12495329614654103,0.5179514288902283
36,1,18,-0.9879119976585901,-0.44514611752205246,0.5088111162185669
36,1,19,0.22257305876102623,-0.1640012011923351,0.5230110287666321
36,1,20,-0.9644832546311136,-0.4060982124762584,0.513378918170929
36,1,21,0.2147634777518674,-0.17962036321065275,0.5151604413986206
36,1,22,-0.9176257685761607,-0.4060982124762584,0.5085664987564087
36,1,23,0.02733353353205585,0.007809581009158815,0.99304860830307
36,1,24,-0.02733353353205585,-0.007809581009158815,0.9910895824432372
36,1,25,0.08981018160532638,0.7419101958700874,0.5907812118530273
36,1,26,0.0039047905045794073,0.7419101958700874,0.6194117665290833
36,1,27,-0.07419101958700874,1.429153324676063,0.6128610968589783
36,1,28,-0.08200060059616755,1.5384874588042865,0.5738077759742737
36,1,29,-0.13666766766027927,1.569725782840922,0.6538689136505127
36,1,30,-0.14447724866943806,1.6165832688958748,0.586920976638794
36,1,31,0.1991443157335498,1.6634407549508277,0.6517977118492126
36,1,32,0.17571557270607333,1.6946790789874628,0.6016247272491455
36,2,0,-0.21191694483324863,-1.367464059112661,0.9639396667480468
36,2,1,-0.14794201809113586,-1.4314389858547738,0.9635016918182372
36,2,2,-0.13994515224837176,-1.4314389858547738,0.9698328375816344
36,2,3,-0.12395142056284354,-1.4234421200120098,0.9637308716773988
36,2,4,-0.16393574977666406,-1.439435851697538,0.9594842791557312
36,2,5,-0.15593888393389996,-1.439435851697538,0.9655646085739136
36,2,6,-0.14794201809113586,-1.439435851697538,0.9629642963409424
36,2,7,-0.04398276213520255,-1.3754609249554253,0.952411651611328
36,2,8,-0.07597022550625895,-1.3994515224837174,0.9602338671684264
36,2,9,-0.17992948146219226,-1.28749540068502,0.9454588890075684
36,2,10,-0.19592321314772046,-1.2954922665277842,0.9383476972579956
36,2,11,0.11595455472007944,-0.9836144986599843,0.9914764761924744
36,2,12,-0.059976493820730746,-1.0156019620310406,0.9936814308166504
36,2,13,0.37185426168853064,-0.5677774748362511,0.5188744068145752
36,2,14,0.051979627977966646,-0.5357900114651947,0.4462310969829559
36,2,15,0.18792634730495636,-0.1519404510125179,0.5627527236938477
36,2,16,-0.13994515224837176,-0.23990597528292298,0.4699076414108276
36,2,17,0.14794201809113586,0.0,0.5653114914894104
36,2,18,-0.15593888393389996,-0.11195612179869739,0.4668519496917724
36,2,19,0.07597022550625895,-0.0319874633710564,0.5697768926620483
36,2,20,-0.20392007899048453,-0.1519404510125179,0.4712769985198974
36,2,21,0.07597022550625895,-0.0719717925848769,0.5621199607849121
36,2,22,-0.14794201809113586,-0.1519404510125179,0.4668626487255096
36,2,23,0.06797335966349485,0.0079968658427641,0.9936222434043884
36,2,24,-0.06797335966349485,-0.0079968658427641,0.9915106892585754
36,2,25,0.09196395719178715,0.7676991209053536,0.6289544105529785
36,2,26,-0.01199529876414615,0.7517053892198254,0.6060653328895569
36,2,27,0.21991381067601273,1.4634264492258302,0.6485922932624817
36,2,28,0.16393574977666406,1.439435851697538,0.5804570913314819
36,2,29,0.32387306663194604,1.5993731685528199,0.6815428137779236
36,2,30,0.24390440820430503,1.5673857051817637,0.5939546823501587
36,2,31,-0.01999216460691025,1.7433167537225738,0.6824240684509277
36,2,32,-0.06797335966349485,1.7193261561942814,0.617474377155304
37,1,0,0.3807156616615735,-1.4919938092142746,0.9649266004562378
37,1,1,0.4012948866162532,-1.5434418716009737,0.963366150856018
37,1,2,0.4012948866162532,-1.522862646646294,0.9696158170700072
37,1,3,0.4012948866162532,-1.522862646646294,0.9637696743011476
37,1,4,0.3704260491842337,-1.5743107090329933,0.9596306681632996
37,1,5,0.34984682422955404,-1.584600321510333,0.9653355479240416
37,1,6,0.3292675992748744,-1.584600321510333,0.962261974811554
37,1,7,0.3395572117522142,-1.471414584259595,0.9534008502960204
37,1,8,0.2469506994561558,-1.5022834216916146,0.9594855904579164
37,1,9,0.34984682422955404,-1.3582288470088568,0.9457926750183104
37,1,10,0.30868837432019475,-1.3993872969182162,0.9384492635726928
37,1,11,0.19550263706945667,-0.9466443479152639,0.9920825362205504
37,1,12,-0.07202728734137878,-1.0495404726886621,0.9942612648010254
37,1,13,0.5659286862536904,-0.47332217395763193,0.4978052079677582
37,1,14,-0.5144806238669912,-0.7511417108458073,0.497822493314743
37,1,15,-0.19550263706945667,0.05144806238669913,0.5370720028877258
37,1,16,-0.8025897732325064,-0.21608186202413632,0.5113657712936401
37,1,17,0.010289612477339826,0.21608186202413632,0.5368780493736267
37,1,18,-0.8334586106645259,-0.1234753497280779,0.4994362592697143
37,1,19,0.07202728734137878,0.2057922495467965,0.5428037643432617
37,1,20,-0.884906673051225,-0.10289612477339825,0.504349410533905
37,1,21,0.1646337996374372,0.1646337996374372,0.5370409488677979
37,1,22,-0.8128793857098462,-0.10289612477339825,0.4992652237415313
37,1,23,0.030868837432019475,0.030868837432019475,0.9937022924423218
37,1,24,-0.030868837432019475,-0.030868837432019475,0.9918306469917296
37,1,25,0.13376496220541773,0.998092410301963,0.6532307863235474
37,1,26,0.030868837432019475,1.059830085166002,0.6430005431175232
37,1,27,0.0,2.119660170332004,0.6646420955657959
37,1,28,-0.030868837432019475,2.181397845196043,0.6149420738220215
37,1,29,-0.05144806238669913,2.34603164483348,0.6961753368377686
37,1,30,-0.0823168998187186,2.36661086978816,0.6190822124481201
37,1,31,0.22637147450147616,2.5106654444709173,0.7012802362442017
37,1,32,0.21608186202413632,2.5826927318122963,0.6472722887992859
37,2,0,-0.29035770130524946,-1.4517885065262472,0.968377947807312
37,2,1,-0.22371822887453646,-1.5184279789569601,0.9669716358184814
37,2,2,-0.21419830424157746,-1.5184279789569601,0.9726011753082277
37,2,3,-0.19515845497565945,-1.5089080543240012,0.9673518538475036
37,2,4,-0.23323815350749544,-1.5374678282228782,0.9635830521583556
37,2,5,-0.23323815350749544,-1.5374678282228782,0.9687027335166932
37,2,6,-0.22371822887453646,-1.5374678282228782,0.9659342765808104
37,2,7,-0.09043928401311048,-1.4327486572603292,0.9580179452896118
37,2,8,-0.13803890717790548,-1.4613084311592062,0.9633244276046752
37,2,9,-0.2617979274063724,-1.3470693355636982,0.9511605501174928
37,2,10,-0.28083777667229043,-1.3661091848296163,0.9444593787193298
37,2,11,0.052359585481274486,-1.0043520487771742,0.9928719997406006
37,2,12,-0.10947913327902847,-0.9948321241442153,0.99437016248703
37,2,13,0.3569971737359624,-0.4617163446985114,0.5479255318641663
37,2,14,-0.03331973621535649,-0.4521964200655524,0.4531967043876648
37,2,15,-0.052359585481274486,0.03331973621535649,0.5831536650657654
37,2,16,-0.24275807814045444,-0.08091935938015148,0.4699316322803497
37,2,17,-0.11899905791198748,0.20467837960861845,0.5825667381286621
37,2,18,-0.29035770130524946,0.08091935938015148,0.4611650109291076
37,2,19,-0.23323815350749544,0.17611860570974147,0.5878718495368958
37,2,20,-0.3284373998370854,0.03331973621535649,0.465493768453598
37,2,21,-0.21419830424157746,0.11899905791198748,0.5823159217834473
37,2,22,-0.27131785203933145,0.004759962316479499,0.4608548283576965
37,2,23,0.06187951011423349,0.03331973621535649,0.993996262550354
37,2,24,-0.06187951011423349,-0.03331973621535649,0.9916093349456788
37,2,25,-0.06187951011423349,1.0043520487771742,0.6798790693283081
37,2,26,-0.09995920864606948,0.9662723502453383,0.6038091778755188
37,2,27,0.18563853034270045,1.946824587440115,0.6889408230781555
37,2,28,0.15707875644382346,1.842105416477566,0.5858513116836548
37,2,29,0.31891747520412644,2.127703155466336,0.7173153162002563
37,2,30,0.29035770130524946,2.013464059870828,0.59803706407547
37,2,31,-0.15707875644382346,2.299061798859598,0.7211082577705383
37,2,32,-0.12851898254494648,2.241942251061844,0.6268101334571838
38,1,0,0.21631031470334464,-1.3182685216826475,0.9622742533683776
38,1,1,0.24079827485844027,-1.3917324021479345,0.9631108045578004
38,1,2,0.24896092824347213,-1.3917324021479345,0.9699469208717346
38,1,3,0.257123581628504,-1.3917324021479345,0.9656800031661988
38,1,4,0.21631031470334464,-1.3998950555329663,0.959287703037262
38,1,5,0.20814766131831278,-1.4080577089179982,0.9634813666343688
38,1,6,0.1999850079332809,-1.41622036230303,0.9607813358306884
38,1,7,0.22447296808837652,-1.350919135222775,0.9565142393112184
38,1,8,0.1673343943931534,-1.3754070953778708,0.9569876194000244
38,1,9,0.18365970116321714,-1.2611299479874245,0.9448959231376648
38,1,10,0.15917174100812154,-1.2774552547574882,0.9333115816116332
38,1,11,0.18365970116321714,-0.9917623862813726,0.992570459842682
38,1,12,-0.15917174100812154,-1.0080876930514364,0.9942800402641296
38,1,13,0.20814766131831278,-0.4775152230243646,0.5051863789558411
38,1,14,-0.31426215532372714,-0.6897442110351933,0.4588588178157806
38,1,15,0.20814766131831278,-0.17549704777818528,0.5356540679931641
38,1,16,-0.05305724700270718,-0.3714007290189502,0.4652077555656433
38,1,17,0.21631031470334464,0.03673194023264343,0.5370420217514038
38,1,18,0.05305724700270718,-0.28161154178359965,0.4574570953845978
38,1,19,0.1999850079332809,-0.12652112746799404,0.5423092842102051
38,1,20,0.06938255377277093,-0.1999850079332809,0.4621071219444275
38,1,21,0.19182235454824903,-0.15917174100812154,0.5383347272872925
38,1,22,-0.01224398007754781,-0.24079827485844027,0.4551274180412292
38,1,23,0.1428464342380578,0.020406633462579683,0.9930459856987
38,1,24,-0.1428464342380578,-0.020406633462579683,0.9914652109146118
38,1,25,0.28161154178359965,0.257123581628504,0.6863119006156921
38,1,26,-0.34691276886385464,0.257123581628504,0.6334202289581299
38,1,27,0.0448945936176753,1.350919135222775,0.6786515116691589
38,1,28,0.03673194023264343,1.41622036230303,0.6027552485466003
38,1,29,0.01224398007754781,1.5386601630785082,0.7084757685661316
38,1,30,-0.020406633462579683,1.6284493503138588,0.6114366054534912
38,1,31,0.12652112746799404,1.6855879240090819,0.7149515151977539
38,1,32,0.15100908762308965,1.7753771112444325,0.6401896476745605
38,2,0,-0.22208063429945546,-1.2967922752843202,0.9652381539344788
38,2,1,-0.17449192694957213,-1.3681753363091451,0.965988039970398
38,2,2,-0.15862902449961103,-1.3681753363091451,0.9721918702125548
38,2,3,-0.1506975732746305,-1.3681753363091451,0.9684734344482422
38,2,4,-0.1824233781745527,-1.3761067875341257,0.9620735049247742
38,2,5,-0.1824233781745527,-1.3840382387591064,0.9655413031578064
38,2,6,-0.17449192694957213,-1.3919696899840868,0.9630674719810486
38,2,7,-0.08724596347478607,-1.3285180801842424,0.9601703882217408
38,2,8,-0.11897176837470827,-1.352312433859184,0.9579105377197266
38,2,9,-0.19828628062451378,-1.2333406654844759,0.9493255019187928
38,2,10,-0.2141491830744749,-1.2412721167094563,0.9378476738929749
38,2,11,0.03172580489992221,-0.9874656775100787,0.99326890707016
38,2,12,-0.10310886592474718,-1.0112600311850204,0.9933922290802002
38,2,13,0.1665604757245916,-0.46398989666136226,0.5540592074394226
38,2,14,-0.04758870734988331,-0.5115786040112456,0.4186584949493408
38,2,15,-0.20621773184949435,-0.05155443296237359,0.5803912878036499
38,2,16,-0.20621773184949435,-0.1467318476621402,0.4288294911384582
38,2,17,-0.2776007928743193,0.06741733541233469,0.5796599984169006
38,2,18,-0.22208063429945546,-0.05155443296237359,0.4247848093509674
38,2,19,-0.3331209514491832,0.01982862806245138,0.5842504501342773
38,2,20,-0.2458749879743971,-0.03569153051241248,0.4291241765022278
38,2,21,-0.31725804899922205,-0.027760079287431932,0.5794466137886047
38,2,22,-0.230012085524436,-0.06741733541233469,0.4231240153312683
38,2,23,0.055520158574863865,0.027760079287431932,0.9928733706474304
38,2,24,-0.055520158574863865,-0.027760079287431932,0.990748643875122
38,2,25,-0.023794353674941655,0.7653850432106233,0.7010859847068787
38,2,26,-0.13483467082466938,0.7019334334107789,0.5904839634895325
38,2,27,0.15862902449961103,1.423695494884009,0.6867109537124634
38,2,28,0.11897176837470827,1.3443809826342035,0.5748725533485413
38,2,29,0.2617378904243582,1.5585301657086785,0.7230024933815002
38,2,30,0.2141491830744749,1.5188729095837756,0.5999236702919006
38,2,31,-0.11897176837470827,1.6695704828584061,0.7203294634819031
38,2,32,-0.10310886592474718,1.6537075804084451,0.6176337003707886
39,1,0,0.22901672725636416,-1.2541392206896131,0.9666069746017456
39,1,1,0.25082784413792264,-1.3195725713342887,0.9676405787467957
39,1,2,0.25082784413792264,-1.3195725713342887,0.9734602570533752
39,1,3,0.2580982164317755,-1.3195725713342887,0.9701520204544068
39,1,4,0.22174635496251133,-1.3341133159219944,0.9639948606491088
39,1,5,0.2144759826686585,-1.3413836882158472,0.9670721888542176
39,1,6,0.19993523808095284,-1.3486540605097,0.9648944139480592
39,1,7,0.22174635496251133,-1.312302199040436,0.9622560739517212
39,1,8,0.14904263202398302,-1.3341133159219944,0.960000216960907
39,1,9,0.20720561037480567,-1.1959762423387905,0.9502558708190918
39,1,10,0.17812412119939436,-1.2105169869264962,0.9388197660446168
39,1,11,0.08360928137930755,-0.9705947012293529,0.9934830069541932
39,1,12,-0.032716675322337734,-1.0287576795801756,0.993916630744934
39,1,13,0.1708537489055415,-0.5343723635981831,0.5069128274917603
39,1,14,-0.2653685887256283,-0.6652390648875339,0.457068920135498
39,1,15,0.25082784413792264,-0.27990933331333395,0.532501220703125
39,1,16,-0.2580982164317755,-0.30899082248874526,0.4579022228717804
39,1,17,0.2435574718440698,-0.27263896101948115,0.5337972640991211
39,1,18,-0.2653685887256283,-0.2435574718440698,0.4511658549308777
39,1,19,0.2435574718440698,-0.30899082248874526,0.5384482145309448
39,1,20,-0.2580982164317755,-0.2580982164317755,0.4553514122962951
39,1,21,0.2144759826686585,-0.33807231166415663,0.5347508788108826
39,1,22,-0.25082784413792264,-0.27990933331333395,0.4465236067771911
39,1,23,0.09087965367316038,0.032716675322337734,0.9919193387031556
39,1,24,-0.09087965367316038,-0.032716675322337734,0.9901771545410156
39,1,25,0.09815002596701321,0.5489131081858887,0.6801397800445557
39,1,26,-0.15631300431783585,0.4980205021289189,0.6133304834365845
39,1,27,-0.0472574199100434,1.1959762423387905,0.6457353830337524
39,1,28,-0.07633890908545472,1.1887058700449378,0.5689367055892944
39,1,29,-0.11269077055471888,1.3268429436281415,0.6894720196723938
39,1,30,-0.13450188743627736,1.3341133159219944,0.5937400460243225
39,1,31,0.0690685367916019,1.3777355496851114,0.6901795268058777
39,1,32,0.0690685367916019,1.435898528035934,0.6134048104286194
39,2,0,-0.18676808464284986,-1.2707553994327234,0.9692504405975342
39,2,1,-0.1428226529621793,-1.3366735469537294,0.9701897501945496
39,2,2,-0.1281741757352891,-1.3366735469537294,0.9754937887191772
39,2,3,-0.11352569850839893,-1.3366735469537294,0.9726329445838928
39,2,4,-0.15747113018906947,-1.3513220241806194,0.9663230776786804
39,2,5,-0.15747113018906947,-1.3513220241806194,0.968704879283905
39,2,6,-0.15747113018906947,-1.3586462627940645,0.9665812253952026
39,2,7,-0.05493178960083819,-1.314700831113394,0.9655777215957642
39,2,8,-0.11352569850839893,-1.3366735469537294,0.9606253504753112
39,2,9,-0.15747113018906947,-1.2194857291386079,0.9545796513557434
39,2,10,-0.17944384602940475,-1.226809967752053,0.9434181451797484
39,2,11,0.05493178960083819,-0.9777858548949198,0.9941118955612184
39,2,12,-0.09887722128150875,-1.0217312865755903,0.9933629035949708
39,2,13,0.15014689157562439,-0.47973762918065355,0.5559070110321045
39,2,14,-0.2233892777100753,-0.5603042539285495,0.4233942031860351
39,2,15,-0.20141656186974002,-0.19409232325629494,0.5786743760108948
39,2,16,-0.3039559024579713,-0.3039559024579713,0.4344381392002105
39,2,17,-0.3039559024579713,-0.10620145989495383,0.5789996981620789
39,2,18,-0.4138194816596477,-0.20874080048318513,0.4309288263320923
39,2,19,-0.34057709552519677,-0.15747113018906947,0.5831066370010376
39,2,20,-0.4064952430462026,-0.2380377549369655,0.4350178241729736
39,2,21,-0.31128014107141644,-0.18676808464284986,0.5790367722511292
39,2,22,-0.36987404997897716,-0.27465894800419094,0.4273213744163513
39,2,23,0.06958026682772837,0.040283312373948006,0.991948127746582
39,2,24,-0.06958026682772837,-0.040283312373948006,0.9895982146263124
39,2,25,-0.01831059653361273,0.6701678331302259,0.7048311829566956
39,2,26,-0.10620145989495383,0.6262224014495553,0.5829057097434998
39,2,27,0.10620145989495383,1.2414584449789432,0.6630977988243103
39,2,28,0.07690450544117347,1.1608918202310472,0.5526106953620911
39,2,29,0.18676808464284986,1.3586462627940645,0.7090147137641907
39,2,30,0.11352569850839893,1.3000523538865039,0.594184160232544
39,2,31,-0.062256028214283284,1.4099159330881803,0.7021849155426025
39,2,32,-0.06958026682772837,1.3806189786343999,0.6003972887992859
40,1,0,0.29247143973044015,-1.2898740418880952,0.9712517261505128
40,1,1,0.28497217204504427,-1.3498681833712622,0.9716765284538268
40,1,2,0.2774729043596484,-1.3498681833712622,0.9765049815177916
40,1,3,0.2774729043596484,-1.3498681833712622,0.973697304725647
40,1,4,0.26997363667425245,-1.364866718742054,0.9685152173042296
40,1,5,0.26247436898885657,-1.364866718742054,0.970786154270172
40,1,6,0.24747583361806474,-1.37236598642745,0.9689164161682128
40,1,7,0.23247729824727295,-1.3348696480004705,0.9672862887382508
40,1,8,0.19498095982029345,-1.3573674510566582,0.9635550379753112
40,1,9,0.26997363667425245,-1.229879900404928,0.9569301605224608
40,1,10,0.2549751013034607,-1.2373791680903239,0.947916567325592
40,1,11,0.15748462139331393,-0.9599062637306754,0.9938032031059264
40,1,12,0.06749340916856311,-1.0273996728992385,0.9939642548561096
40,1,13,0.17998242444950163,-0.5774436117754844,0.5183336734771729
40,1,14,-0.3749633842697951,-0.6749340916856311,0.4804108142852783
40,1,15,0.26997363667425245,-0.3524655812136074,0.5373433232307434
40,1,16,-0.20997949519108525,-0.307469975101232,0.4886307716369629
40,1,17,0.26997363667425245,-0.3224685104720238,0.5381603837013245
40,1,18,-0.28497217204504427,-0.19498095982029345,0.4829587042331695
40,1,19,0.26247436898885657,-0.31496924278662786,0.5427584052085876
40,1,20,-0.29247143973044015,-0.23997656593266886,0.4864658415317535
40,1,21,0.24747583361806474,-0.33746704584281556,0.5400599837303162
40,1,22,-0.24747583361806474,-0.2774729043596484,0.4783027768135071
40,1,23,0.022497803056187704,0.03749633842697951,0.991540253162384
40,1,24,-0.022497803056187704,-0.03749633842697951,0.9899185299873352
40,1,25,0.06749340916856311,0.6599355563148394,0.667237401008606
40,1,26,-0.014998535370791804,0.6374377532586516,0.6114933490753174
40,1,27,-0.05249487379777131,1.2373791680903239,0.6313331723213196
40,1,28,-0.05249487379777131,1.2148813650341361,0.5731146931648254
40,1,29,-0.14248608602252213,1.3423689156858665,0.6826395988464355
40,1,30,-0.15748462139331393,1.3573674510566582,0.6083700656890869
40,1,31,0.13498681833712622,1.4098623248544295,0.677790105342865
40,1,32,0.15748462139331393,1.4023630571690335,0.6116669178009033
40,2,0,-0.11257848048366544,-1.3209208376750077,0.9737052917480468
40,2,1,-0.07505232032244362,-1.3884679259652069,0.9741849899291992
40,2,2,-0.0600418562579549,-1.3884679259652069,0.9785559177398682
40,2,3,-0.05253662422571053,-1.3809626939329627,0.976065158843994
40,2,4,-0.07505232032244362,-1.3959731579974513,0.9710237383842468
40,2,5,-0.07505232032244362,-1.4034783900296957,0.972930073738098
40,2,6,-0.06754708829019926,-1.4034783900296957,0.9712116122245787
40,2,7,0.015010464064488725,-1.3584469978362295,0.97026127576828
40,2,8,-0.007505232032244362,-1.3809626939329627,0.9660507440567015
40,2,9,-0.09006278438693234,-1.268384213449297,0.9607962965965272
40,2,10,-0.0975680164191767,-1.2758894454815415,0.9522179961204528
40,2,11,0.1200837125159098,-0.9681749321595227,0.9944022297859192
40,2,12,0.0,-1.0282167884174775,0.9937329888343812
40,2,13,0.15010464064488724,-0.4803348500636392,0.5660713315010071
40,2,14,-0.022515696096733085,-0.5553871703860828,0.4398446679115295
40,2,15,-0.2551778890963083,-0.27018835316079703,0.5829631686210632
40,2,16,-0.32272497738650757,-0.33773544145099627,0.4545442759990692
40,2,17,-0.3752616016122181,-0.20264126487059778,0.5829880833625793
40,2,18,-0.3977772977089512,-0.2401674250318196,0.4523870944976806
40,2,19,-0.3977772977089512,-0.2401674250318196,0.5870615243911743
40,2,20,-0.42779822583792865,-0.27018835316079703,0.4559639096260071
40,2,21,-0.36025113754772936,-0.27018835316079703,0.583847165107727
40,2,22,-0.38276683364446246,-0.29270404925753013,0.4486262798309326
40,2,23,0.0600418562579549,0.03002092812897745,0.9918372631072998
40,2,24,-0.0600418562579549,-0.03002092812897745,0.9897131323814392
40,2,25,0.022515696096733085,0.7129970430632144,0.6915097832679749
40,2,26,-0.05253662422571053,0.6754708829019925,0.5695245265960693
40,2,27,0.07505232032244362,1.2308580532880753,0.6450309753417969
40,2,28,0.05253662422571053,1.1107743407721655,0.5404504537582397
40,2,29,0.2401674250318196,1.3359313017394965,0.7044311761856079
40,2,30,0.2176517289350865,1.2383632853203197,0.5939422845840454
40,2,31,-0.08255755235468798,1.3659522298684739,0.6875825524330139
40,2,32,-0.04503139219346617,1.268384213449297,0.5859696269035339
41,1,0,0.27772576724065495,-1.3009259623378047,0.9759159088134766
41,1,1,0.27772576724065495,-1.3667031177369071,0.9762560129165648
41,1,2,0.27772576724065495,-1.3667031177369071,0.9802716374397278
41,1,3,0.27772576724065495,-1.3667031177369071,0.977961003780365
41,1,4,0.27041719441853246,-1.3740116905590296,0.973385453224182
41,1,5,0.2631086215964099,-1.381320263381152,0.975151300430298
41,1,6,0.2631086215964099,-1.3886288362032746,0.9735788702964784
41,1,7,0.24849147595216495,-1.3447773992705396,0.9726675748825072
41,1,8,0.23387433030791993,-1.3593945449147846,0.9690473675727844
41,1,9,0.27041719441853246,-1.2424573797608247,0.9637945890426636
41,1,10,0.2558000487742874,-1.2570745254050697,0.9565316438674928
41,1,11,0.12424573797608247,-0.9647316125201697,0.9943620562553406
41,1,12,0.15348002926457247,-1.0158916222750272,0.994313657283783
41,1,13,-0.15348002926457247,-0.5993029714140449,0.5235245823860168
41,1,14,-0.27041719441853246,-0.6431544083467798,0.4943874776363373
41,1,15,0.13155431079820495,-0.3508114954618799,0.532572329044342
41,1,16,-0.13886288362032748,-0.3654286411061249,0.5020042657852173
41,1,17,0.12424573797608247,-0.30696005852914493,0.5339546799659729
41,1,18,-0.13155431079820495,-0.27041719441853246,0.4948230683803558
41,1,19,0.12424573797608247,-0.3215772041733899,0.5379176735877991
41,1,20,-0.08770287386546997,-0.3142686313512674,0.497448056936264
41,1,21,0.12424573797608247,-0.3508114954618799,0.5353659391403198
41,1,22,-0.08770287386546997,-0.3361943498176349,0.4889678061008453
41,1,23,-0.05116000975485749,0.0,0.9910427331924438
41,1,24,0.05116000975485749,0.0,0.990163505077362
41,1,25,0.014617145644244996,0.6212286898804124,0.6419839859008789
41,1,26,0.07308572822122499,0.6650801268131473,0.6037958264350891
41,1,27,-0.05116000975485749,1.1547545058953548,0.615218460559845
41,1,28,-0.021925718466367494,1.0962859233183748,0.5728952884674072
41,1,29,-0.12424573797608247,1.2643830982271922,0.6789241433143616
41,1,30,-0.10962859233183747,1.1986059428280897,0.6183223724365234
41,1,31,0.14617145644244997,1.2936173895156822,0.6617103815078735
41,1,32,0.20464003901942995,1.2643830982271922,0.6092123985290527
41,2,0,-0.05514519543875154,-1.3271610368926205,0.978233277797699
41,2,1,-0.01102903908775031,-1.4006879641442893,0.9785473346710204
41,2,2,-0.0036763463625834364,-1.4006879641442893,0.9821650385856628
41,2,3,0.01102903908775031,-1.4006879641442893,0.980105459690094
41,2,4,-0.018381731812917183,-1.4006879641442893,0.975879728794098
41,2,5,-0.01102903908775031,-1.4080406568694561,0.9774293899536132
41,2,6,-0.0036763463625834364,-1.4080406568694561,0.976023495197296
41,2,7,0.08455596633941903,-1.3639245005184548,0.975310444831848
41,2,8,0.06985058088908529,-1.3786298859687887,0.9717207551002502
41,2,9,-0.018381731812917183,-1.2683394950912856,0.967322826385498
41,2,10,-0.03308711726325093,-1.2756921878164524,0.9606282711029052
41,2,11,0.1507302008659209,-0.9742317860846106,0.9949156045913696
41,2,12,0.09190865906458591,-1.010995249710445,0.9943434596061708
41,2,13,-0.15808289359108776,-0.47424868077326326,0.5707938075065613
41,2,14,0.0404398099884178,-0.5257175298494314,0.454755574464798
41,2,15,-0.18749366449175525,-0.2830786699189246,0.5786985754966736
41,2,16,-0.2316098208427565,-0.3051367480944252,0.4687522947788238
41,2,17,-0.3051367480944252,-0.19484635721692212,0.579150915145874
41,2,18,-0.3051367480944252,-0.20955174266725587,0.4642312526702881
41,2,19,-0.32719482626992585,-0.24631520629309023,0.5826806426048279
41,2,20,-0.32719482626992585,-0.24631520629309023,0.4670429825782776
41,2,21,-0.29778405536925834,-0.2830786699189246,0.5795161724090576
41,2,22,-0.29778405536925834,-0.27572597719375774,0.4594662487506866
41,2,23,0.018381731812917183,0.01102903908775031,0.9914965629577636
41,2,24,-0.018381731812917183,-0.01102903908775031,0.9900661110877992
41,2,25,0.07720327361425217,0.6213025352766007,0.6653797626495361
41,2,26,0.025734424538084055,0.606597149826267,0.568847119808197
41,2,27,0.18749366449175525,1.1433437187634488,0.6367661952972412
41,2,28,0.143377508140754,1.0477587133362793,0.5487668514251709
41,2,29,0.32719482626992585,1.2536341096409518,0.6994031667709351
41,2,30,0.2830786699189246,1.1874598751144498,0.6052689552307129
41,2,31,0.0036763463625834364,1.2830448805416192,0.678414523601532
41,2,32,0.018381731812917183,1.2095179532899505,0.5946913361549377
42,1,0,0.3300425700260453,-1.3316833930120666,0.9802147150039672
42,1,1,0.3223671614207885,-1.4007620704593784,0.980393409729004
42,1,2,0.3223671614207885,-1.4007620704593784,0.9835963249206544
42,1,3,0.3223671614207885,-1.4007620704593784,0.9817655086517334
42,1,4,0.3146917528155316,-1.4084374790646352,0.9780583381652832
42,1,5,0.29934093560501784,-1.416112887669892,0.9794155359268188
42,1,6,0.291665526999761,-1.416112887669892,0.9781959056854248
42,1,7,0.27631470978924727,-1.3700604360383508,0.9771485924720764
42,1,8,0.24561307536821977,-1.3777358446436079,0.9742759466171264
42,1,9,0.3223671614207885,-1.2702801241700117,0.9697424173355104
42,1,10,0.30701634421027474,-1.2779555327752685,0.9641712307929992
42,1,11,0.17653439792090797,-0.9862900057755075,0.9950662851333618
42,1,12,0.15350817210513737,-0.9862900057755075,0.9948552250862122
42,1,13,0.09978031186833929,-0.5027392636443249,0.5204290747642517
42,1,14,-0.03837704302628434,-0.4720376292232974,0.5062841773033142
42,1,15,0.2686393011839904,-0.379932725960215,0.5339123010635376
42,1,16,0.19956062373667857,-0.26480159688136196,0.5096734166145325
42,1,17,0.44517369910489835,-0.34923109153918747,0.5372951030731201
42,1,18,0.291665526999761,-0.19572291943405012,0.5007812976837158
42,1,19,0.48355074213118265,-0.3722573173549581,0.5411300659179688
42,1,20,0.39912124747335714,-0.21107373664456386,0.5025573968887329
42,1,21,0.44517369910489835,-0.379932725960215,0.53764808177948
42,1,22,0.29934093560501784,-0.26480159688136196,0.4923212826251983
42,1,23,-0.015350817210513736,-0.026863930118399038,0.9914261102676392
42,1,24,0.015350817210513736,0.026863930118399038,0.9904449582099916
42,1,25,0.053727860236798076,0.6792736615652328,0.6145027279853821
42,1,26,0.18420980652616484,0.671598252959976,0.5974020957946777
42,1,27,0.007675408605256868,1.1628244036964155,0.5982415080070496
42,1,28,-0.007675408605256868,1.1628244036964155,0.5652604699134827
42,1,29,-0.09978031186833929,1.3086571671962959,0.659162163734436
42,1,30,-0.11513112907885302,1.3240079844068098,0.6107511520385742
42,1,31,0.19956062373667857,1.3086571671962959,0.6419098973274231
42,1,32,0.23026225815770604,1.3470342102225803,0.6033905744552612
42,2,0,-0.1343495765837688,-1.386961805320672,0.982136368751526
42,2,1,-0.07902916269633459,-1.4501851354777398,0.9822883605957032
42,2,2,-0.07112624642670114,-1.4501851354777398,0.9851742386817932
42,2,3,-0.055320413887434215,-1.4501851354777398,0.9835360646247864
42,2,4,-0.08693207896596805,-1.458088051747373,0.9801477789878844
42,2,5,-0.07902916269633459,-1.4659909680170067,0.9813626408576964
42,2,6,-0.07112624642670114,-1.4659909680170067,0.9802674651145936
42,2,7,0.02370874880890038,-1.4106705541295725,0.9793635606765748
42,2,8,-0.007902916269633459,-1.4264763866688395,0.976675271987915
42,2,9,-0.10273791150523497,-1.3079326426243374,0.9727255702018738
42,2,10,-0.11064082777486843,-1.315835558893971,0.9676469564437866
42,2,11,0.08693207896596805,-0.9918159918389992,0.9955507516860962
42,2,12,-0.039514581348167294,-1.007621824378266,0.9951940178871156
42,2,13,0.10273791150523497,-0.438611852964657,0.5680938959121704
42,2,14,-0.10273791150523497,-0.5413497644698919,0.466051310300827
42,2,15,-0.23708748808900376,-0.37538852280758933,0.5801019668579102
42,2,16,-0.2528933206282707,-0.2963593601112547,0.4816201329231262
42,2,17,-0.35563123213350567,-0.335873941459422,0.5826023817062378
42,2,18,-0.33982539959423874,-0.21733019741492013,0.4755941331386566
42,2,19,-0.3714370646727726,-0.36748560653795587,0.5860280990600586
42,2,20,-0.3319224833246053,-0.24894186249345396,0.4779807031154632
42,2,21,-0.33982539959423874,-0.37538852280758933,0.5822039842605591
42,2,22,-0.3240195670549718,-0.27265061130235435,0.4693574607372284
42,2,23,0.04741749761780076,-0.019757290674083647,0.9916682243347168
42,2,24,-0.04741749761780076,0.019757290674083647,0.990273654460907
42,2,25,-0.06322333015706767,0.6836022573232942,0.6461231112480164
42,2,26,0.039514581348167294,0.6915051735929276,0.5881984829902649
42,2,27,0.11854374404450188,1.1498743172316683,0.6277047395706177
42,2,28,0.07902916269633459,1.0629422382657003,0.5563280582427979
42,2,29,0.28450498570680455,1.2763209775458035,0.6803358793258667
42,2,30,0.2133787392801034,1.2051947311191025,0.6093695163726807
42,2,31,-0.055320413887434215,1.3079326426243374,0.6652089357376099
42,2,32,-0.015805832539266918,1.2684180612761702,0.6032172441482544
43,1,0,0.3020071653593593,-1.365072387424304,0.9836738109588624
43,1,1,0.2939536409497764,-1.4375541071105502,0.983718991279602
43,1,2,0.2939536409497764,-1.4375541071105502,0.9862677454948424
43,1,3,0.3020071653593593,-1.4375541071105502,0.9848487377166748
43,1,4,0.2859001165401935,-1.4456076315201332,0.9818457365036012
43,1,5,0.2697930677210276,-1.4536611559297161,0.9828919172286988
43,1,6,0.2617395433114447,-1.4536611559297161,0.9819764494895936
43,1,7,0.2617395433114447,-1.4053400094722186,0.9807331562042236
43,1,8,0.21341839685394723,-1.4133935338818016,0.9786310195922852
43,1,9,0.3020071653593593,-1.2925906677380579,0.9743056297302246
43,1,10,0.2859001165401935,-1.3006441921476406,0.9701077938079834
43,1,11,0.16509725039644974,-0.9785032157643241,0.9955694675445556
43,1,12,0.10872257952936934,-1.002663788993073,0.9956064820289612
43,1,13,0.12482962834853517,-0.42281003150310303,0.5165179371833801
43,1,14,0.0845620063006206,-0.4872382267797663,0.516603946685791
43,1,15,0.21341839685394723,-0.34227478740727385,0.5276690125465393
43,1,16,0.49529175118934926,-0.4872382267797663,0.5192205905914307
43,1,17,0.004026762204791457,-0.2939536409497764,0.5317180752754211
43,1,18,0.616094617333093,-0.4872382267797663,0.5086296200752258
43,1,19,0.12482962834853517,-0.33422126299769095,0.5348164439201355
43,1,20,0.6563622393810076,-0.5597199464660125,0.5097154974937439
43,1,21,0.06040143307187186,-0.34227478740727385,0.5313879251480103
43,1,22,0.5999875685139271,-0.5597199464660125,0.4973999857902527
43,1,23,-0.012080286614374372,-0.012080286614374372,0.991583526134491
43,1,24,0.012080286614374372,0.012080286614374372,0.9904406666755676
43,1,25,0.06040143307187186,0.704683385838505,0.6018136739730835
43,1,26,0.2456324944922789,0.7207904346576709,0.6153978705406189
43,1,27,0.004026762204791457,1.2281624724613944,0.5954768061637878
43,1,28,0.004026762204791457,1.260376570099726,0.5757008790969849
43,1,29,-0.10066905511978642,1.365072387424304,0.6449154019355774
43,1,30,-0.11677610393895226,1.3892329606530527,0.6156097054481506
43,1,31,0.21341839685394723,1.4053400094722186,0.6383693814277649
43,1,32,0.2536860189018618,1.461714680339299,0.6176924705505371
43,2,0,-0.1341991341991342,-1.432900432900433,0.9852449893951416
43,2,1,-0.08225108225108226,-1.5021645021645023,0.9852847456932068
43,2,2,-0.0735930735930736,-1.5021645021645023,0.9875711798667908
43,2,3,-0.05627705627705628,-1.5021645021645023,0.9863033890724182
43,2,4,-0.09090909090909091,-1.5108225108225108,0.983572781085968
43,2,5,-0.08225108225108226,-1.5108225108225108,0.9845119118690492
43,2,6,-0.08225108225108226,-1.5108225108225108,0.9837071299552916
43,2,7,0.004329004329004329,-1.4588744588744589,0.982582986354828
43,2,8,-0.030303030303030304,-1.4675324675324675,0.9806682467460632
43,2,9,-0.10822510822510822,-1.354978354978355,0.976829707622528
43,2,10,-0.11688311688311688,-1.354978354978355,0.9729996919631958
43,2,11,0.12554112554112554,-0.9913419913419913,0.995999038219452
43,2,12,-0.12554112554112554,-1.0086580086580086,0.995960533618927
43,2,13,0.10822510822510822,-0.4025974025974026,0.56389319896698
43,2,14,-0.0735930735930736,-0.47186147186147187,0.4771525263786316
43,2,15,-0.2727272727272727,-0.4458874458874459,0.5727559924125671
43,2,16,-0.29004329004329005,-0.23809523809523808,0.4851137399673462
43,2,17,-0.4458874458874459,-0.43722943722943725,0.5743539929389954
43,2,18,-0.3593073593073593,-0.19480519480519481,0.4764422476291656
43,2,19,-0.45454545454545453,-0.48917748917748916,0.5769639015197754
43,2,20,-0.3852813852813853,-0.2554112554112554,0.4774890542030334
43,2,21,-0.41125541125541126,-0.49783549783549785,0.571575403213501
43,2,22,-0.341991341991342,-0.23809523809523808,0.4676003754138946
43,2,23,0.08225108225108226,0.004329004329004329,0.9920530319213868
43,2,24,-0.08225108225108226,-0.004329004329004329,0.9906371235847472
43,2,25,-0.09090909090909091,0.7229437229437229,0.6222739815711975
43,2,26,-0.03896103896103896,0.6883116883116883,0.5745693445205688
43,2,27,0.1341991341991342,1.3896103896103895,0.6155610084533691
43,2,28,0.05627705627705628,1.3116883116883118,0.5400959849357605
43,2,29,0.26406926406926406,1.4935064935064934,0.6603381037712097
43,2,30,0.14285714285714285,1.3982683982683983,0.5912950038909912
43,2,31,-0.047619047619047616,1.5281385281385282,0.6535568237304688
43,2,32,-0.03896103896103896,1.4502164502164503,0.5920198559761047
44,1,0,0.3043805708339554,-1.3908501083940463,0.9864993095397948
44,1,1,0.3128355866904542,-1.4500352193895378,0.9865483045578004
44,1,2,0.3128355866904542,-1.4500352193895378,0.9885696172714232
44,1,3,0.32129060254695296,-1.4500352193895378,0.9874944686889648
44,1,4,0.29592555497745665,-1.4584902352460365,0.9849973320961
44,1,5,0.29592555497745665,-1.4584902352460365,0.9857915043830872
44,1,6,0.28747053912095794,-1.4584902352460365,0.9851418733596802
44,1,7,0.2705605074079604,-1.4077601401070439,0.9839827418327332
44,1,8,0.2282854281254666,-1.4246701718200414,0.98238205909729
44,1,9,0.3043805708339554,-1.3062999498290588,0.978784441947937
44,1,10,0.28747053912095794,-1.3062999498290588,0.9754105806350708
44,1,11,0.14373526956047897,-0.9680993155691082,0.9961118698120116
44,1,12,0.08455015856498763,-1.0188294107081008,0.9963138699531556
44,1,13,0.16910031712997525,-0.43543331660968626,0.5142596364021301
44,1,14,0.2282854281254666,-0.4692533800356813,0.5256291627883911
44,1,15,0.3466556501164493,-0.6383536971656566,0.5317188501358032
44,1,16,0.5495760306724196,-0.7229038557306442,0.526634693145752
44,1,17,0.4565708562509332,-0.7229038557306442,0.5382879376411438
44,1,18,0.6510362209504047,-0.8074540142956318,0.515678882598877
44,1,19,0.4312058086814369,-0.7651789350131379,0.5404225587844849
44,1,20,0.6341261892374072,-0.8581841094346244,0.5157631635665894
44,1,21,0.40584076111194056,-0.7567239191566392,0.5355636477470398
44,1,22,0.5833960940984146,-0.8328190618651281,0.503106415271759
44,1,23,-0.008455015856498762,0.004227507928249381,0.991877555847168
44,1,24,0.008455015856498762,-0.004227507928249381,0.9904752373695374
44,1,25,0.12682523784748143,0.731358871587143,0.5773837566375732
44,1,26,0.1521902854169777,0.7651789350131379,0.5979651808738708
44,1,27,0.016910031712997525,1.4584902352460365,0.5769565105438232
44,1,28,0.008455015856498762,1.5684054413805204,0.551289975643158
44,1,29,-0.07609514270848886,1.585315473093518,0.6229944229125977
44,1,30,-0.10991520613448391,1.6783206475150043,0.5919578671455383
44,1,31,0.21983041226896782,1.619135536519513,0.6236010789871216
44,1,32,0.27901552326445916,1.762870806079992,0.5995802879333496
44,2,0,-0.13595968155331487,-1.4297695543993756,0.9878271818161012
44,2,1,-0.09210171976192297,-1.4911707009073243,0.9878743290901184
44,2,2,-0.0833301274036446,-1.4911707009073243,0.989691972732544
44,2,3,-0.06578694268708783,-1.4911707009073243,0.988726019859314
44,2,4,-0.09210171976192297,-1.4999422932656026,0.9864725470542908
44,2,5,-0.0833301274036446,-1.4999422932656026,0.987188160419464
44,2,6,-0.07455853504536622,-1.4999422932656026,0.9866078495979308
44,2,7,0.013157388537417568,-1.4473127391159324,0.9855717420578004
44,2,8,-0.013157388537417568,-1.4560843314742107,0.9841104745864868
44,2,9,-0.10964490447847973,-1.3508252231748703,0.9808897376060486
44,2,10,-0.1184164968367581,-1.3508252231748703,0.9778329730033876
44,2,11,0.1184164968367581,-0.9824183441271783,0.9964852929115297
44,2,12,-0.10087331212020136,-1.017504713560292,0.9966062903404236
44,2,13,0.09210171976192297,-0.41226484083908377,0.5610764026641846
44,2,14,-0.030700573253974323,-0.4824375797053108,0.4846596717834472
44,2,15,-0.23244719749437703,-0.605239872721208,0.573248565196991
44,2,16,-0.26753356692749053,-0.6490978345126,0.4978018999099731
44,2,17,-0.3552494905102743,-0.6578694268708783,0.5748580098152161
44,2,18,-0.37279267522683107,-0.6841842039457136,0.4916596114635467
44,2,19,-0.3377063057937176,-0.719270573378827,0.5765227675437927
44,2,20,-0.37279267522683107,-0.7368137580953837,0.4917922616004944
44,2,21,-0.2850767516440473,-0.719270573378827,0.5688695311546326
44,2,22,-0.3289347134354392,-0.7368137580953837,0.4805358946323395
44,2,23,0.10964490447847973,0.008771592358278379,0.9921810030937196
44,2,24,-0.10964490447847973,-0.008771592358278379,0.9907318353652954
44,2,25,0.06578694268708783,0.7806717198867756,0.6118833422660828
44,2,26,-0.04824375797053108,0.7104989810205486,0.5803800821304321
44,2,27,0.23244719749437703,1.526257070340438,0.6121523380279541
44,2,28,0.07455853504536622,1.3771400002497054,0.5534732341766357
44,2,29,0.3552494905102743,1.649059363356335,0.6477100849151611
44,2,30,0.23244719749437703,1.5174854779821594,0.5930896997451782
44,2,31,-0.013157388537417568,1.692917325147727,0.6551395654678345
44,2,32,-0.021928980895695945,1.5613434397735513,0.6144376397132874
45,1,0,0.2272356253138242,-1.3462638933686943,0.989012897014618
45,1,1,0.2443854838280751,-1.4062883981685725,0.9890565872192384
45,1,2,0.25296041308520056,-1.4062883981685725,0.9906864166259766
45,1,3,0.25296041308520056,-1.4148633274256979,0.9898248910903932
45,1,4,0.2272356253138242,-1.4148633274256979,0.9877931475639344
45,1,5,0.2272356253138242,-1.4148633274256979,0.9884333610534668
45,1,6,0.21866069605669877,-1.4234382566828234,0.9879196286201476
45,1,7,0.2443854838280751,-1.3891385396543217,0.986964464187622
45,1,8,0.17578604977107157,-1.4062883981685725,0.9856775403022766
45,1,9,0.23581055457094965,-1.2862393885688164,0.9827553033828736
45,1,10,0.21866069605669877,-1.2862393885688164,0.9800140261650084
45,1,11,0.17578604977107157,-0.9603920767980495,0.996640682220459
45,1,12,0.030012252399939047,-1.0289915108550531,0.996925413608551
45,1,13,0.2872601301137023,-0.4887709676561502,0.5256618857383728
45,1,14,0.23581055457094965,-0.5487954724560283,0.5341200232505798
45,1,15,0.47590857377046203,-0.9260923597695477,0.5590708255767822
45,1,16,0.4673336445133366,-0.9432422182837986,0.5437671542167664
45,1,17,0.5445080078274656,-1.0032667230836767,0.5618542432785034
45,1,18,0.553082937084591,-1.0289915108550531,0.5357673168182373
45,1,19,0.4930584322847129,-1.0547162986264293,0.5628505349159241
45,1,20,0.4930584322847129,-1.0718661571406802,0.535351037979126
45,1,21,0.44160885674196027,-1.0204165815979276,0.5557815432548523
45,1,22,0.4501837859990857,-1.0375664401121785,0.5230777859687805
45,1,23,0.04716211091418993,0.017149858514250885,0.992615818977356
45,1,24,-0.04716211091418993,-0.017149858514250885,0.9913748502731324
45,1,25,0.10718661571406803,0.7974684209126661,0.5887844562530518
45,1,26,0.0814618279426917,0.7545937746270389,0.6133773922920227
45,1,27,-0.004287464628562721,1.5863619125682067,0.5992587208747864
45,1,28,-0.021437323142813606,1.6635362758823358,0.5824305415153503
45,1,29,-0.09003675719981714,1.7235607806822137,0.634365439414978
45,1,30,-0.11576154497119347,1.8007351439963428,0.6070978045463562
45,1,31,0.19293590828532245,1.8178850025105937,0.6524844169616699
45,1,32,0.21008576679957333,1.9379340121103499,0.6348873376846313
45,2,0,-0.18859467726829127,-1.399109349967091,0.9900994300842284
45,2,1,-0.12719175908791738,-1.460512268147465,0.9901413321495056
45,2,2,-0.11841991363357825,-1.460512268147465,0.9916067123413086
45,2,3,-0.10087622272489999,-1.460512268147465,0.9908331632614136
45,2,4,-0.1359636045422565,-1.4692841136018042,0.989002764225006
45,2,5,-0.12719175908791738,-1.4692841136018042,0.9895783066749572
45,2,6,-0.12719175908791738,-1.4780559590561433,0.9891186952590942
45,2,7,-0.013157768181508694,-1.4341967317844477,0.9882619976997375
45,2,8,-0.048245149998865214,-1.4429685772387868,0.987095594406128
45,2,9,-0.15350729545093475,-1.328934586332378,0.9844670295715332
45,2,10,-0.17105098635961302,-1.328934586332378,0.9819875359535216
45,2,11,0.10087622272489999,-0.986832613613152,0.9969598054885864
45,2,12,-0.10964806817923911,-1.0131481499761694,0.9971505999565125
45,2,13,0.12719175908791738,-0.4692937318071434,0.5695247650146484
45,2,14,0.048245149998865214,-0.5131529590788391,0.484197050333023
45,2,15,-0.24122574999432606,-0.7499927863459955,0.5928025841712952
45,2,16,-0.18859467726829127,-0.776308322709013,0.4968795478343963
45,2,17,-0.34648789544639563,-0.8201675499807086,0.5888388156890869
45,2,18,-0.24122574999432606,-0.8026238590720304,0.4922328293323517
45,2,19,-0.32894420453771733,-0.8727986227067434,0.5892194509506226
45,2,20,-0.27631313181168254,-0.8552549317980651,0.4915516376495361
45,2,21,-0.29385682272036084,-0.8552549317980651,0.5774837136268616
45,2,22,-0.24122574999432606,-0.8377112408893869,0.4806791841983795
45,2,23,0.10087622272489999,0.013157768181508694,0.9931044578552246
45,2,24,-0.10087622272489999,-0.013157768181508694,0.9919571280479432
45,2,25,0.06578884090754347,0.8552549317980651,0.623531699180603
45,2,26,-0.09210437727056085,0.7938520136176912,0.6012752056121826
45,2,27,0.22368205908564778,1.6359491772342476,0.6331057548522949
45,2,28,0.17105098635961302,1.6096336408712302,0.5942366719245911
45,2,29,0.32894420453771733,1.7675268590493345,0.6538829207420349
45,2,30,0.29385682272036084,1.741211322686317,0.6105244755744934
45,2,31,0.004385922727169565,1.8727890045014042,0.6815180778503418
45,2,32,0.013157768181508694,1.8991045408644214,0.6526787281036377
46,1,0,0.10864595158714943,-1.3079301094914528,0.9910028576850892
46,1,1,0.15879023693506455,-1.3831465375133254,0.9910483360290528
46,1,2,0.16714761782638374,-1.3831465375133254,0.9923531413078308
46,1,3,0.17550499871770292,-1.3831465375133254,0.9916754961013794
46,1,4,0.15879023693506455,-1.3831465375133254,0.9900171160697936
46,1,5,0.16714761782638374,-1.3915039184046447,0.9905225038528442
46,1,6,0.16714761782638374,-1.3915039184046447,0.9901320338249208
46,1,7,0.21729190317429886,-1.3664317757306872,0.9893021583557128
46,1,8,0.15043285604374537,-1.3747891566220063,0.988318145275116
46,1,9,0.133718094261107,-1.2577858241435378,0.9858720302581788
46,1,10,0.1420754751524262,-1.2577858241435378,0.983676552772522
46,1,11,0.16714761782638374,-0.9736348738386853,0.9968688488006592
46,1,12,0.041786904456595934,-1.0154217782952812,0.997394859790802
46,1,13,0.2507214267395756,-0.49726416303349164,0.5241408348083496
46,1,14,0.2507214267395756,-0.555765829272726,0.5333712100982666
46,1,15,0.5014428534791512,-0.9485627311647278,0.5638352632522583
46,1,16,0.4596559490225553,-0.956920112056047,0.542629063129425
46,1,17,0.5683019006097048,-1.0154217782952812,0.5646138191223145
46,1,18,0.5515871388270663,-1.0404939209692388,0.536369264125824
46,1,19,0.5181576152617896,-1.0404939209692388,0.5645021200180054
46,1,20,0.4847280916965129,-1.0739234445345156,0.5353445410728455
46,1,21,0.4680133299138745,-1.0237791591866003,0.5542788505554199
46,1,22,0.44294118723991693,-1.048851301860558,0.523399293422699
46,1,23,0.050144285347915124,0.012536071336978781,0.99331933259964
46,1,24,-0.050144285347915124,-0.012536071336978781,0.9923264384269714
46,1,25,0.1253607133697878,0.82320201779494,0.6015604734420776
46,1,26,0.050144285347915124,0.7981298751209824,0.6332228183746338
46,1,27,-0.008357380891319188,1.575366298013667,0.6169583797454834
46,1,28,-0.03342952356527675,1.6840122496008163,0.6191158294677734
46,1,29,-0.10028857069583025,1.717441773166093,0.638314425945282
46,1,30,-0.1420754751524262,1.8093729629706041,0.6212487816810608
46,1,31,0.16714761782638374,1.8010155820792848,0.6752837300300598
46,1,32,0.1922197605003413,1.934733676340392,0.6688699722290039
46,2,0,-0.22940283943018827,-1.3677603256592357,0.9918869733810424
46,2,1,-0.16880586297693098,-1.437014013034387,0.9919310212135316
46,2,2,-0.1601491520550371,-1.437014013034387,0.9931033849716188
46,2,3,-0.1428357302112493,-1.4456707239562807,0.9924960732460022
46,2,4,-0.1774625738988249,-1.4456707239562807,0.9910010695457458
46,2,5,-0.16880586297693098,-1.4456707239562807,0.9914547204971312
46,2,6,-0.1514924411331432,-1.4543274348781747,0.9911072254180908
46,2,7,-0.04761191007041643,-1.419700591190599,0.9903631210327148
46,2,8,-0.07358204283609812,-1.428357302112493,0.9894672632217408
46,2,9,-0.19477599574261267,-1.3071633492059784,0.987265646457672
46,2,10,-0.20343270666450658,-1.3071633492059784,0.9852742552757264
46,2,11,0.08223875375799201,-0.9955217560177981,0.9971559643745422
46,2,12,-0.11686559744556761,-1.004178466939692,0.9975367784500122
46,2,13,0.09089546467988592,-0.45880567886037654,0.5673573613166809
46,2,14,0.030298488226628638,-0.5107459443917399,0.4832617044448852
46,2,15,-0.26402968311776387,-0.8656710921893896,0.5939550995826721
46,2,16,-0.1861192848207188,-0.839700959423708,0.4940443336963653
46,2,17,-0.35925350325859673,-0.8656710921893896,0.5871996283531189
46,2,18,-0.23805955035208218,-0.9955217560177981,0.4903299510478973
46,2,19,-0.3419400814148089,-0.9089546467988592,0.5865274667739868
46,2,20,-0.24671626127397606,-1.0301485997053736,0.4890754222869873
46,2,21,-0.30731323772723335,-0.9002979358769653,0.5713282823562622
46,2,22,-0.23805955035208218,-1.0128351778615858,0.4783568680286407
46,2,23,0.08223875375799201,0.008656710921893896,0.9936942458152772
46,2,24,-0.08223875375799201,-0.008656710921893896,0.9927510023117064
46,2,25,0.07358204283609812,0.8656710921893896,0.634475827217102
46,2,26,-0.03895519914852254,0.8223875375799202,0.6164924502372742
46,2,27,0.20343270666450658,1.6274616533160526,0.6491782069206238
46,2,28,0.1428357302112493,1.5755213877846892,0.6231461763381958
46,2,29,0.30731323772723335,1.765969028066355,0.658949613571167
46,2,30,0.25537297219586996,1.7140287625349915,0.6179742217063904
46,2,31,-0.030298488226628638,1.852536137285294,0.7023108005523682
46,2,32,-0.012985066382840846,1.8438794263634,0.681118369102478
47,1,0,-0.11978460983994724,-1.3052391968766666,0.9925193786621094
47,1,1,-0.08674057953927214,-1.3713272574780166,0.9925597310066224
47,1,2,-0.04543554166342826,-1.3713272574780166,0.9936037063598632
47,1,3,-0.004130503787584387,-1.3713272574780166,0.9930819272994996
47,1,4,-0.012391511362753163,-1.3713272574780166,0.9916913509368896
47,1,5,0.004130503787584387,-1.3795882650531854,0.9920803308486938
47,1,6,0.004130503787584387,-1.3878492726283542,0.991798996925354
47,1,7,0.020652518937921936,-1.354805242327679,0.9910762310028076
47,1,8,0.012391511362753163,-1.3630662499028479,0.9903477430343628
47,1,9,-0.07847957196410336,-1.247412143850485,0.988248884677887
47,1,10,-0.028913526513090714,-1.247412143850485,0.9864901900291444
47,1,11,0.12804561741511603,-0.9747988938699155,0.9970860481262208
47,1,12,-0.07021856438893459,-1.0243649393209282,0.9977244138717652
47,1,13,0.18587267044129743,-0.5287044848108016,0.5466145873069763
47,1,14,0.14456763256545357,-0.6360975832879957,0.5336750745773315
47,1,15,0.39239785982051684,-0.9995819165954218,0.6091248989105225
47,1,16,0.3345708067943354,-1.032625946896097,0.5429663062095642
47,1,17,0.45848592042186703,-1.065669977196772,0.6013573408126831
47,1,18,0.41718088254602315,-1.1069750150726159,0.5384649634361267
47,1,19,0.41718088254602315,-1.1069750150726159,0.6004323363304138
47,1,20,0.36761483709501047,-1.1482800529484598,0.5371366739273071
47,1,21,0.38413685224534805,-1.0821919923471095,0.5863482356071472
47,1,22,0.3345708067943354,-1.1317580377981222,0.5264408588409424
47,1,23,0.11978460983994724,0.01652201515033755,0.9939005374908448
47,1,24,-0.11978460983994724,-0.01652201515033755,0.9931372404098512
47,1,25,0.020652518937921936,0.8261007575168775,0.6193380355834961
47,1,26,-0.10326259468960969,0.7930567272162025,0.6464332342147827
47,1,27,-0.10326259468960969,1.5695914392820673,0.6361138820648193
47,1,28,-0.11152360226477846,1.6769845377592614,0.6437222957611084
47,1,29,-0.19413367801646622,1.7182895756351053,0.6544471979141235
47,1,30,-0.21065569316680377,1.8091606589619618,0.6275505423545837
47,1,31,0.020652518937921936,1.7926386438116242,0.6957392692565918
47,1,32,0.061957556813765816,1.9330757725894934,0.6897526383399963
47,2,0,-0.2711767031085029,-1.3346978356121628,0.9932563304901124
47,2,1,-0.2203310712756586,-1.4024920113892885,0.9932949542999268
47,2,2,-0.20338252733137718,-1.4024920113892885,0.9942338466644288
47,2,3,-0.18643398338709574,-1.4024920113892885,0.9937657713890076
47,2,4,-0.2203310712756586,-1.4109662833614292,0.9925093650817872
47,2,5,-0.2118567993035179,-1.4109662833614292,0.9928566813468932
47,2,6,-0.20338252733137718,-1.4194405553335698,0.9926061034202576
47,2,7,-0.08474271972140716,-1.3855434674450071,0.991963505744934
47,2,8,-0.10169126366568859,-1.3940177394171478,0.9912952780723572
47,2,9,-0.22880534324779933,-1.266903659835037,0.98940908908844
47,2,10,-0.23727961521994004,-1.2753779318071776,0.9878137707710266
47,2,11,0.1101655356378293,-0.9872526847543934,0.99736487865448
47,2,12,-0.09321699169354787,-1.0126755006708155,0.9978349208831788
47,2,13,0.10169126366568859,-0.5042191823423726,0.5897387862205505
47,2,14,-0.008474271972140715,-0.5296419982587948,0.4835123121738434
47,2,15,-0.2627024311363622,-0.910984237005127,0.6408580541610718
47,2,16,-0.20338252733137718,-0.6737046217851869,0.4942277669906616
47,2,17,-0.33897087888562866,-0.9618298688379713,0.628271758556366
47,2,18,-0.2796509750806436,-0.5974361740359204,0.4923617839813232
47,2,19,-0.3135480629692065,-1.0042012286986748,0.6268795132637024
47,2,20,-0.23727961521994004,-0.8177672453115791,0.4909942746162414
47,2,21,-0.29659951902492504,-0.9787784127822526,0.6108758449554443
47,2,22,-0.22880534324779933,-0.8262415172837198,0.4818966388702392
47,2,23,0.10169126366568859,0.004237135986070358,0.9943407773971558
47,2,24,-0.10169126366568859,-0.004237135986070358,0.9936184883117676
47,2,25,0.06779417577712572,0.8516643332001419,0.6522316336631775
47,2,26,-0.09321699169354787,0.8177672453115791,0.6392889618873596
47,2,27,0.18643398338709574,1.6397716266092286,0.6660856604576111
47,2,28,0.11863980760997002,1.5719774508321027,0.6534497141838074
47,2,29,0.2796509750806436,1.77535997816348,0.671389639377594
47,2,30,0.22880534324779933,1.7075658023863542,0.6277854442596436
47,2,31,-0.01694854394428143,1.919422601689872,0.7195460200309753
47,2,32,-0.008474271972140715,1.8770512418291685,0.7014319896697998
48,1,0,-0.06239393380757858,-1.3310705878950098,0.993545413017273
48,1,1,-0.12894746320232905,-1.3893049261154164,0.9934706687927246
48,1,2,-0.12062827202798525,-1.3809857349410726,0.9943014979362488
48,1,3,-0.037436360284547145,-1.3809857349410726,0.9939088225364684
48,1,4,-0.029117169110203338,-1.39762411728976,0.9927234053611756
48,1,5,-0.020797977935859528,-1.405943308464104,0.9930242300033568
48,1,6,-0.020797977935859528,-1.405943308464104,0.9927892684936525
48,1,7,0.10398988967929763,-1.3477089702436973,0.9920891523361206
48,1,8,-0.012478786761515715,-1.3726665437667287,0.9915159940719604
48,1,9,-0.1539050367253605,-1.2645170585002592,0.9898762702941896
48,1,10,-0.04575555145889096,-1.2811554408489467,0.9884452223777772
48,1,11,0.1622242278997043,-0.9733453673982259,0.9973117709159852
48,1,12,-0.04575555145889096,-1.0232605144442888,0.9979559183120728
48,1,13,0.26205452199183005,-0.5573858086810353,0.5874438881874084
48,1,14,0.12894746320232905,-0.6405777204244734,0.5298888683319092
48,1,15,0.49499187487345675,-0.965026176223882,0.6476211547851562
48,1,16,0.35356562490961196,-0.9234302203521629,0.5319435000419617
48,1,17,0.5449070219195196,-1.014941323269945,0.6338760852813721
48,1,18,0.34524643373526814,-0.9733453673982259,0.5261388421058655
48,1,19,0.5116302572221444,-1.0398988967929763,0.6324067711830139
48,1,20,0.3119696690378929,-1.0398988967929763,0.5247478485107422
48,1,21,0.4533959190017377,-1.0232605144442888,0.6179162859916687
48,1,22,0.3119696690378929,-1.014941323269945,0.5150501728057861
48,1,23,0.0790323161562662,0.00831919117434381,0.9944726824760436
48,1,24,-0.0790323161562662,-0.00831919117434381,0.9937896728515624
48,1,25,0.012478786761515715,0.8069615439113497,0.6409586668014526
48,1,26,-0.13726665437667288,0.8319191174343811,0.6632286310195923
48,1,27,-0.04575555145889096,1.5972847054740116,0.6606807112693787
48,1,28,-0.054074742633234765,1.6139230878226993,0.6697702407836914
48,1,29,-0.12894746320232905,1.7553493377865441,0.6750014424324036
48,1,30,-0.10398988967929763,1.7553493377865441,0.6388546824455261
48,1,31,0.012478786761515715,1.8801372054017012,0.716592013835907
48,1,32,0.037436360284547145,1.9383715436221078,0.7039505839347839
48,2,0,-0.24678840194538637,-1.3488262658049566,0.9941681027412416
48,2,1,-0.21274862236671238,-1.4169058249623043,0.9941062331199646
48,2,2,-0.19572873257737539,-1.408395880067636,0.9948511123657228
48,2,3,-0.1701988978933699,-1.408395880067636,0.9945011138916016
48,2,4,-0.21274862236671238,-1.425415769856973,0.993422031402588
48,2,5,-0.20423867747204388,-1.4339257147516413,0.9936813116073608
48,2,6,-0.19572873257737539,-1.4339257147516413,0.9934782385826112
48,2,7,-0.05956961426267947,-1.3658461555942936,0.9928653836250304
48,2,8,-0.11913922852535894,-1.391375990278299,0.9923226237297058
48,2,9,-0.22125856726138088,-1.27223676175294,0.990852117538452
48,2,10,-0.22976851215604938,-1.2807467066476086,0.9895469546318054
48,2,11,0.11913922852535894,-0.9914085802288797,0.9975574612617492
48,2,12,-0.09360939384135344,-1.0084284700182167,0.9980188608169556
48,2,13,0.03403977957867398,-0.48081188654877,0.6277515888214111
48,2,14,-0.05105966936801097,-0.5148516661274439,0.4814625978469848
48,2,15,-0.29784807131339736,-0.9488588557555372,0.6791505217552185
48,2,16,-0.22976851215604938,-0.497831776338107,0.486839085817337
48,2,17,-0.3659276304707453,-0.9999185251235482,0.6631190180778503
48,2,18,-0.25529834684005487,-0.497831776338107,0.4841166138648987
48,2,19,-0.3403977957867398,-1.033958304702222,0.6615356802940369
48,2,20,-0.25529834684005487,-0.5574013906007864,0.4829112589359283
48,2,21,-0.3148679611027343,-1.0084284700182167,0.6466103196144104
48,2,22,-0.23827845705071787,-0.5659113354954549,0.4746562540531158
48,2,23,0.09360939384135344,0.004254972447334248,0.9948172569274902
48,2,24,-0.09360939384135344,-0.004254972447334248,0.9941969513893129
48,2,25,0.08509944894668495,0.8382295721248467,0.6737293004989624
48,2,26,-0.07658950405201645,0.8552494619141837,0.6709954142570496
48,2,27,0.1787088427880384,1.6381643922236853,0.6901094913482666
48,2,28,0.13615911831469593,1.6211445024343483,0.6867882013320923
48,2,29,0.27231823662939186,1.7828334554330498,0.6975716948509216
48,2,30,0.23827845705071787,1.7573036207490442,0.64942467212677
48,2,31,-0.025529834684005485,1.9870721329050935,0.740073561668396
48,2,32,-0.01701988978933699,1.9700522431157566,0.7187594771385193
49,1,0,-0.07285300266100038,-1.2951644917511178,0.9901450276374816
49,1,1,-0.09713733688133384,-1.3761122724855628,0.9904096722602844
49,1,2,-0.09713733688133384,-1.3761122724855628,0.9914899468421936
49,1,3,-0.08904255880788935,-1.3761122724855628,0.9913442730903624
49,1,4,-0.10523211495477833,-1.3923018286324518,0.9894081354141236
49,1,5,-0.11332689302822281,-1.4003966067058962,0.9899445176124572
49,1,6,-0.11332689302822281,-1.4084913847793408,0.989413321018219
49,1,7,0.02428433422033346,-1.3518279382652292,0.98906010389328
49,1,8,-0.04047389036722243,-1.3761122724855628,0.9855844378471376
49,1,9,-0.09713733688133384,-1.230406267163562,0.9866616725921632
49,1,10,-0.08904255880788935,-1.2385010452370064,0.9831961989402772
49,1,11,0.11332689302822281,-0.9713733688133384,0.9971756935119628
49,1,12,-0.0647582245875559,-1.0280368153274497,0.997792661190033
49,1,13,0.13761122724855626,-0.5585396870676695,0.5874824523925781
49,1,14,0.02428433422033346,-0.5747292432145585,0.5165475010871887
49,1,15,0.08904255880788935,-0.9389942565195605,0.6401323676109314
49,1,16,0.1780851176157787,-0.7042456923896704,0.5000053644180298
49,1,17,0.04856866844066692,-0.8418569196382266,0.6302804350852966
49,1,18,0.4209284598191133,-0.7447195827568928,0.4958516359329223
49,1,19,0.2428433422033346,-0.9066151442257825,0.629607081413269
49,1,20,0.04047389036722243,-0.7447195827568928,0.4944304525852203
49,1,21,0.1780851176157787,-1.0037524811071163,0.6146448254585266
49,1,22,0.09713733688133384,-0.6961509143162259,0.4824063777923584
49,1,23,0.08904255880788935,0.02428433422033346,0.9946606159210204
49,1,24,-0.08904255880788935,-0.02428433422033346,0.9936403632164
49,1,25,-0.056663446514111405,0.8013830292710041,0.6515586376190186
49,1,26,-0.08904255880788935,0.8013830292710041,0.6953920125961304
49,1,27,0.016189556146888974,1.4894391655137855,0.6756689548492432
49,1,28,0.08094778073444486,1.529913055881008,0.7062370777130127
49,1,29,-0.02428433422033346,1.6432399489092309,0.6912187337875366
49,1,30,0.16999033954233422,1.6675242831295642,0.6702427864074707
49,1,31,-0.02428433422033346,1.8051355103781206,0.7327728867530823
49,1,32,0.0,1.8537041788187874,0.729060709476471
49,2,0,-0.26137478944354076,-1.3027251410360603,0.9911017417907716
49,2,1,-0.2281843399903927,-1.3774036523056432,0.9913457036018372
49,2,2,-0.21158911526381868,-1.3774036523056432,0.9923155307769777
49,2,3,-0.19499389053724467,-1.3774036523056432,0.9921881556510924
49,2,4,-0.23648195235367972,-1.3939988770322174,0.9904311895370485
49,2,5,-0.23648195235367972,-1.4022964893955043,0.9909006357192992
49,2,6,-0.2281843399903927,-1.4105941017587913,0.9904292821884156
49,2,7,-0.08712492981451359,-1.3525108152157823,0.9901333451271056
49,2,8,-0.14520821635752262,-1.3774036523056432,0.9869730472564696
49,2,9,-0.2281843399903927,-1.2363442421297641,0.9879515767097472
49,2,10,-0.2447795647169667,-1.2363442421297641,0.984809935092926
49,2,11,0.08712492981451359,-0.9791182588678669,0.9974290728569032
49,2,12,-0.12031537926766162,-1.020606320684302,0.997836709022522
49,2,13,-0.037339255634791534,-0.4895591294339334,0.6278493404388428
49,2,14,-0.09542254217780059,-0.5061543541605075,0.4688084721565246
49,2,15,-0.38583897489284585,-0.9210349723248579,0.6725363731384277
49,2,16,-0.14520821635752262,-0.3402021068947673,0.4578241109848022
49,2,17,-0.4771127108890029,-0.9791182588678669,0.6602061986923218
49,2,18,-0.14520821635752262,-0.2821188203517583,0.4569195210933685
49,2,19,-0.4356246490725679,-1.012308708321015,0.6592764854431152
49,2,20,-0.17010105344738366,-0.3402021068947673,0.4557672441005707
49,2,21,-0.4024341996194199,-1.012308708321015,0.6440694332122803
49,2,22,-0.15350582872080965,-0.36509494398462833,0.4453734755516052
49,2,23,0.09542254217780059,0.008297612363287007,0.994982898235321
49,2,24,-0.09542254217780059,-0.008297612363287007,0.9940508008003236
49,2,25,0.07882731745122658,0.8463564610552747,0.6844367384910583
49,2,26,-0.05393448036136555,0.8546540734185618,0.7062571048736572
49,2,27,0.17839866581067065,1.5516535119346704,0.7046480774879456
49,2,28,0.1286129916309486,1.5350582872080965,0.7226749062538147
49,2,29,0.26137478944354076,1.6927129221105495,0.7131550908088684
49,2,30,0.23648195235367972,1.6595224726574016,0.6822531223297119
49,2,31,-0.02074403090821752,1.8835580064661508,0.7552947402000427
49,2,32,-0.09542254217780059,1.9001532311927247,0.7445446848869324
50,1,0,-0.13206913565230366,-1.3124370355447674,0.9890008568763732
50,1,1,-0.09905185173922773,-1.3784716033709192,0.9880228638648988
50,1,2,-0.0742888888044208,-1.3784716033709192,0.9893131852149964
50,1,3,-0.049525925869613865,-1.3784716033709192,0.988995373249054
50,1,4,-0.13206913565230366,-1.3949802453274573,0.9869200587272644
50,1,5,-0.13206913565230366,-1.4032345663057262,0.9872918725013732
50,1,6,-0.12381481467403467,-1.4114888872839952,0.986437976360321
50,1,7,0.08254320978268978,-1.3454543194578434,0.9854530692100524
50,1,8,-0.024762962934806933,-1.3784716033709192,0.9815291166305542
50,1,9,-0.1155604936957657,-1.2381481467403468,0.9846966862678528
50,1,10,-0.1485777776088416,-1.2546567886968847,0.9816095232963562
50,1,11,0.1485777776088416,-0.9657555544574704,0.997136116027832
50,1,12,-0.049525925869613865,-1.0317901222836223,0.9978529810905457
50,1,13,0.16508641956537956,-0.5035135796744077,0.5975104570388794
50,1,14,-0.008254320978268979,-0.5282765426092146,0.5118685960769653
50,1,15,0.21461234543499344,-0.734634567065939,0.6491341590881348
50,1,16,-0.049525925869613865,-0.5943111104353664,0.4852933883666992
50,1,17,0.3549358020655661,-0.775906171957284,0.6404018998146057
50,1,18,-0.04127160489134489,-0.5860567894570975,0.4817445278167724
50,1,19,0.4044617279351799,-0.8336864188051668,0.6404184699058533
50,1,20,0.28064691326114527,-0.6685999992397872,0.4809679388999939
50,1,21,0.30540987619595217,-0.8006691348920909,0.6270266771316528
50,1,22,0.23937530836980037,-0.6685999992397872,0.4689738750457763
50,1,23,0.05778024684788285,0.008254320978268979,0.9945610165596008
50,1,24,-0.05778024684788285,-0.008254320978268979,0.9935898184776306
50,1,25,0.04127160489134489,0.7924148139138218,0.6533169746398926
50,1,26,-0.016508641956537957,0.8419407397834358,0.7216202020645142
50,1,27,0.10730617271749672,1.53530370195803,0.684834361076355
50,1,28,0.16508641956537956,1.53530370195803,0.7293642163276672
50,1,29,0.14032345663057263,1.6838814795668715,0.703107476234436
50,1,30,0.13206913565230366,1.6591185166320646,0.6865148544311523
50,1,31,0.033017283913075915,1.8489678991322511,0.7406501770019531
50,1,32,-0.016508641956537957,1.9067481459801339,0.7404364943504333
50,2,0,-0.3137086909015593,-1.317576501786549,0.9900718927383424
50,2,1,-0.2718808654480181,-1.3845010225122152,0.9892022013664246
50,2,2,-0.25514973526660156,-1.3845010225122152,0.9903606176376344
50,2,3,-0.2384186050851851,-1.3845010225122152,0.9900778532028198
50,2,4,-0.28024643053872633,-1.4012321526936315,0.988198220729828
50,2,5,-0.28024643053872633,-1.4095977177843397,0.9885233044624328
50,2,6,-0.2718808654480181,-1.4179632828750481,0.9877620339393616
50,2,7,-0.1213006938152696,-1.351038762149382,0.9868918657302856
50,2,8,-0.1714940843595191,-1.3845010225122152,0.9833313822746276
50,2,9,-0.2718808654480181,-1.242286415970175,0.9861868023872375
50,2,10,-0.28861199562943457,-1.2506519810608832,0.9833892583847046
50,2,11,0.029279477817478868,-0.9745883330675109,0.9973753094673156
50,2,12,-0.07947286836172836,-1.0247817236117605,0.9978560209274292
50,2,13,-0.06274173818031187,-0.44755773235289126,0.63690185546875
50,2,14,-0.1213006938152696,-0.506116687987849,0.4643211364746094
50,2,15,-0.4308266021714748,-0.7487180756183882,0.6749794483184814
50,2,16,-0.2384186050851851,-0.6316001643484728,0.4404554665088653
50,2,17,-0.5312133832599738,-0.8574704217975955,0.659439742565155
50,2,18,-0.20495634472235208,-0.5479445134413903,0.4386697709560394
50,2,19,-0.506116687987849,-0.8909326821604284,0.6589124202728271
50,2,20,-0.23005303999447682,-0.7403525105276799,0.4379495978355407
50,2,21,-0.472654427625016,-0.8574704217975955,0.6442488431930542
50,2,22,-0.2384186050851851,-0.7319869454369717,0.4276304841041565
50,2,23,0.03764504290818712,0.004182782545354124,0.9947797656059264
50,2,24,-0.03764504290818712,-0.004182782545354124,0.99385803937912
50,2,25,0.029279477817478868,0.840739291616179,0.6847460269927979
50,2,26,-0.029279477817478868,0.8491048567068872,0.7166655659675598
50,2,27,0.12966625890597785,1.5769090195985047,0.7105417847633362
50,2,28,0.1213006938152696,1.5434467592356718,0.7314789891242981
50,2,29,0.23005303999447682,1.719123626140545,0.7244714498519897
50,2,30,0.22168747490376858,1.6772958006870038,0.689637303352356
50,2,31,-0.08783843345243661,1.919897188317543,0.7597489356994629
50,2,32,-0.1213006938152696,1.88643492795471,0.7444522380828857
51,1,0,-0.23651248677305184,-1.323640057554448,0.9892662167549132
51,1,1,-0.14522696556240025,-1.381730843779408,0.9876405000686646
51,1,2,-0.1286295980695545,-1.381730843779408,0.9886720776557922
51,1,3,-0.12033091432313163,-1.381730843779408,0.9882409572601318
51,1,4,-0.161824333055246,-1.3983282112722537,0.9869426488876344
51,1,5,-0.17012301680166886,-1.4066268950186767,0.9873077869415284
51,1,6,-0.17012301680166886,-1.4149255787650996,0.9866949915885924
51,1,7,-0.020746709366057176,-1.3485361087937167,0.9838456511497498
51,1,8,-0.10373354683028589,-1.381730843779408,0.9817712903022766
51,1,9,-0.21991511928020607,-1.2489519038366421,0.9830251336097716
51,1,10,-0.21991511928020607,-1.2655492713294878,0.9810249209403992
51,1,11,0.06224012809817153,-0.9667966564582645,0.9966383576393129
51,1,12,-0.05394144435174866,-1.0331861264296474,0.9978922605514526
51,1,13,0.09543486308386302,-0.46057694792646936,0.5909057855606079
51,1,14,-0.09543486308386302,-0.5269664178978524,0.5152848362922668
51,1,15,-0.020746709366057176,-0.6597453578406183,0.6290884017944336
51,1,16,0.03734407685890292,-0.6597453578406183,0.4873965084552765
51,1,17,0.0705388118445944,-0.7012387765727326,0.6181910037994385
51,1,18,0.17842170054809173,-0.6514466740941954,0.4820617735385895
51,1,19,0.08713617933744015,-0.7344335115584241,0.6188027262687683
51,1,20,0.2116164355337832,-0.7510308790512699,0.4815313220024109
51,1,21,0.10373354683028589,-0.7178361440655784,0.606744110584259
51,1,22,0.15352564930882312,-0.7427321953048469,0.4702244102954864
51,1,23,0.06224012809817153,0.004149341873211435,0.9939517974853516
51,1,24,-0.06224012809817153,-0.004149341873211435,0.9931365847587584
51,1,25,-0.07883749559101727,0.8257190327690757,0.6454968452453613
51,1,26,-0.05394144435174866,0.8340177165154985,0.7326173782348633
51,1,27,-0.012448025619634307,1.5560032024542882,0.6803435683250427
51,1,28,0.10373354683028589,1.5477045187078655,0.7417338490486145
51,1,29,-0.012448025619634307,1.697080826143477,0.7041889429092407
51,1,30,0.0705388118445944,1.6804834586506314,0.7012456655502319
51,1,31,-0.0705388118445944,1.8713531848183573,0.7339193224906921
51,1,32,-0.0705388118445944,1.8713531848183573,0.746016263961792
51,2,0,-0.3161743721868558,-1.3279323631847941,0.9903311729431152
51,2,1,-0.26558647263695884,-1.3869515793263407,0.9888706803321838
51,2,2,-0.25715515604530936,-1.3869515793263407,0.9897981286048888
51,2,3,-0.2402925228620104,-1.3869515793263407,0.9894115328788756
51,2,4,-0.28244910582025784,-1.4038142125096396,0.9882391095161438
51,2,5,-0.28244910582025784,-1.4122455291012892,0.9885644912719728
51,2,6,-0.2740177892286083,-1.4206768456929386,0.988015592098236
51,2,7,-0.13068540717056706,-1.3532263129597426,0.9854562878608704
51,2,8,-0.18127330672046396,-1.3869515793263407,0.9835771918296814
51,2,9,-0.28244910582025784,-1.2436191972682993,0.984707534313202
51,2,10,-0.2993117390035568,-1.2604818304515983,0.982894778251648
51,2,11,0.029509608070773206,-0.9822483829271652,0.9969512820243835
51,2,12,-0.11382277398726807,-1.0159736492937632,0.9979395866394044
51,2,13,-0.05480355784572167,-0.44264412106159806,0.6309307813644409
51,2,14,-0.1728419901288145,-0.510094653794794,0.4726393222808838
51,2,15,-0.44264412106159806,-0.7461715183609796,0.6608589887619019
51,2,16,-0.39205622151170116,-0.7461715183609796,0.4537179172039032
51,2,17,-0.5438199201613919,-0.8557786340524229,0.645633339881897
51,2,18,-0.45107543765324754,-0.822053367685825,0.4498064517974853
51,2,19,-0.510094653794794,-0.8895039004190209,0.6456937789916992
51,2,20,-0.4257814878782991,-0.8473473174607734,0.4488464295864105
51,2,21,-0.476369387428196,-0.8557786340524229,0.6322643756866455
51,2,22,-0.4089188546950001,-0.8136220510941755,0.4393521845340729
51,2,23,0.08009750762067012,-0.004215658295824744,0.9943727850914
51,2,24,-0.08009750762067012,0.004215658295824744,0.993617296218872
51,2,25,0.037940924662422694,0.8557786340524229,0.6785512566566467
51,2,26,-0.06323487443737115,0.8557786340524229,0.7354505658149719
51,2,27,0.12225409057891756,1.6230284438925262,0.7091225981712341
51,2,28,0.08852882421231961,1.5724405443426293,0.7528502941131592
51,2,29,0.20656725649541244,1.7494981927672686,0.7263639569282532
51,2,30,0.18127330672046396,1.707341609809021,0.7095576524734497
51,2,31,-0.10539145739561859,1.9602811075585058,0.7570351362228394
51,2,32,-0.13911672376221654,1.9096932080086089,0.76045823097229
52,1,0,0.10231147071238426,-1.290698553602386,0.9904199242591858
52,1,1,0.0944413575806624,-1.3615295717878828,0.9886476397514344
52,1,2,0.08657124444894053,-1.3615295717878828,0.9893969893455504
52,1,3,0.07870113131721866,-1.3615295717878828,0.9892361164093018
52,1,4,0.0944413575806624,-1.3693996849196048,0.9882792234420776
52,1,5,0.08657124444894053,-1.3772697980513267,0.9884431958198548
52,1,6,0.08657124444894053,-1.3851399111830485,0.9880920648574828
52,1,7,0.0236103393951656,-1.3457893455244392,0.9846753478050232
52,1,8,0.03935056565860933,-1.3693996849196048,0.9834741950035096
52,1,9,0.055090791922053066,-1.2277376485486111,0.9840754866600036
52,1,10,0.06296090505377493,-1.243477874812055,0.983022689819336
52,1,11,0.0708310181854968,-0.9680239152017895,0.9967772960662842
52,1,12,-0.007870113131721866,-1.0309848202555645,0.998063325881958
52,1,13,0.01574022626344373,-0.46433667477159013,0.5810257196426392
52,1,14,-0.10231147071238426,-0.5115573535619213,0.5235709547996521
52,1,15,-0.14953214950271546,-0.5351676929570869,0.6142367124557495
52,1,16,-0.03935056565860933,-0.59025848487914,0.5039839148521423
52,1,17,-0.2597137333468216,-0.5115573535619213,0.6044847369194031
52,1,18,0.08657124444894053,-0.5745182586156963,0.4987019002437591
52,1,19,-0.01574022626344373,-0.6138688242743056,0.6052457094192505
52,1,20,0.24397350708337787,-0.6689596161963587,0.4976405799388885
52,1,21,0.03935056565860933,-0.6138688242743056,0.5923982858657837
52,1,22,0.20462294142476853,-0.6689596161963587,0.4867292940616607
52,1,23,-0.03148045252688746,0.007870113131721866,0.9938645958900452
52,1,24,0.03148045252688746,-0.007870113131721866,0.9933528304100036
52,1,25,-0.118051696975828,0.7712710869087429,0.6391092538833618
52,1,26,0.0236103393951656,0.7240504081184117,0.7528789639472961
52,1,27,-0.0472206787903312,1.4402307031051016,0.6843059659004211
52,1,28,0.0708310181854968,1.416620363709936,0.7673312425613403
52,1,29,-0.14953214950271546,1.5661525132126515,0.7115155458450317
52,1,30,-0.06296090505377493,1.5504122869492076,0.7258744239807129
52,1,31,0.0236103393951656,1.7471651152422543,0.7350715398788452
52,1,32,0.01574022626344373,1.707814549583645,0.7702758312225342
52,2,0,-0.29109866872417584,-1.3099440092587913,0.9913647770881652
52,2,1,-0.25783024944141286,-1.3847979526450078,0.9897735714912416
52,2,2,-0.24951314462072216,-1.3847979526450078,0.9904459714889526
52,2,3,-0.2411960398000314,-1.3847979526450078,0.9903035163879396
52,2,4,-0.25783024944141286,-1.3931150574656987,0.9894381761550904
52,2,5,-0.25783024944141286,-1.4014321622863894,0.9895811080932616
52,2,6,-0.24951314462072216,-1.4097492671070802,0.9892690181732178
52,2,7,-0.15802499159312403,-1.3598466381829357,0.9862000346183776
52,2,8,-0.16634209641381476,-1.3847979526450078,0.9851035475730896
52,2,9,-0.25783024944141286,-1.2434071706932655,0.985647439956665
52,2,10,-0.2661473542621036,-1.2517242755139562,0.9846850633621216
52,2,11,-0.024951314462072216,-0.9855769212518525,0.9970701932907104
52,2,12,-0.09980525784828886,-1.0105282357139247,0.9980993270874025
52,2,13,-0.1081223626689796,-0.4449651079069545,0.6219553351402283
52,2,14,-0.19961051569657773,-0.47823352718971746,0.479130357503891
52,2,15,-0.44080655549660913,-0.6612098332449137,0.6473402976989746
52,2,16,-0.37426971693108324,-0.5946729946793878,0.4660646021366119
52,2,17,-0.5489289181655888,-0.7443808814518211,0.6333099007606506
52,2,18,-0.4740749747793721,-0.7194295669897489,0.4630219340324402
52,2,19,-0.507343394062135,-0.7942835103759656,0.633570671081543
52,2,20,-0.4491236603172999,-0.7194295669897489,0.4617959856986999
52,2,21,-0.46575786995868135,-0.777649300734584,0.6194502115249634
52,2,22,-0.4158552410345369,-0.6695269380656045,0.4527266025543213
52,2,23,0.016634209641381476,-0.004158552410345369,0.9941748380661012
52,2,24,-0.016634209641381476,0.004158552410345369,0.9937083721160888
52,2,25,-0.008317104820690738,0.8608203489414914,0.6712005734443665
52,2,26,-0.016634209641381476,0.8192348248380378,0.7411771416664124
52,2,27,0.1081223626689796,1.6010426779829672,0.710658848285675
52,2,28,0.1081223626689796,1.5594571538795134,0.7660054564476013
52,2,29,0.19129341087588697,1.7174821454726374,0.7331956624984741
52,2,30,0.19961051569657773,1.6925308310105653,0.7250544428825378
52,2,31,-0.1330736771310518,1.9254097659899059,0.7557277083396912
52,2,32,-0.1497078867724333,1.8671900322450707,0.7726632952690125
53,1,0,0.25312638731559445,-1.2736676949054515,0.991783618927002
53,1,1,0.25312638731559445,-1.3459895198527643,0.9901449680328368
53,1,2,0.25312638731559445,-1.3459895198527643,0.9906638264656068
53,1,3,0.25312638731559445,-1.3459895198527643,0.9906836748123168
53,1,4,0.24509062898811526,-1.3540252781802433,0.990004539489746
53,1,5,0.2290191123331569,-1.3620610365077226,0.9900718331336976
53,1,6,0.2209833540056777,-1.378132553162681,0.9898822903633118
53,1,7,0.20491183735071933,-1.3459895198527643,0.9862821102142334
53,1,8,0.15669728738584418,-1.3700967948352019,0.9859655499458312
53,1,9,0.2290191123331569,-1.209381628285618,0.9857608079910278
53,1,10,0.21294759567819851,-1.2254531449405763,0.9855350852012634
53,1,11,0.11651849574844825,-0.9763446367887215,0.9969266057014464
53,1,12,0.05223242912861473,-1.0165234284261175,0.9982340335845948
53,1,13,0.09241122076601067,-0.46205610383005336,0.567176878452301
53,1,14,-0.06830394578357311,-0.49419913713997016,0.5296446681022644
53,1,15,-0.18884032069576095,-0.47009186215753257,0.5987673997879028
53,1,16,0.15669728738584418,-0.49419913713997016,0.5152121186256409
53,1,17,-0.06830394578357311,-0.47009186215753257,0.5910509824752808
53,1,18,0.26116214564307366,-0.48616337881249094,0.5110394954681396
53,1,19,0.10044697909348986,-0.5424136871048453,0.5916996598243713
53,1,20,0.32544821226290715,-0.5584852037598037,0.5096926093101501
53,1,21,0.06026818745609392,-0.5343779287773661,0.5777474045753479
53,1,22,0.2852694206255112,-0.5504494454323244,0.4985687732696533
53,1,23,-0.012053637491218783,0.012053637491218783,0.993825376033783
53,1,24,0.012053637491218783,-0.012053637491218783,0.9934930205345154
53,1,25,0.012053637491218783,0.823665228566617,0.6310890913009644
53,1,26,0.12455425407592743,0.7674149202742626,0.7598754167556763
53,1,27,-0.004017879163739595,1.506704686402348,0.6822689771652222
53,1,28,0.020089395818697973,1.5227762030573064,0.7780033946037292
53,1,29,-0.10044697909348986,1.6433125779694941,0.7145435214042664
53,1,30,-0.08437546243853149,1.6593840946244525,0.7366440892219543
53,1,31,0.08437546243853149,1.804027744519078,0.7320014834403992
53,1,32,0.06830394578357311,1.7879562278641197,0.7802442908287048
53,2,0,-0.282254037309093,-1.317185507442434,0.9925915598869324
53,2,1,-0.24134765509038383,-1.3826357189923684,0.991118311882019
53,2,2,-0.23316637864664203,-1.3908169954361103,0.9915831685066224
53,2,3,-0.21680382575915835,-1.3908169954361103,0.991603672504425
53,2,4,-0.24952893153412567,-1.3908169954361103,0.9909886121749878
53,2,5,-0.24134765509038383,-1.3908169954361103,0.9910451769828796
53,2,6,-0.23316637864664203,-1.3989982718798522,0.9908782839775084
53,2,7,-0.11862850843425646,-1.3662731661048848,0.987646222114563
53,2,8,-0.14317233776548194,-1.3826357189923684,0.9873387813568116
53,2,9,-0.24134765509038383,-1.2435540194487573,0.9871689081192015
53,2,10,-0.24952893153412567,-1.2435540194487573,0.986949861049652
53,2,11,0.004090638221870913,-0.981753173249019,0.9972013831138612
53,2,12,-0.1268097848779983,-1.0144782790239864,0.9982900023460388
53,2,13,-0.053178296884321866,-0.4336076515183167,0.6085785031318665
53,2,14,-0.1922599964279329,-0.48269531018076767,0.4846880137920379
53,2,15,-0.36406680174651124,-0.5972331803931532,0.632453441619873
53,2,16,-0.3313416959715439,-0.5563267981744441,0.4781889915466308
53,2,17,-0.45406084262767127,-0.6954084977180551,0.6201785802841187
53,2,18,-0.421335736852704,-0.6790459448305715,0.4762056171894073
53,2,19,-0.41315446040896214,-0.7363148799367643,0.6203080415725708
53,2,20,-0.41315446040896214,-0.6790459448305715,0.4747787117958069
53,2,21,-0.38042935463399485,-0.7199523270492806,0.6046751737594604
53,2,22,-0.372248078190253,-0.6626833919430878,0.4651925563812256
53,2,23,0.08590340265928917,0.0,0.9939512610435486
53,2,24,-0.08590340265928917,0.0,0.9938016533851624
53,2,25,0.07772212621554733,0.842671473705408,0.6646715402603149
53,2,26,-0.020453191109354563,0.793583815042957,0.7591366767883301
53,2,27,0.14317233776548194,1.5544425243109468,0.7093800902366638
53,2,28,0.09408467910303099,1.5380799714234632,0.7858527302742004
53,2,29,0.2249851022029002,1.685342947410816,0.7313612699508667
53,2,30,0.1922599964279329,1.6689803945233324,0.7401923537254333
53,2,31,-0.06954084977180551,1.8571497527293943,0.7538160681724548
53,2,32,-0.11044723199051464,1.824424646954427,0.7902184724807739
54,1,0,0.23993653997331962,-1.27695039918004,0.9919089674949646
54,1,1,0.23993653997331962,-1.3420179354439912,0.989943027496338
54,1,2,0.2480699820063135,-1.350151377476985,0.9901861548423768
54,1,3,0.2480699820063135,-1.350151377476985,0.9905378818511964
54,1,4,0.22366965590733184,-1.3582848195099788,0.9903268814086914
54,1,5,0.2074027718413441,-1.3664182615429727,0.99032062292099
54,1,6,0.1992693298083502,-1.3745517035759667,0.9904266595840454
54,1,7,0.22366965590733184,-1.350151377476985,0.9851611256599426
54,1,8,0.15046867761038688,-1.3664182615429727,0.9871855974197388
54,1,9,0.22366965590733184,-1.2200163049490829,0.9853726029396056
54,1,10,0.1992693298083502,-1.2281497469820768,0.9866318106651306
54,1,11,0.16673556167637466,-0.9760130439592662,0.9967575669288636
54,1,12,0.004066721016496942,-1.0166802541242357,0.9983928203582764
54,1,13,0.28873719217128296,-0.43107242774867593,0.5556503534317017
54,1,14,-0.142335235577393,-0.496139964012627,0.5344690680503845
54,1,15,0.3619381704682279,-0.4636061958806515,0.5825070142745972
54,1,16,0.11793490947841134,-0.4880065219796331,0.5251457691192627
54,1,17,0.39447193860020346,-0.3985386596167004,0.5752289891242981
54,1,18,0.2480699820063135,-0.4392058697816698,0.5214858055114746
54,1,19,0.4351391487651729,-0.4554727538476576,0.576077401638031
54,1,20,0.32940440233625234,-0.5042734060456209,0.5198827385902405
54,1,21,0.3619381704682279,-0.4880065219796331,0.5618528127670288
54,1,22,0.28060375013828903,-0.5368071741775965,0.507779061794281
54,1,23,0.06913425728044803,0.008133442032993885,0.9932906031608582
54,1,24,-0.06913425728044803,-0.008133442032993885,0.993138313293457
54,1,25,0.11793490947841134,0.8214776453323824,0.6172469854354858
54,1,26,0.10166802541242358,0.7645435511014252,0.7699074745178223
54,1,27,-0.0854011413464358,1.496553334070875,0.6647511720657349
54,1,28,-0.0772676993134419,1.5290871022028505,0.7821829915046692
54,1,29,-0.15860211964338078,1.6673556167637464,0.6973446011543274
54,1,30,-0.16673556167637466,1.6673556167637464,0.7374560236930847
54,1,31,0.06100081524745414,1.7405565950606916,0.7136915326118469
54,1,32,0.06913425728044803,1.7649569211596732,0.7814039587974548
54,2,0,-0.2853129196848324,-1.3165153294028695,0.9927088618278505
54,2,1,-0.2445539311584278,-1.381729711045117,0.9909402132034302
54,2,2,-0.22825033574786593,-1.381729711045117,0.9911581873893738
54,2,3,-0.2119467403373041,-1.389881508750398,0.9914761781692504
54,2,4,-0.25270572886370873,-1.381729711045117,0.991283118724823
54,2,5,-0.25270572886370873,-1.389881508750398,0.9912753701210022
54,2,6,-0.2445539311584278,-1.389881508750398,0.9913727641105652
54,2,7,-0.11412516787393297,-1.373577913339836,0.9866398572921752
54,2,8,-0.1548841564003376,-1.381729711045117,0.9884445071220398
54,2,9,-0.23640213345314687,-1.2513009477606223,0.9868240356445312
54,2,10,-0.25270572886370873,-1.2513009477606223,0.9879434108734132
54,2,11,0.04891078623168556,-0.9904434211916325,0.99705970287323
54,2,12,-0.1548841564003376,-1.0067470166021943,0.9984531998634338
54,2,13,0.13042876328449482,-0.4442729749378105,0.5978463292121887
54,2,14,-0.220098538042585,-0.493183761169496,0.4929103851318359
54,2,15,-0.31792011050595614,-0.6399161198645528,0.6189877986907959
54,2,16,-0.4075898852640463,-0.6399161198645528,0.5022088885307312
54,2,17,-0.4320452783798891,-0.6969787038015192,0.6083825826644897
54,2,18,-0.4972596600221365,-0.6725233106856764,0.5007993578910828
54,2,19,-0.3994380875587654,-0.7458894900332048,0.6088003516197205
54,2,20,-0.4891078623168556,-0.7051305015068001,0.4991232454776764
54,2,21,-0.3668308967376417,-0.7377376923279239,0.5931793451309204
54,2,22,-0.45650067149573187,-0.7051305015068001,0.4886979460716247
54,2,23,0.10597337016865205,0.004075898852640463,0.993447721004486
54,2,24,-0.10597337016865205,-0.004075898852640463,0.9934492111206056
54,2,25,0.11412516787393297,0.7948002762648904,0.6518449187278748
54,2,26,-0.008151797705280926,0.7621930854437666,0.7662116289138794
54,2,27,0.1874913472214613,1.504006676624331,0.6923866271972656
54,2,28,0.13858056098977575,1.487703081213769,0.785597562789917
54,2,29,0.2771611219795515,1.6670426307299495,0.7129316329956055
54,2,30,0.22825033574786593,1.6262836422035447,0.7390744686126709
54,2,31,-0.07336617934752834,1.7404088100774777,0.7352314591407776
54,2,32,-0.0896697747580902,1.6833462261405112,0.7883790731430054
55,1,0,0.2904552699048436,-1.2638729312075627,0.9931106567382812
55,1,1,0.3061555547645649,-1.3188239282165872,0.991368055343628
55,1,2,0.3061555547645649,-1.3188239282165872,0.9914302825927734
55,1,3,0.3061555547645649,-1.3188239282165872,0.9917453527450562
55,1,4,0.28260512747498295,-1.3345242130763084,0.9918403029441832
55,1,5,0.2669048426152617,-1.3423743555061691,0.9917945861816406
55,1,6,0.25905470018540105,-1.3423743555061691,0.9919527173042296
55,1,7,0.2747549850451223,-1.3188239282165872,0.9867157936096193
55,1,8,0.19625356074651595,-1.3423743555061691,0.9892932176589966
55,1,9,0.2669048426152617,-1.2010717917686775,0.9869616627693176
55,1,10,0.24335441532567978,-1.2089219341985382,0.9887315034866332
55,1,11,0.21195384560623723,-0.9577173764429978,0.9968225955963136
55,1,12,0.023550427289581913,-1.0283686583117435,0.9985774159431458
55,1,13,0.17270313345693403,-0.4396079760721957,0.5491564869880676
55,1,14,-0.21195384560623723,-0.5652102549499659,0.5428768992424011
55,1,15,0.3061555547645649,-0.46315840336177766,0.5806425213813782
55,1,16,0.05495099700902446,-0.5495099700902446,0.5499283075332642
55,1,17,0.42390769121247446,-0.40820740635275315,0.5754678845405579
55,1,18,0.20410370317637658,-0.48670883065135956,0.5472255349159241
55,1,19,0.455308260931917,-0.44745811850205636,0.5763018131256104
55,1,20,0.2669048426152617,-0.5495099700902446,0.545547604560852
55,1,21,0.40820740635275315,-0.4788586882214989,0.560972273349762
55,1,22,0.21195384560623723,-0.5809105398096872,0.5344507694244385
55,1,23,0.03140056971944255,0.007850142429860638,0.9935341477394104
55,1,24,-0.03140056971944255,-0.007850142429860638,0.9936052560806274
55,1,25,0.0,0.7457635308367606,0.6189376711845398
55,1,26,0.10990199401804893,0.7065128186874574,0.7799918055534363
55,1,27,-0.13345242130763085,1.3109737857867265,0.6672486662864685
55,1,28,-0.07850142429860638,1.3973253525151936,0.7885976433753967
55,1,29,-0.21195384560623723,1.4836769192436605,0.697104275226593
55,1,30,-0.17270313345693403,1.5307777738228243,0.7425522804260254
55,1,31,0.07850142429860638,1.5307777738228243,0.7132224440574646
55,1,32,0.09420170915832765,1.5700284859721276,0.7883344292640686
55,2,0,-0.2898954612470111,-1.329377758004151,0.9937915802001952
55,2,1,-0.2401990964618092,-1.3956395777177535,0.9922235608100892
55,2,2,-0.2319163689976089,-1.3956395777177535,0.992278218269348
55,2,3,-0.21535091406920825,-1.3956395777177535,0.9925638437271118
55,2,4,-0.24848182392600954,-1.4039223051819538,0.9926466345787048
55,2,5,-0.24848182392600954,-1.4039223051819538,0.9926031231880188
55,2,6,-0.2401990964618092,-1.4122050326461542,0.99274742603302
55,2,7,-0.11595818449880445,-1.3790741227893528,0.9880386590957642
55,2,8,-0.15737182181980602,-1.4039223051819538,0.9903452396392822
55,2,9,-0.2401990964618092,-1.2631159382905484,0.9882550835609436
55,2,10,-0.25676455139020987,-1.2631159382905484,0.9898343682289124
55,2,11,0.057979092249402224,-0.989785931971938,0.9971198439598083
55,2,12,-0.182220004212407,-1.0063513869003387,0.9986171126365662
55,2,13,0.016565454928400634,-0.4514086467989173,0.5927499532699585
55,2,14,-0.1987854591408076,-0.5259531939767201,0.4964306354522705
55,2,15,-0.3313090985680127,-0.6253459235471239,0.619259238243103
55,2,16,-0.35615728096061366,-0.575649558761922,0.5141506195068359
55,2,17,-0.45555001053101746,-0.6998904707249268,0.611480176448822
55,2,18,-0.4803981929236184,-0.5922150136903227,0.514145016670227
55,2,19,-0.4224191006742162,-0.7578695629743291,0.6119570136070251
55,2,20,-0.4803981929236184,-0.6750422883323259,0.5126938819885254
55,2,21,-0.38928819081741495,-0.7413041080459284,0.5958534479141235
55,2,22,-0.4307018281384165,-0.6667595608681256,0.5035593509674072
55,2,23,0.11595818449880445,-0.004141363732100159,0.9938503503799438
55,2,24,-0.11595818449880445,0.004141363732100159,0.993980884552002
55,2,25,0.13252363942720508,0.7744350179027297,0.6543750762939453
55,2,26,-0.057979092249402224,0.7495868355101287,0.7823984026908875
55,2,27,0.2319163689976089,1.4122050326461542,0.6963337659835815
55,2,28,0.11595818449880445,1.4453359425029555,0.7978288531303406
55,2,29,0.31474364363961205,1.6027077643227614,0.7156290411949158
55,2,30,0.20706818660500795,1.5778595819301604,0.7479325532913208
55,2,31,-0.02484818239260095,1.6524041291079634,0.7370763421058655
55,2,32,-0.10767545703460413,1.644121401643763,0.7995966672897339
56,1,0,0.3323245071558311,-1.2652354730270197,0.9942719340324402
56,1,1,0.34033232660536916,-1.3292980286233245,0.9927878975868224
56,1,2,0.34033232660536916,-1.3292980286233245,0.9927568435668944
56,1,3,0.34033232660536916,-1.3292980286233245,0.9930370450019836
56,1,4,0.324316687706293,-1.3453136675224007,0.9932559728622437
56,1,5,0.3163088682567549,-1.3533214869719385,0.9931997060775756
56,1,6,0.3002932293576787,-1.3533214869719385,0.9933664202690125
56,1,7,0.2842775904586025,-1.3373058480728626,0.9885751605033876
56,1,8,0.2282228543118358,-1.3533214869719385,0.9912092089653016
56,1,9,0.3002932293576787,-1.209180736880253,0.9888990521430968
56,1,10,0.2762697710090644,-1.2251963757793292,0.9907015562057496
56,1,11,0.2682619515595263,-0.9609383339445718,0.9970699548721312
56,1,12,0.028027368073383345,-1.0169930700913385,0.998740553855896
56,1,13,0.2122072154127596,-0.4804691669722859,0.5450567007064819
56,1,14,-0.1881837570641453,-0.5605473614676669,0.5463950634002686
56,1,15,0.3323245071558311,-0.488476986421824,0.5857919454574585
56,1,16,0.14814465981645483,-0.5365239031190526,0.5616599917411804
56,1,17,0.45244179889890257,-0.4404300697245954,0.583125650882721
56,1,18,0.2922854099081406,-0.4804691669722859,0.560607373714447
56,1,19,0.47646525724751687,-0.4804691669722859,0.5842284560203552
56,1,20,0.34033232660536916,-0.5525395420181288,0.5591610074043274
56,1,21,0.43642615999982637,-0.5044926253209002,0.5684774518013
56,1,22,0.2842775904586025,-0.5845708198162812,0.5496389865875244
56,1,23,0.036035187522921446,0.0,0.993931531906128
56,1,24,-0.036035187522921446,0.0,0.994117796421051
56,1,25,0.028027368073383345,0.736719389357505,0.6245965957641602
56,1,26,0.11611338201830243,0.7046881115593526,0.79659104347229
56,1,27,-0.10009774311922623,1.3132823897242483,0.6750339269638062
56,1,28,-0.06806646532107384,1.4093762231187053,0.8015078902244568
56,1,29,-0.1801759376146072,1.5054700565131625,0.7018067240715027
56,1,30,-0.16416029871553103,1.5375013343113149,0.7499525547027588
56,1,31,0.10009774311922623,1.5054700565131625,0.7185913920402527
56,1,32,0.12412120146784053,1.5855482510085435,0.8005163073539734
56,2,0,-0.27639737181767765,-1.3159815165647637,0.994835615158081
56,2,1,-0.23514403274041232,-1.3819868590883881,0.9935000538825988
56,2,2,-0.21864269710950618,-1.3819868590883881,0.9934708476066588
56,2,3,-0.21039202929405312,-1.3819868590883881,0.9937250018119812
56,2,4,-0.24339470055586537,-1.3902375269038412,0.9939191937446594
56,2,5,-0.23514403274041232,-1.3984881947192942,0.993866205215454
56,2,6,-0.23514403274041232,-1.3984881947192942,0.9940187335014344
56,2,7,-0.11138401550861636,-1.3737361912729351,0.989710807800293
56,2,8,-0.15263735458588168,-1.3984881947192942,0.992070496082306
56,2,9,-0.23514403274041232,-1.2582268418565923,0.9899972081184388
56,2,10,-0.25164536837131846,-1.2664775096720453,0.9916074872016908
56,2,11,0.07013067643135104,-0.9942054717620942,0.9973412156105042
56,2,12,-0.18564002584769393,-1.0024561395775473,0.9987817406654358
56,2,13,0.028877337354085722,-0.47441339938855115,0.5888292789459229
56,2,14,-0.16913869021678782,-0.5156667384658165,0.4982174634933471
56,2,15,-0.33415204652584907,-0.6476774235130655,0.6223629117012024
56,2,16,-0.33415204652584907,-0.35065338215675523,0.5197877287864685
56,2,17,-0.45791206375764504,-0.71368276603669,0.6160019636154175
56,2,18,-0.38365605341856746,-0.3094000430794899,0.522129237651825
56,2,19,-0.42490939249583276,-0.7631867729294084,0.6166707873344421
56,2,20,-0.38365605341856746,-0.37540538560311437,0.5214020609855652
56,2,21,-0.38365605341856746,-0.7549361051139554,0.5998570322990417
56,2,22,-0.2846480396331307,-0.35890404997220826,0.5137277841567993
56,2,23,0.11138401550861636,-0.004125333907726532,0.9942317605018616
56,2,24,-0.11138401550861636,0.004125333907726532,0.994434654712677
56,2,25,0.11963468332406943,0.7549361051139554,0.6587434411048889
56,2,26,-0.053629340800444916,0.7301841016675962,0.7922844886779785
56,2,27,0.22689336492495926,1.4314908659811065,0.7027631402015686
56,2,28,0.12788535113952249,1.4314908659811065,0.8074460029602051
56,2,29,0.3094000430794899,1.5470002153974494,0.718567967414856
56,2,30,0.21864269710950618,1.5552508832129026,0.7527890205383301
56,2,31,-0.037128005169538784,1.604754890105621,0.7415204048156738
56,2,32,-0.09488267987771024,1.621256225736527,0.809264600276947
57,1,0,0.41345155653434,-1.2360922824222538,0.9952945113182068
57,1,1,0.4390258796189384,-1.3042904773145159,0.9940584897994996
57,1,2,0.4390258796189384,-1.3042904773145159,0.994019329547882
57,1,3,0.4390258796189384,-1.3042904773145159,0.9942589402198792
57,1,4,0.41345155653434,-1.3213400260375816,0.9944565296173096
57,1,5,0.40492678217280725,-1.3383895747606471,0.994401514530182
57,1,6,0.3878772334497417,-1.3554391234837126,0.9945428371429444
57,1,7,0.39640200781127444,-1.3213400260375816,0.9905571937561036
57,1,8,0.3196790385574794,-1.3554391234837126,0.9928037524223328
57,1,9,0.3793524590882089,-1.184943636253057,0.9907878637313844
57,1,10,0.3537781360036105,-1.2019931849761225,0.9923744797706604
57,1,11,0.3111542641959466,-0.9377251797686063,0.9975571632385254
57,1,12,0.03836148462689753,-1.0314976977454668,0.9988954067230223
57,1,13,0.24295606930368435,-0.4432882667997048,0.5568917989730835
57,1,14,-0.19180742313448765,-0.554110333499631,0.548039972782135
57,1,15,0.44755065398047117,-0.4006643949920409,0.6312617659568787
57,1,16,0.17475787441142207,-0.35804052318437696,0.5671562552452087
57,1,17,0.5498479463188646,-0.35804052318437696,0.6273729801177979
57,1,18,0.3111542641959466,-0.28984232829211465,0.5686152577400208
57,1,19,0.5583727206803973,-0.40918916935357363,0.6285079717636108
57,1,20,0.3537781360036105,-0.3750900719074425,0.567905604839325
57,1,21,0.5072240745112007,-0.4432882667997048,0.6101102828979492
57,1,22,0.3196790385574794,-0.40918916935357363,0.5601468682289124
57,1,23,0.09803490515762701,0.008524774361532783,0.994638741016388
57,1,24,-0.09803490515762701,-0.008524774361532783,0.9947680830955504
57,1,25,0.28557994111134827,0.6905067232841555,0.6451246738433838
57,1,26,0.28557994111134827,0.6478828514764916,0.8077102303504944
57,1,27,0.09803490515762701,1.4747859645451717,0.6786676049232483
57,1,28,0.004262387180766392,1.2872409285914503,0.8052994608879089
57,1,29,-0.08951013079609424,1.6111823543296961,0.6985689401626587
57,1,30,-0.19180742313448765,1.3554391234837126,0.7479226589202881
57,1,31,0.217381746219086,1.619707128691229,0.7229964137077332
57,1,32,0.09803490515762701,1.4321620927375078,0.8063462972640991
57,2,0,-0.36436466774428705,-1.3125907910306245,0.9956764578819276
57,2,1,-0.3204653101847344,-1.3740498916139983,0.994554340839386
57,2,2,-0.3116854386728239,-1.3740498916139983,0.9945117235183716
57,2,3,-0.2941256956490028,-1.3740498916139983,0.9947404265403748
57,2,4,-0.32924518169664496,-1.3828297631259088,0.9948804974555968
57,2,5,-0.32924518169664496,-1.3916096346378193,0.9948155283927916
57,2,6,-0.3204653101847344,-1.4003895061497298,0.994966685771942
57,2,7,-0.19754710901798697,-1.3740498916139983,0.9913991689682008
57,2,8,-0.22388672355371855,-1.4091693776616403,0.9933473467826844
57,2,9,-0.3204653101847344,-1.2423518189353402,0.9916123747825624
57,2,10,-0.33802505320855547,-1.2599115619591614,0.9929598569869996
57,2,11,0.013169807267865798,-0.9701758020661138,0.9977684617042542
57,2,12,-0.1799873659941659,-1.022855031137577,0.9988356828689576
57,2,13,-0.03072955029168686,-0.4258237683276608,0.5999535322189331
57,2,14,-0.15364775145843432,-0.478502997399124,0.4986594021320343
57,2,15,-0.41704389681575027,-0.627760813101603,0.6648483872413635
57,2,16,-0.25900620960136067,-0.17120749448225536,0.5187870264053345
57,2,17,-0.5575218410063187,-0.7155595282207083,0.6582192778587341
57,2,18,-0.3994841537919292,-0.11852826541079219,0.5214889049530029
57,2,19,-0.5224023549586766,-0.759458885780261,0.6588076949119568
57,2,20,-0.3204653101847344,-0.07462890785123952,0.5209524035453796
57,2,21,-0.4872828689110345,-0.74189914275644,0.6397567987442017
57,2,22,-0.26778608111327123,-0.14486787994652378,0.5146708488464355
57,2,23,0.07462890785123952,0.013169807267865798,0.9947111010551452
57,2,24,-0.07462890785123952,-0.013169807267865798,0.9946901202201844
57,2,25,0.04828929331550792,0.759458885780261,0.6714738011360168
57,2,26,-0.013169807267865798,0.6892199136849767,0.7704598903656006
57,2,27,0.14486787994652378,1.5408674503402984,0.7007920742034912
57,2,28,0.13608800843461324,1.4442888637092826,0.7848927974700928
57,2,29,0.24144646657753963,1.6901252660427775,0.7148746848106384
57,2,30,0.22388672355371855,1.5496473218522089,0.737644374370575
57,2,31,-0.09218865087506059,1.7252447520904195,0.7403803467750549
57,2,32,-0.14486787994652378,1.6286661654594037,0.7954980731010437
58,1,0,0.44223118344549284,-1.1984465071372856,0.9960657358169556
58,1,1,0.4687650544522224,-1.2603588728196544,0.9950149655342102
58,1,2,0.47760967812113225,-1.2603588728196544,0.9949698448181152
58,1,3,0.4864543017900421,-1.2515142491507447,0.9951717853546144
58,1,4,0.44223118344549284,-1.2780481201574743,0.9953261017799376
58,1,5,0.4245419361076731,-1.295737367495294,0.995267927646637
58,1,6,0.40685268876985337,-1.3134266148331137,0.9954054355621338
58,1,7,0.45107580711440265,-1.2692034964885643,0.992123544216156
58,1,8,0.33609569941857453,-1.3311158621709334,0.9939485192298888
58,1,9,0.40685268876985337,-1.1365341414549166,0.9922472238540648
58,1,10,0.3803188177631238,-1.1719126361305559,0.993593454360962
58,1,11,0.3007172047429351,-0.9331077970699898,0.9979535937309264
58,1,12,0.07960161302018871,-1.0303986574279982,0.9989439845085144
58,1,13,0.24764946272947597,-0.44665349527994774,0.578869104385376
58,1,14,-0.17689247337819713,-0.4997212372934069,0.5483602285385132
58,1,15,0.47760967812113225,-0.3582072585908492,0.6773186326026917
58,1,16,0.22111559172274642,-0.4201196242732182,0.5661936402320862
58,1,17,0.5925897858169604,-0.2962948929084802,0.6708285808563232
58,1,18,0.33609569941857453,-0.40243037693539846,0.5677834749221802
58,1,19,0.61027903315478,-0.32282876391520976,0.6716126203536987
58,1,20,0.3626295704253041,-0.490876613624497,0.5672322511672974
58,1,21,0.557211291141321,-0.3582072585908492,0.6512834429740906
58,1,22,0.31840645208075485,-0.5085658609623167,0.5607010722160339
58,1,23,0.09729086035800842,0.013266935503364784,0.9950011372566224
58,1,24,-0.09729086035800842,-0.013266935503364784,0.9950095415115356
58,1,25,0.2653387100672957,0.6943029580094238,0.6473631262779236
58,1,26,0.41569731243876323,0.5793228503135955,0.7879763841629028
58,1,27,0.07075698935127885,1.4549405935356714,0.6783146262168884
58,1,28,0.35378494675639427,1.3311158621709334,0.7901924848556519
58,1,29,-0.08844623668909857,1.6318330669138685,0.7013487219810486
58,1,30,0.09729086035800842,1.5080083355491305,0.741445004940033
58,1,31,0.21227096805383655,1.6141438195760487,0.7222809791564941
58,1,32,0.3007172047429351,1.605299195907139,0.7962979078292847
58,2,0,-0.3996970020455678,-1.2955695928373576,0.996338188648224
58,2,1,-0.3445663810737653,-1.3598886506377938,0.9954252243041992
58,2,2,-0.33537794424513157,-1.3598886506377938,0.9953829646110536
58,2,3,-0.3170010705878641,-1.3598886506377938,0.9955713748931884
58,2,4,-0.35375481790239904,-1.3690770874664275,0.9956341981887816
58,2,5,-0.35375481790239904,-1.3782655242950612,0.9955621957778932
58,2,6,-0.3445663810737653,-1.3874539611236951,0.9956993460655212
58,2,7,-0.21592826547289293,-1.3507002138091602,0.9928363561630248
58,2,8,-0.24349357595879417,-1.3966423979523288,0.9943570494651794
58,2,9,-0.3445663810737653,-1.2220620982082877,0.9929226040840148
58,2,10,-0.36294325473103284,-1.240438971865555,0.9940043687820436
58,2,11,-0.004594218414316871,-0.9739743038351767,0.998137891292572
58,2,12,-0.15160920767245675,-1.0199164879783453,0.998784840106964
58,2,13,-0.022971092071584355,-0.38591434680261716,0.6192585229873657
58,2,14,-0.19755139181562545,-0.5053640255748558,0.49787038564682
58,2,15,-0.3996970020455678,-0.5880599570325595,0.7059552669525146
58,2,16,-0.3813201283883003,-0.606436830689827,0.5172756314277649
58,2,17,-0.5467119913037076,-0.6523790148329957,0.6975529193878174
58,2,18,-0.5283351176464401,-0.6707558884902631,0.5208855271339417
58,2,19,-0.500769807160539,-0.7258865094620657,0.6978749632835388
58,2,20,-0.5099582439891727,-0.7258865094620657,0.5201805233955383
58,2,21,-0.45482762301737023,-0.7075096358047981,0.6764417886734009
58,2,22,-0.45482762301737023,-0.7166980726334319,0.5150688886642456
58,2,23,0.04134796572885184,0.018376873657267485,0.9952436685562134
58,2,24,-0.04134796572885184,-0.018376873657267485,0.9949665069580078
58,2,25,-0.05053640255748558,0.7718286936052343,0.67221999168396
58,2,26,0.07810171304338681,0.6340021411757282,0.7467709183692932
58,2,27,0.04134796572885184,1.5804111345250036,0.7020391225814819
58,2,28,0.05053640255748558,1.4977152030673,0.7655735015869141
58,2,29,0.15160920767245675,1.7366145606117773,0.722316324710846
58,2,30,0.13323233401518925,1.6631070659827074,0.7279785871505737
58,2,31,-0.16998608132972423,1.7733683079263123,0.7417914271354675
58,2,32,-0.16998608132972423,1.7366145606117773,0.7823975682258606
59,1,0,0.46808511636974015,-1.190663111542446,0.9966247081756592
59,1,1,0.5135302732988412,-1.2542863312431873,0.995779812335968
59,1,2,0.5135302732988412,-1.2542863312431873,0.995725393295288
59,1,3,0.5226193046846613,-1.245197299857367,0.995913028717041
59,1,4,0.4771741477555604,-1.2815534254006478,0.9959660172462464
59,1,5,0.45899608498391997,-1.290642456786468,0.9958964586257936
59,1,6,0.44081802221227956,-1.3088205195581084,0.996034562587738
59,1,7,0.4771741477555604,-1.2633753626290074,0.9933652281761168
59,1,8,0.3590167397398978,-1.3269985823297488,0.9948210120201112
59,1,9,0.4317289908264594,-1.1270398918417046,0.9933663010597228
59,1,10,0.3953728652831786,-1.1633960173849853,0.9944932460784912
59,1,11,0.26812642588169583,-0.9361702327394803,0.998246967792511
59,1,12,0.11361289232275247,-1.0270605465976823,0.9988894462585448
59,1,13,0.24085933172423524,-0.3908283495902685,0.5750317573547363
59,1,14,-0.14996901786603326,-0.4817186634484705,0.5463709235191345
59,1,15,0.4953522105272008,-0.3453831926611675,0.6935136318206787
59,1,16,0.20450320618095444,-0.4998967262201109,0.562778115272522
59,1,17,0.6225986499286835,-0.24540384741714533,0.6898805499076843
59,1,18,0.3408386769682574,-0.5635199459208523,0.564272403717041
59,1,19,0.6498657440861442,-0.2726709415746059,0.6905938386917114
59,1,20,0.3862838338973584,-0.599876071464133,0.5634844899177551
59,1,21,0.5862425243854027,-0.3181160985037069,0.6678212881088257
59,1,22,0.28630448865333624,-0.5907870400783128,0.5565848350524902
59,1,23,0.08634579816529188,0.027267094157460592,0.9953320026397704
59,1,24,-0.08634579816529188,-0.027267094157460592,0.994957447052002
59,1,25,0.24085933172423524,0.7725676677947168,0.633591890335083
59,1,26,0.3771948025115382,0.6271431656215937,0.7644864320755005
59,1,27,0.09543482955111207,1.4996901786603327,0.6680130958557129
59,1,28,0.23177030033841503,1.4360669589595911,0.7683839201927185
59,1,29,-0.04998967262201109,1.6360256494476355,0.697397768497467
59,1,30,0.16814708063767367,1.6542037122192759,0.7301096320152283
59,1,31,0.24085933172423524,1.6360256494476355,0.7121811509132385
59,1,32,0.4771741477555604,1.6451146808334558,0.779211699962616
59,2,0,-0.41775656541244865,-1.294586279629786,0.996887981891632
59,2,1,-0.35348632457976426,-1.368037983438568,0.9961476922035216
59,2,2,-0.34430486160366647,-1.368037983438568,0.9960991740226746
59,2,3,-0.32594193565147095,-1.3588565204624703,0.9962762594223022
59,2,4,-0.36266778755586204,-1.3772194464146659,0.9962687492370604
59,2,5,-0.35348632457976426,-1.3772194464146659,0.9961991906166076
59,2,6,-0.34430486160366647,-1.3864009093907637,0.9963282942771912
59,2,7,-0.2341273058904932,-1.3404935945102747,0.9939880967140198
59,2,8,-0.2616716948187865,-1.3864009093907637,0.9952216744422911
59,2,9,-0.36266778755586204,-1.211953112844906,0.9939788579940796
59,2,10,-0.38103071350805756,-1.2303160387971015,0.994878351688385
59,2,11,-0.004590731488048886,-0.9824165384424617,0.998412549495697
59,2,12,-0.1698570650578088,-1.009960927370755,0.9987538456916808
59,2,13,-0.013772194464146658,-0.39480290797220424,0.6162890791893005
59,2,14,-0.20658291696219988,-0.523343389637573,0.4966327846050262
59,2,15,-0.41775656541244865,-0.5692507045180619,0.7221271991729736
59,2,16,-0.40857510243635087,-0.6243394823746485,0.5170620083808899
59,2,17,-0.5462970470778175,-0.6518838713029419,0.7170461416244507
59,2,18,-0.5003897321973286,-0.6977911861834307,0.5203843712806702
59,2,19,-0.5095711951734264,-0.7161541121356263,0.7173439860343933
59,2,20,-0.49120826922123084,-0.7345170380878218,0.5193816423416138
59,2,21,-0.46366388029293754,-0.6977911861834307,0.6940580010414124
59,2,22,-0.46366388029293754,-0.7161541121356263,0.514053225517273
59,2,23,0.07804243529683107,0.03672585190439109,0.9955900311470032
59,2,24,-0.07804243529683107,-0.03672585190439109,0.9948884844779968
59,2,25,-0.04131658339243997,0.7345170380878218,0.664155125617981
59,2,26,-0.2341273058904932,0.6794282602312351,0.7486030459403992
59,2,27,0.05967950934463552,1.533304317008328,0.6959764361381531
59,2,28,-0.05049804636853775,1.3496750574863725,0.757572591304779
59,2,29,0.1698570650578088,1.6802077246258924,0.7186728715896606
59,2,30,0.03213512041634221,1.533304317008328,0.726631224155426
59,2,31,-0.18821999101000433,1.7077521135541858,0.7345393300056458
59,2,32,-0.3075790096992754,1.5975745578410123,0.7747184634208679
60,1,0,0.5020254740072433,-1.2092265765217947,0.996819257736206
60,1,1,0.5369489852425298,-1.2703427211835459,0.9959055185317992
60,1,2,0.5369489852425298,-1.2703427211835459,0.9957692623138428
60,1,3,0.5369489852425298,-1.2703427211835459,0.9960196614265442
60,1,4,0.5020254740072433,-1.296535354610011,0.996151864528656
60,1,5,0.4845637183896,-1.3052662324188324,0.9960942268371582
60,1,6,0.4583710849631351,-1.3227279880364757,0.9963204264640808
60,1,7,0.47583284058077835,-1.2703427211835459,0.9933189153671264
60,1,8,0.3710623068749189,-1.3314588658452973,0.9952850937843324
60,1,9,0.4583710849631351,-1.1393795540512217,0.9936754703521729
60,1,10,0.42344757372784864,-1.1655721874776865,0.9951163530349731
60,1,11,0.2837535287867027,-0.9385693644483243,0.9982250928878784
60,1,12,0.09167421699262703,-1.0258781425365406,0.9988642930984496
60,1,13,0.26629177316905944,-0.4059858181102054,0.56369549036026
60,1,14,-0.14405948384555675,-0.49329459619842164,0.5458739995956421
60,1,15,0.4583710849631351,-0.3186770400219892,0.6747938990592957
60,1,16,0.3274079178308108,-0.42344757372784864,0.5613273978233337
60,1,17,0.5631416186689946,-0.2051756285073081,0.6756094694137573
60,1,18,0.47583284058077835,-0.30994616221316756,0.5612108111381531
60,1,19,0.5893342520954594,-0.2400991397425946,0.6765925288200378
60,1,20,0.5369489852425298,-0.3536005512572757,0.5601901412010193
60,1,21,0.554410740860173,-0.2750226509778811,0.654516339302063
60,1,22,0.46710196277195676,-0.4059858181102054,0.552517831325531
60,1,23,0.1178668504190919,0.030558072330875676,0.9935952425003052
60,1,24,-0.1178668504190919,-0.030558072330875676,0.993998646736145
60,1,25,0.2837535287867027,0.667912152374854,0.6193937063217163
60,1,26,0.34486967344845404,0.5020254740072433,0.7637609839439392
60,1,27,0.06548158356616215,1.3052662324188324,0.6452650427818298
60,1,28,0.34486967344845404,1.357651499271762,0.758372962474823
60,1,29,-0.06548158356616215,1.4536911551688,0.6777166128158569
60,1,30,0.25756089536023785,1.523538177639373,0.7341189384460449
60,1,31,0.10040509480144864,1.5671925666834812,0.6871968507766724
60,1,32,0.6591812745660324,1.5322690554481946,0.7712386846542358
60,2,0,-0.42927139444436135,-1.296851475847702,0.9970924854278564
60,2,1,-0.36601034684203443,-1.3691498159646474,0.9962751269340516
60,2,2,-0.3569730543274163,-1.360112523450029,0.9961522221565248
60,2,3,-0.33889846929818,-1.360112523450029,0.9963800311088562
60,2,4,-0.37504763935665253,-1.3781871084792654,0.9964743852615356
60,2,5,-0.37504763935665253,-1.3781871084792654,0.9964221119880676
60,2,6,-0.36601034684203443,-1.3872244009938834,0.996626317501068
60,2,7,-0.23948825163738055,-1.3420379384207928,0.99396014213562
60,2,8,-0.2756374216958531,-1.3872244009938834,0.9956592917442322
60,2,9,-0.37504763935665253,-1.215515843216139,0.9942640066146852
60,2,10,-0.3931222243858888,-1.2335904282453753,0.9954670667648317
60,2,11,-0.022593231286545334,-0.9895835303506856,0.99839186668396
60,2,12,-0.19430178906428988,-0.9986208228653037,0.998801589012146
60,2,13,-0.03163052380116347,-0.40215951690050694,0.6058459877967834
60,2,14,-0.2304509591227624,-0.4925324420466883,0.4963730573654175
60,2,15,-0.4202341019297432,-0.5557934896490152,0.7038771510124207
60,2,16,-0.4202341019297432,-0.6009799522221059,0.5173472166061401
60,2,17,-0.5557934896490152,-0.6280918297659603,0.70144122838974
60,2,18,-0.5196443195905427,-0.6461664147951965,0.5191385746002197
60,2,19,-0.5286816121051608,-0.7003901698829054,0.7019017934799194
60,2,20,-0.5286816121051608,-0.6913528773682872,0.5176887512207031
60,2,21,-0.4834951495320701,-0.6913528773682872,0.6785675883293152
60,2,22,-0.46542056450283387,-0.682315584853669,0.511566698551178
60,2,23,0.0948915714034904,0.022593231286545334,0.9940990805625916
60,2,24,-0.0948915714034904,-0.022593231286545334,0.9943650364875792
60,2,25,-0.03163052380116347,0.7094274623975235,0.6551336050033569
60,2,26,-0.2846747142104712,0.537718904619779,0.7528761625289917
60,2,27,0.004518646257309067,1.3872244009938834,0.6783555150032043
60,2,28,-0.10392886391810853,1.351075230935411,0.7642671465873718
60,2,29,0.13104074146196293,1.558932958771628,0.7033331990242004
60,2,30,-0.07681698637425413,1.486634618654683,0.740802526473999
60,2,31,-0.22141366660814427,1.631231298888573,0.7157500386238098
60,2,32,-0.5648307821636334,1.5227837887131555,0.7811506390571594
61,1,0,0.5046340891841254,-1.2050314026207134,0.9969721436500548
61,1,1,0.5307358524177871,-1.2659355168325905,0.9959151148796082
61,1,2,0.539436440162341,-1.2659355168325905,0.9957030415534972
61,1,3,0.539436440162341,-1.2659355168325905,0.9960018992424012
61,1,4,0.5046340891841254,-1.2920372800662523,0.9962009191513062
61,1,5,0.4785323259504638,-1.30943845555536,0.996143102645874
61,1,6,0.46113115046135605,-1.318139043299914,0.9964487552642822
61,1,7,0.4785323259504638,-1.2659355168325905,0.9931820631027222
61,1,8,0.37412527301581716,-1.326839631044468,0.9955267310142516
61,1,9,0.46113115046135605,-1.1441272884088363,0.9939074516296388
61,1,10,0.4263287994831405,-1.1702290516424978,0.995608687400818
61,1,11,0.2784188078257244,-0.9440137702840968,0.998283326625824
61,1,12,0.08700587744553888,-1.0223190599850818,0.9989020824432372
61,1,13,0.2610176323366166,-0.4132779178663097,0.5584577918052673
61,1,14,-0.1392094039128622,-0.4828826198227408,0.5452144742012024
61,1,15,0.4872329136950177,-0.308870864931663,0.6660116910934448
61,1,16,0.3306223342930477,-0.4132779178663097,0.5610623359680176
61,1,17,0.5916399666296643,-0.20446381199701635,0.6678354740142822
61,1,18,0.4785323259504638,-0.3175714526762169,0.5595583319664001
61,1,19,0.6090411421187721,-0.23056557523067803,0.6689351201057434
61,1,20,0.5307358524177871,-0.36107439139898634,0.558134138584137
61,1,21,0.5742387911405565,-0.26536792620889355,0.6467961668968201
61,1,22,0.46983173820590995,-0.4132779178663097,0.54947829246521
61,1,23,0.10440705293464665,0.02175146936138472,0.9927476048469543
61,1,24,-0.10440705293464665,-0.02175146936138472,0.993450164794922
61,1,25,0.2697182200811705,0.6568943747138185,0.6086015701293945
61,1,26,0.3393229220376016,0.5176849708009563,0.7606855630874634
61,1,27,0.0696047019564311,1.3007378678108061,0.6282879114151001
61,1,28,0.36542468527126326,1.326839631044468,0.7511609196662903
61,1,29,-0.06090411421187721,1.4399472717236683,0.6627581119537354
61,1,30,0.2523170445920627,1.46604903495733,0.7359989881515503
61,1,31,0.08700587744553888,1.4921507981909916,0.6676304340362549
61,1,32,0.617741729863326,1.5008513859355457,0.7636847496032715
61,2,0,-0.37943460337873147,-1.3144698759906055,0.997208535671234
61,2,1,-0.31619550281560954,-1.3777089765537274,0.9962697625160216
61,2,2,-0.30716134559230646,-1.3777089765537274,0.9960820078849792
61,2,3,-0.2890930311457002,-1.3777089765537274,0.9963518977165222
61,2,4,-0.3252296600389127,-1.3867431337770306,0.996489405632019
61,2,5,-0.3252296600389127,-1.3957772910003337,0.9964371919631958
61,2,6,-0.31619550281560954,-1.404811448223637,0.9967076182365416
61,2,7,-0.18971730168936574,-1.350606504883818,0.993830680847168
61,2,8,-0.22585393058257827,-1.3957772910003337,0.9958311915397644
61,2,9,-0.3252296600389127,-1.2331624609808773,0.994462788105011
61,2,10,-0.34329797448551896,-1.2421966182041804,0.9958748817443848
61,2,11,0.02710247166990939,-0.9892402159516928,0.9984450340270996
61,2,12,-0.1445465155728501,-1.0073085303982992,0.9988013505935668
61,2,13,0.01806831444660626,-0.4020199964369893,0.6011767983436584
61,2,14,-0.23488808780588138,-0.5013957258933237,0.4952310025691986
61,2,15,-0.36136628893212525,-0.5827031409030519,0.6963908672332764
61,2,16,-0.3884687606020346,-0.6278739270195676,0.5165419578552246
61,2,17,-0.4968786472816722,-0.654976398689477,0.6953210830688477
61,2,18,-0.5149469617282785,-0.6640105559127801,0.5173478126525879
61,2,19,-0.4607420183884597,-0.727249656475902,0.6959456205368042
61,2,20,-0.4968786472816722,-0.727249656475902,0.5155515670776367
61,2,21,-0.415571232271944,-0.7182154992525989,0.672751247882843
61,2,22,-0.45170786116515654,-0.7182154992525989,0.5086165070533752
61,2,23,0.09034157223303131,0.022585393058257828,0.9933316707611084
61,2,24,-0.09034157223303131,-0.022585393058257828,0.9938111305236816
61,2,25,0.01806831444660626,0.7091813420292957,0.6445348858833313
61,2,26,-0.18068314446606262,0.6459422414661738,0.7395087480545044
61,2,27,0.07227325778642504,1.4680505487867588,0.662075400352478
61,2,28,-0.13551235834954695,1.3686748193304243,0.7510935068130493
61,2,29,0.207785616135972,1.630665378806215,0.6882409453392029
61,2,30,0.0,1.4680505487867588,0.7371342182159424
61,2,31,-0.16261483001945634,1.6125970643596088,0.6971784830093384
61,2,32,-0.5239811189515816,1.495153020456668,0.7710804343223572
62,1,0,0.48193110160946573,-1.196221841494924,0.9969715476036072
62,1,1,0.5077488391956871,-1.256463229196107,0.9956154823303224
62,1,2,0.5163547517244276,-1.256463229196107,0.9953106641769408
62,1,3,0.5163547517244276,-1.256463229196107,0.995655357837677
62,1,4,0.4905370141382062,-1.2822809667823285,0.9960551261901855
62,1,5,0.4733251890807253,-1.2994927918398094,0.996044933795929
62,1,6,0.45611336402324437,-1.3167046168972902,0.9964852333068848
62,1,7,0.45611336402324437,-1.256463229196107,0.9909124970436096
62,1,8,0.3614483262070993,-1.3339164419547713,0.9954676032066344
62,1,9,0.43029562643702296,-1.1359804537937406,0.993280589580536
62,1,10,0.4044778888508016,-1.161798191379962,0.9957852363586426
62,1,11,0.28399511344843514,-0.955256290690191,0.997685730457306
62,1,12,0.10327095034488551,-1.0068917658626337,0.9989057779312134
62,1,13,0.14630051298858782,-0.4475074514945039,0.5451033711433411
62,1,14,-0.12048277540236643,-0.48193110160946573,0.5437540411949158
62,1,15,0.14630051298858782,-0.29260102597717563,0.6344854235649109
62,1,16,0.28399511344843514,-0.3872660637933207,0.5603248476982117
62,1,17,0.2753892009196947,-0.18072416310354966,0.6364714503288269
62,1,18,0.3872660637933207,-0.30981285103465656,0.5589712858200073
62,1,19,0.28399511344843514,-0.1893300756322901,0.636968731880188
62,1,20,0.45611336402324437,-0.3786601512645802,0.5570318698883057
62,1,21,0.24096555080473286,-0.2323596382759924,0.6161079406738281
62,1,22,0.41308380137954204,-0.4044778888508016,0.5469198822975159
62,1,23,0.0860591252874046,0.01721182505748092,0.9921368956565856
62,1,24,-0.0860591252874046,-0.01721182505748092,0.993744730949402
62,1,25,0.19793598816103056,0.6712611772417558,0.6028870344161987
62,1,26,0.30120693850591607,0.636837527126794,0.758315920829773
62,1,27,0.0430295626437023,1.3769460045984736,0.6343435645103455
62,1,28,0.30981285103465656,1.4457933048283973,0.7630195021629333
62,1,29,-0.0860591252874046,1.5060346925295804,0.6643306016921997
62,1,30,0.2753892009196947,1.5318524301158019,0.7464599609375
62,1,31,0.22375372574725194,1.5490642551732827,0.6747229695320129
62,1,32,0.6626552647130154,1.6006997303457255,0.7776755094528198
62,2,0,-0.36054842496843736,-1.2970949434840124,0.9971911311149596
62,2,1,-0.3077852408267148,-1.3586519916493554,0.9959893226623536
62,2,2,-0.2989913768030944,-1.3586519916493554,0.9957126379013062
62,2,3,-0.290197512779474,-1.3586519916493554,0.9960313439369202
62,2,4,-0.31657910485033525,-1.3674458556729758,0.9963536858558656
62,2,5,-0.3077852408267148,-1.3762397196965963,0.9963282346725464
62,2,6,-0.2989913768030944,-1.3850335837202166,0.9967380166053772
62,2,7,-0.19346500851964932,-1.3410642636021146,0.9917685985565186
62,2,8,-0.21105273656689016,-1.3850335837202166,0.9958009719848632
62,2,9,-0.31657910485033525,-1.209156303247808,0.993894338607788
62,2,10,-0.32537296887395567,-1.226744031295049,0.9960674047470092
62,2,11,-0.017587728047240847,-0.9893097026572976,0.997903287410736
62,2,12,-0.10552636828344508,-1.0068974307045384,0.9988725185394288
62,2,13,-0.1143202323070655,-0.4265024051455905,0.5885149836540222
62,2,14,-0.15828955242516762,-0.5056471813581743,0.4938501417636871
62,2,15,-0.4045177450865395,-0.6023796856179989,0.6673600077629089
62,2,16,-0.3781361530156782,-0.6287612776888603,0.5132315754890442
62,2,17,-0.5364257054408458,-0.6463490057361011,0.6670196652412415
62,2,18,-0.5188379773936049,-0.6551428697597215,0.5136911869049072
62,2,19,-0.49245638532274366,-0.7166999179250645,0.6670343279838562
62,2,20,-0.5100441133699846,-0.6903183258542032,0.5121407508850098
62,2,21,-0.4484870652046416,-0.7166999179250645,0.6441156268119812
62,2,22,-0.457280929228262,-0.6903183258542032,0.5036246180534363
62,2,23,0.035175456094481694,0.013190796035430635,0.9926119446754456
62,2,24,-0.035175456094481694,-0.013190796035430635,0.993746817111969
62,2,25,-0.15828955242516762,0.7430815099959257,0.6257259845733643
62,2,26,-0.07914477621258381,0.7430815099959257,0.7176195979118347
62,2,27,-0.24622819266137183,1.4114151757910778,0.6621069312095642
62,2,28,0.0,1.4817660879800412,0.7493898868560791
62,2,29,-0.2198466005905106,1.622467912357968,0.6868579387664795
62,2,30,0.10552636828344508,1.5960863202871067,0.7432750463485718
62,2,31,-0.49245638532274366,1.5697047282162455,0.6997208595275879
62,2,32,-0.07914477621258381,1.6136740483343477,0.7722482681274414
63,1,0,0.4080001658113011,-1.2036004891433383,0.99708354473114
63,1,1,0.43248017575997916,-1.2688805156731464,0.9957762360572816
63,1,2,0.43248017575997916,-1.2688805156731464,0.9954055547714232
63,1,3,0.43248017575997916,-1.2688805156731464,0.9957783222198486
63,1,4,0.4161601691275271,-1.2852005223055984,0.9962615966796876
63,1,5,0.4080001658113011,-1.2933605256218244,0.9961909651756288
63,1,6,0.391680159178849,-1.3096805322542764,0.9967067837715148
63,1,7,0.35904014591394495,-1.2852005223055984,0.9909965395927428
63,1,8,0.29376011938413676,-1.3341605422029545,0.9958202242851256
63,1,9,0.35088014259771894,-1.146480465929756,0.9936290383338928
63,1,10,0.3345601359652669,-1.162800472562208,0.9962314367294312
63,1,11,0.1876800762731985,-0.9751203962890096,0.9976662993431092
63,1,12,0.07344002984603419,-1.0077604095539137,0.9989710450172424
63,1,13,0.016320006632452044,-0.48552019731544827,0.5353749394416809
63,1,14,-0.17136006964074646,-0.5100002072641263,0.542406439781189
63,1,15,0.23664009617055462,-0.42840017410186615,0.6118800044059753
63,1,16,0.2203200895381026,-0.4610401873667702,0.5571580529212952
63,1,17,0.3345601359652669,-0.395760160836962,0.615822434425354
63,1,18,0.3427201392814929,-0.387600157520736,0.5557034015655518
63,1,19,0.375360152546397,-0.46920019068299623,0.616108238697052
63,1,20,0.375360152546397,-0.4610401873667702,0.5540053248405457
63,1,21,0.3345601359652669,-0.5100002072641263,0.5953024625778198
63,1,22,0.3427201392814929,-0.47736019399922225,0.5427258014678955
63,1,23,0.024480009948678064,0.004080001658113011,0.9913762807846068
63,1,24,-0.024480009948678064,-0.004080001658113011,0.993290364742279
63,1,25,0.09792003979471225,0.6405602603237427,0.5887866020202637
63,1,26,0.17952007295697248,0.722160293486003,0.7386235594749451
63,1,27,-0.03264001326490409,1.2607205123569203,0.6380313634872437
63,1,28,0.2529601028030067,1.3912805654165368,0.7633389830589294
63,1,29,-0.10608004311093829,1.3994405687327627,0.6717098355293274
63,1,30,0.3100801260165888,1.4973606085274749,0.7576786875724792
63,1,31,0.1550400630082944,1.3260005388867284,0.682498037815094
63,1,32,0.5793602354520475,1.513680615159927,0.7821300625801086
63,2,0,-0.3381069871098757,-1.2932592256952744,0.9973425269126892
63,2,1,-0.27893826436564745,-1.3608806231172497,0.996167242527008
63,2,2,-0.27048558968790054,-1.3608806231172497,0.9958347082138062
63,2,3,-0.2535802403324067,-1.3608806231172497,0.9961701035499572
63,2,4,-0.2873909390433943,-1.3608806231172497,0.9965946078300476
63,2,5,-0.2873909390433943,-1.3693332977949964,0.996531069278717
63,2,6,-0.27893826436564745,-1.3693332977949964,0.9969950318336488
63,2,7,-0.16060081887719094,-1.335522599084009,0.991878092288971
63,2,8,-0.1944115175881785,-1.3777859724727433,0.9961767196655272
63,2,9,-0.2958436137211412,-1.2256378282732994,0.9942318201065063
63,2,10,-0.3042962883988881,-1.2340905029510463,0.9965189099311828
63,2,11,-0.025358024033240674,-0.9974156119741332,0.9978872537612916
63,2,12,-0.11833744548845648,-0.9974156119741332,0.998918116092682
63,2,13,-0.04226337338873446,-0.4564444325983322,0.5804795026779175
63,2,14,-0.17750616823268472,-0.5240658300203073,0.4925292134284973
63,2,15,-0.3381069871098757,-0.6339506008310168,0.6474428772926331
63,2,16,-0.3296543124321288,-0.6508559501865107,0.5111600160598755
63,2,17,-0.464897107276079,-0.6931193235752451,0.6478945016860962
63,2,18,-0.4141810592095977,-0.7100246729307389,0.5114213228225708
63,2,19,-0.4141810592095977,-0.7691933956749671,0.6477692723274231
63,2,20,-0.43108640856509145,-0.7522880463194733,0.509681224822998
63,2,21,-0.3719176858208632,-0.7607407209972202,0.6253275871276855
63,2,22,-0.3719176858208632,-0.7438353716417264,0.5000273585319519
63,2,23,0.05916872274422824,0.008452674677746892,0.9919710159301758
63,2,24,-0.05916872274422824,-0.008452674677746892,0.9936052560806274
63,2,25,-0.008452674677746892,0.7184773476084858,0.6246894001960754
63,2,26,-0.2113168669436723,0.6931193235752451,0.7174031138420105
63,2,27,0.025358024033240674,1.3862386471504902,0.6691636443138123
63,2,28,-0.21976954162141918,1.3524279484395028,0.764632523059845
63,2,29,0.16905349355493784,1.5214814419944405,0.6930727362632751
63,2,30,-0.14369546952169715,1.5383867913499343,0.7570574283599854
63,2,31,-0.11833744548845648,1.5130287673166936,0.709846556186676
63,2,32,-0.6001399021200293,1.4876707432834528,0.7890287041664124
64,1,0,0.43706976958096105,-1.2009206752972201,0.9973817467689514
64,1,1,0.45340882638772595,-1.2662769025242797,0.99617201089859
64,1,2,0.4615783547911084,-1.2662769025242797,0.995783805847168
64,1,3,0.4615783547911084,-1.2662769025242797,0.9961219429969788
64,1,4,0.42890024117757863,-1.2826159593310447,0.996674656867981
64,1,5,0.42073071277419616,-1.2907854877344271,0.9966012239456176
64,1,6,0.3962221275640488,-1.3071245445411919,0.9971064925193788
64,1,7,0.40439165596743126,-1.2744464309276622,0.9915017485618592
64,1,8,0.3226963719336068,-1.3234636013479568,0.9963377714157104
64,1,9,0.38805259916066637,-1.143733976473543,0.994208812713623
64,1,10,0.37171354235390147,-1.1682425616836902,0.9967270493507384
64,1,11,0.22466203109301736,-0.9640043515991291,0.9976065158843994
64,1,12,0.07761051983213327,-1.0130215220194239,0.9990177750587464
64,1,13,0.13479721865581043,-0.5065107610097119,0.5288448333740234
64,1,14,-0.13479721865581043,-0.49834123260632945,0.5423073172569275
64,1,15,0.2655096731099296,-0.5065107610097119,0.6017805933952332
64,1,16,0.25734014470654715,-0.5228498178164768,0.5579164624214172
64,1,17,0.37171354235390147,-0.4411545337826523,0.6084378361701965
64,1,18,0.3798830707572839,-0.48200217579956456,0.5568191409111023
64,1,19,0.41256118437081374,-0.5473584030266241,0.6084809899330139
64,1,20,0.41256118437081374,-0.5555279314300066,0.5550076961517334
64,1,21,0.3798830707572839,-0.563697459833389,0.5868571996688843
64,1,22,0.3798830707572839,-0.5882060450435364,0.5439801812171936
64,1,23,0.04493240621860348,0.0,0.9906958341598512
64,1,24,-0.04493240621860348,0.0,0.9933540225028992
64,1,25,0.08578004823551573,0.6535622722705959,0.5961639285087585
64,1,26,0.20015344588287,0.6617318006739784,0.7419880628585815
64,1,27,0.012254292605073675,1.2989550161378096,0.6564963459968567
64,1,28,0.22466203109301736,1.4296674705919288,0.7817965745925903
64,1,29,-0.10211910504228063,1.4214979421885463,0.6854537129402161
64,1,30,0.15930580386595777,1.5358713398359005,0.7733926773071289
64,1,31,0.18381438907610512,1.3643112433648692,0.7021518349647522
64,1,32,0.5596126956316978,1.544040868239283,0.801006555557251
64,2,0,-0.31958064171697376,-1.317190482752392,0.997600793838501
64,2,1,-0.267756753870978,-1.377651685239387,0.9965205788612366
64,2,2,-0.25048212458897945,-1.377651685239387,0.9961710572242736
64,2,3,-0.24184480994798016,-1.377651685239387,0.9964746832847596
64,2,4,-0.2763940685119773,-1.3862889998803862,0.9969583749771118
64,2,5,-0.267756753870978,-1.3862889998803862,0.9968935251235962
64,2,6,-0.2591194392299787,-1.3949263145213855,0.9973492622375488
64,2,7,-0.14683434889698796,-1.3603770559573882,0.9923294186592102
64,2,8,-0.17274629281998582,-1.3949263145213855,0.9966419339179992
64,2,9,-0.2763940685119773,-1.2480919656243976,0.9947533011436462
64,2,10,-0.2850313831529766,-1.2567292802653969,0.9969663619995116
64,2,11,-0.01727462928199858,-0.9889725263944188,0.997835338115692
64,2,12,-0.12092240497399008,-1.0062471556764174,0.9990028142929076
64,2,13,-0.06046120248699504,-0.4275470747294649,0.5738718509674072
64,2,14,-0.1900209221019844,-0.5139202211394578,0.4933772385120392
64,2,15,-0.34549258563997165,-0.6521172553954465,0.6376103758811951
64,2,16,-0.34549258563997165,-0.669391884677445,0.5147691369056702
64,2,17,-0.475052305254961,-0.6866665139594437,0.6405229568481445
64,2,18,-0.4664149906139617,-0.6953038286004429,0.5161746144294739
64,2,19,-0.4232284174089653,-0.7644023457284372,0.640191912651062
64,2,20,-0.45777767597296243,-0.7471277164464387,0.5141721963882446
64,2,21,-0.3800418442039688,-0.7644023457284372,0.6169323921203613
64,2,22,-0.41459110276796596,-0.7384904018054393,0.5047327876091003
64,2,23,0.051823887845995745,0.004318657320499645,0.991281509399414
64,2,24,-0.051823887845995745,-0.004318657320499645,0.9934636354446412
64,2,25,-0.043186573204996456,0.7730396603694365,0.6193516850471497
64,2,26,-0.16410897817898654,0.7125784578824415,0.6928002834320068
64,2,27,0.00863731464099929,1.5072114048543763,0.6736959218978882
64,2,28,-0.1986582367429837,1.472662146290379,0.7473868727684021
64,2,29,0.12092240497399008,1.6022218659053684,0.6942151188850403
64,2,30,-0.14683434889698796,1.58494723662337,0.7479905486106873
64,2,31,-0.13819703425598864,1.5763099219823706,0.7179306745529175
64,2,32,-0.5268761931009568,1.5244860341363748,0.7823750376701355
65,1,0,0.4414787658655487,-1.197715540727831,0.9975701570510864
65,1,1,0.4578298312679764,-1.2549442696363282,0.996431529521942
65,1,2,0.4578298312679764,-1.2549442696363282,0.996019959449768
65,1,3,0.46600536396919023,-1.2549442696363282,0.9963899850845336
65,1,4,0.4414787658655487,-1.271295335038756,0.9969534873962402
65,1,5,0.4251277004631209,-1.2794708677399698,0.996864914894104
65,1,6,0.4087766350606932,-1.2958219331423975,0.9973875284194946
65,1,7,0.4087766350606932,-1.263119802337542,0.99187970161438
65,1,8,0.3351968407497684,-1.3039974658436113,0.9967089891433716
65,1,9,0.39242556965826547,-1.140486811819334,0.9947286248207092
65,1,10,0.37607450425583777,-1.1650134099229756,0.9971257448196412
65,1,11,0.2534415137376298,-0.9442740269902014,0.9976603388786316
65,1,12,0.0899308597133525,-1.02602935400234,0.999094307422638
65,1,13,0.15533512132306343,-0.4864441957222249,0.524121105670929
65,1,14,-0.0899308597133525,-0.5027952611246527,0.5428838133811951
65,1,15,0.28614364454248525,-0.49461972842343876,0.5964257121086121
65,1,16,0.2534415137376298,-0.5191463265270804,0.5613735914230347
65,1,17,0.3842500369570516,-0.41286440141130015,0.6054850220680237
65,1,18,0.36789897155462387,-0.4619175976185833,0.5615108013153076
65,1,19,0.44965429856676253,-0.5191463265270804,0.6055447459220886
65,1,20,0.4169521677619071,-0.5436729246307219,0.5594889521598816
65,1,21,0.4006011023594793,-0.5436729246307219,0.583054780960083
65,1,22,0.3842500369570516,-0.5681995227343636,0.548786461353302
65,1,23,0.05722872890849705,0.004087766350606932,0.990489900112152
65,1,24,-0.05722872890849705,-0.004087766350606932,0.9933134317398072
65,1,25,0.06540426160971091,0.7071835786549993,0.5898568034172058
65,1,26,0.2043883175303466,0.6826569805513577,0.7180233001708984
65,1,27,0.0,1.4021038582581777,0.6578764915466309
65,1,28,0.23709044833520207,1.4756836525691024,0.7648777365684509
65,1,29,-0.09810639241456637,1.508385783373958,0.6830157041549683
65,1,30,0.17168618672549116,1.565614512282455,0.7639508843421936
65,1,31,0.16351065402427728,1.4511570544654608,0.707371175289154
65,1,32,0.6131649525910398,1.5901411103860965,0.7939130067825317
65,2,0,-0.2757365857325629,-1.3054403980776024,0.9977823495864868
65,2,1,-0.23265274421184992,-1.3657577762066004,0.9967637062072754
65,2,2,-0.22403597590770732,-1.3657577762066004,0.9963917136192322
65,2,3,-0.20680243929942216,-1.3657577762066004,0.9967260360717772
65,2,4,-0.24126951251599252,-1.3743745445107431,0.997223973274231
65,2,5,-0.23265274421184992,-1.3829913128148856,0.9971423149108888
65,2,6,-0.22403597590770732,-1.3829913128148856,0.9976146817207336
65,2,7,-0.10340121964971108,-1.3485242395983152,0.9926778078079224
65,2,8,-0.13786829286628144,-1.3829913128148856,0.9969900846481324
65,2,9,-0.23265274421184992,-1.2365062516444616,0.9952349066734314
65,2,10,-0.24988628082013511,-1.2537397882527468,0.997358500957489
65,2,11,0.00861676830414259,-0.9866199708243265,0.9978868961334229
65,2,12,-0.06893414643314072,-1.0124702757367543,0.999079704284668
65,2,13,-0.01723353660828518,-0.4351467993592008,0.5704421401023865
65,2,14,-0.12925152456213884,-0.5213144824006267,0.4947153925895691
65,2,15,-0.3102036589491332,-0.6074821654420526,0.6342928409576416
65,2,16,-0.336053963861561,-0.6333324703544804,0.519317090511322
65,2,17,-0.44807195181541465,-0.6160989337461952,0.6401387453079224
65,2,18,-0.46530548842369984,-0.6247157020503378,0.5220699906349182
65,2,19,-0.4049881102947017,-0.702266616787621,0.639920711517334
65,2,20,-0.45668872011955725,-0.6764163118751934,0.5201536417007446
65,2,21,-0.3619042687739888,-0.7108833850917636,0.6166061162948608
65,2,22,-0.4136048785988443,-0.6936498484834784,0.5113411545753479
65,2,23,0.05170060982485554,0.004308384152071295,0.9909968972206116
65,2,24,-0.05170060982485554,-0.004308384152071295,0.9932874441146852
65,2,25,0.0,0.7970510681331896,0.6188065409660339
65,2,26,-0.13786829286628144,0.7367336900041914,0.6805799007415771
65,2,27,-0.00861676830414259,1.5725602155060225,0.677027702331543
65,2,28,-0.1809521343869944,1.5380931422894524,0.7381457090377808
65,2,29,0.05170060982485554,1.6242608253308781,0.6928498148918152
65,2,30,-0.14648506117042404,1.6242608253308781,0.7430450320243835
65,2,31,-0.19818567099527956,1.7276620449805893,0.7223377823829651
65,2,32,-0.46530548842369984,1.650111130243306,0.7764235734939575
66,1,0,0.46306309265136225,-1.2139762158697875,0.9978748559951782
66,1,1,0.4880935300919764,-1.2723805698978872,0.996889352798462
66,1,2,0.4880935300919764,-1.2723805698978872,0.9965069890022278
66,1,3,0.4880935300919764,-1.2723805698978872,0.9968541264533995
66,1,4,0.47140657179823364,-1.28906752819163,0.9973565340042114
66,1,5,0.45471961350449086,-1.3057544864853727,0.9972686767578124
66,1,6,0.4380326552107481,-1.3140979656322442,0.9977465867996216
66,1,7,0.4296891760638767,-1.2807240490447587,0.9927991628646852
66,1,8,0.35459786374203417,-1.3224414447791155,0.997160017490387
66,1,9,0.4130022177701339,-1.1555718618416877,0.9954169988632202
66,1,10,0.38797178032951973,-1.180602299282302,0.9975485801696776
66,1,11,0.2628195931264488,-0.9386414040230315,0.9977720975875854
66,1,12,0.08760653104214962,-1.030419674638617,0.999165177345276
66,1,13,0.17104132251086354,-0.47975005094510503,0.5224713087081909
66,1,14,-0.11263696848276379,-0.5047804883857192,0.5443452596664429
66,1,15,0.3212239471545486,-0.46306309265136225,0.6012381911277771
66,1,16,0.22944567653896328,-0.5047804883857192,0.5659599304199219
66,1,17,0.4213456969170053,-0.4130022177701339,0.6131422519683838
66,1,18,0.36294134288890556,-0.4380326552107481,0.5674682259559631
66,1,19,0.46306309265136225,-0.5047804883857192,0.613370418548584
66,1,20,0.4130022177701339,-0.5131239675325906,0.5655390620231628
66,1,21,0.4296891760638767,-0.5298109258263334,0.5902403593063354
66,1,22,0.37128482203577695,-0.5464978841200762,0.5558193325996399
66,1,23,0.07091957274840682,0.012515218720307088,0.9905309081077576
66,1,24,-0.07091957274840682,-0.012515218720307088,0.9933610558509828
66,1,25,0.08760653104214962,0.7300544253512468,0.5876837372779846
66,1,26,0.2211021973920919,0.7300544253512468,0.7081283330917358
66,1,27,-0.02085869786717848,1.4726240694228006,0.6578010320663452
66,1,28,0.2544761139795774,1.5393719025977717,0.7571739554405212
66,1,29,-0.11263696848276379,1.5727458191852572,0.6772471070289612
66,1,30,0.18772828080460632,1.631150173213357,0.7589256167411804
66,1,31,0.15435436421712076,1.522684944304029,0.7096951007843018
66,1,32,0.6382761547356615,1.6561806106539712,0.7890668511390686
66,2,0,-0.2711255980725315,-1.304791940724058,0.9979944825172424
66,2,1,-0.22028954843393186,-1.3641006653024241,0.997126579284668
66,2,2,-0.21181687349416525,-1.3641006653024241,0.9967801570892334
66,2,3,-0.20334419855439864,-1.3641006653024241,0.9970956444740297
66,2,4,-0.22876222337369848,-1.372573340242191,0.9975203275680542
66,2,5,-0.22028954843393186,-1.3810460151819575,0.9974352121353148
66,2,6,-0.22028954843393186,-1.3810460151819575,0.9978715777397156
66,2,7,-0.11014477421696593,-1.347155315422891,0.993470311164856
66,2,8,-0.13556279903626575,-1.3810460151819575,0.9973230361938475
66,2,9,-0.22876222337369848,-1.2370105412059251,0.9958131313323976
66,2,10,-0.2372348983134651,-1.2539558910854582,0.997643232345581
66,2,11,0.01694534987953322,-0.9913029679526933,0.9979846477508544
66,2,12,-0.05930872457836627,-1.0082483178322266,0.9991116523742676
66,2,13,-0.01694534987953322,-0.44057909686786373,0.5685119032859802
66,2,14,-0.12709012409649914,-0.5253058462655298,0.4941759407520294
66,2,15,-0.30501629783159795,-0.5930872457836627,0.637782633304596
66,2,16,-0.3304343226508978,-0.6185052706029626,0.5187874436378479
66,2,17,-0.44057909686786373,-0.6100325956631959,0.6461088061332703
66,2,18,-0.44905177180763034,-0.6185052706029626,0.5225700736045837
66,2,19,-0.3982157221690307,-0.694759345060862,0.6459664702415466
66,2,20,-0.44057909686786373,-0.6693413202415622,0.5208067297935486
66,2,21,-0.3558523474701976,-0.7032320200006287,0.6212883591651917
66,2,22,-0.3982157221690307,-0.6778139951813288,0.5127337574958801
66,2,23,0.03389069975906644,0.00847267493976661,0.991033971309662
66,2,24,-0.03389069975906644,-0.00847267493976661,0.9932213425636292
66,2,25,-0.00847267493976661,0.7794860944585281,0.6162035465240479
66,2,26,-0.11014477421696593,0.7286500448199285,0.6730539798736572
66,2,27,-0.00847267493976661,1.5335541640977564,0.6809170246124268
66,2,28,-0.13556279903626575,1.4827181144591568,0.7372962236404419
66,2,29,0.02541802481929983,1.6013355636158892,0.6943802833557129
66,2,30,-0.06778139951813288,1.6013355636158892,0.7445657253265381
66,2,31,-0.19487152361463203,1.6267535884351891,0.7286378145217896
66,2,32,-0.44057909686786373,1.6182809134954226,0.7790018320083618
67,1,0,0.4203372049707861,-1.203318273053623,0.9981318116188048
67,1,1,0.4450629229102441,-1.2610116149123582,0.9973105192184448
67,1,2,0.4450629229102441,-1.2610116149123582,0.9969772100448608
67,1,3,0.4450629229102441,-1.2610116149123582,0.99728125333786
67,1,4,0.4203372049707861,-1.277495426871997,0.997686207294464
67,1,5,0.4038533930111474,-1.2857373328518162,0.9976050853729248
67,1,6,0.38736958105150876,-1.2939792388316356,0.9980262517929076
67,1,7,0.3956114870313281,-1.2610116149123582,0.9938216805458068
67,1,8,0.32143433321295406,-1.302221144811455,0.9975252151489258
67,1,9,0.3708857690918701,-1.1456249311948876,0.9960986971855164
67,1,10,0.34616005115241205,-1.1621087431545263,0.9978415966033936
67,1,11,0.2554990853743994,-0.9313353757195849,0.9980302453041076
67,1,12,0.09066096577801269,-1.0384801534572363,0.9991980195045472
67,1,13,0.15659621361656736,-0.4450629229102441,0.5210183262825012
67,1,14,-0.10714477773765135,-0.5109981707487988,0.5441247820854187
67,1,15,0.24725717939458006,-0.37912767507168943,0.6017785668373108
67,1,16,0.22253146145512204,-0.4697886408497021,0.5655349493026733
67,1,17,0.3296762391927734,-0.3049505212533154,0.6154217720031738
67,1,18,0.3379181451725927,-0.4038533930111474,0.5678141117095947
67,1,19,0.4038533930111474,-0.3956114870313281,0.6159888505935669
67,1,20,0.3956114870313281,-0.4862724528093408,0.5660386681556702
67,1,21,0.36264386311205077,-0.4203372049707861,0.5917010307312012
67,1,22,0.3544019571322314,-0.5109981707487988,0.5569535493850708
67,1,23,0.07417715381837402,0.01648381195963867,0.99125874042511
67,1,24,-0.07417715381837402,-0.01648381195963867,0.993660569190979
67,1,25,0.041209529899096674,0.7417715381837402,0.5865686535835266
67,1,26,0.19780574351566405,0.7335296322039209,0.7029784917831421
67,1,27,-0.04945143587891601,1.5082687943069384,0.6702105402946472
67,1,28,0.26374099135421875,1.549478324206035,0.7593469619750977
67,1,29,-0.17308002557620603,1.5824459481253124,0.6835737228393555
67,1,30,0.23901527341476073,1.6566231019436863,0.7634527683258057
67,1,31,0.1153866837174707,1.5577202301858544,0.7249227166175842
67,1,32,0.6263848544662695,1.673106913903325,0.7953280210494995
67,2,0,-0.26683180224917313,-1.2918047569206002,0.9982531070709229
67,2,1,-0.22447754792390756,-1.351100712975972,0.9975216388702391
67,2,2,-0.20753584619380133,-1.351100712975972,0.997219443321228
67,2,3,-0.19906499532874822,-1.351100712975972,0.9974994659423828
67,2,4,-0.23294839878896068,-1.359571563841025,0.9978384375572203
67,2,5,-0.22447754792390756,-1.3680424147060781,0.9977564215660096
67,2,6,-0.21600669705885445,-1.3680424147060781,0.998140811920166
67,2,7,-0.10588563581316394,-1.3341590112458657,0.9944026470184326
67,2,8,-0.13976903927337642,-1.3680424147060781,0.9976455569267272
67,2,9,-0.22447754792390756,-1.2240379500001752,0.9964420795440674
67,2,10,-0.23294839878896068,-1.2325088008652283,0.9979331493377686
67,2,11,-0.004235425432526558,-0.9783832749136349,0.9982178807258606
67,2,12,-0.05506053062284525,-1.0207375292389005,0.9990512132644652
67,2,13,-0.02117712716263279,-0.41930711782012925,0.5679051280021667
67,2,14,-0.12282733754327017,-0.546369880795926,0.4935950040817261
67,2,15,-0.33459860916959805,-0.5124864773357135,0.6393442749977112
67,2,16,-0.3007152057093856,-0.5802532842561384,0.5164384841918945
67,2,17,-0.4616613721453948,-0.5124864773357135,0.649653434753418
67,2,18,-0.402365416090023,-0.5717824333910854,0.5205808877944946
67,2,19,-0.42777796868518236,-0.5887241351211916,0.6499910354614258
67,2,20,-0.402365416090023,-0.622607538581404,0.5191710591316223
67,2,21,-0.3854237143599168,-0.5971949859862447,0.6255296468734741
67,2,22,-0.36848201262981056,-0.6310783894464571,0.5118952393531799
67,2,23,0.029647978027685904,0.012706276297579673,0.991514265537262
67,2,24,-0.029647978027685904,-0.012706276297579673,0.9930344223976136
67,2,25,-0.004235425432526558,0.7920245558824663,0.6185401082038879
67,2,26,-0.09741478494811083,0.7242577489620414,0.6723154187202454
67,2,27,-0.012706276297579673,1.571342835467353,0.6940227150917053
67,2,28,-0.12282733754327017,1.5544011337372468,0.7382416129112244
67,2,29,0.05506053062284525,1.6984055984431496,0.6990174055099487
67,2,30,-0.06353138148789837,1.6645221949829372,0.744717001914978
67,2,31,-0.21600669705885445,1.647580493252831,0.7424117922782898
67,2,32,-0.47860307387550105,1.6560513441178841,0.7808170318603516
68,1,0,0.39304770112752063,-1.199403294162331,0.998378574848175
68,1,1,0.41735993006324357,-1.2561318283456844,0.9976848363876344
68,1,2,0.41735993006324357,-1.2561318283456844,0.9973965287208556
68,1,3,0.4254640063751512,-1.2561318283456844,0.9976633191108704
68,1,4,0.39304770112752063,-1.2723399809694997,0.9979835152626038
68,1,5,0.384943624815613,-1.288548133593315,0.9979044795036316
68,1,6,0.3687354721917977,-1.2966522099052227,0.9982717037200928
68,1,7,0.3687354721917977,-1.2642359046575922,0.9947152733802797
68,1,8,0.29579878538462895,-1.3047562862171302,0.9978208541870116
68,1,9,0.34442324325607476,-1.1426747599789775,0.9966958165168762
68,1,10,0.3201110143203518,-1.1669869889147004,0.9981070756912231
68,1,11,0.23907025120127542,-0.9400728521812864,0.998279869556427
68,1,12,0.060780572339307316,-1.0373217679241782,0.9991433024406432
68,1,13,0.1337172591464761,-0.42951604453110503,0.5236638784408569
68,1,14,-0.14182133545838374,-0.542973112897812,0.5434108376502991
68,1,15,0.16613356439410665,-0.2755385946048598,0.6058797836303711
68,1,16,0.19044579332982958,-0.4457241971549203,0.5629891157150269
68,1,17,0.22286209857746014,-0.21070598410959868,0.619574785232544
68,1,18,0.29579878538462895,-0.35657935772393623,0.565355122089386
68,1,19,0.2633824801369984,-0.2674345182929522,0.6204979419708252
68,1,20,0.35252731956798244,-0.42951604453110503,0.5638631582260132
68,1,21,0.24717432751318308,-0.29985082354058273,0.5968602299690247
68,1,22,0.3201110143203518,-0.45382827346682797,0.5551743507385254
68,1,23,0.0769887249631226,0.016208152623815284,0.9917408227920532
68,1,24,-0.0769887249631226,-0.016208152623815284,0.9934880137443542
68,1,25,0.03646834340358439,0.7536790970074106,0.5946088433265686
68,1,26,0.19044579332982958,0.7050546391359649,0.7014130353927612
68,1,27,-0.08509280127503024,1.4749418887671908,0.6907958388328552
68,1,28,0.2552784038250907,1.539774499262452,0.7596431970596313
68,1,29,-0.18234171701792193,1.588398957133898,0.6972912549972534
68,1,30,0.2309661748893678,1.6370234150053435,0.7629817724227905
68,1,31,0.0769887249631226,1.564086728198175,0.7415891289710999
68,1,32,0.6037536852371194,1.653231567629159,0.7961394190788269
68,2,0,-0.23519241281514192,-1.3019579995123927,0.9985238909721376
68,2,1,-0.19319376766958085,-1.360756102716178,0.9978993535041808
68,2,2,-0.17639430961135644,-1.360756102716178,0.997639298439026
68,2,3,-0.16799458058224423,-1.360756102716178,0.9978815317153932
68,2,4,-0.20159349669869306,-1.3691558317452903,0.9981622695922852
68,2,5,-0.19319376766958085,-1.3775555607744026,0.9980883598327636
68,2,6,-0.18479403864046864,-1.3775555607744026,0.9984197616577148
68,2,7,-0.0755975612620099,-1.352356373687066,0.9952327609062196
68,2,8,-0.11759620640757096,-1.3775555607744026,0.9979923367500304
68,2,9,-0.19319376766958085,-1.234760167279495,0.9970131516456604
68,2,10,-0.20159349669869306,-1.2431598963086072,0.9982599020004272
68,2,11,0.025199187087336632,-0.9827682964061287,0.9984469413757324
68,2,12,-0.08399729029112211,-1.0163672125225776,0.9991011023521424
68,2,13,0.01679945805822442,-0.41998645145561053,0.5707537531852722
68,2,14,-0.10919647737845874,-0.5375826578631815,0.4945277571678161
68,2,15,-0.3275894321353762,-0.41998645145561053,0.6441209316253662
68,2,16,-0.3023902450480396,-0.4955840127176204,0.5174052119255066
68,2,17,-0.4535853675720594,-0.41158672242649835,0.6551795601844788
68,2,18,-0.4031869933973861,-0.478784554659396,0.5217307209968567
68,2,19,-0.43678590951383495,-0.47038482563028383,0.6559499502182007
68,2,20,-0.4031869933973861,-0.5123834707758449,0.5207992196083069
68,2,21,-0.39478726436827394,-0.478784554659396,0.6330157518386841
68,2,22,-0.3695880772809373,-0.5207831998049571,0.5137200355529785
68,2,23,0.050398374174673265,0.01679945805822442,0.9921455979347228
68,2,24,-0.050398374174673265,-0.01679945805822442,0.9934229254722596
68,2,25,0.03359891611644884,0.7895745287365479,0.6316677927970886
68,2,26,-0.10919647737845874,0.7391761545618746,0.6968072652816772
68,2,27,0.05879810320378548,1.5623495994148713,0.718435525894165
68,2,28,-0.10079674834934653,1.5455501413566468,0.7639859914779663
68,2,29,0.12599593543668317,1.6967452638806666,0.7180721759796143
68,2,30,-0.06719783223289769,1.6463468897059934,0.7611995935440063
68,2,31,-0.17639430961135644,1.6883455348515544,0.763511061668396
68,2,32,-0.4619850966011716,1.6631463477642177,0.8014125227928162
69,1,0,0.3717361363952135,-1.2162236636408617,0.998638391494751
69,1,1,0.40406101782088427,-1.2727922061357855,0.9980472922325134
69,1,2,0.40406101782088427,-1.2727922061357855,0.9978039264678956
69,1,3,0.40406101782088427,-1.2727922061357855,0.9980310797691344
69,1,4,0.37981735675163125,-1.2889546468486208,0.9982929825782776
69,1,5,0.36365491603879585,-1.2970358672050386,0.998224437236786
69,1,6,0.3474924753259605,-1.313198307917874,0.9985374808311462
69,1,7,0.3555736956823782,-1.2808734264922033,0.995546579360962
69,1,8,0.282842712474619,-1.3212795282742915,0.9981465935707092
69,1,9,0.32324881425670743,-1.1596551211459378,0.9972451329231262
69,1,10,0.29900515318745435,-1.183898782215191,0.998412013053894
69,1,11,0.23435539033611288,-0.9333809511662426,0.9984714388847352
69,1,12,0.048487322138506116,-1.0465180361560904,0.9991868138313292
69,1,13,0.12121830534626528,-0.4323452890683462,0.5276079177856445
69,1,14,-0.1697056274847714,-0.5293199333453584,0.5441073179244995
69,1,15,0.19394928855402446,-0.24647722087073942,0.6032294034957886
69,1,16,0.13738074605910067,-0.40002040764267544,0.562848687171936
69,1,17,0.2181929496232775,-0.16566501730656255,0.6159304976463318
69,1,18,0.21011172926685984,-0.3030457633656632,0.5650075078010559
69,1,19,0.25051783104894826,-0.21415233944506867,0.6170200109481812
69,1,20,0.2666802717617836,-0.35153308550416934,0.5639905333518982
69,1,21,0.2262741699796952,-0.23031478015790405,0.5954155325889587
69,1,22,0.24243661069253056,-0.3838579669298401,0.5554670691490173
69,1,23,0.07273098320775917,0.012121830534626529,0.9923551082611084
69,1,24,-0.07273098320775917,-0.012121830534626529,0.9938525557518004
69,1,25,0.0,0.7555941033250536,0.606805682182312
69,1,26,0.13738074605910067,0.7151880015429651,0.7225459218025208
69,1,27,-0.10505586463342992,1.4829039354026454,0.7121553421020508
69,1,28,0.23435539033611288,1.539472477897569,0.7824082374572754
69,1,29,-0.20203050891044214,1.6041222407489106,0.7131122946739197
69,1,30,0.20203050891044214,1.644528342530999,0.7784460186958313
69,1,31,0.0565685424949238,1.5879598000360753,0.7601687908172607
69,1,32,0.5737666453056557,1.668772003600252,0.8146624565124512
69,2,0,-0.20986943501563182,-1.3168278275490624,0.998749613761902
69,2,1,-0.160488391482542,-1.3744390450043338,0.9982137680053712
69,2,2,-0.15225821756036034,-1.3826692189265155,0.9979920387268066
69,2,3,-0.1440280436381787,-1.3826692189265155,0.9982002377510072
69,2,4,-0.17694873932690525,-1.3826692189265155,0.9984303712844848
69,2,5,-0.16871856540472363,-1.3908993928486972,0.9983668327331544
69,2,6,-0.16871856540472363,-1.3991295667708787,0.9986519813537598
69,2,7,-0.05349613049418066,-1.3744390450043338,0.9959712028503418
69,2,8,-0.08641682618290722,-1.3991295667708787,0.9982728958129884
69,2,9,-0.16871856540472363,-1.2509864361716092,0.9974992275238036
69,2,10,-0.1851789132490869,-1.2756769579381542,0.9985197186470032
69,2,11,0.05349613049418066,-0.9876208706617968,0.9986133575439452
69,2,12,-0.06995647833854395,-1.0123113924283418,0.9991807341575624
69,2,13,0.0617263044163623,-0.41973887003126364,0.5737330913543701
69,2,14,-0.09464700010508886,-0.5102707831752616,0.4958966970443725
69,2,15,-0.3086315220818115,-0.39504834826471874,0.6398548483848572
69,2,16,-0.3004013481596299,-0.39504834826471874,0.5177074074745178
69,2,17,-0.43208413091453607,-0.39504834826471874,0.648578941822052
69,2,18,-0.40739360914799116,-0.40327852218690036,0.5216482281684875
69,2,19,-0.41562378307017284,-0.46088973964217184,0.6495031118392944
69,2,20,-0.40739360914799116,-0.46911991356435345,0.5213304162025452
69,2,21,-0.38270308738144626,-0.46088973964217184,0.6273306012153625
69,2,22,-0.35801256561490136,-0.4773500874865351,0.5143476724624634
69,2,23,0.0617263044163623,0.00823017392218164,0.9926244616508484
69,2,24,-0.0617263044163623,-0.00823017392218164,0.9938952326774596
69,2,25,0.09464700010508886,0.7736363486850741,0.6423918008804321
69,2,26,-0.1028771740272705,0.707794957307621,0.7174201011657715
69,2,27,0.1028771740272705,1.50612182775924,0.7363846898078918
69,2,28,-0.16871856540472363,1.4896614799148769,0.7866789102554321
69,2,29,0.2263297828599951,1.6378046105141464,0.7252975106239319
69,2,30,-0.13579786971599705,1.5884235669810565,0.7756704092025757
69,2,31,-0.15225821756036034,1.6542649583585096,0.7791364192962646
69,2,32,-0.5226160440585341,1.6048839148254197,0.8206700086593628
70,1,0,0.37172354049058337,-1.2270873863506355,0.9988274574279784
70,1,1,0.3957057043932017,-1.2910398234242844,0.998300313949585
70,1,2,0.4036997590274078,-1.2910398234242844,0.9980912804603576
70,1,3,0.4036997590274078,-1.2910398234242844,0.9982910752296448
70,1,4,0.3797175951247895,-1.3070279326926963,0.9985166788101196
70,1,5,0.3637294858563773,-1.3150219873269025,0.9984622597694396
70,1,6,0.3477413765879651,-1.3230160419611086,0.9987388849258424
70,1,7,0.3477413765879651,-1.2910398234242844,0.996092677116394
70,1,8,0.2757948848801103,-1.3310100965953147,0.9983834624290466
70,1,9,0.3237592126853468,-1.1711290039111928,0.9976404309272766
70,1,10,0.29178299414852243,-1.195111167813811,0.998633861541748
70,1,11,0.2198365024406676,-0.9393014195192161,0.9985363483428956
70,1,12,0.04396730048813352,-1.0432241297638953,0.9992589950561525
70,1,13,0.12390784683019446,-0.45166408683264436,0.5271241664886475
70,1,14,-0.1878602839038432,-0.5395986878089114,0.5456243753433228
70,1,15,0.13190190146440056,-0.22783055707487368,0.5925514698028564
70,1,16,0.0759435190249579,-0.339747321953759,0.5634329915046692
70,1,17,0.13989595609860664,-0.12390784683019446,0.6023211479187012
70,1,18,0.13989595609860664,-0.2438186663432859,0.5651930570602417
70,1,19,0.14789001073281274,-0.15588406536701885,0.6032640337944031
70,1,20,0.1878602839038432,-0.28378893951431633,0.5646794438362122
70,1,21,0.12390784683019446,-0.1878602839038432,0.5830429792404175
70,1,22,0.17986622926963713,-0.31576515805114075,0.5561577081680298
70,1,23,0.05995540975654571,0.011991081951309141,0.9927334785461426
70,1,24,-0.05995540975654571,-0.011991081951309141,0.994312822818756
70,1,25,0.019985136585515238,0.763432217566682,0.6177429556846619
70,1,26,0.12390784683019446,0.7154678897614455,0.7432487607002258
70,1,27,-0.09992568292757618,1.4669090253768182,0.7295437455177307
70,1,28,0.22783055707487368,1.530861462450467,0.8047724962234497
70,1,29,-0.19585433853804932,1.594813899524116,0.7209379076957703
70,1,30,0.1878602839038432,1.6267901180609403,0.7929656505584717
70,1,31,0.06794946439075181,1.6427782273293523,0.7767664790153503
70,1,32,0.5875630156141479,1.6427782273293523,0.834091067314148
70,2,0,-0.19582653391894894,-1.3291205174498875,0.9989215731620787
70,2,1,-0.14582826993964282,-1.3957848694222956,0.9984394907951356
70,2,2,-0.1374952259430918,-1.3957848694222956,0.998249650001526
70,2,3,-0.12082913794998977,-1.3957848694222956,0.9984340071678162
70,2,4,-0.16249435793274486,-1.4041179134188466,0.9986317753791808
70,2,5,-0.15416131393619384,-1.4124509574153976,0.9985799193382264
70,2,6,-0.15416131393619384,-1.4207840014119486,0.9988327026367188
70,2,7,-0.029165653987928565,-1.3874518254257446,0.9964581727981568
70,2,8,-0.07083087397068366,-1.4124509574153976,0.9984766244888306
70,2,9,-0.15416131393619384,-1.2707892094740303,0.9978514313697816
70,2,10,-0.17082740192929588,-1.2791222534705813,0.9987118244171144
70,2,11,0.0874969619637857,-0.9874657135912958,0.99867582321167
70,2,12,-0.07083087397068366,-1.0124648455809488,0.999239981174469
70,2,13,0.12916218194654078,-0.42081872182582647,0.5736717581748962
70,2,14,-0.05416478597758162,-0.4791500298016836,0.4958172738552093
70,2,15,-0.2708239298879081,-0.2958230618775612,0.6304529905319214
70,2,16,-0.20415957791549996,-0.21249262191205098,0.5121164321899414
70,2,17,-0.3874865458396224,-0.25415784189480606,0.6360741257667542
70,2,18,-0.25415784189480606,-0.14582826993964282,0.514352560043335
70,2,19,-0.3958195898361734,-0.2708239298879081,0.6367550492286682
70,2,20,-0.25415784189480606,-0.16249435793274486,0.5140560269355774
70,2,21,-0.3541543698534183,-0.2708239298879081,0.6154828071594238
70,2,22,-0.22915870990515302,-0.19582653391894894,0.5069455504417419
70,2,23,0.06249782997413264,0.012499565994826527,0.9931354522705078
70,2,24,-0.06249782997413264,-0.012499565994826527,0.9944368600845336
70,2,25,-0.004166521998275509,0.7624735256844182,0.6509429812431335
70,2,26,-0.07916391796723468,0.7291413496982141,0.7252834439277649
70,2,27,0.11249609395343875,1.51244748537401,0.7494103312492371
70,2,28,-0.14582826993964282,1.537446617363663,0.7963046431541443
70,2,29,0.2624908858913571,1.6707753213084793,0.7269954681396484
70,2,30,-0.12082913794998977,1.637443145322275,0.7787989974021912
70,2,31,-0.12916218194654078,1.6957744532981323,0.7907750010490417
70,2,32,-0.5041491617913366,1.6457761893188263,0.8295230269432068
71,1,0,0.3793716632951047,-1.230939971329861,0.9989326000213624
71,1,1,0.40358687584585606,-1.295513871465198,0.9984050989151
71,1,2,0.40358687584585606,-1.295513871465198,0.9982215762138368
71,1,3,0.40358687584585606,-1.295513871465198,0.9984065294265748
71,1,4,0.38744340081202183,-1.303585608982115,0.9986202716827391
71,1,5,0.3793716632951047,-1.3197290840159492,0.9985806345939636
71,1,6,0.36322818826127046,-1.3278008215328665,0.9988458156585692
71,1,7,0.3551564507443533,-1.295513871465198,0.9962276816368104
71,1,8,0.28251081309209924,-1.3278008215328665,0.9984900951385498
71,1,9,0.32286950067668485,-1.174437808711441,0.9978178143501282
71,1,10,0.2986542881259335,-1.1905812837452754,0.9987612962722778
71,1,11,0.24215212550751364,-0.9403574207208446,0.9985047578811646
71,1,12,0.056502162618419845,-1.03721827092385,0.9993110299110411
71,1,13,0.12107606275375682,-0.45605316970581733,0.5240231156349182
71,1,14,-0.16950648785525954,-0.5206270698411543,0.545314371585846
71,1,15,0.11300432523683969,-0.19775756916446946,0.5800593495368958
71,1,16,0.11300432523683969,-0.27040320681672353,0.5572375059127808
71,1,17,0.14529127530450817,-0.09282498144454689,0.5876319408416748
71,1,18,0.17757822537217666,-0.18161409413063523,0.5571439266204834
71,1,19,0.16143475033834243,-0.12511193151221536,0.5882934331893921
71,1,20,0.22600865047367938,-0.2139010441983037,0.5565771460533142
71,1,21,0.14529127530450817,-0.14932714406296674,0.5690006017684937
71,1,22,0.20986517543984515,-0.24618799426597218,0.5473557114601135
71,1,23,0.06457390013533697,0.012107606275375682,0.9929745197296144
71,1,24,-0.06457390013533697,-0.012107606275375682,0.994767725467682
71,1,25,-0.008071737516917121,0.7789226703825022,0.6246567964553833
71,1,26,0.12914780027067393,0.7466357203148337,0.750845730304718
71,1,27,-0.07264563765225408,1.4569486218035403,0.7382826805114746
71,1,28,0.2502238630244307,1.5618812095234629,0.813529908657074
71,1,29,-0.16143475033834243,1.642598584692634,0.7200566530227661
71,1,30,0.19372170040601092,1.6587420597264684,0.7956652045249939
71,1,31,0.08878911268608833,1.56995294704038,0.7847540378570557
71,1,32,0.597308576251867,1.6748855347603027,0.841911792755127
71,2,0,-0.20833152490780643,-1.329155128911805,0.9990211725234984
71,2,1,-0.1583319589299329,-1.3958212168823032,0.9985421895980836
71,2,2,-0.14999869793362064,-1.3958212168823032,0.9983752965927124
71,2,3,-0.1333321759409961,-1.4041544778786155,0.9985454082489014
71,2,4,-0.16666521992624514,-1.4041544778786155,0.9987329840660096
71,2,5,-0.1583319589299329,-1.4124877388749277,0.9986947774887084
71,2,6,-0.1583319589299329,-1.42082099987124,0.9989361763000488
71,2,7,-0.041666304981561285,-1.387487955885991,0.9965861439704896
71,2,8,-0.08333260996312257,-1.4124877388749277,0.9985867738723756
71,2,9,-0.16666521992624514,-1.2708223019376192,0.9980159401893616
71,2,10,-0.18333174191886967,-1.2791555629339315,0.9988375306129456
71,2,11,0.08333260996312257,-0.9874914280630025,0.9986464381217957
71,2,12,-0.07499934896681032,-1.0124912110519393,0.9992691278457642
71,2,13,0.12499891494468386,-0.420829680313769,0.5709572434425354
71,2,14,-0.0583328269741858,-0.4791625072879548,0.4958756268024444
71,2,15,-0.28333087387461675,-0.35416359234327094,0.6197240948677063
71,2,16,-0.22499804690043096,-0.2458311993912116,0.5070728063583374
71,2,17,-0.39999652782298833,-0.3208305483580219,0.6238051056861877
71,2,18,-0.2749976128783045,-0.17916511142071354,0.5076653957366943
71,2,19,-0.4083297888193006,-0.3624968533395832,0.6242824792861938
71,2,20,-0.2749976128783045,-0.2041648944096503,0.5073526501655579
71,2,21,-0.36666348383773933,-0.37916337533220773,0.6043795347213745
71,2,22,-0.25833109088567996,-0.2291646773985871,0.4996638596057892
71,2,23,0.06666608797049806,0.012499891494468385,0.9933565855026244
71,2,24,-0.06666608797049806,-0.012499891494468385,0.994824469089508
71,2,25,0.10833239295205935,0.7874931641515083,0.6581234335899353
71,2,26,-0.09999913195574708,0.7291603371773225,0.7405533790588379
71,2,27,0.12499891494468386,1.520820131826987,0.7589220404624939
71,2,28,-0.16666521992624514,1.520820131826987,0.8106404542922974
71,2,29,0.25833109088567996,1.6874853517532322,0.730588436126709
71,2,30,-0.1333321759409961,1.645819046771671,0.786400318145752
71,2,31,-0.14166543693730838,1.67915209075692,0.7996641397476196
71,2,32,-0.5249954427676722,1.6708188297606077,0.8403079509735107
72,1,0,0.3566500291197696,-1.2524221952810515,0.999089777469635
72,1,1,0.3815325892909163,-1.3104815023470604,0.998624324798584
72,1,2,0.3898267760146319,-1.3104815023470604,0.998467206954956
72,1,3,0.3898267760146319,-1.3104815023470604,0.9986214637756348
72,1,4,0.3649442158434852,-1.3270698757944916,0.9988155364990234
72,1,5,0.34835584239605405,-1.3353640625182073,0.9987847805023192
72,1,6,0.3317674689486229,-1.3519524359656383,0.9990103840827942
72,1,7,0.3400616556723385,-1.318775689070776,0.9966984987258912
72,1,8,0.2654139751588983,-1.3519524359656383,0.9986900687217712
72,1,9,0.3068849087774762,-1.1943628882150426,0.9981234669685364
72,1,10,0.2737081618826139,-1.2192454483861892,0.9989274144172668
72,1,11,0.23223722826403603,-0.9455372865035753,0.9986082911491394
72,1,12,0.03317674689486229,-1.0367733404644466,0.999338924884796
72,1,13,0.14929536102688032,-0.4810628299755032,0.5233046412467957
72,1,14,-0.23223722826403603,-0.5474163237652278,0.545807957649231
72,1,15,0.19076629464545816,-0.2737081618826139,0.5810181498527527
72,1,16,0.016588373447431144,-0.2405314149877516,0.5543403029441833
72,1,17,0.20735466809288933,-0.17417792119802702,0.5885543823242188
72,1,18,0.07464768051344016,-0.14100117430316472,0.5533487796783447
72,1,19,0.2156488548166049,-0.1824721079217426,0.5891245603561401
72,1,20,0.14929536102688032,-0.16588373447431146,0.5528101325035095
72,1,21,0.2156488548166049,-0.2405314149877516,0.5696465969085693
72,1,22,0.13270698757944915,-0.2156488548166049,0.5440399646759033
72,1,23,0.06635349378972458,0.016588373447431144,0.9935526251792908
72,1,24,-0.06635349378972458,-0.016588373447431144,0.9952065348625184
72,1,25,-0.008294186723715572,0.7713593653055483,0.6483194231987
72,1,26,0.10782442740830245,0.7713593653055483,0.7655739784240723
72,1,27,-0.08294186723715573,1.5593071040585276,0.7610992193222046
72,1,28,0.22394304154032046,1.6007780376771055,0.8279142379760742
72,1,29,-0.19076629464545816,1.7168966518091235,0.7342298030853271
72,1,30,0.17417792119802702,1.708602465085408,0.8036634922027588
72,1,31,0.07464768051344016,1.650543158019399,0.8030943274497986
72,1,32,0.5971814441075213,1.7583675854277014,0.8534446358680725
72,2,0,-0.22413584892605645,-1.3577460079174573,0.9991483688354492
72,2,1,-0.17241219148158188,-1.4267108845100902,0.9987169504165648
72,2,2,-0.1637915819075028,-1.4267108845100902,0.9985752701759338
72,2,3,-0.1465503627593446,-1.4267108845100902,0.9987192153930664
72,2,4,-0.18965341062974006,-1.4353314940841693,0.9988874197006226
72,2,5,-0.18103280105566097,-1.4439521036582483,0.998857855796814
72,2,6,-0.17241219148158188,-1.4525727132323274,0.9990630745887756
72,2,7,-0.04310304787039547,-1.418090274936011,0.9969921112060548
72,2,8,-0.08620609574079094,-1.4353314940841693,0.9987280368804932
72,2,9,-0.18103280105566097,-1.2974017408989036,0.9982770085334778
72,2,10,-0.19827402020381918,-1.3060223504729829,0.9989547729492188
72,2,11,0.09482670531487003,-0.9870597962320563,0.9987396001815796
72,2,12,-0.08620609574079094,-1.0129216249542936,0.9993075132369996
72,2,13,0.12930914361118642,-0.41809956434283607,0.570311963558197
72,2,14,-0.08620609574079094,-0.4698232217873106,0.4977750778198242
72,2,15,-0.2844801159446101,-0.3405140781761242,0.6203077435493469
72,2,16,-0.22413584892605645,-0.15948127712046326,0.5047644972801208
72,2,17,-0.4051686499817174,-0.2456873728612542,0.624062180519104
72,2,18,-0.2672388967964519,-0.0732751813796723,0.5043005347251892
72,2,19,-0.41378925955579654,-0.28016981115757056,0.6243907809257507
72,2,20,-0.24999767764829373,-0.09051640052783048,0.5039827823638916
72,2,21,-0.37068621168540106,-0.32327285902796604,0.6037106513977051
72,2,22,-0.23275645850013554,-0.12499883882414686,0.4964388906955719
72,2,23,0.08620609574079094,0.012930914361118642,0.9938069581985474
72,2,24,-0.08620609574079094,-0.012930914361118642,0.9951654076576232
72,2,25,-0.008620609574079095,0.7629239473059999,0.6751864552497864
72,2,26,-0.12068853403710732,0.7629239473059999,0.7361611127853394
72,2,27,0.10344731488894914,1.5905024664175929,0.772190272808075
72,2,28,-0.18103280105566097,1.5732612472694347,0.8077565431594849
72,2,29,0.17241219148158188,1.7284322196028583,0.7292473316192627
72,2,30,-0.1551709723334237,1.7198116100287792,0.7805021405220032
72,2,31,-0.1551709723334237,1.7370528291769376,0.8095808029174805
72,2,32,-0.5689602318892202,1.7370528291769376,0.8399184942245483
73,1,0,0.3221496004962591,-1.250449107189427,0.9992214441299438
73,1,1,0.3645377058247143,-1.3182700757149552,0.9988195896148682
73,1,2,0.37301532689040534,-1.3182700757149552,0.9986882209777832
73,1,3,0.37301532689040534,-1.3182700757149552,0.9988169074058532
73,1,4,0.3306272215619502,-1.3352253178463374,0.9989805221557616
73,1,5,0.3221496004962591,-1.3521805599777192,0.9989548325538636
73,1,6,0.30519435836487707,-1.3606581810434104,0.999142289161682
73,1,7,0.3306272215619502,-1.3267476967806462,0.9971951842308044
73,1,8,0.24585101090503989,-1.3521805599777192,0.998840034008026
73,1,9,0.27128387410211297,-1.2080610018609719,0.9984117746353148
73,1,10,0.23737338983934886,-1.225016243992354,0.9990482926368712
73,1,11,0.23737338983934886,-0.9452547488245499,0.998788833618164
73,1,12,0.01695524213138206,-1.0385085805471512,0.9993745684623718
73,1,13,0.13564193705105648,-0.45355272701447014,0.5273215770721436
73,1,14,-0.288239116233495,-0.5213736955399983,0.5475090146064758
73,1,15,0.20346290557658472,-0.2246569582408123,0.597683846950531
73,1,16,0.0,-0.1653136107809751,0.5521587133407593
73,1,17,0.23737338983934886,-0.09749264225544685,0.6046921014785767
73,1,18,-0.01695524213138206,-0.055104536926991694,0.5501033067703247
73,1,19,0.23737338983934886,-0.10597026332113788,0.6050886511802673
73,1,20,0.08477621065691031,-0.08053740012406478,0.5495675206184387
73,1,21,0.22041814770796678,-0.15683598971528406,0.5834645628929138
73,1,22,0.06782096852552824,-0.13140312651821096,0.5409852862358093
73,1,23,0.06782096852552824,0.012716431598536545,0.994120955467224
73,1,24,-0.06782096852552824,-0.012716431598536545,0.995545506477356
73,1,25,-0.05086572639414618,0.8096128117734934,0.6678681969642639
73,1,26,0.09325383172260134,0.8011351907078024,0.7615578770637512
73,1,27,-0.07629858959121927,1.6234644340798323,0.776004433631897
73,1,28,0.24585101090503989,1.6658525394082875,0.8253241777420044
73,1,29,-0.17803004237951164,1.7591063711308887,0.7368778586387634
73,1,30,0.1949852845108937,1.7845392343279618,0.7981932163238525
73,1,31,0.09325383172260134,1.6997630236710515,0.8132836222648621
73,1,32,0.6019110956640632,1.826927339656417,0.8527782559394836
73,2,0,-0.2093539223939804,-1.371481818131994,0.9992800951004028
73,2,1,-0.15808357405259746,-1.4398422825871713,0.9989081621170044
73,2,2,-0.14953851599570028,-1.4398422825871713,0.9987916350364684
73,2,3,-0.13244839988190596,-1.4483873406440686,0.9989104866981506
73,2,4,-0.17517369016639175,-1.4483873406440686,0.999052882194519
73,2,5,-0.1666286321094946,-1.4569323987009657,0.999030351638794
73,2,6,-0.15808357405259746,-1.4654774567578628,0.9991999864578248
73,2,7,-0.029907703199140056,-1.422752166473377,0.9974507689476012
73,2,8,-0.06408793542672869,-1.4483873406440686,0.9988961219787598
73,2,9,-0.17517369016639175,-1.311666411733714,0.9985504746437072
73,2,10,-0.19226380628018608,-1.320211469790611,0.9990894198417664
73,2,11,0.10681322571121449,-0.995499263628519,0.9989054799079896
73,2,12,-0.06408793542672869,-1.0040443216854162,0.9993581175804138
73,2,13,0.14099345793880314,-0.4144353157595122,0.5742331743240356
73,2,14,-0.08972310959742018,-0.44861554798710085,0.4992702007293701
73,2,15,-0.2691693287922605,-0.30334956101984917,0.6369773149490356
73,2,16,-0.2520792126784662,-0.10681322571121449,0.5082851648330688
73,2,17,-0.3802550835319236,-0.20080886433708325,0.6419191956520081
73,2,18,-0.32043967713364346,-0.00427252902844858,0.5068774819374084
73,2,19,-0.3973451996457179,-0.23498909656467187,0.6421674489974976
73,2,20,-0.3118946190767463,-0.021362645142242898,0.506694495677948
73,2,21,-0.3546199093612321,-0.2691693287922605,0.6209841966629028
73,2,22,-0.2862594449060548,-0.05554287736983154,0.4991971552371979
73,2,23,0.08117805154052302,0.01281758708534574,0.99450421333313
73,2,24,-0.08117805154052302,-0.01281758708534574,0.9957432746887208
73,2,25,-0.01281758708534574,0.7818728122060901,0.6990945339202881
73,2,26,-0.1666286321094946,0.7562376380353986,0.7616779804229736
73,2,27,0.08972310959742018,1.5423829792699373,0.7956864833831787
73,2,28,-0.2093539223939804,1.5338379212130402,0.8311172127723694
73,2,29,0.2093539223939804,1.687648966237189,0.7497355341911316
73,2,30,-0.1666286321094946,1.6791039081802919,0.7969896197319031
73,2,31,-0.13244839988190596,1.7047390823509834,0.8289358615875244
73,2,32,-0.6109716510681469,1.6791039081802919,0.8592939972877502
74,1,0,0.34012050031809504,-1.311254034121077,0.9993420839309692
74,1,1,0.3759226582463156,-1.382858349977518,0.998997449874878
74,1,2,0.3848731977283707,-1.382858349977518,0.9988923668861388
74,1,3,0.39382373721042585,-1.373907810495463,0.9989972114562988
74,1,4,0.3490710398001502,-1.4007594289416283,0.9991315603256226
74,1,5,0.3311699608360399,-1.4007594289416283,0.9991125464439392
74,1,6,0.31326888187192964,-1.4186605079057386,0.9992662668228148
74,1,7,0.34012050031809504,-1.373907810495463,0.9976485967636108
74,1,8,0.24166456601548858,-1.4186605079057386,0.9989936351776124
74,1,9,0.28641726342576423,-1.248600257746691,0.9986667037010192
74,1,10,0.25061510549754373,-1.2665013367108013,0.9991706013679504
74,1,11,0.28641726342576423,-0.9263808363927063,0.9989394545555116
74,1,12,0.008950539482055132,-1.051688389141478,0.99941885471344
74,1,13,0.17006025015904752,-0.3982990069514534,0.5342225432395935
74,1,14,-0.36697211876426045,-0.505705480736115,0.5489634871482849
74,1,15,0.17006025015904752,-0.16558498041801994,0.6226435899734497
74,1,16,-0.1611097106769924,-0.0939806645615789,0.5552638173103333
74,1,17,0.21481294756932318,-0.02237634870513783,0.6293340921401978
74,1,18,-0.14320863171288212,0.02237634870513783,0.5520234704017639
74,1,19,0.22376348705137833,-0.0402774276692481,0.6303154230117798
74,1,20,-0.134258092230827,0.004475269741027566,0.5516287088394165
74,1,21,0.19691186860521293,-0.0939806645615789,0.6082106828689575
74,1,22,-0.0805548553384962,-0.03132688818719297,0.5434280037879944
74,1,23,0.08950539482055132,0.013425809223082699,0.9948123693466188
74,1,24,-0.08950539482055132,-0.013425809223082699,0.9960942268371582
74,1,25,0.008950539482055132,0.8637270600183203,0.6932645440101624
74,1,26,0.03580215792822053,0.8547765205362652,0.7845389246940613
74,1,27,-0.07160431585644106,1.7229788502956132,0.7977513074874878
74,1,28,0.25956564497959883,1.8035337056341092,0.846611738204956
74,1,29,-0.15215917119493727,1.8751380214905504,0.7517575025558472
74,1,30,0.21481294756932318,1.9019896399367158,0.8125943541526794
74,1,31,0.053703236892330794,1.8751380214905504,0.831161618232727
74,1,32,0.5996861452976939,1.9735939557931568,0.8705353736877441
74,2,0,-0.22976851215604938,-1.3871210178309648,0.999396026134491
74,2,1,-0.1787088427880384,-1.4637105218829811,0.9990803599357604
74,2,2,-0.1616889529987014,-1.4637105218829811,0.9989869594573976
74,2,3,-0.14466906320936443,-1.4637105218829811,0.9990832209587096
74,2,4,-0.1872187876827069,-1.4722204667776497,0.9992012977600098
74,2,5,-0.1787088427880384,-1.4722204667776497,0.9991849064826964
74,2,6,-0.1701988978933699,-1.4807304116723181,0.999323546886444
74,2,7,-0.04254972447334247,-1.4381806871989757,0.997869312763214
74,2,8,-0.07658950405201645,-1.4637105218829811,0.9990602731704712
74,2,9,-0.19572873257737539,-1.3190414586736168,0.9987878203392028
74,2,10,-0.20423867747204388,-1.3360613484629538,0.9992206692695618
74,2,11,0.11062928363069044,-0.995663552676214,0.9990425705909728
74,2,12,-0.08509944894668495,-1.0041734975708825,0.9994099736213684
74,2,13,0.1616889529987014,-0.40847735494408777,0.5805956125259399
74,2,14,-0.09360939384135344,-0.45953702431209875,0.5036355257034302
74,2,15,-0.25529834684005487,-0.27231823662939186,0.6598649621009827
74,2,16,-0.3233779059974028,-0.10211933873602194,0.5165706872940063
74,2,17,-0.3659276304707453,-0.1616889529987014,0.6649630665779114
74,2,18,-0.3403977957867398,-0.01701988978933699,0.5132851004600525
74,2,19,-0.39145746515475077,-0.20423867747204388,0.6657657027244568
74,2,20,-0.3489077406814083,-0.025529834684005485,0.5133097767829895
74,2,21,-0.3574176855760768,-0.23827845705071787,0.6446543335914612
74,2,22,-0.3489077406814083,-0.05956961426267947,0.5060421824455261
74,2,23,0.07658950405201645,0.008509944894668496,0.9951293468475342
74,2,24,-0.07658950405201645,-0.008509944894668496,0.9962053298950196
74,2,25,0.07658950405201645,0.7999348200988385,0.7216346859931946
74,2,26,-0.1787088427880384,0.7233453160468221,0.7744293808937073
74,2,27,0.05956961426267947,1.5062602463563237,0.8150225877761841
74,2,28,-0.24678840194538637,1.497750301461655,0.8465202450752258
74,2,29,0.1616889529987014,1.650929309565688,0.7665234804153442
74,2,30,-0.1701988978933699,1.633909419776351,0.8082959055900574
74,2,31,-0.13615911831469593,1.6764591442496934,0.8448977470397949
74,2,32,-0.6297359222054686,1.6424193646710195,0.8734035491943359
