frame,player_id,landmark_index,x_norm,y_norm,visibility
1,1,0,0.15733881028688976,-1.3601066044800028,0.9994390606880188
1,1,1,0.10838895819763518,-1.4230421285947585,0.9992333054542542
1,1,2,0.10838895819763518,-1.4230421285947585,0.999116063117981
1,1,3,0.10838895819763518,-1.4230421285947585,0.99929940700531
1,1,4,0.0874104501593832,-1.4090564565692574,0.999381959438324
1,1,5,0.06643194212113124,-1.4090564565692574,0.999284327030182
1,1,6,0.04545343408287927,-1.4020636205565067,0.9994454979896544
1,1,7,0.1223746302231365,-1.3810851125182546,0.9986506700515748
1,1,8,0.017482090031876642,-1.3461209324545014,0.9993075132369996
1,1,9,0.15034597427413912,-1.290178244352496,0.999174952507019
1,1,10,0.1223746302231365,-1.276192572326995,0.9993807077407836
1,1,11,0.11538179421038583,-1.0174576398552204,0.9985554814338684
1,1,12,-0.10139612218488452,-0.9824934597914672,0.9994553327560424
1,1,13,0.22027433440164568,-0.7936868874471995,0.5261175036430359
1,1,14,-0.2482456784526483,-0.5908946430774304,0.6266548037528992
1,1,15,0.16433164629964042,-0.926550771689462,0.5801404714584351
1,1,16,0.05943910610838058,-0.9335436077022127,0.6860673427581787
1,1,17,0.17831731832514175,-1.0454289839062232,0.5851850509643555
1,1,18,0.16433164629964042,-1.0034719678297193,0.6710059642791748
1,1,19,0.15733881028688976,-1.0594146559317243,0.5827603340148926
1,1,20,0.15733881028688976,-1.0384361478934725,0.6704994440078735
1,1,21,0.15034597427413912,-1.0384361478934725,0.5627945065498352
1,1,22,0.11538179421038583,-1.0174576398552204,0.660041332244873
1,1,23,0.08041761414663255,-0.010489254019125985,0.9926599860191344
1,1,24,-0.08041761414663255,0.010489254019125985,0.9943362474441528
1,1,25,-0.04545343408287927,0.7587227073834463,0.709420919418335
1,1,26,0.03146776205737795,0.8076725594727008,0.7285439372062683
1,1,27,-0.42306657877141474,1.5419203408115199,0.8209414482116699
1,1,28,-0.10838895819763518,1.6538057170155303,0.8274039626121521
1,1,29,-0.5419447909881758,1.6677913890410316,0.8204705715179443
1,1,30,-0.17831731832514175,1.7586982572067902,0.8376041054725647
1,1,31,-0.31817403858015486,1.6328272089772782,0.8413486480712891
1,1,32,0.11538179421038583,1.8006552732832941,0.83272385597229
1,2,0,-0.30880261682964716,-1.3497103140082332,0.9994660019874572
1,2,1,-0.2671663089425037,-1.4191041604868055,0.9992709159851074
1,2,2,-0.246348154998932,-1.4191041604868055,0.9991708397865297
1,2,3,-0.2324693857032175,-1.4191041604868055,0.9993431568145752
1,2,4,-0.28798446288607543,-1.4191041604868055,0.99940687417984
1,2,5,-0.28798446288607543,-1.4191041604868055,0.9993128180503844
1,2,6,-0.28798446288607543,-1.4191041604868055,0.9994571805000304
1,2,7,-0.11449984668964446,-1.377467852599662,0.9987707138061525
1,2,8,-0.1908330778160741,-1.3705284679518048,0.9993154406547546
1,2,9,-0.2602269242946465,-1.2664376982339463,0.999233603477478
1,2,10,-0.28798446288607543,-1.2664376982339463,0.999377429485321
1,2,11,0.09368169274607273,-1.023559235558943,0.998696506023407
1,2,12,-0.17001492387250236,-0.9749835430239422,0.999301552772522
1,2,13,0.46840846373036366,-0.6835293878139381,0.5734097957611084
1,2,14,-0.16307553922464513,-0.6071961566875085,0.5742232203483582
1,2,15,0.2602269242946465,-0.3643176940125051,0.6213899254798889
1,2,16,-0.2116512317596458,-0.3018632321817899,0.635208249092102
1,2,17,0.23940877035107475,-0.2602269242946465,0.6245126724243164
1,2,18,-0.20471184711178855,-0.19777246246393132,0.6221029758453369
1,2,19,0.19777246246393132,-0.28104507823821817,0.6220904588699341
1,2,20,-0.20471184711178855,-0.2116512317596458,0.6223366856575012
1,2,21,0.19777246246393132,-0.3226813861253616,0.6029831171035767
1,2,22,-0.19777246246393132,-0.2324693857032175,0.613001823425293
1,2,23,0.058984769506786536,-0.0034696923239286195,0.9929302930831908
1,2,24,-0.058984769506786536,0.0034696923239286195,0.9937675595283508
1,2,25,-0.10062107739392998,0.7182263110532243,0.7277956604957581
1,2,26,-0.14919676992893063,0.7529232342925105,0.699478805065155
1,2,27,-0.01040907697178586,1.5231949302046641,0.8216928839683533
1,2,28,0.045106000211072056,1.550952468796093,0.7828935980796814
1,2,29,0.11449984668964446,1.661982623161809,0.8159927129745483
1,2,30,0.12837861598535893,1.668922007809666,0.8043021559715271
1,2,31,-0.25328753964678924,1.6758613924575234,0.8350887298583984
1,2,32,-0.23940877035107475,1.696679546401095,0.7933121919631958
2,1,0,0.13651161590499267,-1.3446394166641777,0.9993970990180968
2,1,1,0.0819069695429956,-1.3992440630261749,0.9992250204086304
2,1,2,0.06825580795249633,-1.3992440630261749,0.999100148677826
2,1,3,0.0614302271572467,-1.3992440630261749,0.9992778301239014
2,1,4,0.0614302271572467,-1.3924184822309251,0.999372124671936
2,1,5,0.04777906556674743,-1.3924184822309251,0.9992765784263612
2,1,6,0.027302323180998532,-1.3855929014356756,0.9994462132453918
2,1,7,-0.03412790397624817,-1.3651161590499266,0.99852854013443
2,1,8,-0.13651161590499267,-1.3378138358689282,0.9993452429771424
2,1,9,0.12968603510974303,-1.283209189506931,0.9990941882133484
2,1,10,0.11603487351924377,-1.2763836087116813,0.9993574619293212
2,1,11,0.10920929272399413,-1.0170115384921954,0.9982032179832458
2,1,12,-0.12968603510974303,-0.9828836345159472,0.9993488192558287
2,1,13,0.09555813113349486,-0.6484301755487152,0.5227877497673035
2,1,14,-0.2866743934004846,-0.5733487868009692,0.6161758303642273
2,1,15,0.21159300465273864,-0.7985929530442071,0.5806344151496887
2,1,16,0.07508138874774596,-0.7849417914537078,0.670014500617981
2,1,17,0.19794184306223936,-0.8463720186109546,0.5876687169075012
2,1,18,0.204767423857489,-0.8327208570204553,0.6556819677352905
2,1,19,0.17746510067649046,-0.9009766649729516,0.5849242210388184
2,1,20,0.204767423857489,-0.8804999225872027,0.6552480459213257
2,1,21,0.17746510067649046,-0.894151084177702,0.5673102736473083
2,1,22,0.17063951988124082,-0.8668487609967034,0.6449554562568665
2,1,23,0.09555813113349486,-0.006825580795249633,0.992858111858368
2,1,24,-0.09555813113349486,0.006825580795249633,0.9939236044883728
2,1,25,-0.07508138874774596,0.7371627258869604,0.7018308043479919
2,1,26,-0.03412790397624817,0.7849417914537078,0.7160872220993042
2,1,27,-0.19794184306223936,1.5152789365454187,0.8059782981872559
2,1,28,-0.10920929272399413,1.5767091637026653,0.7913275361061096
2,1,29,-0.2866743934004846,1.6449649716551615,0.800675094127655
2,1,30,-0.1638139390859912,1.6859184564266594,0.8029822111129761
2,1,31,-0.1842906814717401,1.6790928756314099,0.8263707756996155
2,1,32,-0.15016277749549192,1.767825425969655,0.8016797304153442
2,2,0,-0.2869071084022051,-1.4068818448156322,0.9992430806159972
2,2,1,-0.24542656260911522,-1.4552758149075704,0.998938262462616
2,2,2,-0.23159971401141857,-1.4552758149075704,0.9988585710525512
2,2,3,-0.21085944111487362,-1.4621892392064189,0.9990509152412416
2,2,4,-0.25925341120681183,-1.4483623906087222,0.9990284442901612
2,2,5,-0.25925341120681183,-1.4483623906087222,0.9988950490951538
2,2,6,-0.25925341120681183,-1.4414489663098737,0.998967468738556
2,2,7,-0.12098492522984552,-1.399968420516784,0.9984914064407348
2,2,8,-0.1901191682183287,-1.399968420516784,0.998423397541046
2,2,9,-0.24542656260911522,-1.3031804803329075,0.999053418636322
2,2,10,-0.26616683550566017,-1.3031804803329075,0.9990752935409546
2,2,11,0.1140715009309972,-1.026643508378975,0.998370885848999
2,2,12,-0.2039460168160253,-0.9713361139881883,0.9992583990097046
2,2,13,0.4182621700803231,-0.6878857177354074,0.5703216195106506
2,2,14,-0.21777286541372196,-0.5219635345630478,0.5613994002342224
2,2,15,0.21777286541372196,-0.34912792709183993,0.6216621398925781
2,2,16,-0.24542656260911522,-0.26616683550566017,0.6192833185195923
2,2,17,0.18320574391948036,-0.22468628971257026,0.6258819103240967
2,2,18,-0.27308025980450845,-0.16246547102293543,0.60927414894104
2,2,19,0.1486386224252388,-0.2938205327010534,0.6230632066726685
2,2,20,-0.2869071084022051,-0.18320574391948036,0.609672486782074
2,2,21,0.16246547102293543,-0.3353010784941433,0.605609655380249
2,2,22,-0.2523399869079635,-0.23159971401141857,0.6001417636871338
2,2,23,0.10024465233330057,-0.0034567121494241577,0.9930473566055298
2,2,24,-0.10024465233330057,0.0034567121494241577,0.9942184686660768
2,2,25,0.03111040934481742,0.6533185962411658,0.7162922620773315
2,2,26,-0.1486386224252388,0.743193112126194,0.7186689972877502
2,2,27,0.18320574391948036,0.722452839229649,0.7534013986587524
2,2,28,0.05185068224136237,1.531323482194902,0.7817355990409851
2,2,29,0.21085944111487362,0.7155394149308006,0.758256733417511
2,2,30,-0.01728356074712079,1.641938270976475,0.7986806035041809
2,2,31,0.1486386224252388,0.833067628011222,0.767825722694397
2,2,32,-0.1555520467240871,1.6972456653672614,0.7833942174911499
3,1,0,0.17204613492281393,-1.3595018112528239,0.9990288019180298
3,1,1,0.11132396965593842,-1.4202239765196993,0.9987351298332214
3,1,2,0.0978301551521883,-1.4202239765196993,0.9986032843589784
3,1,3,0.0843363406484382,-1.4202239765196993,0.9988497495651244
3,1,4,0.0978301551521883,-1.4134770692678242,0.9989029169082642
3,1,5,0.0843363406484382,-1.4134770692678242,0.998770534992218
3,1,6,0.07084252614468808,-1.4134770692678242,0.9989134073257446
3,1,7,-0.09108324790031326,-1.3729956257565739,0.997903048992157
3,1,8,-0.04385489713718786,-1.3662487185046988,0.9984740018844604
3,1,9,0.15180541316718876,-1.2785389242303231,0.9986331462860109
3,1,10,0.14505850591531372,-1.2785389242303231,0.9989631175994872
3,1,11,0.05060180438906292,-1.0019157269034458,0.9979721307754515
3,1,12,-0.1585523204190638,-0.9951688196515708,0.999305248260498
3,1,13,-0.05060180438906292,-0.6308358280503178,0.5158933401107788
3,1,14,-0.2867435582046899,-0.5768605700353173,0.6041212677955627
3,1,15,0.15180541316718876,-0.4351755177459411,0.562383770942688
3,1,16,0.0843363406484382,-0.5566198482796921,0.6518121361732483
3,1,17,0.17204613492281393,-0.37445335247906564,0.5680376887321472
3,1,18,0.18553994942656404,-0.5363791265240669,0.6393241286277771
3,1,19,0.16529922767093888,-0.42842861049406605,0.5656395554542542
3,1,20,0.19903376393031416,-0.6173420135465676,0.6390410661697388
3,1,21,0.15180541316718876,-0.5093914975165668,0.5502197742462158
3,1,22,0.17204613492281393,-0.6308358280503178,0.6267063021659851
3,1,23,0.05734871164093797,-0.010120360877812585,0.9922055006027222
3,1,24,-0.05734871164093797,0.010120360877812585,0.9938533306121826
3,1,25,-0.010120360877812585,0.6780641788134432,0.678798496723175
3,1,26,-0.06409561889281304,0.7455332513321937,0.7368906736373901
3,1,27,-0.1585523204190638,1.3122734604896984,0.7370321750640869
3,1,28,-0.1585523204190638,1.5011868635421999,0.7952149510383606
3,1,29,-0.2530090219453146,1.399983254764074,0.7492965459823608
3,1,30,-0.25975592919718965,1.6023904723203257,0.8083217740058899
3,1,31,0.03036108263343775,1.4674523272828246,0.7588025331497192
3,1,32,-0.12481778415968854,1.6833533593428265,0.796499490737915
3,2,0,-0.2372506423001193,-1.3576008976062381,0.9990375638008118
3,2,1,-0.18452827734453722,-1.4235038538007159,0.998754382133484
3,2,2,-0.17134768610564172,-1.4235038538007159,0.9986521005630492
3,2,3,-0.1581670948667462,-1.4235038538007159,0.9988939166069032
3,2,4,-0.20429916420288052,-1.4235038538007159,0.9988886713981628
3,2,5,-0.20429916420288052,-1.4235038538007159,0.9987606406211852
3,2,6,-0.20429916420288052,-1.4235038538007159,0.9988845586776732
3,2,7,-0.10544472991116413,-1.3707814888451337,0.9980671405792236
3,2,8,-0.14498650362785068,-1.3839620800840293,0.9984349608421326
3,2,9,-0.18452827734453722,-1.2719270545534174,0.9987165331840516
3,2,10,-0.21747975544177603,-1.2719270545534174,0.9988974332809448
3,2,11,0.06590295619447759,-1.0083152297755071,0.9981709718704224
3,2,12,-0.17793798172508948,-0.9885443429171638,0.9991335868835448
3,2,13,0.3295147809723879,-0.6063071969891938,0.5641871690750122
3,2,14,-0.24384093791956707,-0.5074527626974774,0.5516948103904724
3,2,15,0.07249325181392534,-0.2702021203973581,0.6055953502655029
3,2,16,-0.2372506423001193,-0.2767924160168059,0.6058873534202576
3,2,17,0.006590295619447758,-0.1581670948667462,0.6095718145370483
3,2,18,-0.2833827116362536,-0.19770886858343276,0.5965635180473328
3,2,19,-0.052722364955582066,-0.2240700510612238,0.6072290539741516
3,2,20,-0.28997300725570135,-0.23066034668067154,0.5972713828086853
3,2,21,-0.03954177371668655,-0.2570215291584626,0.5922480225563049
3,2,22,-0.2702021203973581,-0.2504312335390148,0.5859951376914978
3,2,23,0.07249325181392534,-0.006590295619447758,0.9923050999641418
3,2,24,-0.07249325181392534,0.006590295619447758,0.992866277694702
3,2,25,-0.03295147809723879,0.6524392663253281,0.6995075345039368
3,2,26,-0.14498650362785068,0.6524392663253281,0.7034245729446411
3,2,27,0.17134768610564172,1.3444203063673428,0.7456129789352417
3,2,28,-0.013180591238895516,1.3378300107478949,0.7519120573997498
3,2,29,0.2833827116362536,1.4762262187562978,0.7514985799789429
3,2,30,0.13839620800840294,1.4762262187562978,0.7766637206077576
3,2,31,-0.052722364955582066,1.5223582880924322,0.7587239742279053
3,2,32,-0.1252156167695074,1.5684903574285665,0.7603251338005066
4,1,0,0.1346580365103719,-1.353149049811542,0.9987049102783204
4,1,1,0.08867724355561077,-1.4188358968897723,0.9982538819313048
4,1,2,0.08210855884778774,-1.4188358968897723,0.9980459213256836
4,1,3,0.07553987413996473,-1.4188358968897723,0.9984378218650818
4,1,4,0.07553987413996473,-1.4122672121819493,0.9986106753349304
4,1,5,0.062402504724318686,-1.4122672121819493,0.9984857439994812
4,1,6,0.049265135308672645,-1.4188358968897723,0.9987257122993468
4,1,7,-0.00985302706173453,-1.366286419227188,0.996685028076172
4,1,8,-0.03612776589302661,-1.372855103935011,0.9983707666397096
4,1,9,0.12808935180254888,-1.2808935180254888,0.9979875683784484
4,1,10,0.10838329767907982,-1.2808935180254888,0.9986926317214966
4,1,11,0.062402504724318686,-0.998440075589099,0.997619330883026
4,1,12,-0.17407014475731,-0.998440075589099,0.9991969466209412
4,1,13,-0.016421711769557548,-0.5911816237040718,0.5113843679428101
4,1,14,-0.31201252362159343,-0.5320634613336646,0.5958425998687744
4,1,15,0.09524592826343378,-0.3021594965598589,0.547817051410675
4,1,16,0.08867724355561077,-0.3087281812676819,0.6423518061637878
4,1,17,0.15436409063384096,-0.22990396477380567,0.5526793599128723
4,1,18,0.21348225300424814,-0.2758847577285668,0.6316496133804321
4,1,19,0.20034488358860209,-0.26274738831292077,0.550696611404419
4,1,20,0.24632567654336324,-0.26274738831292077,0.6317623853683472
4,1,21,0.17407014475731,-0.2890221271442129,0.5376144647598267
4,1,22,0.2069135682964251,-0.24304133418945173,0.6183653473854065
4,1,23,0.062402504724318686,-0.00656868470782302,0.9917006492614746
4,1,24,-0.062402504724318686,0.00656868470782302,0.992677927017212
4,1,25,-0.00328434235391151,0.6568684707823019,0.6536336541175842
4,1,26,-0.049265135308672645,0.670005840197948,0.7153064608573914
4,1,27,-0.16093277534166398,1.3268743109802499,0.711173415184021
4,1,28,-0.2069135682964251,1.359717734519365,0.7584820985794067
4,1,29,-0.23975699183554022,1.4385419510132413,0.7250632047653198
4,1,30,-0.2791691000824783,1.4779540592601794,0.7768281698226929
4,1,31,-0.00985302706173453,1.4713853745523564,0.7347993850708008
4,1,32,-0.055833820016495665,1.5567782757540556,0.7678877115249634
4,2,0,-0.2616582674541624,-1.3745339366262959,0.9987940192222596
4,2,1,-0.21528844790532345,-1.4407765359817801,0.9983683824539183
4,2,2,-0.20203992803422663,-1.4407765359817801,0.9981873035430908
4,2,3,-0.1887914081631298,-1.4407765359817801,0.9985491037368774
4,2,4,-0.2351612277119687,-1.4407765359817801,0.9986836910247804
4,2,5,-0.2351612277119687,-1.4474007959173285,0.9985700845718384
4,2,6,-0.2351612277119687,-1.4474007959173285,0.9987823367118835
4,2,7,-0.12254880880764565,-1.3944067164329412,0.9969755411148072
4,2,8,-0.16891862835648455,-1.407655236304038,0.998424470424652
4,2,9,-0.22191270784087186,-1.2884185574641664,0.9981579780578612
4,2,10,-0.24178548764751712,-1.2884185574641664,0.9987247586250304
4,2,11,0.02318490977441945,-1.0035753802355847,0.9978543519973756
4,2,12,-0.24840974758306553,-0.9837026004289394,0.9991803169250488
4,2,13,0.22191270784087186,-0.49350736519835686,0.5600686073303223
4,2,14,-0.22191270784087186,-0.45376180558506635,0.5459020733833313
4,2,15,-0.18216714822758137,-0.2815310472608076,0.5923601388931274
4,2,16,-0.288155307196356,-0.24840974758306553,0.5993087291717529
4,2,17,-0.30802808700300127,-0.1887914081631298,0.5956172347068787
4,2,18,-0.367646426422937,-0.14904584854983932,0.5915327668190002
4,2,19,-0.35439790655184017,-0.25503400751861394,0.5936687588691711
4,2,20,-0.3875192062295822,-0.1887914081631298,0.5918436646461487
4,2,21,-0.31465234693854965,-0.2815310472608076,0.5805944204330444
4,2,22,-0.367646426422937,-0.21528844790532345,0.5793326497077942
4,2,23,0.08942750912990359,0.003312129967774207,0.9923412799835204
4,2,24,-0.08942750912990359,-0.003312129967774207,0.9929777979850768
4,2,25,-0.06293046938770994,0.672362383458164,0.6846458911895752
4,2,26,-0.19541566809867822,0.6326168238448735,0.7102653980255127
4,2,27,0.19541566809867822,1.3414126369485537,0.7364720702171326
4,2,28,-0.003312129967774207,1.2884185574641664,0.7562023401260376
4,2,29,0.3345251267451949,1.454025055852877,0.7469574809074402
4,2,30,0.10930028893654883,1.4142794962395864,0.7761076092720032
4,2,31,-0.02318490977441945,1.533516175079458,0.7568957805633545
4,2,32,-0.19541566809867822,1.520267655208361,0.7724421620368958
5,1,0,0.1579593243827137,-1.398108062621466,0.9982597827911376
5,1,1,0.11090761073679897,-1.465324796401344,0.9976558089256288
5,1,2,0.10418593735881117,-1.465324796401344,0.9974894523620604
5,1,3,0.09746426398082335,-1.465324796401344,0.9980015754699708
5,1,4,0.10418593735881117,-1.465324796401344,0.9981197714805604
5,1,5,0.09074259060283553,-1.465324796401344,0.9980069994926452
5,1,6,0.07729924384685989,-1.465324796401344,0.9983532428741456
5,1,7,0.02352585682295736,-1.4182730827554293,0.9958947896957396
5,1,8,0.0033608366889939087,-1.424994756133417,0.9981411695480348
5,1,9,0.14451597762673807,-1.3241696554636,0.9971228241920472
5,1,10,0.13107263087076243,-1.3241696554636,0.9983063340187072
5,1,11,0.030247530200945175,-1.0082510066981725,0.99759703874588
5,1,12,-0.1512376510047259,-0.9880859865642091,0.9992241859436036
5,1,13,-0.07057757046887207,-0.5175688501050619,0.5072216987609863
5,1,14,-0.26550609843051876,-0.477238809837135,0.5898720026016235
5,1,15,-0.03696920357893299,-0.23525856822957358,0.5355849862098694
5,1,16,0.13779430424875025,-0.3159186487654274,0.6320160627365112
5,1,17,0.08402091722484771,-0.14787681431573196,0.5398921966552734
5,1,18,0.25878442505253096,-0.23525856822957358,0.6215603947639465
5,1,19,0.13779430424875025,-0.16804183444969542,0.5381629467010498
5,1,20,0.30583613869844567,-0.28903195525347614,0.6210659146308899
5,1,21,0.07729924384685989,-0.17476350782768324,0.5266532301902771
5,1,22,0.2789494451864944,-0.30919697538743957,0.6039182543754578
5,1,23,0.030247530200945175,0.0,0.9916345477104188
5,1,24,-0.030247530200945175,0.0,0.9926328063011168
5,1,25,0.02352585682295736,0.6788890111767695,0.6336045861244202
5,1,26,0.010082510066981725,0.6587239910428061,0.7207614183425903
5,1,27,-0.13107263087076243,1.3040046353296364,0.6923545002937317
5,1,28,-0.19156769127265277,1.3241696554636,0.7573115825653076
5,1,29,-0.22517605816259187,1.424994756133417,0.7101923823356628
5,1,30,-0.2789494451864944,1.424994756133417,0.7718486189842224
5,1,31,0.030247530200945175,1.4854898165353077,0.7213226556777954
5,1,32,-0.02352585682295736,1.505654836669271,0.7727495431900024
5,2,0,-0.2080808725542138,-1.398576356511929,0.9984045624732972
5,2,1,-0.15350228303179708,-1.4736219171052518,0.997856378555298
5,2,2,-0.13985763565119289,-1.4736219171052518,0.997705101966858
5,2,3,-0.1193906645802866,-1.4736219171052518,0.9981743693351746
5,2,4,-0.16714693041240125,-1.4736219171052518,0.998256504535675
5,2,5,-0.16032460672209917,-1.4736219171052518,0.9981470108032228
5,2,6,-0.14667995934149497,-1.4736219171052518,0.9984663724899292
5,2,7,-0.14667995934149497,-1.4258656512731371,0.9962631464004515
5,2,8,-0.18761390148330753,-1.4326879749634394,0.9982263445854188
5,2,9,-0.16032460672209917,-1.3098861485380016,0.9973800182342528
5,2,10,-0.17396925410270334,-1.3167084722283038,0.9983803033828736
5,2,11,0.0443451039869636,-1.0097039061647095,0.9978309273719788
5,2,12,-0.22172551993481798,-0.9824146114035013,0.9991297721862792
5,2,13,0.1330353119608908,-0.46391801094054225,0.5560973286628723
5,2,14,-0.2831264331475368,-0.47074033463084436,0.5549120903015137
5,2,15,-0.33088269897965145,-0.2592483002314795,0.5810006260871887
5,2,16,-0.43321755433418285,-0.3411161845151046,0.6054016351699829
5,2,17,-0.45368452540508913,-0.1773804159478544,0.5836071372032166
5,2,18,-0.5219077623081101,-0.27971527130238577,0.5951182246208191
5,2,19,-0.4673291727856933,-0.30700456606359416,0.5818579792976379
5,2,20,-0.5560193807596205,-0.3274715371345004,0.5950002074241638
5,2,21,-0.42639523064388074,-0.29335991868298994,0.570173978805542
5,2,22,-0.4877961438565996,-0.34793850820540667,0.5797362923622131
5,2,23,0.07845672243847406,0.0,0.992332637310028
5,2,24,-0.07845672243847406,0.0,0.9928507208824158
5,2,25,-0.09210136981907824,0.7026993401011155,0.6654515862464905
5,2,26,-0.2080808725542138,0.6140091321271883,0.7094432711601257
5,2,27,0.2763041094572347,1.405398680202231,0.7192842960357666
5,2,28,0.08527904612877615,1.2825968537767933,0.744292140007019
5,2,29,0.40592825957297446,1.5282005066276687,0.7336790561676025
5,2,30,0.17396925410270334,1.4190433275828351,0.7622367739677429
5,2,31,-0.07845672243847406,1.5077335355567623,0.7442793250083923
5,2,32,-0.2012585488639117,1.4667995934149498,0.7668009996414185
6,1,0,0.20547463238359504,-1.3903783457956598,0.9983578324317932
6,1,1,0.16437970590687603,-1.4588698899235246,0.9977428913116456
6,1,2,0.16437970590687603,-1.4588698899235246,0.9976078867912292
6,1,3,0.1575305514940895,-1.4588698899235246,0.9981091618537904
6,1,4,0.1575305514940895,-1.4588698899235246,0.9982037544250488
6,1,5,0.14383224266851652,-1.4657190443363113,0.9980958104133606
6,1,6,0.13698308825573002,-1.4657190443363113,0.9984331130981444
6,1,7,0.08218985295343802,-1.4177749634468058,0.9961147904396056
6,1,8,0.047944080889505504,-1.4246241178595922,0.9982443451881408
6,1,9,0.19177632355802202,-1.3150376472550083,0.9971615672111512
6,1,10,0.17807801473244902,-1.3150376472550083,0.9983459711074828
6,1,11,0.047944080889505504,-0.9999765442668291,0.997797966003418
6,1,12,-0.034245772063932506,-0.9999765442668291,0.9991987347602844
6,1,13,-0.034245772063932506,-0.4725916544822686,0.5054781436920166
6,1,14,-0.17807801473244902,-0.4725916544822686,0.5985585451126099
6,1,15,0.07534069854065151,-0.22602209562195452,0.5284028649330139
6,1,16,0.2534187132731005,-0.35615602946489805,0.6408780813217163
6,1,17,0.1575305514940895,-0.1575305514940895,0.5332453846931458
6,1,18,0.38355264711604403,-0.28766448533703304,0.629553496837616
6,1,19,0.1575305514940895,-0.1575305514940895,0.5316042304039001
6,1,20,0.42464757359276306,-0.34930687505211155,0.6290178894996643
6,1,21,0.14383224266851652,-0.20547463238359504,0.5213306546211243
6,1,22,0.38355264711604403,-0.37670349270325754,0.6114740371704102
6,1,23,0.027396617651146003,-0.013698308825573002,0.9921641945838928
6,1,24,-0.027396617651146003,0.013698308825573002,0.9929357171058656
6,1,25,0.11643562501737051,0.6917645956914366,0.6262889504432678
6,1,26,0.11643562501737051,0.6643679780402906,0.7279396057128906
6,1,27,-0.17122886031966253,1.2739427207782892,0.6920044422149658
6,1,28,-0.17807801473244902,1.3150376472550083,0.7574251890182495
6,1,29,-0.29451363974981953,1.3972275002084462,0.710071325302124
6,1,30,-0.28766448533703304,1.4451715810979517,0.7703178524971008
6,1,31,-0.006849154412786501,1.3698308825573002,0.725344181060791
6,1,32,0.05479323530229201,1.4931156619874573,0.7774754166603088
6,2,0,-0.31188955797589796,-1.3757794946270165,0.9984703063964844
6,2,1,-0.2980277998436358,-1.4520191643544582,0.9979322552680968
6,2,2,-0.29109692077750476,-1.4520191643544582,0.9978052973747252
6,2,3,-0.2772351626452426,-1.4520191643544582,0.998265027999878
6,2,4,-0.31188955797589796,-1.4520191643544582,0.9983212351799012
6,2,5,-0.31882043704202906,-1.4520191643544582,0.9982082843780518
6,2,6,-0.31882043704202906,-1.4520191643544582,0.9985304474830629
6,2,7,-0.207926371983932,-1.403503010891541,0.9964503645896912
6,2,8,-0.24951164638071838,-1.4104338899576718,0.9983280897140504
6,2,9,-0.29109692077750476,-1.2926089458334438,0.9973737001419068
6,2,10,-0.31188955797589796,-1.2926089458334438,0.9983680248260498
6,2,11,-0.04851615346291746,-0.9876502669236769,0.997986376285553
6,2,12,-0.15941021852101453,-1.001512025055939,0.9989963173866272
6,2,13,-0.19406461385166984,-0.4262490625670606,0.5538874268531799
6,2,14,-0.18020285571940772,-0.4331799416331916,0.5458663105964661
6,2,15,-0.4851615346291746,-0.5510048857574198,0.5723046064376831
6,2,16,-0.33268219517429115,-0.32228587657509455,0.5877655148506165
6,2,17,-0.5960555996872716,-0.6203136764187304,0.5738045573234558
6,2,18,-0.31188955797589796,-0.266838844046046,0.5794331431388855
6,2,19,-0.5752629624888784,-0.6618989508155168,0.5719316601753235
6,2,20,-0.2980277998436358,-0.32921675564122566,0.5788554549217224
6,2,21,-0.533677688092092,-0.6480371926832547,0.5604608058929443
6,2,22,-0.31188955797589796,-0.3569402719057499,0.563612699508667
6,2,23,0.013861758132262132,0.010396318599196598,0.9926888346672058
6,2,24,-0.013861758132262132,-0.010396318599196598,0.9928876161575316
6,2,25,-0.18020285571940772,0.7242768624106964,0.6550306677818298
6,2,26,-0.103963185991966,0.6965533461461721,0.6905534267425537
6,2,27,0.18713373478553877,1.3896412527592787,0.7127805948257446
6,2,28,0.07623966972744173,1.2856780667673127,0.7167863845825195
6,2,29,0.31188955797589796,1.535189713148031,0.7303076982498169
6,2,30,0.19406461385166984,1.4658809224867204,0.7378248572349548
6,2,31,-0.15247933945488346,1.4381574062221962,0.7416834235191345
6,2,32,-0.15941021852101453,1.4728118015528515,0.7432211637496948
7,1,0,0.23761703234155226,-1.3872641446999447,0.998314082622528
7,1,1,0.18869587862417386,-1.4571515071533425,0.997713565826416
7,1,2,0.18869587862417386,-1.4571515071533425,0.9975920915603638
7,1,3,0.18170714237883406,-1.4571515071533425,0.9981120228767396
7,1,4,0.18170714237883406,-1.4571515071533425,0.9981770515441896
7,1,5,0.16772966988815452,-1.4571515071533425,0.9980397820472716
7,1,6,0.15375219739747498,-1.4571515071533425,0.9984055757522584
7,1,7,0.2026733511148534,-1.4222078259266437,0.9961143732070924
7,1,8,0.15375219739747498,-1.4222078259266437,0.9982282519340516
7,1,9,0.21665082360553295,-1.3103880460012074,0.996976375579834
7,1,10,0.2026733511148534,-1.3103880460012074,0.9982336163520812
7,1,11,0.06988736245339772,-0.9889061787155777,0.9977753162384032
7,1,12,0.0,-1.0098723874515971,0.9990532994270324
7,1,13,-0.02795494498135909,-0.4228185428430562,0.503764271736145
7,1,14,-0.13278598866145566,-0.43679601533373574,0.5897948145866394
7,1,15,0.1467634611521352,-0.31099876291761985,0.5205096006393433
7,1,16,0.28653818605893067,-0.3529311803896585,0.6200354099273682
7,1,17,0.2515945048322318,-0.2690663454455812,0.5240956544876099
7,1,18,0.44029038345640564,-0.2970212904269403,0.6090831160545349
7,1,19,0.28653818605893067,-0.276055081690921,0.5224997997283936
7,1,20,0.47523406468310453,-0.3599199166349983,0.6077440977096558
7,1,21,0.23761703234155226,-0.31798749916295965,0.5122592449188232
7,1,22,0.4333016472110659,-0.38088612537101757,0.5884407162666321
7,1,23,0.0,0.0034943681226698863,0.9923948645591736
7,1,24,0.0,-0.0034943681226698863,0.9928926229476928
7,1,25,0.07687609869873749,0.7163454651473267,0.6218104362487793
7,1,26,0.23761703234155226,0.7233342013926665,0.7127724289894104
7,1,27,-0.19568461486951363,1.3593091997185858,0.6941028237342834
7,1,28,-0.16772966988815452,1.3872641446999447,0.7339000701904297
7,1,29,-0.3494368122669886,1.4920951883800413,0.7114483118057251
7,1,30,-0.28653818605893067,1.499083924625381,0.7468387484550476
7,1,31,-0.013977472490679545,1.4291965621719833,0.7268187403678894
7,1,32,0.18869587862417386,1.499083924625381,0.7554796934127808
7,2,0,-0.21808150361928336,-1.3823553374577155,0.9983566999435424
7,2,1,-0.20401172919223282,-1.4597390968064934,0.99785178899765
7,2,2,-0.18994195476518227,-1.4597390968064934,0.9977337718009948
7,2,3,-0.182907067551657,-1.4597390968064934,0.998222291469574
7,2,4,-0.21808150361928336,-1.4597390968064934,0.9981841444969176
7,2,5,-0.21808150361928336,-1.4597390968064934,0.99801766872406
7,2,6,-0.21808150361928336,-1.4597390968064934,0.9983966946601868
7,2,7,-0.0914535337758285,-1.4175297735253418,0.996367573738098
7,2,8,-0.1336628570569801,-1.4245646607388671,0.9981268048286438
7,2,9,-0.19697684197870755,-1.2979366908954122,0.9970983266830444
7,2,10,-0.21808150361928336,-1.3049715781089375,0.9980741739273072
7,2,11,-0.00703488721352527,-0.9884016535003004,0.997957706451416
7,2,12,-0.08441864656230323,-1.0095063151408763,0.9987459778785706
7,2,13,-0.16883729312460646,-0.4115409019912283,0.5519359707832336
7,2,14,-0.14773263148403065,-0.43264556363180406,0.5386102795600891
7,2,15,-0.38691879674388985,-0.5452037590482084,0.5648364424705505
7,2,16,-0.14069774427050538,-0.3482269170695009,0.571774959564209
7,2,17,-0.4924421049467689,-0.6155526311834612,0.5653268098831177
7,2,18,-0.14773263148403065,-0.39043624035065244,0.5644569396972656
7,2,19,-0.4643025560926678,-0.6718317288916632,0.5635625123977661
7,2,20,0.0914535337758285,-0.404506014777703,0.5634486079216003
7,2,21,-0.4361630072385667,-0.6507270672510874,0.5520020127296448
7,2,22,-0.12662796984345484,-0.404506014777703,0.546724259853363
7,2,23,0.01406977442705054,0.010552330820287904,0.9927849769592284
7,2,24,-0.01406977442705054,-0.010552330820287904,0.9926025867462158
7,2,25,-0.08441864656230323,0.742180601026916,0.6489730477333069
7,2,26,-0.11255819541640431,0.7281108265998654,0.671042263507843
7,2,27,0.21808150361928336,1.445669322379443,0.712255597114563
7,2,28,0.07738375934877796,1.347180901390089,0.6933606863021851
7,2,29,0.3447094734627382,1.5863670666499483,0.7297201752662659
7,2,30,0.182907067551657,1.4949135328741199,0.7156045436859131
7,2,31,-0.0914535337758285,1.4878786456605946,0.740871787071228
7,2,32,-0.11255819541640431,1.5160181945146955,0.7228361964225769
8,1,0,0.24384915677822752,-1.3725223967231663,0.9974895119667052
8,1,1,0.20204644418767423,-1.4491607031391807,0.9968681931495668
8,1,2,0.20204644418767423,-1.4491607031391807,0.9965628385543824
8,1,3,0.20204644418767423,-1.4491607031391807,0.9974132180213928
8,1,4,0.19507932542258202,-1.4421935843740885,0.9974408149719238
8,1,5,0.18114508789239758,-1.4491607031391807,0.9971100687980652
8,1,6,0.17417796912730538,-1.4491607031391807,0.9977579712867736
8,1,7,0.16024373159712094,-1.4143251093137197,0.9941951632499696
8,1,8,0.15327661283202873,-1.4073579905486275,0.9973846077919006
8,1,9,0.2299149192480431,-1.295884090307152,0.9952611923217772
8,1,10,0.20901356295276646,-1.295884090307152,0.9971619844436646
8,1,11,0.04180271259055329,-0.9962979834081868,0.9976903796195984
8,1,12,0.0,-1.003265102173279,0.9987707734107972
8,1,13,-0.01393423753018443,-0.48073119479136284,0.5013802647590637
8,1,14,-0.07663830641601437,-0.43892848220080954,0.5823917388916016
8,1,15,0.25081627554331976,-0.5295010261470083,0.5148165822029114
8,1,16,0.35532305701970296,-0.5364681449121006,0.6078723073005676
8,1,17,0.34835593825461075,-0.5922050950328382,0.5178216695785522
8,1,18,0.48769831355645504,-0.5713037387375617,0.5988322496414185
8,1,19,0.36229017578479517,-0.6340078076233916,0.5166310667991638
8,1,20,0.5155667886168239,-0.6200735700932072,0.5974699258804321
8,1,21,0.33442170072442634,-0.6200735700932072,0.506504476070404
8,1,22,0.4598298384960862,-0.6200735700932072,0.5783604979515076
8,1,23,0.020901356295276646,0.0,0.9919158816337584
8,1,24,-0.020901356295276646,0.0,0.991618037223816
8,1,25,0.11147390024147544,0.7315474703346826,0.602446436882019
8,1,26,0.07663830641601437,0.745481707864867,0.6758458614349365
8,1,27,-0.16024373159712094,1.4282593468439042,0.6688647866249084
8,1,28,-0.16721085036221317,1.4630949406693652,0.6932222843170166
8,1,29,-0.25778339430841196,1.553667484615564,0.6911592483520508
8,1,30,-0.2717176318385964,1.553667484615564,0.713744044303894
8,1,31,0.09753966271129101,1.4979305344948262,0.7059890627861023
8,1,32,0.15327661283202873,1.588503078441025,0.7243825793266296
8,2,0,-0.024463414798534644,-1.3629616816326444,0.9976383447647096
8,2,1,-0.08736933856619515,-1.439846699570896,0.9971126914024352
8,2,2,-0.08037979148089953,-1.439846699570896,0.9968274235725404
8,2,3,-0.07339024439560393,-1.439846699570896,0.9976118206977844
8,2,4,-0.09435888565149077,-1.439846699570896,0.9975500106811525
8,2,5,-0.10134843273678638,-1.439846699570896,0.9971922039985656
8,2,6,-0.10833797982208199,-1.4468362466561917,0.9978280067443848
8,2,7,-0.01747386771323903,-1.404898964144418,0.9946661591529846
8,2,8,-0.07339024439560393,-1.404898964144418,0.9973981380462646
8,2,9,-0.059411150225012706,-1.2860766636943926,0.9955283999443054
8,2,10,-0.059411150225012706,-1.2860766636943926,0.9970945715904236
8,2,11,-0.03844250896912587,-0.9995052331972726,0.9978721737861632
8,2,12,-0.024463414798534644,-0.9995052331972726,0.998418390750885
8,2,13,-0.07339024439560393,-0.47528920180010165,0.5470649600028992
8,2,14,-0.19920209193092495,-0.4613101076295104,0.5363287329673767
8,2,15,-0.2900662040397679,-0.775839726467813,0.5549437999725342
8,2,16,-0.2900662040397679,-0.7408919910413349,0.5662370920181274
8,2,17,-0.3110348452956547,-0.8736933856619515,0.5542511343955994
8,2,18,-0.3110348452956547,-0.7968083677236998,0.5595006942749023
8,2,19,-0.2760871098691767,-0.9156306681737252,0.5526031255722046
8,2,20,-0.3320034865515416,-0.8806829327472472,0.5580689907073975
8,2,21,-0.24812892152799423,-0.8946620269178384,0.5408383011817932
8,2,22,-0.2760871098691767,-0.8387456502354734,0.5411871671676636
8,2,23,-0.08736933856619515,0.013979094170591224,0.9924750328063964
8,2,24,0.08736933856619515,-0.013979094170591224,0.9917097091674804
8,2,25,-0.09435888565149077,0.7478815381266305,0.6343548893928528
8,2,26,0.08736933856619515,0.7548710852119261,0.6487650871276855
8,2,27,0.2690975627838811,1.4887735291679653,0.6932565569877625
8,2,28,0.1712439035897425,1.425867605400305,0.668213427066803
8,2,29,0.4088885044897933,1.6285644708738776,0.7126176357269287
8,2,30,0.2690975627838811,1.5586690000209216,0.6948692798614502
8,2,31,-0.031452961883830254,1.5446899058503303,0.7267956733703613
8,2,32,-0.05242160313971709,1.5726480941915129,0.7076472640037537
9,1,0,0.24220148373083403,-1.3563283088926705,0.9975574016571044
9,1,1,0.1937611869846672,-1.4324487752080755,0.9971128702163696
9,1,2,0.1937611869846672,-1.4324487752080755,0.9967998266220092
9,1,3,0.21452131416159584,-1.4324487752080755,0.9975705146789552
9,1,4,0.17992110220004812,-1.425528732815766,0.997539222240448
9,1,5,0.17300105980773858,-1.4324487752080755,0.9971726536750792
9,1,6,0.16608101741542905,-1.4324487752080755,0.9978259801864624
9,1,7,0.12456076306157178,-1.3978485632465278,0.9946008324623108
9,1,8,0.0968805934923336,-1.3909285208542181,0.9974605441093444
9,1,9,0.21452131416159584,-1.287127884969575,0.9955286979675292
9,1,10,0.2076012717692863,-1.287127884969575,0.9971302151679992
9,1,11,0.06920042392309543,-0.9964861044925742,0.99753075838089
9,1,12,-0.0484402967461668,-1.0034061468848838,0.9985071420669556
9,1,13,0.16608101741542905,-0.5397633066001444,0.5015228390693665
9,1,14,-0.08996055110002406,-0.45672279789242987,0.5805469751358032
9,1,15,0.3667622467924058,-0.6781641544463353,0.5212650299072266
9,1,16,0.29064178047700084,-0.6781641544463353,0.6046645045280457
9,1,17,0.4636428402847394,-0.7473645783694307,0.5251320600509644
9,1,18,0.4152025435385726,-0.7404445359771211,0.5960869789123535
9,1,19,0.42212258593088214,-0.7958048751155975,0.5235422849655151
9,1,20,0.4013624587539535,-0.8096449599002166,0.5940815806388855
9,1,21,0.39444241636164395,-0.7819647903309784,0.5130298137664795
9,1,22,0.3667622467924058,-0.7888848327232879,0.5759994983673096
9,1,23,0.04152025435385726,0.0,0.9923591017723083
9,1,24,-0.04152025435385726,0.0,0.991749346256256
9,1,25,0.05536033913847635,0.7612046631540498,0.5960401892662048
9,1,26,0.006920042392309544,0.7819647903309784,0.6586534976959229
9,1,27,-0.15224093263080996,1.4947291567388614,0.6591473817825317
9,1,28,-0.13148080545388133,1.5500894958773377,0.6665182709693909
9,1,29,-0.24912152612314356,1.6192899198004331,0.6840425729751587
9,1,30,-0.22836139894621493,1.6469700893696713,0.6825188994407654
9,1,31,0.08996055110002406,1.6400500469773618,0.7026014924049377
9,1,32,0.17300105980773858,1.7369306404696954,0.7043489813804626
9,2,0,-0.07417531575997688,-1.3492843152529126,0.9977717995643616
9,2,1,-0.03885373682665456,-1.4269917889062218,0.997380554676056
9,2,2,-0.01766078946666116,-1.4269917889062218,0.9970978498458862
9,2,3,0.003532157893332232,-1.4269917889062218,0.9977945685386658
9,2,4,-0.07417531575997688,-1.4340561046928864,0.9977455735206604
9,2,5,-0.08123963154664134,-1.4340561046928864,0.9974024891853333
9,2,6,-0.08123963154664134,-1.4340561046928864,0.9979977011680604
9,2,7,-0.003532157893332232,-1.3916702099728995,0.995123028755188
9,2,8,-0.04591805261331902,-1.3916702099728995,0.9976226091384888
9,2,9,-0.03885373682665456,-1.2715768415996036,0.995921790599823
9,2,10,-0.08123963154664134,-1.278641157386268,0.997304618358612
9,2,11,0.03885373682665456,-1.0031328417063539,0.997761607170105
9,2,12,-0.09536826311997026,-0.9960685259196894,0.9984795451164246
9,2,13,0.03178942103999009,-0.5015664208531769,0.5497427582740784
9,2,14,-0.1872043683466083,-0.46624484191985466,0.5426689982414246
9,2,15,-0.20133299991993722,-0.8194606312530779,0.5648404955863953
9,2,16,-0.27197615778658185,-0.7841390523197556,0.590836226940155
9,2,17,-0.25078321042658847,-0.9466183154130382,0.5651097297668457
9,2,18,-0.2861047893599108,-0.897168104906387,0.5830023884773254
9,2,19,-0.22252594727993064,-0.9960685259196894,0.5633096694946289
9,2,20,-0.27904047357324635,-0.9678112627730316,0.5799900889396667
9,2,21,-0.19426868413327278,-0.9607469469863672,0.5519808530807495
9,2,22,-0.24371889463992402,-0.9183610522663803,0.5632144212722778
9,2,23,0.01766078946666116,-0.007064315786664464,0.992975890636444
9,2,24,-0.01766078946666116,0.007064315786664464,0.9923447966575624
9,2,25,0.1448184736266215,0.8123963154664134,0.6328150033950806
9,2,26,-0.06004668418664795,0.8123963154664134,0.6597015261650085
9,2,27,0.2861047893599108,1.5894710519995046,0.6894538998603821
9,2,28,-0.003532157893332232,1.5470851572795177,0.6766689419746399
9,2,29,0.4273911050932001,1.7166287361594648,0.7055372595787048
9,2,30,0.1306898420532926,1.674242841439478,0.6872314214706421
9,2,31,0.08830394733330581,1.751950315092787,0.7284138202667236
9,2,32,0.010596473679996696,1.7378216835194582,0.7173812389373779
10,1,0,0.1928460742036969,-1.3534937430222431,0.9978430271148682
10,1,1,0.14999139104731982,-1.4320606621422678,0.9974858164787292
10,1,2,0.15713383824004934,-1.4320606621422678,0.9972068071365356
10,1,3,0.17856117981823788,-1.4320606621422678,0.9978688955307008
10,1,4,0.1357064966618608,-1.4320606621422678,0.9978298544883728
10,1,5,0.12142160227640175,-1.4320606621422678,0.997486650943756
10,1,6,0.10713670789094272,-1.4320606621422678,0.9980664849281312
10,1,7,0.09999426069821321,-1.4034908733713498,0.9953203797340392
10,1,8,0.05713957754183612,-1.39634842617862,0.9977301955223083
10,1,9,0.17856117981823788,-1.2749268239022185,0.9961182475090028
10,1,10,0.15713383824004934,-1.282069271094948,0.997437059879303
10,1,11,0.07856691912002467,-0.9963713833857674,0.9977809190750122
10,1,12,-0.09999426069821321,-1.003513830578497,0.9985823035240172
10,1,13,0.1928460742036969,-0.5178274214728898,0.5160452127456665
10,1,14,-0.05713957754183612,-0.4678302911237832,0.586865246295929
10,1,15,0.40711948998558234,-0.7321008372547753,0.5627154111862183
10,1,16,0.2856978877091806,-0.7535281788329639,0.6297746300697327
10,1,17,0.5213986450692546,-0.8106677563747999,0.5640985369682312
10,1,18,0.39283459560012335,-0.824952650760259,0.6211493611335754
10,1,19,0.49282885629833656,-0.8678073339166361,0.5629433989524841
10,1,20,0.3785497012146643,-0.8963771226875541,0.6180486679077148
10,1,21,0.4428317259492299,-0.8463799923384475,0.55182945728302
10,1,22,0.3428374652510167,-0.8749497811093656,0.6010727882385254
10,1,23,0.07142447192729515,-0.010713670789094272,0.9929717779159546
10,1,24,-0.07142447192729515,0.010713670789094272,0.9924758076667786
10,1,25,0.0928518135054837,0.824952650760259,0.5937631726264954
10,1,26,-0.03571223596364757,0.8463799923384475,0.6592700481414795
10,1,27,-0.15713383824004934,1.6249067363459646,0.6477088332176208
10,1,28,-0.16427628543277883,1.6534765251168828,0.6622211337089539
10,1,29,-0.2714129933237216,1.739185891429637,0.668493390083313
10,1,30,-0.2785554405164511,1.7606132330078255,0.6666563749313354
10,1,31,0.06428202473456564,1.8391801521278501,0.6940310001373291
10,1,32,0.11427915508367224,1.9177470712478748,0.700020968914032
10,2,0,-0.09887821837423202,-1.3136677584005112,0.9980364441871644
10,2,1,-0.056501839070989726,-1.3984205170069957,0.9977197647094728
10,2,2,-0.04237637930324229,-1.3984205170069957,0.997466802597046
10,2,3,-0.014125459767747432,-1.3984205170069957,0.9980666637420654
10,2,4,-0.09181548849035831,-1.3984205170069957,0.9980196952819824
10,2,5,-0.09181548849035831,-1.4054832468908693,0.9976982474327089
10,2,6,-0.09887821837423202,-1.4054832468908693,0.9982256889343262
10,2,7,-0.014125459767747432,-1.370169597471501,0.9957765340805054
10,2,8,-0.06356456895486344,-1.370169597471501,0.9978780150413512
10,2,9,-0.056501839070989726,-1.243040459561774,0.996471107006073
10,2,10,-0.09887821837423202,-1.2359777296779002,0.9976165890693665
10,2,11,0.056501839070989726,-0.9958449136261939,0.9979822635650636
10,2,12,-0.12712913790972688,-1.0029076435100677,0.9985634684562684
10,2,13,0.06356456895486344,-0.5014538217550338,0.5625861883163452
10,2,14,-0.16950551721296916,-0.48026563210341267,0.5485334992408752
10,2,15,-0.14831732756134802,-0.8475275860648459,0.5994136929512024
10,2,16,-0.2189446264000852,-0.7980884768777299,0.6106991171836853
10,2,17,-0.2260073562839589,-0.9534685343229516,0.5957149863243103
10,2,18,-0.2825091953549486,-0.9110921550197093,0.6040180921554565
10,2,19,-0.18363097698071662,-1.017033103277815,0.5939321517944336
10,2,20,-0.24719554593558005,-0.9746567239745728,0.6000186204910278
10,2,21,-0.14831732756134802,-0.9746567239745728,0.581855833530426
10,2,22,-0.20481916663233776,-0.918154884903583,0.5843862295150757
10,2,23,0.08475275860648458,-0.014125459767747432,0.9934566617012024
10,2,24,-0.08475275860648458,0.014125459767747432,0.9930034279823304
10,2,25,0.12712913790972688,0.8757785056003408,0.6314203143119812
10,2,26,-0.16244278732909545,0.8404648561809722,0.6677266359329224
10,2,27,0.24013281605170633,1.6456160629425758,0.678806483745575
10,2,28,0.056501839070989726,1.5961769537554598,0.6768078207969666
10,2,29,0.4025756033808018,1.7798079307361763,0.69209223985672
10,2,30,0.16950551721296916,1.7162433617813129,0.6775270104408264
10,2,31,0.04237637930324229,1.8928116088781557,0.7199711799621582
10,2,32,-0.021188189651621146,1.836309769807166,0.7148358225822449
11,1,0,0.18304299900106366,-1.3341018581039064,0.9982033371925354
11,1,1,0.13376219157770036,-1.4045030115658539,0.9979240894317628
11,1,2,0.13376219157770036,-1.4045030115658539,0.997692048549652
11,1,3,0.13376219157770036,-1.4115431269120486,0.998235285282135
11,1,4,0.1126418455391161,-1.4045030115658539,0.99819016456604
11,1,5,0.09152149950053183,-1.4115431269120486,0.9978947639465332
11,1,6,0.07040115346194756,-1.4115431269120486,0.998374879360199
11,1,7,0.07744126880814231,-1.3833826655272696,0.9961546063423156
11,1,8,0.02112034603858427,-1.3693024348348801,0.9980711340904236
11,1,9,0.16896276830867415,-1.2637007046419588,0.99679833650589
11,1,10,0.13376219157770036,-1.2637007046419588,0.9978339672088624
11,1,11,0.05632092276955805,-0.996176321486558,0.9981172680854796
11,1,12,-0.10560173019292134,-1.0032164368327527,0.9986915588378906
11,1,13,0.15488253761628462,-0.5104083625991198,0.5292912721633911
11,1,14,-0.05632092276955805,-0.47520778586814605,0.5918775200843811
11,1,15,0.3872063440407116,-0.7779327457545205,0.6080342531204224
11,1,16,0.29568484454017974,-0.8272135531778838,0.647611677646637
11,1,17,0.49280807423363293,-0.8976147066398315,0.6047946810722351
11,1,18,0.3520057673097378,-0.9257751680246105,0.6401896476745605
11,1,19,0.47168772819504867,-0.968015860101779,0.6031025648117065
11,1,20,0.3238453059249588,-1.0032164368327527,0.6361785531044006
11,1,21,0.42240692077168535,-0.911694937332221,0.5903761386871338
11,1,22,0.3027249598863745,-0.968015860101779,0.6204794049263
11,1,23,0.08448138415433708,-0.010560173019292135,0.9937223792076112
11,1,24,-0.08448138415433708,0.010560173019292135,0.9933513402938844
11,1,25,0.0633610381157528,0.8483338992164681,0.6095866560935974
11,1,26,-0.08448138415433708,0.8553740145626628,0.6846321821212769
11,1,27,-0.14784242227008987,1.629786702644086,0.6616284251213074
11,1,28,-0.1760028836548689,1.6509070486826702,0.6840647459030151
11,1,29,-0.2252836910782322,1.742428548183202,0.6772249341011047
11,1,30,-0.2675243831554007,1.7353884328370073,0.6743422746658325
11,1,31,0.09152149950053183,1.8480302783761235,0.7111765742301941
11,1,32,0.08448138415433708,1.9043512011456816,0.7195586562156677
11,2,0,-0.09439636248748065,-1.3215490748247292,0.9983481168746948
11,2,1,-0.0734193930458183,-1.3984646294441578,0.9981025457382202
11,2,2,-0.05943474675137671,-1.3984646294441578,0.9978911876678468
11,2,3,-0.04545010045693513,-1.3984646294441578,0.9983856678009032
11,2,4,-0.10138868563470145,-1.3984646294441578,0.9983268976211548
11,2,5,-0.10838100878192224,-1.3984646294441578,0.998043954372406
11,2,6,-0.11537333192914302,-1.4054569525913787,0.9984817504882812
11,2,7,-0.05244242360415592,-1.3774876600024955,0.9965192675590516
11,2,8,-0.12236565507636381,-1.3704953368552746,0.9981570839881896
11,2,9,-0.05943474675137671,-1.2446335202053005,0.9970680475234984
11,2,10,-0.09439636248748065,-1.2446335202053005,0.9979249238967896
11,2,11,0.1363503013708054,-0.9999022100525728,0.998275637626648
11,2,12,-0.16431959395968854,-0.9999022100525728,0.9985803365707396
11,2,13,0.03845777730971434,-0.5104395897471176,0.5747811794281006
11,2,14,-0.11537333192914302,-0.4684856508637929,0.5404776334762573
11,2,15,-0.1992812096957925,-0.7901325156359492,0.6403866410255432
11,2,16,-0.18529656340135092,-0.7691555461942868,0.6027781963348389
11,2,17,-0.29717373375688355,-0.9090020091387025,0.6319986581802368
11,2,18,-0.22725050228467564,-0.8320864545192739,0.598849892616272
11,2,19,-0.2692044411680004,-0.9719329174636897,0.6297454833984375
11,2,20,-0.21326585599023407,-0.9090020091387025,0.5947858095169067
11,2,21,-0.23424282543189645,-0.9299789785803649,0.6157746315002441
11,2,22,-0.20627353284301328,-0.8880250396970403,0.5810782313346863
11,2,23,0.17131191710690932,-0.006992323147220789,0.9941449761390686
11,2,24,-0.17131191710690932,0.006992323147220789,0.9937819838523864
11,2,25,0.1293579782235846,0.8460711008137155,0.6468296647071838
11,2,26,-0.15033494766524697,0.8390787776664947,0.6996490955352783
11,2,27,0.283189087462442,1.6082343238607815,0.6933532953262329
11,2,28,0.05943474675137671,1.59424967756634,0.7060927152633667
11,2,29,0.4090509041124162,1.7340961405107558,0.7025558352470398
11,2,30,0.18529656340135092,1.7131191710690934,0.6919376850128174
11,2,31,0.0734193930458183,1.8459733108662884,0.737491250038147
11,2,32,-0.05244242360415592,1.824996341424626,0.7389593720436096
12,1,0,0.1922783107332467,-1.3319642979884907,0.9984483122825624
12,1,1,0.1503266793005383,-1.4018836837096713,0.9982381463050842
12,1,2,0.14333474072842026,-1.4018836837096713,0.9980390071868896
12,1,3,0.14333474072842026,-1.4088756222817893,0.9984930753707886
12,1,4,0.12935086358418413,-1.4018836837096713,0.9984320998191832
12,1,5,0.11536698643994801,-1.4018836837096713,0.9981623888015748
12,1,6,0.09439117072359382,-1.4088756222817893,0.99856835603714
12,1,7,0.0804072935793577,-1.380907867993317,0.9967591762542723
12,1,8,0.024471785002413215,-1.3739159294211991,0.998292088508606
12,1,9,0.17829443358901056,-1.255052973695192,0.9972959160804749
12,1,10,0.1503266793005383,-1.255052973695192,0.9980788230895996
12,1,11,0.05943147786300352,-0.9963512465268237,0.9983611702919006
12,1,12,-0.09439117072359382,-1.0033431850989418,0.9986944198608398
12,1,13,0.14333474072842026,-0.5208994236227955,0.5349155068397522
12,1,14,-0.0034959692860590304,-0.47195585361796916,0.5844722986221313
12,1,15,0.3740687136083163,-0.7796011507911638,0.6374548077583313
12,1,16,0.2971573893150176,-0.8425285979402264,0.6403027176856995
12,1,17,0.4789477921900872,-0.800576966507518,0.63152015209198
12,1,18,0.346100959319844,-0.9404157379498792,0.6353618502616882
12,1,19,0.457971976473733,-0.8704963522286986,0.6296690106391907
12,1,20,0.31813320503137177,-1.0173270622431778,0.6313086152076721
12,1,21,0.4090284064689066,-0.8844802293729347,0.6156752705574036
12,1,22,0.2971573893150176,-0.9823673693825876,0.6171352863311768
12,1,23,0.0804072935793577,-0.0034959692860590304,0.994302213191986
12,1,24,-0.0804072935793577,0.0034959692860590304,0.9939486384391784
12,1,25,0.05243953929088546,0.8285447207959903,0.6218048930168152
12,1,26,-0.05943147786300352,0.8495205365123444,0.7131674289703369
12,1,27,-0.1503266793005383,1.5626982708683868,0.6751341223716736
12,1,28,-0.17829443358901056,1.6256257180174492,0.7132819890975952
12,1,29,-0.24821381931019118,1.6885531651665118,0.6881800889968872
12,1,30,-0.2761815735986634,1.716520919454984,0.691167950630188
12,1,31,0.07341535500723964,1.828391936608873,0.7284491062164307
12,1,32,0.08739923215147577,1.8773355066136994,0.7448681592941284
12,2,0,-0.13243955929434212,-1.3174250898226663,0.9985558986663818
12,2,1,-0.09758704369056787,-1.3871301210302147,0.9983771443367004
12,2,2,-0.08364603744905817,-1.3941006241509695,0.9981967210769652
12,2,3,-0.07667553432830333,-1.3941006241509695,0.9986131191253662
12,2,4,-0.13243955929434212,-1.3941006241509695,0.99853253364563
12,2,5,-0.13941006241509696,-1.3941006241509695,0.9982680082321168
12,2,6,-0.1463805655358518,-1.3941006241509695,0.9986397624015808
12,2,7,-0.07667553432830333,-1.3662186116679502,0.9970625042915344
12,2,8,-0.1603215717773615,-1.3662186116679502,0.9983083605766296
12,2,9,-0.09061654056981303,-1.2407495554943628,0.9974967241287231
12,2,10,-0.13243955929434212,-1.2407495554943628,0.9980773329734802
12,2,11,0.09061654056981303,-0.9967819462679433,0.998496949672699
12,2,12,-0.2509381123471745,-0.9967819462679433,0.998370885848999
12,2,13,0.006970503120754848,-0.5158172309358587,0.579778790473938
12,2,14,-0.18123308113962605,-0.4670237090905748,0.5332751274108887
12,2,15,-0.23699710610566482,-0.7737258464037882,0.6671258807182312
12,2,16,-0.24396760922641966,-0.8016078588868075,0.5961288809776306
12,2,17,-0.34155465291698756,-0.8643423869736011,0.6565412878990173
12,2,18,-0.3276136466754779,-0.8991949025773753,0.5942063927650452
12,2,19,-0.31367264043396814,-0.9270769150603948,0.6539626717567444
12,2,20,-0.29973163419245846,-0.9549589275434142,0.589687705039978
12,2,21,-0.2788201248301939,-0.9061654056981302,0.638134241104126
12,2,22,-0.25790861546792937,-0.9270769150603948,0.5776569843292236
12,2,23,0.13941006241509696,-0.006970503120754848,0.9946691393852234
12,2,24,-0.13941006241509696,0.006970503120754848,0.9942570328712464
12,2,25,0.07667553432830333,0.8294898713698269,0.6580614447593689
12,2,26,-0.15335106865660666,0.8364603744905817,0.7239845991134644
12,2,27,0.2509381123471745,1.5753337052905956,0.7054344415664673
12,2,28,0.07667553432830333,1.603215717773615,0.7293265461921692
12,2,29,0.38337767164151665,1.7077732645849377,0.7107254862785339
12,2,30,0.19517408738113573,1.700802761464183,0.7029651403427124
12,2,31,0.03485251560377424,1.8402128238792799,0.7527319192886353
12,2,32,-0.08364603744905817,1.833242320758525,0.758854866027832
13,1,0,0.20355065915561454,-1.3248648166093506,0.9986737370491028
13,1,1,0.1606978888070641,-1.3962861005236014,0.9985217452049256
13,1,2,0.1606978888070641,-1.4034282289150264,0.9983577728271484
13,1,3,0.15355576041563904,-1.4034282289150264,0.9987342357635498
13,1,4,0.14641363202421395,-1.4034282289150264,0.9986567497253418
13,1,5,0.1321293752413638,-1.4034282289150264,0.9984140992164612
13,1,6,0.1107029900670886,-1.4034282289150264,0.9987509250640868
13,1,7,0.08927660489281339,-1.3820018437407513,0.9973292946815492
13,1,8,0.01785532097856268,-1.3748597153493263,0.9984641671180724
13,1,9,0.18212427398133932,-1.2534435326951,0.9977265000343324
13,1,10,0.1606978888070641,-1.2534435326951,0.9982516169548036
13,1,11,0.08927660489281339,-0.9963269106037974,0.9986199140548706
13,1,12,-0.11784511845851367,-1.0034690389952226,0.9985241889953612
13,1,13,0.14641363202421395,-0.5106621799868926,0.545039176940918
13,1,14,-0.039281706152837895,-0.453525152855492,0.5783267021179199
13,1,15,0.37496174054981624,-0.7606366736867701,0.6709246635437012
13,1,16,0.32496684180984076,-0.7749209304696202,0.6340250372886658
13,1,17,0.48209366642119234,-0.8106315724267456,0.6620414853096008
13,1,18,0.4178145108983667,-0.8534843427752961,0.6303370594978333
13,1,19,0.453525152855492,-0.8963371131238465,0.6600118279457092
13,1,20,0.37496174054981624,-0.9391898834723968,0.6257760524749756
13,1,21,0.4106723825069416,-0.8891949847324214,0.6433553695678711
13,1,22,0.34639322698411595,-0.9177634982981216,0.6130186915397644
13,1,23,0.09641873328423846,-0.0035710641957125357,0.9949695467948914
13,1,24,-0.09641873328423846,0.0035710641957125357,0.9945822954177856
13,1,25,0.08927660489281339,0.8392000859924459,0.6284627914428711
13,1,26,-0.06785021971853818,0.8749107279495713,0.7242457270622253
13,1,27,-0.14641363202421395,1.6248342090492036,0.6777427792549133
13,1,28,-0.17498214558991423,1.6962554929634543,0.7235506176948547
13,1,29,-0.24640342950416497,1.76053464848628,0.6859332323074341
13,1,30,-0.2678298146784402,1.7891031620519804,0.6929922699928284
13,1,31,0.06785021971853818,1.8890929595319312,0.731997549533844
13,1,32,0.08927660489281339,1.9319457298804819,0.7531148791313171
13,2,0,-0.14468462378586958,-1.3274814232353533,0.99875670671463
13,2,1,-0.13745039259657607,-1.399823735128288,0.9986345171928406
13,2,2,-0.14468462378586958,-1.4070579663175815,0.9984847903251648
13,2,3,-0.15191885497516305,-1.4070579663175815,0.9988327622413636
13,2,4,-0.15915308616445653,-1.399823735128288,0.9987388849258424
13,2,5,-0.18085577973233696,-1.4070579663175815,0.9984994530677797
13,2,6,-0.2025584733002174,-1.4070579663175815,0.9988107085227966
13,2,7,-0.1302161614072826,-1.3781210415604075,0.997569739818573
13,2,8,-0.21702693567880435,-1.3781210415604075,0.9984960556030272
13,2,9,-0.1302161614072826,-1.247904880153125,0.9978790879249572
13,2,10,-0.15191885497516305,-1.247904880153125,0.998234748840332
13,2,11,0.07234231189293479,-1.0019410197171468,0.9987357258796692
13,2,12,-0.18809001092163044,-0.9947067885278532,0.9982330203056335
13,2,13,-0.007234231189293478,-0.49554483646660324,0.5894551277160645
13,2,14,-0.21702693567880435,-0.44490521814154893,0.5256852507591248
13,2,15,-0.3255404035182065,-0.748742928091875,0.6979307532310486
13,2,16,-0.2314953980573913,-0.7270402345239946,0.5820022821426392
13,2,17,-0.44128810254690215,-0.7993825464169293,0.6845911145210266
13,2,18,-0.27490078519315214,-0.7415086969025815,0.5810664892196655
13,2,19,-0.4340538713576087,-0.8717248583098641,0.6819909811019897
13,2,20,-0.28213501638244565,-0.8138510087955163,0.5767664313316345
13,2,21,-0.3978827154111413,-0.8717248583098641,0.6640682220458984
13,2,22,-0.28213501638244565,-0.8210852399848098,0.5661799907684326
13,2,23,0.11574769902869565,-0.018085577973233697,0.995254397392273
13,2,24,-0.11574769902869565,0.018085577973233697,0.9946978092193604
13,2,25,-0.014468462378586957,0.8572563959312771,0.6638699173927307
13,2,26,-0.19532424211092392,0.8644906271205707,0.7303293347358704
13,2,27,0.24596386043597826,1.6602560579428531,0.7074657678604126
13,2,28,0.07234231189293479,1.6747245203214403,0.7340397834777832
13,2,29,0.3617115594646739,1.790472219350136,0.7110756635665894
13,2,30,0.2025584733002174,1.7760037569715488,0.7011876702308655
13,2,31,-0.014468462378586957,1.9206883807574184,0.755530834197998
13,2,32,-0.13745039259657607,1.9351568431360053,0.762006402015686
14,1,0,0.2266172389077568,-1.3201353441134405,0.9988040924072266
14,1,1,0.19064624860493826,-1.3920773247190774,0.9987102150917052
14,1,2,0.18345205054437455,-1.3920773247190774,0.9985656142234802
14,1,3,0.17625785248381085,-1.3920773247190774,0.9988848567008972
14,1,4,0.17625785248381085,-1.3920773247190774,0.9988095164299012
14,1,5,0.15467525830211973,-1.3920773247190774,0.9985809326171876
14,1,6,0.1330926641204286,-1.3920773247190774,0.9988741874694824
14,1,7,0.09712167381761005,-1.3704947305373865,0.997739315032959
14,1,8,0.025179693211972977,-1.3704947305373865,0.9986178278923036
14,1,9,0.19784044666550196,-1.2409991654472396,0.9980375170707704
14,1,10,0.17625785248381085,-1.2409991654472396,0.9983799457550048
14,1,11,0.10431587187817376,-0.9892022333275099,0.998752236366272
14,1,12,-0.09712167381761005,-1.010784827509201,0.9984040856361388
14,1,13,0.10431587187817376,-0.4856083690880503,0.5447198748588562
14,1,14,-0.06115068351479152,-0.44244318072466804,0.5716685056686401
14,1,15,0.29136502145283016,-0.6582691225415793,0.6611562967300415
14,1,16,0.3273360117556487,-0.6798517167232704,0.6211469769477844
14,1,17,0.4064721904218495,-0.7014343109049616,0.6554745435714722
14,1,18,0.44963737878523174,-0.7086285089655252,0.6189417839050293
14,1,19,0.3848895962401584,-0.7805704895711624,0.6531452536582947
14,1,20,0.4208605865429769,-0.7949588856922898,0.614896297454834
14,1,21,0.35611280399790357,-0.7733762915105986,0.6360887885093689
14,1,22,0.3776953981795947,-0.8021530837528534,0.6038808822631836
14,1,23,0.10431587187817376,-0.01798549515140927,0.9950602650642396
14,1,24,-0.10431587187817376,0.01798549515140927,0.9949533343315125
14,1,25,0.14028686218099232,0.8021530837528534,0.6428372859954834
14,1,26,-0.07553907963591894,0.8812892624190543,0.732856810092926
14,1,27,-0.23381143696832052,1.2697759576894945,0.6651723980903625
14,1,28,-0.16186945636268343,1.7086220393838807,0.7311860918998718
14,1,29,-0.3345302098162124,1.2985527499317493,0.6781525015830994
14,1,30,-0.24819983308944793,1.8093408122317725,0.7014617919921875
14,1,31,-0.17625785248381085,1.4640193053247146,0.7192019820213318
14,1,32,0.10431587187817376,1.967613169564174,0.757853627204895
14,2,0,-0.25112604754222567,-1.3184117495966847,0.9989179968833924
14,2,1,-0.21419574643307482,-1.3996584120368165,0.9988349676132202
14,2,2,-0.1994236259894145,-1.4070444722586468,0.9987038373947144
14,2,3,-0.19203756576758432,-1.4070444722586468,0.9989924430847168
14,2,4,-0.23635392709856534,-1.3996584120368165,0.9989227652549744
14,2,5,-0.23635392709856534,-1.3996584120368165,0.9987149834632874
14,2,6,-0.23635392709856534,-1.4070444722586468,0.9989808797836304
14,2,7,-0.177265445323924,-1.3922723518149864,0.9979612231254578
14,2,8,-0.25112604754222567,-1.3848862915931561,0.998743176460266
14,2,9,-0.19203756576758432,-1.244551147378383,0.9982244968414308
14,2,10,-0.22158180665490498,-1.244551147378383,0.9985215067863464
14,2,11,0.007386060221830167,-1.0008111600579876,0.998868465423584
14,2,12,-0.23635392709856534,-0.9860390396143273,0.9984932541847228
14,2,13,-0.059088481774641335,-0.4616287638643854,0.5895150303840637
14,2,14,-0.22158180665490498,-0.4173124025334044,0.5326845645904541
14,2,15,-0.40623331220065917,-0.616736028522819,0.6911525130271912
14,2,16,-0.3323727099823575,-0.5059451251953664,0.5957968831062317
14,2,17,-0.5170242155281116,-0.6684384500756301,0.6818661689758301
14,2,18,-0.4210054326443195,-0.5650336069700077,0.5937787294387817
14,2,19,-0.49486603486262115,-0.7349129920721016,0.6793459057807922
14,2,20,-0.43577755308797983,-0.6758245102974603,0.5900328159332275
14,2,21,-0.45793573375347035,-0.7201408716284412,0.6617169976234436
14,2,22,-0.40623331220065917,-0.6536663296319697,0.5802474617958069
14,2,23,0.11079090332745249,-0.018465150554575416,0.9954533576965332
14,2,24,-0.11079090332745249,0.018465150554575416,0.995310127735138
14,2,25,-0.03693030110915083,0.845703895399554,0.6764762997627258
14,2,26,-0.22896786687673518,0.8604760158432144,0.7306631803512573
14,2,27,0.18465150554575416,1.55476567669525,0.6962453722953796
14,2,28,0.014772120443660334,1.680328700466363,0.7409507632255554
14,2,29,0.29544240887320666,1.6064680982480612,0.7047013640403748
14,2,30,0.11817696354928267,1.8058917242374757,0.7092335820198059
14,2,31,-0.09601878288379216,1.7468032424628344,0.744733452796936
14,2,32,-0.18465150554575416,1.9831571695613996,0.76883864402771
15,1,0,0.21427341578188544,-1.3142102834622307,0.998815417289734
15,1,1,0.1857036270109674,-1.3927772025822553,0.9987649321556092
15,1,2,0.17856117981823788,-1.3927772025822553,0.9986321330070496
15,1,3,0.17141873262550836,-1.3999196497749848,0.9989247918128968
15,1,4,0.17856117981823788,-1.3927772025822553,0.9988556504249572
15,1,5,0.16427628543277883,-1.3927772025822553,0.9986167550086976
15,1,6,0.15713383824004934,-1.3999196497749848,0.9988998174667358
15,1,7,0.08570936631275418,-1.3856347553895259,0.997962772846222
15,1,8,0.049997130349106605,-1.3856347553895259,0.99872487783432
15,1,9,0.1928460742036969,-1.2427858115349357,0.998141348361969
15,1,10,0.17141873262550836,-1.2499282587276652,0.998480498790741
15,1,11,0.0,-0.9999426069821321,0.9988207221031188
15,1,12,-0.021427341578188545,-0.9999426069821321,0.9986236095428468
15,1,13,-0.02856978877091806,-0.4785439619128775,0.5402188897132874
15,1,14,-0.007142447192729515,-0.4285468315637709,0.5775527954101562
15,1,15,0.049997130349106605,-0.39997704279285284,0.6287855505943298
15,1,16,0.3142676764800987,-0.5642533282256317,0.6320689916610718
15,1,17,0.09999426069821321,-0.3785497012146643,0.6223766207695007
15,1,18,0.4285468315637709,-0.6213929057674679,0.6287438869476318
15,1,19,0.0928518135054837,-0.40711948998558234,0.6202890872955322
15,1,20,0.4142619371783119,-0.707102272080222,0.6253395676612854
15,1,21,0.09999426069821321,-0.4285468315637709,0.6052004098892212
15,1,22,0.3785497012146643,-0.6928173776947629,0.6148626804351807
15,1,23,0.049997130349106605,-0.01428489438545903,0.9947705268859864
15,1,24,-0.049997130349106605,0.01428489438545903,0.9952518343925476
15,1,25,0.0928518135054837,0.7642418496220581,0.6512109041213989
15,1,26,-0.08570936631275418,0.8642361103202714,0.7344852685928345
15,1,27,-0.19998852139642642,1.2142160227640175,0.6535418629646301
15,1,28,-0.17856117981823788,1.678475090291436,0.7454321980476379
15,1,29,-0.30712522928736913,1.2499282587276652,0.6703245639801025
15,1,30,-0.2714129933237216,1.7927542453751082,0.7162421941757202
15,1,31,-0.1428489438545903,1.4070620969677146,0.707000195980072
15,1,32,0.08570936631275418,1.942745636422428,0.7721544504165649
15,2,0,-0.2519844782341964,-1.3103192868178213,0.9988932013511658
15,2,1,-0.21598669562931122,-1.389514408548569,0.9988537430763244
15,2,2,-0.20158758258735712,-1.396713965069546,0.9987289905548096
15,2,3,-0.18718846954540305,-1.396713965069546,0.9990028738975524
15,2,4,-0.2303858086712653,-1.389514408548569,0.9989216327667236
15,2,5,-0.2303858086712653,-1.389514408548569,0.9986932873725892
15,2,6,-0.2303858086712653,-1.396713965069546,0.9989609718322754
15,2,7,-0.10799334781465561,-1.389514408548569,0.998140513896942
15,2,8,-0.15839024346149488,-1.389514408548569,0.99874609708786
15,2,9,-0.1943880260663801,-1.245523278129028,0.9982776641845704
15,2,10,-0.21598669562931122,-1.245523278129028,0.9985088109970092
15,2,11,0.021598669562931123,-1.0079379129367856,0.9989020228385924
15,2,12,-0.17278935650344898,-0.9863392433738545,0.9984843134880066
15,2,13,-0.00719955652097704,-0.4463725043005765,0.5844466686248779
15,2,14,-0.16558979998247192,-0.4247738347376454,0.5279302000999451
15,2,15,-0.34557871300689796,-0.4967693999474158,0.6560521721839905
15,2,16,-0.33117959996494384,-0.4175742782166683,0.5871366262435913
15,2,17,-0.4607716173425306,-0.5111685129893698,0.6431414484977722
15,2,18,-0.4175742782166683,-0.43197339125862244,0.5869439840316772
15,2,19,-0.4607716173425306,-0.5543658521152321,0.6404680609703064
15,2,20,-0.4103747216956913,-0.4679711738635076,0.5846317410469055
15,2,21,-0.4175742782166683,-0.5543658521152321,0.6239156126976013
15,2,22,-0.3743769390908061,-0.4607716173425306,0.5764995813369751
15,2,23,0.10079379129367856,-0.01439911304195408,0.9949576258659364
15,2,24,-0.10079379129367856,0.01439911304195408,0.9952328205108644
15,2,25,0.07919512173074744,0.8135498868704055,0.6830299496650696
15,2,26,-0.1943880260663801,0.8495476694752908,0.7272635102272034
15,2,27,0.17998891302442602,1.5767028780939718,0.6846461296081543
15,2,28,0.0,1.6846962259086276,0.750673234462738
15,2,29,0.26638359127615047,1.6990953389505816,0.6934975981712341
15,2,30,0.11519290433563265,1.792689573723283,0.7191296219825745
15,2,31,-0.13679157389856378,1.7494922345974209,0.7320678234100342
15,2,32,-0.12959201737758672,1.9510798171847779,0.7784378528594971
16,1,0,0.24732511952770067,-1.3037567015103078,0.9981088042259216
16,1,1,0.211992959595172,-1.3814874533618708,0.9978275299072266
16,1,2,0.20492652760866628,-1.3885538853483765,0.9975539445877076
16,1,3,0.19786009562216053,-1.3885538853483765,0.9980847239494324
16,1,4,0.19786009562216053,-1.3814874533618708,0.9981594681739808
16,1,5,0.1907936636356548,-1.3814874533618708,0.9977664947509766
16,1,6,0.17666079966264334,-1.3885538853483765,0.9982654452323914
16,1,7,0.11306291178409174,-1.3814874533618708,0.9963338971138
16,1,8,0.08479718383806881,-1.3814874533618708,0.9980229735374452
16,1,9,0.21905939158167773,-1.2330923816452504,0.9968401789665222
16,1,10,0.19786009562216053,-1.2401588136317563,0.997718870639801
16,1,11,0.0635978878785516,-0.9999001260905612,0.9985367655754088
16,1,12,-0.03533215993252867,-0.9999001260905612,0.9985876083374025
16,1,13,0.04946502390554013,-0.4981834550486542,0.5334792733192444
16,1,14,-0.05653145589204587,-0.4345855671701026,0.574090301990509
16,1,15,0.20492652760866628,-0.48405059107564274,0.599498450756073
16,1,16,0.3109230074062523,-0.46285129511612555,0.6267287731170654
16,1,17,0.26145798350071214,-0.4345855671701026,0.5905787944793701
16,1,18,0.423985919190344,-0.476984159089137,0.6255804300308228
16,1,19,0.317989439392758,-0.5547149109407,0.5885768532752991
16,1,20,0.423985919190344,-0.4981834550486542,0.6233742237091064
16,1,21,0.2685244154872179,-0.5476484789541943,0.5743703246116638
16,1,22,0.39572019124432106,-0.5193827510081714,0.614461362361908
16,1,23,0.05653145589204587,-0.017666079966264334,0.993374228477478
16,1,24,-0.05653145589204587,0.017666079966264334,0.9942579865455629
16,1,25,0.07773075185156307,0.7455085745763549,0.6394526958465576
16,1,26,-0.07773075185156307,0.8373721904009294,0.7167798280715942
16,1,27,-0.16252793568963186,1.4804175011729512,0.6389410495758057
16,1,28,-0.19786009562216053,1.6641447328221002,0.7378185987472534
16,1,29,-0.2685244154872179,1.6288125728895715,0.6572774648666382
16,1,30,-0.2897237114467351,1.7630747806331806,0.7126806378364563
16,1,31,-0.014132863973011467,1.5510818210380084,0.6912820935249329
16,1,32,0.09186361582457453,1.883204124403778,0.7676941156387329
16,2,0,-0.215159852144097,-1.308595166319016,0.998213231563568
16,2,1,-0.1869421666170023,-1.3861938015185264,0.9979408383369446
16,2,2,-0.17283332385345496,-1.3932482229003003,0.9976871609687804
16,2,3,-0.1587244810899076,-1.3932482229003003,0.9981898069381714
16,2,4,-0.20105100938054965,-1.3861938015185264,0.9982047080993652
16,2,5,-0.20105100938054965,-1.3861938015185264,0.997822403907776
16,2,6,-0.19399658799877598,-1.3932482229003003,0.998298168182373
16,2,7,-0.08112584589039723,-1.3861938015185264,0.996588408946991
16,2,8,-0.13050679556281292,-1.3861938015185264,0.9978895783424376
16,2,9,-0.16577890247168128,-1.2380509525012795,0.997044324874878
16,2,10,-0.1869421666170023,-1.245105373883053,0.9976575374603271
16,2,11,0.05996258174507621,-1.0052550469027481,0.9986592531204224
16,2,12,-0.17988774523522863,-0.9911462041392008,0.9984747767448424
16,2,13,0.12345237418103926,-0.48322786465149653,0.5790150165557861
16,2,14,-0.1869421666170023,-0.4338469149790808,0.5347034335136414
16,2,15,-0.19399658799877598,-0.48322786465149653,0.6358734369277954
16,2,16,-0.3280305942524757,-0.3633027011613441,0.5991033911705017
16,2,17,-0.34213943701602306,-0.45501017912440184,0.6245431900024414
16,2,18,-0.39857480807021245,-0.3350850156342494,0.5985223650932312
16,2,19,-0.34213943701602306,-0.5396632357056859,0.622306764125824
16,2,20,-0.39857480807021245,-0.37741154392489146,0.5977712273597717
16,2,21,-0.299812908725381,-0.5467176570874596,0.6068912148475647
16,2,22,-0.3633027011613441,-0.3915203866884388,0.589821457862854
16,2,23,0.14461563832636026,-0.01763605345443418,0.9936845898628236
16,2,24,-0.14461563832636026,0.01763605345443418,0.9941242337226868
16,2,25,0.11639795279926558,0.7936224054495381,0.6734854578971863
16,2,26,-0.22926869490764434,0.8218400909766328,0.724292516708374
16,2,27,0.20105100938054965,1.633098549880605,0.6733222603797913
16,2,28,0.003527210690886836,1.6260441284988314,0.7514982223510742
16,2,29,0.27864964458006003,1.7741869775160783,0.685758113861084
16,2,30,0.0881802672721709,1.7318604492254364,0.723349928855896
16,2,31,-0.09523468865394456,1.8094590844249467,0.7200718522071838
16,2,32,-0.10934353141749191,1.851785612715589,0.7812930941581726
17,1,0,0.23344380917638619,-1.3031042482383348,0.9976779818534852
17,1,1,0.19860144959782108,-1.379757439311178,0.9973810911178588
17,1,2,0.19163297768210807,-1.379757439311178,0.9970696568489076
17,1,3,0.18466450576639504,-1.386725911226891,0.9976673722267152
17,1,4,0.19163297768210807,-1.372788967395465,0.997680962085724
17,1,5,0.18466450576639504,-1.379757439311178,0.99723619222641
17,1,6,0.170727561934969,-1.379757439311178,0.997855305671692
17,1,7,0.08710589894641275,-1.379757439311178,0.995461404323578
17,1,8,0.07316895511498671,-1.372788967395465,0.9975914359092712
17,1,9,0.2055699215135341,-1.2334195290812047,0.9962732195854188
17,1,10,0.19163297768210807,-1.2334195290812047,0.997227430343628
17,1,11,0.03135812362070859,-0.996491483946962,0.9985737204551696
17,1,12,-0.01742117978928255,-1.003459955862675,0.998590052127838
17,1,13,0.0034842359578565103,-0.5086984498470505,0.5269359946250916
17,1,14,-0.059232011283560676,-0.4390137306899203,0.579964280128479
17,1,15,0.08710589894641275,-0.4111398430270682,0.5792737007141113
17,1,16,0.32403394408065544,-0.5017299779313374,0.6360287070274353
17,1,17,0.1358852023564039,-0.39720289919564217,0.5712456703186035
17,1,18,0.44946643856348983,-0.5226353936784766,0.6336783170700073
17,1,19,0.2055699215135341,-0.5296038655941896,0.5696045756340027
17,1,20,0.4424979666477768,-0.5714146970884677,0.6327739357948303
17,1,21,0.14285367427211693,-0.5086984498470505,0.5560997724533081
17,1,22,0.4076556070692117,-0.5783831690041807,0.623071014881134
17,1,23,0.059232011283560676,-0.013936943831426041,0.9930856823921204
17,1,24,-0.059232011283560676,0.013936943831426041,0.9935775399208068
17,1,25,0.07316895511498671,0.7665319107284323,0.6287748217582703
17,1,26,-0.08013742703069973,0.8153112141384234,0.7072697281837463
17,1,27,-0.16375909001925598,1.5888115967825687,0.6370518803596497
17,1,28,-0.18466450576639504,1.6236539563611339,0.7329496145248413
17,1,29,-0.24738075300781223,1.7212125631811162,0.6562157273292542
17,1,30,-0.2682861687549513,1.7281810350968292,0.707345187664032
17,1,31,0.04529506745213463,1.7699918665911072,0.6937322616577148
17,1,32,0.059232011283560676,1.8327081138325243,0.7703077793121338
17,2,0,-0.18933271324879133,-1.3007858632463256,0.9978017210960388
17,2,1,-0.15427109968420033,-1.3779214130884256,0.997510552406311
17,2,2,-0.14024645425836393,-1.384933735801344,0.9972200393676758
17,2,3,-0.13323413154544575,-1.3919460585142622,0.9977858662605286
17,2,4,-0.17530806782295494,-1.3779214130884256,0.99773508310318
17,2,5,-0.16829574511003673,-1.384933735801344,0.9973021149635316
17,2,6,-0.16829574511003673,-1.384933735801344,0.9978975057601928
17,2,7,-0.07012322712918197,-1.384933735801344,0.9957726001739502
17,2,8,-0.11219716340669116,-1.3779214130884256,0.9974374175071716
17,2,9,-0.14024645425836393,-1.2306626361171435,0.9965067505836488
17,2,10,-0.16128342239711854,-1.2306626361171435,0.9971620440483092
17,2,11,0.08414787255501836,-0.9992559865908431,0.998690664768219
17,2,12,-0.16128342239711854,-0.9992559865908431,0.998531460762024
17,2,13,0.11219716340669116,-0.46631946040906014,0.5729115009307861
17,2,14,-0.18933271324879133,-0.43827016955738735,0.5428919792175293
17,2,15,-0.21036968138754591,-0.4522948149832237,0.6171503067016602
17,2,16,-0.2945175539425643,-0.3751592651411236,0.6101207137107849
17,2,17,-0.32957916750715527,-0.4242455241315509,0.606299102306366
17,2,18,-0.37866542649758267,-0.34009765157653254,0.6072444915771484
17,2,19,-0.33659149022007345,-0.5224180421124057,0.6043951511383057
17,2,20,-0.37866542649758267,-0.38217158785404176,0.6078066229820251
17,2,21,-0.3015298766554825,-0.5224180421124057,0.5890653133392334
17,2,22,-0.33659149022007345,-0.4032085559927963,0.5987618565559387
17,2,23,0.13323413154544575,-0.017530806782295492,0.993420958518982
17,2,24,-0.13323413154544575,0.017530806782295492,0.9936211705207824
17,2,25,0.13323413154544575,0.781873982490379,0.6638197898864746
17,2,26,-0.17530806782295494,0.81693559605497,0.7163333296775818
17,2,27,0.20335735867462773,1.6514019988922355,0.6717203855514526
17,2,28,0.02804929085167279,1.6233527080405628,0.7495570778846741
17,2,29,0.30854219936840066,1.7846361304376812,0.6839455962181091
17,2,30,0.11920948611960935,1.7285375487343355,0.7194757461547852
17,2,31,-0.007012322712918197,1.854759357566863,0.7224514484405518
17,2,32,-0.09817251798085476,1.8337223894281085,0.7852748036384583
18,1,0,0.2602896031476768,-1.2875659035705078,0.9975796937942504
18,1,1,0.2325253788119246,-1.3639175204938263,0.9973459243774414
18,1,2,0.22558432272798654,-1.3708585765777643,0.9969877004623412
18,1,3,0.21864326664404848,-1.3708585765777643,0.9975962042808532
18,1,4,0.22558432272798654,-1.3639175204938263,0.9975643754005432
18,1,5,0.21864326664404848,-1.3708585765777643,0.9970725178718568
18,1,6,0.2047611544761724,-1.3708585765777643,0.9977485537528992
18,1,7,0.12146848146891583,-1.3708585765777643,0.9952750205993652
18,1,8,0.10758636930103974,-1.3708585765777643,0.9974432587623596
18,1,9,0.22558432272798654,-1.2181553427311274,0.9963717460632324
18,1,10,0.21170221056011046,-1.2181553427311274,0.9971889853477478
18,1,11,0.09370425713316365,-0.9891004919611718,0.9985639452934264
18,1,12,-0.031234752377721213,-1.009923660212986,0.9986606240272522
18,1,13,0.07982214496528754,-0.5032265660855084,0.5198125839233398
18,1,14,-0.10064531321710168,-0.47546234174975627,0.5866217613220215
18,1,15,0.29499488356736703,-0.4685212856658182,0.5705822110176086
18,1,16,0.30193593965130505,-0.5448729025891367,0.6462449431419373
18,1,17,0.42687494916218993,-0.4685212856658182,0.5675629377365112
18,1,18,0.42687494916218993,-0.5587550147570128,0.6420851945877075
18,1,19,0.41299283699431383,-0.586519239092765,0.5664828419685364
18,1,20,0.41993389307825185,-0.6420476877642693,0.642294704914093
18,1,21,0.3644054444067475,-0.5934602951767031,0.5532357096672058
18,1,22,0.3782875565746236,-0.6489887438482075,0.6319060325622559
18,1,23,0.05899897671347341,-0.010411584125907071,0.9921356439590454
18,1,24,-0.05899897671347341,0.010411584125907071,0.9928112626075744
18,1,25,0.0728810888813495,0.7531045851072782,0.611039400100708
18,1,26,-0.031234752377721213,0.8155740898627206,0.6975900530815125
18,1,27,-0.15617376188860607,1.4888565300047112,0.6223316788673401
18,1,28,-0.19782009839223436,1.592972371263782,0.7223764061927795
18,1,29,-0.2533485470637387,1.6554418760192244,0.6433743834495544
18,1,30,-0.29499488356736703,1.7040292686067906,0.7016688585281372
18,1,31,0.11452742538497779,1.6485008199352862,0.6800857782363892
18,1,32,0.09370425713316365,1.766498773362233,0.7627999186515808
18,2,0,-0.10763824002992621,-1.2881866790678265,0.997669279575348
18,2,1,-0.07291622711704679,-1.3645751074761612,0.9974532127380372
18,2,2,-0.0659718245344709,-1.3715195100587372,0.997121274471283
18,2,3,-0.05902742195189502,-1.378463912641313,0.9977038502693176
18,2,4,-0.07986062969962267,-1.3645751074761612,0.9975800514221193
18,2,5,-0.07986062969962267,-1.3715195100587372,0.9970787167549132
18,2,6,-0.07986062969962267,-1.3715195100587372,0.997733473777771
18,2,7,-0.03124981162159148,-1.3715195100587372,0.9955846667289734
18,2,8,-0.05208301936931913,-1.3715195100587372,0.9972442388534546
18,2,9,-0.0659718245344709,-1.2187426532420678,0.9965543746948242
18,2,10,-0.08680503228219855,-1.2187426532420678,0.9970114827156068
18,2,11,0.08680503228219855,-0.9895773680170635,0.9986917972564696
18,2,12,-0.07986062969962267,-1.0104105757647912,0.9984135627746582
18,2,13,0.21180427876856447,-0.4756915769064481,0.5671733617782593
18,2,14,-0.14930465552538152,-0.4618027717412963,0.5428724884986877
18,2,15,-0.08680503228219855,-0.4479139665761445,0.6117421388626099
18,2,16,-0.26041509684659564,-0.4895803820715998,0.6140686869621277
18,2,17,-0.21180427876856447,-0.420136356245841,0.6072437167167664
18,2,18,-0.35069233042008213,-0.4756915769064481,0.6116133332252502
18,2,19,-0.23263748651629212,-0.5381912001496311,0.6059873104095459
18,2,20,-0.3437479278375063,-0.5798576156450863,0.6126760244369507
18,2,21,-0.19097107102083682,-0.545135602732207,0.5921705961227417
18,2,22,-0.30208151234205094,-0.5868020182276622,0.6034713983535767
18,2,23,0.01736100645643971,-0.010416603873863827,0.9923552870750428
18,2,24,-0.01736100645643971,0.010416603873863827,0.9919331073760986
18,2,25,0.024305409039015596,0.7673564853746352,0.6452451348304749
18,2,26,-0.01736100645643971,0.8090229008700905,0.6821852326393127
18,2,27,0.26735949942917153,1.5798515875360137,0.6559737920761108
18,2,28,0.1979154736034127,1.5867959901185895,0.7150996327400208
18,2,29,0.3715255381678098,1.7256840417701071,0.6726042032241821
18,2,30,0.30208151234205094,1.6979064314398038,0.7006425261497498
18,2,31,-0.010416603873863827,1.6492956133617724,0.7074677348136902
18,2,32,-0.045138616786743246,1.739572846935259,0.7584620118141174
19,1,0,0.29541592449637777,-1.301236810281664,0.9977148175239564
19,1,1,0.2743147870323508,-1.385641360137772,0.9974385499954224
19,1,2,0.2672810745443418,-1.385641360137772,0.997067391872406
19,1,3,0.2602473620563328,-1.392675072625781,0.9976866841316224
19,1,4,0.2602473620563328,-1.385641360137772,0.997625768184662
19,1,5,0.24617993708031483,-1.385641360137772,0.9971354603767396
19,1,6,0.23211251210429684,-1.392675072625781,0.9977894425392152
19,1,7,0.15474167473619788,-1.392675072625781,0.995370626449585
19,1,8,0.1336405372721709,-1.385641360137772,0.997370719909668
19,1,9,0.2672810745443418,-1.2308996854015741,0.9965765476226808
19,1,10,0.24617993708031483,-1.237933397889583,0.9971853494644164
19,1,11,0.15474167473619788,-0.9776860358332503,0.9986793398857116
19,1,12,-0.056269699904071956,-1.0198883107613042,0.9985547065734864
19,1,13,0.17584281220022488,-0.48532616167262066,0.5210372805595398
19,1,14,-0.16177538722420687,-0.47829244918461167,0.5876020789146423
19,1,15,0.36575304937646774,-0.4571913117205847,0.5890530347824097
19,1,16,0.30244963698438676,-0.5837981365047465,0.6512360572814941
19,1,17,0.47829244918461167,-0.4712587366966027,0.5902498960494995
19,1,18,0.4220227492805397,-0.6048992739687735,0.6478714346885681
19,1,19,0.48532616167262066,-0.5556632865527106,0.5891572833061218
19,1,20,0.4220227492805397,-0.7104049612889085,0.6485121250152588
19,1,21,0.42905646176854867,-0.5626969990407196,0.5742691159248352
19,1,22,0.3868541868404947,-0.7033712488008995,0.6382359266281128
19,1,23,0.07033712488008995,-0.0070337124880089944,0.9920713305473328
19,1,24,-0.07033712488008995,0.0070337124880089944,0.991629958152771
19,1,25,0.1336405372721709,0.7737083736809894,0.6056486368179321
19,1,26,0.16177538722420687,0.8159106486090434,0.7008263468742371
19,1,27,-0.1406742497601799,1.4700459099938799,0.625687301158905
19,1,28,-0.14770796224818888,1.5263156098979518,0.7226954102516174
19,1,29,-0.2532136495683238,1.6036864472660508,0.6472259163856506
19,1,30,-0.2672810745443418,1.6458887221941048,0.7057251930236816
19,1,31,0.08440454985610794,1.5896190222900328,0.6830055117607117
19,1,32,0.09847197483212593,1.6740235721461407,0.7631678581237793
19,2,0,0.027971344051002624,-1.3076603343843727,0.9978321194648744
19,2,1,-0.027971344051002624,-1.3915743665373805,0.9975824952125548
19,2,2,-0.04195701607650394,-1.3915743665373805,0.9972498416900636
19,2,3,-0.04894985208925459,-1.3985672025501312,0.9978212714195251
19,2,4,-0.013985672025501312,-1.3915743665373805,0.9976639747619628
19,2,5,-0.027971344051002624,-1.3985672025501312,0.997167944908142
19,2,6,-0.04894985208925459,-1.3985672025501312,0.997752606868744
19,2,7,-0.04195701607650394,-1.38458153052463,0.9957148432731628
19,2,8,-0.1118853762040105,-1.3915743665373805,0.997123956680298
19,2,9,-0.04894985208925459,-1.2307391382441155,0.9968061447143556
19,2,10,-0.04894985208925459,-1.2307391382441155,0.9971592426300048
19,2,11,0.13985672025501314,-0.9929827138105932,0.9988013505935668
19,2,12,-0.15384239228051444,-1.0069683858360945,0.9982960224151612
19,2,13,0.29369911253552755,-0.4964913569052966,0.5685986876487732
19,2,14,-0.34264896462478217,-0.5174698649435486,0.5512995719909668
19,2,15,-0.0629355241147559,-0.44054866880329135,0.6296087503433228
19,2,16,-0.2587349324717743,-0.5804053890583045,0.6437961459159851
19,2,17,0.05594268810200525,-0.3985916527267874,0.6300435066223145
19,2,18,-0.26572776848452495,-0.6223624051348084,0.6423969864845276
19,2,19,0.1608352282932651,-0.47551284886704465,0.6289854049682617
19,2,20,-0.26572776848452495,-0.692290765262315,0.6431377530097961
19,2,21,0.16782806430601577,-0.5034841929180472,0.6148635149002075
19,2,22,-0.26572776848452495,-0.6783050932368136,0.6331204175949097
19,2,23,0.09789970417850918,0.0,0.9924365282058716
19,2,24,-0.09789970417850918,0.0,0.9911503791809082
19,2,25,-0.06992836012750657,0.7412406173515695,0.6397387385368347
19,2,26,-0.05594268810200525,0.7762047974153229,0.6863557696342468
19,2,27,0.20279224436976903,1.4754883986903886,0.6572180390357971
19,2,28,0.13286388424226248,1.4545098906521365,0.7080382108688354
19,2,29,0.32866329259928084,1.6013594469199004,0.6748268008232117
19,2,30,0.223770752408021,1.587373774894399,0.7002708315849304
19,2,31,-0.013985672025501312,1.6153451189454016,0.7083244323730469
19,2,32,-0.05594268810200525,1.629330790970903,0.7515659928321838
20,1,0,0.3693584275765589,-1.3259967549998464,0.998012900352478
20,1,1,0.33242258481890297,-1.3998684405151582,0.997774600982666
20,1,2,0.3250354162673718,-1.3998684405151582,0.9974679946899414
20,1,3,0.31764824771584066,-1.4072556090666892,0.997999906539917
20,1,4,0.3250354162673718,-1.4072556090666892,0.9978588819503784
20,1,5,0.31026107916430945,-1.4072556090666892,0.997407615184784
20,1,6,0.28809957350971593,-1.4146427776182204,0.9979437589645386
20,1,7,0.21422788799440415,-1.392481271963627,0.9960603713989258
20,1,8,0.1699048766852171,-1.4072556090666892,0.9973737597465516
20,1,9,0.3250354162673718,-1.2521250694845345,0.9970293641090392
20,1,10,0.31026107916430945,-1.2595122380360657,0.997399091720581
20,1,11,0.17729204523674827,-0.9566383274232875,0.9988237619400024
20,1,12,-0.02954867420612471,-1.0378971814901305,0.9984520673751832
20,1,13,0.14035620247909236,-0.46169803447069857,0.5217445492744446
20,1,14,-0.18467921378827945,-0.5060210457798857,0.5952196717262268
20,1,15,0.39890710178268357,-0.3878263489553868,0.6034925580024719
20,1,16,0.33242258481890297,-0.6242157426043845,0.6783212423324585
20,1,17,0.5244889671587136,-0.3435033376461998,0.6089036464691162
20,1,18,0.48016595584952654,-0.6759259224651027,0.6763103008270264
20,1,19,0.5318761357102448,-0.4247621917130427,0.6083581447601318
20,1,20,0.4875531244010577,-0.771959113635008,0.6767340302467346
20,1,21,0.4875531244010577,-0.43953652881610505,0.5923317670822144
20,1,22,0.44323011309187066,-0.7571847765319457,0.6660858988761902
20,1,23,0.08864602261837413,0.011080752827296767,0.9928762912750244
20,1,24,-0.08864602261837413,-0.011080752827296767,0.9917063117027284
20,1,25,0.24377656220052885,0.7128617652227587,0.6302597522735596
20,1,26,0.22161505654593533,0.7350232708773522,0.7134888768196106
20,1,27,-0.05909734841224942,1.3850941034120958,0.6532297730445862
20,1,28,-0.0664845169637806,1.4294171147212829,0.7287186980247498
20,1,29,-0.1920663823398106,1.5328374744427193,0.6674275398254395
20,1,30,-0.19945355089134179,1.562386148648844,0.7139112949371338
20,1,31,0.15513053958215473,1.6288706656126246,0.7086194753646851
20,1,32,0.1699048766852171,1.6805808454733429,0.7681964039802551
20,2,0,-0.20388995149072112,-1.328925576680593,0.9981083869934082
20,2,1,-0.19660816750890964,-1.3944616325168961,0.9979096055030824
20,2,2,-0.18932638352709819,-1.4017434164987077,0.9976283311843872
20,2,3,-0.1820445995452867,-1.4017434164987077,0.998121976852417
20,2,4,-0.21845351945434405,-1.4017434164987077,0.9979060888290404
20,2,5,-0.21845351945434405,-1.409025200480519,0.9974467158317566
20,2,6,-0.22573530343615553,-1.409025200480519,0.9979440569877625
20,2,7,-0.12379032769079495,-1.3871798485350848,0.9963618516921996
20,2,8,-0.1820445995452867,-1.4017434164987077,0.9973517656326294
20,2,9,-0.18932638352709819,-1.2415441688988553,0.99725079536438
20,2,10,-0.21845351945434405,-1.248825952880667,0.9974192380905152
20,2,11,0.03640891990905734,-0.957554593608208,0.998930811882019
20,2,12,-0.17476281556347523,-1.0376542174081342,0.9984036087989808
20,2,13,0.18932638352709819,-0.4551114988632168,0.5689776539802551
20,2,14,-0.3058349272360817,-0.5570564746085773,0.5570148229598999
20,2,15,-0.21117173547253257,-0.396857227008725,0.642038881778717
20,2,16,-0.19660816750890964,-0.6080289624812576,0.6589337587356567
20,2,17,-0.2548624393634014,-0.35316652311785623,0.6459023356437683
20,2,18,-0.16748103158166378,-0.6371560984085035,0.6604669690132141
20,2,19,-0.2548624393634014,-0.4259843629359709,0.6452948451042175
20,2,20,-0.21845351945434405,-0.7026921542448067,0.6611210107803345
20,2,21,-0.24029887139977846,-0.4405479308995938,0.6297632455825806
20,2,22,-0.1601992475998523,-0.6881285862811838,0.6515970230102539
20,2,23,0.07281783981811468,0.003640891990905734,0.9931020736694336
20,2,24,-0.07281783981811468,-0.003640891990905734,0.9911938905715942
20,2,25,-0.13835389565441789,0.724537506190241,0.655888020992279
20,2,26,-0.1820445995452867,0.7026921542448067,0.6850093007087708
20,2,27,0.13107211167260643,1.452715904371388,0.6743998527526855
20,2,28,0.06553605583630322,1.4163069844623306,0.6944854855537415
20,2,29,0.23301708741796698,1.576506232062183,0.6900954842567444
20,2,30,0.15291746361804084,1.547379096134937,0.697939932346344
20,2,31,-0.10194497574536056,1.6638876398439204,0.7224237322807312
20,2,32,-0.13107211167260643,1.671169423825732,0.7351599931716919
21,1,0,0.36743066530468943,-1.3242055660485836,0.9982389211654664
21,1,1,0.33832724627065464,-1.3969641136336706,0.9980247616767884
21,1,2,0.3310513915121459,-1.4042399683921793,0.9977651238441468
21,1,3,0.32377553675363724,-1.4042399683921793,0.998233437538147
21,1,4,0.3164996819951285,-1.4042399683921793,0.998039722442627
21,1,5,0.3019479724781111,-1.4042399683921793,0.9976137280464172
21,1,6,0.2873962629610937,-1.4115158231506881,0.998079776763916
21,1,7,0.2510169891685502,-1.389688258875162,0.9966092109680176
21,1,8,0.20008600585898928,-1.4042399683921793,0.9975148439407348
21,1,9,0.3310513915121459,-1.244171163704988,0.9974018335342408
21,1,10,0.3164996819951285,-1.2514470184634967,0.9976195096969604
21,1,11,0.17825844158346318,-0.9604128281231485,0.9989311099052428
21,1,12,-0.018189636896271753,-1.0331713757082357,0.9985417127609252
21,1,13,0.1564308773079371,-0.4656547045445569,0.5284664630889893
21,1,14,-0.1491550225494284,-0.5529649616466613,0.6002581119537354
21,1,15,0.36743066530468943,-0.38562030220096116,0.6124386787414551
21,1,16,0.36743066530468943,-0.5893442354392048,0.6915886998176575
21,1,17,0.49839605095784606,-0.33468931889140024,0.6194432377815247
21,1,18,0.48384434144082866,-0.6257235092317484,0.6920863389968872
21,1,19,0.5129477604748635,-0.38562030220096116,0.6194394826889038
21,1,20,0.48384434144082866,-0.7348613306093789,0.692462682723999
21,1,21,0.46201677716530254,-0.4074478664764873,0.6035085916519165
21,1,22,0.4547409224067938,-0.7203096210923614,0.6821933388710022
21,1,23,0.08367232972285006,0.0,0.9931286573410034
21,1,24,-0.08367232972285006,0.0,0.9915382862091064
21,1,25,0.2437411344100415,0.6621027830242918,0.6244550943374634
21,1,26,0.280120408202585,0.7057579115753441,0.7045468091964722
21,1,27,-0.09822403923986747,1.3096538565315663,0.6481691002845764
21,1,28,0.2510169891685502,1.3969641136336706,0.7048497796058655
21,1,29,-0.1637067320664458,1.4478950969432316,0.6688700914382935
21,1,30,0.13460331303241097,1.484274370735775,0.7071214914321899
21,1,31,0.061844765447323966,1.5206536445283185,0.703178882598877
21,1,32,0.49112019619933733,1.6443431754229665,0.7421396374702454
21,2,0,-0.14953548023425056,-1.33487770160331,0.9983306527137756
21,2,1,-0.14953548023425056,-1.4078218383029444,0.9981322884559632
21,2,2,-0.14224106656428712,-1.415116251972908,0.9978848099708556
21,2,3,-0.14224106656428712,-1.415116251972908,0.9983175992965698
21,2,4,-0.1714187212441409,-1.415116251972908,0.998102605342865
21,2,5,-0.17871313491410434,-1.415116251972908,0.9976816773414612
21,2,6,-0.1860075485840678,-1.4224106656428712,0.9981098175048828
21,2,7,-0.09118017087454303,-1.3932330109630175,0.9968730807304382
21,2,8,-0.14953548023425056,-1.415116251972908,0.9975613951683044
21,2,9,-0.14224106656428712,-1.254639151233712,0.9976035952568054
21,2,10,-0.16412430757417745,-1.2619335649036756,0.997679889202118
21,2,11,0.07659134353461615,-0.9701570181051379,0.9990161657333374
21,2,12,-0.14953548023425056,-1.0285123274648453,0.9986351728439332
21,2,13,0.14953548023425056,-0.41578157918791625,0.5747065544128418
21,2,14,-0.222479616933885,-0.5324921979073313,0.5624600648880005
21,2,15,-0.156829893904214,-0.40119275184798936,0.6494020223617554
21,2,16,-0.06200251619468926,-0.5908475072670388,0.6748809218406677
21,2,17,-0.10576899821446992,-0.3574262698282087,0.6539868116378784
21,2,18,-0.26624609895366563,-0.6054363346069658,0.6789760589599609
21,2,19,-0.06200251619468926,-0.41578157918791625,0.653687596321106
21,2,20,-0.3391902356533001,-0.7002637123164905,0.6798413991928101
21,2,21,-0.11306341188443336,-0.43766482019780656,0.6375139355659485
21,2,22,-0.288129339963556,-0.7002637123164905,0.6705005168914795
21,2,23,0.07659134353461615,0.007294413669963443,0.9935402870178224
21,2,24,-0.07659134353461615,-0.007294413669963443,0.9921908974647522
21,2,25,-0.21518520326392154,0.5689642662571485,0.6519263386726379
21,2,26,-0.1714187212441409,0.7294413669963442,0.7143502235412598
21,2,27,-0.156829893904214,0.692969298646527,0.6231940388679504
21,2,28,0.02553044784487205,1.4369994929827983,0.707660973072052
21,2,29,-0.14224106656428712,0.6856748849765636,0.6638592481613159
21,2,30,0.10576899821446992,1.5464156980322499,0.7179849147796631
21,2,31,-0.03282486151483549,0.8607408130556862,0.6745988726615906
21,2,32,0.07659134353461615,1.6558319030817015,0.7339572310447693
22,1,0,0.3342337109533755,-1.3332619458909376,0.9984476566314696
22,1,1,0.29750473172772984,-1.406719904342229,0.9982399940490724
22,1,2,0.29750473172772984,-1.406719904342229,0.9980160593986512
22,1,3,0.2901589358826007,-1.414065700187358,0.998426914215088
22,1,4,0.2901589358826007,-1.406719904342229,0.9982285499572754
22,1,5,0.2754673441923425,-1.414065700187358,0.9978405833244324
22,1,6,0.2607757525020842,-1.421411496032487,0.9982414841651917
22,1,7,0.23873836496669681,-1.3993741084970996,0.9970945715904236
22,1,8,0.18731779405079288,-1.406719904342229,0.9977314472198486
22,1,9,0.29750473172772984,-1.252458191594517,0.9977127313613892
22,1,10,0.2828131400374716,-1.2598039874396463,0.9978521466255188
22,1,11,0.12855142728975982,-0.965972153634481,0.999032497406006
22,1,12,-0.04040187714821023,-1.032084316240643,0.9987537264823914
22,1,13,0.09916824390924328,-0.4591122403205708,0.5296225547790527
22,1,14,-0.1652804065154055,-0.5178786070816038,0.6053051948547363
22,1,15,0.31954211926311726,-0.37830848602415035,0.6096694469451904
22,1,16,0.31954211926311726,-0.583990769687766,0.7060844302177429
22,1,17,0.4370748527851834,-0.31219632341798814,0.6173938512802124
22,1,18,0.4370748527851834,-0.6280655447585408,0.7089231014251709
22,1,19,0.47380383201082904,-0.36361689433389205,0.61735999584198
22,1,20,0.4444206486303125,-0.745598278280607,0.7094724178314209
22,1,21,0.41503746524979596,-0.38565428186927947,0.6013529896736145
22,1,22,0.40769166940466683,-0.7309066865903486,0.6994598507881165
22,1,23,0.09182244806411416,-0.003672897922564566,0.9937554597854614
22,1,24,-0.09182244806411416,0.003672897922564566,0.9925760626792908
22,1,25,0.2607757525020842,0.6280655447585408,0.6315494775772095
22,1,26,0.304850527572859,0.7309066865903486,0.7341440320014954
22,1,27,-0.062439264683597624,0.965972153634481,0.6080349087715149
22,1,28,0.12120563144463069,1.3920283126519706,0.7152711153030396
22,1,29,-0.1652804065154055,0.7309066865903486,0.646649181842804
22,1,30,0.011018693767693698,1.4875236586386493,0.7210846543312073
22,1,31,0.12120563144463069,0.9218973785637061,0.663962185382843
22,1,32,0.41503746524979596,1.6564769630766194,0.7396400570869446
22,2,0,-0.08413852109876022,-1.3498745341496747,0.9985092282295228
22,2,1,-0.09877130737680546,-1.423038465539901,0.9983115196228028
22,2,2,-0.09877130737680546,-1.423038465539901,0.99809592962265
22,2,3,-0.09877130737680546,-1.423038465539901,0.9984723925590516
22,2,4,-0.12072048679387334,-1.423038465539901,0.9982661604881288
22,2,5,-0.12803687993289598,-1.4303548586789236,0.9978846311569214
22,2,6,-0.14266966621094124,-1.4376712518179462,0.9982433915138244
22,2,7,-0.06218934168169233,-1.4084056792618558,0.997289538383484
22,2,8,-0.12803687993289598,-1.423038465539901,0.9977085590362548
22,2,9,-0.09145491423778285,-1.2693942096204258,0.9978569149971008
22,2,10,-0.11340409365485073,-1.2767106027594484,0.9978109002113342
22,2,11,0.09145491423778285,-0.9767384840595208,0.9990890622138976
22,2,12,-0.19388441818409963,-1.0206368428936565,0.998831570148468
22,2,13,0.1060877005158281,-0.4353253917718463,0.5751655101776123
22,2,14,-0.2889975289913938,-0.5231221094401178,0.5681707262992859
22,2,15,-0.054872948542669706,-0.4060598192157558,0.6458345651626587
22,2,16,-0.1573024524889865,-0.6036024339693667,0.689370334148407
22,2,17,-0.018290982847556567,-0.3402122809645522,0.6501802802085876
22,2,18,-0.2889975289913938,-0.618235220247412,0.6955129504203796
22,2,19,0.010974589708533941,-0.3914270329377106,0.6496260762214661
22,2,20,-0.3475286741035748,-0.7206647241937287,0.6962869763374329
22,2,21,0.018290982847556567,-0.42069260549380105,0.6328727006912231
22,2,22,-0.31094670840846167,-0.7133483310547062,0.6867287158966064
22,2,23,0.11340409365485073,-0.003658196569511314,0.9940926432609558
22,2,24,-0.11340409365485073,0.003658196569511314,0.9931952953338624
22,2,25,-0.09877130737680546,0.4499581780498916,0.6547528505325317
22,2,26,-0.1353532730719186,0.7206647241937287,0.7483676671981812
22,2,27,-0.09877130737680546,0.3987434260767332,0.5738803744316101
22,2,28,0.018290982847556567,1.4157220724008783,0.7251977324485779
22,2,29,-0.06218934168169233,0.36947785352064266,0.6309914588928223
22,2,30,0.09877130737680546,1.5254679694862179,0.7365427017211914
22,2,31,-0.12072048679387334,0.47190735746695944,0.6307933926582336
22,2,32,0.054872948542669706,1.6498466528496025,0.7419579029083252
23,1,0,0.3161572412370129,-1.3491826457439968,0.9986379742622375
23,1,1,0.2867472653079884,-1.4227075855665579,0.9984430074691772
23,1,2,0.2793947713257323,-1.4227075855665579,0.998245120048523
23,1,3,0.2720422773434762,-1.430060079548814,0.9985939860343932
23,1,4,0.2720422773434762,-1.4227075855665579,0.9984114170074464
23,1,5,0.25733728937896394,-1.430060079548814,0.9980628490447998
23,1,6,0.24263230141445172,-1.43741257353107,0.9983952045440674
23,1,7,0.2205748194676834,-1.4080025976020456,0.9974921345710754
23,1,8,0.18381234955640283,-1.4227075855665579,0.9979077577590942
23,1,9,0.2720422773434762,-1.2683052119391796,0.9980335235595704
23,1,10,0.25733728937896394,-1.2756577059214356,0.99801504611969
23,1,11,0.08822992778707335,-0.9815579466311911,0.9991173148155212
23,1,12,-0.06617244584030502,-1.0183204165424717,0.9989404678344728
23,1,13,0.10293491575158559,-0.4742358618555193,0.5313583016395569
23,1,14,-0.1691073615918906,-0.4668833678732632,0.6102839112281799
23,1,15,0.36762469911280565,-0.4080634160152143,0.6189950704574585
23,1,16,0.3382147231837812,-0.5330558137135682,0.7180041074752808
23,1,17,0.4999695907934157,-0.3639484521216776,0.6285964846611023
23,1,18,0.47055961486439124,-0.5257033197313121,0.7220393419265747
23,1,19,0.5146745787579279,-0.43747339194423873,0.6289745569229126
23,1,20,0.47791210884664737,-0.6801056933586904,0.7223820686340332
23,1,21,0.4632071208821351,-0.4668833678732632,0.6112880706787109
23,1,22,0.4411496389353668,-0.7021631753054588,0.7117127180099487
23,1,23,0.022057481946768338,-0.0036762469911280566,0.9940637946128844
23,1,24,-0.022057481946768338,0.0036762469911280566,0.9935983419418336
23,1,25,0.08822992778707335,0.5698182836248488,0.6375776529312134
23,1,26,0.3529197111482934,0.7095156692877149,0.7691014409065247
23,1,27,-0.20586983150317117,1.2756577059214356,0.5959685444831848
23,1,28,0.3749771930950618,1.4741750434423506,0.7492020130157471
23,1,29,-0.3602722051305495,1.4447650675133261,0.6484833359718323
23,1,30,0.34556721716603733,1.6138724291052169,0.758329451084137
23,1,31,0.029409975929024453,1.363887633708509,0.6506575345993042
23,1,32,0.7499543861901236,1.6726923809632657,0.7629287242889404
23,2,0,-0.17088567966091425,-1.3633705312077289,0.9987395405769348
23,2,1,-0.1485962431834037,-1.4376686527994307,0.998567759990692
23,2,2,-0.13373661886506333,-1.4376686527994307,0.9983865022659302
23,2,3,-0.12630680670589314,-1.4376686527994307,0.9987019896507264
23,2,4,-0.15602605534257388,-1.4376686527994307,0.9985401630401612
23,2,5,-0.1485962431834037,-1.445098464958601,0.9982255101203918
23,2,6,-0.1485962431834037,-1.445098464958601,0.9985301494598388
23,2,7,-0.05943849727336147,-1.4228090284810904,0.997723400592804
23,2,8,-0.10401737022838257,-1.4376686527994307,0.9980871677398682
23,2,9,-0.12630680670589314,-1.2816425974568568,0.998207688331604
23,2,10,-0.1411664310242335,-1.289072409616027,0.9981600642204284
23,2,11,0.10401737022838257,-0.9770202989308793,0.9991757273674012
23,2,12,-0.17831549182008444,-1.0215991718859003,0.998982846736908
23,2,13,0.05200868511419129,-0.4272141991522856,0.5766699314117432
23,2,14,-0.3863502322768496,-0.48665269642564707,0.566430389881134
23,2,15,-0.2377539890934459,-0.44207382347062596,0.6511873602867126
23,2,16,-0.32691173500348814,-0.5460911936990086,0.6757280230522156
23,2,17,-0.3863502322768496,-0.4272141991522856,0.6551334261894226
23,2,18,-0.4606483538685514,-0.5609508180173489,0.6802588105201721
23,2,19,-0.3863502322768496,-0.5089421329031576,0.6548725366592407
23,2,20,-0.4680781660277216,-0.6798278125640719,0.6805807948112488
23,2,21,-0.34920117148099866,-0.5163719450623279,0.6344903111457825
23,2,22,-0.4234992930727005,-0.6946874368824122,0.6714646220207214
23,2,23,0.08172793375087203,-0.003714906079585092,0.9931658506393432
23,2,24,-0.08172793375087203,0.003714906079585092,0.9926321506500244
23,2,25,-0.17088567966091425,0.7541259341557737,0.6578027606010437
23,2,26,0.022289436477510555,0.7318364976782632,0.7169750928878784
23,2,27,-0.18574530397925462,1.489677337913622,0.6088182926177979
23,2,28,0.07429812159170185,1.445098464958601,0.7010924220085144
23,2,29,-0.18574530397925462,1.7125717026887275,0.6525204181671143
23,2,30,0.12630680670589314,1.5936947081420045,0.7214637994766235
23,2,31,-0.4755079781868918,1.6382735810970257,0.6549505591392517
23,2,32,-0.06686830943253166,1.6679928297337063,0.7187032699584961
24,1,0,0.3027906756148324,-1.3461416783358213,0.998810648918152
24,1,1,0.2809021930402662,-1.4191032869177087,0.9986339211463928
24,1,2,0.2809021930402662,-1.4191032869177087,0.9984701871871948
24,1,3,0.2736060321820775,-1.4263994477758974,0.9987658858299256
24,1,4,0.2663098713238888,-1.4191032869177087,0.9986127018928528
24,1,5,0.25901371046570004,-1.4263994477758974,0.9983238577842712
24,1,6,0.24442138874932257,-1.433695608634086,0.9986174702644348
24,1,7,0.21523674531656764,-1.41180712605952,0.997829258441925
24,1,8,0.1860521018838127,-1.4191032869177087,0.9982186555862428
24,1,9,0.28819835389845494,-1.273180069753934,0.9983068704605104
24,1,10,0.2736060321820775,-1.273180069753934,0.998307168483734
24,1,11,0.0766096890109817,-0.9813336354263846,0.9991090893745422
24,1,12,-0.018240402145471832,-1.0178144397173283,0.999074637889862
24,1,13,-0.062017367294604234,-0.4560100536367958,0.5236265659332275
24,1,14,-0.11309049330192536,-0.46330621449498455,0.6075854301452637
24,1,15,0.19334826274200143,-0.3538638016221536,0.5919237732887268
24,1,16,0.34656764076396485,-0.4924908579277395,0.6974920034408569
24,1,17,0.2663098713238888,-0.3392714799057761,0.5977070927619934
24,1,18,0.477898536211362,-0.477898536211362,0.6979517936706543
24,1,19,0.31008683647302115,-0.3903446059130972,0.5976230502128601
24,1,20,0.49978701878592824,-0.5654524665096268,0.697438657283783
24,1,21,0.2736060321820775,-0.4560100536367958,0.5790632963180542
24,1,22,0.4560100536367958,-0.587340949084193,0.6840670704841614
24,1,23,0.0036480804290943665,-0.0036480804290943665,0.993199110031128
24,1,24,-0.0036480804290943665,0.0036480804290943665,0.9931424260139464
24,1,25,0.025536563003660567,0.7259680053897789,0.6464705467224121
24,1,26,0.368456123338531,0.7113756836734015,0.742598295211792
24,1,27,-0.17875594102562398,1.4263994477758974,0.6322625279426575
24,1,28,0.43412157106222965,1.5066572172159733,0.7287408113479614
24,1,29,-0.3027906756148324,1.5869149866560495,0.6721744537353516
24,1,30,0.37575228419671974,1.630691951805182,0.7457881569862366
24,1,31,0.04012888472003803,1.513953378074162,0.6763135194778442
24,1,32,0.7624488096807226,1.6379881126633706,0.743441104888916
24,2,0,-0.14073977545066663,-1.370360971493333,0.9988682866096495
24,2,1,-0.11111034903999997,-1.4444345375199996,0.998721957206726
24,2,2,-0.1037029924373333,-1.4444345375199996,0.9985722303390504
24,2,3,-0.0814809226293333,-1.4518418941226663,0.998836874961853
24,2,4,-0.12592506224533329,-1.4444345375199996,0.9987027049064636
24,2,5,-0.12592506224533329,-1.4518418941226663,0.9984436631202698
24,2,6,-0.11851770564266663,-1.459249250725333,0.9987134337425232
24,2,7,-0.007407356602666664,-1.4296198243146663,0.9980169534683228
24,2,8,-0.04444413961599999,-1.437027180917333,0.9983351230621338
24,2,9,-0.09629563583466663,-1.2888800488639995,0.9984384179115297
24,2,10,-0.11851770564266663,-1.2962874054666662,0.9983891248703004
24,2,11,0.17777655846399995,-0.9851784281546664,0.9991481900215148
24,2,12,-0.18518391506666662,-1.014807854565333,0.9990367889404296
24,2,13,-0.037036783013333324,-0.39999725654399987,0.5677008032798767
24,2,14,-0.25185012449066657,-0.4814781791733332,0.552490234375
24,2,15,-0.2740721942986666,-0.4518487527626665,0.6164155602455139
24,2,16,-0.25925748109333324,-0.5111076055839998,0.6365529894828796
24,2,17,-0.4148119697493332,-0.4740708225706665,0.6137648224830627
24,2,18,-0.39999725654399987,-0.5037002489813331,0.6393565535545349
24,2,19,-0.40740461314666654,-0.5333296753919998,0.6129594445228577
24,2,20,-0.40740461314666654,-0.5925885282133332,0.639008641242981
24,2,21,-0.3555531169279999,-0.5555517451999998,0.5885657072067261
24,2,22,-0.34073840372266656,-0.6148105980213332,0.6275274753570557
24,2,23,0.11111034903999997,-0.007407356602666664,0.9928334355354308
24,2,24,-0.11111034903999997,0.007407356602666664,0.9926879405975342
24,2,25,-0.19999862827199993,0.770365086677333,0.6722169518470764
24,2,26,0.059258852821333315,0.7185135904586665,0.6994650363922119
24,2,27,-0.22222069807999995,1.5925816695733328,0.6596605777740479
24,2,28,0.19999862827199993,1.5185081035466663,0.7133002877235413
24,2,29,-0.19999862827199993,1.7036920186133329,0.6918407678604126
24,2,30,0.2296280546826666,1.6444331657919995,0.7336026430130005
24,2,31,-0.5111076055839998,1.7185067318186662,0.697922945022583
24,2,32,0.0,1.6592478789973328,0.7314416170120239
25,1,0,0.28152241252747906,-1.357082398850412,0.9989603757858276
25,1,1,0.24542979553677663,-1.4220491094336765,0.9988251328468324
25,1,2,0.23821127213863613,-1.4292676328318168,0.9986883997917176
25,1,3,0.23099274874049566,-1.4292676328318168,0.9989303350448608
25,1,4,0.23821127213863613,-1.4220491094336765,0.9988064169883728
25,1,5,0.23099274874049566,-1.4292676328318168,0.9985698461532592
25,1,6,0.21655570194421467,-1.4364861562299573,0.9988203644752502
25,1,7,0.1876816083516527,-1.414830586035536,0.9981741905212402
25,1,8,0.17324456155537174,-1.414830586035536,0.9984812140464784
25,1,9,0.2526483189349171,-1.2776786414708665,0.998565137386322
25,1,10,0.24542979553677663,-1.2776786414708665,0.9985350966453552
25,1,11,-0.043311140388842935,-0.9889377055452471,0.9991750717163086
25,1,12,0.0,-1.0105932757396685,0.999126672744751
25,1,13,-0.10827785097210733,-0.44754845068471033,0.5178238749504089
25,1,14,-0.057748187185123916,-0.45476697408285083,0.5947016477584839
25,1,15,0.0072185233981404895,-0.42589288049028884,0.5633267164230347
25,1,16,0.339270599712603,-0.5269522080642557,0.6632832884788513
25,1,17,0.12271489776838831,-0.4186743570921484,0.5628299713134766
25,1,18,0.4692040208791318,-0.5125151612679747,0.660926103591919
25,1,19,0.1299334211665288,-0.48364106767541276,0.5624338984489441
25,1,20,0.4619854974809913,-0.5991374420456607,0.6596382260322571
25,1,21,0.17324456155537174,-0.5486077782586772,0.5406174659729004
25,1,22,0.42589288049028884,-0.6280115356382225,0.6453461050987244
25,1,23,-0.050529663786983425,-0.0072185233981404895,0.9929916858673096
25,1,24,0.050529663786983425,0.0072185233981404895,0.993163287639618
25,1,25,0.028874093592561958,0.721852339814049,0.6484838724136353
25,1,26,0.3464891231107435,0.721852339814049,0.7214330434799194
25,1,27,-0.18046308495351224,1.4509232030262382,0.6671728491783142
25,1,28,0.44754845068471033,1.5231084370076433,0.7366150617599487
25,1,29,-0.30317798272190055,1.5880751475909076,0.697109043598175
25,1,30,0.3898002634995864,1.6458233347760316,0.7535602450370789
25,1,31,-0.043311140388842935,1.551982530600205,0.7064332365989685
25,1,32,0.7362893866103299,1.638604811377891,0.7515077590942383
25,2,0,-0.18517927674355728,-1.3688742614180607,0.9990519285202026
25,2,1,-0.15613154705829338,-1.4342316532099044,0.99893057346344
25,2,2,-0.14886961463697743,-1.4414935856312203,0.9988067746162416
25,2,3,-0.13434574979434546,-1.4414935856312203,0.9990236759185792
25,2,4,-0.17065541190092534,-1.4342316532099044,0.9989151358604432
25,2,5,-0.17065541190092534,-1.4414935856312203,0.998702585697174
25,2,6,-0.17065541190092534,-1.4487555180525362,0.9989290237426758
25,2,7,-0.11982188495171353,-1.4197077883672724,0.9983489513397216
25,2,8,-0.14886961463697743,-1.4269697207885883,0.9986212849617004
25,2,9,-0.14160768221566145,-1.288993004783585,0.9987014532089232
25,2,10,-0.17065541190092534,-1.288993004783585,0.9986669421195984
25,2,11,0.09077415526644965,-0.9839918430883141,0.9992304444313048
25,2,12,-0.1997031415861892,-1.013039572773578,0.9991745948791504
25,2,13,0.010892898631973957,-0.4102991818043524,0.5642328858375549
25,2,14,-0.257798600956717,-0.4756565735961961,0.5479257702827454
25,2,15,-0.3594656548551406,-0.46839464117488017,0.5993826389312744
25,2,16,-0.31589406032724476,-0.5337520329667239,0.6199010610580444
25,2,17,-0.46839464117488017,-0.4538707763322482,0.5943722128868103
25,2,18,-0.4538707763322482,-0.50470430328146,0.6212796568870544
25,2,19,-0.48291850601751213,-0.511966235702776,0.5934429168701172
25,2,20,-0.4538707763322482,-0.5700616950733037,0.6208807229995728
25,2,21,-0.4320849790683003,-0.5627997626519878,0.5693721771240234
25,2,22,-0.39577531696172047,-0.5991094247585677,0.6083694100379944
25,2,23,0.06172642558118576,-0.0036309662106579856,0.9931540489196776
25,2,24,-0.06172642558118576,0.0036309662106579856,0.9932320713996888
25,2,25,-0.257798600956717,0.7588719380275191,0.6777753233909607
25,2,26,-0.0036309662106579856,0.7225622759209391,0.6813910007476807
25,2,27,-0.31589406032724476,1.5867322340575398,0.693528950214386
25,2,28,0.1270838173730295,1.51411290984438,0.7221152186393738
25,2,29,-0.3812514521190885,1.6883992879559633,0.718349814414978
25,2,30,0.21422700642882117,1.6448276934280674,0.7468332648277283
25,2,31,-0.5627997626519878,1.6883992879559633,0.7276341319084167
25,2,32,-0.09803608768776562,1.6230418961641195,0.7439649701118469
26,1,0,0.24908508529846943,-1.3521761773345484,0.9991020560264589
26,1,1,0.21350150168440238,-1.4233433445626824,0.9989851713180542
26,1,2,0.21350150168440238,-1.4233433445626824,0.998867690563202
26,1,3,0.20638478496158896,-1.4304600612854959,0.9990705847740172
26,1,4,0.20638478496158896,-1.4233433445626824,0.9989709854125975
26,1,5,0.19215135151596213,-1.4233433445626824,0.9987733364105223
26,1,6,0.18503463479314872,-1.4304600612854959,0.9989933967590332
26,1,7,0.14945105117908167,-1.4091099111170555,0.99841970205307
26,1,8,0.12810090101064142,-1.4091099111170555,0.9987204670906068
26,1,9,0.22773493513002918,-1.2810090101064142,0.9987722635269164
26,1,10,0.21350150168440238,-1.2810090101064142,0.99877268075943
26,1,11,-0.007116716722813412,-0.9821069077482509,0.99921452999115
26,1,12,-0.021350150168440236,-1.017690491362318,0.9992473721504213
26,1,13,-0.07828388395094753,-0.4625865869828718,0.5144360661506653
26,1,14,-0.08540060067376094,-0.47682002042849864,0.5912097692489624
26,1,15,0.120984184287828,-0.44123643681443153,0.54730224609375
26,1,16,0.3060188190809767,-0.5835707712706998,0.650150716304779
26,1,17,0.20638478496158896,-0.43411972009161814,0.5451458096504211
26,1,18,0.42700300336880476,-0.5622206211022596,0.6477234363555908
26,1,19,0.24908508529846943,-0.47682002042849864,0.5444763898849487
26,1,20,0.44123643681443153,-0.6405045050532071,0.6464450359344482
26,1,21,0.21350150168440238,-0.5479871876566328,0.5230473279953003
26,1,22,0.4056528532003645,-0.6618546552216473,0.6313822269439697
26,1,23,-0.04981701705969389,-0.007116716722813412,0.9932175278663636
26,1,24,0.04981701705969389,0.007116716722813412,0.9936254620552064
26,1,25,-0.007116716722813412,0.7259051057269681,0.6558513045310974
26,1,26,0.2917853856353499,0.7330218224497814,0.7063854336738586
26,1,27,-0.2348516518528426,1.4731603616223763,0.6985130906105042
26,1,28,0.38430270303192426,1.5087439452364433,0.7437788844108582
26,1,29,-0.3344856859722304,1.6012612626330178,0.7200290560722351
26,1,30,0.32736896924941694,1.6297281295242714,0.7645129561424255
26,1,31,-0.07116716722813413,1.551444245573324,0.7322261929512024
26,1,32,0.6476212217760206,1.622611412801458,0.7614176273345947
26,2,0,-0.18394299824216773,-1.3777691240883934,0.9991522431373596
26,2,1,-0.14787574368487993,-1.449903633202969,0.999045431613922
26,2,2,-0.13344884186196482,-1.4571170841144265,0.9989382028579712
26,2,3,-0.12623539095050726,-1.4571170841144265,0.9991247057914734
26,2,4,-0.16230264550779505,-1.449903633202969,0.999034583568573
26,2,5,-0.16230264550779505,-1.4571170841144265,0.9988553524017334
26,2,6,-0.16230264550779505,-1.4571170841144265,0.999058961868286
26,2,7,-0.10459503821613458,-1.4354767313800538,0.9985449314117432
26,2,8,-0.13344884186196482,-1.4354767313800538,0.9987912774086
26,2,9,-0.14066229277342238,-1.3056346149738178,0.9988685250282288
26,2,10,-0.16230264550779505,-1.3056346149738178,0.9988341331481934
26,2,11,0.10459503821613458,-0.9882427748696854,0.9992650151252748
26,2,12,-0.19115644915362526,-1.009883127604058,0.9992311596870422
26,2,13,0.06131433274738924,-0.42559360377599587,0.5613153576850891
26,2,14,-0.24165060553382817,-0.49772811289057145,0.5412763953208923
26,2,15,-0.342638918294234,-0.4616608583332837,0.585695207118988
26,2,16,-0.30657166373694617,-0.4616608583332837,0.597942590713501
26,2,17,-0.47969448561192757,-0.440020505598911,0.5791202783584595
26,2,18,-0.47969448561192757,-0.41116670195308075,0.5973595380783081
26,2,19,-0.4869079365233851,-0.4905146619791139,0.5779176950454712
26,2,20,-0.4869079365233851,-0.48330121106765633,0.5968043804168701
26,2,21,-0.4364137801431822,-0.5337953674478593,0.5541455149650574
26,2,22,-0.41477342740880957,-0.504941563802029,0.5839970707893372
26,2,23,0.07574123457030435,0.0,0.9933026432991028
26,2,24,-0.07574123457030435,0.0,0.993353545665741
26,2,25,-0.29214476191403105,0.7718392475259587,0.680381178855896
26,2,26,-0.018033627278643893,0.7357719929686709,0.6713688373565674
26,2,27,-0.38591962376297934,1.5869592005206625,0.7213744521141052
26,2,28,0.12623539095050726,1.5076112404946296,0.7309132814407349
26,2,29,-0.4869079365233851,1.6879475132810684,0.736024796962738
26,2,30,0.2344371546223706,1.630239905989408,0.7563332319259644
26,2,31,-0.5662558965494182,1.6879475132810684,0.7496532797813416
26,2,32,-0.010820176367186336,1.56531884778629,0.7530220746994019
27,1,0,0.24997520702131057,-1.3519785844532854,0.9991973638534546
27,1,1,0.22180898651186712,-1.4223941357268939,0.9990942478179932
27,1,2,0.21476743138450627,-1.429435690854255,0.9989919662475586
27,1,3,0.21476743138450627,-1.429435690854255,0.999168872833252
27,1,4,0.20772587625714542,-1.4223941357268939,0.9990831017494202
27,1,5,0.20068432112978454,-1.4223941357268939,0.9989169836044312
27,1,6,0.18660121087506282,-1.429435690854255,0.9991151094436646
27,1,7,0.16547654549298024,-1.4083110254721722,0.9986088275909424
27,1,8,0.1373103249835368,-1.4083110254721722,0.998876929283142
27,1,9,0.228850541639228,-1.2886045883070376,0.998931050300598
27,1,10,0.21476743138450627,-1.2886045883070376,0.9989238381385804
27,1,11,-0.017603887818402154,-0.9858177178305205,0.9992418885231018
27,1,12,-0.010562332691041293,-1.013983938339964,0.9992994666099548
27,1,13,-0.0809778839646499,-0.47882574866053856,0.5109900832176208
27,1,14,-0.05985321858256732,-0.48586730378789944,0.5853018164634705
27,1,15,0.06689477370992818,-0.42953486276901254,0.5342181921005249
27,1,16,0.3133492031675583,-0.5633244101888689,0.631812334060669
27,1,17,0.13026876985617594,-0.41545175251429084,0.5305379033088684
27,1,18,0.43305564033269295,-0.5421997448067863,0.6282755732536316
27,1,19,0.17955965574770197,-0.46474263840581687,0.5296212434768677
27,1,20,0.4400971954600538,-0.6266984063351166,0.6270620822906494
27,1,21,0.14435188011089767,-0.5210750794247038,0.5083705186843872
27,1,22,0.4048894198232495,-0.6407815165898384,0.6118547320365906
27,1,23,-0.045770108327845595,0.0,0.993391752243042
27,1,24,0.045770108327845595,0.0,0.9937491416931152
27,1,25,0.0035207775636804306,0.7393632883728904,0.6552850008010864
27,1,26,0.29222453778547575,0.7252801781181687,0.6973695755004883
27,1,27,-0.22180898651186712,1.464643466491059,0.7221261262893677
27,1,28,0.3837647544411669,1.4928096870005025,0.752303421497345
27,1,29,-0.3274323134222801,1.5843499036561939,0.7352372407913208
27,1,30,0.3274323134222801,1.619557679292998,0.7734517455101013
27,1,31,-0.03872855320048474,1.5632252382741112,0.7524040937423706
27,1,32,0.6583854044082406,1.5913914587835547,0.7708033323287964
27,2,0,-0.19342418384774382,-1.3754608629172893,0.9992037415504456
27,2,1,-0.15760489054260607,-1.4542633081885923,0.9991112351417542
27,2,2,-0.14327717322055097,-1.4542633081885923,0.999017596244812
27,2,3,-0.12894945589849588,-1.4542633081885923,0.9991840124130248
27,2,4,-0.17193260786466116,-1.4542633081885923,0.9991033673286438
27,2,5,-0.17193260786466116,-1.4542633081885923,0.9989508986473083
27,2,6,-0.16476874920363363,-1.4542633081885923,0.9991378784179688
27,2,7,-0.10029402125438568,-1.4327717322055098,0.9986953735351562
27,2,8,-0.1361133145595234,-1.4327717322055098,0.9988885521888732
27,2,9,-0.15044103188157854,-1.3038222763070137,0.998990535736084
27,2,10,-0.17193260786466116,-1.3038222763070137,0.9989292621612548
27,2,11,0.11462173857644078,-0.9814486365607742,0.999263882637024
27,2,12,-0.18626032518671626,-1.017267929865912,0.9992549419403076
27,2,13,0.07163858661027549,-0.4298315196616529,0.5577103495597839
27,2,14,-0.25789891179699176,-0.5157978235939835,0.5342937707901001
27,2,15,-0.365356791712405,-0.444159236983708,0.5710699558258057
27,2,16,-0.35819293305137745,-0.4011760850175427,0.5792521834373474
27,2,17,-0.5014701062719285,-0.42266766100062536,0.5618478655815125
27,2,18,-0.49430624761090086,-0.4369953783226805,0.5779252052307129
27,2,19,-0.508633964932956,-0.47997853028884574,0.5603528618812561
27,2,20,-0.49430624761090086,-0.48714238894987333,0.5774136781692505
27,2,21,-0.4656508129667907,-0.508633964932956,0.5355235934257507
27,2,22,-0.4298315196616529,-0.522961682255011,0.5645363926887512
27,2,23,0.08596630393233058,0.0,0.9932125210762024
27,2,24,-0.08596630393233058,0.0,0.9933239817619324
27,2,25,-0.22924347715288157,0.7665328767299477,0.6742551922798157
27,2,26,-0.028655434644110196,0.73071358342481,0.6569004058837891
27,2,27,-0.45132309564473555,1.5617211881040056,0.7376174330711365
27,2,28,0.12178559723746833,1.5115741774768128,0.7298311591148376
27,2,29,-0.3438652157293223,1.6763429266804464,0.7450592517852783
27,2,30,0.22924347715288157,1.6333597747142812,0.7565985918045044
27,2,31,-0.5516171168991213,1.683506785341474,0.7620447874069214
27,2,32,-0.021491575983082645,1.5617211881040056,0.7524744868278503
28,1,0,0.2062621878774828,-1.3319642979884907,0.9991644620895386
28,1,1,0.18528637216112862,-1.4018836837096713,0.9990189075469972
28,1,2,0.18528637216112862,-1.4088756222817893,0.9989025592803956
28,1,3,0.17829443358901056,-1.4088756222817893,0.9990893602371216
28,1,4,0.1713024950168925,-1.4018836837096713,0.9990455508232116
28,1,5,0.15731861787265639,-1.4018836837096713,0.998895525932312
28,1,6,0.14333474072842026,-1.4088756222817893,0.9991095066070556
28,1,7,0.14333474072842026,-1.387899806565435,0.998457968235016
28,1,8,0.10138310929571188,-1.387899806565435,0.998891830444336
28,1,9,0.1922783107332467,-1.26204491226731,0.9989253878593444
28,1,10,0.1713024950168925,-1.269036850839428,0.9989588260650636
28,1,11,0.0454476007187674,-0.9683834922383515,0.9990899562835692
28,1,12,-0.0804072935793577,-1.031310939387414,0.9993129968643188
28,1,13,0.0034959692860590304,-0.47195585361796916,0.506282389163971
28,1,14,-0.11536698643994801,-0.48593973076220526,0.5796635150909424
28,1,15,0.2412218807380731,-0.47195585361796916,0.5247318148612976
28,1,16,0.2971573893150176,-0.5558591164833858,0.6178971529006958
28,1,17,0.346100959319844,-0.4439880993294969,0.5201058387756348
28,1,18,0.43000422218526074,-0.5628510550555039,0.6144018769264221
28,1,19,0.4090284064689066,-0.5488671779112678,0.5191228985786438
28,1,20,0.4439880993294969,-0.6327704407766845,0.6133140325546265
28,1,21,0.38106065218043433,-0.5838268707718581,0.496432214975357
28,1,22,0.39504452932467043,-0.6467543179209206,0.5984513163566589
28,1,23,0.031463723574531276,-0.0034959692860590304,0.992348611354828
28,1,24,-0.031463723574531276,0.0034959692860590304,0.9929965138435364
28,1,25,0.017479846430295154,0.7656172736469277,0.6450087428092957
28,1,26,0.19927024930536474,0.7376495193584555,0.680472731590271
28,1,27,-0.2412218807380731,1.485786946575088,0.7302327752113342
28,1,28,0.23422994216595505,1.5137547008635603,0.7469881176948547
28,1,29,-0.339109020747726,1.604649902301095,0.7407234311103821
28,1,30,0.1922783107332467,1.6186337794453312,0.7693138718605042
28,1,31,-0.10837504786782995,1.6116418408732132,0.7593153715133667
28,1,32,0.4929316693343233,1.6256257180174492,0.7656077742576599
28,2,0,-0.19403257079462852,-1.369007582828768,0.9992367029190063
28,2,1,-0.15091422172915553,-1.4408714979378896,0.9990988969802856
28,2,2,-0.1581006132400677,-1.4408714979378896,0.9989935159683228
28,2,3,-0.15091422172915553,-1.4480578894488019,0.999164879322052
28,2,4,-0.17247339626189204,-1.4408714979378896,0.9991241097450256
28,2,5,-0.1796597877728042,-1.4408714979378896,0.9989870190620422
28,2,6,-0.18684617928371636,-1.4480578894488019,0.9991815686225892
28,2,7,-0.07905030662003384,-1.4193123234051532,0.998592972755432
28,2,8,-0.15091422172915553,-1.4264987149160653,0.9989661574363708
28,2,9,-0.1581006132400677,-1.2971436677196462,0.9990220069885254
28,2,10,-0.18684617928371636,-1.2971436677196462,0.9990334510803224
28,2,11,0.10779587266368251,-0.9881288327504231,0.9991708397865297
28,2,12,-0.2012189623055407,-1.0096880072831595,0.9993306994438172
28,2,13,0.12935504719641902,-0.4491494694320105,0.5551282167434692
28,2,14,-0.2658964859037502,-0.49226781849748347,0.5467336177825928
28,2,15,-0.2802692689255745,-0.3772855543228888,0.5701804757118225
28,2,16,-0.4024379246110814,-0.3772855543228888,0.5977124571800232
28,2,17,-0.4239970991438179,-0.30542163921376714,0.563876748085022
28,2,18,-0.5246065802965882,-0.2910488561919428,0.5932328104972839
28,2,19,-0.4671154482092909,-0.3557263797901523,0.5626392960548401
28,2,20,-0.5317929718075004,-0.3269808137465036,0.5935300588607788
28,2,21,-0.40962431612199357,-0.3916583373447131,0.5400949120521545
28,2,22,-0.47430183972020307,-0.3557263797901523,0.5811808109283447
28,2,23,0.11498226417459469,-0.003593195755456084,0.9929443001747132
28,2,24,-0.11498226417459469,0.003593195755456084,0.9934037327766418
28,2,25,-0.20840535381645287,0.7797234789339702,0.6757974028587341
28,2,26,-0.12935504719641902,0.7437915213794094,0.6720837950706482
28,2,27,-0.3305740095019597,1.584599328156133,0.7542309761047363
28,2,28,0.07905030662003384,1.5342945875797478,0.751348078250885
28,2,29,-0.2874556604364867,1.7283271583743762,0.760904848575592
28,2,30,0.19403257079462852,1.663649634776167,0.7730138897895813
28,2,31,-0.5533521463402369,1.7426999413962008,0.7790935039520264
28,2,32,-0.11498226417459469,1.6564632432652546,0.7714728713035583
29,1,0,0.2132854095263971,-1.3181737605156019,0.9992610812187196
29,1,1,0.19230651678609575,-1.388103402983273,0.9991146326065063
29,1,2,0.18531355253932863,-1.388103402983273,0.998998761177063
29,1,3,0.18531355253932863,-1.39509636723004,0.9991725087165833
29,1,4,0.1713276240457944,-1.388103402983273,0.9991512894630432
29,1,5,0.15734169555226016,-1.388103402983273,0.999019205570221
29,1,6,0.14335576705872594,-1.388103402983273,0.9992190599441528
29,1,7,0.16433465979902728,-1.3741174744897386,0.9985551834106444
29,1,8,0.10139798157812321,-1.3741174744897386,0.9990344047546388
29,1,9,0.19929948103286288,-1.2482441180479307,0.9990479350090028
29,1,10,0.1713276240457944,-1.2552370822946977,0.9990992546081544
29,1,11,0.08041908883782185,-0.9615325839304787,0.9990524053573608
29,1,12,-0.08741205308458898,-1.038455190644917,0.9993894100189208
29,1,13,0.08041908883782185,-0.4720250866567805,0.5053101181983948
29,1,14,-0.10839094582489033,-0.4790180509035476,0.5910103917121887
29,1,15,0.3321658017214381,-0.5699265861115201,0.5331805348396301
29,1,16,0.2902080162408354,-0.6048914073453557,0.6351054310798645
29,1,17,0.4510461939164791,-0.5699265861115201,0.5325953364372253
29,1,18,0.4160813726826435,-0.5839125146050543,0.6287069320678711
29,1,19,0.4720250866567805,-0.6468491928259584,0.5314698815345764
29,1,20,0.43006730117617775,-0.6608351213194926,0.6283425688743591
29,1,21,0.4160813726826435,-0.6538421570727255,0.5096843838691711
29,1,22,0.38111655144880796,-0.6748210498130269,0.6144628524780273
29,1,23,0.03846130335721915,-0.003496482123383559,0.9924975037574768
29,1,24,-0.03846130335721915,0.003496482123383559,0.9933540225028992
29,1,25,-0.04545426760398627,0.7797155135145337,0.650672972202301
29,1,26,0.1713276240457944,0.7447506922806981,0.6953446269035339
29,1,27,-0.24125726651346557,1.5279626879186152,0.7517150044441223
29,1,28,0.10839094582489033,1.5489415806589166,0.7674485445022583
29,1,29,-0.36013765870850656,1.6608290086071906,0.7604479193687439
29,1,30,0.024475374863684913,1.6398501158668892,0.7843537330627441
29,1,31,-0.19929948103286288,1.6748149371007248,0.778801441192627
29,1,32,0.2902080162408354,1.6957938298410262,0.7842733263969421
29,2,0,-0.26693414646091507,-1.3527068232816641,0.9993008375167848
29,2,1,-0.24529083728840845,-1.4248511871900196,0.9991511702537536
29,2,2,-0.23086196450673738,-1.4248511871900196,0.9990468621253968
29,2,3,-0.20921865533423073,-1.4320656235808553,0.9992094039916992
29,2,4,-0.26693414646091507,-1.4248511871900196,0.999184787273407
29,2,5,-0.27414858285175064,-1.4248511871900196,0.9990598559379578
29,2,6,-0.27414858285175064,-1.4320656235808553,0.9992411136627196
29,2,7,-0.11543098225336869,-1.3959934416266775,0.9986363649368286
29,2,8,-0.20200421894339518,-1.4104223144083485,0.9990179538726808
29,2,9,-0.2380764008975729,-1.2733480229824732,0.9991056323051452
29,2,10,-0.27414858285175064,-1.280562459373309,0.9991139769554138
29,2,11,0.057715491126684344,-0.9847705673490516,0.9991284012794496
29,2,12,-0.24529083728840845,-1.0064138765215582,0.9993581175804138
29,2,13,0.10821654586253314,-0.4509022744272214,0.5543225407600403
29,2,14,-0.3535073831509416,-0.49418889277223466,0.5658214688301086
29,2,15,-0.25250527367924397,-0.2633269282654973,0.5785743594169617
29,2,16,-0.6204415296118566,-0.32825685578301717,0.6272557973861694
29,2,17,-0.1659320369892175,-0.1623248187937997,0.5765883922576904
29,2,18,-0.7214436390835542,-0.2633269282654973,0.6183055639266968
29,2,19,-0.2885774556334217,-0.2272547463113196,0.5753380656242371
29,2,20,-0.7358725118652254,-0.27054136465633283,0.6194370985031128
29,2,21,-0.21643309172506628,-0.2561124918746618,0.5543774962425232
29,2,22,-0.692585893520212,-0.2849702374380039,0.6081831455230713
29,2,23,0.09378767308086206,-0.0036072181954177715,0.9929755330085754
29,2,24,-0.09378767308086206,0.0036072181954177715,0.9935961365699768
29,2,25,-0.2885774556334217,0.7971952211873274,0.6836891770362854
29,2,26,-0.1659320369892175,0.7683374756239852,0.6823272705078125
29,2,27,-0.3535073831509416,1.6268554061334148,0.7726826667785645
29,2,28,0.007214436390835543,1.5907832241792372,0.7682906985282898
29,2,29,-0.2885774556334217,1.7567152611684547,0.7792410254478455
29,2,30,0.07214436390835542,1.6773564608692637,0.7853901982307434
29,2,31,-0.6492992751751988,1.7567152611684547,0.7954149842262268
29,2,32,-0.20200421894339518,1.7422863883867836,0.785747766494751
30,1,0,0.2421217847795448,-1.307457637809542,0.9992618560791016
30,1,1,0.22136848894129812,-1.3766352906036976,0.9991021752357484
30,1,2,0.22136848894129812,-1.3766352906036976,0.998974084854126
30,1,3,0.22136848894129812,-1.3766352906036976,0.9991551041603088
30,1,4,0.20061519310305143,-1.3766352906036976,0.9991559386253356
30,1,5,0.19369742782363586,-1.3766352906036976,0.999020516872406
30,1,6,0.17986189726480473,-1.3766352906036976,0.9992244839668274
30,1,7,0.19369742782363586,-1.355881994765451,0.9984188675880432
30,1,8,0.13143754030889576,-1.355881994765451,0.9990467429161072
30,1,9,0.22136848894129812,-1.2382799850153863,0.999035120010376
30,1,10,0.20061519310305143,-1.2382799850153863,0.9991339445114136
30,1,11,0.11068424447064906,-0.9823226696770103,0.9989917278289796
30,1,12,-0.05534212223532453,-1.0169114960740882,0.9994038939476012
30,1,13,0.13143754030889576,-0.5119146306767519,0.5054780840873718
30,1,14,-0.09684871391181793,-0.4980791001179207,0.6083399057388306
30,1,15,0.35972379452960945,-0.6641054668238944,0.5498430728912354
30,1,16,0.2836283764560382,-0.6779409973827255,0.6628513932228088
30,1,17,0.477325804279674,-0.6848587626621411,0.5539734363555908
30,1,18,0.4081481514855184,-0.6986942932209722,0.6531076431274414
30,1,19,0.4842435695590896,-0.7540364154562967,0.5526978969573975
30,1,20,0.42198368204434955,-0.7678719460151279,0.6536471843719482
30,1,21,0.4358192126031807,-0.7471186501768812,0.5326186418533325
30,1,22,0.38047709036785615,-0.7678719460151279,0.6413264870643616
30,1,23,0.0415065916764934,0.0,0.9930051565170288
30,1,24,-0.0415065916764934,0.0,0.9935550689697266
30,1,25,0.06225988751474009,0.7609541807357123,0.6598737239837646
30,1,26,0.13143754030889576,0.7678719460151279,0.701876699924469
30,1,27,-0.15910860142655803,1.5426616573096712,0.7647495865821838
30,1,28,0.013835530558831133,1.5357438920302557,0.7781673669815063
30,1,29,-0.27671061117662266,1.6810169628979825,0.774045467376709
30,1,30,-0.06917765279415566,1.625674840662658,0.7897934317588806
30,1,31,-0.11760200975006461,1.660263667059736,0.7905808091163635
30,1,32,0.2697928458972071,1.6879347281773982,0.7942633032798767
30,2,0,-0.29867983821202543,-1.3282468099311249,0.9992822408676147
30,2,1,-0.26354103371649307,-1.3985244189221897,0.9991071224212646
30,2,2,-0.24948551191828008,-1.3985244189221897,0.9989973902702332
30,2,3,-0.22840222922096065,-1.3985244189221897,0.9991617798805236
30,2,4,-0.291652077312919,-1.3985244189221897,0.99915611743927
30,2,5,-0.291652077312919,-1.3985244189221897,0.9990332126617432
30,2,6,-0.291652077312919,-1.3985244189221897,0.9992155432701112
30,2,7,-0.13704133753257638,-1.3633856144266574,0.9984776973724364
30,2,8,-0.22137446832185415,-1.3774411362248704,0.9990107417106628
30,2,9,-0.2705687946155995,-1.25796920094006,0.9990737438201904
30,2,10,-0.30570759911113193,-1.25796920094006,0.9991169571876526
30,2,11,0.031624924045979164,-0.9909142867740138,0.9990732073783876
30,2,12,-0.2424577510191736,-0.9979420476731203,0.9993975162506104
30,2,13,0.1300135766334699,-0.49194326293745366,0.5545702576637268
30,2,14,-0.3830129690013032,-0.5059987847356666,0.5933254361152649
30,2,15,-0.18623566382632176,-0.24597163146872683,0.5941483378410339
30,2,16,-0.685206687662882,-0.32327700135889814,0.6687682271003723
30,2,17,-0.24948551191828008,-0.12649969618391665,0.5969728827476501
30,2,18,-0.7695398184521597,-0.2600271532669398,0.6547662019729614
30,2,19,-0.25651327281738656,-0.18974954427587498,0.5956578850746155
30,2,20,-0.7765675793512662,-0.2529993923678333,0.6569194197654724
30,2,21,-0.26354103371649307,-0.2248883487714074,0.5768119096755981
30,2,22,-0.7344010139566273,-0.27408267506515277,0.6469409465789795
30,2,23,0.07379148944061806,0.0,0.9932588934898376
30,2,24,-0.07379148944061806,0.0,0.9936884045600892
30,2,25,-0.31273536001023844,0.7730536989017129,0.6930756568908691
30,2,26,-0.1651523811290023,0.7800814598008194,0.6927385926246643
30,2,27,-0.3267908818084514,1.5671906805007454,0.7846940159797668
30,2,28,-0.031624924045979164,1.5601629196016389,0.7807494401931763
30,2,29,-0.277596555514706,1.693690376684662,0.7928059697151184
30,2,30,0.05973596764240509,1.6444960503909165,0.7938622236251831
30,2,31,-0.6149290786718171,1.693690376684662,0.8058832883834839
30,2,32,-0.2705687946155995,1.7147736593819813,0.7974042892456055
31,1,0,0.24203927064916808,-1.3139274692383411,0.9992795586586
31,1,1,0.2143776397178346,-1.3830815465666748,0.9991299510002136
31,1,2,0.2143776397178346,-1.3830815465666748,0.999022662639618
31,1,3,0.22129304745066797,-1.3830815465666748,0.9991808533668518
31,1,4,0.20054682425216785,-1.3830815465666748,0.9991758465766908
31,1,5,0.19363141651933446,-1.3830815465666748,0.9990550875663756
31,1,6,0.1798006010536677,-1.389996954299508,0.999234974384308
31,1,7,0.1798006010536677,-1.3554199156353413,0.9984978437423706
31,1,8,0.15213897012233424,-1.3623353233681748,0.9990751147270204
31,1,9,0.22129304745066797,-1.2516887996428407,0.9990746974945068
31,1,10,0.20054682425216785,-1.2516887996428407,0.9991529583930968
31,1,11,0.09681570825966723,-0.9889033057951725,0.9989870190620422
31,1,12,-0.020746223198500124,-1.0096495289936727,0.9994326233863832
31,1,13,0.07606948506116712,-0.55323261862667,0.504970371723175
31,1,14,-0.07606948506116712,-0.5463172108938366,0.632392406463623
31,1,15,0.3042779402446685,-0.7330332196803376,0.5541628003120422
31,1,16,0.24895467838200147,-0.7745256660773379,0.6973872780799866
31,1,17,0.38726283303866893,-0.7745256660773379,0.5615887641906738
31,1,18,0.3665166098401688,-0.8229335202071715,0.6810904145240784
31,1,19,0.3734320175730022,-0.8160181124743381,0.5602841377258301
31,1,20,0.3734320175730022,-0.8990030052683387,0.6820728182792664
31,1,21,0.3457703866416687,-0.8160181124743381,0.5433439016342163
31,1,22,0.3388549789088353,-0.8920875975355053,0.669658362865448
31,1,23,0.020746223198500124,0.0,0.9934470057487488
31,1,24,-0.020746223198500124,0.0,0.9937424659729004
31,1,25,-0.027661630931333496,0.7537794428788378,0.672957181930542
31,1,26,0.10373111599250061,0.7883564815430046,0.7125986218452454
31,1,27,-0.1798006010536677,1.535220516689009,0.778736412525177
31,1,28,-0.006915407732833374,1.5628821476203425,0.7915689945220947
31,1,29,-0.2835317170461683,1.6389516326815097,0.7882240414619446
31,1,30,-0.08990030052683386,1.6527824481471765,0.8008105158805847
31,1,31,-0.09681570825966723,1.6596978558800097,0.8025045990943909
31,1,32,0.24203927064916808,1.6804440790785098,0.8064835667610168
31,2,0,-0.19003131929916117,-1.3372574321052082,0.999242663383484
31,2,1,-0.22522230435456136,-1.4076394022160086,0.9990365505218506
31,2,2,-0.21818410734348134,-1.4076394022160086,0.998961627483368
31,2,3,-0.1970695163102412,-1.4076394022160086,0.9991207718849182
31,2,4,-0.2463368953878015,-1.4076394022160086,0.9990580677986144
31,2,5,-0.25337509239888156,-1.4076394022160086,0.998910903930664
31,2,6,-0.2604132894099616,-1.4146775992270886,0.999064326286316
31,2,7,-0.12668754619944078,-1.3654102201495284,0.9984603524208068
31,2,8,-0.2111459103324013,-1.3724484171606084,0.9986339211463928
31,2,9,-0.22522230435456136,-1.2598372649833276,0.9989712238311768
31,2,10,-0.23929869837672146,-1.2668754619944078,0.9988126158714294
31,2,11,0.021114591033240128,-0.999423975573366,0.9990654587745668
31,2,12,-0.2674514864210416,-0.985347581551206,0.9992594122886658
31,2,13,0.18299312228808112,-0.5349029728420832,0.5537816286087036
31,2,14,-0.36598624457616225,-0.5349029728420832,0.6047266721725464
31,2,15,-0.11261115217728068,-0.32375706250968195,0.5963990092277527
31,2,16,-0.6052849429528837,-0.3730244415872423,0.6812344193458557
31,2,17,-0.1478021372326809,-0.2111459103324013,0.6008970737457275
31,2,18,-0.7038197011080043,-0.32375706250968195,0.6627609729766846
31,2,19,-0.17595492527700107,-0.2604132894099616,0.599471390247345
31,2,20,-0.7249342921412444,-0.32375706250968195,0.6653230786323547
31,2,21,-0.17595492527700107,-0.2956042744653618,0.5825200080871582
31,2,22,-0.6827051100747642,-0.330795259520762,0.6560189723968506
31,2,23,0.0985347581551206,0.0,0.993860960006714
31,2,24,-0.0985347581551206,0.0,0.99392569065094
31,2,25,-0.2463368953878015,0.7390106861634045,0.7016757726669312
31,2,26,-0.28856607745428176,0.7460488831744846,0.7148466110229492
31,2,27,-0.10557295516620065,1.5413651454265294,0.7969321608543396
31,2,28,-0.14076394022160085,1.5132123573822092,0.7930617332458496
31,2,29,0.0,1.6610144946148901,0.8012482523918152
31,2,30,-0.007038197011080043,1.64693810059273,0.79690021276474
31,2,31,-0.4434064116980427,1.6821290856481304,0.8180351257324219
31,2,32,-0.31671886549860195,1.6821290856481304,0.8096660375595093
